id,text_id,dialect,domain,distortion_score,dialect_text,standard_text
7001,714371,D2,Banking,12.5,बाबा पुनाले शिकाले जायेल आंडेरना खातामा घरबठीन गुगल पे वरतीन पैसा टाकस,बाबा पुण्यासाठी शिकायला जायचे आहे आणि घरासाठी तसेच इतर खर्चासाठी गुगलवर पैसे कसे मिळतील?
7002,719923,D4,Banking,12.5,पैशाच्या बाजारात लोक अल्पकाळासाठी कर्ज घेतात आणि देतात,पैशाच्या बाजारात लोक अल्पकाळासाठी कर्ज घेतात आणि देतात
7003,709247,D1,Banking,12.867,भारताची आत्ताची कर पद्दतीचे दोन प्रमुख प्रकार हत ते म्हणजे प्रत्यक्ष कर आणि अप्रत्यक्ष कर,भारताची सध्याची कर पद्धतीचे दोन प्रमुख प्रकार ते म्हणजे प्रत्यक्ष कर आणि अप्रत्यक्ष कर
7004,716478,D2,Banking,12.5,मुदत ठेव अर्थात एफ.डी काढण्यासाठी कॅनडा बँक सर्वात सुरक्षित आहे,मुदत ठेव अर्थात एफ.डी काढण्यासाठी कॅनडा बँक सर्वात सुरक्षित आहे
7005,720721,D4,Banking,12.5,आंतरराष्ट्रीय दुसऱ्या महायुद्धानंतर नाणेनिधीची स्थापना झाली,आंतरराष्ट्रीय दुसऱ्या महायुद्धानंतर नाणेनिधीची स्थापना झाली
7006,710915,D1,Banking,12.857,मायक्रो क्रेडिट मायक्रो फायनान्स च्या अंतर्गत येता,मायक्रो क्रेडिट मायक्रो फायनान्सच्या अंतर्गत येते
7007,713544,D2,Agriculture,12.5,भारत देशना पानीना मोठा साठा म्हंजे हिमालय पर्वत शे,भारताला पाणी मोठा साठा म्हणजे हिमालय पर्वत.
7008,720910,D4,Agriculture,12.5,द्राक्षे ही चिनी वाइनची शैली आहे जी त्यांनी तयार केली पाहिजे,द्राक्षे चिनी वाइनची शैली आहेत जी त्यांनी तयार केली पाहिजे
7009,709644,D1,Agriculture,12.857,लाल मसूर ज्याका मसूर डाळ असापण म्हणतत ती भारतातील एक अत्यंत लोकप्रिय मसूर असा,"लाल मसूर जी मसूर डाळ आहे असे म्हटले जाते, ती भारतातील एक अत्यंत लोकप्रिय मसूर आहे."
7010,714468,D2,Banking,12.5,लोकेसपायीन ऑनलाईन फाया गोया करीन गरीब लहाना लेकरेस्ना करता काई संघटना काम करतीस,"लोकांसाठी ऑनलाईन काय मिळते, गरीब मुलांना काय करायचे आहे आणि कोणती संघटना काम करते?"
7011,722303,D4,Banking,12.5,ट्रस्टचा ट्रस्ट फंड सदस्यांच्या सर्व संमतीवर व्याजदर म्हणून खर्च केला जातो,ट्रस्टचा ट्रस्ट फंड सदस्यांच्या सर्व संमतीवर व्याजदर म्हणून खर्च केला जातो
7012,707040,D1,Banking,12.846,युनायटेड स्टेट्स डॉलर ह्या युनायटेड स्टेट्स आणि इतर अनेक देशांचो अधिकृत चलन असा,युनायटेड स्टेट्स डॉलर ही युनायटेड स्टेट्स आणि इतर अनेक देशांचे अधिकृत चलन आहे.
7013,717034,D2,Banking,12.5,पोलिस लाखो पौंडांच्या ड्रग्जच्या फसवणुकीचा तपास करत आहेत,पोलिस लाखो पौंडांच्या ड्रग्सच्या फसवणुकीचा तपास करत आहेत
7014,719035,D4,Agriculture,12.5,लहान शेतकर्यांसाठी दोन व्हीलर ट्रॅक्टर सर्वोत्तम मानले जाते,लहान शेतकर्यांसाठी दोन व्हीलर ट्रॅक्टर सर्वोत्तम मानले जातात.
7015,710022,D1,Banking,12.833,मनी मार्केट अकाउंट आणि मनी मार्केट फंड यात गल्लत करता कामा नये,मनी मार्केट अकाउंट आणि मनी मार्केट फंड यात चूक करता कामा नये
7016,714766,D2,Agriculture,12.5,मना मावसा गावले पान मझारला तंतूसपाईन दोरी आणि चटाया बनाडतस,मनाला मावसा गावले पान मझारला तंतूसपाईन दोरी आणि चटाया बनाडतस
7017,722477,D4,Banking,12.5,मनी कधीकधी स्थानिक बँका आणि इतर संस्थांद्वारे जारी केले जात होते,पैसा कधीकधी स्थानिक बँका आणि इतर संस्थांद्वारे जारी केले जात होते
7018,708549,D1,Agriculture,12.833,"सर्वसाधारणपणे आपण गाय , म्हस , बोकडा , घोडो , बैल आणि उंट असो पाळीव प्राण्यांचो क्रम बगतो","सर्वसाधारणपणे आपण गाय, म्हैस, बोकडा, घोडे, बैल आणि उंट हे पाळीव प्राण्यांचे क्रम बगतो."
7019,715306,D2,Banking,12.5,आर.डी चा कार्यकाळ सहा महिन्यापासून दहा महिन्यांपर्यंत असतो,आर.डी चा कार्यकाळ सहा महिन्यांपासून दहा महिन्यांपर्यंत असतो.
7020,719200,D4,Agriculture,12.5,वादळ भारतात येण्यापूर्वी हवामानाचा इशारा देण्यात आला आहे,वादळ भारतात येण्यापूर्वी हवामानाचा इशारा देण्यात आला आहे
7021,706731,D1,Banking,12.833,फ्युचर्स एक्सचेंजाक फ्युचर्स मार्केट सुद्धा म्हणतत,फ्युचर्स एक्सचेंज फ्युचर्स मार्केट सुद्धा म्हणत आहे
7022,716706,D2,Agriculture,12.5,इथेनॉल हे जैवइंधन असून ते वाहनांना पेट्रोलसारखे इंधन म्हणून वापरले जाते,इथेनॉल हे जैवइंधन असून ते वाहनांना पेट्रोलसारखे इंधन म्हणून वापरले जाते
7023,720165,D4,Agriculture,12.5,अति कापणीचा जमीन आणि जमिनीची सुपीक क्षमता या दोन्हींवर वाईट परिणाम होतो,अति कापणीचा जमीन आणि जमिनीची सुपीक क्षमता या दोन्हींवर वाईट परिणाम होतो
7024,706960,D1,Banking,12.833,"आय.बी.पी.एस परीक्षेच्यो पॅटर्नात तीन टप्पो आसत , प्राथमिक परीक्षा , मुख्य परीक्षा","आय.बी.पी.एस परीक्षेच्या पॅटर्नमध्ये तीन टप्पे होते, प्राथमिक परीक्षा, मुख्य परीक्षा"
7025,717909,D2,Agriculture,12.5,जमीन खरेदी करण्यासाठी मला शासकीय योजनेचा फायदा मिळू शकतो का ?,जमीन खरेदी करण्यासाठी मला शासकीय योजनेचा फायदा मिळू शकतो का?
7026,721664,D4,Banking,12.5,अमेरिकन बँकेच्या नोटा फेडरल रिझर्व्ह नोट्स म्हणून जारी केल्या जातात,अमेरिकेच्या बँकेच्या नोटा फेडरल रिझर्व्ह नोट्स म्हणून जारी केल्या जातात
7027,709572,D1,Banking,12.8,भारतीय स्टेट बॅन्क एक भारतीय बहुराष्ट्रीय सार्वजनिक क्षेत्रातली बॅन्क असा,भारतीय स्टेट बँक एक भारतीय बहुराष्ट्रीय सार्वजनिक क्षेत्रातील बँक आहे.
7028,717273,D2,Agriculture,12.5,शेवग्याच्या झाडाला लवकर बहर व फूले येण्यासाठी काय करायला हवे ?,शेवग्याच्या झाडाला लवकर बहर व फुले येण्यासाठी काय करायला हवे?
7029,720460,D4,Banking,12.5,खातेदाराला पर्सनल लोनवर जास्त व्याज दर द्यावा लागतो,खातेदाराला पर्सनल लोनवर जास्त व्याज दर द्यावा लागतो
7030,708738,D1,Agriculture,12.8,"सरकारच्या कृषि यंत्र अनुदान योजनेत ट्रॅक्टर , रोटावेटर , पॉवर , वीडर , घोंगडा मिळता","सरकारच्या कृषी यंत्र अनुदान योजनेत ट्रॅक्टर, रोटावेटर, पॉवर, वीडर, घोंगडा मिळतात."
7031,714389,D2,Agriculture,12.5,"ब्रॅण्ड सर्वकाहि रहास , आपला ब्रँड तयार करीसन सोशल मिडियाना वापर करा","ब्रँड सर्वकाही करत राहा, आपला ब्रँड तयार करा आणि सोशल मीडियावर वापरा"
7032,722044,D4,Banking,12.5,"नॅसडॅक एक इलेक्ट्रॉनिक एक्सचेंज आहे , जेथे संगणक नेटवर्कवर व्यापार केला जातो","नॅसडॅक एक इलेक्ट्रॉनिक एक्सचेंज आहे, जिथे संगणक नेटवर्कवर व्यापार केला जातो."
7033,707638,D1,Banking,12.5,तुम्ही तुमच्या बँकेत जाऊन एंट्री करून स्टेटमेंट बघू शकतास,तुम्ही तुमच्या बँकेत जाऊन एंट्री करून स्टेटमेंट पाहू शकता.
7034,717701,D2,Agriculture,12.5,मुरमाड मातीत मोगरा लावला तर अधिक प्रमाणात फूले येतील का ?,मुरमाड मातीत मोगरा लावला तर अधिक प्रमाणात फुले येतील का?
7035,719706,D4,Banking,12.5,मी माझ्या व्यवसायाच्या सुरुवातीसाठी सीड मनी घेतले आहेत,मी माझ्या व्यवसायाच्या सुरुवातीसाठी सीड मनी घेतले आहेत
7036,710799,D1,Agriculture,12.5,पारंपारिक पध्दतीन माशे पकडुसाठी भाल्याचो पण वापर करतत,पारंपारिक पद्धतीसाठी मासे पकडण्यासाठी भाल्याचा वापर करत आहेत
7037,717540,D2,Agriculture,12.5,सेंद्रिय मेथीसाठी लाल माती उपयुक्त ठरेल कि काळी ?,सेंद्रिय मेथीसाठी लाल माती उपयुक्त ठरेल की काळी?
7038,721915,D4,Agriculture,12.5,जो माणूस पिकांची लागवड करतो किंवा जनावरे पाळतो तो शेतकरी असतो,जो माणूस पिकांची लागवड करतो किंवा जनावरे पाळतो तो शेतकरी असतो
7039,709341,D1,Banking,12.5,आर.बी.आय च्या ग्रेड बी परिक्षेक सगळ्यात कठीण परिक्षा मानतत,आर.बी.आय च्या ग्रेड बी परीक्षेला सर्वात कठीण परीक्षा मानले जाते.
7040,716570,D2,Banking,12.5,रशियाला त्याचे पुढील अंतरराष्ट्रीय मुद्रा कोष कर्ज पेमेंट मिळेल,रशियाला त्याचे पुढील आंतरराष्ट्रीय मुद्रा कोष कर्ज पेमेंट मिळेल
7041,720233,D4,Agriculture,12.5,त्याच्या लागवडीसाठी अधिक पाणी शोषून घेणारी माती लागते,त्याच्या लागवडीसाठी अधिक पाणी शोषून घेणारी माती लागते
7042,706585,D1,Banking,12.5,सार्वत्रिक बँक अनेक प्रकारच्यो बँकिंग क्रियाकलापांमध्ये भाग घेतत,सार्वत्रिक बँक अनेक प्रकारच्या बँकिंग क्रियाकलापांमध्ये भाग घेत आहे
7043,712899,D2,Banking,12.5,अर्थशास्त्रमा विलंब पेमेंट हायी पैसासन काम शे,अर्थशास्त्रात विलंब पेमेंटमुळे पैसे नाहीत कामाचे
7044,718694,D4,Agriculture,12.5,तुम्हाला माहीत आहे का की येथे नवजात रोपे उगवली जातात,तुम्हाला माहीत आहे का की येथे नवजात रोपे उगवली जातात
7045,706901,D1,Banking,12.5,शॉर्ट फायनान्स ह्या अधिक पारंपारिक लांब स्थितीच्यो विरुद्ध असा,शॉर्ट फायनान्स अधिक पारंपारिक लांब स्थितींच्या विरुद्ध आहे
7046,714851,D2,Banking,12.5,इलेक्ट्रॉनिक कैलकुलेटरचा उपयोग करूनसुद्धा आपल्याला ई.एम.आई चा हप्ता मोजता येईल,इलेक्ट्रॉनिक कॅल्क्युलेटरचा उपयोग करूनसुद्धा आपल्याला ई.एम.आयचा हप्ता मोजता येईल
7047,719001,D4,Agriculture,12.5,पी.एम फसल विमा योजनेचा समावेश कृषी सहकारी आणि शेतकरी कल्याण अंतर्गत करण्यात आला आहे,पी.एम फसल विमा योजनेचा समावेश कृषी सहकारी आणि शेतकरी कल्याण अंतर्गत करण्यात आला आहे
7048,709135,D1,Agriculture,12.5,हिंदू संस्कृतीत गायीच्या शेणाक पवित्र मानतत,हिंदू संस्कृतीत गायीच्या शेणाक पवित्र मानले जाते.
7049,714972,D2,Banking,12.5,"तार ट्रान्सफरचा वापर करून , रोहित त्याचा अमेरिकन मित्र अजयला पैसे ट्रान्सफर करतो",रोहित तार ट्रान्सफरचा वापर करून त्याचा अमेरिकन मित्र अजयला पैसे ट्रान्सफर करतो
7050,720878,D4,Agriculture,12.5,कीटकांना मारण्यासाठी कीटकनाशके वापरली जातात,कीटकांना मारण्यासाठी कीटकनाशके वापरली जातात
7051,710119,D1,Agriculture,12.5,हिरवी सिमला मिरची ऍनिमियाची कमतरता दूर करण्यासाठी उपयोगी आसा,हिरवी सिमला मिरची ॲनिमियाची कमतरता दूर करण्यासाठी उपयोगी आहे
7052,713423,D2,Agriculture,12.5,ठिबक सिंचन हायी कमी पानीमा शेती कराना करता भलतं फायदानं साधन शे,ठिबक सिंचन केल्याने कमी पाण्यामा शेती करायला चांगले फायदे मिळतात.
7053,721401,D4,Banking,12.5,"थोड्या काळासाठी , आपण ट्रेड क्रेडिटचा फायदा देखील घेऊ शकता",थोदी काळासाठी आपण ट्रेड क्रेडिटचा फायदा देखील घेऊ शकता
7054,710806,D1,Banking,12.5,पुढच्या महिन्यात मका व्यवस्थित आणि परवडणाऱ्या स्वरूपात पैशे खर्च करुक हवे,पुढच्या महिन्यात पैसे व्यवस्थित आणि परवडणाऱ्या स्वरूपात खर्च करायचे आहेत.
7055,714319,D2,Agriculture,12.5,नारयना काथ्यानं कोकोपीट झाडेस्ले खत म्हनीन टाकं ते झाडे लवकर सुकातत नैत,नारयनाच्या कथनानुसार कोकोपीट झाडांवर खत टाकले तर ते झाडे लवकर सुकतील.
7056,719271,D4,Banking,12.5,कोणताही व्यवसाय सुरू करण्यासाठी बरेच जोखीम घ्यावे लागतात,कोणताही व्यवसाय सुरू करण्यासाठी बरेच जोखीम घ्यावे लागतात
7057,709295,D1,Banking,12.5,बॅन्क तुमका तुमच्या पैशाच्या पुर्ण परताव्यासाठी मदत करता,बँक तुमच्या पैशाच्या पूर्ण परताव्यासाठी मदत करते.
7058,715805,D2,Agriculture,12.5,प्राणीमुक्त उत्पादकांमध्ये उत्पादक प्राण्यांना पाळू शकत नाही,प्राणीमुक्त उत्पादकांमध्ये उत्पादक प्राण्यांना पाळू शकत नाही
7059,720275,D4,Banking,12.5,"चलनविषयक सुधारणांमध्ये , चलन व्यवस्थेत सुधारणा करून एक नवीन व्यवस्था तयार केली जाते",चलनविषयक सुधारणांमध्ये चलन व्यवस्थेत सुधारणा करून एक नवीन व्यवस्था तयार केली जाते
7060,710395,D1,Agriculture,12.5,मेंढ्यांका आजकाल लोकर आणि मांसासाठी पाळतत,लोकर आजकाल आणि मांसासाठी मेंढ्या पाळत आहेत.
7061,716356,D2,Agriculture,12.5,भारताच्या पूर्वेकडील भागात तांदळाची लागवड मुबलक प्रमाणात केली जाते,भारताच्या पूर्वेकडील भागात तांदळाची लागवड मुबलक प्रमाणात केली जाते
7062,719978,D4,Banking,12.5,भारतातील पंचायती राज व्यवस्थेत गावावर ग्रामपंचायत किंवा ग्रामसभा असते,भारतातील पंचायती राज व्यवस्थेत गावावर ग्रामपंचायत किंवा ग्रामसभा असते
7063,707776,D1,Banking,12.5,फसवणूक करणारो व्यक्ती विश्वास ठेवच्या लायकीचो नसता,फसवणूक करणारी व्यक्ती विश्वास ठेवण्याला लागणारी नव्हती
7064,715258,D2,Agriculture,12.5,अंड्याच्या सुपर ओव्युलेशन साठी स्टेरॉईड हॉर्मोन चा उपयोग केला जातो,अंड्याच्या सुपर ओव्युलेशनसाठी स्टेरॉईड हार्मोनचा उपयोग केला जातो.
7065,720155,D4,Agriculture,12.5,पावसाचे पाणी अतिशय शुद्ध असून ते पिण्यासाठी वापरता येते,पावसाचे पाणी अतिशय शुद्ध असून ते पिण्यासाठी वापरता येते
7066,706728,D1,Banking,12.5,मुद्रा बाजार ह्यो अर्थव्यवस्थेचो एक घटक असा ज्यो अल्पकालीन निधी प्रदान करता,मुद्रा बाजार अर्थव्यवस्थेचा एक घटक आहे जो अल्पकालीन निधी प्रदान करतो
7067,714185,D2,Banking,12.5,सी.ए ना पेपर पास होवानंतर आय.सी.ए.आय ले भी अर्ज करता येस,सी.ए. चा पेपर पास झाल्यानंतर आय.सी.ए.आय साठी मी अर्ज केला आहे.
7068,722119,D4,Agriculture,12.5,मी मेंढ्यांसाठी शुद्ध पौष्टिक पेंढा ऑनलाईन मागवला आहे,मी मेंढ्यांसाठी शुद्ध पौष्टिक पेंढा ऑनलाईन मागवला आहे
7069,709006,D1,Banking,12.5,उपयोगात येणारी प्रत्येक वस्तू कमोडीटी मार्केट मध्ये येता,उपयोगात येणारी प्रत्येक वस्तू कमोडिटी मार्केटमध्ये येते
7070,714722,D2,Banking,12.5,ट्रायोडोस बैंक दुन्यामझारल्या नावाजेल नैतिक बँकासमझारली एक बँक शे,ट्रायोडोस बँक दुन्यामझारल्या नावाजेल नैतिक बँकासमझारली एक बँक आहे
7071,721294,D4,Banking,12.5,जागतिक वित्तीय प्रणालीचा महत्त्व पूर्ण घटक म्हणजे स्पॉट मार्केट,जागतिक वित्तीय प्रणालीचा पूर्ण घटक म्हणजे स्पॉट मार्केट
7072,710025,D1,Agriculture,12.5,मनुष्य पशुपालन करूनआपल्या कुटुंबाच्या अन्नधान्याची मर्यादा वाढवता,मनुष्य पशुपालन करून आपल्या कुटुंबाच्या अन्नधान्याची मर्यादा वाढवतात
7073,713884,D2,Banking,12.5,सध्या भारतमा पैसा ऑनलाईन ट्रान्स्फर कराना गणकच मार्गे शेतस,सध्या भारतात पैसा ऑनलाईन ट्रान्सफर करणे गणकच्या मार्गे असते.
7074,722164,D4,Banking,12.5,व्यापारातील अडथळ्यामुळे काही वस्तूंच्या किमती खूप वाढल्या आहेत,व्यापारातील अडथळ्यामुळे काही वस्तूंच्या किमती खूप वाढल्या आहेत
7075,710705,D1,Agriculture,12.5,जोरदार पाऊस आणि जंगली प्राणी पिकात संकटा निर्माण करतत,जोरदार पाऊस आणि जंगली प्राणी पिकात संकट निर्माण करत आहेत
7076,717392,D2,Agriculture,12.5,गव्हाच्या पिकासाठी कोणती सिंचन पद्धत योग्य ठरेल ?,गव्हाच्या पिकासाठी कोणती सिंचन पद्धत योग्य ठरेल?
7077,719622,D4,Banking,12.5,डब्ल्यू.आय.पी.ओ लवाद आणि मध्यस्थी केंद्रामार्फत विवाद निराकरण करते,डब्ल्यू.आय.पी.ओ विवाद आणि मध्यस्थी केंद्राद्वारे निराकरण करते
7078,710364,D1,Agriculture,12.5,भारताची कृषि निर्यात तीन मोठ्या श्रेणीं मध्ये विभागली जाता,भारताची कृषी निर्यात तीन मोठ्या श्रेणींमध्ये विभागली जाते
7079,717419,D2,Agriculture,12.5,नागली आणि वाटाणा हि पिके कोणत्या हंगामात घेऊ शकतो ?,नागली आणि वाटाणाची पिके कोणत्या हंगामात घेऊ शकतो?
7080,720592,D4,Agriculture,12.5,प्रत्येक आठवड्यात शेतकऱ्याला त्याच्या शेतात योग्य पाणी वेळेवर मिळते,प्रत्येक आठवड्यात शेतकऱ्याला त्याच्या शेतात योग्य पाणी वेळेवर मिळते
7081,709624,D1,Banking,12.5,रमेशान आपल्या गाववाल्यांका वैश्विक वित्त पद्धती समजवून सांगितल्यान,रमेशने आपल्या गावातील वैश्विक वित्त पद्धती समजावून सांगितल्या.
7082,718342,D2,Banking,12.5,माझे कार्ड हरवल्यास मी ते कसे ब्लॉक करु शकतो ?,माझे कार्ड हरवल्यास मी ते कसे ब्लॉक करू शकतो?
7083,722809,D4,Agriculture,12.5,सौर उर्जा निर्मितीसाठी शेतीसह शेती हे कृषी व्होल्टेईकचे उदाहरण आहे,सौर ऊर्जा निर्मितीसाठी शेतीसह शेती हे कृषी व्होल्टेईकचे उदाहरण आहे
7084,708554,D1,Banking,12.5,सामाजिक उद्योजकतेच्या लोकप्रियतेमागे अनेक कारणा आसत,सामाजिक उद्योजकतेच्या लोकप्रियतेमागे अनेक कारणा असतात
7085,718239,D2,Banking,12.5,मला माझे शून्य बॅलन्स खाते क्रमांक सांगू शकता का ?,मला माझे शून्य बॅलन्स खाते क्रमांक सांगू शकता का?
7086,718964,D4,Banking,12.5,दिवाळखोरीत कर्जाची परतफेड करण्यासाठी वेळ मागू शकतो,दिवाळखोरीत कर्जाची परतफेड करण्यासाठी वेळ मागू शकतो
7087,708636,D1,Agriculture,12.5,कापणी झाल्यार धान्यात थोडो ओलावो रव्हता तेच्यामुळे धान्य सडू शकता,"कापणी झाल्यावर धान्यात थोडा ओलावा येतो, त्यामुळे धान्य सडू शकते."
7088,718264,D2,Banking,12.5,माझे कर्ज हफ्ते पगारातून परस्पर कपात कशाप्रकारे करता येतील ?,माझ्या कर्जाचे हप्ते पगारातून परस्पर कपात कशाप्रकारे करता येतील?
7089,719360,D4,Banking,12.5,फिक्स्ड डिपॉझिट हे बँकांद्वारे ऑफर केलेले आर्थिक गुंतवणूक साधन आहे,फिक्स्ड डिपॉझिट हे बँकांद्वारे ऑफर केलेले आर्थिक गुंतवणूक साधन आहे
7090,706776,D1,Banking,12.5,प्रत्येक वर्गीकरण बाजारातलो जोखमीच्यो विविध पैलूंचो संदर्भ घेऊ शकता,प्रत्येक वर्गीकरण बाजारातील जोखमीचे विविध पैलूंचा संदर्भ घेऊ शकता
7091,717574,D2,Agriculture,12.5,पाच एकर गव्हासाठी किती प्रमाणात फवारणीसाठी खत लागेल ?,पाच एकर गव्हासाठी किती प्रमाणात फवारणीसाठी खत लागेल?
7092,722567,D4,Agriculture,12.5,पृथ्वीवरील पाण्याच्या निर्मितीमध्ये पावसाचा मोठा वाटा आहे,पृथ्वीवरील पाण्याच्या निर्मितीमध्ये पावसाचा मोठा वाटा आहे
7093,710954,D1,Banking,12.5,मोहितना एफ.डी योजनांमधना तीन वर्षांसाठी दहा चांगले स्किम दाखवल्यान,मोहितनाने तीन वर्षांसाठी दहा चांगले स्किम दाखवले
7094,717362,D2,Agriculture,12.5,उन्हाळ्यात किंवा हिवाळ्यात सीताफळाच्या लागवड करता येईल का ?,उन्हाळ्यात किंवा हिवाळ्यात सीताफळाच्या लागवडीचा करता येईल का?
7095,721212,D4,Banking,12.5,हेज फंड मॅनेजर जॉर्ज सोरोस यांचा चांदीवर आणखी एक विश्वास आहे,हेज फंड मॅनेजर जॉर्ज सोरोस यांचा चांदीवर आणखी एक विश्वास आहे
7096,707109,D1,Banking,12.5,एखादो व्यक्ती किंवा कायदोशीर संस्था कॉर्पोरेशनात भागोधारक बनता,एखादी व्यक्ती किंवा एखादी संस्था कॉर्पोरेशनमध्ये भागधारक बनते.
7097,716850,D2,Agriculture,12.5,कृषी उपकरणे खरेदी करताना त्यांच्या वापराच्या सूचना प्राप्त होतात,कृषी उपकरणे खरेदी करताना त्यांच्या वापराच्या सूचना प्राप्त होतात
7098,719008,D4,Agriculture,12.5,भोपळ्याच्या बिया शरीरातील कोलेस्टेरॉल कमी करण्यास मदत करतात,भोपळ्याच्या बिया शरीरातील कोलेस्टेरॉल कमी करण्यास मदत करतात
7099,709641,D1,Banking,12.5,लंडन मुद्रा बाजारात बॅन्क ऑफ इंग्लंडची म्हत्त्वापूर्ण भुमिका असा,लंडन मुद्रा बाजारात बॅन्क ऑफ इंग्लंडची भूमिका महत्त्वाची आहे.
7100,714381,D2,Banking,12.5,बुध्दीनी हुशारी हाई सुदीक ज्यानी त्यानी संपत्तीच शे,बुद्धी आणि हुशारी ज्यांची त्यांना संपत्ती आहे.
7101,720580,D4,Agriculture,12.5,कीटकनाशकांच्या अतिवापरामुळे मातीची गुणवत्ता नष्ट होते,कीटकनाशकांच्या अतिवापरामुळे मातीची गुणवत्ता नष्ट होते
7102,711571,D1,Agriculture,12.5,पोषक व्यवस्थापन होऊच्यासाठी खयच्या औषधाची फवारणी करतत ?,पोषक व्यवस्थापनासाठी खयच्या औषधाची फवारणी करत आहात का?
7103,717077,D2,Banking,12.5,कृषी उत्पादकांच्या आंतरराष्ट्रीय व्यापारात भरपूर उत्पन्न मिळू शकते,कृषी उत्पादकांच्या आंतरराष्ट्रीय व्यापारात भरपूर उत्पन्न मिळू शकते
7104,721874,D4,Banking,12.5,मायक्रो क्रेडिट हा मायक्रोफायनान्स कमाईचा एक भाग आहे,मायक्रो क्रेडिट हा मायक्रोफायनान्स कमाईचा एक भाग आहे
7105,709594,D1,Banking,12.5,माझ्या मित्राच्या मतानुसार रिअल इस्टेट मध्ये मोप नोकर्यो हत,माझ्या मित्राच्या मतानुसार रिअल इस्टेटमध्ये मालमत्ता नाही
7106,717060,D2,Banking,12.5,पंचवीस चेकसाठी तुम्हाला पंचाहत्तर रुपये आणि जी.एस.टी भरणे आवश्यक आहे,पंचवीस चेकसाठी तुम्हाला पंचाहत्तर रुपये आणि जी.एस.टी भरणे आवश्यक आहे
7107,721974,D4,Agriculture,12.5,स्प्रेअर हे यंत्र शेतात रसायने फवारण्यासाठी वापरले जाते,स्प्रेअर हे यंत्र शेतात रसायने फवारण्यासाठी वापरले जाते
7108,712101,D1,Banking,12.5,त्या योजनासाठी खास अर्ज करूचो पडता काय ?,त्या योजनांसाठी खास अर्ज करावा लागेल का?
7109,718173,D2,Banking,12.5,हि रक्कम काढण्यासाठी मला कोणत्या कागदपत्रांची आवश्यकता आहे ?,रक्कम काढण्यासाठी मला कोणत्या कागदपत्रांची आवश्यकता आहे?
7110,720422,D4,Banking,12.5,भांडवली बाजार बचतकर्त्यांची संपत्ती त्यांच्यापर्यंत पोहोचवतात,भांडवली बाजार बचतकर्त्यांची संपत्ती त्यांच्यापर्यंत पोहोचवतात
7111,712115,D1,Banking,12.5,एन.बी.एफ.सी च्या माध्यमातून काही फसवणूक वगैरे होना नाय मा ?,एन.बी.एफ.सी च्या माध्यमातून काही फसवणूक वगैरे होत आहे का?
7112,716842,D2,Agriculture,12.5,"दालचिनी हा संपूर्ण मसाल्याचा एक प्रकार आहे , तो स्वयंपाकात वापरला जातो","दालचिनी हा संपूर्ण मसाल्याचा एक प्रकार आहे, तो स्वयंपाकात वापरला जातो."
7113,721714,D4,Banking,12.5,फौजदारी गुन्ह्यांवर फेडरल किंवा राज्य न्यायालयात खटला चालवला जाऊ शकतो,फौजदारी गुन्ह्यांवर फेडरल किंवा राज्य न्यायालयात खटला चालवला जाऊ शकतो
7114,712242,D1,Banking,12.5,सामाजिक योजना मिलवूक माका कोनते कागद तुमका देऊक व्हये ?,सामाजिक योजनेसाठी मला कोणते कागदपत्रे द्यावी लागतील?
7115,713642,D2,Agriculture,12.5,हिवायाना टाईमले चारा करता डोंगरी शेती काममा येस,हिवायाना वेळेनुसार चारा काम डोंगरी शेती कामात करायचे आहे का?
7116,721361,D4,Banking,12.5,तुम्हाला हेज फंडाची कामगिरी निरपेक्षपणे मोजावी लागेल,तुम्हाला हेज फंडाची कामगिरी निरपेक्षपणे मोजावी लागेल
7117,710413,D1,Banking,12.5,रवीच्या म्हणण्यानुसार मोठ्या लोकांचो बँक बॅलन्स करोडो रुपयात असा,रवीच्या म्हणण्यानुसार मोठ्या लोकांचे बँक बॅलन्स करोडो रुपयात आहे
7118,718609,D2,Banking,12.5,सूक्ष्म वित्त किंवा मायक्रोफायनान्स बँक काय असते ?,सूक्ष्म वित्त किंवा मायक्रोफायनान्स बँक काय असते?
7119,722722,D4,Banking,12.5,लोकांसाठी रिअल इस्टेटमध्ये पैसे कमवण्याचा सर्वोत्तम मार्ग,लोकांसाठी रिअल इस्टेटमध्ये पैसे कमवण्याचा सर्वोत्तम मार्ग
7120,707640,D1,Banking,12.5,तुम्ही पेपल वर खाता तयार करून आंतरराष्ट्रीय पेमेंट मिळवू शकतास,तुम्ही पेपलवर खाते तयार करून आंतरराष्ट्रीय पेमेंट मिळवू शकता
7121,715690,D2,Banking,12.5,दुकानदार आता वैयक्तिक खात्याचा उपयोग हिशोब करण्यासाठी करत आहे,दुकानदार आता वैयक्तिक खात्याचा उपयोग हिशोब करण्यासाठी करत आहे
7122,721950,D4,Agriculture,12.5,जयवग्रहम हा केरळ पुनर्निर्माण उपक्रमांतर्गत निधी देणारा प्रकल्प आहे,जयवग्रहम हा केरळ पुनर्निर्माण उपक्रमांतर्गत निधी देणारा प्रकल्प आहे
7123,707676,D1,Banking,12.5,दोन हजार वीस ह्या वर्षात बँकिंगच्या क्षेत्रात खूप काय बघुक मिळाला असा,दोन हजार वीस वर्षांमध्ये बँकिंगच्या क्षेत्रात खूप काही मिळाले असावे.
7124,715327,D2,Banking,12.5,"इक्विटी द्वारे कंपनीची हिस्सेदारी विकली जाते , जे की उधार कर्ज असते","इक्विटीद्वारे कंपनीची हिस्सेदारी विकली जाते, जे उधार कर्ज असते."
7125,720959,D4,Agriculture,12.5,स्पिनिंग खेचरचा शोध सॅम्युअल क्रॉम्प्टनने एक हजार सातशे नव्वदमध्ये लावला,स्पिनिंग जेनीचा शोध सॅम्युअल क्रॉम्प्टनने एक हजार सातशे नव्वदमध्ये लावला
7126,709519,D1,Banking,12.5,प्रधानमंत्री आवास योजना कमी व्याजार तीन लाखातागत कर्ज देता,प्रधानमंत्री आवास योजना कमी व्याजदरावर तीन लाखांपर्यंत कर्ज देते
7127,716702,D2,Agriculture,12.5,जलचर वनस्पती प्रत्येक सरोवराच्या परिसंस्थेचा नैसर्गिक भाग आहेत,जलचर वनस्पती प्रत्येक सरोवराच्या परिसंस्थेचा नैसर्गिक भाग आहेत
7128,719604,D4,Agriculture,12.5,लवचिक रबराच्या आवरणाने गायींच्या कासेतून दूध काढले जाते,लवचिक रबराच्या आवरणाने गायींच्या कासेतून दूध काढले जाते
7129,710500,D1,Banking,12.5,ॲडम स्मिथचा पुस्तक द वेल्थ ऑफ नेशन मध्ये कराच्या आर्थिक प्रभावाक सांगितला हा,ॲडम स्मिथने द वेल्थ ऑफ नेशन मधील आर्थिक प्रभावांबद्दल सांगितले.
7130,717987,D2,Banking,12.5,विम्याचे प्रकार आणि फायदे याबाबत माहिती सांगा,विम्याचे प्रकार आणि फायदे याबाबत माहिती सांगा
7131,721674,D4,Banking,12.5,पहिला पगार भेटल्यावर रमेशने त्याचा आईला सहा हजार रुपयांचा मनी ओर्डेर पाठवले,पहिला पगार मिळाल्यावर रमेशने त्याच्या आईला सहा हजार रुपयांचा मनी ऑर्डर पाठवला.
7132,711646,D1,Agriculture,12.5,सर्वात जास्ती चांगला दूध गाईचा की म्हशीचा असता ?,सर्वात चांगले दूध गाईचे की म्हशीचे असते?
7133,718450,D2,Banking,12.5,विमा काढण्यासाठी कोणत्या तरतूदींची पूर्णता आवश्यक आहे ?,विमा काढण्यासाठी कोणत्या तरतुदींची पूर्णता आवश्यक आहे?
7134,719329,D4,Banking,12.5,भांडवलाच्या प्रकारांमध्ये नियमित कार्यरत भांडवलाचा खूप उपयोग होतो,भांडवलाच्या प्रकारांमध्ये नियमित कार्यरत भांडवलाचा खूप उपयोग होतो
7135,712129,D1,Banking,12.5,म्या आणि माझी माघारीन दोघे जावून कर्ज काढू शकताव काय ?,मी आणि माझे दोघे जाऊन कर्ज काढू शकतो का?
7136,713607,D2,Banking,12.5,तुमनी बँकांनी पुस्तक बँकमा अपडेट हुई जास,तुमच्या बँकांनी पुस्तक बँकेत अपडेट केले आहे.
7137,720444,D4,Banking,12.5,थेट बँका शाखा नेटवर्क राखण्यासाठी महत्त्व पूर्ण खर्च कमी करतात,थेट बँका शाखा नेटवर्क राखण्यासाठी पूर्ण खर्च कमी करतात
7138,712108,D1,Banking,12.5,"मोबाईल रिचार्ज , लाईट बिल यांसारखी बिला आम्ही यू.पी.आय सेवेतून करू शकतू काय ?","मोबाईल रिचार्ज, लाईट बिल यांसारखी बिले आम्ही यूपीआय सेवेतून करू शकतो का?"
7139,717078,D2,Banking,12.5,जागतिक बौद्धिक संपदा संघटना भविष्याचा विचार करून कोणताही निर्णय घेते,जागतिक बौद्धिक संपदा संघटना भविष्याचा विचार करून कोणताही निर्णय घेते
7140,720818,D4,Agriculture,12.5,मी पौष्टिक आहार आणि चांगल्या आरोग्यासाठी बाजरी वापरतो,मी पौष्टिक आहार आणि चांगल्या आरोग्यासाठी बाजरी वापरतो
7141,711257,D1,Agriculture,12.5,मिरचीच्या उत्पादनासाठी कसल्या हवामानाची गरज आसता ?,मिरचीच्या उत्पादनासाठी कोणत्या हवामानाची गरज आहे?
7142,717431,D2,Agriculture,12.5,दररोजचे बाजारमूल्य रेडिओवर समजण्यासाठी काही व्यवस्था आहे का ?,रोजचे बाजारमूल्य रेडिओवरून समजण्यासाठी काही व्यवस्था आहे का?
7143,720806,D4,Agriculture,12.5,ड्रम स्टिक ही वनस्पतीं च्या दुर्मिळ प्रजातींपैकी एक आहे,ड्रम स्टिक ही वनस्पतींच्या दुर्मिळ प्रजातींपैकी एक आहे
7144,712287,D1,Banking,12.5,जर माझा बँक खाता नसात तर मीया वैयक्तिक कर्जाक पात्र आसय की नाय ?,जर माझे बँक खाते नसेल तर मी वैयक्तिक कर्जासाठी पात्र असेन की नाही?
7145,715512,D2,Banking,12.5,गुंतवणूकदार सहसा गुंतवणुकीच्या पैशांच्या बदल्यात इक्विटी मिळवतो,गुंतवणूकदार सहसा गुंतवणुकीच्या पैशांच्या बदल्यात इक्विटी मिळवतो.
7146,721126,D4,Banking,12.5,आपण केवळ आपल्या मोबाइल फोन लाभार्थीचा वापर करून त्वरित पैसे हस्तांतरित करू शकता,आपण केवळ आपल्या मोबाइल फोन लाभार्थीचा वापर करून त्वरित पैसे हस्तांतरित करू शकता
7147,707534,D1,Banking,12.5,जुन्या दिल्लीत असलेल्या चांदनी चौक मध्ये कायम लिकांची गर्दी असता,जुन्या दिल्लीतील चांदनी चौक येथे कायम लेखकांची गर्दी असते.
7148,718123,D2,Banking,12.5,बँकेत सेविंग्स अकाउंट उघडण्यासाठी मला ऑनलाईन अर्जाची गरज आहे का ?,बँकेत सेविंग्स अकाउंट उघडण्यासाठी मला ऑनलाईन अर्जाची गरज आहे का?
7149,719141,D4,Agriculture,12.5,पृष्ठभाग सिंचन प्रणाली बर्याच वर्षांपासून वापरली जाते,पृष्ठभाग सिंचन प्रणाली बऱ्याच वर्षांपासून वापरली जाते
7150,707106,D1,Banking,12.5,पेरोल पेमेंट तसेच इतर कामाचो फायदो प्राप्त करण्याचो हक्कदार असा,पेरोल पेमेंट तसेच इतर कामाचे फायदे मिळवण्याचा हक्कदार आहे
7151,714217,D2,Agriculture,12.5,मध्य आणि ईशान्य भारतमझार आदिवासी लोके मोठा परमणमा रेशीम उत्पादन करतंस,मध्य आणि ईशान्य भारतमझार आदिवासी लोक मोठा परमरेशीम उत्पादन करत आहेत
7152,721253,D4,Banking,12.5,कुपन कोड चा वापर करुन झोमाटो एप वर आर्डर करतांना पैसे वाचउ सक्तो,कुपन कोड वापरून झोमाटो ॲपवर ऑर्डर करताना पैसे वाचवता येतात.
7153,707438,D1,Agriculture,12.5,"किडीच्या हल्ल्यामुळे पानांका भोका पडतत , मी स्वता बघलंय","मांजरच्या हल्ल्यामुळे पाने भूक लागली आहेत, मी पाहिले."
7154,715460,D2,Agriculture,12.5,कॉफी विक्री साठी कंपन्यांद्वारे शाखा व्यवस्था पण बघायला मिळते,कॉफी विक्रीसाठी कंपन्यांकडून शाखा व्यवस्था पण बघायला मिळते
7155,721276,D4,Banking,12.5,इन्व्हेस्टमेंट बँकिंग कंपनीला डेट आणि इक्विटी फंड उभारावे लागतात,इन्व्हेस्टमेंट बँकिंग कंपनीला डेट आणि इक्विटी फंड उभारणे आवश्यक आहे
7156,709235,D1,Banking,12.5,मिया आपल्या पासबुक आणि इतर महत्त्वाच्या कागदपत्रांसाठी विमा करून घेतलंय,मिया आपल्या पासबुक आणि इतर महत्त्वाच्या कागदपत्रांसाठी विमा करून घेतला आहे.
7157,716156,D2,Agriculture,12.5,व्यापाऱ्यांची बाजारावर पकड बसल्याने शेतकऱ्यांना नुकसान होऊ लागलं,व्यापाऱ्यांची बाजारावर पकड बसल्याने शेतकऱ्यांना नुकसान झाले
7158,721618,D4,Agriculture,12.5,सॉरेल पॉलिगोनेसी कुटुंबातील एक बारमाही औषधी वनस्पती आहे,सॉरेल पॉलिगोनेसी कुटुंबातील एक बारमाही औषधी वनस्पती आहे
7159,706989,D1,Banking,12.5,पाठवणार्या देशाकडसून निर्यातीत प्राप्त करणारो देश म्हणजे आयात,पाठवणार्या देशाकडून निर्यातीत प्राप्त करणारो देश म्हणजे आयात
7160,713904,D2,Banking,12.5,बठ्ठी प्रक्रीयामा सर्वात गरीब लोकेसना समावेश करन आणि अर्थपूर्ण भूमिका बजावण,बठ्ठी प्रक्रियेत सर्वात गरीब लोकांचा समावेश करणे आणि अर्थपूर्ण भूमिका बजावणे
7161,719987,D4,Banking,12.5,दोन किंवा अधिक व्यक्तीं मधील कायदेशीररित्या लागू करण्यायोग्य करार,दोन किंवा अधिक व्यक्तींमधील कायदेशीररित्या लागू करण्यायोग्य करार
7162,710401,D1,Agriculture,12.5,मोहरीच्या पानांपासना खुप प्रकारचे भाजीये बनतत गे आई तु पण बनवना,मोहरीच्या पानांवर खूप प्रकारचे भाज्या बनत आहेत आई तू पण बनव.
7163,716744,D2,Banking,12.5,दीदीने कालच ऑनलाइन गृहकर्जासाठी अर्ज केला,दीदीने कालच ऑनलाइन गृहकर्जासाठी अर्ज केला
7164,719227,D4,Agriculture,12.5,गायींना प्रभावित करणारे पोषण आणि चयापचय रोग यांचा समावेश होतो,गायींना प्रभावित करणारे पोषण आणि चयापचय रोग यांचा समावेश होतो
7165,708639,D1,Agriculture,12.5,माझ्या मामाकडे बांबूची शेती होता,माझ्या मामाकडे बांबूची शेती होती.
7166,716354,D2,Agriculture,12.5,"एकात्मिक शेतीमध्ये , शेतीशी संबंधित विविध घटक पूरक म्हणून एकत्र केले जातात",एकात्मिक शेतीमध्ये शेतीशी संबंधित विविध घटक पूरक म्हणून एकत्र केले जातात
7167,722345,D4,Agriculture,12.5,आजकाल माझ्या गावातील शेतकरी ओट्सची शेती करून चांगला नफा कमावत आहेत,आजकाल माझ्या गावातील शेतकरी ओट्सची शेती करून चांगला नफा कमावत आहेत
7168,711745,D1,Agriculture,12.5,मका माझ्या उत्पादनात ओलावो नसल्याची खात्री कसा करुची लागतली ?,मला माझ्या उत्पादनात ओलावा नसल्याची खात्री कशी करावी लागली?
7169,718563,D2,Banking,12.5,शालेय शिक्षणासाठी अंदाजे किती कर्ज मिळेल ?,शालेय शिक्षणासाठी अंदाजे किती कर्ज मिळेल?
7170,719293,D4,Banking,12.5,जास्त गुंतवणुकीमुळे माझी ठेव संपली,जास्त गुंतवणुकीमुळे माझी ठेव संपली
7171,712021,D1,Banking,12.5,प्रधानमंत्री सुरक्षा योजनेचो फायदो घेऊच्या खाती अर्ज कसो भरुक होयो ?,प्रधानमंत्री सुरक्षा योजनेचे फायदे घेण्यासाठी अर्ज कसा भरावा लागेल?
7172,717599,D2,Agriculture,12.5,शेतीसाठी उपयोगी औजारे व यंत्रासाठी सुलभ कर्जयोजना आहेत का ?,शेतीसाठी उपयोगी औजारे व यंत्रासाठी सुलभ कर्जयोजना आहेत का ?
7173,720442,D4,Banking,12.5,क्रेडिट युनियन सहसा किरकोळ बँकांच्या समान सदस्यांना सेवा प्रदान करतात,क्रेडिट युनियन सहसा किरकोळ बँकांच्या समान सदस्यांना सेवा प्रदान करतात
7174,707079,D1,Banking,12.5,परिणामी शिल्लक ठेव खात्यांवर रेकॉर्ड केली जाता,परिणामी शिल्लक ठेव खात्यांवर नोंद केली जाते
7175,715856,D2,Agriculture,12.5,बांबुच्या झाडाला त्याच्या पूर्ण जीवन काळामध्ये फक्त एकदाच फुल येत,बांबूच्या झाडाला त्याच्या संपूर्ण जीवनकाळात फक्त एकदाच फूल येते
7176,719230,D4,Agriculture,12.5,अगदी कमी वेळात शेतीची कामे करण्यासाठी कृषी रोबोट बनवले आहेत,अगदी कमी वेळात शेतीची कामे करण्यासाठी कृषी रोबोट बनवले आहेत
7177,708431,D1,Agriculture,12.5,भारताचो स्वतंत्र प्रजासत्ताक एक व्यापक शेती कार्यक्रम विकसित करुक सक्षम होतो,भारताचे स्वतंत्र प्रजासत्ताक एक व्यापक शेती कार्यक्रम विकसित करून सक्षम झाले.
7178,712983,D2,Agriculture,12.5,दक्षिण गोलार्धमा दराक्षनी शेती फेब्रुवारी ते एप्रिल महिनामा व्हस,दक्षिण गोलार्धात शेतीचे दर फेब्रुवारी ते एप्रिल महिन्यांमध्ये होते.
7179,720584,D4,Agriculture,12.5,राहुल रबराच्या झाडापासून दरवर्षी सहा पौंड नैसर्गिक रबर काढतो,राहुल रबराच्या झाडापासून दरवर्षी सहा पौंड नैसर्गिक रबर काढतो
7180,707577,D1,Agriculture,12.5,डॉक्टरांच्या मते खाद्यतेलामध्ये पिवळी मोहरी सगळ्यात चांगली आसा,डॉक्टरांच्या मते खाद्यतेलामध्ये पिवळी मोहरी सगळ्यात चांगली आहे
7181,714557,D2,Banking,12.5,आख्खी दुन्यामा आंतरराष्ट्रीय वित्त स्टॉक ना बये यव्हार चालस,जगातील आंतरराष्ट्रीय वित्त स्टॉकवर व्यवहार चालत आहेत
7182,720137,D4,Agriculture,12.5,दुग्ध व्यवसायातील व्याज सवलतीचे उद्दीष्ट दूध उत्पादनाला चालना देणे आहे,दुग्ध व्यवसायातील व्याज सवलतीचे उद्दीष्ट दूध उत्पादनाला चालना देणे आहे
7183,711093,D1,Banking,12.5,सोना ह्यो सगळ्यात सुरक्षित गुंतवणुकीचो प्रकार मानलो जाता,सोने सर्वात सुरक्षित गुंतवणुकीचा प्रकार मानला जातो.
7184,715410,D2,Banking,12.5,"कराचा प्रभाव हा पण आहे , की त्यामुळे देशाची आर्थिक व्यवस्था सुधारू शकते","कायचा प्रभाव देखील आहे, ज्यामुळे देशाची आर्थिक व्यवस्था सुधारू शकते."
7185,721632,D4,Agriculture,12.5,पशु पोषण आवश्यकता पूर्ण करण्यासाठी खाद्य उत्पादन तयार केले जाते,पशु पोषण आवश्यकता पूर्ण करण्यासाठी खाद्य उत्पादन तयार केले जाते
7186,709292,D1,Banking,12.5,चेकच्या अदली बदली करान पण बॅन्केत धोकेबाजी केली जाता,चेकच्या अदलाबदली केली पण बँकेत धोकेबाजी केली जाते
7187,713838,D2,Banking,12.5,कस्तूरबा गांधी बालिका विद्यालय सगळ्या पोरिसले फुकटम्हा शिक्षण देस,कस्तूरबा गांधी बालिका विद्यालय सर्व मुलांचे मोफत शिक्षण देते.
7188,722388,D4,Agriculture,12.5,चेस्टनटमधील व्हिटॅमिन सी आणि लोह आपल्या शरीरातील रोगप्रतिकारक शक्ती वाढवते,चेस्टनटमधील व्हिटॅमिन सी आणि लोह आपल्या शरीरातील रोगप्रतिकारक शक्ती वाढवते
7189,710292,D1,Banking,12.5,दोन हजार सोळात सरकारना पाचशे आणि हजाराच्या नोटांची नोटबंदी केल्यान,दोन हजार सोळांमध्ये सरकारने पाचशे आणि हजारच्या नोटांची नोटबंदी केली.
7190,713723,D2,Agriculture,12.5,बजारमा दोरा भेटाले जोयजे म्हणीसन स्पिनिंग जेनी प्रक्रियाना वापर करतस,"बाजारामध्ये दोरा सापडला, म्हणून स्पिनिंग जेनी प्रक्रियेचा वापर करत आहेस."
7191,718692,D4,Agriculture,12.5,लॉगिंग ही पुरवठा साखळीची सुरुवात आहे आणि ती अनेक प्रकारे वापरली जाऊ शकते,लॉगिंग ही पुरवठा साखळीची सुरुवात आहे आणि ती अनेक प्रकारे वापरली जाऊ शकते
7192,709225,D1,Agriculture,12.5,तुमका माहित हा काय की खाऱ्या पाण्यातली मच्छी एकटी राहू शकता,तुमचे माहीत आहे का की खारट पाण्यातली मासे एकटे राहू शकतात
7193,715880,D2,Agriculture,12.5,भारत पन्नास टक्के यांसोबत डाळींचा सगळ्यात मोठा उत्पादक आहे,भारत पन्नास टक्के यांसोबत डाळींचा सगळ्यात मोठा उत्पादक आहे
7194,720789,D4,Agriculture,12.5,प्रोपनफेस सायपरमेथ्रिन चौवालीस इ सी डिक्लोरवास्स चेहतार ई.सी,प्रोपनफेस सायपरमेथ्रिन ४२ आयसी डिक्लोरवास्स चेहतार ईसी
7195,710543,D1,Agriculture,12.5,ॲवोकाडो प्रामुख्यान उष्णकटिबंधीय हवामानात वाढतत,ॲवोकाडो प्रामुख्याने उष्णकटिबंधीय हवामानात वाढत आहे.
7196,715774,D2,Banking,12.5,पे रोल साधारण पणे कंपनी आणि हिशोबाच्या गरजांना पूर्ण करण्याचे काम करते,पे रोल साधारणपणे कंपनी आणि हिशोबाच्या गरजा पूर्ण करण्याचे काम करते
7197,720370,D4,Banking,12.5,डेबिट कार्ड आहे ज्याअंतर्गत आपण आपल्याला आवश्यक असलेल्या गोष्टी खरेदी करू शकतो,डेबिट कार्ड ज्याअंतर्गत आपण आपल्याला आवश्यक असलेल्या गोष्टी खरेदी करू शकता
7198,707412,D1,Banking,12.5,करोना काळानंतर आरोग्य विमो घेणाऱ्यांच्या संख्येत वाढ झाली आसा,कोरोना काळानंतर आरोग्य विमो घेणाऱ्यांच्या संख्येत वाढ झाली असावी.
7199,713630,D2,Banking,12.5,"भारतना लेखकसले नफा , तोटाना खरा आकडा परतेक येळले देखाडाले जोयजे",भारताचे लेखक नफा आणि तोटा यांचा खरा आकडा प्रत्येकजण पाहतो देखावा
7200,720618,D4,Agriculture,12.5,प्राचीन काळी रोटेशनल चराईद्वारे प्राण्यांचे संगोपन केले जात असे,प्राचीन काळी रोटेशनल चराईद्वारे प्राण्यांचे संगोपन केले जात असे.
7201,710093,D1,Agriculture,12.5,शेती परिस्थितीत शेतीमुळे पर्यावरणाचे होणारे तोटे पाहिले जातत,शेती परिस्थितीत शेतीमुळे पर्यावरणाचे होणारे तोटे पाहिले जात आहेत
7202,716033,D2,Agriculture,12.5,मेणाचा उपयोग साधारणपणे मेणबत्त्या बनवण्यासाठी केला जातो,मेणाचा उपयोग साधारणपणे मेणबत्त्या बनवण्यासाठी केला जातो
7203,722830,D4,Agriculture,12.5,अमूल देशाला दूध आणि दुग्धजन्य पदार्थांचे जगातील सर्वात मोठे उत्पादक बनवते,अमूल देशाला दूध आणि दुग्धजन्य पदार्थांचे जगातील सर्वात मोठे उत्पादक बनवते
7204,709088,D1,Agriculture,12.5,कश्मिरी फायबरच्या प्रकारांका पुढे अजून पाच गटांत विभागतत,कश्मिरी फायबरच्या प्रकारांकाचे पुढे अजून पाच गटांत विभाजन होत आहे
7205,714817,D2,Agriculture,12.5,अरिकानट पामच्या पानांपासून पर्यावरणपूरक प्लेट बनविले जातात,अरिकानट पामच्या पानांपासून पर्यावरणपूरक प्लेट बनविले जातात
7206,718866,D4,Agriculture,12.5,मिरचीची चव आणि तिखटपणा मिरच्यांमध्ये असलेल्या कॅप्सेसिन ऍसिडमुळे असतो,मिरचीची चव आणि तिखटपणा मिरच्यांमध्ये असलेल्या कॅप्सेसिन ऍसिडमुळे असतो.
7207,710811,D1,Banking,12.5,"पेपल परंपरागत कागदी चलन , चेक किंवा मनी ऑर्डरच्या जागी ऑनलाईन पेमेंट स्विकारता","पेपल परंपरागत कागदी चलन, चेक किंवा मनी ऑर्डरच्या जागी ऑनलाईन पेमेंट स्वीकारते."
7208,712821,D2,Banking,12.5,कोणताबी नवकरीमा भविष्य निर्वाह निधी गूंतवणूक करणं बंधनकारक रहास,कोणत्या नवीन नोकरीसाठी भविष्य निर्वाह निधी गुंतवणूक करणे बंधनकारक आहे का?
7209,721092,D4,Banking,12.5,बेंचमार्कच्या तुलनेत सापेक्ष परतावा कालांतराने प्राप्त होतो,बेंचमार्कच्या तुलनेत सापेक्ष परतावा कालांतराने प्राप्त होतो
7210,709520,D1,Agriculture,12.5,प्राण्यांचे तंतू प्रामुख्यान कपड्यांसाठी वापरतत,प्राण्यांचे तंतू प्रामुख्याने कपड्यांसाठी वापरतात
7211,716955,D2,Banking,12.5,नोकरी मिळाल्यानंतर तुमचे विद्यमान खाते पगार खात्यात रूपांतरित करा,नोकरी मिळाल्यानंतर तुमचे विद्यमान खाते पगार खात्यात रूपांतरित करा
7212,722196,D4,Banking,12.5,"मनी मार्केट अकाऊंट आणि म्युच्युअल फंड यात खूप फरक आहे , सुरेश समजून घ्या","मनी मार्केट अकाऊंट आणि म्युच्युअल फंड यात खूप फरक आहे, सुरेश समजून घ्या."
7213,710657,D1,Banking,12.5,खाजगी बँकांची बहुतांश मालकी मोठ्या शेयरधारकांकडे असता,खाजगी बँकांची बहुतांश मालकी मोठ्या शेअरधारकांकडे असते
7214,716334,D2,Banking,12.5,देशाचे केंद्रीय अर्थमंत्रालय पाच विभागांमध्ये विभागलेले आहे,देशाचे केंद्रीय अर्थमंत्रालय पाच विभागांमध्ये विभागलेले आहे
7215,720031,D4,Agriculture,12.5,"ब्लास्ट फिशिंग , तळ ट्रोलिंग इ काही विध्वंसक तंत्रे आहेत","ब्लास्ट फिशिंग, तळ ट्रोलिंग इत्यादी काही विध्वंसक तंत्रे आहेत"
7216,706641,D1,Banking,12.5,देशांद्वारा कर दरांची तुलना करणा कठीण आणि काहीसा व्यक्तिनिष्ठ असा,देशांद्वारे कर दरांची तुलना करणे कठीण आणि काहीसा व्यक्तिनिष्ठ आहे
7217,716932,D2,Agriculture,12.5,नदीच्या पृष्ठभागावरील पाण्यापेक्षा खालचे पाणी वेगाने वाहते,नदीच्या पृष्ठभागावरील पाण्यापेक्षा खालचे पाणी वेगाने वाहते
7218,722819,D4,Agriculture,12.5,"पॉलिमरायझेशननंतर , फॅक्टिसचा वापर रबर उत्पादनासाठी केला जाऊ शकतो",पॉलिमरायझेशननंतर फॅक्टिसचा वापर रबर उत्पादनासाठी केला जाऊ शकतो
7219,707544,D1,Agriculture,12.5,ज्या ठिकाणी फुले विकत घेतली जातत त्येका रोपवाटिका म्हणतत,"जिथे फुले विकत घेतली जातात, त्या रोपवाटिका म्हणतात."
7220,716989,D2,Agriculture,12.5,नैसर्गिक औषधे हार्मोन्स ट्रेनबोलोन एसीटेट आणि जेरानोल हे आहेत,नैसर्गिक औषधे हार्मोन्स ट्रेनबोलोन एसीटेट आणि जेरानोल हे आहेत
7221,719330,D4,Banking,12.5,इस्लामिक वित्तीय सेवा ही आणखी एक क्षेत्र आहे जी विकासची क्षमता प्रदान करते,इस्लामिक वित्तीय सेवा ही आणखी एक क्षेत्र आहे जी विकासाची क्षमता प्रदान करते
7222,710789,D1,Banking,12.5,पत्रात नवीन चेकबुक किती पानाची आवश्यक हा ता पण तुम्ही लिहु शकतास,"पत्रात नवीन चेकबुक किती पानांची आवश्यक आहे, हे तुम्ही लिहू शकता."
7223,715862,D2,Agriculture,12.5,बायोमासला सरळसरळ इंधनाच्या रूपामध्ये वापर केला जाऊ शकतो,बायोमासला सरळसरळ इंधनाच्या स्वरूपात वापरला जाऊ शकतो
7224,722634,D4,Banking,12.5,बँकर्स बँक युनायटेड स्टेट्समधील समुदाय बँकांना आर्थिक सेवा प्रदान करते,बँकर्स बँक युनायटेड स्टेट्समधील समुदाय बँकांना आर्थिक सेवा प्रदान करते
7225,707140,D1,Banking,12.5,एक मिनी स्टेटमेंट तुमका मागील खर्चाचो पाच ते दहा व्यवहार दाखवता,एक मिनी स्टेटमेंट तुमचे मागील पाच ते दहा व्यवहार दाखवा
7226,713360,D2,Agriculture,12.5,हायब्रीड पेक्शा गावठी धान्यमा खरजना कस हास,हायब्रीड पेक्षा गावठी धान्यमा किती खर्च येतो?
7227,722059,D4,Banking,12.5,"विलंब उड्डाणांसाठी परदेशी औषध आपत्कालीन , ट्रॅव्हल इन्शुरन्स पॉलिसी आहे",विलंब उड्डाणांसाठी परदेशी औषध आपत्कालीन ट्रॅव्हल इन्शुरन्स पॉलिसी आहे
7228,711000,D1,Agriculture,12.5,वनस्पतीं च्या अवशेषांचा विघटन ही पशुमुक्त शेतीत मुख्य अट असा,वनस्पतींच्या अवशेषांचे विघटन ही पशुमुक्त शेतीत मुख्य अट आहे
7229,716489,D2,Banking,12.5,चोख पोलीस प्रशासनामुळे बँक लुटण्याच्या घटनांमध्ये लक्षणीय घट झाली आहे,चोख पोलीस प्रशासनामुळे बँक लुटण्याच्या घटनांमध्ये लक्षणीय घट झाली आहे
7230,723081,D4,Agriculture,12.433,खडकाळ जमीनीमंदी पिके घेणे शक्य हाये का ? असेल तर कोनचे पीक घेता येईन ?,खडकाळ जमिनीमध्ये मंदीच्या काळात पीक घेणे शक्य आहे का? असेल तर कोणते पीक घेतले जाईल?
7231,707595,D1,Banking,12.5,"तुका माहित हां ना , अनुदान ह्या सहसा पैशाच्या स्वरूपात असता","तुला माहीत आहे ना, अनुदान सहसा पैशाच्या स्वरूपात असते."
7232,716073,D2,Agriculture,12.5,"राष्ट्रीय खाद्य सुरक्षा मिशन अंतर्गत गहू , तांदूळ तसेच कडधान्य समाविष्ट आहे","राष्ट्रीय खाद्य सुरक्षा मिशन अंतर्गत गहू, तांदूळ तसेच कडधान्य समाविष्ट आहे."
7233,720458,D4,Banking,12.429,"खाते उघडताना व्यक्तीकडे आधार कार्ड , पॅन कार्ड आणि पासपोर्ट फोटो असणे आवश्यक आहे","खाते उघडताना व्यक्तीकडे आधार कार्ड, पॅन कार्ड आणि पासपोर्ट फोटो असणे आवश्यक आहे"
7234,708872,D1,Banking,12.5,मोठे रिटेल गुंतवणूकदार आधार असणाऱ्या कंपनींका हयती चांगली बातमी हा,मोठ्या रिटेल गुंतवणूकदारांचा आधार असणाऱ्या कंपनीची चांगली बातमी आहे
7235,716154,D2,Banking,12.5,व्यापारामध्ये नव्या संधींसाठी उद्योजकता बरीच प्रभावित झाली आहे,व्यापारामध्ये नव्या संधींसाठी उद्योजकता बरीच प्रभावित झाली आहे
7236,721163,D4,Banking,12.429,"बिग फोर सल्लामसलत , बाजार संशोधन , आश्वासन आणि कायदेशीर सल्लागार देखील सेवा देतात","बिग फोर सल्लामसलत, बाजार संशोधन, आश्वासन आणि कायदेशीर सल्लागार देखील सेवा देतात"
7237,707616,D1,Agriculture,12.5,"तुमका ठाऊक हा काय , कोळंबी एकट्यानं आणि माशांबरोबर वाढवली जाता","तुमचा ठाऊक काय आहे, कोळंबी एकट्याने आणि माशांसोबत वाढवली जाते."
7238,713925,D2,Banking,12.5,वारंट एक लिखित आदेश शे जो कोणतीपण व्यक्तिले आर्थिक लेनदेण म्हा निर्देश देस,"वारंट एक लिखित आदेश आहे, ज्याबद्दल कोणती व्यक्ती आर्थिक व्यवहार मला निर्देश देईल?"
7239,722332,D4,Banking,12.423,डिपॉझिट मनीच्या बाबतीत क्लामन बँक ही जगातील पाचवी सर्वात मोठी ऑफशोअर बँक आहे,डिपॉझिट मनीच्या बाबतीत क्लामन बँक ही जगातील पाचवी सर्वात मोठी ऑफशोअर बँक आहे
7240,708334,D1,Banking,12.5,देवघेव खाती उद्योगसंस्था आणि व्यक्ती अशी दोघांच्याय बाजून चलवली जातत,देवघेव खाती उद्योगसंस्था आणि व्यक्ती अशी दोघांच्या बाजूने चालवली जात आहे
7241,715269,D2,Agriculture,12.5,अमेरिकेच्या कापसाची शेती खरिपाच्या पिकांमध्ये मोडली जाते,अमेरिकेच्या कापसाची शेती खरिपाच्या पिकांमध्ये मोडली जाते
7242,723519,D4,Agriculture,12.423,बगीच्यामंदी गवत वाढले हाये तर ते कापनं परवडन की फवारा मारनं परवडन ?,बगीच्या मंदीत गवत वाढले आहे तर ते कपाने परवडते की फवारा मारण्याला परवडते?
7243,709147,D1,Agriculture,12.5,कोंबड्यांच्या पिंजऱ्यात कोंबड्यो सुरक्षित रव्हतत,कोंबड्यांच्या पिंजऱ्यात कोंबडे सुरक्षित आहेत
7244,716283,D2,Agriculture,12.5,स्ट्रॉ साधारणपणे प्लास्टिक पासून बनवले जातात,स्ट्रॉ साधारणपणे प्लास्टिकपासून बनवले जातात
7245,722676,D4,Banking,12.423,व्याज कव्हरेज रेशो एखादी कंपनी तिच्या थकित कर्जावर किती सहजपणे व्याज देऊ शकते,व्याज कव्हरेज रेशो एखादी कंपनी तिच्या थकित कर्जावर किती सहजपणे व्याज देऊ शकते
7246,709346,D1,Banking,12.5,इक्विटी वॉरंटी एक प्रकारची हायब्रीड प्रतिभुती असता,इक्विटी वॉरंटी एक प्रकारची हायब्रीड प्रतिभुती असते
7247,714711,D2,Banking,12.5,ज्या बँकमा आपलं खातं रहास तठला फार्म भरावर मंग ए.टी.एम नं कार्ड भेटसं,"ज्या बँकेत तुमचे खाते आहे, त्या बँकेचा फॉर्म भरा आणि एटीएम कार्ड मिळवा."
7248,719587,D4,Agriculture,12.423,"तापमान , वारा , पाणी इत्यादीसारख्या अनेक गोष्टी पीक लागवड पद्धतीवर परिणाम करतात","तापमान, वारा, पाणी इत्यादीसारख्या अनेक गोष्टी पीक लागवडीच्या पद्धतीवर परिणाम करतात."
7249,707578,D1,Agriculture,12.5,तणांचो वाढतो प्रसार आपल्या प्रगतीसाठी हानिकारक आसा,तणाव वाढल्यास प्रसार आपल्या प्रगतीसाठी हानिकारक आहे.
7250,714427,D2,Banking,12.5,मनी पोरले सोताना व्यवसाय उभा करना शे पन भांडवलनी मदत जोइजे कशा तपास करवा ?,पैसा मिळाल्यावर व्यवसाय सुरू करताना भांडवलाने मदत कशी घ्यावी आणि काय तपासवे?
7251,722348,D4,Banking,12.423,आपला मोबाइल फोन वापरुन शिल्लक आणि तपशील आणि इतर विविध वैशिष्ट्ये पाहण्याचा योग,"आपला मोबाईल फोन वापरून शिल्लक, तपशील आणि इतर विविध वैशिष्ट्ये पाहण्याचा योग"
7252,707053,D1,Banking,12.5,बँका सामान्य व्यावसायिक आणि वैयक्तिक कर्जदारांका कर्ज देतत,बँका सामान्य व्यावसायिक आणि वैयक्तिक कर्जदारांना कर्ज देत आहे
7253,716050,D2,Banking,12.5,यू.पी.आय सेवा द्वारे खाते धारकासाठी फंड ट्रान्सफर करू शकतो,यू.पी.आय सेवा द्वारे खाते धारकासाठी फंड ट्रान्सफर करता येतो.
7254,720264,D4,Banking,12.423,अर्थ मंत्रालयाचे काम सर्वसाधारण अर्थसंकल्प तयार करणे आणि त्यावर चर्चा करणे हे असते,अर्थ मंत्रालयाचे काम सर्वसाधारण अर्थसंकल्प तयार करणे आणि त्यावर चर्चा करणे असे असते.
7255,709547,D1,Banking,12.5,भविष्यात नगदी प्रवाहाचो प्रभाव वर्तमान मुल्यावर कसो पडता ?,भविष्यात नगदी प्रवाहाचा प्रभाव वर्तमान मुळे कसा पडतो?
7256,712883,D2,Banking,12.5,कायी जाहिराती म्युच्युअल फंडमा गुंतवणूकनी करता प्रोत्साहित करतंस,जाहिराती म्युच्युअल फंडात गुंतवणूक करण्यास प्रोत्साहित करतात.
7257,720957,D4,Agriculture,12.423,"बिया हे कठीण , अखाद्य नट शेलचे आतील , सामान्यतः खाण्यायोग्य भाग असतात","बिया हे कठीण, अखाद्य नट शेलचे आतील सामान्यतः खाण्यायोग्य भाग असतात."
7258,708337,D1,Banking,12.5,नया उद्योगाक सुरवात करणारो माणूस पयलो पैशाचो आधार शोधता,नवीन उद्योगाची सुरुवात करणार माणूस पैशाचा आधार शोधतो.
7259,714474,D2,Banking,12.5,वस्तु विनिमय पध्दतनी जागे पैसा हाई भरोसानं साधन शे,वस्तू विनिमय पद्धतीमध्ये पैसा भरून साधन होते.
7260,721173,D4,Banking,12.423,"आश्चर्याची गोष्ट म्हणजे , कमी कंपन्या इतक्या कमी व्याज दरानेही कर्ज घेत आहेत",आश्चर्याची गोष्ट म्हणजे कमी कंपन्या इतक्या कमी व्याज दरानेही कर्ज घेत आहेत
7261,708533,D1,Banking,12.5,संकर केल्लल्या एका रोपाचा झाड म्हणजे हायब्रीड गुलाब,संकरच्या एका रोपाचे झाड म्हणजे हायब्रीड गुलाब
7262,714809,D2,Banking,12.5,अमितने व्यापारातील आपला भागीदारीचा हिस्सा फंड ट्रांसफर करुन दिला,अमितने व्यापारातील आपल्या भागीदारीचा हिस्सा फंड ट्रान्सफर करून दिला
7263,720219,D4,Agriculture,12.423,"फुलपाखरू , कुंडी , मधमाशी इत्यादी अशा किट आहेत जे परागीकरणास मदत करतात","फुलपाखरू, कुंडी, मधमाशी इत्यादी अशा किट आहेत जे परागीकरणास मदत करतात"
7264,712243,D1,Banking,12.5,माका यू.पी.आय वर पेमेंट मिळाला हा ता मी कसा तपासू ?,"मला यूपीआयवर पेमेंट मिळाले आहे, मी ते कसे तपासेन?"
7265,713895,D2,Banking,12.5,डिजिटल वित्तीय सेवांले विस्तृत श्रेणीमा कव्हर करस,डिजिटल वित्तीय सेवा विस्तृत श्रेणीला कव्हर करतात
7266,719744,D4,Agriculture,12.423,डाळींच्या लागवडीत खताचे प्रमाण खूपच कमी असते आणि तेही कमी वेळात तयार होते,डाळींच्या लागवडीत खताचे प्रमाण खूपच कमी असते आणि तेही कमी वेळात तयार होते
7267,711624,D1,Agriculture,12.5,पावसाचा सर्वाधिक जास्त फटका कुठल्या भागात होतो ?,पावसाचा सर्वाधिक फटका कोणत्या भागात होतो?
7268,715742,D2,Agriculture,12.5,पारीजातकाची फुल मला खूप आवडता या फुलांना रातराणी च्या नावाने पण ओळखतात,"पारीजाताची फुले मला खूप आवडतात, या फुलांना रातराणीच्या नावाने पण ओळखतात."
7269,721431,D4,Banking,12.423,कंपनीत एक वर्ष काम केल्यानंतर रमेश कंपनिच्या पेरोल वर काम करायला शुरुवात केले,कंपनीत एक वर्ष काम केल्यानंतर रमेश कंपनीच्या पेरोलवर काम करायला सुरुवात केली
7270,708298,D1,Banking,12.5,जामीन बाँड म्हणजे तिसऱ्या पार्टीक संरक्षण आणि पैशाची हमी देणा असा होय,जामीन बॉन्ड म्हणजे तिसऱ्या पक्षाचे संरक्षण आणि पैशाची हमी देणे असे आहे.
7271,715587,D2,Agriculture,12.5,जास्त मसाले खाल्ल्याने आपण आजारी पण पडू शकतो,जास्त मसाले खाल्ल्याने आपण आजारी पडू शकतो
7272,723462,D4,Agriculture,12.417,पन्नास टनची लायकी असलेल्या वजन काट्यावर पाच किलोग्रॅमचं वजन व्हईन का ?,पन्नास टनच्या वजनाच्या तराजूवर पाच किलोग्रॅमचे वजन करायचे आहे का?
7273,707011,D1,Banking,12.5,एस.बी.आय याका केंद्रीय मंत्रिमंडळान मान्यता दिल्यान होता,एस.बी.आयचे केंद्रीय मंत्रिमंडळाने मान्यता दिल्याने असे झाले.
7274,713057,D2,Agriculture,12.5,कार्बनिक खाद्यना पिकेसमा रासायनिक खते नी कीटकनाशकसना वापर करतस नयी,कार्बनिक खाद्यपदार्थांच्या पिकांमध्ये रासायनिक खते आणि कीटकनाशके वापरता का?
7275,722465,D4,Agriculture,12.417,भारतात तंबाखूचे पीक शून्य दशलक्ष ते पाच दशलक्ष हेक्टर क्षेत्रात घेतले जाते,भारतात तंबाखूचे पीक शून्य दशलक्ष ते पाच दशलक्ष हेक्टर क्षेत्रात घेतले जाते
7276,708576,D1,Agriculture,12.5,हल्ली संकरित बियाण्यांचे कितके तरी प्रकार बाजारात मेळतत,हळव्हा संकरित बियाण्यांचे काही प्रकार बाजारात मिळत आहेत
7277,713754,D2,Banking,12.5,संशोधन ले पैसा स्रोतना कार्यक्रम आणि प्रकल्पसाठे अर्थ संकल्पना संसाधन शेत,"संशोधन, पैसा स्रोतना, कार्यक्रम आणि प्रकल्पसाठे, अर्थ संकल्पना, संसाधन, शेत."
7278,719961,D4,Banking,12.417,बँकेत भांडवल जमा करणे किंवा मालमत्ता खरेदी करणे ही एक गुंतवणूक आहे,बँकेत भांडवल जमा करणे किंवा मालमत्ता खरेदी करणे ही एक गुंतवणूक आहे
7279,708502,D1,Banking,12.5,ल्हानपणी आमच्याकडे मातीची पिगी बँक आसुची,लहानपणी आमच्याकडे मातीची पिगी बँक होती.
7280,714129,D2,Banking,12.5,ईजयनी सांग की सीड मनी ह्या व्यवसायमा सुरुवातपासून पैसा शेतस,इजयनी सांग की सीड मनी या व्यवसायात सुरुवातपासून पैसा असते.
7281,720148,D4,Agriculture,12.417,"जंगलात लहान मोठी , वनस्पती , झुडपे इत्यादी सर्व प्रकारची झाडे आहेत",जंगलात लहान मोठी वनस्पती झुडपे इत्यादी सर्व प्रकारची झाडे आहेत
7282,710298,D1,Banking,12.5,निव्वळ वर्तमान मुल्य वेगवेगळ्या वेळी रोख व्यवहारांवर लागू केला जाता,निव्वळ वर्तमान मूल्य वेगवेगळ्या वेळी रोख व्यवहारांवर लागू केले जाते.
7283,716152,D2,Banking,12.5,व्याजाचे हप्ते पूर्ण करण्यासाठी वेतन किती पर्यंत उपलब्ध आहे ?,व्याजाचे हप्ते पूर्ण करण्यासाठी वेतन किती पर्यंत उपलब्ध आहे?
7284,721899,D4,Banking,12.417,गृह कर्ज आणि कार कर्ज ही सुरक्षित कर्जाची सर्वात सामान्य उदाहरणे आहेत,गृह कर्ज आणि कार कर्ज ही सुरक्षित कर्जाची सर्वात सामान्य उदाहरणे आहेत
7285,709111,D1,Agriculture,12.5,कोलोकेशियाच्या पानांतना आपल्याक मोप पोषक तत्त्वा मिळतत,कोलोकेशियाच्या पानांतून आपल्याला पोषक तत्वे मिळत आहेत
7286,716500,D2,Agriculture,12.5,नैसर्गिक मेण हे मधमाश्यांच्या पोळापासून बनविलेले असते,नैसर्गिक मेण मधमाश्यांच्या पोळापासून बनविलेले असते
7287,723487,D4,Agriculture,12.409,कवा कवा मोबाईल वर सांगितलेला हवामानाचा अंदाज चुकीचा काऊन ठरते ?,मोबाईलवर सांगितलेला हवामानाचा अंदाज का चुकीचा ठरतो?
7288,708588,D1,Banking,12.5,"ह्या एक आभासी कार्ड आसा , जेचो उपयोग ऑनलाईन खरेदीसाठी केलो जावक शकता","हे एक आभासी कार्ड आहे, ज्याचा उपयोग ऑनलाइन खरेदीसाठी किती रक्कम काढता येते."
7289,715612,D2,Agriculture,12.5,झाडाझुडपांची वाढ योग्य वेळी केलेल्या सिंचनाद्वारे च होऊ शकते,झाडाझुडपांची वाढ योग्य वेळी केलेल्या सिंचनाद्वारे होऊ शकते
7290,722234,D4,Agriculture,12.409,नैसर्गिक शेती ही भारतातील सर्वात वेगाने वाढणारी शाश्वत शेती पद्धत आहे,नैसर्गिक शेती ही भारतातील सर्वात वेगाने वाढणारी शाश्वत शेती पद्धत आहे
7291,710568,D1,Banking,12.5,"ई.वी.एस क्रेडिट कार्ड , प्रमाणित चेक किंवा मनीऑर्डर मधना पैशाचो स्विकार करता",ई.वी.एस क्रेडिट कार्ड प्रमाणित चेक किंवा मनीऑर्डर मार्फत पैशाचे स्वीकार करते
7292,716139,D2,Banking,12.5,विश्व व्यापार संघटनेचे सचिव आणि महासंचालक जनेवा मध्ये राहतात,विश्व व्यापार संघटनेचे सचिव आणि महासंचालक जनेव्यात राहतात
7293,722358,D4,Agriculture,12.409,एक निरोगी जिवंत बेरी आहे हे दुर्मिळ भारतीय हवामान चांगले आहे,एक निरोगी जिवंत बेरी आहे आणि हे दुर्मिळ भारतीय हवामान चांगले आहे
7294,711400,D1,Agriculture,12.5,संकरित वाण वगळुक सुधारित वाणाचो प्रमाण बियाणे दरवर्षीक नवो खरेदी कसा करायचो ?,"संकरित वाण वगळता सुधारित वाणाचे प्रमाण, बियाणे दरवर्षी नवीन खरेदी कसे करायचे?"
7295,713324,D2,Banking,12.5,मनी बहिनना प्रधानमंत्री जनधन योजनाना अंतर्गत अकाउंट उघडामुये भलता फायदा व्हयना,प्रधानमंत्री जनधन योजनेअंतर्गत खाते उघडल्यामुळे चांगला फायदा होतो का?
7296,719838,D4,Agriculture,12.4,माझे आजोबा रेशीम किडीच्या कोशातून रेशीम तंतू काढून टाकत असत,माझे आजोबा रेशीम किडीच्या कोशातून रेशीम तंतू काढून टाकत असत
7297,709603,D1,Agriculture,12.5,मृदा संवर्धनाच्या तीन महत्वच्या पद्धती म्हणजे वनीकरण पीक फिरवणा समोच्च मशागत असा,"मृदा संवर्धनाच्या तीन महत्त्वपूर्ण पद्धती म्हणजे वनीकरण, पीक फिरवणा आणि समोच्च मशागत."
7298,715307,D2,Banking,12.5,"आर.डी म्यूच्युअर झाली की आपण एफ.डी मध्ये बदलू शकतो , कारण पैसे सुरक्षित रहावे लागतात","आर.डी मॅच्युअर झाली की आपण एफ.डी मध्ये बदलू शकतो, कारण पैसे सुरक्षित राहायला लागतात."
7299,721894,D4,Banking,12.4,डेबिट आणि क्रेडिट थेट सकारात्मक आणि नकारात्मक क्रमांकांशी जुळत नाहीत,डेबिट आणि क्रेडिट थेट सकारात्मक आणि नकारात्मक क्रमांकांशी जुळत नाहीत
7300,711246,D1,Agriculture,12.5,भातात कसली यांत्रा वापरुची जेनेकी माझा काम बेगीन जातला ?,भातासाठी कोणत्या यंत्राचा वापर केला जातो ज्यामुळे माझे काम सुरू झाले?
7301,714985,D2,Banking,12.5,दरवर्षी दिल्या जाणाऱ्या अर्थसंकल्पाला भारताचे अर्थ मंत्रालय तयार करते,भारताचे अर्थ मंत्रालय दरवर्षी दिल्या जाणाऱ्या अर्थसंकल्पाला तयार करते
7302,722286,D4,Banking,12.4,बचत खाते हे किरकोळ वित्तीय संस्थांद्वारे राखले जाणारे खाते आहे,बचत खाते हे किरकोळ वित्तीय संस्थांद्वारे राखले जाणारे खाते आहे
7303,711157,D1,Agriculture,12.5,रोपट्याची यवस्तित वाढ जाऊच्या खातीर कसल्या प्रकारचा किटकनाशक वापराक होया ?,रोपणाची योग्य वाढ होण्यासाठी कोणत्या प्रकारचा कीटकनाशक वापरावा?
7304,716729,D2,Agriculture,12.5,पंजाबमध्ये पंजाबी लोक हिवाळयात मोहरीच्या हिरव्या भाज्या खातात,पंजाबमध्ये पंजाबी लोक हिवाळयात मोहरीच्या हिरव्या भाज्या खातात
7305,720933,D4,Agriculture,12.4,डेयरी गाई गाईंच्या झुन्डात किंवा डेयरी फार्म मध्ये बघायला भेटतात,डेयरी गाई झुंडीत किंवा डेयरी फार्ममध्ये दिसतात
7306,711239,D1,Agriculture,12.5,अंब्यांका जो किडे लागतत ते लागता कमा नये म्हनाण काय करूचा ?,"अंब्यांका जे घडत आहे ते लागते, ते कमावू नये म्हणून काय करावे?"
7307,715417,D2,Agriculture,12.5,कल्टीव्हेटर मशीन ने खोदकाम केलं तर जमिनीतील खोल पर्यंतचे पोषक तत्व बाहेर येता,कल्टीव्हेटर मशीनने खोदकाम केल्यास जमिनीतील खोलपर्यंतचे पोषक तत्व बाहेर येतात.
7308,722761,D4,Agriculture,12.4,"तृणधान्यांमध्ये समान आहाराचे गुणधर्म असतात , ते कर्बोदकांमधे समृद्ध असतात","तृणधान्यांमध्ये समान आहाराचे गुणधर्म असतात, ते कर्बोदकांमधे समृद्ध असतात."
7309,711085,D1,Banking,12.5,सिक्युरिटीज ट्रेडिंग ह्या परदेशात व्यवसाय करण्याचा यशस्वी तंत्र असा,सिक्युरिटीज ट्रेडिंग परदेशात व्यवसाय करण्याचा यशस्वी मार्ग आहे.
7310,715179,D2,Banking,12.5,"वित्त व्यवसायासाठी विक्रेते , सेवा आणि खरेदीदार आवश्यक आहेत","वित्त व्यवसायासाठी विक्रेते, सेवा आणि खरेदीदार आवश्यक आहेत"
7311,721682,D4,Banking,12.389,डिजिटल वित्तीय सेवांमध्ये मोबाइल वित्तीय सेवा देखील समाविष्ट आहेत,डिजिटल वित्तीय सेवांमध्ये मोबाइल वित्तीय सेवा देखील समाविष्ट आहेत
7312,706657,D1,Banking,12.5,उत्पादक जास्त किंमतीवर व्हॅट गोळा करून सरकाराक पाठवता,उत्पादक जास्त किंमतीवर व्हॅट गोळा करून सरकारला पाठवतात
7313,715142,D2,Banking,12.5,मुद्रा बाजार खात्यामध्ये किमान रक्कम अधिक असायला हवी,मुद्रा बाजार खात्यामध्ये किमान रक्कम अधिक असायला हवी
7314,720395,D4,Banking,12.389,गुंतवणुकीची कामगिरी विशिष्ट कालावधीत आणि विशिष्ट चलनात मोजली जाते,गुंतवणुकीची कामगिरी विशिष्ट कालावधीत आणि विशिष्ट चलनात मोजली जाते
7315,706582,D1,Banking,12.5,"क्रेडिट युनियन , व्यावसायिक बँकेसारखा एक प्रकारचा वित्तीय संस्था असा",क्रेडिट युनियन व्यावसायिक बँकेसारखा एक प्रकारची वित्तीय संस्था आहे.
7316,715879,D2,Agriculture,12.5,भारत जगात घरात शेती उत्पादकांसाठी पहिल्या पंधरा निर्यातकां न मधला एक आहे,भारत जगात शेती उत्पादकांसाठी पहिल्या पंधरा निर्यातकांमध्ये एक आहे
7317,720950,D4,Agriculture,12.389,कापूस कताई करण्यासाठी जेनी हे कापूस कातण्याचे यंत्र आहे,कापूस कताई करण्यासाठी जेनी हे कापूस कातण्याचे यंत्र आहे
7318,711617,D1,Agriculture,12.5,वजन आणि मापांच्या प्रमाणाचो कायदो खयच्या वर्षी चालू केलो ?,वजन आणि मापांच्या प्रमाणाचे काय झाले त्या वर्षी चालू केले?
7319,715297,D2,Agriculture,12.5,"आपल्या देशामध्ये सगळे लोक शेतकऱ्यावर आधारित आहे , मग तो श्रीमंत असो किंवा गरीब","आपल्या देशामध्ये सर्व लोक शेतकऱ्यांवर आधारित आहेत, मग ते श्रीमंत असोत किंवा गरीब."
7320,722612,D4,Banking,12.389,व्यवहार मर्यादा सेटिंग सूचना निवडल्यानंतर तुम्ही पैसे मर्यादा भरा,व्यवहार मर्यादा सेटिंग सूचना निवडल्यानंतर तुम्ही पैसे मर्यादा भरा
7321,706464,D1,Banking,12.5,पगार ह्यो नियोक्त्याकडसून कर्मचाऱ्याक नियतकालिक देयकाचो येक प्रकार असा,पगार नियोक्त्याकडून कर्मचाऱ्यांना नियतकालिक देयकाचा एक प्रकार आहे
7322,713268,D2,Banking,12.5,उद्योगपतीसन व्यापारी बँकास्मा चालू खात रास,उद्योगपती आणि व्यापारी बँकांमध्ये चालू खाती आहेत.
7323,720221,D4,Agriculture,12.375,लॉबस्टर पकडण्यासाठी लॉबस्टर ट्रॅप तंत्राचा वापर केला जातो,लॉबस्टर पकडण्यासाठी लॉबस्टर ट्रॅप तंत्राचा वापर केला जातो
7324,707495,D1,Agriculture,12.5,गेल्या कित्येक वर्षापासना भारत सरकारने मत्स्यपालनाक लय बढावो दिलेलो आसा,गेल्या अनेक वर्षांत भारत सरकारने मत्स्यपालनात वाढ केली आहे.
7325,715605,D2,Agriculture,12.5,जोगिंदर आधुनिक शेतीसाठी नांगराला सोडून ट्रॅक्टरचा वापर करू लागला,जोगिंदर आधुनिक शेतीसाठी नांगराला सोडून ट्रॅक्टरचा वापर करू लागला
7326,720298,D4,Banking,12.375,स्वयंरोजगारासाठी सरकारने दिलेले कर्ज हे अनुदानित कर्ज आहे,स्वयंरोजगारासाठी सरकारने दिलेले कर्ज हे अनुदानित कर्ज आहे
7327,706993,D1,Banking,12.5,व्यापार साधारणपणान दोन्ही पक्षांका फायदोशीर मानला जाता,व्यापार साधारणपणे दोन्ही पक्षांना फायदो मानला जातो.
7328,716924,D2,Agriculture,12.5,शेतात कीटकनाशक फवारण्यासाठी शेतकरी फवारणी यंत्राचा वापर करतात,शेतात कीटकनाशक फवारण्यासाठी शेतकरी फवारणी यंत्राचा वापर करतात.
7329,721283,D4,Banking,12.375,भविष्यातील मूल्य हे विशिष्ट तारखेला मालमत्तेचे मूल्य असते,भविष्यातील मूल्य हे विशिष्ट तारखेला मालमत्तेचे मूल्य असते
7330,706619,D1,Banking,12.5,विद्यार्थी कर्जा ह्या इतर प्रकारच्यो कर्जांपेक्षा वेगळा असू शकता,विद्यार्थी कर्जा ह्या इतर प्रकारच्या कर्जांपेक्षा वेगळे असू शकतात.
7331,715722,D2,Banking,12.5,न्यायाधीशांनी खात्याचा शोध घ्यायला पोलिसांना सांगितल,न्यायाधीशांनी पोलिसांना खात्याचा शोध घ्यायला सांगितला
7332,720831,D4,Agriculture,12.367,"बांबू कुटुंबातील इतर महत्त्वाचे सदस्य म्हणजे डाब , गहू , मका , बार्ली आणि भात","बांबू कुटुंबातील इतर महत्त्वाचे सदस्य म्हणजे डांब, गहू, मका, बार्ली आणि भात"
7333,708647,D1,Agriculture,12.5,भारतात जास्ती लोका स्वच्छ पाण्यातली मच्छी खातत,भारतात जास्तीचे लोक स्वच्छ पाण्यात मच्छी खात आहेत.
7334,713591,D2,Agriculture,12.5,"जासवंदना फुले औसद म्हनीन वापरतस , चांगला पानीना ठिकाणे हायी झाड जगस","जासवंदना फुले वापरतात, चांगल्या ठिकाणे झाडांसाठी आहेत."
7335,720296,D4,Banking,12.367,"मुदत कर्ज हे एक पैशाचे कर्ज असते , मुदत कर्जाची दिलेल्या मुदतीत परतफेड करावी लागते","मुदत कर्ज हे पैशाचे कर्ज असते, मुदत कर्जाची दिलेल्या मुदतीत परतफेड करावी लागते."
7336,710248,D1,Agriculture,12.5,जैविक आणि अजैविक स्त्रोतांद्वारा परागांचा स्थानांतरण होता,जैविक आणि अजैविक स्रोतांद्वारे परागांचे स्थानांतरण झाले.
7337,714111,D2,Banking,12.5,वित्तीय संस्थान जमा ऋण निवेश आणि मुद्रा विनिमय न कार्य करस,वित्तीय संस्था जमा ऋण निवेश आणि मुद्रा विनिमय कार्य करत नाही
7338,719135,D4,Agriculture,12.346,"ड्रमच्या बिया , फुले , पाने आणि देठ खाण्यायोग्य आणि अत्यंत पौष्टिक असतात","ड्रमच्या बिया, फुले, पाने आणि देठ खाण्यायोग्य आणि अत्यंत पौष्टिक असतात."
7339,708819,D1,Agriculture,12.5,राजूच्या शेतांका किटांच्या संक्रमणामुळा मोप नुकसान झाला,राजूच्या शेतातील कीटकांच्या संसर्गामुळे नुकसान झाले
7340,716358,D2,Agriculture,12.5,शेतीविषयक धोरणांद्वारे सरकार शेतकऱ्यांना लाभ पोहचवण्याचा प्रयत्न करते,शेतीविषयक धोरणांद्वारे सरकार शेतकऱ्यांना लाभ पोहोचवण्याचा प्रयत्न करते
7341,720783,D4,Agriculture,12.333,चंपाची फुले सुंदर आणि अतिशय सुगंधी असतात फुले फिकट पिवळ्या रंगाची असतात,चंपाची फुले सुंदर आणि अतिशय सुगंधी असतात; फुले फिकट पिवळ्या रंगाची असतात.
7342,707670,D1,Banking,12.5,देशातलो बँकिंग उद्योग रोख आणि कर्जासकट वित्त पण हाताळता,देशातले बँकिंग उद्योग रोख आणि कर्जासकट वित्त पण हाताळतात
7343,716164,D2,Agriculture,12.5,शिंगाड्याचे पीठ उपवासामध्ये फराळ म्हणून खाल्ले जातात,शिंगाड्याचे पीठ उपवासामध्ये फराळ म्हणून खाल्ले जाते.
7344,721342,D4,Banking,12.333,सामाजिक उद्योजकांना सामाजिक नवकल्पना देखील म्हणतात,सामाजिक उद्योजकांना सामाजिक नवकल्पना देखील म्हणतात
7345,707795,D1,Agriculture,12.5,"बबनो सांगा होतो , हंगामी पिकांसाठी सरकार शेतकऱ्यांना कर्ज देता",सरकार शेतकऱ्यांना हंगामी पिकांसाठी कर्ज देते
7346,716248,D2,Agriculture,12.5,सिंचनासाठी उपलब्ध पाण्याचा कार्यक्षम वापर खूप मोठं आवाहन आहे,सिंचनासाठी उपलब्ध पाण्याचा कार्यक्षम वापर खूप मोठे आवाहन आहे
7347,721699,D4,Banking,12.278,शेअर बाजारात सार्वजनिक शेअर बाजारात सूचीबद्ध सिक्युरिटीजचा समावेश आहे,शेअर बाजारात सार्वजनिक शेअर बाजारात सूचीबद्ध सिक्युरिटीजचा समावेश आहे
7348,710479,D1,Banking,12.5,सांस्कृतीक उद्योजगता नव्या उद्योगांका ओळखता आणि त्यांका वैध बनवता,सांस्कृतीक उद्योजगता नव्या उद्योगांची ओळख करून आणि त्यांना वैध बनवणे
7349,715214,D2,Banking,12.5,"सर्व बँका या वित्तीय संस्थांचा महत्त्वाचा भाग आहेत , अस शिक्षक सांगतात","सर्व बँका या वित्तीय संस्थांचे महत्त्वाचे भाग आहेत, असे शिक्षक सांगतात."
7350,720761,D4,Agriculture,12.269,"ही शाल परदेशातही बरीच प्रसिद्ध आहे , ही शाल स्त्रियांची पहिली पसंती आहे","ही शाल परदेशातही बरीच प्रसिद्ध आहे, ही शाल स्त्रियांची पहिली पसंती आहे"
7351,710959,D1,Banking,12.5,यु.ए.एस मध्ये मार्जिनाक औपचारिकपणे परफॉर्मन्स बाँड म्हणतत,यु.एस.ए. मध्ये मार्जिनला औपचारिकपणे परफॉर्मन्स बाँड म्हटले जाते.
7352,712740,D2,Banking,12.5,कवितानी आपला विद्यार्थ्यंसना संगे गुंतवणूकनी परतावावर वाद विवाद करा,कविताने आपल्या विद्यार्थ्यांसोबत गुंतवणुकीच्या परताव्यावर वादविवाद करा
7353,721966,D4,Agriculture,12.25,"झारीस्म , कामरूप , प्रतापधन , ब्रोईलेर , क्वेल , टर्की हे पोल्ट्री चे ब्रीड आहेत","झारीस्म, कामरूप, प्रतापधन, ब्रोईलेर, क्वेल, टर्की हे पोल्ट्रीचे जाती आहेत."
7354,709860,D1,Banking,12.5,कोणत्या पण बँकेच्या ऍप मधून तुमी तुमचो बॅक बॅलेन्स चेक करू शकतास,कोणत्याही बँकेच्या ॲपमधून तुम्ही तुमचे बॅलन्स तपासू शकता.
7355,713191,D2,Banking,12.5,आपला व्यवसाय वाढावा ना करता माॅरगेज मा स्वतःन्या वस्तु गहाण ठेवन्या पडतीस,आपला व्यवसाय वाढू नये म्हणून तुम्हाला स्वतःच्या वस्तूवर गहाण ठेवायला लागेल
7356,722460,D4,Agriculture,12.167,"भांग बियाणे भांग सॅटिवा , भांग वनस्पतीचे बियाणे आहेत","भांग बियाणे भांग सॅटिवा, भांग वनस्पतीचे बियाणे आहेत"
7357,707599,D1,Banking,12.5,"तुका माहीतच आसा , आधुनिक काळात संगणकाच्या मदतीनं कर आपोआप काढूक येता","मला माहीतच आहे, आधुनिक काळात संगणकाच्या मदतीने आपोआप काढता येते."
7358,715717,D2,Agriculture,12.5,निशिगंधा व्यापक स्वरूपात एका सजावटीच्या झाडाच्या रूपात उगवले जाते,निशिगंधा व्यापक स्वरूपात एका सजावटीच्या झाडाच्या रूपात उगवले जाते
7359,723500,D4,Agriculture,12.0,कपास बी.जी टू ह्या जाती रोग प्रतिकारक हाये का ?,कपास बी.जी. या जाती रोग प्रतिकारक आहेत का?
7360,711539,D1,Agriculture,12.5,खयली पीका जास्त वेळ खोल्येत ठेवूचे नसतत ?,खयली पीका जास्त वेळ खोल्यात ठेवण्याची आवश्यकता नाही का?
7361,715601,D2,Agriculture,12.5,जैविक इंधनामुळे अन्नधान्याची कमतरता निर्माण होते,जैविक इंधनामुळे अन्नधान्याची कमतरता निर्माण होते
7362,723545,D4,Agriculture,12.0,संत्र्याच्या एक वर्षाच्या झाडाले किती लिटर पाणी द्या लागते ?,संत्र्याच्या एक वर्षाच्या झाडाला किती लिटर पाणी द्यावे लागते?
7363,710453,D1,Agriculture,12.5,शेतात शेती करुसाठी अनेक प्रकारच्या मशीन यंत्रांचो वापर केलो जाता,शेतात शेती करण्यासाठी अनेक प्रकारच्या मशीन यंत्रांचा वापर केला जातो.
7364,714310,D2,Banking,12.5,जागतिक वित्तीय परणाली कायदेशीर करार संस्थासना औपचारिक अनौपचारिक साचा शे,जागतिक वित्तीय प्रणाली कायदेशीर करार संस्थांचे औपचारिक आणि अनौपचारिक स्वरूप
7365,723693,D4,Banking,12.0,सोनाराच्या दुकानामंधीही मले क्रेडिट कार्ड वापरता येते का ?,सोनाराच्या दुकानात मला क्रेडिट कार्ड वापरता येते का?
7366,706611,D1,Banking,12.5,अनेक कर्जा ठराविक कालावधीत पेमेंटची मालिका वापरून परत केली जातत,अनेक कर्जा ठराविक कालावधीत पेमेंटची मालिका वापरून परत केली जात आहे
7367,716468,D2,Agriculture,12.5,प्राचीनकाळी वन बागकाम हा लोकांच्या आहाराचा एक महत्त्वाचा भाग होता,प्राचीनकाळी वन बागकाम हा लोकांच्या आहाराचा एक महत्त्वाचा भाग होता
7368,723371,D4,Agriculture,12.0,यक हेक्टर कांद्यासाठी मजूराले किती पैसे द्याचे ?,हेक्टर कांद्यासाठी किती पैसे द्यावे लागतील?
7369,706907,D1,Banking,12.5,कूपन ह्या तिकीट किंवा दस्तऐवज असा ज्या आर्थिक सवलतीसाठी रिडीम केला जाऊ शकता,कूपन ही तिकीट किंवा दस्तऐवज आहे ज्यासाठी आर्थिक सवलतीसाठी रिडीम केला जाऊ शकतो.
7370,713996,D2,Agriculture,12.5,"खरतर सेंद्रिय खत हाई सुकेल पाने , झाड यासना पासीन तयार व्हस",खरं तर सेंद्रिय खतामुळे पाने सुकतील आणि झाड तयार होईल.
7371,723080,D4,Agriculture,12.0,काळी माती जास्त पानी धरुन ठेवते का ?,काळी माती जास्त पाणी धरून ठेवते का?
7372,709334,D1,Banking,12.5,आधुनिक सरकारासाठी कर ह्यो उत्पनाचो सर्वात महत्वाचो सोत्र असा,आधुनिक सरकारांसाठी कर हे उत्पन्नच सर्वात महत्त्वाचा नियम आहे.
7373,715220,D2,Banking,12.5,सुमन महिला बचत खाते उघडण्यासाठी दोन पासपोर्ट साइज फोटो घेऊन गेली,सुमन महिलेने बचत खाते उघडण्यासाठी दोन पासपोर्ट आकाराचे फोटो घेऊन गेली.
7374,723522,D4,Agriculture,12.0,लाल्या रोगासाठी कोनचं खत टाका लागन ?,लाल रोगासाठी किती खत टाकावे लागेल?
7375,709819,D1,Agriculture,12.5,एकाच वनस्पतीच्या दोन भिन्न जाती ओलांडून एक संकर तयार केला जातो,एकाच वनस्पतीच्या दोन भिन्न जाती ओलांडून एक संकर तयार केला जातो
7376,715443,D2,Agriculture,12.5,किराणा दुकानामध्ये स्वयंपाक घराशी संबंधित कोणतीही वस्तू घेऊ शकतो,किराणा दुकानामध्ये स्वयंपाकघराशी संबंधित कोणतीही वस्तू घेऊ शकतो
7377,723516,D4,Agriculture,12.0,ऊस लवकर मोठा व्हासाठी का करा लागन ?,ऊस लवकर मोठे होण्यासाठी का करावे लागते?
7378,707021,D1,Banking,12.5,भारतीय बँक भारत सरकारच्यो वित्त मंत्रालयाच्यो मालकीखाली असा,भारतीय बँक भारत सरकारचे वित्त मंत्रालयाच्या मालकीखाली आहे.
7379,715200,D2,Banking,12.5,शेतीशी संबंधित सर्व भारतीय योजना शेतकऱ्यांसाठी फायदेशीर ठरल्या आहेत,शेतीशी संबंधित सर्व भारतीय योजना शेतकऱ्यांसाठी फायदेशीर ठरल्या आहेत
7380,723094,D4,Agriculture,12.0,संत्र्याच्या झाडांले गोमूत्राचा काय उपयोग हाये ?,संत्र्याच्या झाडांमधून गोमूत्राचा काय उपयोग आहे?
7381,708070,D1,Banking,12.5,सगळ्या न्यायालयात दिवाळखोरीचा सामान्यीकरण होना मुशकील आसा,सर्व न्यायालयात दिवाळखोरीचे सामान्यीकरण होणे मुश्किल आहे.
7382,713444,D2,Agriculture,12.5,मना बाप रोपेस्नी चांगली वाढ व्हवा करता खतेस्ना उपेग करस,वडिलांनी रोपेसाठी चांगली वाढ करायला आणि त्यासाठी उपयोग करायला हवे.
7383,724206,D4,Banking,12.0,व्याज घ्यासाठी मले कोंते कागद लागन ?,व्याज घ्यासाठी मला किती कागद लागतील?
7384,710508,D1,Banking,12.5,अनाथ आणि सशस्त्र दलातल्या मुलांसाठी ए.आय.सी.टी.ई ही एक स्वनाथ शिष्यवृत्ती असा,अनाथ आणि सशस्त्र दलातल्या मुलांसाठी एआयसीटीई ही एक स्वनाथ शिष्यवृत्ती आहे.
7385,715539,D2,Agriculture,12.5,चाफा मॅग्नोलियासी परिवाराचा एक मोठा सदाहरित वृक्ष आहे,चाफा मॅग्नोलियासी परिवाराचा एक मोठा सदाहरित वृक्ष आहे
7386,720867,D4,Agriculture,12.0,दर रविवारी एक अत्यंत लोकप्रिय स्ट्रीट मार्केट असल्याचे दिसते,दर रविवारी एक अत्यंत लोकप्रिय स्ट्रीट मार्केट असल्याचे दिसते
7387,707187,D1,Banking,12.5,एक यशस्वी कार्डलेस रोख पैसो काढुची विनंती काही कालावधीसाठी वैध असतला,एक यशस्वी कार्डलेस रोख पैसे काढण्याची विनंती काही कालावधीसाठी वैध असावी.
7388,712802,D2,Banking,12.5,बजारमझारला माल सावठा परमाणमा गोया करीसन मतलबी लोके बजारवर परिणाम करतस,बाजाराचा माल सावठा परमाणमा गोया केल्यास मतलबी लोक बाजारावर परिणाम करतात.
7389,718768,D4,Banking,12.0,"बँकेत मेल आय.डी रजिस्टर करून , तुम्हाला मेलवर स्टेटमेंट मिळू शकते",बँकेत मेल आय.डी रजिस्टर करून तुम्हाला मेलवर स्टेटमेंट मिळू शकते
7390,708670,D1,Agriculture,12.5,प्रयोगशाळा आणि क्षेत्र सुविधा दोघांचो उपयोग करान शेती संशोधन होऊ शकता,प्रयोगशाळा आणि क्षेत्र सुविधा दोघांचा उपयोग करून शेती संशोधन होऊ शकते
7391,716717,D2,Banking,12.5,"डिजिटल पेमेंट प्लॅटफॉर्म फोनपे , नीति आयोगाच्या सहकार्याने चालतात",डिजिटल पेमेंट प्लॅटफॉर्म फोनपे नीति आयोगाच्या सहकार्याने चालतात
7392,721408,D4,Banking,12.0,ॲक्सिस बँकेच्या नऊ आंतरराष्ट्रीय कार्यालयांपैकी एक दुबईमध्ये आहे,ॲक्सिस बँकेच्या नऊ आंतरराष्ट्रीय कार्यालयांपैकी एक दुबईमध्ये आहे
7393,707007,D1,Banking,12.5,अर्थमंत्र्यांच्यो पोर्टफोलिओत जगभरात नावांचो मोठयो विविधता असता,अर्थमंत्र्यांच्या पोर्टफोलिओत जगभरात मोठे विविधता असते.
7394,716474,D2,Banking,12.5,विशिष्ट तारखेला इलेक्ट्रॉनिक क्लिअरिंग सिस्टमद्वारे भरपाई होते,विशिष्ट तारखेला इलेक्ट्रॉनिक क्लिअरिंग सिस्टमद्वारे भरपाई होते
7395,721397,D4,Banking,12.0,औषधाचा वाढता खर्च पाहता आम्हाला वैयक्तिक वित्त देखील आवश्यक आहे,औषधाचा वाढता खर्च पाहता आम्हाला वैयक्तिक वित्त देखील आवश्यक आहे
7396,706849,D1,Banking,12.5,आठ नोव्हेंबर दोन हजार सोळा रोजी भारत सरकारान नोटाबंदीचो घोषणा केल्यान,आठ नोव्हेंबर दोन हजार सोळा रोजी भारत सरकारने नोटाबंदीची घोषणा केली.
7397,716020,D2,Banking,12.5,"मुद्रा बाजार खातं , एक बँक किंवा क्रेडिट युनियन मध्ये व्याजाच खात आहे","मुद्रा बाजारात व्यवहार होत आहेत, एक बँक किंवा क्रेडिट युनियनमध्ये व्याज घेतले जाते."
7398,719034,D4,Agriculture,12.0,डेंग्यू मध्ये शेळीचे दूध सर्वोत्तम असल्याचे सांगितले जाते,डेंग्यूमध्ये शेळीचे दूध सर्वोत्तम असल्याचे सांगितले जाते
7399,707979,D1,Banking,12.5,"राजेश , तुम्ही नॅशनल हेल्थ इन्शुरन्ससाठी कार्यालयात फॉर्म भरलो होतो काय ?",राजेश तुम्ही नॅशनल हेल्थ इन्शुरन्ससाठी कार्यालयात फॉर्म भरला होता का?
7400,716708,D2,Agriculture,12.5,कांगो रबर हे लैंडोल्फिया दारूपासून मिळविले जाते,कांगो रबर लैंडोल्फिया दारूपासून मिळते
7401,720954,D4,Agriculture,12.0,वसंत ऋतूची वेळ होती आणि उतार बदामाच्या फुलांनी उजळला होता,वसंत ऋतूची वेळ होती आणि उतार बदामाच्या फुलांनी उजळला होता
7402,707980,D1,Agriculture,12.5,रामूच्या गावात येक एन.जी.ओ व्हिटॅमिन ए साठी गावकऱ्यांका पपई पिकवूक शिकवता,रामूच्या गावात एक एन.जी.ओ गावकऱ्यांना व्हिटॅमिन ए साठी पपई पिकवण्याचे शिक्षण देते
7403,716795,D2,Agriculture,12.5,माती ही पृथ्वीची त्वचा आहे जी जीवनाला आधार देते,माती ही पृथ्वीची त्वचा आहे जी जीवनाला आधार देते
7404,720587,D4,Agriculture,12.0,सुंदरबन डेल्टामुळे बांगलादेश जगातील सर्वात मोठा ज्यूट उत्पादक आहे,सुंदरबन डेल्टामुळे बांगलादेश जगातील सर्वात मोठा ज्यूट उत्पादक आहे
7405,709062,D1,Banking,12.5,तुमका तुमच्या रविवारच्या वर्तमानपत्रात मुल्यवान कूपन पण मिळू शकतत,तुमच्या रविवारच्या वर्तमानपत्रात मूल्यवान कूपन पण मिळू शकते.
7406,714678,D2,Banking,12.438,"गुगल पे ना वापर करनारा स्मार्ट फोन , टॅब , घड्याळ वरतीन बी बील भरु शकस","गुगलवर वापरून स्मार्ट फोन, टॅब, घड्याळवरून बिल भरू शकतो का?"
7407,720682,D4,Banking,12.0,बँक व्यवस्थापकाने सांगितलेली शिल्लक आर्थिक विवरणाशी संबंधित आहे,बँक व्यवस्थापकाने सांगितलेली शिल्लक आर्थिक विवरणाशी संबंधित आहे
7408,707688,D1,Banking,12.5,ना नफा फाऊंडेशनच्या स्थापनेसाठी कायद्याची परवानगी घेणा जरुरी आसा,नफा फाऊंडेशनच्या स्थापनेसाठी कायद्याची परवानगी घेणे आवश्यक आहे
7409,713205,D2,Banking,12.433,पैसा समाई ठेवानं आनी गरज पडी तव्हय पैसा काढानी परवानगी देवानं काम भी बँक शे,पैसा ठेवून गरज पडल्यास आणि काम बँकेचे असेल तर पैसे काढण्याची परवानगी द्यावी.
7410,722104,D4,Agriculture,12.0,आमच्या गावातील मुले लहान धरणे बांधून मासे पकडतात,आमच्या गावातील मुले लहान धरणे बांधून मासे पकडतात
7411,708905,D1,Banking,12.5,पैशाच्या संबंधातला कोनता पण काम वित्तीय सेवांमध्ये बघतत,पैशाच्या संबंधातील कोणतेही काम वित्तीय सेवांमध्ये पाहिले आहे.
7412,715937,D2,Agriculture,12.429,"मधमाशा अनेक आकारांमध्ये असतात , मध उत्पादन संचलनाच्या आधारावर ग्रामीण , शहरी असू शकतात","मधमाशा अनेक आकारांमध्ये असतात, मध उत्पादनाचे संचलनाच्या आधारावर ग्रामीण किंवा शहरी असू शकतात."
7413,721840,D4,Agriculture,12.0,पशुवैद्यकीय औषध आपल्या जनावरांच्या आरोग्यासाठी आवश्यक आहे,पशुवैद्यकीय औषध आपल्या जनावरांच्या आरोग्यासाठी आवश्यक आहे
7414,707919,D1,Banking,12.5,"मुद्द्दाम कर चुकवणा ह्यो कायदेशीर गुन्हो आसा , ह्या लक्ष्यात ठेव हां","मुद्दा करून चुकवणा हे कायदेशीर गुन्हो आहे, या लक्ष्यात ठेव."
7415,717733,D2,Agriculture,12.429,तणनाशकाकरिता कोणते उपकरण वापरावे ? पिकावर गोमूत्र फवारणी केल्यावर तण नष्ट होते का ?,तणनाशकासाठी कोणते उपकरण वापरावे? पिकावर गोमूत्र फवारणी केल्यावर तण नष्ट होते का?
7416,724325,D4,Banking,12.0,शैक्षणिक कर्जासाठी किती व्याज द्या लागते ?,शैक्षणिक कर्जासाठी किती व्याज द्यावे लागते?
7417,707734,D1,Banking,12.5,"पी.एच.डी करुसाठी सरकार तुमका संशोधन निधी देता , असा सरांनी सांगल्यानी","पीएच.डीसाठी सरकार संशोधन निधी देते, असा सरांनी सांगितले."
7418,715798,D2,Banking,12.429,"प्रथम पक्षाला कर्जदार म्हंटल जात , संपत्ती , सेवा किंवा धनाच कर्ज देणारा असतो","प्रथम पक्षाला कर्जदार संपत्ती, सेवा किंवा धनाचे कर्ज देणारा असतो"
7419,723848,D4,Banking,12.0,बचत खात खोलासाठी मले के.वाय.सी करा लागन का ?,बचत खात्यासाठी मला के.वाय.सी करायला लागते का?
7420,708195,D1,Banking,12.5,उत्तर प्रदेशचा ओळखपत्र बनवच्यासाठी तुमच्या पॅन कार्डाची गरज पडू शकता,उत्तर प्रदेशचे ओळखपत्र बनवण्यासाठी तुमच्या पॅन कार्डची गरज पडू शकते.
7421,713559,D2,Agriculture,12.429,"दूधना करता ते गायी , म्हशी पायतस , खेडा गावमा बकरीनं दूधभी खावापेवाले वापरतस","दूधना करताना ते गायी, म्हशी आणि पायटस, खेडा गावात बकरीचे दूध देखील लोक वापरतात."
7422,723717,D4,Banking,12.0,सामाजिक योजनेतून तुम्हाले कसा पैसा भेटू सकते ?,सामाजिक योजनेतून तुम्हाला कसे पैसे मिळू शकतात?
7423,708769,D1,Agriculture,12.5,भारतातल्या आसाम राज्यात चायचा उत्पन्न चांगला येता,भारतातील आसाम राज्यात उत्पन्न चांगले आहे
7424,713514,D2,Agriculture,12.423,आपलं सवतानं उत्पन्न पाशीन फायदा व्हवा करता काही ना काही योजना कराले जोयजे,आपल्या उत्पन्नातून फायदा व्हावा यासाठी काही योजना कराव्यात.
7425,722944,D4,Agriculture,12.0,सोल्यासाठी ट्रॅक्टर पेरणी यंत्रात किती अंतर रायते ?,सोल्यासाठी ट्रॅक्टर पेरणी यंत्रात किती अंतर लागते?
7426,711049,D1,Agriculture,12.5,सघन ब्रॉयलर शेडमधली हवा थेंबांच्या अमोनियामुळा अत्यंत प्रदुषित होउ शकता,सघन ब्रॉयलर शेडमधील हवा थेंबांच्या अमोनियामुळांमुळे अत्यंत प्रदूषित होऊ शकते.
7427,715964,D2,Agriculture,12.423,"माझी आई करवंदाची खूप चविष्ट भाजी बनवते , मला ही भाजी खुप आवडते","माझी आई करवंदाची खूप चविष्ट भाजी बनवते, मला ही भाजी खूप आवडते"
7428,723463,D4,Agriculture,12.0,यका एकरात किती क्विंटल पराटी पिकली त कास्तकाराइले नफा होईन ?,एकदा किती क्विंटल कापूस पिकला तर कामगाराला नफा होणार नाही का?
7429,706813,D1,Banking,12.5,म्युच्युअल फंडासारखा गुंतवणूक निधी लोकांकडे असू शकता,म्युच्युअल फंडासारखा गुंतवणूक निधी लोकांकडे असू शकतो
7430,715494,D2,Banking,12.423,खूप वर आणि खूप खाली दोन्ही प्रकारचे करांचे दर आर्थिक स्थितीला बिघडवू शकतात,खूप वर आणि खूप खाली दोन्ही प्रकारचे कर दर आर्थिक स्थिती बिघडवू शकतात.
7431,723917,D4,Banking,12.0,कर्ज काढासाठी मले बँकेत खातं लागन का ?,कर्ज काढण्यासाठी मला बँकेत खाते लागते का?
7432,710846,D1,Agriculture,12.5,बागकामासाठी हिरवळीचा खत सगळ्यात चांगला उत्पादन असा,बागकामासाठी हिरवळीचा खत सर्वात चांगले उत्पादन आहे.
7433,717861,D2,Agriculture,12.423,"तांबड्या मातीत गाजर , मुळा , बटाटा हि पिके घेऊ शकतो का ?","तांब्याच्या मातीत गाजर, मुळा आणि बटाटे पिकवू शकतो का?"
7434,723763,D4,Banking,12.0,बचत खातं काढासाठी मले कोंते कागद लागन ?,बचत काढण्यासाठी मला किती कागद लागेल?
7435,709881,D1,Agriculture,12.5,घरगुती कोकरा इतर सस्तन प्राण्यांसारखीच लैंगिक पुनरुत्पादन करतत,घरगुती कोकरा इतर सस्तन प्राण्यांसारखे लैंगिक पुनरुत्पादन करतात
7436,715390,D2,Agriculture,12.423,"ऑलिव्हच्या तेलामध्ये जीवनसत्व इ , लोह , खनिज मिनरल सारखे अनेक पोषकतत्व असतात","ऑलिव्हच्या तेलामध्ये जीवनसत्व ई, लोह, खनिजे आणि मिनरल्ससारखे अनेक पोषकतत्व असतात."
7437,724046,D4,Banking,12.0,माया खात्यात कितीक पैसे बाकी हाय हे कस पायता येईन ?,"माया खात्यात किती पैसे बाकी आहेत, ते कसे मिळतील?"
7438,710781,D1,Banking,12.5,निश्चित किंमतींवर चलन खरेदी विक्री आणि देवाण घेवाणीचो समावेश होता,निश्चित किंमतींवर चलन खरेदी विक्री आणि देवाणघेवाणीचा समावेश होता
7439,714152,D2,Agriculture,12.423,जगमा जवढी भी साखर शे तेना पैकी एकोणऐंशी टक्का साखर ऊसपासून तयार व्हस,जगामध्ये जवढी भी साखर शेते त्यापैकी ऐंशी टक्के साखर ऊसपासून तयार होते.
7440,723814,D4,Banking,12.0,मले आर.टी.जी.एस करतांनी एक लाखावर कितीक पैसे लागन ?,मला आर.टी.जी.एस करतांनी एक लाखावर किती पैसे लागतील?
7441,708289,D1,Agriculture,12.5,चिया बी दक्षिण अमेरिकेच्या पश्चिम भागात बऱ्याच देशात पिकवतत,चिया बी दक्षिण अमेरिकेच्या पश्चिम भागात बऱ्याच देशात पिकवले जाते.
7442,713254,D2,Banking,12.417,स्वातंत्र्य ना पयले देश मा केंद्रीय बँक मन्हीसन भारतीय रिझर्व बँक व्हती,स्वातंत्र्य न पयले देशमा केंद्रीय बँक म्हणून भारतीय रिझर्व बँक होती
7443,724115,D4,Banking,12.0,वित्तीय सेवा कितीक परकारच्या असतात व मले त्या कशा भेटन ?,वित्तीय सेवा किती आवश्यक आहेत आणि मला ते कशा मिळतील?
7444,709279,D1,Banking,12.5,प्रत्यक्ष जमा असल्यामुळे पैशाक एका ठिकाणावरना दुसऱ्या जागेर पाठवू शकताव,प्रत्यक्ष जमा असल्यामुळे पैशाला एका ठिकाणाहून दुसऱ्या जागी पाठवता येते.
7445,717007,D2,Agriculture,12.417,बायोगॅस पॉवरपॉईंट हा सौर उर्जा आणि पवन उर्जेप्रमाणेच अक्षय उर्जा स्त्रोत आहे,बायोगॅस पॉवरपॉईंट हा सौर ऊर्जा आणि पवन ऊर्जेप्रमाणेच अक्षय ऊर्जा स्त्रोत आहे
7446,724027,D4,Banking,12.0,आरोग्य बिमा काढासाठी मले काय करा लागन ?,आरोग्य विमा काढण्यासाठी मला काय करावे लागेल?
7447,708697,D1,Agriculture,12.5,झाडा पिवळसर आणि छोटी दिसतत तेचा क्लबरूट एक प्रकारचो कवक रोग ह्यो कारण असा,"झाड पिवळसर आणि लहान दिसत आहे, त्याचा क्लबरूट एक प्रकारचा बुरशीचा रोग आहे, हे कारण आहे."
7448,713093,D2,Banking,12.417,कार्पोरेशन ना शेअर आखनारासनी शेअरनी संख्या आनी प्रकार याले शेअर कॅपिटल म्हणतस,संस्थेचे शेअर माहितीचे संख्या आणि प्रकार हे शेअर कॅपिटल म्हणतात.
7449,722937,D4,Agriculture,12.0,पराटीवरच्या माव्यासाठी कोनचे इलाज कराच पायजे ?,पाठदुखीसाठी कोणते उपचार करायचे आहेत?
7450,709016,D1,Banking,12.5,कमोडीटी बाजराक ऑनलाईन केल्यामुळे करणाऱ्याक धान्याचो योग्य भाव मिळता,कमोडिटी बाजार ऑनलाइन केल्यामुळे करणाऱ्यांना धान्याचा योग्य भाव मिळतो.
7451,716282,D2,Banking,12.417,स्टोअर ची किंमत या वस्तू असतात ज्यांची किंमत भविष्यामध्ये ठरवली जाऊ शकते,या वस्तूंची किंमत भविष्यात ठरवली जाऊ शकते.
7452,724102,D4,Banking,12.0,जीवन ज्योती योजनेत बिमा धारकाले किती फायदा भेटन ?,जीवन ज्योती योजनेत विमा धारकाले किती फायदा मिळते?
7453,707457,D1,Agriculture,12.5,"केरळ ह्या भारतातला सगळ्यात मोठा नैसर्गिक रबर उत्पादक राज्य आसा , असा म्या वाचलंय","केरळ हा भारतातील सर्वात मोठा नैसर्गिक रबर उत्पादक राज्य होता, असे मी वाचले."
7454,712743,D2,Banking,12.409,राजेंनी युटुबवर पीअर टु पीअर कर्जना बारामा सोपा पद्धतीनं समझी ल्हिनं,राज्याने युट्यूबवर पीअर टू पीअर कर्जाला सोप्या पद्धतीने समजले
7455,721588,D4,Agriculture,12.0,वाइनमेकिंग दोन सामान्य श्रेणीं मध्ये विभागले जाऊ शकते,वाइनमेकिंग दोन सामान्य श्रेणींमध्ये विभागले जाऊ शकते
7456,710016,D1,Banking,12.5,"भावा , प्रधानमंत्री सुरक्षा बिमा योजनेची सुरुवात कधी झाली हुती",प्रधानमंत्री सुरक्षा विमा योजनेची सुरुवात कधी झाली?
7457,714492,D2,Banking,12.409,वैयक्तिक दुर्घटना आरोग्य विमा दुर्घटना व्हवावर ॲम्बुलन्सनं भाडं देस का ?,वैयक्तिक दुर्घटना आरोग्य विमा दुर्घटना झाल्यास ॲम्बुलन्सचे शुल्क देता का?
7458,719302,D4,Banking,12.0,"जर अर्ज भरायचा असेल , तर पुरेशा पुराव्यासह तुमचे के.वाय.सी पूर्ण करावे लागेल","जर अर्ज भरायचा असेल, तर पुरेशा पुराव्यासह तुमचे के.वाय.सी पूर्ण करावे लागेल."
7459,711666,D1,Agriculture,12.5,सिल्व्हरफिश कीटकांना नैसर्गिकरित्या कसा मारतत ?,सिल्व्हरफिश कीटकांना नैसर्गिकरित्या कसे मारले जातात?
7460,713237,D2,Banking,12.409,पी.एम गरीब कल्याण रोजगार अभियानमुये सहा राज्यसना कष्टकरी लोकेसले रोजगार भेटी,पीएम गरीब कल्याण रोजगार अभियानामुळे सहा राज्यांचे कष्टकरी लोक रोजगाराच्या संधी मिळवतात.
7461,723434,D4,Agriculture,12.0,तुरी ऊंच वाढल्या म्हनजे त्याचे शेंडे तोडनं चांगलं राहीन का ?,तुझी उंची वाढल्यास त्याचे फांद्या तोडणे चांगले राहील का?
7462,709388,D1,Agriculture,12.5,कातणारा खेचर ह्या कापूस आणि इतर तंतू कातूसाठी वापरला जाणारा यंत्र असा,कातणारा खेचर हे कापूस आणि इतर तंतू कातूसाठी वापरले जाणारे यंत्र आहे.
7463,716016,D2,Banking,12.409,मुदत ठेव आणि आवर्ती ठेव भारतामध्ये सगळ्यात लोकप्रिय गुंतवणूकीचे उत्पादन आहे,मुदत ठेव आणि आवर्ती ठेव भारतामध्ये सगळ्यात लोकप्रिय गुंतवणूकीचे उत्पादन आहे
7464,723137,D4,Agriculture,12.0,सवंगनीनंतर पावसाची शक्यता असन त त्याची सोय कशी लावा लागन ?,सवंगणीनंतर पावसाची शक्यता असेल तर त्याची सोय कशी करावी लागेल?
7465,709909,D1,Agriculture,12.5,डॉक्टरांनी सांगितल्यांनी हा की लिंबू आणि मध पाणयात मिसळायचो,डॉक्टरांनी सांगितले की लिंबू आणि मध पाण्यात मिसळायचे
7466,715775,D2,Banking,12.409,पेन्शन निधीने तुम्ही पायरी दर पायरी पद्धतीने रकमेची निर्मिती करू शकतात,पेन्शन निधीने तुम्ही पायरी दर पायरी पद्धतीने रकमेची निर्मिती करू शकता
7467,723971,D4,Banking,12.0,सोन्यावर कर्ज भेटासाठी मले का करा लागन ?,मला सोन्यावर कर्ज भेटासाठी का करावे लागेल?
7468,709931,D1,Banking,12.5,दोन वर्षांनंतर माझी म्युच्युअल फंडातील गुंतवणूक पूर्ण होत,दोन वर्षांनंतर माझी म्युच्युअल फंडातील गुंतवणूक पूर्ण होत.
7469,713021,D2,Agriculture,12.4,"लब्बरफाइ गाड्यासना टायर , ईलास्टिक , लब्बरन्या चटया इतलं बनस","रबरचा टायर, इलास्टिक, रबराचे साहित्य इतके बनले."
7470,723936,D4,Banking,12.0,क्रेडिट कार्ड घ्यासाठी ऑनलाईन फारम भरन जरुरीच हाय का ?,क्रेडिट कार्ड घेण्यासाठी ऑनलाईन फॉर्म भरणे जरुरी आहे का?
7471,708705,D1,Agriculture,12.5,बायोगॅस संयंत्र शेतातल्या कचर्याचो किंवा उर्जा शेतीचो उपचार करता,बायोगॅस संयंत्र शेताच्या कचऱ्याचा किंवा ऊर्जा शेतीचा उपचार करतो.
7472,713171,D2,Banking,12.4,जनताले पैसा देनारी व पैसा लेनारी संस्थाले वित्तीय संस्था म्हनतस,जनताले पैसा देण्याची आणि पैसा घेण्याची संस्था वित्तीय संस्था म्हणतात.
7473,723747,D4,Banking,12.0,कर्जासाठी पायजेन असणारा स्कोर मले कसा पायता येईन ?,मला कर्जासाठी असलेला स्कोर कसा मिळेल?
7474,706850,D1,Banking,12.5,नोटाबंदीच्यो घोषणेनंतर दीर्घकाळ रोख टंचाई निर्माण झाली,नोटाबंदीच्या घोषणेनंतर दीर्घकाळ रोख टंचाई निर्माण झाली
7475,715215,D2,Banking,12.4,सर्व वित्तीय संस्था वित्त आणि अर्थव्यवस्थेशी संबंधित सर्व निर्णय घेतात,सर्व वित्तीय संस्था वित्त आणि अर्थव्यवस्थेशी संबंधित सर्व निर्णय घेतात
7476,723033,D4,Agriculture,12.0,संत्र्याले ऊन्हाळ्यात रोज किती लीटर पानी द्या लागते ?,संत्र्यांसाठी ऊन्हाळ्यात रोज किती लीटर पाणी द्यावे लागते?
7477,709371,D1,Agriculture,12.5,"एसिडिफायर गॅस्ट्रिक , मूत्र नीट होतत आणि आम्लतेक नियंत्रणात ठेवतत","ॲसिडिफायर गॅस्ट्रिक, मूत्र व्यवस्थित होत आहे आणि आम्लाचे नियंत्रण ठेवले जात आहे."
7478,716338,D2,Banking,12.4,"स्थावर मालमत्तेत जमीन , घर , प्लॉट इत्यादींचा समावेश होतो","स्थावर मालमत्तेत जमीन, घर, प्लॉट इत्यादींचा समावेश होतो."
7479,724078,D4,Banking,12.0,बचत खाते खोलासाठी किती पैसे भरा लागन ?,बचत खाते उघडण्यासाठी किती पैसे भरावे लागतील?
7480,706770,D1,Banking,12.5,क्रेडिट रिस्क कर्जदारान आवश्यक पेमेंट करुक अयशस्वी झाल्यामुळे उद्भवू शकता,कर्जदारांकडून आवश्यक पेमेंट अयशस्वी झाल्यामुळे क्रेडिट रिस्क उद्भवू शकते
7481,716898,D2,Banking,12.389,आर्थिक लेखामधील ताळेबंदाला आर्थिक स्थितीचे विवरण म्हणूनही ओळखले जाते,आर्थिक लेखामधील ताळेबंदाला आर्थिक स्थितीचे विवरण म्हणूनही ओळखले जाते
7482,724254,D4,Banking,12.0,सामाजिक योजनेसाठी मले कोंते कागद लागन ?,सामाजिक योजनेसाठी मला किती कागद लागतात?
7483,707815,D1,Agriculture,12.5,बुरशीच्ये रोग ह्ये भाजीपाला बागेच्या मोठ्या नुकसानाक जबाबदार आसत,बुरशीचे रोग हे भाजीपाल्याच्या बागेचे मोठे नुकसान जबाबदार होते
7484,715172,D2,Banking,12.389,वडिलांनी बचत खात उघडून अमीषाला बचत करण्यासाठी प्रोत्साहन दिले,वडिलांनी बचत खाते उघडून अमीषाला बचत करण्यासाठी प्रोत्साहन दिले
7485,723946,D4,Banking,12.0,इलेक्ट्रिक बिल ऑनलाईन भरासाठी का करा लागन ?,इलेक्ट्रिक बिल ऑनलाईन भरण्यासाठी का करावे लागते?
7486,710127,D1,Agriculture,12.5,आधीच अनुमान लावुन आपण कित्येक संकंटांपासून वाचू शकतव,आधीच अनुमान लावून आपण अनेक संकंटांपासून वाचू शकतो.
7487,718620,D2,Agriculture,12.382,"भारत हा डाळी , तांदूळ , दूध , ताग आणि कापसाचा जगातील सर्वात मोठा उत्पादक देश आहे","भारत हा डाळी, तांदूळ, दूध, तग आणि कापसाचा जगातील सर्वात मोठा उत्पादक देश आहे."
7488,723088,D4,Agriculture,12.0,द्विदल धान्याच्या पिकाच्या वाढीसाठी यूरिया ची गरज रायते का ?,द्विदल धान्याच्या पिकाच्या वाढीसाठी युरियाची गरज वाटते का?
7489,709057,D1,Banking,12.5,वित्तिय तज्ञांनी सांगितला की म्युच्युअल फंड बाजारावर अबलंबून असता,वित्तिय तज्ञांनी सांगितले की म्युच्युअल फंड बाजारावर अवलंबून असतो.
7490,716228,D2,Banking,12.375,संशोधन निधीमध्ये संभाव्य संशोधन प्रकल्पांच मूल्यांकन केलं जातं,संशोधन निधीमध्ये संभाव्य संशोधन प्रकल्पांचे मूल्यांकन केले जात आहे
7491,723844,D4,Banking,12.0,मले बचत खातं खोलासाठी कोंते कागद लागन ?,मला बचत खाते उघडण्यासाठी काही कागदपत्रे लागतील का?
7492,710627,D1,Agriculture,12.5,कृषी अभियांत्रिकीमुळा सिंचन प्रणाली विकसीत झाली आणि वापरात असा,कृषी अभियांत्रिकीमुळा सिंचन प्रणाली विकसित झाली आणि ती वापरात आहे
7493,714739,D2,Banking,12.375,तूले आर्थिक डेटा इक्रेताकडथून मार्केट डेटा भेटू शकस,तुम्हाला आर्थिक डेटा इन्वेस्टरकडून मार्केट डेटा मिळू शकतो का?
7494,723906,D4,Banking,12.0,आर.टी.जी.एस करासाठी माय खात असनं जरुरीच हाय का ?,आर.टी.जी.एस. करासाठी ते आवश्यक आहे का?
7495,710817,D1,Banking,12.5,पैशे पाठवताना रिस्क नको असात तर मनी ऑर्डर चांगलो पर्याय असा,पैशे पाठवताना धोका नसावा तर मनी ऑर्डर चांगला पर्याय आहे
7496,717726,D2,Agriculture,12.375,बुरशी म्हणजे काय ? तो पिकावर पडण्याआधी कसे ओळखावे ? बुरशीचे काही प्रकार आहेत का ?,बुरशी म्हणजे काय? तो पिकावर पडण्याआधी कसा ओळखायचा? बुरशीचे काही प्रकार आहेत का?
7497,723691,D4,Banking,12.0,बचत खात खोलासाठी मले किती पैसे भरा लागन ?,मला या खात्यासाठी किती पैसे भरावे लागतील?
7498,707230,D1,Banking,12.5,ज्या खात्याक तुम्ही चेक स्टेटस सत्यापित करू इच्छिता ता खाता निवडा,"ज्या खात्याचे तुम्ही चेक स्टेटस सत्यापित करू इच्छिता, ते खाते निवडा"
7499,717250,D2,Banking,12.375,क्रेडिट मर्यादेचा पूर्ण वापर केल्याने क्रेडिट वापरमर्यादा वाढते,क्रेडिट मर्यादेचा पूर्ण वापर केल्याने क्रेडिट वापरमर्यादा वाढते
7500,723467,D4,Agriculture,12.0,हिवाळ्यामंदी कडक थंडीत पिकाचे संरक्षण कसे करा लागन ?,हिवाळ्यामंदीच्या कडक थंडीत पिकांचे संरक्षण कसे करावे लागेल?
7501,708201,D1,Banking,12.5,ए.एफ.आय सदस्यांसाठी डिजिटल वित्तीय सेवा ह्या विशेष लक्ष पुरवचा एक क्षेत्र आसा,ए.एफ.आय. सदस्यांसाठी डिजिटल वित्तीय सेवा हा विशेष लक्ष पुरवचा एक क्षेत्र आहे.
7502,716491,D2,Agriculture,12.357,"पाणी हा अजैविक , पारदर्शक , चवहीन , गंधहीन आणि रंगहीन रासायनिक पदार्थ आहे","पाणी हा अजैविक, पारदर्शक, चवहीन, गंधहीन आणि रंगहीन रासायनिक पदार्थ आहे"
7503,723639,D4,Banking,12.0,कितीक परकारच्या सामाजिक योजना हाय कस मायती पडन ?,कोणत्या प्रकारच्या सामाजिक योजना आहेत आणि ती माहिती कशी मिळेल?
7504,710263,D1,Agriculture,12.5,तंबाखुची शेती तंबाखु पिकवणाऱ्या शेतकऱ्यांसाठी पण धोकादायक असा,तंबाखूची शेती तंबाखू पिकवणाऱ्या शेतकऱ्यांसाठी पण धोकादायक आहे.
7505,713855,D2,Banking,12.346,आमले भविष्यमा खाताना लाभ भेटाले जोयजे म्हनीसन आमले महिना महिना पैसा भरना पडतस,आमचे भविष्यकाळात खाताना लाभ मिळाले पाहिजे म्हणून आमचे महिना महिना पैसे भरावे लागतील.
7506,723546,D4,Agriculture,12.0,मक्याच्या पिकाले हेक्टरी किती खात द्या लागन ?,मक्याच्या पिकांसाठी हेक्टर किती द्यावा लागेल?
7507,711067,D1,Banking,12.5,सरकारी बाँडाक विदेशी चलन किंवा स्वताच्या देशाच्या चलनान व्यवहार करु शकतव,सरकारी बँका विदेशी चलन किंवा स्वतःच्या देशाच्या चलनाचे व्यवहार करू शकतात.
7508,713200,D2,Banking,12.333,"घर , दुकान , ऑफिस , मॉल यासारख्या प्रॉपर्ट्या संपत्ती करमा येतीस","घर, दुकान, ऑफिस, मॉल यांसारख्या मालमत्ता संपत्ती तुला आहेत."
7509,722899,D4,Agriculture,12.0,रब्बी हंगामात गव्हाची पेरनी कोनत्या मईन्यात कराव ?,रब्बी हंगामात गव्हाची पेरणी कोणत्या महिन्यात करायची?
7510,706589,D1,Banking,12.5,पंधरा नोव्हेंबर दोन हजार एकवीस पर्यंता सार्वजनिक क्षेत्रातलो अकरा बँका असत,पंधरा नोव्हेंबर दोन हजार एकवीस सार्वजनिक क्षेत्रात अकरा बँका होत्या
7511,713147,D2,Banking,12.3,एक मार्जिन खातं एक दलालना संगे एक कर्जनं खात रास,"एक मार्जिन घेतले जाते, एक दलालासोबत आणि एक कर्ज घेतले जाते."
7512,721107,D4,Banking,12.0,संबंधित कर्जामध्ये एक किंवा अधिक सावकार कर्जदाराला कर्जाची परतफेड करत असतात,संबंधित कर्जामध्ये एक किंवा अधिक सावकार कर्जदाराला कर्जाची परतफेड करत असतात
7513,710078,D1,Agriculture,12.5,विस्तीर्ण शेती म्हणजे पशुधन आणि मोठ्या भूभागावरील पिकांचे उत्पादन,विस्तीर्ण शेती म्हणजे पशुधन आणि मोठ्या भूभागावरील पिकांचे उत्पादन
7514,713567,D2,Banking,12.265,"धंदा नं खातं , नवरा बायको नं मियीन एक खातं आनी आपलं एक सेपरेट खातं बॅकमा जोयजे","व्यवसायाचे खाते, पती-पत्नीचे एक खाते आणि आपले एक वेगळे खाते परत मिळवा."
7515,721667,D4,Banking,12.0,सामान्यतः रोख रकमेऐवजी परदेशात सुट्टीच्या दिवशी लोक वापरतात,सामान्यतः रोख रकमेऐवजी परदेशात सुट्टीच्या दिवशी लोक वापरतात
7516,709699,D1,Agriculture,12.5,सरकारी अधिकाऱ्यांची तपासणी केल्यावर काही महिन्यांतच परवानो मिळतलो,सरकारी अधिकाऱ्यांची तपासणी केल्यावर काही महिन्यांतच परवाने मिळाले.
7517,714659,D2,Banking,12.25,क्रेडीट कार्डना दोन गट शेतस व्यवसाय क्रेडीट कार्ड आणि ग्राहक क्रेडीट कार्ड,क्रेडिट कार्डचे दोन गट व्यवसाय क्रेडिट कार्ड आणि ग्राहक क्रेडिट कार्ड आहेत
7518,723611,D4,Banking,12.0,मले खातं काढासाठी फोटो अस सयी जरुरीची हाय का ?,मला खाण्यासाठी फोटो असण्याची गरज आहे का?
7519,711169,D1,Agriculture,12.5,ज्योती जातीच्या भाताखातीर कसला खत आणि ता कितक्या प्रमाणात वापराचा ?,ज्योती जातीच्या भाताखातीसाठी कोरे खत आणि ते किती प्रमाणात वापरावे?
7520,713158,D2,Banking,12.2,एक इलेक्ट्रॉनिक हस्तांतरण एक ऑनलाईन नेटवर्कवर पैसासना इलेक्ट्रॉनिक हस्तांतरण से,एक इलेक्ट्रॉनिक हस्तांतरण एक ऑनलाईन नेटवर्कवर पैशाचे इलेक्ट्रॉनिक हस्तांतरण आहे.
7521,719643,D4,Agriculture,12.0,"राजू , किसान मंडईमध्ये फक्त एम.एस.पी वर पिकांची खरेदी विक्री केली जाते","राजू, किसान मंडईमध्ये फक्त एम.एस.पी वर पिकांची खरेदी विक्री केली जाते."
7522,707421,D1,Banking,12.5,"कविता सांगा होता की , युनायटेड किंगडममध्ये कर्ज समुपदेशन म्हणून ओळखला जाता",कविता म्हणतात की युनायटेड किंगडममध्ये कर्ज समुपदेशन म्हणून ओळखला जातो
7523,714559,D2,Banking,12.2,आंतरराष्ट्रीय कर कायदा न्यारा न्यारा सरकारना न्यारा न्यारा राहू शकस,आंतरराष्ट्रीय कर कायदा अनेक सरकारांना राहू शकतो.
7524,723622,D4,Banking,12.0,पैसे गुंतवाच्या वेळेसं मले ऑफलाईन अर्ज भरा लागन का ?,पैसे गुंतवण्याच्या वेळी मला ऑनलाईन अर्ज भरायला का लागेल?
7525,708806,D1,Agriculture,12.5,कातरणा एक अशी प्रक्रिया हा जेच्यात मेंढ्यांचा लोकर काढतत,कातरणा ही अशी प्रक्रिया आहे ज्यामध्ये मेंढ्यांचा लोकर काढला जातो.
7526,713523,D2,Banking,12.0,ब्यांकमा नोकरी हायी सुरक्षित मानतंस,बँकेत नोकरी सुरक्षित वाटते
7527,723502,D4,Agriculture,12.0,विजय जातीच्या सोल्याले किती पानी द्या लागन ?,विजय जातीच्या सोल्याले किती पाणी द्यावे लागेल?
7528,711866,D1,Banking,12.5,माझ्या घरातल्याच्या बँक खात्यात यू.पी.आय ट्रान्स्फर करुक शकतय काय ?,माझ्या घरातील बँक खात्यात यूपीआय ट्रान्सफर करता येतो का?
7529,716715,D2,Banking,12.0,अमेरिकन डॉलर हे जगातील सर्वात स्थिर चलन देखील मानले जाते,अमेरिकन डॉलर हे जगातील सर्वात स्थिर चलन देखील मानले जाते
7530,723029,D4,Agriculture,12.0,"संत्रा , मोसंबीवर फवारा माराले कोनचा पंप चांगला रायते ?","संत्रा, मोसंबीवर फवारा मारण्यासाठी कोणता पंप चांगला राहील?"
7531,706578,D1,Banking,12.5,ई.एफ.टी व्यवहार अनेक देशांमध्ये आणि विविध पेमेंट सिस्टमद्वारा ओळखला जाता,ई.एफ.टी व्यवहार अनेक देशांमध्ये आणि विविध पेमेंट प्रणालीद्वारे ओळखला जातो
7532,714210,D2,Agriculture,12.0,एरंडेलनं तेलवरी मालीश करावर हाडे मजबूत व्हतंस,एरंडेलवर तेल लावून हाडे मजबूत होतात
7533,723169,D4,Agriculture,12.0,शेतामंदी ट्रॅक्टर रोटावेटर मारनं ठीक हाये का ?,शेतामंदी ट्रॅक्टर रोटावेटर ठीक आहे का?
7534,707976,D1,Banking,12.5,"राजू तुका माहीत आसा की , आय.पी.ओ फक्त गुंतवणूक बँको विकतत ?",राजू तुम्हाला माहीत आहे का की आय.पी.ओ फक्त गुंतवणूक बँका विकतात?
7535,716935,D2,Agriculture,12.0,गहू आणि तांदळाच्या पेंढ्यापासून लवचिक फायबर बनवले जाते,गहू आणि तांदळाच्या पेंढ्यापासून लवचिक फायबर बनवले जाते
7536,723280,D4,Agriculture,12.0,वांग्याच्या शेंडी अळीवर कोनची दवाई फवारा लागन ?,वांग्याच्या शेंडीवरील अळीवर कोणत्या औषधाचा फवारा लावायचा आहे?
7537,710200,D1,Agriculture,12.5,कापूस कापूच्या यंत्रामुळे कापसाच्या मोठ्या उत्पादनात मदत होता,कापूस कापूच्या यंत्रामुळे कापसाच्या मोठ्या उत्पादनात मदत झाली
7538,713249,D2,Banking,12.0,सीड मनी हाऊ येवसाय सुरु करा ना करता काममा येस,"सीड मनी कसे सुरू करायचे आहे, काम कसे करायचे आहे?"
7539,724191,D4,Banking,12.0,मले दोन हजार परमाने मासिक कर्ज कस भेटन ?,मला दोन हजार परमाने मासिक कर्ज कसे मिळते?
7540,708523,D1,Agriculture,12.5,शेतमालाच्या विक्रीत अडत विक्रेत्यांची संख्या कमीत कमी आसुक होयी,शेतमालाच्या विक्रीत अडकलेल्या विक्रेत्यांची संख्या कमीत कमी असावी.
7541,716559,D2,Banking,12.0,दिवाळखोरी सर्वात अनपेक्षित तिमाहीत ऐकल्या जातात,दिवाळखोरी सर्वात अनपेक्षित तिमाहीत ऐकल्या जातात
7542,723152,D4,Agriculture,12.0,खरीप हंगामात सोयाबीनची कोनच्या महिन्यापर्यंत पेरनी कराव ?,खरीप हंगामात सोयाबीनची कोनच्या महिन्यापर्यंत पेरणी करावी का?
7543,708569,D1,Banking,12.5,स्थूल अर्थशास्त्रात आपण मोठ्या स्तरावर अभ्यास करतंव,स्थूल अर्थशास्त्रात आपण मोठ्या स्तरावर अभ्यास करत आहोत
7544,713798,D2,Banking,12.0,इक्विटी हाऊ व्याज ना सामान्य प्रकारसे,इक्विटी आणि व्याज सामान्य प्रकारचा नाही
7545,722790,D4,Agriculture,12.0,वेगवेगळ्या प्राण्यांसाठी वेगवेगळे खाद्य प्रकार वापरले जातात,वेगवेगळ्या प्राण्यांसाठी वेगवेगळे खाद्य प्रकार वापरले जातात
7546,710472,D1,Agriculture,12.5,सरकारना नुकतीच कित्येक पिकांच्या आधारभूत किंमतीत वाढ जाहिर केली हा,सरकारने नुकतीच कित्येक पिकांच्या आधारभूत किंमतीत वाढ जाहीर केली
7547,716476,D2,Banking,12.0,प्राचीन काळी भारतात व्यापाऱ्यांकडून व्याज गोळा केले जात असे,प्राचीन काळी भारतात व्यापाऱ्यांकडून व्याज गोळा केले जात असे
7548,723727,D4,Banking,12.0,कमी वेळेच्या कर्जासाठी ऑनलाईन फारम भरा लागते का ?,कमी वेळेच्या कर्जासाठी ऑनलाईन फॉर्म भरायला लागतो का?
7549,708345,D1,Banking,12.5,निश्चित उत्पन्नाचा विश्लेषण करताना खयच्याय प्रकारची जोखीम मोजुक इसरता नये,निश्चित उत्पन्नाचे विश्लेषण करताना प्रकारची जोखीम मोजू नये.
7550,717372,D2,Agriculture,12.0,काळी व मुरमाड माती एकत्रित करुन कोणते पीक घेता येईल का ?,काळी व मुरमाड माती एकत्रित करून कोणते पीक घेतले जाईल?
7551,720485,D4,Banking,12.0,प्रतिनिधित्व हे पैशाच्या देवाणघेवाणीचे माध्यम आहे,प्रतिनिधित्व हे पैशाच्या देवाणघेवाणीचे माध्यम आहे
7552,707541,D1,Banking,12.5,जोखमीसाठी तयार असलेल्या कंपन्यांना सिंडिकेटेड कर्ज दिला जाता,जोखमीसाठी तयार असलेल्या कंपन्यांना सिंडिकेटेड कर्ज दिले जाते
7553,717277,D2,Agriculture,12.0,"लाल मातीमध्ये कोणकोणती पिके घेऊ शकतो , ते सांगा","लाल मातीमध्ये कोणकोणती पिके घेतली जाऊ शकतात, ते सांगा"
7554,722623,D4,Banking,12.0,कंपनीने लाभांश म्हणून अदा करण्याऐवजी इक्विटी धारकांकडे ठेवली आहे,कंपनीने लाभांश म्हणून अदा करण्याऐवजी इक्विटी धारकांकडे ठेवली आहे
7555,709458,D1,Agriculture,12.5,टोकदार दुधी काकडी आणि स्क्वॅश सारी कुकुरबिटेसी परिवारातला एक रोप असा,टोकदार दुधी काकडी आणि स्क्वॅश सर्व कुकुरबिटेसी परिवारातला एक रोप आहे.
7556,718499,D2,Banking,12.0,बँकेत चालू खाते सुरु करण्यासाठी काय प्रक्रिया आहे ?,बँकेत चालू खाते सुरू करण्यासाठी काय प्रक्रिया आहे?
7557,723492,D4,Agriculture,12.0,दुधाळू जनावराइले वला अस सुका चारा किती द्या लागन ?,दुधाळू जनावराइले वला असल्यास सुका चारा किती द्यावा लागेल?
7558,706664,D1,Banking,12.5,आयकर विभाग ह्या वित्त मंत्रालयाच्यो महसूल विभागाच्या अंतर्गत कार्य करता,आयकर विभाग वित्त मंत्रालयाच्या महसूल विभागाच्या अंतर्गत कार्य करतो
7559,718461,D2,Banking,12.0,खातेधारक नसणाऱ्या व्यक्तींना मी यू.पी.आय द्वारे पैसे देऊ शकतो का ?,खातेधारक नसलेल्या व्यक्तींना मी यूपीआय द्वारे पैसे देऊ शकतो का?
7560,720390,D4,Banking,12.0,कंपनीच्या ताळेबंदात कॉर्पोरेट फायनान्सचे तपशीलवार वर्णन केले आहे,कंपनीच्या ताळेबंदात कॉर्पोरेट फायनान्सचे तपशीलवार वर्णन केले आहे
7561,708106,D1,Agriculture,12.5,साध्या भोपळ्याची लांबी आठ इंचांपर्यंत असता पण ती येक मीटरपर्यंत वाढता,साध्या भोपळ्याची लांबी आठ इंचांपर्यंत असते पण ती एक मीटरपर्यंत वाढते
7562,718112,D2,Banking,12.0,कर्जासाठी मला ऑनलाईन अर्ज करण्याची गरज आहे का ?,कर्जासाठी मला ऑनलाईन अर्ज करण्याची गरज आहे का?
7563,721034,D4,Agriculture,12.0,राकेशला डुकरांच्या जातींची यादी बनवण्याचे काम मिळाले आहे,राकेशला दुकरांच्या जातींची यादी बनवण्याचे काम मिळाले आहे
7564,710501,D1,Agriculture,12.5,ॲपल स्कार स्किन व्हायरॉइडमुळा पोम फळाचो गंभीर आजार होता,ॲपल स्कार स्किन व्हायरसमुळे पोम फळाचे गंभीर आजार झाले होते
7565,717829,D2,Agriculture,12.0,"माझी दोन एकर शेती आहे , मला शासनाकडून काही मदत मिळू शकते का ?","माझी दोन एकर शेती आहे, मला शासनाकडून काही मदत मिळू शकते का?"
7566,719041,D4,Agriculture,12.0,सेंद्रीय खताला प्रोत्साहन देण्यासाठी एफ.एस.एस.ए.आय पावले उचलत आहे,सेंद्रीय खताला प्रोत्साहन देण्यासाठी एफ.एस.एस.ए.आय पावले उचलत आहे
7567,707268,D1,Banking,12.5,पंतप्रधान मनमोहन सिंग ह्यांच्या यूपीए सरकारच्या काळात एम.जी.एन.आर.डी.ए करण्यात ईला,पंतप्रधान मनमोहन सिंग यांच्या यूपीए सरकारच्या काळात एम.जी.एन.आर.डी.ए करण्यात आले.
7568,716372,D2,Agriculture,12.0,मर्सराइज्ड कॉटनच्या प्रक्रियेत धाग्याचे संकोचन काढून टाकले जाते,मर्सराइज्ड कॉटनच्या प्रक्रियेत धाग्याचे संकोचन काढून टाकले जाते
7569,720306,D4,Agriculture,12.0,सेंद्रीय आणि बिगर संस्थात्मक शेतीमध्ये या उपकरणाचा वापर केला जातो,सेंद्रीय आणि बिगर संस्थात्मक शेतीमध्ये या उपकरणाचा वापर केला जातो
7570,707522,D1,Agriculture,12.5,जमिनीच्या मालकीसाठी भूमी अभिलेख ह्यो लय महत्त्वाचो कागद आसा,जमिनीच्या मालकीसाठी भूमी अभिलेख हे महत्त्वाचे कागद आहे.
7571,715191,D2,Agriculture,12.0,"शाश्वत शेतीमध्ये सेंद्रिय खत , ठिबक सिंचन इत्यादींचा समावेश होतो","शाश्वत शेतीमध्ये सेंद्रिय खत, ठिबक सिंचन इत्यादींचा समावेश होतो."
7572,721150,D4,Banking,12.0,चाचणीची स्थिती विचारताना तुमच्याकडे तपासणी क्रमांक असणे आवश्यक आहे,चाचणीची स्थिती विचारताना तुमच्याकडे तपासणी क्रमांक असणे आवश्यक आहे
7573,708542,D1,Agriculture,12.5,समुद्री शेवाळाच्या शेतीतली पोषक तत्वा कार्बनडायऑक्साईडाक शोषून घेतत,समुद्री शेवाळाच्या शेतीतली पोषक तत्वे कार्बनडायऑक्साईड शोषून घेत आहेत
7574,712803,D2,Banking,12.0,सोनूनी कर्जनी परतफेड ना करामुये त्यानी गहाण पडेल जिमीनना लिलाव व्हयना,सोनूनी कर्जाची परतफेड न केल्यास त्या जमिनीवर गहाण पडेल आणि लिलाव होईल.
7575,721052,D4,Agriculture,12.0,मध्य प्रदेशात आढळलेल्या देशी बांबूचे उत्पन्न संपूर्ण भारतभर होत नाही,मध्य प्रदेशात आढळलेल्या देशी बांबूचे उत्पन्न संपूर्ण भारतभर होत नाही
7576,708790,D1,Agriculture,12.5,तुमका माहीत हा काय भूजल गोड्या पानाचो नैसर्गिक स्त्रोत असा,तुम्हाला माहीत आहे की भूजल नैसर्गिक स्त्रोत आहे
7577,713689,D2,Agriculture,12.0,रबरना वापर वाढामुये आजकाल बराच लोके रबर तंत्रज्ञाननं शिक्सन ल्ही राहिनात,"आजकाल बरेच लोक रबर तंत्रज्ञानाचा वापर करत आहेत, ते अजूनही राहिले नाही."
7578,721157,D4,Banking,12.0,बँक दरोडा टाकल्याबद्दल आम्हाला तुरूंगात जावे लागू शकते,बँक दरोडा टाकल्याबद्दल आम्हाला तुरुंगात जावे लागू शकते
7579,709414,D1,Agriculture,12.5,खरीप पिकांत भाताची बाजरी मका ज्वारी सोयाबीन भुईमूग ऊस याचो समावेश असता,"खरीप पिकांत भात, बाजरी, मका, ज्वारी, सोयाबीन, भुईमूग आणि ऊस यांचा समावेश असतो."
7580,714698,D2,Banking,12.0,जधय एखांद महामंडळ फायदानी रक्कम समसमान आपला भागधारकस्ले वाटस त्याले लाभांश म्हणतस,"जेव्हा एखादे महामंडळ समान रक्कम भागधारकांना वाटते, तेव्हा ते लाभांश म्हणते."
7581,721816,D4,Agriculture,12.0,कागद तयार करणाऱ्या कंपन्यांमधून निघणारे वायू आपले पर्यावरण प्रदूषित करतात,कागद तयार करणाऱ्या कंपन्यांमधून निघणारे वायू आपले पर्यावरण प्रदूषित करतात
7582,709866,D1,Banking,12.5,क्रियाशील भांडवल थोड्या वेळासाठी धंद्यात तरलता दाखवता,क्रियाशील भांडवल थोड्या वेळासाठी धंद्यात तरलता दाखवते
7583,712658,D2,Banking,12.0,ज्योतीले फोन पे वरथून पेमेंट करामुये वीस टक्का सूट भेटनी,ज्योतीला फोन पे वरून पेमेंट केल्यामुळे वीस टक्का सूट मिळाली
7584,720779,D4,Agriculture,12.0,"पेरणीच्या तीन आठवड्यांच्या आत , शेतात इकडे तिकडे सुकलेली रोपे दिसतात",पेरणीच्या तीन आठवड्यांच्या आत शेतात इकडे तिकडे सुकलेली रोपे दिसतात
7585,710736,D1,Agriculture,12.5,तणांचे काही प्रकार विशिष्ट वातावरणात अनुकुलतेसह फायदेशिर ठरतत,तणांचे काही प्रकार विशिष्ट वातावरणात अनुकुलतेसह फायदेशीर ठरत आहेत.
7586,715079,D2,Agriculture,12.0,भात शेतीला पाण्याची खुप जास्त गरज असते,भात शेतीसाठी पाण्याची खूप जास्त गरज असते
7587,719145,D4,Agriculture,12.0,चांगल्या व्यवस्थापनाअभावी माशांमध्ये अनेक रोग होत आहेत,चांगल्या व्यवस्थापनाअभावी माशांमध्ये अनेक रोग होत आहेत
7588,709725,D1,Banking,12.5,स्थिरस्थावर मालमत्ता मोठ्या काळातागत चालणारी संपत्ती असा,स्थिर मालमत्ता मोठ्या काळासाठी चालणारी संपत्ती असते
7589,715916,D2,Agriculture,12.0,भारतामध्ये सत्तावन्न टक्के क्षेत्रफळात पाण्याचं सिंचन केले जात,भारतामध्ये सत्तावन्न टक्के क्षेत्रफळात पाण्याचे सिंचन केले जाते.
7590,723768,D4,Banking,12.0,मले क्रेडिट कार्डाचा नवा पिन बँकेमंधून भेटन का ?,मला क्रेडिट कार्डचा नवा पिन बँकेकडून कधी मिळेल का?
7591,706862,D1,Banking,12.5,सोन्याचो बाजार इतर बाजारांप्रमाणेच सट्टा आणि अस्थिरतेच्यो अधीन असा,सोनेचा बाजार इतर बाजारांप्रमाणेच सट्टा आणि अस्थिरतेच्या अधीन आहे.
7592,714442,D2,Banking,12.0,म्युच्युअल फंड मा गुताडेल पैसा सावठा दिननीकरता ठियात ते फायदा व्हस,म्युच्युअल फंडात बचत आणि उत्पन्न केल्याने काय फायदा होतो?
7593,723559,D4,Agriculture,12.0,सातबाऱ्यावर बँक कराच रक्कम जास्त काऊन मांडून ठेवते ?,सातबाऱ्यावर बँक रक्कम जास्त काऊन मांडून ठेवते?
7594,710962,D1,Banking,12.5,युनियन बँक ऑफ इंडिया भारतातल्या सगळ्यात मोठ्या सरकारी बँकांपैकी एक असा,युनियन बँक ऑफ इंडिया भारतातील सर्वात मोठ्या सरकारी बँकांपैकी एक आहे
7595,714415,D2,Agriculture,12.0,मजुरना तुटवडा आणि वाढती मजुरी मुये शेतकरी आधुनिक तंत्रज्ञान वावरमा वापरतस,मजुरना तुटवडा आणि वाढती मजुरी मुळे शेतकरी आधुनिक तंत्रज्ञान वापरतात
7596,724157,D4,Banking,12.0,माय जॉईंट खातं असन तर मले दोन डेबिट कार्ड भेटन का ?,माझे जॉईंट खाते असेल तर मला दोन डेबिट कार्ड मिळतील का?
7597,708177,D1,Agriculture,12.5,आफ्रिकी देशात कॉफीचा उत्पादन जास्त केला जाता,आफ्रिकेमध्ये कॉफीचे उत्पादन जास्त केले जाते.
7598,714349,D2,Banking,12.0,प्रधानमंत्री आवास योजनाना लाभ मियाडानी करता काय नियम शेतस,प्रधानमंत्री आवास योजनेचा लाभ घेताना काय नियम आहेत?
7599,719621,D4,Banking,12.0,डब्ल्यू.टी.ओ राष्ट्रांमधील जागतिक व्यापार नियमांची देखरेख करते,डब्ल्यू.टी.ओ राष्ट्रांमधील जागतिक व्यापार नियमांची देखरेख करते
7600,708099,D1,Agriculture,12.5,"सरकारी संस्थांकडे प्रामुख्यान कागदी अर्ज असतत , असा आमका कळाला","सरकारी संस्थांकडे प्रामुख्यान कागदी अर्ज असतात, हे आम्हाला कळले."
7601,713080,D2,Banking,12.0,गहाण फसाडामा व्हाईट कॉलर लोकेसना हात रास,गहाण फसाडामा व्हाईट कॉलर लोकेसना हात रास
7602,718796,D4,Agriculture,12.0,कोशिंबीर बनवण्यासाठी लेट्युसची पाने वापरली जातात,कोशिंबीर बनवण्यासाठी लेट्युसची पाने वापरली जातात
7603,710986,D1,Agriculture,12.5,रोपाच्या मुळाच्या बॉलपेक्षा दुप्पट मोठो आणि तेवढोच खोल खड्डो खणा,रोपाच्या मुळाच्या बॉलपेक्षा दुप्पट मोठे आणि तेवढंच खोल खड्डा आहे.
7604,713036,D2,Agriculture,12.0,लाकुडनं भौतिक रुप कडक रहास त्याना उपेग फर्निचरना कारखानामा करतस,लाकडाचा भौतिक रूप कडक आहे त्याना उपेगम फर्निचरचे कार्य करत आहे
7605,720365,D4,Banking,12.0,दरवर्षी अर्थसंकल्प येतो जो सरकार वर्षाच्या नफ्या तोट्याकडे पाहून ठरवते,सरकार वर्षाच्या नफ्या तोट्याकडे पाहून दरवर्षी अर्थसंकल्प ठरवते
7606,706586,D1,Banking,12.5,अधिकारक्षेत्रांमध्ये बँकिंग नियम मोठ्या प्रमाणात बदलतत,अधिकारक्षेत्रांमध्ये बँकिंग नियम मोठ्या प्रमाणात बदलत आहेत
7607,713248,D2,Banking,12.0,कंपनीना शेअरधारक ना जोडे मालकी हक्क रहास,कंपनीच्या शेअरधारकांना मालकी हक्काचा अधिकार नाही
7608,719067,D4,Agriculture,12.0,वाळलेल्या भांगाच्या बियापासून तंतू बनवले जातात,वाळलेल्या भांगाच्या बियापासून तंतू बनवले जातात
7609,708285,D1,Agriculture,12.5,चवळी आणि सोयाबीनच्या शेंगांची शेती ही झुडपाच्या रूपात होता,चवळी आणि सोयाबीनच्या शेंगांची शेती ही झुडपाच्या रूपात होती
7610,714593,D2,Banking,12.0,उत्पन्न वक्र ठरावानी परिस्थिती चलन वापरणारा देश आर्थिक ताकदवर रहास,उत्पन्न वक्र स्थिर परिस्थिती चलन वापरणारा देश आर्थिक ताकदवर राहतो
7611,719036,D4,Agriculture,12.0,मोलस्कीसाइडस गोगलगाय मारण्यासाठी बनवले गेले आहे,मोलस्कीसाइडस गोगलगाय मारण्यासाठी बनवले गेले आहे
7612,707501,D1,Agriculture,12.5,चणे ह्ये भूमध्यसागरीय आणि मध्य पूर्व भागातल्या खाण्यातलो महत्वाचो घटक आसा,चणे हे भूमध्यसागरीय आणि मध्य पूर्व भागातील खाण्यातला महत्त्वाचा घटक आहे.
7613,716076,D2,Banking,12.0,राष्ट्रीय पेंशन प्रणाली मध्ये मिळणारी पेन्शन जीवनाला सहजसोपे करते,राष्ट्रीय पेन्शन प्रणालीमध्ये मिळणारे पेन्शन जीवनाला सहजसोपे करते
7614,718675,D4,Agriculture,12.0,पीक काढणीनंतर योग्य भाव मिळेपर्यंत शेतकरी पिकाचे जतन करू शकतील,पीक काढणीनंतर योग्य भाव मिळण्यापर्यंत शेतकरी पिकाचे जतन करू शकतील
7615,709045,D1,Banking,12.5,रामकुमारने आर्थिक जोखीम होईत म्हणान ओम प्रकाश कडना उधार घेऊक नकार दिल्यान,रामकुमारने आर्थिक जोखीम असताना ओम प्रकाशने उधार घेण्यास नकार दिला.
7616,712797,D2,Banking,12.0,मास्तर विलंब पेमेंटना नियम उदारण सकट सांगतस,"मास्टर, विलंब पेमेंटचे नियम आणि उदाहरणे पूर्णपणे सांगत आहे."
7617,719682,D4,Agriculture,12.0,राजू आमचं कोविड मुळे खूप नुकसान झालं आहे तुम्ही मला काही मदत करू शकता का ?,"राजूचे कोविडमुळे खूप नुकसान झाले आहे, तुम्ही मला काही मदत करू शकता का?"
7618,708156,D1,Banking,12.5,"एस.बी.आय , बी.एस.बी.डी खातेधारकांका येका आर्थिक वर्षातले पयले धा चेक फुकट दितली","एस.बी.आय., बी.एस.बी.डी खातेधारकांचे याच्या आर्थिक वर्षाचे पैसे चेक मोफत दिले."
7619,714505,D2,Banking,12.0,समजा परदेसमा फिरानी टाईमले जर प्रवासी चेक दवडी गया मंग काय करानं ?,समजा प्रवासी वेळ तपासत असेल तर काय करायचे आहे?
7620,721801,D4,Agriculture,12.0,हार्वेस्टर च्या वापरापूर्वी हॉल टॉपरचा वापर केला जातो,हार्वेस्टरच्या वापरापूर्वी हॉल टॉपरचा वापर केला जातो
7621,710169,D1,Agriculture,12.5,उपवासाच्या दरम्यान बरनार्ड बाजरीचो उपयोग भारतात अधिक करतत,उपवासाच्या दरम्यान बरनार्डने भारतात अधिक बाजरीचा उपयोग केला आहे.
7622,717187,D2,Agriculture,12.0,विसाव्या पशुधन गणनेची माहिती ऑनलाइन संकलित करण्यात आली,विसाव्या पशुधनाचे गणनेची माहिती ऑनलाइन संकलित करण्यात आली
7623,721189,D4,Banking,12.0,"ते म्हणाले की , फियाट मनी सिस्टम अंतर्गत अपस्फीती नेहमीच प्रतिवर्ती असते",ते म्हणाले की फियाट मनी सिस्टम अंतर्गत अपस्फीती नेहमीच प्रतिवर्ती असते
7624,706579,D1,Banking,12.5,पगार आणि मजुरी देऊक व्यवसायांद्वारा थेट ठेवी सर्वसाधारणपणे केल्या जातत,पगार आणि मजुरी व्यवसायांद्वारे थेट ठेवी सर्वसाधारणपणे केल्या जातात.
7625,716374,D2,Agriculture,12.0,कागद लिखित स्वरूपात काहीतरी सादर करण्यासाठी वापरला जातो,कागद लिखित स्वरूपात काहीतरी सादर करण्यासाठी वापरला जातो
7626,722212,D4,Agriculture,12.0,उत्तम आरोग्यासाठी रोज एक सफरचंद खाण्याचा सल्ला डॉक्टर देतात,उत्तम आरोग्यासाठी रोज एक सफरचंद खाण्याचा सल्ला डॉक्टर देतात
7627,709192,D1,Agriculture,12.5,तुमका माहीत हा काय की बायो गॅस सौर उर्जेसारखी नवीकरणीय उर्जा असा ?,तुमचे माहीत आहे का की बायो गॅस सौर उर्जेसारखी नवीकरणीय ऊर्जा आहे?
7628,712723,D2,Agriculture,12.0,"अंतर्गत विघटन हाउ येक आंबावरला रोग शे , ज्यानामा आंबा सडाले लागस","अंतर्गत विघटनामुळे आंब्यावर रोग येतो, ज्यामुळे आंबा सडायला लागतो."
7629,718815,D4,Agriculture,12.0,नुकताच केंद्र सरकारने कृषी पायाभूत सुविधा निधीची घोषणा केली,नुकताच केंद्र सरकारने कृषी पायाभूत सुविधा निधीची घोषणा केली
7630,709861,D1,Banking,12.5,कोणत्याही कंपनीच्या वित्तीय रेकॉर्ड बाबत माहिती उपलब्ध असता,कोणत्याही कंपनीच्या वित्तीय रेकॉर्डबाबत माहिती उपलब्ध असते
7631,712935,D2,Banking,12.0,यानामा येक कंपनीकडथून दुसरा कंपनीले कर्ज देवानी सोय रहास,या बाबतीत एका कंपनीकडून दुसऱ्या कंपनीला कर्ज देणे सोयीचे आहे का?
7632,721933,D4,Agriculture,12.0,कापूस बियांच्या तेलाला सौम्य चव असते आणि हलका सोनेरी रंग स्पष्ट असतो,कापूस बियांच्या तेलाला सौम्य चव असते आणि हलका सोनेरी रंग स्पष्ट असतो
7633,709784,D1,Banking,12.5,अंतर्गत हा शब्द या वस्तुस्थितीचा संदर्भ देतो की गणना बाह्य घटकांना वगळते,अंतर्गत हा शब्द या वस्तुस्थितीचा संदर्भ देतो की गणना बाह्य घटकांना वगळते
7634,715963,D2,Banking,12.0,माझा भाऊ शहरामध्ये गुंतवणूक बँकर च्या रूपात काम करतो,माझा भाऊ शहरामध्ये गुंतवणूक बँकरच्या रूपात काम करतो
7635,719939,D4,Banking,12.0,गेल्या काही वर्षांत अनेक वेगवेगळे ऑफशोअर बँकिंग घोटाळे झाले आहेत,गेल्या काही वर्षांत अनेक वेगवेगळे ऑफशोअर बँकिंग घोटाळे झाले आहेत
7636,708701,D1,Agriculture,12.5,ज्या मातीयेवर पक्ष्यांचा मल मूत्र पडता ती जमिन जैविक खत बनून जाता,ज्या मातीवर पक्ष्यांचा मल मूत्र पडते ती जमीन जैविक खत बनते
7637,713971,D2,Agriculture,12.0,हरियाणाना शेतकरी शेतीना सोबत पशुपालनना जोडधंदा करस,हरियाणातील शेतकरी शेतीला सोबत पशुपालनाला जोडधंदा करतात
7638,719261,D4,Agriculture,12.0,सांबार बनवण्यासाठी भोपळ्याची बियाही वापरली जाते,सांबार बनवण्यासाठी भोपळ्याची बियाही वापरली जाते
7639,706858,D1,Banking,12.5,गुंतवणूक म्हणजे ठराविक कालावधीत मूल्यात वाढ होऊक मालमत्तेचो समर्पण,गुंतवणूक म्हणजे ठराविक कालावधीत मूल्यामध्ये वाढ होणारे मालमत्तेचे समर्पण
7640,715257,D2,Banking,12.0,अटल पेन्शन योजनेसाठी बचत बँक खाते पोस्टात किंवा बँकेमध्ये उघडणे आवश्यक आहे,अटल पेन्शन योजनेसाठी बचत बँक खाते पोस्टात किंवा बँकेमध्ये उघडणे आवश्यक आहे
7641,722013,D4,Banking,12.0,आर.बी.आय ही भारतीय बँकिंग प्रणालीची मध्यवर्ती बँक आणि नियामक संस्था आहे,आर.बी.आय ही भारतीय बँकिंग प्रणालीची मध्यवर्ती बँक आणि नियामक संस्था आहे
7642,706597,D1,Banking,12.5,वैयक्तिक कर्ज ह्यो अशी रक्कम असा ज्या तुम्ही विविध कारणांकरता वापरू शकता,वैयक्तिक कर्ज ही अशी रक्कम आहे जी तुम्ही विविध कारणांसाठी वापरू शकता.
7643,715316,D2,Banking,12.0,आर्थिक बाजारामध्ये जोखीम मुक्त व्याजदर गुंतवणुकीवर कमी उत्पन्न देते,आर्थिक बाजारामध्ये जोखीम मुक्त व्याजदर गुंतवणुकीवर कमी उत्पन्न देते.
7644,722553,D4,Agriculture,12.0,उपसिंचन देखील पेक्षा जास्त पाणी कार्यक्षम आहे,उपसिंचन देखील पेक्षा जास्त पाणी कार्यक्षम आहे
7645,710659,D1,Banking,12.5,खातेदाराच्या मागणीनुसार चालुखाता उपलब्ध करून दिला जाता,खातेदाराच्या मागणीनुसार चालूखाते उपलब्ध करून दिले जाते
7646,718141,D2,Banking,12.0,मला माझ्या वीजबिलाचे डिटेल्स कसे पाहता येतील ?,मला माझ्या वीजबिलाचे तपशील कसे पाहता येतील?
7647,719198,D4,Agriculture,12.0,पाण्याच्या रेणूंमध्ये विस्तृत हायड्रोजन बॉण्ड असतात,पाण्याच्या रेणूंमध्ये विस्तृत हायड्रोजन बंध असतात
7648,706805,D1,Banking,12.5,क्राऊडफंडिंग ह्य क्राउडसोर्सिंग आणि पर्यायी वित्ताचो एक प्रकार असा,क्राऊडफंडिंग आणि क्राउडसोर्सिंग तसेच पर्यायी वित्त एक प्रकार आहेत.
7649,717315,D2,Agriculture,12.0,बाजरीवर पावसाळा हवामानाचा काही परिणाम होतो का ?,बाजरीवर पावसाळ्याचा हवामानाचा काही परिणाम होतो का?
7650,718706,D4,Agriculture,12.0,राज्याच्या शेतीवर केलेली शेतजमीन ही सरकारची मालमत्ता आहे,राज्याच्या शेतीवर केलेली शेतजमीन ही सरकारची मालमत्ता आहे
7651,707213,D1,Banking,12.433,"वैयक्तिक बँकिंग विभागात लॉग इन करा , ई सेवा टॅबला भेट द्यावा आणि क्लिक करा","वैयक्तिक बँकिंग विभागात लॉग इन करा, ई सेवा टॅबला भेट द्या आणि क्लिक करा"
7652,718095,D2,Banking,12.0,मला माझ्या बँक खात्यातील शिल्लक रक्कम सांगता का ?,मला माझ्या बँक खात्यातील शिल्लक रक्कम सांगता का?
7653,720112,D4,Agriculture,12.0,टोळांसारख्या आक्रमक जीवांचा हल्ला ही देखील शेतीची समस्या आहे,टोळांसारख्या आक्रमक जीवांचा हल्ला ही देखील शेतीची समस्या आहे
7654,708412,D1,Banking,12.429,बाँड बाजार एक आर्थिक बाजार आसा जय प्रत्येक सहभागी माणूस नवीन कर्ज घेवक शकता,बाँड बाजार एक आर्थिक बाजार आहे आणि प्रत्येक सहभागी माणूस नवीन कर्ज घेऊ शकतो
7655,712702,D2,Agriculture,12.0,भारतमझार कीरकोय इकरी भारतना जी.डी.पी मा दहा टक्कानं योगदान देस,भारतमझार भारताच्या जी.डी.पी मध्ये दहा टक्क्यांचे योगदान देतो.
7656,722297,D4,Banking,12.0,खेड्यातील शेतकरी सावकारांकडे गहाण ठेवून त्यांची जमीन कर्ज घेतात,खेड्यातील शेतकरी सावकारांकडे गहाण ठेवून त्यांची जमीन कर्ज घेतात
7657,710469,D1,Agriculture,12.429,संयुक्त राष्ट्र संस्थेचो अंदाज हा की जगात जवळजवळ तीस टक्के जमीन खराब झाली हा,संयुक्त राष्ट्र संस्थेचा अंदाज हा की जगात जवळजवळ तीस टक्के जमीन खराब झाली.
7658,718506,D2,Banking,12.0,डेबिट कार्डचा पिन नंबर बदलण्यासाठीची प्रक्रिया काय आहे ?,डेबिट कार्डचा पिन नंबर बदलण्यासाठीची प्रक्रिया काय आहे?
7659,722199,D4,Banking,12.0,एस.बी.आई योनो मध्ये लॉग इन करून खाते निवडून मिनी स्टेटमेंट तयार केले जाऊ शकते,एस.बी.आई योनो मध्ये लॉग इन करून खाते निवडून मिनी स्टेटमेंट तयार केले जाऊ शकते
7660,712253,D1,Banking,12.423,माका वीस हजार चा कर्ज हव्या ता माका किती वेळा क मिळात ?,मला वीस हजारचे कर्ज हवे आहे तर मला किती वेळा मिळते?
7661,717898,D2,Agriculture,12.0,एका एकरामध्ये कापूस लावण्यासाठी किती बियाणे लागेल ?,एका एकरामध्ये कापूस लावण्यासाठी किती बियाणे लागेल?
7662,720804,D4,Agriculture,12.0,भारताला हरितगृहाद्वारे आयातीचा चांगला फायदा होत आहे,भारताला हरितगृहाद्वारे आयातीचा चांगला फायदा होत आहे
7663,709698,D1,Banking,12.423,"सरकार , आंतरराष्ट्रीय व्यवहार , अंदाज आणि अपेक्षा हे बाजाराच्या ताकदीचे घटक असत","सरकार, आंतरराष्ट्रीय व्यवहार, अंदाज आणि अपेक्षा हे बाजाराच्या ताकदीचे घटक असत."
7664,718189,D2,Banking,12.0,कर्जाकरीता आवश्यक ति सर्व कागदपत्रे माझ्याकडे आहेत का ?,कर्जासाठी आवश्यक सर्व कागदपत्रे माझ्याकडे आहेत का?
7665,722425,D4,Agriculture,12.0,नायट्रोजन आणि खते अमोनियाच्या मदतीने प्राप्त केली जातात,नायट्रोजन आणि खते अमोनियाच्या मदतीने प्राप्त केली जातात
7666,708750,D1,Agriculture,12.423,"ब्लू वॉटर लिली उत्तर पुर्वी आणि दक्षिण आफ्रिका , दक्षिण पश्चिम आशियात गावता","ब्लू वॉटर लिली उत्तर पश्चिम आणि दक्षिण आफ्रिका, दक्षिण पश्चिम आशियात आहे."
7667,717901,D2,Agriculture,12.0,जास्त पावसाचा ऊस पिकावर काय परिणाम होऊ शकतो ?,जास्त पावसाचा ऊस पिकावर काय परिणाम होऊ शकतो?
7668,720964,D4,Agriculture,12.0,जरी मेंढी हा शब्द ओविसा वंशातील इतर प्रजातींना लागू केला जाऊ शकतो,जरी मेंढी हा शब्द ओविसा वंशातील इतर प्रजातींना लागू केला जाऊ शकतो
7669,706721,D1,Banking,12.423,सर्व गुंतवणूक बँकिंग क्रियाकलाप एकतर सेल साइड किंवा बाय साइड म्हणून वर्गीकृत असत,सर्व गुंतवणूक बँकिंग क्रियाकलाप एकतर सेल साइड किंवा बाय साइड म्हणून वर्गीकृत होते
7670,718083,D2,Banking,12.0,बँक स्टेटमेन्ट पाहण्यासाठी काय प्रोसेस करावी लागेल ?,बँक स्टेटमेंट पाहण्यासाठी काय प्रक्रिया करावी लागेल?
7671,722470,D4,Agriculture,12.0,भारतात स्कँडल किंवा भारतीयाला जांभळ्या रताळी म्हणून ओळखले जाते,भारतात स्कँडल किंवा भारतीयाला जांभळ्या रताळी म्हणून ओळखले जाते
7672,709636,D1,Agriculture,12.423,रीपर बांधुचा यंत्र ह्या एक कृषी उपकरण असा जा शेतकऱ्यांसाठी खूप उपयुक्त असा,रीपर बांधुचा यंत्र हे एक कृषी उपकरण शेतकऱ्यांसाठी खूप उपयुक्त आहे.
7673,718538,D2,Banking,12.0,"आर.डी ची माहिती मिळेल का , त्याचा लाभ कसा घेता येईल ?","आर.डी ची माहिती मिळेल का, त्याचा लाभ कसा घेता येईल?"
7674,721487,D4,Banking,12.0,इन्व्हेस्टमेंट बँकिंगमध्ये बिझनेस बँकिंगची भूमिका काय आहे ?,इन्व्हेस्टमेंट बँकिंगमध्ये बिझनेस बँकिंगची भूमिका काय आहे?
7675,706861,D1,Banking,12.423,"स्टॉक , बाँड , म्युच्युअल फंड आणि बँक उत्पादना ह्या गुंतवणुकीचो प्रकार आसत","स्टॉक, बाँड, म्युच्युअल फंड आणि बँक उत्पादने ह्या गुंतवणुकीचे प्रकार आहेत."
7676,718548,D2,Banking,12.0,माझ्या बँक खात्यावर किती रक्कम जमा म्हणून ठेवता येईल ?,माझ्या बँक खात्यावर किती रक्कम जमा करता येईल?
7677,720461,D4,Banking,12.0,पॉलिसी धारकाच्या मृत्यूनंतरच पी.एम.जे.जे.बी योजनेचा फायदा उपलब्ध आहे,पॉलिसी धारकाच्या मृत्यूनंतरच पी.एम.जे.जे.बी योजनेचा फायदा उपलब्ध आहे
7678,709364,D1,Banking,12.423,एकूण बाकी रकमेक आपल्या एकूण क्रेडीट सीमेन भागा आणि प्रमाण काढुक शंभरान गुणा,एकूण बाकी रकमेत आपल्या एकूण क्रेडिट भागाचे आणि प्रमाणाचे शंभर वेळा गुणाकार करा.
7679,718619,D2,Agriculture,12.0,रासायनिक कीटनाशके भारतात आल्यानंतर शेतीत मोठा भाग भजवीत आहे,रासायनिक कीटनाशके भारतात आल्यानंतर शेतीत मोठा भाग जळला आहे
7680,722882,D4,Agriculture,12.0,जायफळ मायरीस्टीकर नावाच्या झाडापासून मिळते,जायफळ मायरीस्टीकर नावाच्या झाडापासून मिळते
7681,706818,D1,Banking,12.417,"पीअर टू पीअर कर्जा , व्यक्ती किंवा व्यवसायांका पैसो देऊची प्रथा असा",पीअर टू पीअर कर्जासाठी व्यक्ती किंवा व्यवसायांना पैसे देण्याची प्रथा आहे.
7682,717981,D2,Banking,12.0,"मला ऑनलाईन बिलाविषयी माहिती पाहिजे आहे , कशी मिळेल ?","मला ऑनलाईन बिलाविषयी माहिती पाहिजे आहे, कशी मिळेल?"
7683,719881,D4,Banking,12.0,बँकेच्या निर्देशानुसार आपण किमान शिल्लक राखली पाहिजे,बँकेच्या निर्देशानुसार आपण किमान शिल्लक राखली पाहिजे
7684,709838,D1,Banking,12.417,काय तूमका माहिती हा ? म्युचल फंड बारीक बारीक हिशात वाटलो जाता,तुम्हाला हे माहीत आहे का? म्युच्युअल फंड बारीक-बारीक हिशेमध्ये वाटले.
7685,718104,D2,Banking,12.0,डिजिटल पद्धतीने पैसे पाठवण्याचे कोणते मार्ग आहेत ?,डिजिटल पद्धतीने पैसे पाठवण्याचे कोणते मार्ग आहेत?
7686,721895,D4,Banking,12.0,प्रधानमंत्री आवास योजनेअंतर्गत गरीब लोकांना घरे मिळणार,प्रधानमंत्री आवास योजनेअंतर्गत गरीब लोकांना घरे मिळणार
7687,710777,D1,Banking,12.417,नवजात उद्योजक हे अशे लोक असतत जे नवीन उद्योग बनवण्यात लागलेले असतत,नवजात उद्योजक असे लोक आहेत जे नवीन उद्योग बनवण्यात लागले आहेत
7688,718449,D2,Banking,12.0,अपघात विमा योजनेचा लाभ घेण्यासाठी मला काय सहाय्य मिळेल ?,अपघात विमा योजनेचा लाभ घेण्यासाठी मला काय सहाय्य मिळेल?
7689,724283,D4,Agriculture,12.0,मासोळी उत्पादनात भारताचा जगात तिसरा नंबर लागते,मासोळी उत्पादनात भारताला जगात तिसरा क्रमांक मिळतो.
7690,707485,D1,Banking,12.417,"खात्यावर गेल्यानंतर , म्या पेमेंट सूचना निवडतय आणि यू.पी.आई वापरून पेमेंट करतय",खात्यावर गेल्यावर मी पेमेंट सूचना निवडत आहे आणि यूपीआय वापरून पेमेंट करत आहे
7691,717668,D2,Agriculture,12.0,गोदामात साठवलेले सोयाबीन किती दिवस खराब होत नाही ?,गोदामात साठवलेले सोयाबीन किती दिवस खराब होत नाही?
7692,719406,D4,Banking,12.0,इंडियन बँक तुम्हाला किती प्रकारच्या कर्ज सुविधा पुरवते ?,इंडियन बँक तुम्हाला किती प्रकारच्या कर्ज सुविधा पुरवते?
7693,709408,D1,Banking,12.417,कोणतो पण माणूस वैयक्तिक कर्ज परतफेड करूसाठी कर्ज एकत्रिकरणा साठी जाऊ शकता,कोणताही माणूस वैयक्तिक कर्ज परतफेडीसाठी कर्ज एकत्र करण्यासाठी जाऊ शकतो.
7694,714273,D2,Agriculture,12.0,खतसना जास्त वापर करामुये पिकसनं उत्पन कमी व्हस,खतसना जास्त वापर केल्यामुळे उत्पादन कमी होते
7695,722700,D4,Banking,12.0,व्यवसायाच्या यशामध्ये आर्थिक नियोजनाची भूमिका महत्त्वाची असते,व्यवसायाच्या यशात आर्थिक नियोजनाची भूमिका महत्त्वाची असते.
7696,707237,D1,Banking,12.417,"प्रीमियम ह्या वय , रोजगाराचो प्रकार , यांसारख्यो अनेक चलांचा कार्य असा","प्रीमियमचे वय, रोजगाराचा प्रकार आणि यांसारख्या अनेक चलांचे कार्य असे"
7697,713302,D2,Banking,12.0,मुद्रा बाजार हाई भलतं सुरक्षित कमी काय न कर्ज लेनारासना करता शे,"मुद्रा बाजार सुरक्षित आहे, कमी काय कर्ज न घेण्यास हवे?"
7698,720499,D4,Banking,12.0,सिक्युरिटीज पारंपारिकपणे दोन भागांमध्ये विभागल्या जातात,सिक्युरिटीज पारंपारिकपणे दोन भागांमध्ये विभागल्या जातात
7699,708563,D1,Banking,12.417,सुरेशान आपल्या भावाक फसवन तेची जमीन आपल्या नावार करून आर्थिक गुन्हो केल्यान,सुरेशने आपल्या भावाच्या फसवन तेची जमीन आपल्या नावार करून आर्थिक गुन्हे केले.
7700,714517,D2,Agriculture,12.0,सावठा उत्पादननी करता टरबूजनी लागवड दरसाल करा पेक्षा तीनवरीसमा एकदाव कराले जोइजे,सावठा उत्पादन करताना टरबूजची लागवड दरवर्षी करण्याऐवजी तीन वेळा एकदा करावी.
7701,724271,D4,Agriculture,12.0,वावरात केमिकलचा वापर करन्यापेक्षा सेंद्रिय शेतीच चांगली रायते,वावरात केमिकलचा वापर करण्यापेक्षा सेंद्रिय शेती चांगली असते.
7702,709383,D1,Banking,12.417,कराच्या चोरी मध्ये पकडले जाण्याची आणि शिक्षेचो यावर कर चोरी अवलंबून असता,चोरीमध्ये पकडले जाण्याला आणि शिक्षेवर कर चोरी अवलंबून असते.
7703,716470,D2,Banking,12.0,बँकिंग संस्थेतील खात्यातून काढलेल्या रकमेला डेव्हिड म्हणतात,बँकिंग संस्थेतील खात्यातून काढलेल्या रकमेला डेव्हिड म्हणतात
7704,724293,D4,Agriculture,12.0,बाजारात खराब होनारं उत्पादन विकाच असन तर त्याचा सर्वात चांगला उपाव कोनता ?,बाजारात खराब झालेले उत्पादन विकले तर त्याचा सर्वात चांगला उपाय कोणता?
7705,709184,D1,Agriculture,12.417,सुपरमार्केट मध्ये डिजिटलाईज चेकआऊट सिस्टम पण हुती जी वस्तूंका ट्रॅक करत हुती,सुपरमार्केटमध्ये डिजिटलाईज चेकआऊट सिस्टम पण आहे जी वस्तूंचा मागोवा घेत आहे
7706,713788,D2,Banking,12.0,प्रीतमनी इ.एम.आय नी बराबरी माइक्रोसॉफ्ट एक्सेल संग करेल शे,प्रीतमनी इ.एम.आय बरोबरीचे मायक्रोसॉफ्ट एक्सेल सोबत करेल.
7707,720577,D4,Agriculture,12.0,उसाच्या पेंढ्यापासून द्रवरूप जैव इंधन तयार केले जाते,उसाच्या पेंढ्यापासून द्रवरूप जैव इंधन तयार केले जाते
7708,708010,D1,Banking,12.409,लोका पैशाच्या मदतीन वस्तू आणि सेवा खरेदी आणि विक्री करू शकतत,लोका त्यांच्या पैशाने वस्तू आणि सेवा खरेदी आणि विक्री करू शकतात
7709,713446,D2,Agriculture,12.0,ज्या पिके कापातस खुडातस अशा पिकेस्पाशीन ढोरेस्ना करता चारा भेटस,ज्या पिके कापातीत खुडात असतील अशा पिकामध्ये ढोरेने चारा मिळते
7710,719191,D4,Agriculture,12.0,मिशनाह सारख्या ज्यू साहित्यातही हिंगाचा उल्लेख अनेक वेळा आढळतो,मिशनाह सारख्या ज्यू साहित्यातही हिंगाचा उल्लेख अनेक वेळा आढळतो
7711,708282,D1,Agriculture,12.409,"गुरुजी पूर्णिया , डूम , घुर्राह ही डुकराच्या प्रजातींची नावा आसत","गुरुजी पूर्णिया, डूम, घुर्राह ही डुकराच्या प्रजातींची नावे आहेत."
7712,716401,D2,Banking,12.0,म्युनिसिपल बॉण्ड्समधून मिळणाऱ्या कमाईला आयकरातून सूट देण्यात आली आहे,म्युनिसिपल बॉण्ड्समधून मिळणाऱ्या कमाईला आयकरातून सूट देण्यात आली आहे
7713,722252,D4,Agriculture,12.0,शैवाल की वृद्धि को नियंत्रित करने के लिए अल्बिकाइड बनाया जाता है,शैवालची वाढ नियंत्रित करण्यासाठी अल्बिकाइड बनवले जाते
7714,710432,D1,Agriculture,12.409,वडाचा झाड भारताचो राष्ट्रीय झाड हा त्येका वटवृक्ष म्हणान पण ओळखतत,वडाचे झाड भारताचे राष्ट्रीय झाड आहे तेवढे वटवृक्ष म्हणतात पण ओळखतात
7715,716389,D2,Agriculture,12.0,मुरमुरे बनविण्यासाठी तांदळाला वाळूत भाजले जाते,मुरमुरे बनविण्यासाठी तांदळाला वाळूत भाजले जाते
7716,722349,D4,Agriculture,12.0,आंब्याची चटणी हा करीचा उत्तम भाग आहे हे देखील आम्हाला आढळून आले,आंब्याची चटणी हा करीचा उत्तम भाग आहे हे देखील आम्हाला आढळून आले
7717,709889,D1,Agriculture,12.409,"चेरी अँटीऑक्सिडंट्स , विरोधी दाहक संयुगे , जुनाट रोग कमी करतत","चेरी अँटीऑक्सिडंट्स, विरोधी दाहक संयुगे जुनाट रोग कमी करतात"
7718,713629,D2,Agriculture,12.0,मना बापनी गावाना वावरमा टरबुजे आनी डांगरन्या बिया का बरं लायेल शेतस,मला वडिलांनी गावावर फिरून टरबुजे आणि डांगऱ्याचे बी काय घेऊन शेतातला जाईल?
7719,718897,D4,Banking,12.0,व्हेंचर कॅपिटल म्हणजे नवीन व्यवसायात रोजगार किंवा गुंतवलेले भांडवल,व्हेंचर कॅपिटल म्हणजे नवीन व्यवसायात रोजगार किंवा गुंतवलेले भांडवल
7720,710995,D1,Agriculture,12.409,"लोकरीशिवाय मेंढ्यांपासना मांस , शिंगा , कातडा आणि फर देखिल गावता","लोकरीशिवाय मेंढ्यांपासना मांस, शिंगा, कातडा आणि फर मिळतात."
7721,713896,D2,Agriculture,12.0,मेवा हाई आरोग्याले नेहमीच फायदेमंद मानतस,तुम्ही नेहमीच आरोग्यासाठी फायदेशीर मानता.
7722,720338,D4,Agriculture,12.0,पिकासाठी जमिनीत सेंद्रिय पदार्थाचे प्रमाण असावे,पिकासाठी जमिनीत सेंद्रिय पदार्थाचे प्रमाण असावे
7723,707624,D1,Banking,12.4,"तुमका माहीत आसा काय ? , संचारासाठी लेबलिंग आवश्यक आसा",तुम्हाला माहिती आहे का? संचारासाठी लेबलिंग आवश्यक आहे.
7724,714725,D2,Banking,12.0,डिजीटल इंडिया मझारतीन विद्यार्थीस्ना शिक्षणले महत्त्व देवायनं,डिजिटल इंडिया विद्यार्थ्यांचे शिक्षण किती महत्त्वाचे आहे हे देतो.
7725,722241,D4,Agriculture,12.0,मोठ्या प्रमाणात दूध तयार करण्याच्या क्षमतेसाठी गुरे पाळली जातात,मोठ्या प्रमाणात दूध तयार करण्याच्या क्षमतेसाठी गुरे पाळली जातात
7726,708577,D1,Agriculture,12.4,हल्लीच्या वर्षांत जंगला खूप तोडली त्याकारणान जमिनीची धूप खूप जाता,गेल्या वर्षांत जंगले खूप तोडली त्यामुळे जमिनीची धूप खूप जाते
7727,713999,D2,Agriculture,12.0,समुद्रमा गोठेल बर्फमाना पानीमा जहाजनी व्हावयी सावली दिखस,"जर समुद्र गोठला, तर पाण्याच्या बर्फात जहाजे असतील आणि सावल्या दिसतील."
7728,719129,D4,Agriculture,12.0,ग्रेन्युलर च्या तुलनेत विद्रव्य एन.पी.के खत कमी प्रमाणात समान प्रभाव ठेवते,ग्रेन्युलरच्या तुलनेत विद्रव्य एन.पी.के खताचे कमी प्रमाणात समान परिणाम होते.
7729,708261,D1,Banking,12.4,क्रेडिट कार्ड ह्या पेमेंट कार्ड आसा जा वापरकर्त्यांका दिला जात,क्रेडिट कार्ड हे पेमेंट कार्ड आहेत आणि ते वापरकर्त्यांना दिले जातात.
7730,714604,D2,Banking,12.0,एखांदाना मोबाइलमा गुगल पे नशी ते क्यु आर कोड स्कॅन करीन पैसा धाडता येतस,एखांदाला मोबाईलवर गुगल पेसाठी क्यूआर कोड स्कॅन करून पैसे काढता येतात.
7731,720189,D4,Agriculture,12.0,आता रोगामुळे वाया जाणाऱ्या पिकालाही त्याचा फायदा होतो,आता रोगामुळे वाया जाणाऱ्या पिकालाही त्याचा फायदा होतो
7732,707132,D1,Banking,12.4,चेकिंग खाता संतुलित करणा म्हणजे खात्यात येणारा पैशाची तुलना करणा,चेकिंग खाते संतुलित करणे म्हणजे खात्यात येणाऱ्या पैशांची तुलना करणे
7733,717689,D2,Agriculture,12.0,रोगप्रतिकारक शक्ती वाढावी म्हणून जनावरांना कोणते खाद्य द्यावे ?,रोगप्रतिकारक शक्ती वाढावी म्हणून जनावरांना कोणते खाद्य द्यावे?
7734,719104,D4,Banking,12.0,अपघात विमा काढण्यापूर्वी कंपनीच्या वतीने पथक तपासणीसाठी आले होते,अपघात विमा काढण्यापूर्वी कंपनीच्या वतीने पथक तपासणीसाठी आले होते
7735,709929,D1,Agriculture,12.4,देशात सध्या असलेले कृषी शास्त्रज्ञ हे कृषी शिक्षणाचाच फळ आसत,देशात सध्या असलेले कृषी शास्त्रज्ञ हे कृषी शिक्षणाचाच फळ आहेत
7736,718168,D2,Banking,12.0,नॉन बँकिंग व वित्तीय सेवा मला दर महिन्याला दहा हजार रुपये कर्ज देतील का ?,नॉन बँकिंग व वित्तीय सेवा मला दर महिन्याला दहा हजार रुपये कर्ज देतील का?
7737,721661,D4,Banking,12.0,जर राखून ठेवलेली कमाई खाते शिल्लक ऋणात्मक असेल तर त्याला संचित तोटा म्हणतात,जर राखून ठेवलेली कमाई खाते शिल्लक ऋणात्मक असेल तर त्याला संचित तोटा म्हणतात
7738,710183,D1,Banking,12.4,ऑडिटर ह्यो कंपनीचो ऑडिटर असता जो त्याच्या प्रमाणपत्रांमधसुन निवडलो जाता,ऑडिटर ते कंपनीचा ऑडिटर असतो जो त्याच्या प्रमाणपत्रांमधून निवडला जातो.
7739,718335,D2,Banking,12.0,शैक्षणिक कर्जासाठी ऑनलाईन अर्ज कसा करता येईल ?,शैक्षणिक कर्जासाठी ऑनलाईन अर्ज कसा करायचा?
7740,719138,D4,Agriculture,12.0,कापणी म्हणजे पिकासाठी धान्य किंवा कडधान्ये काढणे,कापणी म्हणजे पिकासाठी धान्य किंवा कडधान्ये काढणे
7741,708526,D1,Agriculture,12.4,शेतीच्या यंत्रात एक ग्रिलो तण काढणीयंत्राची किंमत एक लाखापर्यंत आसता,शेतीच्या यंत्रात एक तण काढण्याच्या यंत्राची किंमत एक लाखापर्यंत असते.
7742,716687,D2,Banking,12.0,तुम्ही तुमच्या बँक खात्यातील शिल्लक मोबाईलवर तपासू शकता,तुम्ही तुमच्या बँक खात्यातील शिल्लक मोबाईलवर तपासू शकता
7743,718741,D4,Banking,12.0,त्या देशात उत्पादित न होणाऱ्या वस्तूंवर अनेकदा टैरिफ आकारले जाते,त्या देशात उत्पादित न होणाऱ्या वस्तूंवर अनेकदा टॅरिफ आकारले जातात.
7744,708859,D1,Banking,12.4,महेशने सुभाषका साधारण व्याज आणि आणि चक्रव्याढ व्याजातलो फरक सांगितल्यान,महेशने सुभाषला साधारण व्याज आणि चक्रवाढ व्याजातील फरक सांगितला.
7745,716086,D2,Agriculture,12.0,रोपवाटिकेमध्ये निशिगंधाच्या फुलांचा सुगंध हवे सोबतच दूरवर पसरला,रोपवाटिकेमध्ये निशिगंधाच्या फुलांचा सुगंध हवेसोबतच दूरवर पसरला
7746,721968,D4,Agriculture,12.0,"केळीच्या फळाचा सुरवंट , तिराकोला प्लॅजिएटा हा केळीचा कीटक आहे","केळीच्या फळाचा सुरवंट, तिराकोला प्लॅजिएटा हा केळीचा कीटक आहे."
7747,709011,D1,Banking,12.389,आर्थिक जोखीम आर्थिक डिफॉल्टच्या जोखिमेत कंपनीच्या कर्जात सामील असता,आर्थिक जोखीम आर्थिक डिफॉल्टच्या जोखिमेत कंपनीच्या कर्जात सामील असते
7748,716996,D2,Agriculture,12.0,अल्जेरियाने अलीकडच्या काळात द्राक्ष शेतीत मोठी प्रगती केली आहे,अल्जेरियाने अलीकडच्या काळात द्राक्ष शेतीत मोठी प्रगती केली आहे
7749,724298,D4,Agriculture,12.0,कोनच्या परकारच्या मातीत जास्त वल रायते ?,कोणाच्या गरजेच्या मातीत जास्त वाढ होते?
7750,707853,D1,Agriculture,12.389,भारतीच्या अर्थ व्यवस्थेत छोट्या छोट्या लोकांचो मोठो वाटो आसा,भारताच्या अर्थव्यवस्थेत छोट्या-छोट्या लोकांचे मोठे वाटो आहे.
7751,716116,D2,Banking,12.0,वस्तू बाजार वचन करार वस्तूं मध्ये गुंतवणूक करण्याची सगळ्यात जुनी पद्धत आहे,वस्तू बाजार वचन करार वस्तूंमध्ये गुंतवणूक करण्याची सगळ्यात जुनी पद्धत आहे
7752,724311,D4,Banking,12.0,माय डेबिट कार्ड हारवल तर मले कंपलेंट कराची हाय,मी डेबिट कार्ड गमावले तर मला तक्रार करायची आहे
7753,707090,D1,Banking,12.389,शैक्षणिक लेखा संशोधन लेखा व्यवसायाच्यो सर्व पैलूंका संबोधित करता,शैक्षणिक लेखा संशोधन लेखा व्यवसायाचे सर्व पैलूंवर संबोधित करणे
7754,715067,D2,Agriculture,12.0,बदामामध्ये व्हिटॅमिन ई मोठ्ठ्या प्रमाणात असते,बदामामध्ये व्हिटॅमिन ई मोठ्या प्रमाणात असते
7755,721326,D4,Banking,12.0,"आर्थिक व्यवहारांमध्ये , वॉरंट हा एखाद्या व्यक्तीचा लेखी आदेश असतो",आर्थिक व्यवहारांमध्ये वॉरंट हा एखाद्या व्यक्तीचा लेखी आदेश असतो
7756,707571,D1,Banking,12.389,डिजिटल वित्तीय सेवांची मागणी सारखी सारखी वाढूक लागली हा,डिजिटल वित्तीय सेवांची मागणी खूप वाढली आहे
7757,714597,D2,Banking,12.0,एक माणूस दोन बँकास्मा बचत खातं काढु शकस का ?,एक माणूस दोन बँक खात्यातून बचत खाते काढू शकतो का?
7758,718691,D4,Agriculture,12.0,समुद्री जीवांना हाथाने गोडा करणे हैंड गैदरिंग आहे,समुद्री जीवांना हाथाने मारणे म्हणजे हँड गादरिंग आहे
7759,706391,D1,Banking,12.375,आंतरराष्ट्रीय नाणेनिधी ही येक आंतरराष्ट्रीय वित्तीय संस्था असा,आंतरराष्ट्रीय नाणेनिधी ही एक आंतरराष्ट्रीय वित्तीय संस्था आहे
7760,716240,D2,Agriculture,12.0,सांड ला नैसर्गिक प्रजननासाठी शेतांमध्ये पाळलं जात,सांड नैसर्गिक प्रजननासाठी शेतांमध्ये पाळले जातात.
7761,722518,D4,Agriculture,12.0,शिक्षकांनी मुलांना सांगितले की ऑलिंडर हे गुलाबी फूल आहे,शिक्षकांनी मुलांना सांगितले की ऑलिंडर हे गुलाबी फूल आहे
7762,707989,D1,Agriculture,12.375,रेशीम किड्यांपासून मिळणारी अळी वितळून कच्चा रेशीम बनता,रेशीम किड्यांपासून मिळणारी अळी वितळून कच्चा रेशीम बनता
7763,714835,D2,Banking,12.0,आपल्या कर्जाचे तपशिल बघण्यासाठी नवीन जवळच्या बँक शाखेत गेला,आपल्या कर्जाचे तपशील पाहण्यासाठी नवीन जवळच्या बँक शाखेत गेला
7764,720991,D4,Agriculture,12.0,क्रस्टेशियन हा अपृष्ठवंशी प्राण्यांचा एक अतिशय वैविध्यपूर्ण गट आहे,क्रस्टेशियन हा अपृष्ठवंशी प्राण्यांचा एक अतिशय वैविध्यपूर्ण गट आहे
7765,706576,D1,Banking,12.367,"ऑटोमेटेड टेलर मशीन रोख पैसो काढुक , ठेवी , निधी हस्तांतरण , शिल्लक चौकशीकरता असा","ऑटोमेटेड टेलर मशीन रोख पैसे काढणे, ठेवी, निधी हस्तांतरण, शिल्लक चौकशी करणे असे"
7766,717017,D2,Banking,12.0,वर्णनात्मक चिठ्ठ्या प्रत्येक उत्पादकाचे स्वरूप वेगळे असते हे दाखवतात,वर्णनात्मक चिठ्ठ्या प्रत्येक उत्पादकाचे स्वरूप वेगळे असते हे दाखवतात
7767,721957,D4,Agriculture,12.0,सेंद्रिय शेतीमुळे वायू बाहेर पडतात आणि त्यामुळेच प्रदूषण होते,सेंद्रिय शेतीमुळे वायू बाहेर पडतात आणि त्यामुळेच प्रदूषण होते
7768,706700,D1,Banking,12.357,आर्थिक गुन्हो ह्यो मालमत्तेविरुद्ध केलेलो गुन्हो असा,आर्थिक गुन्हा हे मालमत्तेविरुद्ध केलेले गुन्हो आहे
7769,714114,D2,Agriculture,12.0,अमीषानी झोप सुधारासाठे बिन भुक्षत्र खावाले सुरू कर,अमीषानी झोप सुधारण्यासाठी भुकेशिवाय खाणे सुरू करा
7770,721117,D4,Banking,12.0,विपणक विशेषतः सोशल मीडिया विपणनासाठी डिझाइन केलेले आहेत,विपणक विशेषतः सोशल मीडिया विपणनासाठी डिझाइन केलेले आहेत
7771,710334,D1,Banking,12.333,"फेसबुक , व्हॉट्सॲप , लिंकडीन , इन्स्टाग्राम हे कंपने मिलेनियल उद्योगात येतत","फेसबुक, व्हॉट्सॲप, लिंक्डइन आणि इन्स्टाग्राम ही कंपने मिलेनियल उद्योगात येत आहेत"
7772,717660,D2,Agriculture,12.0,टरबूजासाठी कोणते वातावरण चांगले आहे ?,टरबूजासाठी कोणते वातावरण चांगले आहे?
7773,722147,D4,Banking,12.0,सरकारने ग्रामीण विकासासाठी एक अतिशय चांगली कृती आणली आहे,सरकारने ग्रामीण विकासासाठी एक अतिशय चांगली कृती आणली आहे
7774,708064,D1,Agriculture,12.333,"शेतीसोबतच शेतकरी गाय , म्हैस , शेळी , घोडा अशी जनावरांसुधिक पाळतत","शेतीसोबतच शेतकरी गाय, म्हैस, शेळी आणि घोडे अशा जनावरे पाळत आहे."
7775,718284,D2,Banking,12.0,मोबाईलद्वारे मला माझा पगार खात्यावर जमा करता येईल का ?,मोबाईलद्वारे मला माझा पगार खात्यावर जमा करता येईल का?
7776,720077,D4,Agriculture,12.0,इतर देशांपेक्षा भारतात उसाचे उत्पादन जास्त आहे,इतर देशांपेक्षा भारतात उसाचे उत्पादन जास्त आहे
7777,709606,D1,Banking,12.318,"मेन्यूवर फंड ट्रांसफरवर क्लिक करा , लाभार्थिंच्या सुची बघान क्लिक करा","मेन्यूवर फंड ट्रान्सफरवर क्लिक करा, लाभार्थ्यांची सूची पाहण्यासाठी क्लिक करा"
7778,713770,D2,Agriculture,12.0,आधुनिक जमानाम्हा नकली संप्रेरकसना वापर करीसन प्रजनन करता येस,आधुनिक काळात खोट्या संप्रेरकांचा वापर करून प्रजनन करता येते.
7779,720891,D4,Agriculture,12.0,आज डाळिंबाचे उत्पादन सर्व उष्णकटिबंधीय आणि उपउष्णकटिबंधीय प्रदेशात होते,आज डाळिंबाचे उत्पादन सर्व उष्णकटिबंधीय आणि उपउष्णकटिबंधीय प्रदेशात होते
7780,710735,D1,Agriculture,12.3,"तण , कीटक , बुरशी , विषाणू आणि जिवाणू नियंत्रित करुसाठी कीटक नियंत्रण धोरणा असत","तण, कीटक, बुरशी, विषाणू आणि जिवाणू नियंत्रित करण्यासाठी कीटक नियंत्रण धोरण असते."
7781,712583,D2,Banking,12.0,धा साल सरकारी नवकरी करी तवय कुलदिप पेन्शन भेटासाठे पात्र व्हयना,या वर्षी सरकारी नोकरी करी तर तुम्ही कुलदीप पेन्शन मिळण्यास पात्र आहात का?
7782,721484,D4,Banking,12.0,राष्ट्रीय सुवर्ण रोख्याचे मूल्य सोन्याच्या ग्रॅममध्ये असते,राष्ट्रीय सुवर्ण रोख्याचे मूल्य सोन्याच्या ग्रॅममध्ये असते
7783,709843,D1,Agriculture,12.0,कितीतरी कॉफीचे कंपने विक्री करण्याबरोबरच कॉफीचा वितरण पण करतत,कितीतरी कॉफी कंपन्या विकण्याबरोबरच कॉफीचे वितरण पण करत आहेत
7784,716772,D2,Banking,12.0,व्याजदरामध्ये निव्वळ व्याजाव्यतिरिक्त इतर पेमेंटचा समावेश होतो,व्याजदरामध्ये निव्वळ व्याजाव्यतिरिक्त इतर पेमेंटचा समावेश होतो
7785,722054,D4,Banking,12.0,सिक्युरिटीज ट्रान्झॅक्शन टॅक्स शेअर किंमत आणि कर जोडून आकारला जातो,सिक्युरिटीज ट्रान्झॅक्शन टॅक्स शेअर किंमत आणि कर जोडून आकारला जातो
7786,709849,D1,Agriculture,12.0,कृषी उत्पादनावर प्रक्रिया केल्याने उत्पादनाचे मू्ल्य वाढते,कृषी उत्पादनावर प्रक्रिया केल्याने उत्पादनाचे मूल्य वाढते
7787,715049,D2,Banking,12.0,प्रती व्यक्ती उत्पन्न तसेच बचत वैयक्तिक अर्थशास्त्रात येते,प्रत्येक व्यक्तीचे उत्पन्न तसेच बचत वैयक्तिक अर्थशास्त्रात येते.
7788,721147,D4,Banking,12.0,"योजना , युनियन गोल्ड लोन गरजूंना कर्जाचा पर्यायी स्त्रोत प्रदान करते",योजना युनियन गोल्ड लोन कर्जाचा पर्यायी स्त्रोत प्रदान करते
7789,709697,D1,Agriculture,12.0,"समुद्री शेवाळ , जुन्या कागदांची सामग्री काढान कागद बनवतत",समुद्री शेवाळ जुन्या कागदांची सामग्री काढत कागद बनवत आहेत
7790,716539,D2,Agriculture,12.0,रोगप्रतिकारक शक्ती वाढवण्यासाठीही आपण लिंबाचा वापर करतो,रोगप्रतिकारक शक्ती वाढवण्यासाठीही आपण लिंबाचा वापर करतो
7791,722764,D4,Agriculture,12.0,शेतकऱ्यांना बियाण्यांच्या फायबरचीही माहिती आहे,शेतकऱ्यांना बियाण्यांच्या फायबरचीही माहिती आहे
7792,706665,D1,Banking,12.0,भारतीय महसूल सेवा सहसा आय.आर.एस म्हणून संक्षिप्त केली जाता,भारतीय महसूल सेवा सहसा आय.आर.एस. म्हणून संक्षिप्त केली जाते
7793,715167,D2,Banking,12.0,रोहित ने कारसाठी कर्जाचा अर्ज केला व स्कॉर्पियो गाडी विकत घेतली,रोहितने कारसाठी कर्जाचा अर्ज केला व स्कॉर्पियो गाडी विकत घेतली
7794,722149,D4,Banking,12.0,वृत्तपत्रात वाचले होते की सरकार रेल्वेची काही इक्विटी विकणार आहे,वृत्तपत्रात वाचले होते की सरकार रेल्वेची काही इक्विटी विकणार आहे
7795,710026,D1,Banking,12.0,महाकार्गोत खूप सारा सामान वाहून नेण्याची पात्रता असता,महाकार्गोत खूप सारा सामान वाहून नेण्याची पात्रता आहे
7796,718660,D2,Banking,12.0,मी दुसऱ्या बँकेतून एखाद्या व्यक्ती ला पैसे ट्रान्सफर करु शकतो का ?,मी दुसऱ्या बँकेतून एखाद्या व्यक्तीला पैसे ट्रान्सफर करू शकतो का?
7797,719356,D4,Banking,12.0,डिजिटल इंडियाची सुरुवात पंतप्रधान नरेंद्र मोदी यांनी केली,डिजिटल इंडियाची सुरुवात पंतप्रधान नरेंद्र मोदी यांनी केली
7798,707937,D1,Agriculture,12.0,मोठ्या बोराचो उपयोग बद्धकोष्ठतेची समस्या दूर करू साठी केलो जाता,मोठ्या बोराचा उपयोग बद्धकोष्ठतेची समस्या दूर करण्यासाठी केला जातो.
7799,717708,D2,Agriculture,12.0,कमी खर्चात ऊसाचे अधिक उत्पादन घेण्यासाठी कोणते खत वापरावे ?,कमी खर्चात ऊसाचे अधिक उत्पादन घेण्यासाठी कोणते खत वापरावे?
7800,719361,D4,Banking,12.0,फाउंडेशन ही ना नफा संस्था किंवा चॅरिटेबल ट्रस्टची एक श्रेणी आहे,फाउंडेशन ही नफा संस्था किंवा चॅरिटेबल ट्रस्टची एक श्रेणी आहे
7801,710074,D1,Agriculture,12.0,विजयने सांगितलान की कारले ह्या सर्व भाज्यांमध्ये निरोगी आहे,विजयने सांगितले की हे सर्व भाज्यांमध्ये निरोगी आहेत.
7802,715442,D2,Agriculture,12.0,किड्यांची शेती म्हणजे किड्यांना पाळण आणि प्रजनन करण्याची पद्धत आहे,किड्यांची शेती म्हणजे किड्यांना पाळण आणि प्रजनन करण्याची पद्धत आहे
7803,719340,D4,Banking,12.0,कामगारांना कामाच्या बदल्यात मजुरीचे चेक दिले जातात,कामगारांना कामाच्या बदल्यात मजुरीचे चेक दिले जातात
7804,710143,D1,Banking,12.0,आता भारतात बऱ्याचशा लोकांकडे व्हर्चुअल कार्ड बघुक गावतत,आता भारतात बऱ्याचशा लोकांकडे व्हर्चुअल कार्ड्स आहेत.
7805,716645,D2,Banking,12.0,"चलन , बिल हे विक्रेत्याने खरेदीदाराला दिलेले व्यावसायिक दस्तऐवज आहे",चलन बिल हे विक्रेत्याने खरेदीदाराला दिलेले व्यावसायिक दस्तऐवज आहे
7806,720634,D4,Agriculture,12.0,रॅगीच्या उत्पादनात राजस्थान भारतात प्रथम क्रमांकावर आहे,रॅगीच्या उत्पादनात राजस्थान भारतात प्रथम क्रमांकावर आहे
7807,709242,D1,Banking,12.0,माझो भाऊ भारताच्या वित्त मंत्रालयात प्रबंधक म्हणान काम करता,माझा भाऊ भारताच्या वित्त मंत्रालयात प्रबंधक म्हणून काम करतो.
7808,716097,D2,Agriculture,12.0,लाकडाचा उपयोग सजावटीच्या वस्तू बनवण्यासाठी पण केला जातो,लाकडाचा उपयोग सजावटीच्या वस्तू बनवण्यासाठी पण केला जातो
7809,720381,D4,Banking,12.0,ग्रामीण भागातील गरीब लोकांना विनामूल्य कौशल्य प्रशिक्षण देणे,ग्रामीण भागातील गरीब लोकांना विनामूल्य कौशल्य प्रशिक्षण देणे
7810,708457,D1,Banking,12.0,माझे मित्र क्रेडिट कार्ड वापरुचे आराखडे घालतत,माझे मित्र क्रेडिट कार्ड वापरण्याचे आराखडे करत आहेत
7811,715496,D2,Agriculture,12.0,गरम कोको पासून बनवला जाणारा हॉट चॉकलेट पिण्याचा पदार्थ आहे,गरम कोकोपासून बनवलेला हॉट चॉकलेट पिण्याचा पदार्थ आहे.
7812,719760,D4,Agriculture,12.0,आजकाल खालील वस्तू मुख्यतः कागद बनवण्यासाठी वापरल्या जातात,आजकाल खालील वस्तू मुख्यतः कागद बनवण्यासाठी वापरल्या जातात
7813,706544,D1,Banking,12.0,सावकार येक निश्चित व्याज दर ठरवता जा तुमका कर्ज घेतलेल्या पैशावर भरुचा असता,एक निश्चित व्याजदर ठरवल्यास तुमच्या कर्जाच्या पैशांवर शुल्क लागते.
7814,714607,D2,Banking,12.0,एखादी दाव खरेदी करेल वस्तूमा आपण नाडाई जातसं तधय ग्राहक संरक्षण मंच आपले न्याय देस,एखादी वस्तू खरेदी करेल असल्यास आपण ग्राहक संरक्षण मंच आपले न्याय द्यावा.
7815,719093,D4,Banking,12.0,पंकजला टॅक्स सेव्हिंग एफ.डी मध्ये मुदत ठेवींवरील कपातीचा लाभ मिळतो,पंकजला टॅक्स सेव्हिंग एफ.डी मध्ये मुदत ठेवींवरील कपातीचा लाभ मिळतो
7816,709772,D1,Agriculture,12.0,आज काल शेतकरी रेशमी किड्यांचा पालन करून चांगलो फायदो मिळवतत,आज काल शेतकरी रेशमी किड्यांचे पालन करून चांगले फायदे मिळवत आहेत
7817,715435,D2,Banking,12.0,काही कर्ज फक्त तुमच्या घराला तारण मानून दिले जातात,काही कर्ज फक्त तुमच्या घराला तारण म्हणून दिले जातात
7818,719297,D4,Banking,12.0,डब्ल्यू.आय.पी.ओ च्या क्रियाकलापांमध्ये बैठका घेणे समाविष्ट आहे,डब्ल्यू.आय.पी.ओ च्या क्रियाकलापांमध्ये बैठका घेणे समाविष्ट आहे
7819,710829,D1,Agriculture,12.0,फळांची शेती बागेच्या स्वरुपात केली जाता,फळांची शेती बागेच्या स्वरूपात केली जाते.
7820,716714,D2,Banking,12.0,तरलता दर्शवते की तुमची मालमत्ता किती प्रवेशयोग्य आहे,तरलता दर्शवते की तुमची मालमत्ता किती प्रवेशयोग्य आहे
7821,720972,D4,Agriculture,12.0,ऍपिओलॉजी प्रत्येक पेपर शब्दात मनाची निरर्थकता दर्शविण्याचे कार्य करते,ऍपिओलॉजी प्रत्येक शब्दात मनाची निरर्थकता दर्शविण्याचे कार्य करते
7822,707280,D1,Banking,12.0,राष्ट्रीय ग्रामीण उपजीविका अभियान ह्या गरिबी निर्मूलन प्रकल्प असा,राष्ट्रीय ग्रामीण उपजीविका अभियान हा गरिबी निर्मूलन प्रकल्प आहे
7823,716593,D2,Banking,12.0,बँकेचा वार्षिक टक्केवारीचा दर कमी झाल्यास काय करावे ?,बँकेचा वार्षिक टक्केवारीचा दर कमी झाल्यास काय करावे?
7824,720059,D4,Agriculture,12.0,पेरिव्हिंकल प्रामुख्याने निळ्या आणि जांभळ्या रंगात आढळते,पेरिव्हिंकल प्रामुख्याने निळ्या आणि जांभळ्या रंगात आढळते
7825,710513,D1,Banking,12.0,अमीषान मजुरांचो पगार देऊसाठी मुद्रा बाजारातना पैशे घेतल्यान,अमीषानने मजुरांचा पगार देण्यासाठी बाजारात पैसे घेतले.
7826,715109,D2,Banking,12.0,भारतीय रुपयाचे चलन रिझर्व्ह बँक ऑफ इंडियाद्वारे प्रसारित केले जाते,भारतीय रुपयाचे चलन रिझर्व्ह बँक ऑफ इंडियाद्वारे प्रसारित केले जाते
7827,720717,D4,Banking,12.0,रमेश यांनी टीव्हीवर स्त्रीवादी उद्योजकतेची जाहिरात पाहिली,रमेश यांनी टीव्हीवर स्त्रीवादी उद्योजकतेची जाहिरात पाहिली
7828,706412,D1,Banking,12.0,कमोडिटी मनी ह्यो असो पैसो असा ज्याचा मू्ल्य कमोडिटीतसून येता,कमोडिटीचे पैसे हे तेच आहेत ज्यांचे मूल्य कमोडिटीमधून येते
7829,713973,D2,Banking,12.0,मुदत कर्ज लेवाना टाईमले आपले कोणत्या गोष्टी ध्यानमा ठेवाले जोयजेत,कर्ज घेण्याच्या मुदतीबद्दल आपण कोणत्या गोष्टी लक्षात ठेवाव्यात?
7830,721778,D4,Agriculture,12.0,काश्मिरी हुई गोळा करून मोठ्या कारखान्यांमध्ये पाठवले जाते,काश्मिरी गोळा करून मोठ्या कारखान्यांमध्ये पाठवले जाते
7831,707304,D1,Banking,12.0,अर्थ मंत्रालय वेळोवेळी वित्त योजनांची माहिती पण देता,अर्थ मंत्रालय वेळोवेळी वित्त योजनांची माहिती देते
7832,714905,D2,Banking,12.0,के.वाई.सी अपडेशनसाठी आधार कार्ड असणे सर्वात महत्वाची गोष्ट आहे,के.वाई.सी अपडेशनसाठी आधार कार्ड असणे सर्वात महत्त्वाची गोष्ट आहे
7833,722302,D4,Banking,12.0,आजकाल पेन्शन फंड थेट लाभार्थीच्या खात्यात हस्तांतरित केले जातात,आजकाल पेन्शन फंड थेट लाभार्थीच्या खात्यात हस्तांतरित केले जातात
7834,707046,D1,Banking,12.0,फी म्हणजे हक्को किंवा सेवोंसाठी मोबदलो म्हणून दिलेला किंमत,फी म्हणजे हक्कांसाठी किंवा सेवांसाठी दिलेला मोबदला म्हणून किंमत
7835,716212,D2,Agriculture,12.0,समुद्र किनारी राहणाऱ्या लोकांसाठी मत्स्यपालन एक मुख्य व्यवसाय आहे,समुद्र किनारी राहणाऱ्या लोकांसाठी मत्स्यपालन एक मुख्य व्यवसाय आहे
7836,719411,D4,Banking,12.0,"पूर्वी , डुकराच्या आकाराच्या पिगी बँका खूप लोकप्रिय होत्या","पूर्वी, डुकराच्या आकाराच्या पिगी बँका खूप लोकप्रिय होत्या."
7837,709303,D1,Banking,12.0,प्रवाही मुद्रा नसल्यार आपण डेबीट कार्ड वापरान वेगवेगळ्या वस्तू घेऊ शकताव,प्रवाही मुद्रा नसल्यास आपण डेबिट कार्ड वापरून वेगवेगळ्या वस्तू घेऊ शकतो.
7838,717928,D2,Agriculture,12.0,देशी गाईचे दूध वाढवण्यासाठी कोणती खाद्ये द्यावीत ?,देशी गाईचे दूध वाढवण्यासाठी कोणती खाद्ये द्यावीत?
7839,719123,D4,Agriculture,12.0,"हळदीची पाने आरोग्य , सौंदर्य आणि औषधी साठी चमत्कारापेक्षा कमी नाहीत","हळदीची पाने आरोग्य, सौंदर्य आणि औषधासाठी चमत्कारापेक्षा कमी नाहीत."
7840,709466,D1,Agriculture,12.0,डोंगराळ भागात आढळणारी गुरा व्यवसायासाठी पाळली जातात,डोंगराळ भागात आढळणारी गायी व्यवसायासाठी पाळली जातात
7841,718534,D2,Banking,12.0,यू.पी.आय द्वारे खात्याची माहिती उपलब्ध होऊ शकते का ?,यू.पी.आय द्वारे खात्याची माहिती उपलब्ध होऊ शकते का?
7842,720603,D4,Agriculture,12.0,"मनीषा म्हणाल्या की , खतांचा वापर करून कार्बन डायऑक्साईड तयार केला जातो",मनीषा म्हणाली की खतांचा वापर करून कार्बन डायऑक्साईड तयार केला जातो
7843,708124,D1,Agriculture,12.0,सुरुवातीच्या पट्टीच्या मशागतीची जोड सहसा थेट प्लांटरवर बसवली जाता,सुरुवातीच्या पट्टीच्या मशागतीची जोड सहसा थेट प्लांटरवर बसवली जाते
7844,718574,D2,Banking,12.0,मला कमर्शिअल खाते कसे उघडायचे याची माहिती पाहिजे,मला कमर्शियल खाते कसे उघडायचे याची माहिती पाहिजे
7845,720409,D4,Banking,12.0,हेज फंडामध्ये शॉर्ट सेलिंग आणि डेरिव्हेटिव्ह्ज समाविष्ट आहेत,हेज फंडामध्ये शॉर्ट सेलिंग आणि डेरिव्हेटिव्ह्ज समाविष्ट आहेत
7846,711592,D1,Agriculture,12.0,कमी वेळात चांगली मशागत होऊच्यासाठी कसला साधन यवस्तित होया ?,कमी वेळेत चांगली व्यवस्था होण्यासाठी कोणते साधन योग्य असेल?
7847,717885,D2,Agriculture,12.0,"अंडी घालणारे किटक कोणते , ते कसे ओळखावे त्याचा पिकावर काय परिणाम होऊ शकतो ?",अंडी घालणारे किटक कोणते ते कसे ओळखावे त्याचा पिकावर काय परिणाम होऊ शकतो?
7848,721198,D4,Banking,12.0,"घरी , अनेक नियम कायदेशीर हँडगन मालकीपासून परावृत्त करतात",अनेक कायदे हँडगन मालकीपासून परावृत्त करतात
7849,710065,D1,Banking,12.0,लघुउद्योग गुंतवणूक अधिनियम संमत झाल्यानंतरच उद्योग भांडवलाचा चलन वाढला हा,लघुउद्योग गुंतवणूक अधिनियम संमत झाल्यानंतरच उद्योग भांडवलाचा चलन वाढला.
7850,715071,D2,Banking,12.0,बारकोड तंत्राचा वापर करुन पासबुक स्टेटमेंट प्रिंटिंग करणे सोप आहे,बारकोड तंत्राचा वापर करून पासबुक स्टेटमेंट प्रिंटिंग करणे सोपे आहे
7851,721353,D4,Banking,12.0,आम्ही आर्थिक मॉडेल तयार करण्यासाठी नवीन अकाउंटंट ठेवले आहे,आम्ही आर्थिक मॉडेल तयार करण्यासाठी नवीन अकाउंटंट ठेवले आहे
7852,707357,D1,Banking,12.0,"इंटरनेट बँकिंग वापरून आपण कमी येळात पेमेंट करू शकतव , ह्या किती भारी हां","इंटरनेट बँकिंग वापरून आपण कमी वेळेत पेमेंट करू शकतो, हे किती छान आहे."
7853,718424,D2,Banking,12.0,माझ्या कर्जाचे किती हफ्ते शिल्लक राहिले आहेत ?,माझ्या कर्जाचे किती हप्ते शिल्लक आहेत?
7854,722218,D4,Agriculture,12.0,मी अन्न संरक्षण विभागाच्या कार्यशाळेतून खसखस सिरप बनवण्याचे तंत्र शिकलो,मी अन्न संरक्षण विभागाच्या कार्यशाळेतून खसखस सिरप बनवण्याचे तंत्र शिकलो
7855,711075,D1,Agriculture,12.0,सागरी शेतीमुळा कमी खर्चात जास्त उत्पन्न मिळता,सागरी शेतीमुळे कमी खर्चात जास्त उत्पन्न मिळते.
7856,715682,D2,Agriculture,12.0,"दक्षिण भारतात मोती , कालवे पकडण्याचे काम तज्ञ पाणबुड्या कडून केले जाते","दक्षिण भारतात मोती, कालवे पकडण्याचे काम तज्ञ पाणबुड्यांकडून केले जाते."
7857,718941,D4,Agriculture,12.0,शेतीच्या उपकरणांमधील ट्रॅक्टर हे शेतातील आवश्यक यंत्रांपैकी एक आहे,शेतीच्या उपकरणांमधील ट्रॅक्टर हे शेतातील आवश्यक यंत्रांपैकी एक आहे
7858,711017,D1,Banking,12.0,वेगवेगळे स्टॉक ब्रोकर मार्जिन ट्रेडिंगची सुवीधा देतत,वेगवेगळे स्टॉक ब्रोकर मार्जिन ट्रेडिंगची सुविधे देत आहेत
7859,718154,D2,Banking,12.0,सामाजिक क्षेत्राच्या कोणकोणत्या योजना आहेत ?,सामाजिक क्षेत्राच्या कोणकोणत्या योजना आहेत?
7860,719374,D4,Banking,12.0,सरकारच्या पि.एम.जे.जे.बी.वाय योजनेचे वर्षानुवर्षे नूतनीकरण केले जाऊ शकते,सरकारच्या पीएमजेजेबीवाय योजनेचे वर्षानुवर्षे नूतनीकरण केले जाऊ शकते
7861,707343,D1,Banking,12.0,आर.बी.आय खाजगी बँकांच्या संरक्षणासाठी कायम ठोस पावला उचलता,आरबीआय खाजगी बँकांच्या संरक्षणासाठी कायम ठोस पाऊले उचलता
7862,715595,D2,Agriculture,12.0,जेलीने सगळ्या प्रकारचा भुसा शेतामधून ट्रॉली मध्ये टाकला जातो,जेलीने सगळ्या प्रकारचा भुसा शेतामधून ट्रॉलीमध्ये टाकला जातो.
7863,720246,D4,Banking,12.0,तुम्ही फोन बँकिंग द्वारे तुमचे चेक पेमेंट देखील थांबवू शकता,तुम्ही फोन बँकिंगद्वारे तुमचे चेक पेमेंट देखील थांबवू शकता
7864,710034,D1,Banking,12.0,मास्तरा आर.बी.आई भारताची मोठ वित्तीय संस्थान आसा,मास्तरा आर.बी.आय भारताचे मोठे वित्तीय संस्थान आहे.
7865,716209,D2,Banking,12.0,संपूर्ण कारभाराच्या दृष्टिकोनातून हा सगळ्यात मोठा बाजार आहे,संपूर्ण कारभाराच्या दृष्टिकोनातून हा सगळ्यात मोठा बाजार आहे
7866,720214,D4,Agriculture,12.0,भारतातील रेशीम कीटकांचा आंतरराष्ट्रीय स्तरावर एक मोठा व्यवसाय बनला आहे,भारतातील रेशीम कीटकांचा आंतरराष्ट्रीय स्तरावर एक मोठा व्यवसाय बनला आहे
7867,709385,D1,Banking,12.0,कर्जाचे हफ्ते वेळेवर नाय भरलास तर सिबिल स्कोअर खराब होईत,कर्जाचे हप्ते वेळेवर भरले नाहीत तर सिबिल स्कोअर खराब होईल
7868,715480,D2,Banking,12.0,क्रेडिट युनियन आपल्याला किती प्रकारच्या आर्थिक सेवा प्रस्तुत करते ?,क्रेडिट युनियन आपल्याला किती प्रकारच्या आर्थिक सेवा प्रदान करते?
7869,721265,D4,Banking,12.0,जागतिक भांडवली बाजारात वित्तीय डेरिव्हेटिव्ह सर्वव्यापी आहेत,जागतिक भांडवली बाजारात वित्तीय डेरिव्हेटिव्ह सर्वव्यापी आहेत
7870,709898,D1,Agriculture,12.0,जैव प्रौद्योगिकी चो उपयोग करून कमी क्षेत्रात पण अधिक खाना उत्पन्न करू शकताव,जैव प्रौद्योगिकीचा उपयोग करून कमी क्षेत्रात पण अधिक अन्न उत्पन्न करता येते
7871,716951,D2,Banking,12.0,देशात होत असलेल्या बँकिंग उपक्रमांमुळे विकास होतो,देशात होत असलेल्या बँकिंग उपक्रमांमुळे विकास होतो
7872,719423,D4,Banking,12.0,तुम्ही तुमच्या बँकेच्या साइटवरून तुमचे कर्ज खाते विवरण डाउनलोड करू शकता,तुम्ही तुमच्या बँकेच्या साइटवरून तुमचे कर्ज खाते विवरण डाउनलोड करू शकता
7873,709887,D1,Banking,12.0,चेक बद्दल ची कोणतीही माहिती नेट बँकिंग द्वारा मिळू शकताव,चेक बद्दलची कोणतीही माहिती नेट बँकिंगद्वारे मिळू शकते का?
7874,713908,D2,Banking,12.0,मिनी स्टेटमेंट देखानासाठे एस.बी.आय मोबाइलना उपेग करता येऊ शकस,मिनी स्टेटमेंट पाहण्यासाठी एस.बी.आय. मोबाईलचा उपयोग करता येऊ शकतो का?
7875,720026,D4,Agriculture,12.0,फ्रीकरी मधमाश्या राणी मधमाश्याला प्रजननासाठी तयार करते,फ्रीकरीमध्ये मधमाशांची राणी मधमाश्याला प्रजननासाठी तयार करते
7876,712457,D1,Banking,12.0,माझ्या कर्जातली माका अजून किती रक्कम भरुची लागात ?,माझ्या कर्जाची मला अजून किती रक्कम भरावी लागेल?
7877,715551,D2,Agriculture,12.0,चीन मध्ये सहा लाख एकशे अठ्ठ्यातर हजार तीनशे अठरा टन कापूस उत्पादित केला जातो,चीनमध्ये सहा लाख एकशे अठ्ठ्यातर हजार तीनशे अठरा टन कापूस उत्पादित केला जातो
7878,720350,D4,Agriculture,12.0,वन्य कापूस प्रजातींची सर्वात मोठी विविधता मेक्सिको मध्ये आढळते,वन्य कापूस प्रजातींची सर्वात मोठी विविधता मेक्सिकोमध्ये आढळते
7879,711594,D1,Agriculture,12.0,बागकामासाठी कसली साधना आणि उपकरणा वापरतत ?,बागकामासाठी कोणती साधने आणि उपकरणे वापरली जातात?
7880,715470,D2,Banking,12.0,कोणत्याही बँकेच्या खातेधारकांचा खाते क्रमांक एक सारखा नसतो,कोणत्याही बँकेच्या खातेधारकांचा खाते क्रमांक एकसारखा नसतो
7881,720658,D4,Agriculture,12.0,"वनीकरणापेक्षा पाऊस जास्त पडतो , असे शिक्षक स्पष्ट करतात",वनीकरणापेक्षा पाऊस जास्त पडतो असे शिक्षक स्पष्ट करतात
7882,710794,D1,Agriculture,12.0,पशमाक पाळीव चांगथंगी शेळ्यांची कच्ची लोकर म्हणून संबोधला जाता,पाळीव चांगथंगी शेळ्यांची कच्ची लोकर म्हणून संबोधले जाते
7883,716027,D2,Agriculture,12.0,मेंढपाळ मेंढी चे पालन पोषण आणि प्रजननासाठी काळजी घेतो,मेंढपाळ मेंढीचे पालनपोषण आणि प्रजननासाठी काळजी घेतो
7884,722031,D4,Banking,12.0,मायक्रो क्रेडिट संस्था आता स्वतंत्र बँका म्हणून काम करतात,मायक्रो क्रेडिट संस्था आता स्वतंत्र बँका म्हणून काम करतात
7885,706636,D1,Banking,12.0,इंडोनेशियानं जगातली सर्वात मोठी कर माफी योजना चालवली हा,इंडोनेशियाने जगातील सर्वात मोठी कर माफी योजना चालवली.
7886,717147,D2,Banking,12.0,संपादन खर्च ही मूळ उत्पादकाने केलेल्या उत्पादन खर्चाची बेरीज असू शकते,संपादन खर्च ही मूळ उत्पादकाने केलेल्या उत्पादन खर्चाची बेरीज असू शकते.
7887,718929,D4,Agriculture,12.0,शिमला मिरचीचा वापर फास्ट फूड आणि भाजी म्हणून केला जातो,शिमला मिरचीचा वापर फास्ट फूड आणि भाजी म्हणून केला जातो
7888,707215,D1,Banking,12.0,मुदत ठेव तुमका आवर्ती ठेवीपेक्षा जास्त कमावता,तुमची मुदत ठेव आवर्ती ठेवीपेक्षा जास्त कमावते
7889,715724,D2,Banking,12.0,पंजाब नॅशनल बँक मध्ये खाते उघडण्यासाठी आधार कार्ड गरजेचे आहे,पंजाब नॅशनल बँकेत खाते उघडण्यासाठी आधार कार्ड गरजेचे आहे
7890,722483,D4,Agriculture,12.0,माझ्या घरच्या बागेत भरपूर हिरवागार गवत आहे मला रोज गवतात पाणी सापडते,"माझ्या बागेत भरपूर हिरवागार गवत आहे, मला रोज गवतात पाणी सापडते."
7891,709396,D1,Agriculture,12.0,किसान क्रेडिट कार्डद्वारा शेतकऱ्यांनाका आर्थिक मदत दिली जाता,किसान क्रेडिट कार्डद्वारे शेतकऱ्यांना आर्थिक मदत दिली जाते
7892,714603,D2,Banking,12.0,एखांदाना आक्सीटेंट व्हवावर त्यानी विमा कंपनीले कयायडनं पडसं का,एखाद्याला ऑक्सिजनवर त्या विमा कंपनीची कायदेपदे पडतात का
7893,719793,D4,Banking,12.0,सर्व बँक ग्राहकांना सरकारचे पी.एम.जे.जे.बी.वाई खरेदी करणे बंधनकारक नाही आहे,सर्व बँक ग्राहकांना सरकारचे पी.एम.जे.जे.बी.वाई खरेदी करणे बंधनकारक नाही आहे
7894,710282,D1,Banking,12.0,तुम्ही एस.एम.एस द्वारे पण मिनी स्टेटमेंट मागवु शकतास,तुम्ही एस.एम.एस द्वारे पण मिनी स्टेटमेंट मागवू शकता
7895,714802,D2,Agriculture,12.0,अन्न आणि कृषी संघटनेचे उद्दिष्ट आंतरराष्ट्रीय स्तरावर उपासमार संपवणे आहे,अन्न आणि कृषी संघटनेचे उद्दिष्ट आंतरराष्ट्रीय स्तरावर उपासमार संपवणे आहे
7896,719159,D4,Agriculture,12.0,पीक विविधतेच्या नुकसानामुळे जागतिक अन्न सुरक्षा धोक्यात आली आहे,पीक विविधतेच्या नुकसानामुळे जागतिक अन्न सुरक्षा धोक्यात आली आहे
7897,710717,D1,Banking,12.0,डायरेक्ट डिपॉजिटचो सगळ्यात मोठो विक्री बिंदू तुमचो वेळ वाचवता,"डायरेक्ट डिपॉझिट सर्वात मोठा विक्री बिंदू आहे, तुम्ही वेळ वाचवता."
7898,715449,D2,Banking,12.0,कूपन किरकोळ विक्रेत्याला विक्री वाढवण्यासाठी मदत करते,कूपन किरकोळ विक्रेत्याची विक्री वाढवण्यासाठी मदत करते
7899,720424,D4,Banking,12.0,जीवन विमा मृत्यू झाल्यास काही रक्कम देण्याचे वचन देतो,जीवन विमा मृत्यू झाल्यास काही रक्कम देण्याचे वचन देतो
7900,710145,D1,Banking,12.0,आतातर भाजीवाले पण क्यु.आर कोड स्कॅन करून पैशाची देवाण घेवाण करतत,आता तर भाजीवाले पण क्यूआर कोड स्कॅन करून पैशाची देवाणघेवाण करत आहेत
7901,714378,D2,Agriculture,12.0,बियाणंड्रील मशीन बिवारं खोल जमीनमा पेरानं काम करस,बियाणंड्रील मशीन वापरून खोल जमिनीवर पेरणीचे काम करा
7902,718698,D4,Agriculture,12.0,डोळ्याच्या प्रकाशासाठी पत्ताकोबी फायदेशीर आहे,डोळ्याच्या प्रकाशासाठी पत्ताकोबी फायदेशीर आहे
7903,710818,D1,Banking,12.0,पैशे भरणारे आपल्या ई.एम.आय चो हिशोब मायक्रोसॉफ्ट एक्सेल मध्ये करता,पैशांचे भरणारे आपल्या ई.एम.आयचे हिशोब मायक्रोसॉफ्ट एक्सेलमध्ये करता
7904,713441,D2,Banking,12.0,अटल पेंशन योजनाना माध्यमथीन तुमनं जीवन चाली रायनं का ?,अटल पेन्शन योजनेच्या माध्यमातून तुमचे जीवन कसे चालते का?
7905,720386,D4,Banking,12.0,"भीम यू.पी.आय सह , आम्ही सर्व प्रकारच्या बिले भरू शकतो आणि बर्याच सुविधा उपलब्ध आहेत",भीम यु.पी.आय सोबत आम्ही सर्व प्रकारच्या बिले भरू शकतो आणि खूप सुविधा उपलब्ध आहेत
7906,712040,D1,Banking,12.0,माका माझ्या बँक खात्याक नंबर लिंक करून देऊ शकता काय ?,मला माझ्या बँक खात्याचा नंबर लिंक करून देऊ शकता का?
7907,712753,D2,Agriculture,12.0,भारतदेसमझार ऊस ना खेत उत्तरभारतमा जास्ती शेतस,भारत दे समजार ऊसाचे क्षेत्र उत्तरभारतात जास्त आहे
7908,721241,D4,Banking,12.0,बँकांनी पण परिस्थिती मुळे खाजगी सावकाराला वाचवायला भाग पाडले,बँकांनी पण परिस्थितीमुळे खाजगी सावकाराला वाचवायला भाग पाडले.
7909,711840,D1,Banking,12.0,मी माझ्या खात्याची माहिती ऑनलाईन अक्सेस करूक शकतय काय ?,मी माझ्या खात्याची माहिती ऑनलाईन ॲक्सेस करू शकतो का?
7910,714705,D2,Agriculture,12.0,जागतिकीकरण मुये जमिनी रायन्या नैत का ढोरेस्ले चरानं रान रायनं नै,जागतिकीकरणामुळे जमिनीचे आणि गवताच्या स्थितीवर काय परिणाम होतो?
7911,721358,D4,Banking,12.0,एक महिला कोणताही उद्योग अतिशय चांगल्या पद्धतीने हाताळू शकते,एक महिला कोणताही उद्योग अतिशय चांगल्या पद्धतीने हाताळू शकते
7912,709345,D1,Banking,12.0,आवधिक प्रिमियम भरला न्हाई तर बॅन्क थोडे पैशे वाढवू शकता,आवधिक प्रीमियम भरला नसेल तर बँक थोडे पैसे वाढवू शकते.
7913,717029,D2,Banking,12.0,बँकेकडे एक स्वयंचलित यंत्र आहे जिथे ग्राहक स्वतः पासबुक प्रिंट करू शकतो,बँकेकडे एक स्वयंचलित यंत्र आहे जिथे ग्राहक स्वतः पासबुक प्रिंट करू शकतो
7914,719178,D4,Agriculture,12.0,पिठापासून शिजवलेले पदार्थ आपल्याला अधिक स्टार्च देतात,पिठापासून शिजवलेले पदार्थ आपल्याला अधिक स्टार्च देतात
7915,711497,D1,Agriculture,12.0,माझ्या सूर्यफुलाच्या पिकाक खयली माती व्हयी ?,माझ्या सूर्यफुलाच्या पिकांसाठी माती पुरेशी आहे का?
7916,714843,D2,Banking,12.0,आर.बी.आई ग्रेड बी मध्ये नोकरी मिळवण्यासाठी खूप स्पर्धा आहे,आरबीआय ग्रेड बी मध्ये नोकरी मिळवण्यासाठी खूप स्पर्धा आहे
7917,721314,D4,Banking,12.0,सिंडिकेटेड कर्ज व्यावसायिक बँकांद्वारे आयोजित केले जाते,सिंडिकेटेड कर्ज व्यावसायिक बँकांद्वारे आयोजित केले जाते
7918,712507,D1,Banking,12.0,माका दोन हजार रुपये मासिक कर्ज मिळात काय ?,मला दोन हजार रुपये मासिक कर्ज मिळते का?
7919,715267,D2,Banking,12.0,अमेरिकन डॉलर साठी भारतीय रिझर्व बँकेचा संदर्भ दर अडुसष्ठ पूर्णांक सहा आहे,अमेरिकन डॉलरसाठी भारतीय रिझर्व बँकेचा संदर्भ दर अडुसष्ठ पूर्णांक सहा आहे
7920,720993,D4,Agriculture,12.0,झैद पिके मार्च ते जून या कालावधीत कमी कालावधीसाठी वाढतात,झैद पिके मार्च ते जून या कालावधीत कमी कालावधीसाठी वाढतात
7921,709024,D1,Banking,12.0,वैयक्तिक कर्जाचो व्याजदर प्रत्येक महिन्याक एक पुर्णांक तीन टक्के हा,वैयक्तिक कर्जाचे व्याजदर प्रत्येक महिन्याला एक पूर्णांक तीन टक्के आहे
7922,717514,D2,Agriculture,12.0,शेतीमाल विकण्यासाठी कोणते ॲप व साईट आहेत ?,शेतीमाल विकण्यासाठी कोणते ॲप व साईट आहेत?
7923,720915,D4,Agriculture,12.0,एका शेतकऱ्याला धान्य गाडीचे जास्तच उपयोग राहते,एका शेतकऱ्याला धान्य गाडीचे जास्त उपयोग राहते.
7924,710178,D1,Banking,12.0,एन.ई.एफ.टी ह्यो एका खात्यातुन दुसऱ्या खात्यात पैशे पाठवुचो उपाय हा,एन.ई.एफ.टी एका खात्यातून दुसऱ्या खात्यात पैसे पाठवण्याचा उपाय हा आहे
7925,717705,D2,Agriculture,12.0,भाजीपाला टवटवीत व लुसलुशीत येण्यासाठी कोणते खत वापरावे ?,भाजीपाला टवटवीत व लुसलुशीत होण्यासाठी कोणते खत वापरावे?
7926,720865,D4,Agriculture,12.0,अग्रिवॉल्टाईक प्रणाली कोलोकेशनसाठी सहजीवन धोरण प्रदान करते,अग्रिवॉल्टाईक प्रणाली कोलोकेशनसाठी सहजीवन धोरण प्रदान करते
7927,707318,D1,Banking,12.0,आता तुम्ही कर्ज खात्याचो तपशील मेल वरसून पण मागवू शकतास,आता तुम्ही कर्ज खात्याचे तपशील मेलवरून पण मागवू शकता.
7928,714608,D2,Banking,12.0,एखादी वस्तूवर टाकेल बहिष्कारना आंतरराष्ट्रीय व्यापारवर काय परीणाम व्हस ?,एखाद्या वस्तूवर बहिष्कार टाकल्यास आंतरराष्ट्रीय व्यापारावर काय परिणाम होईल?
7929,720512,D4,Banking,12.0,खासगी बँक अशी व्यक्ती किंवा कंपनी उघडते ज्याची कमाईची उच्च उत्पन्न आहे,खासगी बँक अशी व्यक्ती किंवा कंपनी उघडते ज्याचे उत्पन्न उच्च आहे
7930,710649,D1,Banking,12.0,क्रेडिट समुपदेशनातुन कर्जदाराच्या वतीन काम करूचो अधिकार दिलो जाता,क्रेडिट समुपदेशनामुळे कर्जदाराच्या वतीने काम करण्याचा अधिकार दिला जातो.
7931,714920,D2,Agriculture,12.0,खाण्यायोग्य धान्य देठापासून वेगळे करणे म्हणजे मळणी होय,खाण्यायोग्य धान्य देठापासून वेगळे करणे म्हणजे मळणी होय
7932,718973,D4,Banking,12.0,एस.बी.आय व्हर्च्युअल कार्डचा वापर व्यापारी ई कॉमर्स फंड ट्रान्सफर साठी करतात,एस.बी.आय व्हर्च्युअल कार्डचा वापर व्यापारी ई कॉमर्स फंड ट्रान्सफरसाठी करतात
7933,708018,D1,Banking,12.0,"विकासाबरोबर विकसित देशाचा कर्ज पण वाढता , ही लय महत्वाची बाब आसा","विकासाबरोबर विकसित देशाचे कर्ज पण वाढत आहे, ही खूप महत्त्वाची बाब आहे."
7934,715140,D2,Agriculture,12.0,मुक्त संचार गोठा प्राणी वाढवण्याचा एक मार्ग आहे,मुक्त संचार गोठा प्राणी वाढवण्याचा एक मार्ग आहे
7935,718902,D4,Banking,12.0,फी आणि प्रभावी म्हणजे सुविधांसाठी सरकारकडून आकारले जाणारे शुल्क,फी आणि प्रभावी म्हणजे सुविधांसाठी सरकारकडून आकारले जाणारे शुल्क
7936,708767,D1,Agriculture,12.0,सरकारान डेअरी क्षेत्रात करणाऱ्याक कर्जावर अडीच टक्क्यांची मदत केली हा,सरकारने डेअरी क्षेत्रात करणाऱ्यांना कर्जावर अडीच टक्क्यांची मदत केली.
7937,716896,D2,Banking,12.0,सार्वजनिक तसेच खाजगी कंपन्यांचे ऑडिट चार नेटवर्कद्वारे केले जाते,सार्वजनिक तसेच खाजगी कंपन्यांचे ऑडिट चार नेटवर्कद्वारे केले जाते
7938,722837,D4,Agriculture,12.0,सूक्ष्म अन्नद्रव्यांमध्ये जीवनसत्त्वे आणि खनिजे मुबलक प्रमाणात आढळतात,सूक्ष्म अन्नद्रव्यांमध्ये जीवनसत्त्वे आणि खनिजे मुबलक प्रमाणात आढळतात
7939,712151,D1,Banking,12.0,माका नुस्तो माझ्या के.वाय.सी त नंबर बदलून मिलात काय ?,मला माझे के.वाय.सी नंबर बदलून काय मिळेल?
7940,713109,D2,Banking,12.0,इक्वीटी म्युचल फंडमा पैसा आडकवाना इच्छुकेसना करता इंडेक्स फंड आदर्श शे,इक्विटी म्युच्युअल फंडातून पैसे काढायचे असल्यास इंडेक्स फंड आदर्श आहे.
7941,720608,D4,Agriculture,12.0,गड्डी जातीच्या मेंढ्या भारतातील मुख्य मेंढ्यांपैकी एक आह,गड्डी जातीच्या मेंढ्या भारतातील मुख्य मेंढ्यांपैकी एक आहे
7942,708061,D1,Agriculture,12.0,शेतीची उपकरणा ही अशी यंत्रा आसत जी शेतात शेतीसाठी मदत करूसाठी वापरली जातत,शेतीची उपकरणे अशी यंत्रे आहेत जी शेतात शेतीसाठी मदत करण्यासाठी वापरली जातात.
7943,716191,D2,Agriculture,12.0,शेती विषयी च्या नवीन पद्धतीं बद्दल आपण तज्ञांकडून जाणून घेतले पाहिजे,शेतीच्या नवीन पद्धतींबद्दल आपण तज्ञांकडून जाणून घेतले पाहिजे
7944,721214,D4,Banking,12.0,सापेक्ष परतावा हा एक सैद्धांतिक निष्क्रीय संदर्भ पोर्टफोलिओ आहे,सापेक्ष परतावा हा एक सैद्धांतिक निष्क्रीय संदर्भ पोर्टफोलिओ आहे
7945,708678,D1,Agriculture,12.0,दुधी भोपळ्याच्या पानांचो रस डोक्यावर लावल्यार टक्कल पडत नाय,दुधी भोपळ्याच्या पानांचा रस डोक्यावर लावल्यास घाम पडत नाही.
7946,714030,D2,Banking,12.0,देशना आर्थिक विकास व्हवावर देश मधला लोकसना ईकास व्हस,देशाचा आर्थिक विकास देशातील लोकांसाठी एकसज व्हावा
7947,722330,D4,Banking,12.0,बँकांनी दिलेली कर्ज आणि त्यांचे प्रकार पूर्व निर्धारित आहेत,बँकांनी दिलेले कर्ज आणि त्यांचे प्रकार पूर्वनिर्धारित आहेत
7948,709559,D1,Banking,12.0,भारतात आर्थिक बाबतींची विल्हेवाट वित्त मंत्रालयाच्या अधीन असता,भारतात आर्थिक बाबतींची विल्हेवाट वित्त मंत्रालयाच्या अधीन असते.
7949,716048,D2,Banking,12.0,यू.पी.आय च्या आधारित ॲप चा उपयोग करून कोणाला पण पेमेंट करणे आता सोपे झाले आहे,यू.पी.आय च्या आधारित ॲपचा उपयोग करून कोणाला पण पेमेंट करणे आता सोपे झाले आहे
7950,720290,D4,Banking,12.0,भारतात केंद्रीय अर्थसंकल्प जानेवारी महिन्यात अर्थमंत्री सादर करतात,भारतात केंद्रीय अर्थसंकल्प जानेवारी महिन्यात अर्थमंत्री सादर करतात
7951,709296,D1,Banking,12.0,आंतरराष्ट्रीय व्यापार द्विपक्षीय आणि बहुपक्षीय रुपात करतत,आंतरराष्ट्रीय व्यापार द्विपक्षीय आणि बहुपक्षीय रूपात केले जाते.
7952,715523,D2,Agriculture,12.0,घर बनवण्याची गरज पूर्ण करण्यासाठी बांबूचं वाटप केले जातात,घराची गरज पूर्ण करण्यासाठी बांबूचे वाटप केले जाते.
7953,720333,D4,Agriculture,12.0,कृषी शिक्षण शेती ही नैसर्गिक संसाधने आणि जमीन व्यवस्थापनाची शिकवण आहे,कृषी शिक्षण शेती ही नैसर्गिक संसाधने आणि जमीन व्यवस्थापनाची शिकवण आहे
7954,707261,D1,Banking,12.0,क्यू.आर कोड स्कॅनरद्वारा ऑनलाइन पेमेंट एक मोठो दिलासो असा,क्यूआर कोड स्कॅनरद्वारे ऑनलाइन पेमेंट एक मोठे झाले आहे
7955,717936,D2,Banking,12.0,आपल्या गावातून दुसऱ्या गावातील बँकेत पैसे ट्रान्सफर कसे करता येतील ?,आपल्या गावातून दुसऱ्या गावातील बँकेत पैसे कसे ट्रान्सफर करता येतील?
7956,722939,D4,Agriculture,12.0,वांग्यावरच्या अळीले रोकासाठी कोनतं कीटकनाशक वापराव ?,वांग्यावरच्या अळीसाठी रोकासाठी कोणते कीटकनाशक वापरावे?
7957,708032,D1,Banking,12.0,व्यवसायिक बँकांकडसून व्यापारासाठी लोन घेता येता,व्यवसायिक बँकांकडून व्यापारासाठी कर्ज घेतले जाते.
7958,718274,D2,Banking,12.0,"मला माझे डेबिट कार्ड ऑनलाईन बंद कसे करता येईल , ते सांगा",मला माझे डेबिट कार्ड ऑनलाईन कसे बंद करता येईल ते सांगा
7959,722697,D4,Banking,12.0,यूजर आय.डी विसरलो दुव्यावर प्रवेश करून तो कधीही पुनर्प्राप्त केला जाऊ शकतो,यूजर आय.डी विसरल्यास दुव्यावर प्रवेश करून तो कधीही पुनर्प्राप्त केला जाऊ शकतो
7960,707772,D1,Banking,12.0,"प्रीपेडमध्ये , खयचीव सेवा वापरुच्याआधी तुमका रिचार्ज करुचा लागतला","प्रीपेडमध्ये, सेवा वापरण्यापूर्वी तुमचा रिचार्ज करावा लागतो."
7961,716290,D2,Agriculture,12.0,हरभरे खाल्ल्याने आपल्या शरीरातील प्रोटीन च्या प्रमाणात वाढ होते,हरभरे खाल्ल्याने आपल्या शरीरातील प्रोटीनच्या प्रमाणात वाढ होते
7962,722505,D4,Banking,12.0,लेखापाल कंपनीच्या एकूण कमाईतून केवळ फर्मच्या स्पष्ट खर्चाचे मोजमाप करतो,लेखापाल कंपनीच्या एकूण कमाईतून केवळ फर्मच्या स्पष्ट खर्चाचे मोजमाप करतो
7963,709746,D1,Banking,12.0,आंतरराष्ट्रीय बँकेत खाता असण्यासाठी आई.बी.ए.एन नंबर जरुरी आहे,आंतरराष्ट्रीय बँकेत खाते असण्यासाठी आय.बी.ए.एन नंबर आवश्यक आहे
7964,713344,D2,Agriculture,12.0,लौंग ना वापर लोकेस्ले पूर्वापारना माहित शे,लोकांना लवंगाबद्दल पूर्वापारना माहीत आहे
7965,721367,D4,Banking,12.0,कोणत्याही कंपनीत दीर्घ पदावर असणे हे चांगले लक्षण मानले जाते,कोणत्याही कंपनीत दीर्घ पदावर असणे हे चांगले लक्षण मानले जाते
7966,710313,D1,Banking,12.0,पी.एम.जे.डी योजनेतना प्रत्येक व्यक्ती आपला खाता शून्य बॅलेंस वर उघडु शकता,पी.एम.जे.डी योजनेनुसार प्रत्येक व्यक्ती आपला खाता शून्य शिल्लक रकमेवर उघडू शकतो.
7967,716540,D2,Agriculture,12.0,सूप हा भाज्या आणि मांसापासून बनवलेला खाद्य पदार्थ आहे,सूप हा भाज्या आणि मांसापासून बनवलेला खाद्यपदार्थ आहे
7968,719378,D4,Banking,12.0,पैशाच्या माध्यमातून वस्तूंची देवाणघेवाण होत आली आहे,पैशाच्या माध्यमातून वस्तूंची देवाणघेवाण होत आले आहे
7969,708383,D1,Agriculture,12.0,पोह्यांचे तांदूळ दक्षिणपूर्व आशिया आणि दक्षिण आशियात पिकवले जातत,पोह्यांचे तांदूळ दक्षिणपूर्व आशिया आणि दक्षिण आशियात पिकवले जात आहे
7970,716462,D2,Agriculture,12.0,जनावरांचा चारा कापणी नंतर त्याची पेंढी बांधून ठेवली जाते,जनावरांचा चारा कापणीनंतर त्याची पेंढी बांधून ठेवली जाते.
7971,720000,D4,Banking,12.0,रिझर्व्ह बँक ऑफ इंडिया देशातील सर्व व्यावसायिक बँकांना कर्ज देते,रिझर्व्ह बँक ऑफ इंडिया देशातील सर्व व्यावसायिक बँकांना कर्ज देते
7972,709271,D1,Banking,12.0,मार्क टू मार्केट रोजच्या अकाउंटींगची एक पद्धत हा,मार्क टू मार्केट रोजच्या अकाउंटींगची एक पद्धत आहे
7973,716745,D2,Banking,12.0,मी राष्ट्रीय ग्रामीण उपजीविका अभियानांतर्गत मोबाईल बनवायला शिकत आहे,मी राष्ट्रीय ग्रामीण उपजीविका अभियानांतर्गत मोबाईल बनवायला शिकत आहे
7974,720448,D4,Banking,12.0,कमर्शियल बँक ही एक वित्तीय संस्था आहे जी लोकांकडून ठेवी स्वीकारते,कमर्शियल बँक ही एक वित्तीय संस्था आहे जी लोकांकडून ठेवी स्वीकारते
7975,709744,D1,Agriculture,12.0,आज तीस लाख दशलक्ष हेक्टरमध्ये बांबूची लागवड केली जाता,आज तीस लाख दशलक्ष हेक्टरमध्ये बांबूची लागवड केली गेली.
7976,718570,D2,Banking,12.0,इ.एम.आय भरण्यासाठी कोणते वेगवेगळे मार्ग आहेत ?,इ.एम.आय भरण्यासाठी कोणते वेगवेगळे मार्ग आहेत?
7977,722206,D4,Agriculture,12.0,आजकाल वायू प्रदूषण आणि झाडे कापण्यामुळे पर्यावरणाचे तापमान वाढले आहे,आजकाल वायू प्रदूषण आणि झाडे कापण्यामुळे पर्यावरणाचे तापमान वाढले आहे
7978,710421,D1,Banking,12.0,रिटेल बँकिंग वेगवेगळ्या प्रकारचे नवनवीन सेवा प्रदान करून उद्योगाक मदत करता,रिटेल बँकिंग वेगवेगळ्या प्रकारचे नवनवीन सेवा प्रदान करून उद्योगांना मदत करते
7979,715965,D2,Agriculture,12.0,माझी आई तिळ आणि गुळाला मिसळून खूपच चविष्ट चिक्की बनवते,माझी आई तिळ आणि गुळाला मिसळून खूपच चविष्ट चिक्की बनवते
7980,721004,D4,Agriculture,12.0,खरीप पिकांचा हंगाम नैऋत्य मॉन्सूनदरम्यान जुलै ऑक्टोबर दरम्यान होतो,खरीप पिकांचा हंगाम नैऋत्य मॉन्सूनदरम्यान जुलै ऑक्टोबर दरम्यान होतो
7981,706762,D1,Banking,12.0,सरकार चालू खर्चाक तसेच मोठयो भांडवली प्रकल्पांसाठी कर्जा जारी करता,सरकार चालू खर्चासाठी तसेच मोठ्या भांडवली प्रकल्पांसाठी कर्ज जारी करते
7982,716065,D2,Agriculture,12.0,राजू प्रधानमंत्री पिक विमा योजने ने मला चांगली सबसिडी मिळाली,राजू प्रधानमंत्री पीआयसी विमा योजनेमुळे मला चांगली सबसिडी मिळाली
7983,718895,D4,Banking,12.0,पियर टू पीअर कर्ज थेट एखाद्या व्यक्तीस किंवा व्यवसायाला दिले जाते,पियर टू पीअर कर्ज थेट एखाद्या व्यक्तीस किंवा व्यवसायाला दिले जाते
7984,708312,D1,Banking,12.0,ती सबंध देशभरात उत्पादन सुविधांसाठी आर्थिक मॉडेल म्हणूनय दाखवला जाता,ते संपूर्ण देशभरात उत्पादन सुविधांसाठी आर्थिक मॉडेल म्हणून दाखवले जाते.
7985,714946,D2,Banking,12.0,जागतिक व्यापार संघटना जगभरातील मुक्त व्यापाराला प्रोत्साहन देते,जागतिक व्यापार संघटना जगभरातील मुक्त व्यापाराला प्रोत्साहन देते
7986,720854,D4,Agriculture,12.0,इष्टतम उत्पादनासाठी शेतकरी चराईची अनेक भिन्न धोरणे वापरू शकतात,इष्टतम उत्पादनासाठी शेतकरी चराईची अनेक भिन्न धोरणे वापरू शकतात
7987,706569,D1,Banking,12.0,व्यावसायिक बँका विविध प्रकारची कर्जा आणि अग्रिम प्रदान करतत,व्यावसायिक बँका विविध प्रकारची कर्जा आणि अग्रिम प्रदान करतात
7988,715183,D2,Banking,12.0,विविध देशांमध्ये होणाऱ्या व्यापारात डॉलरचा उपयोग केला जातो,विविध देशांमध्ये होणाऱ्या व्यापारात डॉलरचा उपयोग केला जातो
7989,722516,D4,Banking,12.0,व्यावसायिक बँक आपल्याला ओव्हरड्राफ्ट द्वारे देखील पैसे उधार देते,व्यावसायिक बँक आपल्याला ओव्हरड्राफ्ट द्वारे देखील पैसे उधार देते
7990,709102,D1,Agriculture,12.0,प्रितीच्या मामाकडे दहा पिकांची शेती हा,प्रितीच्या मामाकडे दहा पिकांची शेती आहे
7991,717020,D2,Banking,12.0,व्यवसाय ही एक मोठी कंपनी आहे जी आयातीवरील शुल्क वाढवू किंवा कमी करू शकते,व्यवसाय ही एक मोठी कंपनी आहे जी आयातीवरील शुल्क वाढवू किंवा कमी करू शकते
7992,721181,D4,Banking,12.0,सर्व शाळांना ऐच्छिक सभासदत्व आणि देणग्यांद्वारे पाठबळ दिले जाते,सर्व शाळांना ऐच्छिक सभासदत्व आणि देणग्यांद्वारे पाठबळ दिले जाते
7993,712095,D1,Banking,12.0,झालेली नुकसान भरपाई माका विम्यातून मेळतली काय ?,झालेली नुकसान भरपाई मला विम्यातून काय मिळाली?
7994,717244,D2,Agriculture,12.0,"राम यांनी सांगितले की , कृषी उपकरणांच्या किमती खूप वाढल्या आहेत",राम यांनी सांगितले की कृषी उपकरणांच्या किमती खूप वाढल्या आहेत
7995,719563,D4,Agriculture,12.0,मातीचे आरोग्य राखण्यासाठी सॉइल कंडिशनर वापरतात,मातीचे आरोग्य राखण्यासाठी सॉइल कंडिशनर वापरतात
7996,711333,D1,Agriculture,12.0,मीया माझ्या मुगाचा किडीपासून कसा रक्षण करू ?,मी माझ्या मुलाला किडीपासून कसा रक्षण करू?
7997,714495,D2,Banking,12.0,शेअर बजारमा स्टॉकना खरेदीदार आणि विक्रेता यासना जुग रहास,शेअर बाजारात स्टॉकचे खरेदीदार आणि विक्रेते तिथे राहतात
7998,719735,D4,Agriculture,12.0,उगवण म्हणजे बियाण्यापासून जीव वाढण्याची प्रक्रिया आहे,उगवण म्हणजे बियाण्यापासून जीव वाढण्याची प्रक्रिया आहे
7999,710044,D1,Agriculture,12.0,मोहन्याचो भाव कृषी आणि शेतकरी कल्याण मंत्रालयात सचिवाच्या पदावर हा,मोहनचे भाव कृषी आणि शेतकरी कल्याण मंत्रालयात सचिवाच्या पदावर हा
8000,716115,D2,Banking,12.0,वर्षासन पेमेंट च्या तारखांच्या वारंवारतेने वर्गीकृत केल जाऊ शकत,वर्षासन पेमेंटच्या तारखांच्या वारंवारतेने वर्गीकृत केले जाऊ शकते.
