id,text_id,dialect,domain,distortion_score,dialect_text,standard_text
5001,718883,D4,Banking,14.0,वेतनपट ही एक यादी आहे ज्यामध्ये पगाराव्यतिरिक्त इतर अनेक देयकांची नावे दिली जातात,वेतनपट ही एक यादी आहे ज्यामध्ये पगाराव्यतिरिक्त इतर अनेक देयकांची नावे दिली जातात
5002,709663,D1,Banking,14.0,वित्तीय साधनांत गुंतवणूकीसंबधित उपक्रमांची एक पूर्ण शृंखला का वर्णन करुचा असा,वित्तीय साधनांत गुंतवणूकीसंबधित उपक्रमांची एक पूर्ण शृंखला का वर्णन करायचे आहे?
5003,718348,D2,Banking,14.0,अल्प किंवा दीर्घ मुदतीसाठीच्या बचत योजनेची माहिती हवी आहे,अल्प किंवा दीर्घ मुदतीसाठीच्या बचत योजनेची माहिती हवी आहे
5004,722337,D4,Banking,14.0,अनेकदा हे करदाते असे करण्यासाठी त्यांची खरी आर्थिक परिस्थिती लपवतात,अनेकदा ते असे करण्यासाठी त्यांची खरी आर्थिक परिस्थिती लपवतात
5005,709400,D1,Agriculture,14.0,केंद्रान राज्यांका पोल्ट्री बंद करूबाबत पुनर्विचार करुक सांगितलानी,केंद्र आणि राज्यांच्या पोल्ट्री बंद करण्याबाबत पुनर्विचार करून सांगितली.
5006,717804,D2,Agriculture,14.0,"मुग , हरभरा आणि सोयाबीन या पिकासाठी कोणत्या सिंचन पद्धतीचा वापर करावा ?","मुग, हरभरा आणि सोयाबीन या पिकांसाठी कोणत्या सिंचन पद्धतीचा वापर करावा?"
5007,719883,D4,Banking,14.0,एखाद्या गोष्टीची तरलता हीसुद्धा वित्तपुरवठ्याची एक महत्त्वाची संकल्पना आहे,एखाद्या गोष्टीची तरलता हीसुद्धा वित्तपुरवठ्याची एक महत्त्वाची संकल्पना आहे
5008,708339,D1,Agriculture,14.0,नांगरूच्यासाठी शेतीत यंत्र म्हणान ट्रॅक्टरचो वापर केलो जाता,नांगरूसाठी शेतीत यंत्र म्हणून ट्रॅक्टर वापरला जातो
5009,718643,D2,Banking,14.0,बँकेत सेविंग खाते उघडण्यासाठी के.वाय.सी पुरावा म्हणून लागते का ?,बँकेत बचत खाते उघडण्यासाठी के.वाय.सी पुरावा म्हणून लागते का?
5010,722292,D4,Banking,14.0,राष्ट्रीय इलेक्ट्रॉनिक फंड हस्तांतरणातून पैसे पाठविणे आता सोपे झाले आहे,राष्ट्रीय इलेक्ट्रॉनिक फंड हस्तांतरणातून पैसे पाठविणे आता सोपे झाले आहे
5011,709177,D1,Agriculture,14.0,किटकनाशकांका संध्याकाळच्या आधी फवार आणि फुलांच्या झाडांवर फवारू नुको,कीटकनाशके संध्याकाळच्या आधी आणि फुलांच्या झाडांवर फवारणे.
5012,714735,D2,Agriculture,14.0,तम्बाखु उद्योग मा तंबाखुना वास कशा टिकाडता ई यानी कायजी लेन्ही पडस,तंबाखू उद्योगात तंबाखूचा वास कशा प्रकारे टिकतो आहे म्हणजे काय घेतले पडले
5013,722583,D4,Agriculture,14.0,कीटकनाशकाची फवारणी यंत्राद्वारे किंवा विमानाने केली जाते,कीटकनाशकाची फवारणी यंत्राद्वारे किंवा विमानाने केली जाते
5014,710793,D1,Banking,14.0,पर्यावरणासाठी काम करणाऱ्यांका काही कंपने अनुदान देतत,काही कंपने पर्यावरणसाठी काम करणाऱ्यांना अनुदान देत आहेत
5015,713210,D2,Banking,14.0,पैसा पत भौतिक संपत्ती निर्माण करा ना करता मुक्त बाजारपेठ गरजनी शे,"पैशाने भौतिक संपत्ती निर्माण करा, मुक्त बाजारपेठ गरज नाही."
5016,721727,D4,Banking,14.0,प्राचीन काळी रेशीम मार्ग व्यापारासाठी सोपा होता,प्राचीन काळी रेशीम मार्ग व्यापारासाठी सोपा होता
5017,711009,D1,Banking,14.0,वित्तीय बाजार कमी खर्चावर आर्थिक सिक्युरिटीज आणि डेरिव्हेटिवजचो व्यापार करता,वित्तीय बाजार कमी खर्चावर आर्थिक सिक्युरिटीज आणि डेरिव्हेटिव्हचा व्यापार करता
5018,715769,D2,Agriculture,14.0,पूर्ण हंगाम मध्ये क्लब त्यांचं बियाण्यापासून रोपण कायम ठेवणार आहे,पूर्ण हंगामात क्लब त्यांच्या बियाण्यापासून रोपण कायम ठेवणार आहे.
5019,721843,D4,Banking,14.0,न्यूयॉर्क शहर आणि लंडन ही गुंतवणूक बँकिंग सेवांची सर्वात मोठी केंद्रे आहेत,न्यूयॉर्क शहर आणि लंडन ही गुंतवणूक बँकिंग सेवांची सर्वात मोठी केंद्रे आहेत
5020,708321,D1,Banking,14.0,तुमी पयल्यांदाच बेंकेत खाता उगडश्यात तर तुमका यु.पी.आय पिन सेट करुक सांगितलो जातलो,तुम्ही पयल्यांदाच बेंकेत खात असाल आणि उगडश्यात तर तुमचे यु.पी.आय पिन सेट करायला सांगितले गेले आहे.
5021,713252,D2,Banking,14.0,मानूस परिवारना खर्च कराना टाईमले विविध आर्थिक जोखिम डोयासमोर ठेवस,माणसाचे कुटुंब वेळानुसार विविध आर्थिक धोके डोळ्यासमोर ठेवणे आवश्यक आहे.
5022,720351,D4,Agriculture,14.0,मानवी क्रियाकलाप पूर आणि बुशफायर सारख्या घटनांवर अप्रत्यक्षपणे परिणाम करू शकतात,मानवी क्रियाकलाप पूर आणि बुशफायर सारख्या घटनांवर अप्रत्यक्षपणे परिणाम करू शकतात
5023,711381,D1,Agriculture,14.0,भाताच्या रोपांची कितके दिसांनी लावणी केली जाता ?,भाताच्या रोपांची लावणी किती दिवसांनी केली जाते?
5024,716870,D2,Agriculture,14.0,बियांच्या उगवणामुळे त्याच्या आतून बाहेर पडणाऱ्या नवीन रोपाला अंकुर म्हणतात,बियांच्या उगवणामुळे त्याच्या आतून बाहेर पडणाऱ्या नवीन रोपाला अंकुर म्हणतात
5025,720870,D4,Agriculture,14.0,भीमाने कपटाने त्याच्या मांडीवर गदा मारून त्याचा वध केला,भीमाने कपटाने त्याच्या मांडीवर गदा मारून त्याचा वध केला
5026,712543,D1,Agriculture,14.0,मातीएचा पोत वनस्पतींएच्या वाढीवर कश्या प्रकारे परिणाम करता ?,मातीचा पोत वनस्पतींच्या वाढीवर कशा प्रकारे परिणाम करतो?
5027,716083,D2,Agriculture,14.0,रॉक वूल चा उपयोग हायड्रोपोनिक्स मध्ये सब्सट्रेट च्या रूपात केला जातो,रॉक वूलचा उपयोग हायड्रोपोनिक्समध्ये सब्सट्रेटच्या रूपात केला जातो.
5028,721229,D4,Banking,14.0,आपला ग्राहक जाणून घेण्यासाठी के.वाय.सी चे आवश्यक कागदपत्रे आहेत आधार कार्ड,आपला ग्राहक जाणून घेण्यासाठी के.वाय.सी चे आवश्यक कागदपत्रे आधार कार्ड आहेत
5029,712293,D1,Banking,14.0,कर्ज जास्तीत जास्त कितक्या मेळाक शकता ?,कर्ज जास्तीत जास्त किती मिळू शकते?
5030,716043,D2,Banking,14.0,"यु.पी.आय ॲप्लिकेशनचा अर्थ म्हणजे , कॅनरा बँके च युनिफाईड पेमेंट इंटरफेस ॲप्लीकेशन असा आहे",युपीआय ॲप्लिकेशनचा अर्थ म्हणजे कॅनरा बँकेचे युनिफाइड पेमेंट इंटरफेस ॲप्लिकेशन आहे
5031,719136,D4,Agriculture,14.0,एका गृहीतकानुसार बांबूच्या फुलांची लागवड मोठ्या प्रमाणावर केली जाते,एका गृहीतकानुसार बांबूच्या फुलांची लागवड मोठ्या प्रमाणावर केली जाते
5032,712033,D1,Banking,14.0,पर्यायी किंवा नॉन बँकिंग वित्तीय सेवा कडसून कर्ज घेऊच्या खाती काय करुक होया ?,पर्यायी किंवा नॉन बँकिंग वित्तीय सेवा कडून कर्ज घेण्याच्या खात्या काय कराव्यात?
5033,716872,D2,Banking,14.0,वैयक्तिक वित्त हा व्यक्तीच्या स्वतःच्या समज आणि जोखमीच्या क्षमतेवर प्रभाव टाकतो,वैयक्तिक वित्त हा व्यक्तीच्या स्वतःच्या समज आणि जोखमीच्या क्षमतेवर प्रभाव टाकतो
5034,722644,D4,Banking,14.0,ग्रामीण भागातील अर्थ व्यवस्थेत सहकारी बँका महत्त्वाची भूमिका बजावताना दिसतात,ग्रामीण भागातील अर्थव्यवस्थेत सहकारी बँका महत्त्वाची भूमिका बजावतात.
5035,709308,D1,Banking,14.0,गुंतवलेल्या पैशावरचो फायदो मेजूक कवितान परताव्याचा अंतर्गत दराचो उपयोग केल्यान,गुंतवलेल्या पैशावरील फायदो मेजूक कवितान परताव्याचा अंतर्गत दर वापरून केल्यान
5036,716565,D2,Banking,14.0,आर्थिक व्यवस्थेवरील टीका लेखकाच्या स्वतःच्या बाजूने निश्चित केली जाते,आर्थिक व्यवस्थेवरील टीका लेखकाच्या स्वतःच्या बाजूने निश्चित केली जाते
5037,720937,D4,Agriculture,14.0,"पाश्चरच्या मते , किण्वित द्रवपदार्थांच्या रोगांसाठी जिवाणू जबाबदार असतात",पाश्चरच्या मते किण्वित द्रवपदार्थांच्या रोगांसाठी जिवाणू जबाबदार असतात
5038,709688,D1,Banking,14.0,सगळ्या सरकारी आणि खासगी बॅन्का छोट्या व्यापारांका आरामात उधार देतत,सर्व सरकारी आणि खासगी बँका छोट्या व्यापारांना आरामात उधार देत आहेत
5039,716353,D2,Banking,14.0,कम्युनिटी बँक ही एक डिपॉझिटरी संस्था आहे जी सहसा स्थानिक पातळीवर चालविली जाते,कम्युनिटी बँक ही एक डिपॉझिटरी संस्था आहे जी सहसा स्थानिक पातळीवर चालविली जाते
5040,721849,D4,Banking,14.0,भारतातील काही शहरांमध्ये म्युनिसिपल बॉण्ड्समधून करोडो जमा करण्याची क्षमता आहे,भारतातील काही शहरांमध्ये म्युनिसिपल बॉण्ड्समधून करोडो जमा करण्याची क्षमता आहे
5041,708601,D1,Banking,14.0,ई कोमर्समध्ये वस्तूंचे इलेक्ट्रॉनिक रुपात खरेदी किंवा विक्रीचे व्यवहार असत,ई-कॉमर्समध्ये वस्तूंचे इलेक्ट्रॉनिक स्वरूपात खरेदी किंवा विक्रीचे व्यवहार होते.
5042,718369,D2,Banking,14.0,यू.पी.आय द्वारे व्यक्ती किंवा व्यवसायांसाठी पेमेंट करण्याच्या पद्धती,यू.पी.आय द्वारे व्यक्ती किंवा व्यवसायांसाठी पेमेंट करण्याच्या पद्धती
5043,720532,D4,Agriculture,14.0,कच्च्या केळीला पिकलेल्या केळीपेक्षा अधिक पोस्टिक मानले जाते,कच्च्या केळीला पिकलेल्या केळीपेक्षा अधिक मानले जाते
5044,708273,D1,Banking,14.0,खेळत्या भांडवलाचो उपयोग कंपन्ये आपलो व्यवसाय चलवच्यासाठी करतत,खेळत्या भांडवलाचा उपयोग कंपनये आपलं व्यवसाय चालवण्याच्यासाठी करत आहेत
5045,718448,D2,Banking,14.0,मला माझ्या मजुरांच्या खात्यात ऑनलाइन पैसे जमा करता येतील का ?,मला माझ्या मजुरांच्या खात्यात ऑनलाइन पैसे जमा करता येतील का?
5046,722127,D4,Agriculture,14.0,प्रीतमने मला दार्जिलिंग हून सहाशे रुपये किलो दार्जिलिंगचा चहा पाठवला आहे,प्रीतमने मला दार्जिलिंगहून सहाशे रुपये किलो दार्जिलिंगचा चहा पाठवला आहे
5047,706564,D1,Banking,14.0,सार्वजनिक वित्त ह्यो अर्थव्यवस्थेतील सरकारच्या भूमिकेचो अभ्यास असा,सार्वजनिक वित्त हे अर्थव्यवस्थेतील सरकारच्या भूमिकेचा अभ्यास आहे.
5048,718616,D2,Agriculture,14.0,आधुनिक शेतीत हायब्रिड बियाणाचे उत्पादन मोठ्या प्रमाणात केले जाते,आधुनिक शेतीत हायब्रिड बियाणाचे उत्पादन मोठ्या प्रमाणात केले जाते
5049,719580,D4,Banking,14.0,कर्जदार त्यांचे वैयक्तिक कर्ज तपशील नेट बँकिंग आणि लॉगिन पोर्टल द्वारे पाहू शकतात,कर्जदार त्यांचे वैयक्तिक कर्ज तपशील नेट बँकिंग आणि लॉगिन पोर्टल द्वारे पाहू शकतात
5050,710207,D1,Agriculture,14.0,कृत्रिम निवडीच्या दरम्यान प्रत्येक प्रजातीत एक प्रजाती निवडक रुपात जातीची निवड करता,कृत्रिम निवडीच्या दरम्यान प्रत्येक प्रजातीत एक प्रजाती निवडक रूपात जातीची निवड करते
5051,714054,D2,Agriculture,14.0,वाटाणासमा जीवनसत्त्व बराबर खनिज म्हंजी मॅग्नेशियम थायामिन फॉस्फरस रहास,वाटाणासमा जीवनसत्त्व बराबर खनिज म्हणजे मॅग्नेशियम थायामिन फॉस्फरस आहेत का?
5052,719052,D4,Agriculture,14.0,महेशने उन्हाळ्यात फ्रँगीपानी नावाच्या फुलाची लागवड करण्याचे ठरवले,महेशने उन्हाळ्यात फ्रँगीपानी नावाच्या फुलाची लागवड करण्याचे ठरवले
5053,711290,D1,Agriculture,14.0,रब्बी हंगामात खयल्या पिकाक जास्त पाणी लागता काय ?,रब्बी हंगामात पिकांवर जास्त पाणी लागते का?
5054,718078,D2,Banking,14.0,मला कर्ज मिळविण्यासाठी ऑनलाइन माहिती कशी मिळू शकते ?,मला कर्ज मिळवण्यासाठी ऑनलाइन माहिती कशी मिळू शकते?
5055,719204,D4,Agriculture,14.0,अनेक देश जंगलांचा विकास करण्यासाठी वनीकरण अभियंते वापरत आहेत,अनेक देश जंगलांचा विकास करण्यासाठी वनीकरण अभियंते वापरत आहेत
5056,712527,D1,Agriculture,14.0,भारत ह्यो जगा मधलो तिसरा क्रमांकाचो सर्वात मोठा मत्स्य उत्पादक देश आसा,भारत हे जगामध्ये तिसरा क्रमांकाचा सर्वात मोठा मत्स्य उत्पादक देश आहे.
5057,712945,D2,Banking,14.0,पतंजलीना वस्तुसवर दुकानदारसले फायदा जास्ती भेटत नयी,पतंजलीच्या वस्तूसवर दुकानदारला जास्त फायदा मिळतो.
5058,719338,D4,Banking,14.0,वार्षिक साधे व्याज देखील याचिका कर्त्याला देण्यास जबाबदार असेल,वार्षिक साधे व्याज देखील याचिका कर्त्याला देण्यास जबाबदार असेल
5059,712510,D1,Banking,14.0,निधी हस्तांतरण करण्यांच्या रकमेची अधिकाधिक पातळी किती असात ?,निधी हस्तांतरणाच्या रकमेची अधिकाधिक पातळी किती असते?
5060,715043,D2,Banking,14.0,पेपालचा वापर आंतरराष्ट्रीय देणी घेणी ऑनलाइन करण्यासाठी केला जातो,पेपैलचा वापर आंतरराष्ट्रीय देणी घेणी ऑनलाइन करण्यासाठी केला जातो
5061,719732,D4,Banking,14.0,प्रीतम तुम्ही तुमच्या बहिणीला पैसे पाठवण्यासाठी कोणते ऍप वापरता ?,प्रीतम तुम्ही तुमच्या बहिणीला पैसे पाठवण्यासाठी कोणते ॲप वापरता?
5062,709680,D1,Agriculture,14.0,शेतकी शिक्षण शेती क्षेत्रात विद्यार्थ्यांका रोजगार देऊक तयार करतत,शेतकी शिक्षण शेती क्षेत्रात विद्यार्थ्यांचे रोजगार देण्यास तयार करत आहेत
5063,714277,D2,Agriculture,14.0,पशुपालन ईभागनी जनावरे नी कोंबड्यांस्ले रोग होऊ नई यानाकरता पशू अधिकारी नेमेल शेतस,पशुपालनाद्वारे जनावरांच्या कोंबड्यांमध्ये रोग होऊ नये यासाठी पशु अधिकाऱ्यांनी शेतात कळवावे.
5064,718955,D4,Banking,14.0,चार्टर्ड अकाउंटंटची स्थापना सुरुवातीला स्कॉटलंडमध्ये अठरा शे चौवन मधे झाली,चार्टर्ड अकाउंटंटची स्थापना सुरुवातीला स्कॉटलंडमध्ये अठराशे चौवन्नमध्ये झाली
5065,710166,D1,Banking,14.0,ई.सी.एस एका खात्यातुन दुसऱ्या खात्यात फंड ट्रांसफर करूचो एक इलेक्ट्रॉनिक प्रकार असा,ई.सी.एस एका खात्यातून दुसऱ्या खात्यात फंड ट्रान्सफर करणे एक इलेक्ट्रॉनिक प्रकार आहे.
5066,714609,D2,Banking,14.0,एच.डी.एफ.सी बँकमाबी पेंशनफंड जमा करता येस त्यानाकरता रजिस्ट्रेशन करनं पडस,एच.डी.एफ.सी बँकेत पेन्शन फंड जमा करायचा असल्यास त्यासाठी रजिस्ट्रेशन फॉर्म भरावा लागेल.
5067,722466,D4,Banking,14.0,भारतात थेट परकीय गुंतवणुकीद्वारे संपत्ती निर्मितीच्या अनेक संधी उपलब्ध होतील,भारतात थेट परकीय गुंतवणुकीद्वारे संपत्ती निर्मितीच्या अनेक संधी उपलब्ध होतील
5068,708394,D1,Banking,14.0,प्राप्तिकर विभाग ह्यो केंद्रीय प्रत्यक्ष कर मंडळाच्या अध्यक्षतेखाली येता,प्राप्तिकर विभाग केंद्रीय प्रत्यक्ष कर मंडळाच्या अध्यक्षतेखाली आहे.
5069,716465,D2,Agriculture,14.0,"गाठी आवरण ही प्लास्टिक सारखी वस्तू असते , ज्यामध्ये पीके ठेवली जातात","गाठी आवरण ही प्लास्टिकसारखी वस्तू असते, ज्यामध्ये पीके ठेवल्या जातात."
5070,720029,D4,Agriculture,14.0,स्पीयरफिशिंग मधील माशांची शिकार भाल्यांद्वारे केली जाते,स्पीयरफिशिंगमधील माशांची शिकार भाल्यांद्वारे केली जाते
5071,708809,D1,Agriculture,14.0,पानांचो उपयोग पिवळ्या डाळेत आणि शेंगदाण्यांच्या सूप मध्ये पण करतत,पानांचा उपयोग पिवळ्या डाळीत आणि शेंगदाण्यांच्या सूपमध्ये पण करत आहे.
5072,715376,D2,Banking,14.0,एफ.डी.आय ची स्थिती घेण्यासाठी कमीत कमी दहा टक्के शेअर खरेदी करावे लागतात,एफ.डी.आय ची स्थिती घेण्यासाठी कमीत कमी दहा टक्के शेअर खरेदी करावे लागतात
5073,721737,D4,Banking,14.0,आधुनिक काळात फियाट मनीची स्थापना सर्वसाधारणपणे सरकारी नियमनाद्वारे केली जाते,आधुनिक काळात फियाट मनीची स्थापना सर्वसाधारणपणे सरकारी नियमनाद्वारे केली जाते
5074,710399,D1,Agriculture,14.0,मोठ्या डेयरींमध्ये जनावरांचो कचरो ही दुग्धव्यवसायातली मोठी चिंता असा,मोठ्या डेअरीमध्ये जनावरांचा कचरा ही दुग्धव्यवसायाची मोठी चिंता आहे
5075,716511,D2,Agriculture,14.0,बेरींना फळे येण्यासाठी वनस्पतींमध्ये परागण आवश्यक असते,बेरींना फळे येण्यासाठी वनस्पतींमध्ये परागण आवश्यक असते
5076,722626,D4,Banking,14.0,जागतिक स्तरावर आर्थिक संघटनेचे प्रबळ स्वरूप बाजाराभिमुख मिश्र अर्थ व्यवस्थेवर आधारित आहे,जागतिक स्तरावर आर्थिक संघटनेचे प्रबळ स्वरूप बाजाराभिमुख मिश्र अर्थ व्यवस्थेवर आधारित आहे
5077,710522,D1,Banking,14.0,असु शकता कि तुम्ही खुप जास्त व्याजदरान कर्ज घेऊ शकतास,तुम्ही खूप जास्त व्याजदराने कर्ज घेऊ शकता का?
5078,714988,D2,Banking,14.0,देण्याघेण्याचे खाते कुठल्याही बँकेत किंवा वित्त संस्थेत उघडता येऊ शकते,देण्याघेण्याचे खाते कुठल्याही बँकेत किंवा वित्त संस्थेत उघडता येऊ शकते
5079,719972,D4,Banking,14.0,कार्यरत भांडवल सध्याच्या जबाबदार्या पूर्ण करण्यासाठी वापरले जाते,कार्यरत भांडवल सध्याच्या जबाबदाऱ्या पूर्ण करण्यासाठी वापरले जाते
5080,709899,D1,Banking,14.0,ज्या बँकेत कंपनी गुंतवणूक करता ती बँक कंपनीक तिच्या मूल्याबाबतही सल्लो देता,ज्या बँकेत कंपनी गुंतवणूक करते ती बँक कंपनीच्या मूल्याबद्दलही माहिती देते.
5081,717870,D2,Agriculture,14.0,कमीत कमी खर्चात अधिक फायदा मिळविण्यासाठी कोणत्या घटकांचा अवलंब करावा ?,कमीत कमी खर्चात अधिक फायदा मिळविण्यासाठी कोणत्या घटकांचा अवलंब करावा?
5082,721690,D4,Banking,14.0,एका विशिष्ट कालावधीत निश्चित देयकासह काल्पनिक गुंतवणूकीच्या परताव्याचा दर आहे,एका विशिष्ट कालावधीत निश्चित देयकासह काल्पनिक गुंतवणुकीच्या परताव्याचा दर आहे
5083,710992,D1,Agriculture,14.0,लीमा बीन आहार फायबरचो एक चांगलो स्त्रोत असा त्याच्यात उच्च गुणवत्तेचा प्रोटीन असता,लीमा बीन आहार फायबर एक चांगला स्रोत आहे आणि त्यात उच्च गुणवत्तेचे प्रोटीन असते
5084,718528,D2,Banking,14.0,शासनाच्या सुविधांचा लाभ घेण्यासाठी स्वतःचे घर असणे आवश्यक आहे का ?,शासनाच्या सुविधांचा लाभ घेण्यासाठी स्वतःचे घर असणे आवश्यक आहे का?
5085,719154,D4,Agriculture,14.0,हिरव्या मिरचीचा वापर भाज्यांमध्ये जास्त केला जातो,हिरव्या मिरचीचा वापर भाज्यांमध्ये जास्त केला जातो
5086,707094,D1,Banking,14.0,एफ.ए.एस.बी लेखा मानका अनेक संस्थांद्वारा अधिकृत म्हणून स्वीकारली जाता,एफ.ए.एस.बी लेखा मानके अनेक संस्थांद्वारे अधिकृत म्हणून स्वीकारली जातात.
5087,713816,D2,Agriculture,14.0,बारीक आणि गुळगुळीत धागा सुद्धा मजबूत बनाडासाठे बाकिना मा भी मिळवतस,बारीक आणि गुळगुळीत धागा सुद्धा मजबूत बनाडासाठे मलाही मिळतात
5088,719800,D4,Agriculture,14.0,तुम्हाला माहीत आहे का बांबूच्या एकशे छत्तीस प्रजाती आहेत,तुम्हाला माहीत आहे का बांबूच्या एकशे छत्तीस प्रजाती आहेत
5089,707298,D1,Agriculture,14.0,"अन्न मिळवूक , जेली बनवूक अश्या कामासाठी शैवाल पाळतत",अन्न मिळवून जेली बनवण्यासाठी अशा कामासाठी शैवाल पाळत आहेत
5090,718672,D2,Banking,14.0,मुलींसाठी फायदेशीर असणाऱ्या काही सामाजिक योजना आहेत का ?,मुलींसाठी फायदेशीर असणाऱ्या काही सामाजिक योजना आहेत का?
5091,719615,D4,Banking,14.0,पंधरा ऑगस्ट दोन हजार चौदा रोजी स्वातंत्र्यदिनी पी.एम.जे.डी.वाय ची घोषणा करण्यात आली,पंधरा ऑगस्ट दोन हजार चौदा रोजी स्वातंत्र्यदिनी पी.एम.जे.डी.वाय ची घोषणा करण्यात आली
5092,710945,D1,Agriculture,14.0,मेंढपाळ म्हणजे मेंढरांच्या कळपाक चारो किंवा रक्षण करणारी व्यक्ती,मेंढपाळ म्हणजे मेंढरांच्या कळपाचे चार किंवा रक्षण करणारी व्यक्ती
5093,718240,D2,Banking,14.0,माझे जुलै ते सप्टेंबर महिन्याचे बँक डिटेल्स पाठवू शकता का ?,माझे जुलै ते सप्टेंबर महिन्याचे बँक डिटेल्स पाठवू शकता का?
5094,722731,D4,Banking,14.0,स्टॉकच्या किमतीत लक्षणीय बदल झाल्यामुळे बाजारातील जोखीम परिस्थिती उद्भवू शकते,स्टॉकच्या किमतीत लक्षणीय बदल झाल्यामुळे बाजारातील जोखीम परिस्थिती उद्भवू शकते
5095,711096,D1,Banking,14.0,सोशल मार्केटींग ही सर्वात वेगान वाढणाऱ्या करीअर संधींपैकी एक हा,सोशल मार्केटिंग ही सर्वात वेगाने वाढणाऱ्या करिअर संधींपैकी एक आहे
5096,712841,D2,Banking,14.0,शेअर बजारना बारामा माहित नसणारा म्युच्युअल फंडमा पैसा गुताडतस,शेअर बाजाराबद्दल माहिती नसणारे लोक म्युच्युअल फंडात पैसे गुंतवत आहेत
5097,719092,D4,Banking,14.0,आंतरराष्ट्रीय नाणेनिधीकडून पाकिस्तानला सहा अब्ज रुपयांचे कर्ज मिळाले आहे,आंतरराष्ट्रीय नाणेनिधीकडून पाकिस्तानला सहा अब्ज रुपयांचे कर्ज मिळाले आहे
5098,706750,D1,Banking,14.0,काही एक्सचेंजात एक्सचेंज स्थित असलेल्यो देशाबाहेरच्यो कंपन्या समाविष्ट आसत,काही एक्सचेंजमध्ये एक्सचेंज स्थित असलेले देशाबाहेरचे कंपन्या समाविष्ट असतील
5099,714309,D2,Agriculture,14.0,झुडूप हायी धाकलं मध्यम आकारनं बारमाही वनस्पती रहास,"झुडूप आहे, धाक मध्यम आकारात बारमाही वनस्पती आहेत."
5100,722030,D4,Banking,14.0,यू.पी.आई व्यापारी पेमेंटला सिंगल ॲप्लिकेशन किंवा ॲप पेमेंटची अनुमती देते,यू.पी.आई व्यापारी पेमेंटला सिंगल ॲप्लिकेशन किंवा ॲप पेमेंटची अनुमती देते
5101,707833,D1,Agriculture,14.0,भात सोलण्याचा यंत्र भाताच्या वरच्या भागापासून भुसो वेगळो करता,भात सोलण्याचे यंत्र भाताच्या वरच्या भागापासून भुसो वेगळे करते.
5102,715962,D2,Agriculture,14.0,माझा काकांकडून पी.एम शेती सिंचन योजनेचा फायदा घेतला जात आहे,माझ्या काकांकडून पी.एम. शेती सिंचन योजनेचा फायदा घेतला जात आहे
5103,721142,D4,Banking,14.0,वित्तीय संस्था बाजारात विक्रीसाठी कंपनीचे शेअर्स किंवा बाँड शोधतात,वित्तीय संस्था बाजारात विक्रीसाठी कंपनीचे शेअर्स किंवा बाँड शोधतात
5104,710910,D1,Agriculture,14.0,माझ्या भावान मटारच्या पिकासोबत आवळ्याची झाडा लावल्यान असत,माझ्या भावाला मटारच्या पिकांसोबत आवळ्याची झाड लावले असते.
5105,714866,D2,Banking,14.0,ऑनलाइन देणे अदा करणाऱ्या वेबसाइट वर रोजची देणी देण्याच्या मर्यादा वेगवेगळ्या असतात,ऑनलाइन पेमेंट करणाऱ्या वेबसाइटवर रोजच्या देणी देण्याच्या मर्यादा वेगवेगळ्या असतात.
5106,720375,D4,Banking,14.0,बर्याच प्रकरणांमध्ये केवळ मूर्त मालमत्तेलाच स्थिर म्हणून संबोधले जाते,बऱ्याच प्रकरणांमध्ये केवळ मूर्त मालमत्तेलाच स्थिर म्हणून संबोधले जाते
5107,707246,D1,Banking,14.0,युनिफाइड पेमेंट्स इंटरफेस यू.पी.आय च्या अंमलबजावणी आणि वापराक भारत सरकारान समर्थन केला असा,युनिफाइड पेमेंट्स इंटरफेस यू.पी.आय च्या अंमलबजावणी आणि वापराचे भारत सरकारचे समर्थन केले असा.
5108,717370,D2,Agriculture,14.0,सुपारीचे पीक कोणत्या मातीत चांगल्या प्रकारे घेता येईल ?,सुपारीचे पीक कोणत्या मातीत चांगल्या प्रकारे घेतले जाईल?
5109,719328,D4,Banking,14.0,आम्हाला वाटते की वित्तीय लेखा मानक मंडळ व्याज एकत्रीकरण समाप्त करेल,आम्हाला वाटते की वित्तीय लेखा मानक मंडळ व्याज एकत्रीकरण समाप्त करेल
5110,707848,D1,Agriculture,14.0,भारतातल्यो शेतकरी आत्महत्या दूर करण्यासाठी आपण सरकारका आवाहन केला पाहिजे,भारतातील शेतकरी आत्महत्या दूर करण्यासाठी आपण सरकारला आवाहन केले पाहिजे
5111,716710,D2,Agriculture,14.0,जास्त कापणीमुळे संसाधनांचे प्रमाण कमी होते,जास्त कापणीमुळे संसाधनांचे प्रमाण कमी होते
5112,722078,D4,Agriculture,14.0,ग्रामीण कृषी वैज्ञानिकांनी आम्हाला बियाणे ड्रिल करून दाखवले,ग्रामीण कृषी वैज्ञानिकांनी आम्हाला बियाणे ड्रिल करून दाखवले
5113,710342,D1,Banking,14.0,बँकेच्या दरोड्यात दरवेळेक बँक कर्मचाऱ्यांका आपलो जीव धोक्यात घालुचो लागता,बँकेच्या दरोड्यात बँक कर्मचाऱ्यांचे आपले जीवन दरवेळेस धोक्यात येते.
5114,715203,D2,Agriculture,14.0,"शेवाळाला समुद्री तण देखील म्हणतात , जे औषधांच्या निर्मितीमध्ये वापरले जातात","शेवाळाला समुद्री तण देखील म्हणतात, जे औषधांच्या निर्मितीमध्ये वापरले जातात."
5115,719830,D4,Agriculture,14.0,वन्य मासेमारीला कधीकधी कॅप्चर फिशरीज असेही म्हणतात,वन्य मासेमारीला कधीकधी कॅप्चर फिशरीज असेही म्हणतात
5116,708661,D1,Agriculture,14.0,मातीयेचे प्रकार मातीच्या वर्गीकरणाचो एक तांत्रिक शब्द हा,मातीचे प्रकार मातीच्या वर्गीकरणाचा एक तांत्रिक शब्द आहे
5117,717688,D2,Agriculture,14.0,अंडी देणाऱ्या कोंबडीच्या जातिविषयी माहिती द्या,अंडी देणाऱ्या कोंबडीच्या जातीविषयी माहिती द्या
5118,721182,D4,Banking,14.0,उच्च टायट्रे अँटीबॉडीज असलेली देणगी रक्तगट अभिकर्मकांसाठी योग्य संसाधने असू शकतात,उच्च टायट्रे अँटीबॉडीज असलेली देणगी रक्तगट अभिकर्मकांसाठी योग्य संसाधने असू शकतात
5119,707314,D1,Agriculture,14.0,आजारी असल्यावर माणसाक हिरव्या भाज्यांच्या सूपाचो खूप फायदो होता,आजारी असल्यावर माणसाला हिरव्या भाज्यांच्या सूपाचा खूप फायदा होता.
5120,714922,D2,Agriculture,14.0,गव्हाच्या कोंडापासून रवा वेगळा करून बारीक केला जातो,गव्हाच्या कोंडापासून रवा वेगळा करून बारीक केला जातो
5121,722441,D4,Agriculture,14.0,पीक विमा योजनेचा उद्देश कृषी क्षेत्रातील शाश्वत उत्पादनाला सहाय्य करणे हा आहे,पीक विमा योजनेचा उद्देश कृषी क्षेत्रातील शाश्वत उत्पादनाला सहाय्य करणे आहे
5122,708854,D1,Banking,14.0,सार्वजनिक बॅन्कांतला व्याज दर खासगी बॅन्कातल्या दरांपेक्षा चांगलो असता,सार्वजनिक बँकेचे व्याज दर खासगी बँकेच्या दरांपेक्षा चांगले असतात.
5123,714797,D2,Agriculture,14.0,अंतर्देशीय मत्स्योत्पादनात भारत मत्स्य उत्पादनात चीननंतर तिसरा सर्वात मोठा देश आहे,अंतर्देशीय मत्स्योत्पादनात भारत मत्स्य उत्पादनात चीननंतर तिसरा सर्वात मोठा देश आहे
5124,722116,D4,Agriculture,14.0,"काळजी करू नका भाऊ , सरकार आता दूध उत्पादक शेतकऱ्यांना फक्त दोन टक्के व्याजाने कर्ज देत आहे","काळजी करू नका, सरकार आता दूध उत्पादक शेतकऱ्यांना फक्त दोन टक्के व्याजाने कर्ज देत आहे."
5125,706531,D1,Banking,14.0,"सगळ्यांत मौल्यवान धातूंपैकी , गुंतवणूक म्हणून सोना ह्या सर्वात लोकप्रिय असा","सर्व मौल्यवान धातूंमध्ये, गुंतवणूक म्हणून सोने सर्वात लोकप्रिय आहे."
5126,715637,D2,Agriculture,14.0,तर मग मक्याच्या बियाण्याला फक्त दोन ते तीन सेंटीमीटर आत जमिनीमध्ये गाडने योग्य आहे,तर मग मक्याच्या बियाण्याला फक्त दोन ते तीन सेंटीमीटर आत जमिनीमध्ये गाडणे योग्य आहे
5127,719617,D4,Banking,14.0,"पडताळणीसाठी ग्राहक त्यांची के.वाय.सी कागदपत्रे , पत्ता आणि ओळखीचा पुरावा सादर करतात","पडताळणीसाठी ग्राहक त्यांची के.वाय.सी कागदपत्रे, पत्ता आणि ओळखीचा पुरावा सादर करतात"
5128,709269,D1,Banking,14.0,भारताचो केंद्रीय बजेट ह्या वेळेक निर्मला सीतारामण ह्यानी सादर केल्यानी,भारताचे केंद्रीय बजेट या वेळी निर्मला सीतारामन यांनी सादर केले
5129,716740,D2,Agriculture,14.0,"काळजी करू नकोस भाऊ , माझ्या घरातून एक मुसळ घे आणि भुसाचे धान्य वेगळे कर","काळजी करू नका भाऊ, माझ्या घरातून एक मुसळ घ्या आणि भुसाचे धान्य वेगळे करा."
5130,721675,D4,Banking,14.0,चेकपेक्षा मनीऑर्डर हा पेमेंटचा विश्वासार्ह मार्ग आहे,चेकपेक्षा मनीऑर्डर हा पेमेंटचा विश्वासार्ह मार्ग आहे
5131,708402,D1,Agriculture,14.0,फुलांका माणसा सजावट आणि औषधी उपयोगासाठी वापरात आणतत,फुलांका माणसाच्या सजावट आणि औषधी उपयोगासाठी वापरात आणले जात आहे.
5132,715086,D2,Agriculture,14.0,भारत सरकारने मत्स्यपालनासाठी प्रधानमंत्री मत्स्य संपदा योजना आणली आहे,भारत सरकारने मत्स्यपालनासाठी प्रधानमंत्री मत्स्य संपदा योजना आणली आहे
5133,719641,D4,Agriculture,14.0,"भाऊ , गुणवत्ता खराब न करता सागरी शेतीत सतत मासे पकडणे शक्य आहे",गुणवत्ता खराब न करता सागरी शेतीत सतत मासे पकडणे शक्य आहे
5134,707789,D1,Banking,14.0,"बँकेकडून नईन रक्कम तयार केली जाता , अशी माहिती मिळाली आसा","बँकेकडून नवीन रक्कम तयार केली गेली, अशी माहिती मिळाली."
5135,713065,D2,Banking,14.0,सामाजिक उद्योगजगतनं कमाईना बराबर लोककल्याणनंबी काम शे,सामाजिक उद्योगजगतं कमाईला बरोबर लोककल्याणाला काम शे
5136,718824,D4,Agriculture,14.0,लीमिंग आणि ऍसिडिफायिंग एजेंटस ही अजैविक रसायने आहेत ज्यामुळे पोटात गॅस होतो,लीमिंग आणि ऍसिडिफायिंग एजंट्स ही अजैविक रसायने आहेत ज्यामुळे पोटात गॅस होतो
5137,709707,D1,Agriculture,14.0,सामान्य व्यावसायिकांका कॅलिफोर्निया ब्लॅकआय बोलतत,सामान्य व्यावसायिक कॅलिफोर्नियामध्ये ब्लॅकआय बोलत आहेत
5138,716686,D2,Banking,14.0,चाणक्याने भारतातील आर्थिक व्यवस्थापन पुस्तकाप्रमाणेच एक हस्तलिखित लिहिले होते,चाणक्याने भारतातील आर्थिक व्यवस्थापन पुस्तकाप्रमाणेच एक हस्तलिखित लिहिले होते
5139,720967,D4,Agriculture,14.0,द्रव खताचा वापर वनस्पतीं साठी पोषक तत्वांनी युक्त खत म्हणून केला जातो,द्रव खताचा वापर वनस्पतींसाठी पोषक तत्वांनी युक्त खत म्हणून केला जातो.
5140,709677,D1,Agriculture,14.0,शेतकरी हेल्पलाईन क्रमांकावर बियाणे निवडूसाठी सल्लो दिलो जाता,शेतकऱ्याला हेल्पलाईन क्रमांकावर बियाणे निवडण्यासाठी परवानगी दिली जाते.
5141,714452,D2,Agriculture,14.0,रासायनिक खते आणि परमाननी बाहेर पानीना बये जमिनी पोत हालकी व्हस,रासायनिक खते आणि परमानंट पाणी बाहेर जमिनीच्या हालकावर परिणाम करतात
5142,718935,D4,Agriculture,14.0,"स्ट्रॉबेरी चा विशेष वास ओळखण्यायोग्य बनला आहे , तो चमकदार लाल रंगाचा असतो","स्ट्रॉबेरीचा विशेष वास ओळखण्यायोग्य बनला आहे, तो चमकदार लाल रंगाचा असतो"
5143,711082,D1,Banking,14.0,सार्वजनिक हितासाठी काम करणारे ना नफा संस्था असतत,सार्वजनिक हितासाठी काम करणारे नफा संस्था अस्तित्वात आहेत
5144,714435,D2,Agriculture,14.0,मासा खावावर आपला शरीरमझारली चरबी कमी व्हस आणि फॉस्फरस बी भेटस,मासे खाल्ल्यावर आपले शरीरमज्जाची चरबी कमी होते आणि फॉस्फरस बी मिळते
5145,720813,D4,Agriculture,14.0,"युरोपियन देशांमध्ये , क्रायसॅन्थेमम फुले मृत्यू आणि शोकांचे प्रतीक आहेत",युरोपियन देशांमध्ये क्रायसॅन्थेमम फुले मृत्यू आणि शोकांचे प्रतीक आहेत
5146,706874,D1,Banking,14.0,पैसो म्हणजे कोणताही ज्या वस्तू आणि सेवांसाठी देय म्हणून स्वीकारलो जाता,पैसे म्हणजे ज्या वस्तू आणि सेवांसाठी देय म्हणून स्वीकारले जातात.
5147,714489,D2,Banking,14.0,विशिष्ट लोकेस्नीकरता भरणा करानी करता कोना लिखेल आदेश मान्य व्हस,विशिष्ट लोकांसाठी भरणा करण्याची प्रक्रिया कोठे लिहावे आणि आदेश मान्य करावा?
5148,720301,D4,Banking,14.0,सार्वजनिक बँकेची विश्वासार्हता खाजगी बँकांपेक्षा अधिक आहे,सार्वजनिक बँकांची विश्वासार्हता खाजगी बँकांपेक्षा अधिक आहे
5149,709032,D1,Banking,14.0,तुमका माहित हा काय की शेअर भांडवलासून व्यापार सुरू करू शकताव ?,तुम्हाला माहीत आहे का की शेअर भांडवलापासून व्यापार सुरू करता येतो?
5150,716944,D2,Agriculture,14.0,बहुतेक मातीची नावे तिच्या रंगाच्या आधारावर दिली जातात,बहुतेक मातीची नावे तिच्या रंगाच्या आधारावर दिली जातात
5151,719087,D4,Banking,14.0,बँक कर्मचार्याने अनुजला बराच वेळ मागणी केल्यावर जमा करू नका असे सांगितले,बँक कर्मचाऱ्यांनी अनुजलाने बराच वेळ मागणी केल्यावर जमा करू नका असे सांगितले
5152,712025,D1,Banking,14.0,राष्ट्रीय गरीब कल्याण योजनेखातीर अर्ज करूच्या खाती कसली कागदपत्रा लागतत ?,राष्ट्रीय गरीब कल्याण योजनेसाठी अर्ज करण्यासाठी कोणत्या कागदपत्रांची आवश्यकता आहे?
5153,715324,D2,Banking,14.0,आवडीच्या स्टोक च मूल्य साधारण स्टॉक पेक्षा जास्त असत,आवडीच्या स्टॉकचे मूल्य साधारण स्टॉकपेक्षा जास्त होते.
5154,719292,D4,Banking,14.0,अर्थ व्यवस्था मजबूत करणाऱ्या आणि जीवनमान उंचावणाऱ्या प्रकल्पांवर कर लावून सरकार पैसे कमवते,अर्थ व्यवस्था मजबूत करणाऱ्या आणि जीवनमान उंचावणाऱ्या प्रकल्पांवर कर लावून सरकार पैसे कमवते
5155,711662,D1,Agriculture,14.0,ऊसाच्या पिकासाठी खैयची प्रभावी सिंचन पद्धताचो वापर करतत ?,ऊसाच्या पिकांसाठी प्रभावी सिंचन पद्धत वापरली जात आहे का?
5156,713485,D2,Agriculture,14.0,भारत मजार दोन एकर पेक्शा कमी शेती वाला जास्त आत्महत्या करतस,भारतातील मजार भागात दोन एकर पेक्षा कमी शेतीवाले जास्त आत्महत्या करत आहेत.
5157,721200,D4,Banking,14.0,परकीय चलन स्थळांमध्ये नाममात्र मूल्याने जगातील सर्वात मोठी बाजारपेठ समाविष्ट आहे,परकीय चलन स्थळांमध्ये नाममात्र मूल्याने जगातील सर्वात मोठी बाजारपेठ समाविष्ट आहे
5158,712238,D1,Banking,14.0,जास्ती पैशे मिळतील असो सामाजिक योजना सांगा ?,जास्तीचे पैसे मिळतील असो तर सामाजिक योजना सांगा?
5159,718349,D2,Banking,14.0,माझ्या खात्यावर किमान किती रक्कम असायला हवी ?,माझ्या खात्यावर किमान किती रक्कम असायला हवी?
5160,721363,D4,Banking,14.0,दीर्घकाळ रिअल इस्टेटमध्ये गुंतवणूक केल्याने तुम्हाला फायदा होऊ शकतो,दीर्घकाळ रिअल इस्टेटमध्ये गुंतवणूक केल्याने तुम्हाला फायदा होऊ शकतो
5161,707212,D1,Banking,14.0,प्रत्येक मालमत्ता वर्गात गुंतवणूक करणारा फंड तुम्ही ओळखूक व्हया,प्रत्येक मालमत्ता वर्गात गुंतवणूक करणारा फंड तुम्ही ओळखता
5162,716847,D2,Agriculture,14.0,जंगलतोडीमुळे जलद पूर आणि दुष्काळसदृश परिस्थिती निर्माण होते,जंगलतोडीमुळे जलद पूर आणि दुष्काळसदृश परिस्थिती निर्माण होते
5163,720432,D4,Banking,14.0,संस्थांनी कमावलेल्या उत्पन्नाच्या संदर्भात त्यांच्यावर आयकर आकारला जातो,संस्थांनी कमावलेल्या उत्पन्नाच्या संदर्भात त्यांच्यावर आयकर आकारला जातो
5164,709961,D1,Agriculture,14.0,पोल्ट्री कॉलरा ह्यो कुक्कुटपालन व्यवसायातलो अत्यंत महत्त्वाचा मुद्दो आसा,पोल्ट्री कॉलरा हे कुक्कुटपालन व्यवसायातलो अत्यंत महत्त्वाचा मुद्दा आहे.
5165,714713,D2,Banking,14.0,ज्याले आपुन भांडवल म्हणतस ते देनारासले करजं देवानी टाईमले काय जोखीम रहास,ज्याला तुम्ही भांडवल म्हणता ते देणे कर्जे देण्याची वेळ काय जोखीम आहे?
5166,722312,D4,Banking,14.0,म्युनिसिपल बाँड्सना भांडवली बाजार आणि वित्तीय संस्थांमध्ये प्रवेश असतो,म्युनिसिपल बाँड्सना भांडवली बाजार आणि वित्तीय संस्थांमध्ये प्रवेश असतो
5167,709399,D1,Agriculture,14.0,कृषी विपणनामुळे शेतकऱ्याका आपल्या धान्याचे चांगले पैशे मिळतत,कृषी विपणनामुळे शेतकऱ्यांचे आपल्या धान्याचे चांगले पैसे मिळत आहेत
5168,716176,D2,Agriculture,14.0,शेतकऱ्यांच्या सुधारणेसाठी शेती रोबोट या ॲग्रीबोट्स ला जगभरात तैनात केल आहे,शेतकऱ्यांच्या सुधारणेसाठी शेती रोबोट या ॲग्रीबोट्स जगभरात तैनात केले आहे
5169,722834,D4,Agriculture,14.0,डॉ एम महादेवप्पा हे भारतातील अग्रगण्य कृषी शास्त्रज्ञांपैकी एक आहेत,डॉ एम महादेवप्पा हे भारतातील अग्रगण्य कृषी शास्त्रज्ञांपैकी एक आहेत
5170,707066,D1,Banking,14.0,सामान्य वैशिष्ट्यांत मर्यादित संख्येन पैसो काढणा समाविष्ट असा,सामान्य वैशिष्ट्यांमध्ये मर्यादित संख्येत पैसे काढणे समाविष्ट आहे.
5171,716333,D2,Banking,14.0,ट्रॅव्हलर्स चेक हे प्रवाशाला देवाणघेवाण करण्याचे माध्यम आहे,ट्रॅव्हलर्स चेक हे प्रवाशाला देवाणघेवाण करण्याचे माध्यम आहे
5172,719728,D4,Banking,13.933,"त्यानंतर तुम्ही ओ.टी.पी फोन नंबर , आय.डी क्रमांक आणि रक्कम क्रमांक टाकून पैसे काढू शकता","त्यानंतर तुम्ही ओ.टी.पी फोन नंबर, आय.डी क्रमांक आणि रक्कम क्रमांक टाकून पैसे काढू शकता"
5173,712542,D1,Agriculture,14.0,खयच्या प्रकारची माती सर्वात जास्त ओलावा ठेवू शकतली ?,अशा प्रकारची माती सर्वात जास्त ओलावा ठेवू शकते का?
5174,714674,D2,Agriculture,14.0,गायनं दूध काढानं मशीन लेनं शे त्यानी माहिती कोणले इचारु ?,"गाणे, दूध काढणे, मशीन आणि शेतीची माहिती कोणला आहे?"
5175,721713,D4,Banking,13.933,"अनुदानित कर्ज हे असे कर्ज आहे ज्यावरील व्याज स्पष्ट , छुप्या सबसिडीने कमी केले जाते",अनुदानित कर्ज हे असे कर्ज आहे ज्यावरील व्याज छुप्या सबसिडीने कमी केले जाते
5176,708480,D1,Banking,14.0,म्युच्युअल फंडांचा वर्गीकरण तेंच्या मुख्य गुंतवणुकीप्रमाण केला जाता,म्युच्युअल फंडांचे वर्गीकरण त्यांच्या मुख्य गुंतवणुकीच्या प्रमाणात केले जाते
5177,715833,D2,Banking,14.0,"बँकेच्या परीक्षेमध्ये पास होण , आधी सारखं सोपं राहिलेलं नाही",बँकेच्या परीक्षेत पास होणे आधी सारखं सोपं राहिलेलं नाही
5178,721454,D4,Banking,13.933,"जर कंपनीला दीर्घ काळासाठी कर्ज घ्यावे लागत असेल , तर लक्ष्य बाजार कोणता असेल ?","जर कंपनीला दीर्घ काळासाठी कर्ज घ्यावे लागत असेल, तर लक्ष्य बाजार कोणता असेल?"
5179,710622,D1,Banking,14.0,काही एक्सचेंजमध्ये देशाबाहेरच्या कंपन्यांचो समावेश होता जयसर एक्सचेंज असा,काही एक्सचेंजमध्ये परदेशातील कंपन्यांचा समावेश होता जयसर एक्सचेंज असा
5180,713719,D2,Banking,14.0,"वव्हेंचर कॅपिटल सहसा श्रीमंत गुंतवणूकदार , गुंतवणूक बँका आणि वित्तीय बँकाकडतून येतस",व्हेंचर कॅपिटल सहसा श्रीमंत गुंतवणूकदार गुंतवणूक बँका आणि वित्तीय बँकांकडून येते
5181,721284,D4,Banking,13.929,सोने ही एक सट्टा गुंतवणूक आहे आणि त्याची दीर्घकालीन कामगिरीची नोंद खूपच खराब आहे,सोने ही एक सट्टा गुंतवणूक आहे आणि त्याची दीर्घकालीन कामगिरीची नोंद खूपच खराब आहे
5182,706435,D1,Banking,14.0,ग्राहक किमान के.वाय सी आवश्यकता पूर्ण करुक अयशस्वी झालो तर बँक खाता उघडूक नकार देऊ शकता,ग्राहक किमान के.वाय सी आवश्यकता पूर्ण न केल्यास अयशस्वी झाल्यास बँक खाते उघडण्यास नकार देऊ शकतात.
5183,713235,D2,Banking,14.0,तुमले माहीत शे हायब्रिड फंड ना पैसा सोनामा भी लावतस,तुम्हाला माहीत आहे की हायब्रिड फंड आणि पैसा सोनामा सुद्धा लावत आहात
5184,718868,D4,Agriculture,13.929,"कागजी , काला , गलगल इत्यादी लिंबाच्या काही जाती आहेत लिंबू सर्वात लोकप्रिय आहे","कागजी, काला, गलगल इत्यादी लिंबाच्या काही जाती आहेत आणि लिंबू सर्वात लोकप्रिय आहे."
5185,710343,D1,Banking,14.0,बचत खात्याच्या तुलनेत ह्या टिकवुन ठेवसाठी ह्याच्यात उच्च कमीतकमी रकमेची आवश्यकता असता,बचत खात्याच्या तुलनेत ते टिकवून ठेवण्यासाठी त्यात उच्च कमीतकमी रकमेची आवश्यकता आहे.
5186,717065,D2,Banking,14.0,कमी खर्चात फायदा तुम्हाला दीर्घकाळासाठी फायदेशीर ठरेल,कमी खर्चात फायदा तुम्हाला दीर्घकाळासाठी फायदेशीर ठरेल
5187,721560,D4,Agriculture,13.929,जाड लोकरीचा कोट आणि वक्राकार शिंगे असलेला एक पाळीव प्राणी रमिनंट सस्तन प्राणी आहे,जाड लोकरीचा कोट आणि वक्राकार शिंगे असलेला एक पाळीव प्राणी रमिनंट सस्तन प्राणी आहे
5188,707474,D1,Banking,14.0,"खयचीतरी चांगली गुंवणूकदार कंपनीशी बोलून , तू स्टॉक मध्ये गुंतवणूक करू शकतस",जर तू चांगल्या व्यवस्थापकीय कंपनीशी बोलून स्टॉक मध्ये गुंतवणूक करू शकतोस
5189,715706,D2,Agriculture,14.0,न पिकलेल्या कोकणे त्याच्या संपूर्ण चवीला आणि सुगंधाला विकसित केलेले नसते,न पिकलेल्या कोकणाचे त्याच्या संपूर्ण चवीला आणि सुगंधाला विकसित केलेले नसते
5190,719932,D4,Banking,13.923,आपल्याला माहित आहे काय की कर आकारणी हा सरकारी महसुलाचा प्राथमिक स्त्रोत आहे,आपल्याला माहित आहे की कर आकारणी हा सरकारी महसुलाचा प्राथमिक स्त्रोत आहे
5191,709492,D1,Banking,14.0,निरपेक्ष वापसी गुंतवणूक भांडवलाच्या टक्क्यांच्या रुपात दाखवतत,निरपेक्ष परतावा गुंतवणुकीच्या भांडवलाच्या टक्क्यांच्या स्वरूपात दाखवत आहे
5192,716314,D2,Agriculture,14.0,हे मुळात ॲमेझॉन च्या जंगलांचं झाड आहे याच्या लेटेक्स पासून रबर बनवतात,"हे मुळात ॲमेझॉनच्या जंगलांचे झाड आहे, ज्याच्या लेटेक्सपासून रबर बनवतात."
5193,720987,D4,Agriculture,13.923,"छाटणी हा वाळलेला मनुका आहे , जो सहसा युरोपियन मनुका पासून घेतला जातो",छाटणी हा वाळलेला मनुका आहे जो सहसा युरोपियन मनुकापासून घेतला जातो
5194,708352,D1,Banking,14.0,"पगार ह्यो पैसो हा , जो दर म्हयन्याक एखाद्याक तेच्या मालकाकडून दिलो जाता","पगार हे पैसे आहेत, जे एखाद्याच्या मालकाकडून दिले जातात."
5195,714742,D2,Agriculture,14.0,दंताळाना वापर वावरमझारल्या मातीन्या गुठया फोडाना करता करतंस,तुम्ही दंत (किंवा दात) वापरून वावरमझारल्या मातीतील गुठ्या फोडणे करत आहात.
5196,720087,D4,Agriculture,13.923,"माझ्या गावात फणसाची खूप मोठी झाडं आहेत , फणसाची भाजी बनवून खाल्ली जाते","माझ्या गावात फणसाची खूप मोठी झाडे आहेत, फणसाची भाजी बनवून खाल्ली जाते."
5197,707198,D1,Banking,14.0,डेबिट कार्ड बदलूक अर्ज तुम्ही तुमच्यो बँकेच्यो मोबाइल बँकिंग ऍपद्वारा करू शकता,डेबिट कार्ड बदलण्याचा अर्ज तुम्ही तुमच्या बँकेच्या मोबाईल बँकिंग ॲपद्वारे करू शकता
5198,716452,D2,Agriculture,14.0,सागरी शेती केल्याने पिंजऱ्यातून निघालेली घाण समुद्रात पसरते,सागरी शेती केल्याने पिंजऱ्यातून निघालेली घाण समुद्रात पसरते
5199,720097,D4,Agriculture,13.923,बस्ट फायबर एक नैसर्गिक फायबर आहे ज्याचा वापर पोते तयार करण्यासाठी केला जातो,बस्ट फायबर एक नैसर्गिक फायबर आहे ज्याचा वापर पोते तयार करण्यासाठी केला जातो
5200,710704,D1,Banking,14.0,जोखिम मुक्त व्याज दर हार्ड चलनाच्या व्यापारापेक्षा कमी असता,जोखिम मुक्त व्याज दर हार्ड चलनाच्या व्यापारापेक्षा कमी असतो.
5201,715570,D2,Banking,14.0,"जर आपल्याला एखाद्या व्यक्तीला पैसे पाठवायचे नसेल , तर आपण लाभार्थीला काढून टाकू शकतो","जर आपल्याला एखाद्या व्यक्तीला पैसे पाठवायचे नसेल, तर आपण लाभार्थीला काढून टाकू शकतो."
5202,718910,D4,Agriculture,13.917,कापणीची प्रक्रिया सुरू होण्यापूर्वी पीक आणि कीटक तण आणि गंजांमुळे होऊ शकतात,"कापणीची प्रक्रिया सुरू होण्यापूर्वी पीक, कीटक, तण आणि इतर गोष्टींमुळे नुकसान होऊ शकते."
5203,709094,D1,Agriculture,14.0,कॉफीच्या बियांका पहिल्यांदा हातात एकत्र करतत,कॉफीच्या बियांका पहिल्यांदा हातात एकत्र करत आहे
5204,713061,D2,Banking,14.0,भारतनी राजधानी दिल्लीमझार तात्काय पेमेंट सेवानं मुख्यालय शे,"भारताची राजधानी दिल्ली आहे, पेमेंट सेवानचे मुख्यालय शे."
5205,721745,D4,Banking,13.909,"सरकार स्वतः , सरकारी संस्थांमार्फत , प्रकल्पांसाठी निधीचे वाटप करू शकते",सरकार स्वतः सरकारी संस्थांमार्फत प्रकल्पांसाठी निधीचे वाटप करू शकते
5206,709538,D1,Agriculture,14.0,बांबू वितरण उपभोक्ता इलेक्ट्रॉनिक उपकरणांच्या वसूली आणि पुनर्चक्रण मधलो नेता असा,बांबू वितरण उपभोक्ता इलेक्ट्रॉनिक उपकरणांच्या वसुली आणि पुनर्चक्रणामध्ये नेते आहे
5207,715790,D2,Banking,14.0,प्रतिभूती बंधपत्र निर्माण प्रकल्पांसाठी लिहिले जातात,प्रतिभूती बंधपत्र निर्माण प्रकल्पांसाठी लिहिले जातात
5208,719223,D4,Agriculture,13.909,प्रथम पाळीव मेंढ्या प्रामुख्याने मध्य पूर्व आणि मध्य आशियामध्ये राहत होत्या,प्रथम पाळीव मेंढ्या प्रामुख्याने मध्य पूर्व आणि मध्य आशियामध्ये राहत होत्या
5209,706499,D1,Banking,14.0,मनी ऑर्डर प्रणाली ग्रेट ब्रिटनमधल्या येका खाजगी कंपनींन स्थापित केलेली होती,मनी ऑर्डर प्रणाली ग्रेट ब्रिटनच्या एका खाजगी कंपनीने स्थापित केलेली होती.
5210,712704,D2,Banking,14.0,सुधारित अंतर्गत परतावाना दर चांगला व्हयना तवंय जोगिंदरनी टाटामझार पैसा गुताडात,"सुधारित अंतर्गत परताव्याचा दर चांगला आहे, जोगिंदरनीकडे पैसा टाटामझारीत आहे."
5211,722259,D4,Agriculture,13.909,स्पिनिंग जेनीने कमी स्पिनर्ससह अधिक सूत आणि सूत तयार करण्यास सांगितले,स्पिनिंग जेनीने कमी स्पिनर्ससह अधिक सूत आणि सूत तयार करण्यास सांगितले
5212,707058,D1,Banking,14.0,व्यवहार खाता खातो मालकासाठी मागणीनुसार उपलब्ध असता,व्यवहार खाते मालकासाठी मागणीनुसार उपलब्ध असते
5213,713954,D2,Banking,14.0,आय.सी.आय.सी.आय ब्यांक येस ब्यांकले वाचाडासाठे उनथी,आयसीआयसीआय बँकचे वाचाडासाठे आणि माहिती कोणती?
5214,722449,D4,Banking,13.909,फेअर ट्रेड लेबलिंग संस्था फाइनने विकसित केलेली फेअर ट्रेडची व्याख्या वापरते,फेअर ट्रेड लेबलिंग संस्था फाइनने विकसित केलेली फेअर ट्रेडची व्याख्या वापरते
5215,711065,D1,Agriculture,14.0,सरकार शेतकऱ्यांकडना त्यांचा पीक एम.एस.सी द्वारे निर्धारीत किंमतीवर खरेदी करता,सरकार शेतकरी त्यांचे पीक एम.एस.सी द्वारे निर्धारित किंमतीवर खरेदी करते
5216,713339,D2,Banking,14.0,कोनतीभी प्राॅपटीमा पैसा गुताडात तरी फायदाना बराबर जोखिमभी रहास,कितीही प्रॉपर्टीचा पैसा गुंतवला तरी फायदा आणि धोका बरोबर असतो.
5217,718946,D4,Banking,13.909,आर्थिक विवरण नफा आणि तोटा विवरण हे कंपन्यांच्या कार्याची माहिती असते,आर्थिक विवरण नफा आणि तोटा विवरण हे कंपन्यांच्या कार्याची माहिती असते
5218,709732,D1,Agriculture,14.0,हिरवे चणे इतर मटार आणि सोयाबीनप्रमाणे ते वेलींवर शेंग्या मध्ये वाढतत,हिरवे चणे इतर मटार आणि सोयाबीनप्रमाणे ते वेलींवर शेंग्यांमध्ये वाढत आहेत
5219,716457,D2,Agriculture,14.0,गोविंदाच्या कारखान्यात लहान मेंढीच्या लोकरावर प्रक्रिया केली जाते,गोविंदाच्या कारखान्यात लहान मेंढ्यांच्या त्वरावर प्रक्रिया केली जाते.
5220,719578,D4,Banking,13.909,चेक फसवणुकीच्या विशिष्ट प्रकारांमध्ये चेक किटिंग आणि पृष्ठ लटकणे समाविष्ट आहे,चेक फसवणुकीच्या विशिष्ट प्रकारांमध्ये चेक किटिंग आणि पृष्ठ लटकणे समाविष्ट आहे
5221,709756,D1,Banking,14.0,"ई.सी.एस प्रक्रियेत , वेतन देयके हस्तांतरित करण्यासाठी व्याज वापरला जाता",ई.सी.एस प्रक्रियेत वेतन देयके हस्तांतरित करण्यासाठी व्याज वापरले जाते.
5222,714521,D2,Agriculture,14.0,सूर्य मासा आपला शरीरवरना परजीवी पक्षीस्ले खावू देतस,सूर्य मासा आपले शरीरवर परजीवी पक्षीस्ले खाऊ देत
5223,718830,D4,Agriculture,13.9,पाण्याखालील तण कापण्यासाठी जलीय तण काढणी यंत्राचा वापर केला जातो,पाण्याखालील तण कापण्यासाठी जलीय तण काढणी यंत्राचा वापर केला जातो
5224,706811,D1,Banking,14.0,पेन्शन फंड म्हणजे निवृत्तीनंतरचो उत्पन्न देणारी कोणतीही योजना किंवा निधी,पेन्शन फंड म्हणजे निवृत्तीनंतरचे उत्पन्न देणारी कोणतीही योजना किंवा निधी
5225,716081,D2,Agriculture,14.0,रेशम उत्पादन विभागाचं काम रेशीम उत्पादनाशी जोडलेल्या व्यवसायाला आर्थिक मदत करणे आहे,रेशम उत्पादन विभागाचे काम रेशीम उत्पादनाशी जोडलेल्या व्यवसायाला आर्थिक मदत करणे आहे
5226,719955,D4,Banking,13.9,कोणत्याही प्रकारचे पेमेंट इलेक्ट्रॉनिक बिल पेमेंट द्वारे केले जाऊ शकते,कोणत्याही प्रकारचे पेमेंट इलेक्ट्रॉनिक बिल पेमेंटद्वारे केले जाऊ शकते
5227,710227,D1,Agriculture,14.0,गाईच्या शेणाचो उपयोग जैविक खत बनवण्यासाठी आणि गोबर गॅससाठी केलो जाता,गाईच्या शेणाचा उपयोग जैविक खत बनवण्यासाठी आणि गोबर गॅससाठी केला जातो.
5228,713434,D2,Agriculture,14.0,किसान बील आनी शेतीना धोरनेस्ले कायदाले राष्ट्रपतीनी मंजुरी दिधी म्हने ?,शेतकऱ्यांसाठी आणि शेती धोरणांसाठी कायद्यांवर राष्ट्रपतींनी मंजुरी का दिली?
5229,719216,D4,Agriculture,13.9,पाककृतींमध्ये वापरले जाते किंवा काजू पनीर मध्ये प्रक्रिया केली जाते,पाककृतींमध्ये वापरले जाते किंवा काजू पनीरमध्ये प्रक्रिया केली जाते
5230,710135,D1,Agriculture,14.0,अळशीच्या बियांपासना बनलेला तेल फर्नीचरच्या फर्निशिंगसाथी वापरतत,अळशीच्या बियांपासनाने बनवलेले तेल फर्नीचरच्या फर्निशिंगसाठी वापरले जाते.
5231,714973,D2,Banking,14.0,तारणे पैसे घेण्याऱ्याच्या बँकेत सुरक्षित प्रणालीद्वारे पाठवले जातात,तारणे पैसे घेण्याच्या बँकेत सुरक्षित प्रणालीद्वारे पाठवले जातात
5232,720079,D4,Agriculture,13.9,"तेल तांदळाच्या कोंडापासून बनवले जाते , ते स्वयंपाकाचे तेल आहे","तेल तांदळाच्या कोंडापासून बनवले जाते, ते स्वयंपाकाचे तेल आहे."
5233,711027,D1,Agriculture,14.0,व्यावसायिक उपयोगासाठी स्पायडर सिल्कचा रेशीम वापरणा समस्याप्रधान असा,व्यावसायिक उपयोगासाठी स्पायडर सिल्कचा रेशीम वापरणे समस्याप्रधान आहे
5234,715219,D2,Banking,14.0,सुनीता ने एक्सिस बँकेद्वारे सोप्या व सुरक्षित पद्धतीने ऑनलाइन पैसे पाठविले,सुनीताने एक्सिस बँकेद्वारे सोप्या व सुरक्षित पद्धतीने ऑनलाइन पैसे पाठविले
5235,721912,D4,Banking,13.9,दीन दयाल उपाध्याय ग्रामीण कौशल्या योजना ग्रामीण लोकांच्या उन्नतीसाठी आहेत,दीन दयाल उपाध्याय ग्रामीण कौशल्या योजना ग्रामीण लोकांच्या उन्नतीसाठी आहेत
5236,710297,D1,Agriculture,14.0,निरक्षर शेतकऱ्यांका शेतीच्या आर्थिक मदतीसाठी किसान क्रेडिट कार्ड बनवला गेला,निरक्षर शेतकऱ्यांसाठी शेतीच्या आर्थिक मदतीसाठी किसान क्रेडिट कार्ड बनवले गेले.
5237,717179,D2,Banking,14.0,वायर ट्रान्सफरची व्यापक सेवाआठराशे बहात्तर मध्ये वेस्टर्न युनियनने प्रथम सुरू केली,वायर ट्रान्सफरची व्यापक सेवा वेस्टर्न युनियनने प्रथम १८७ मध्ये सुरू केली.
5238,720997,D4,Agriculture,13.9,रेशीम किड्याचे प्रकार व्यावसायिक महत्त्वाच्या रेशीमचे पाच प्रमुख प्रकार आहेत,रेशीम किड्याचे प्रकार व्यावसायिक महत्त्वाच्या रेशीमचे पाच प्रमुख प्रकार आहेत
5239,708391,D1,Banking,14.0,प्रधानमंत्री जीवन ज्योति विमा योजनेत वर्षाचे तीनशे तीस रुपये हफ्त्याचो दर बसता,प्रधानमंत्री जीवन ज्योति विमा योजनेत वर्षाचे तीनशे तीस रुपये हप्त्याचा दर बसतो.
5240,713301,D2,Banking,14.0,प्रधानमंत्री नरेंद्र मोदीसना हस्ते गरीब कल्याण योजना अभियाननी सुरुवात व्हयनी,प्रधानमंत्री नरेंद्र मोदींच्या हस्ते गरीब कल्याण योजना अभियानाची सुरुवात झाली
5241,722034,D4,Banking,13.889,स्थावर मालमत्ता ही जमीन आणि इमारतींच्या स्वरूपात मालमत्ता आहे,स्थावर मालमत्ता ही जमीन आणि इमारतींच्या स्वरूपात मालमत्ता आहे
5242,708745,D1,Agriculture,14.0,मशीनका कापूस काढुच्या हार्वेस्टर च्या रुपात पण बघतत,मशीनचा कापूस काढणाऱ्या हार्वेस्टरच्या स्वरूपात पण बघत आहे
5243,713499,D2,Agriculture,14.0,"साकरू हाऊ गोड बटाटा शे , हिवायाना सिजनमा साकरुनं चांगलं उत्पन्न निंघस","चांगले बटाटे शेतीचे आहेत, या सिझनमध्ये चांगले उत्पन्न मिळते."
5244,722745,D4,Banking,13.889,प्रवास विमा देताना विमा कंपनी प्रवाशांना फॉर्म भरायला लावते,प्रवास विमा देताना विमा कंपनी प्रवाशांना फॉर्म भरायला लावते
5245,706407,D1,Banking,14.0,एन.जी.ओ ही येक संस्था असा जी सरकारपासना स्वतंत्रपणान तयार केली जाता,एन.जी.ओ ही एक संस्था जी सरकारचे स्वातंत्र्य तयार करते.
5246,715238,D2,Banking,14.0,स्वित्झर्लंडमधील जिनेव्हा येथे जागतिक बौद्धिक संपदा संघटनेचे मुख्यालय आहे,स्वित्झर्लंडमधील जिनेव्हा येथे जागतिक बौद्धिक संपदा संघटनेचे मुख्यालय आहे
5247,720523,D4,Agriculture,13.889,तांदूळ आणि गहू सर्वात जास्त पंजाब आणि हरियाणामध्ये वाढतात,तांदूळ आणि गहू सर्वात जास्त पंजाब आणि हरियाणामध्ये वाढतात
5248,709105,D1,Agriculture,14.0,नव्या कृषि कायद्यांका पंजाब आणि हरयाणाच्या शेतकऱ्याकडना मोठो विरोध झालो,नवीन कृषी कायद्यांबद्दल पंजाब आणि हरियाणातील शेतकऱ्यांकडून मोठा विरोध झाला
5249,713799,D2,Banking,14.0,तुमनाकडे रायेल व्याजदरना कालावधीवर आधारेल तुमी पुढलं कर्ज निवडू शकतस,तुमच्याकडे व्याजदराचा कालावधीवर आधारित तुम्ही पुढचे कर्ज निवडू शकता
5250,722741,D4,Banking,13.857,मूलभूत बचत खाते नियमित बचत खात्यापेक्षा वेगळे कसे आहे हे तपासल्यानंतरच तुमचे खाते उघडा,मूलभूत बचत खाते नियमित बचत खात्यापेक्षा वेगळे कसे आहे हे तपासल्यानंतरच तुमचे खाते उघडा
5251,709984,D1,Banking,14.0,बँक घोटाळा पासून वाचण्याक आम का सावध रव्हाचा लागात,बँक घोटाळा पासून वाचण्यासाठी आम्हाला सावध राहावे लागेल
5252,713263,D2,Banking,14.0,येक येप्रिल दोन हजार च्यार नंतर लागेल कर्मचारिसनी पेनशन थांबाडानी सुरुवात व्हयनी,एक एप्रिल दोन हजार वर्ष नंतर कर्मचाऱ्याला पेन्शन थांबाडानी सुरुवात कधी होईल?
5253,719214,D4,Agriculture,13.846,मी काही शेळ्यांचे दूध घालणार आहे आणि काही चीज बनवायला सुरुवात करणार आहे,मी काही शेळ्यांचे दूध घालणार आहे आणि काही चीज बनवायला सुरुवात करणार आहे
5254,709425,D1,Agriculture,14.0,गोड्या पाण्यातीली परिसंस्था ही पृथ्वीच्या जलीय परिसंस्थेचो उपसंच असता,गोड्या पाण्यातीली परिसंस्था ही पृथ्वीच्या जलीय परिसंस्थेचा उपसंच असते
5255,714484,D2,Agriculture,14.0,वावरमा सिंचन स्प्रिंकलरना वापर करा ते पाणीनं नेमबन नियोजन करता येस,"वावरमा सिंचनासाठी स्प्रिंकलरचा वापर करा, तर पाणी नियोजन करता येईल का?"
5256,720941,D4,Agriculture,13.846,एक खत अमेरिकन इंग्रजी किंवा खत नैसर्गिक किंवा कृत्रिम मूळचे कोणतेही साहित्य आहे,एक खत अमेरिकन इंग्रजी किंवा खत नैसर्गिक किंवा कृत्रिम मूळचे कोणतेही साहित्य आहे
5257,709708,D1,Banking,14.0,सामान्य स्टॉक धारक संचालक मंडळची निवड करतत आणि कॉर्पोरेट धोरणावर मत देतत,सामान्य स्टॉक धारक संचालक मंडळची निवड करत आहेत आणि कॉर्पोरेट धोरणावर मत देत आहेत
5258,713397,D2,Banking,14.0,आपापला भागना ईकास करा करता सरकार निवडेल नेतास्ले पैसा पुरावस,आपल्याला भागणे एकस करा करता सरकार निवडेल नेता असेल पैसा पुरावास
5259,722396,D4,Agriculture,13.846,"जिओडॅक ही पॅसिफिक जिओडॅक , पॅनोपिया जेनेरोसा ही विशेषत लागवड करण्याची प्रथा आहे","जिओडॅक ही पॅसिफिक जिओडॅक, पॅनोपिया जेनेरोसा ही विशेषत लागवड करण्याची प्रथा आहे."
5260,707338,D1,Agriculture,14.0,"आमच्या जिल्ह्यात शीतगृह बांधत हत , आता आम्ही आमचा धान्य त्या गोदामात ठेवू शकतव","आमच्या जिल्ह्यात शीतगृह बांधत आहोत, आता आम्ही आमचे धान्य त्या गोदामात ठेवू शकतो."
5261,713104,D2,Banking,14.0,लाभार्थी जोडावर लाभार्थीना तपशील तूमना खाता मा दिखाना करता तीस मिनिट लागतीन,लाभार्थी जोडावर लाभार्थींना तपशील दाखवताना तीस मिनिटे लागतील.
5262,721266,D4,Banking,13.833,डिजिटल पैसे हे कोणत्याही प्रकारचे पैसे असतात जे केवळ इलेक्ट्रॉनिक स्वरूपात असतात,डिजिटल पैसे हे कोणत्याही प्रकारचे पैसे असतात जे केवळ इलेक्ट्रॉनिक स्वरूपात असतात
5263,707891,D1,Banking,14.0,माझ्या झिलाक मोठो आजार आसा आणि माझ्याकडे पैसे पण नाय आसत,माझ्या जिल्ह्यात मोठा आजार आहे आणि माझ्याकडे पैसे नाहीत
5264,713569,D2,Agriculture,14.0,काश्मिरी शाली काश्मीर मधल्या मेंढ्यास्ना लोकर पाशीन बनाडतंस,काश्मिरी शैली काश्मीरमधील मेंढ्यांच्या लोकांचे बनत आहे.
5265,720092,D4,Agriculture,13.818,"माझी आई माझ्यासाठी आलू पराठे बनवते , मला आलू पराठे आवडतात","माझी आई माझ्यासाठी आलू पराठे बनवते, मला आलू पराठे आवडतात."
5266,712539,D1,Agriculture,14.0,ऑनलाइन मार्केटप्लेस असा थयसर शेतकरी त्यांची उत्पादने थेट इकू शकतत काय ?,ऑनलाइन मार्केटप्लेस मार्फत शेतकरी त्यांची उत्पादने थेट विकू शकत आहेत का?
5267,716371,D2,Agriculture,14.0,माझ्या आजोबांच्या शेतात गुलाबी रंगाचा कापूस पिकतो,माझ्या आजोबांच्या शेतात गुलाबी रंगाचा कापूस पिकतो
5268,720380,D4,Banking,13.75,पगार खाते चालू खाते बचत खाते या प्रकारचे खाते ठेव खात्यासाठी आहे,"पगार खाते, चालू खाते, बचत खाते या प्रकारचे खाते ठेव खात्यासाठी आहे."
5269,707035,D1,Banking,14.0,ट्रॅव्हलर्स चेक ह्या अनेक प्रमुख जागतिक चलनांपैकी एकात डिनोमिनेटेड केला जाऊ शकता,ट्रॅव्हलर्स चेक ह्या अनेक प्रमुख जागतिक चलनांपैकी एकत डिनोमिनेट केला जाऊ शकतो.
5270,714834,D2,Banking,14.0,आपल्या कंपनीद्वारे कर्मचाऱ्यांना दिला जाणारा मेहनताना म्हणजे पे रोल होय,आपल्या कंपनीद्वारे कर्मचाऱ्यांना दिला जाणारा मेहनताना म्हणजे पे रोल होय
5271,719475,D4,Agriculture,13.727,अल्फा केराटीन हे हेलिकल असते आणि बीटा केराटीन हे पत्र्यासारखे असते,अल्फा केराटीन हे हेलिकल असते आणि बीटा केराटीन हे पत्र्यासारखे असते
5272,709270,D1,Banking,14.0,आमच्याकडे कर्जासाठी गहाण ठेऊक तेवढी इक्विटी नाय हा,आमच्याकडे कर्जासाठी गहाण ठेवण्यासाठी तेवढी इक्विटी नाही.
5273,716639,D2,Agriculture,14.0,ताग वनस्पतीला समतल गाळाची माती आणि स्थिर पाणी आवश्यक असते,वनस्पतीला समतल गाळाची माती आणि स्थिर पाणी आवश्यक असते
5274,723861,D4,Banking,13.5,पैसे गुंतन्यासाठी मले ऑनलाईन फारम भरा लागन की ऑफलाईन ?,पैसे गुंतवण्यासाठी मला ऑनलाईन फॉर्म भरायला लागेल की ऑफलाईन?
5275,707107,D1,Banking,14.0,महसूल म्हणजे वस्तू आणि सेवांच्यो विक्रीतसून मिळणाऱ्या एकूण उत्पन्नाची रक्कम असता,महसूल म्हणजे वस्तू आणि सेवांची विक्रीतून मिळणाऱ्या एकूण उत्पन्नाची रक्कम असते
5276,715647,D2,Agriculture,14.0,तुटलेल्या गव्हा मध्ये फायबरचे प्रमाण खूप जास्त असते,तुटलेल्या गव्हामध्ये फायबरचे प्रमाण खूप जास्त असते
5277,723527,D4,Agriculture,13.5,उतार असलेल्या शेतामंदी पानी कोनच्या पद्धतीने द्या लागन ?,उतार असलेल्या शेतामंदीसाठी पाणी कोणत्या पद्धतीने द्यावे लागेल?
5278,707131,D1,Banking,14.0,तरलता म्हणजे वस्तूंसाठी त्वरित पैसो देउची किंवा खरेदी करुची आर्थिक क्षमता असणा,तरलता म्हणजे वस्तूंसाठी त्वरित पैसे देण्याची किंवा खरेदी करण्याची आर्थिक क्षमता असणे.
5279,717087,D2,Banking,14.0,जी.डी.पी शी संबंधित समस्या समग्र अर्थशास्त्रामध्येही दिसून येते,जी.डी.पी शी संबंधित समस्या समग्र अर्थशास्त्रामध्येही दिसून येते
5280,723030,D4,Agriculture,13.5,गांजराचं पिके काढासाठी कोनचे यंत्र चांगले हाय ?,गांजराच्या पिकांसाठी काढण्यासाठी कोणते यंत्र चांगले आहे?
5281,706795,D1,Banking,14.0,फिक्स्ड कॅपिटल म्हणजे पैसो कंपन्या मालमत्ता खरेदी करुक वापरतत,फिक्स्ड कॅपिटल म्हणजे कंपन्या मालमत्ता खरेदी करून वापरतात
5282,714856,D2,Banking,14.0,एक जागरूक ग्राहक असल्या कारणाने अमीषा फायद्याने सामान विकत घेते,एक जागरूक ग्राहक असल्या कारणाने अमीषा फायद्याने सामान विकत घेते
5283,723931,D4,Banking,13.5,क्रेडिट कार्ड घ्यासाठी मले कोंते कागद लागन ?,क्रेडिट कार्ड घ्यासाठी मला किती कागद लागेल?
5284,707524,D1,Banking,14.0,जर खंयच्याव प्रकारचा नैसर्गिक संकट इला तर विकसनशील देशांका इतर देशांकडसून कर्ज घेवचा लागता,जर खऱ्या प्रकारचा नैसर्गिक संकट आले तर विकसित देशांना इतर देशांकडून कर्ज घ्यावे लागते.
5285,714551,D2,Agriculture,14.0,अन्न कृषी संघटना माणूसनी भूक भागाडानी काम करस,अन्न कृषी संघटना माणसांच्या भूक भागाडानी काम करते
5286,723242,D4,Agriculture,13.5,सोल्याची कमी पान्यात जास्त उत्पन्न देनारी जात कोनची ?,सोल्याची कमतरता पान्यात जास्त उत्पन्न देणारी जात कोणती?
5287,708543,D1,Banking,14.0,संयुक्त राष्ट्रांच्या पयल्या पंधरा संघटनांपैकी विपो ही संस्था आसा,संयुक्त राष्ट्रांच्या समस्यांपैकी पंधरा संघटनांपैकी विपो ही संस्था आहे.
5288,716480,D2,Banking,14.0,राजकुमार ने आपल्या नातवाला दिवाळखोरीबद्दल समजावून सांगितले,राजकुमारने आपल्या नातवाला दिवाळखोरीबद्दल समजावून सांगितले
5289,724215,D4,Banking,13.5,कर्ज घ्यासाठी मायाकडं कोंते कागद गरजेचे हाय ?,कर्ज घेण्यासाठी कागदपत्रे गरजेची आहेत का?
5290,710031,D1,Agriculture,14.0,मातयेची सुपीकता वाढवूसाठी फाॅस्फेट फर्टीलायझरचो उपयोग केलो जाता,पोषण सुपीकता वाढवण्यासाठी फास्फेट फर्टिलायझरचा उपयोग केले जाते
5291,714118,D2,Banking,14.0,बाकीना देशामात मध्यवर्ती बँका राजकारीस हस्तक्षेपतीन दुर शेतस,देशामात मध्यवर्ती बँका राजकारणाचे हस्तक्षेप होते
5292,724265,D4,Banking,13.5,सोनं गहान ठेऊन कर्ज काढासाठी मले कोंते कागद लागन ?,सोने गहने ठेवून कर्जासाठी मला किती कागद लागतील?
5293,706523,D1,Banking,14.0,व्यापारातलो अडथळो ह्यो आंतरराष्ट्रीय व्यापारावरलो सरकार प्रेरित निर्बंध आसा,"व्यापारात अडथळे आहेत, आंतरराष्ट्रीय व्यापारावर सरकार प्रेरित निर्बंध आहेत."
5294,713264,D2,Banking,14.0,तुले कार्पोरेट फायनान्सनी माहिती कोठे भेटनी ?,तुला कॉर्पोरेट फायनान्सची माहिती कोठे मिळते?
5295,719332,D4,Banking,13.5,"सिक्युरिटीज व्यवहार , म्युच्युअल फंड आणि इतर गुंतवणूक सेवांसह खाते तपासणे एकत्र करते","सिक्युरिटीज व्यवहार, म्युच्युअल फंड आणि इतर गुंतवणूक सेवांसह खाते तपासणे एकत्र करते."
5296,711050,D1,Agriculture,14.0,सतत कृषी राष्ट्रीय मिशनात शेती योग्य जमीन क्षेत्राक वाढवणा पण सामिल हा,सतत राष्ट्रीय कृषी क्षेत्रात शेतीसाठी योग्य जमीन क्षेत्र वाढवावे पण हे समाविष्ट आहे
5297,714451,D2,Agriculture,14.0,रामपाररमा बाहेर फिराले निंघनं का बठ्ठी कडे निस्तं हिरवंगार गवत दखास,रामपाररमा बाहेर फिराले निंघनं का बठ्ठी कडे निस्तं हिरवंगार गवत दखास
5298,720268,D4,Banking,13.5,मनीऑर्डरचा वापर आजही दूरवरच्या भागात पैसे पाठवण्यासाठी केला जातो,मनीऑर्डरचा वापर आजही दूरवरच्या भागात पैसे पाठवण्यासाठी केला जातो
5299,707653,D1,Banking,14.0,थकित कर्ज जर वेळेवर नाय भरला तर बँकेनं गहाण ठेवलेली मालमत्ता जप्त करता येता,थकित कर्ज जर वेळेवर नाही भरले तर बँका गहाण ठेवलेली मालमत्ता जप्त करू शकतात
5300,715290,D2,Banking,13.947,"आधी नेट बँकिंग डॅश बोर्ड वर जाऊन , तिथे अकाउंट नंबर टाकून , आपल्या चेकच्या स्टेटस ला बघू शकतो","आधी नेट बँकिंग डॅश बोर्डवर जाऊन, तिथे अकाउंट नंबर टाकून आपल्या चेकच्या स्थितीला पाहू शकतो."
5301,720982,D4,Agriculture,13.5,उत्तर प्रदेशाच्या शेतीमध्ये जूटचे जास्त प्रकार नाही,उत्तर प्रदेशाच्या शेतीमध्ये जूटचे जास्त प्रकार नाहीत.
5302,711193,D1,Agriculture,14.0,ई कॉमर्स पासून आमी कसलोय पिकाचो घटक मागत असलेल्या ग्राहकाक पाठउक शकतू काय ?,ई कॉमर्स पासून आम्ही पिकाचे घटक मागणाऱ्या ग्राहकांना पाठवू शकतो का?
5303,714975,D2,Banking,13.938,तुला माहित आहे का ? आता घरी बसल्या बसल्या डिजिटल पगार व बचत खाते उघडता येते,तुम्हाला माहित आहे का? आता घरी बसल्या बसल्या डिजिटल पगार व बचत खाते उघडता येते.
5304,722162,D4,Banking,13.5,बँक खात्यात जमा केलेल्या पैशावर आणि इतर मालमत्तांवर धनकरची गणना केली जाते,बँक खात्यात जमा केलेल्या पैशावर आणि इतर मालमत्तांवर धनकरची गणना केली जाते
5305,708264,D1,Agriculture,14.0,खता आणि कीटकनाशकांसारख्या कृत्रिम रसायनांचो वापर न करता सेंद्रिय अन्नघटक पिकवले जातत,खता आणि कीटकनाशकांसारख्या कृत्रिम रसायनांचा वापर न करता सेंद्रिय अन्नघटक पिकवले जात आहेत
5306,717271,D2,Agriculture,13.933,मी गाजराचे उत्पादन लवकर कसे घेऊ ? गाजर मोठे करण्यासाठी काय करण्याची आवश्यकता आहे ?,मी गाजराचे उत्पादन लवकर कसे मिळवू? गाजर मोठे करण्यासाठी काय करण्याची आवश्यकता आहे?
5307,719916,D4,Banking,13.5,आर्थिक जोखीम व्यवस्थापित करणे हे प्रत्येक कंपनीसाठी सर्वोच्च प्राधान्य आहे,आर्थिक जोखीम व्यवस्थापित करणे हे प्रत्येक कंपनीसाठी सर्वोच्च प्राधान्य आहे
5308,706540,D1,Banking,14.0,सहकारी बँकिंग संस्था जगातील बहुतेक भागांमधसून ठेवी घेतत आणि पैसो कर्ज म्हणून देतत,सहकारी बँकिंग संस्था जगातील बहुतेक भागांमधून ठेवी घेत आहेत आणि पैसे कर्ज म्हणून देत आहेत
5309,715246,D2,Agriculture,13.933,"हिरवळीच्या खताची झाडे शेतात नांगरून जमिनीत मिसळली जातात , जी शेतात खत म्हणून काम करतात","हिरवळीच्या खताची झाडे शेतात नांगरून जमिनीत मिसळली जातात, जी शेतात खत म्हणून काम करतात."
5310,719352,D4,Banking,13.5,प्रादेशिक बाजारपेठा निवडण्यासाठी कूपन लक्ष्यित केले जाऊ शकतात,प्रादेशिक बाजारपेठा निवडण्यासाठी कूपन लक्ष्यित केले जाऊ शकतात
5311,708913,D1,Banking,14.0,बॅन्केच्या फ्रॉडमध्ये सामान्य लोकांचे पैशे डुबतत,बँकेच्या फ्रॉडमध्ये सामान्य लोकांचे पैसे बुडत आहेत
5312,716654,D2,Banking,13.929,कर आकारणीचे कमी प्रभावी दर यामुळे एफ.एस.आय क्रमवारीत आयर्लंड बहुतेक कर आश्रयस्थान सूचीमध्ये दिसतो,कर आकारणीचे कमी प्रभावी दर यामुळे आयर्लंड बहुतेक कर आश्रयस्थान सूचीमध्ये दिसतो
5313,722835,D4,Agriculture,13.5,मेंढ्यांना वाढ आणि उत्पादनासाठी पाण्याची ऊर्जेची गरज असते,मेंढ्यांना वाढ आणि उत्पादनासाठी पाण्याची ऊर्जेची गरज असते
5314,707392,D1,Banking,14.0,ऑनलाइन पद्धतीने खाते मालकासाठी निधी ट्रान्सफर पण केलो जाऊ शकता,ऑनलाइन पद्धतीने खाते मालकासाठी निधी ट्रान्सफर पण किती जाऊ शकतो
5315,713627,D2,Banking,13.929,होम इन्शुरन्स विमा पॉलिसी शे नी वेगवेगळा लोकसले सुरेक्षा विमा शी जोडान काम करतस,होम इन्शुरन्स विमा पॉलिसी आणि वेगवेगळे लोकसुरक्षेचे विमाशी जोडणे काम करत आहेत.
5316,719078,D4,Banking,13.5,इबानी आंतरराष्ट्रीय स्तरावर मान्यता प्राप्त प्रणाली अंतर्गत येते,इबानी आंतरराष्ट्रीय स्तरावर मान्यता प्राप्त प्रणाली अंतर्गत येते
5317,709736,D1,Banking,14.0,"अकाउंटिंगमध्ये , शेअर कॅपिटल ह्या जारी केलेल्या शेअरचा नाममात्र मू्ल्य आसा",अकाउंटिंगमध्ये शेअर कॅपिटल ह्या जारी केलेल्या शेअरचा नाममात्र मूल्य आहे.
5318,717436,D2,Agriculture,13.923,ई कॉमर्सविषयी मला माहिती कशी मिळेल ? त्याचे काही प्रकार आहेत का ?,ई कॉमर्सविषयी मला माहिती कशी मिळेल? त्याचे काही प्रकार आहेत का?
5319,720329,D4,Agriculture,13.5,मेणमध्ये प्रामुख्याने फॅटी एसिडस् आणि विविध लाँग चेन अल्कोहोलचे एस्टर असतात,मेणमध्ये प्रामुख्याने फॅटी ऍसिड्स आणि विविध लाँग चेन अल्कोहोलचे एस्टर असतात
5320,710797,D1,Agriculture,14.0,पशुधनाच्या प्रकारात अनेक पशुधन ह्ये कळपातील प्राणी असत त्यांका बाजारात आणला जाता,पशुधनाच्या प्रकारात अनेक पशुधन कळपातील प्राणी असतात आणि त्यांना बाजारात आणले जाते.
5321,713189,D2,Banking,13.923,जागतिक आर्थिक सेवा मा कायदेशीर समझोता संस्था आनी औपचारिक दोन्ही आर्थिक खाचा शेत,जागतिक आर्थिक सेवा कायदेशीर समजोते संस्था आणि औपचारिक दोन्ही आर्थिक खाचा शेत
5322,723520,D4,Agriculture,13.5,वांग्याच्या पिकात फळाचा आकार वाढवाले कोनचं खत टाका लागन ?,वांग्याच्या पिकात फळाचा आकार वाढवण्यासाठी कोणते खत टाकावे लागेल?
5323,707648,D1,Banking,14.0,त्या माणसाकडे नियामक प्राधिकरणाकडसून इलेला सरावाचा प्रमाणपत्र असणा आवश्यक आसा,त्या माणसाकडे नियामक प्राधिकरणाकडून आलेला सरावाचा प्रमाणपत्र असणे आवश्यक आहे.
5324,713667,D2,Agriculture,13.917,गावना ईकास करता ग्रामीण ईकास मंत्रालय कडथीन गनच योजना सुरू करेल शेतस,ग्रामीण मंत्रालयाने अनेक शेत योजना सुरू करेल.
5325,723303,D4,Agriculture,13.5,"गोदामातल्या उंदीर , घुशीचा बंदोबस्त कसा करा लागन ?",गोदामातील उंदरांचा बंदोबस्त कसा करावा लागेल?
5326,709442,D1,Agriculture,14.0,जमनीच्या संवर्धनांत जमनीची लागवड समोच्च शेती आनी पट्टी पिकावळ हांचो समावेश होता,जमनीच्या संवर्धनांत जमनीची लागवड समोच्च शेती आणि पट्टी पिकावळांचा समावेश होता
5327,714716,D2,Agriculture,13.917,"झुकिनीना उपेग खावानाकरता करतंस , झुकिनीना रंग गडद हिरवा नैते पिवया रहास","तुम्ही झुकिनीचे पदार्थ खाण्यासाठी बनवत आहात, झुकिनीचा रंग गडद हिरवा आणि बाकी पिवळा आहे."
5328,723933,D4,Banking,13.5,क्रेडिट कार्डाचा पिन बदलासाठी मले का करा लागन ?,क्रेडिट कार्डाचा पिन बदलासाठी मला का करावे लागते?
5329,706512,D1,Banking,14.0,रक्त किंवा प्रत्यारोपण अवयव यासारख्यो वैद्यकीय गरजा देणगी पूर्ण करू शकता,रक्त किंवा प्रत्यारोपण अवयव यासारख्या वैद्यकीय गरजांची देणगी पूर्ण करू शकतात
5330,713247,D2,Banking,13.917,तुमले माहित शे का वैयक्तिक संपत्ती ना एकून मूल्यवर संपत्ती कर लावतस,तुम्हाला माहित आहे का की वैयक्तिक संपत्ती एका मूल्यावर संपत्ती का करत आहात
5331,723769,D4,Banking,13.5,"माय डेबिट कार्ड हारवलं , मले ते ब्लॉक कस करा लागन ?","मला डेबिट कार्ड हरवलं आहे, मला ते ब्लॉक कसे करायचे लागेल?"
5332,710652,D1,Banking,14.0,खयची व्यक्ती किंवा संस्थेची वर्षभरात होणारी कमाई त्याचा वार्षिक उत्पन्न असता,ज्या व्यक्ती किंवा संस्थेची वर्षभरात होणारी कमाई त्याचा वार्षिक उत्पन्न असते.
5333,717707,D2,Agriculture,13.917,"सेंद्रिय म्हणजे लेंडीखत , कोंबडीखत , शेणखत यापासून केलेली शेती का ?","सेंद्रिय म्हणजे लेंडीखत, कोंबडीखत, शेणखत यापासून केलेली शेती का?"
5334,724083,D4,Banking,13.5,माया ठेव खात्याचा नंबर काय हाय हे मले सांगान का ?,माया ठेव खात्याचा नंबर काय आहे हे मला सांगायचे का?
5335,707755,D1,Banking,14.0,"पोस्टासून मनी आर्डर पाठवली जाता , ह्या सगळ्यांका माहीतच आसा","मनी ऑर्डर पाठवली जात आहे, या सगळ्यांना माहीत आहे."
5336,715348,D2,Agriculture,13.917,उष्ण कटिबंधीय आणि उपोष्ण कटिबंधीय क्षेत्रांमध्ये उस जगभरामध्ये सगळ्यात मोठे पीक आहे,उष्ण कटिबंधीय आणि उपोष्ण कटिबंधीय क्षेत्रांमध्ये जगभरात सर्वात मोठे पीक आहे.
5337,723315,D4,Agriculture,13.5,इ पीक पहानीचं ॲप कास्तकाराइच्या खरोखर फायद्याचं हाये का ?,या ॲपचा खरंच फायदा आहे का?
5338,710486,D1,Banking,14.0,सोन्या चांदीवर आपलो हक्क सांगुसाठी प्रातिनिधिक पैशाचो वापर केलो जाता,सोन्या चांदीवर आपले हक्क सांगण्यासाठी प्रतिनिधी पैशाचा वापर केला गेला होता.
5339,715408,D2,Banking,13.917,करा मधून जमा झालेल्या महसुला मधून पेंशन आणि अन्य सुविधा दिल्या जातात,जमा झालेल्या महसुला मधून पेंशन आणि अन्य सुविधा दिल्या जातात
5340,724130,D4,Banking,13.5,"माय एका बँकेत खात हाय , त मले दुसऱ्या खात्यात पैसे कसे पाठवता येईन ?","माझ्या एका बँकेत खाते आहे, तर मला दुसऱ्या खात्यात पैसे कसे पाठवता येतील?"
5341,709738,D1,Agriculture,14.0,अँगलिंग ही कोनातून मासेमारी करण्याची पद्धत आसा,अँगलिंग ही कोनातून मासेमारी करण्याची पद्धत आहे
5342,717812,D2,Agriculture,13.909,फुलावर रोगचा प्रादुर्भाव होतो का ? त्यासाठी कोणती औषधे वापरावी ?,फुलावर रोगचा प्रादुर्भाव होतो का ? त्यासाठी कोणती औषधे वापरावी ?
5343,723799,D4,Banking,13.5,ज्याचं बँकेत खातं नसणं त्याईले यू.पी.आय न पैसे कसे पाठवा लागन ?,"ज्याचे बँकेत खाते नाही, तसे यू.पी.आयचे पैसे कसे पाठवावे लागतील?"
5344,707777,D1,Agriculture,14.0,फारसबी व्हिटॅमिन बी दोन मोठ्या प्रमाणात असता ह्या आता काळाला माका,व्हिटॅमिन बी दोन मोठ्या प्रमाणात आहे हे आता काळाला माहीत आहे
5345,716490,D2,Agriculture,13.909,या योजनेअंतर्गत दरवर्षी सुमारे पाच दशांश पाच कोटी शेतकरी अर्ज करतात,या योजनेअंतर्गत दरवर्षी सुमारे पाच दशांश पाच कोटी शेतकरी अर्ज करतात
5346,723736,D4,Banking,13.5,माह्या खात्याचा नंबर काय हाय हे तुम्ही मले सागांन का ?,"माशांच्या खात्याचा नंबर काय आहे, हे तुम्ही मला सांगणार का?"
5347,709474,D1,Banking,14.0,तुमका माहीत हा काय की ई विम्याक इंश्युरंस रिपोजिटरीकडे उघडतत,तुम्हाला माहीत आहे का की ही विमा इंश्युरन्स रिपोजिटरीकडे उघडत आहे
5348,714989,D2,Banking,13.909,देण्याघेण्याच्या खात्यामध्ये जमा खात व उधार खात या दोघांचा समावेश होतो,देण्याघेण्याच्या खात्यामध्ये जमा खाते व उधार खाते या दोघांचा समावेश होतो
5349,723058,D4,Agriculture,13.5,शेतीच्या कामासाठी कोनचा ट्रॅक्टर चांगला राहीन ?,शेतीच्या कामासाठी कोणता ट्रॅक्टर चांगला राहील?
5350,707629,D1,Banking,14.0,तुमच्या कर्जाच्या ए.एम.आय चो हिशोब करण्यासाठी गणिती सुत्राचो वापर करू शकतव,तुम्ही तुमच्या कर्जाच्या ए.एम.आयचे हिशोब करण्यासाठी गणिती सूत्रे वापरू शकता.
5351,713761,D2,Banking,13.909,तुमले माहीत शे का मालमत्ता कर आने थेर करनी रक्कम शे,तुम्हाला मालमत्ता कर किती आहे हे माहीत आहे का?
5352,723881,D4,Banking,13.5,सामाजिक क्षेत्र योजनेतून मले कोंते फायदे भेटन ?,सामाजिक क्षेत्र योजनेतून मला किती फायदे मिळतील?
5353,707615,D1,Banking,14.0,तुमका ठाऊक हा काय ? जीवन प्रमाण ही पेन्शनधारकांसाठी बायोमेट्रिक डिजिटल सेवा आसा,तुमचे ज्ञान काय आहे? जीवन प्रमाण ही पेन्शनधारकांसाठी बायोमेट्रिक डिजिटल सेवा आहे.
5354,714598,D2,Banking,13.909,एक आर्थिक साखळीम आपण जठे नौकरी करतस ते आर्थिक साखळीमाच येस,"एक आर्थिक साखळी आपण जिथे नोकरी करत आहोत, तीच आर्थिक साखळी आहे."
5355,723795,D4,Banking,13.5,सामाजिक योजनेत मी बसतो की नाय हे मले कस मालूम पडन ?,सामाजिक योजनेत मी बसतो की नाही मला कसे कळते?
5356,708590,D1,Banking,14.0,ह्या योजनेत ठेव विमा प्रणाली मजबूत करुच्या प्रस्तावांचोसुध्दा समावेश आसा,या योजनेत विमा प्रणाली मजबूत ठेवणे प्रस्तावामध्ये देखील समाविष्ट आहे.
5357,714915,D2,Agriculture,13.9,कोलेजन हे प्रथिन आहे जे मानव आणि वनस्पतींसाठी आवश्यक आहे,कोलेजन हे प्रथिन आहे जे मानव आणि वनस्पतींसाठी आवश्यक आहे
5358,723051,D4,Agriculture,13.5,सोयाबीन पिकाची साठवणूक प्लास्टिकच्या पोत्यामंदी करू का ?,सोयाबीन पिकाची साठवणूक प्लास्टिकच्या पोत्यांमध्ये करू का?
5359,706650,D1,Banking,14.0,बेरोजगारी आणि तत्सम कर बहुतेक येळा एकूण वेतनाच्यो आधारे नियोक्त्यांवर लादले जातत,बेरोजगारी आणि तत्सम कर बहुतेक लोकांच्या एकूण वेतनावर नियोक्त्यांवर लादले जात आहे.
5360,716713,D2,Banking,13.9,"ॲपमध्ये ट्रान्सफर पर्याय निवडा , एम.एम.आय.डी द्वारे हस्तांतरणासाठी आय.एम.पी.एस निवडा","ॲपमध्ये ट्रान्सफर पर्याय निवडा, एम.एम.आय.डी द्वारे हस्तांतरणासाठी आय.एम.पी.एस निवडा"
5361,724021,D4,Banking,13.5,ऑनलाईन इलेक्ट्रिक बिल भरतानी जास्तचे पैसे द्या लागते का ?,ऑनलाईन इलेक्ट्रिक बिल भरताना जास्त पैसे द्यावे लागतात का?
5362,709467,D1,Agriculture,14.0,ढोरांच्या प्रजननासाठी भ्रूण स्थानांतरणाचा उपयोग करतत,ढोरांच्या प्रजननासाठी भ्रूण हस्तांतरणाचा उपयोग करत आहेत.
5363,716421,D2,Agriculture,13.889,स्पेशल स्प्रेअर अॅग्रिकल्चर स्पेअरमध्ये इंजिनावर चालणारे पोर्टेबल स्प्रेअर आहे,स्पेशल स्प्रेअर कृषी स्पेअरमध्ये इंजिनावर चालणारा पोर्टेबल स्प्रेअर आहे
5364,723620,D4,Banking,13.5,क्रेडिट कार्ड घ्यासाठी मले कोनचा फारम भरा लागन ?,क्रेडिट कार्ड घेण्यासाठी मला कोणता फॉर्म भरायला लागेल?
5365,709989,D1,Agriculture,14.0,बदलत्या पिकांच्या प्रकारचो पोषण तत्वांचो शोषण रोखुन मातीचा रक्षण करता,बदलत्या पिकांच्या प्रकारांचे पोषण तत्वांचे शोषण रोखून मातीचे रक्षण करता
5366,717127,D2,Agriculture,13.889,जिरे हा जिरे सायमिनम या वनस्पतीपासून मिळणारा मसाला आहे,जिरे हा जिरे सायमिनम या वनस्पतीपासून मिळणारा मसाला आहे
5367,724241,D4,Banking,13.5,"मले माया घरचं इलेक्ट्रिक बिल भरलं का नाय , हे कस पायता येईन ?","मला माझ्या घराचे इलेक्ट्रिक बिल भरले नाही, हे कसे पायता येईल?"
5368,710978,D1,Agriculture,14.0,राष्ट्रीय अन्न सुरक्षा अभियानाचो उद्देश्य देशात खयानची उपलब्धता सुनिश्चित करणा,राष्ट्रीय अन्न सुरक्षा अभियानाचा उद्देश देशात अन्नाची उपलब्धता सुनिश्चित करणे
5369,715869,D2,Banking,13.889,बॉम्बे स्टॉक एक्सचेंज भारतातील सगळ्यात जुन स्टॉक मार्केट आहे,बॉम्बे स्टॉक एक्सचेंज भारतातील सर्वात नवीन स्टॉक मार्केट आहे
5370,723092,D4,Agriculture,13.5,पराटीच्या जास्त वाढी नंतर शेंडे तोडनं ठीक राहीन का ?,पराटीच्या जास्त वाढीनंतर शेंडे तोडणं ठीक राहील का?
5371,709309,D1,Banking,14.0,"हा , कोणतो पण देश आंतरराष्ट्रीय मुद्रा कोषासाठी सदस्यतेचो अर्ज करू शकता",कोणताही देश आंतरराष्ट्रीय चलन कोषासाठी सदस्यतेचा अर्ज करू शकतो.
5372,714018,D2,Banking,13.875,रिटेल ब्यांकिंगले ग्राहक ब्यांकिंग नैते खाजगी ब्यांकिंग म्हणतंस,"रिटेल बँकिंगचे ग्राहक बँकिंग, नेट आणि खासगी बँकिंग म्हणतात."
5373,723820,D4,Banking,13.5,"मी कास्तकार हाय , मले बँकेतून कर्ज भेटन का ?","मी कष्टकरी आहे, मला बँकेतून कर्ज मिळते का?"
5374,706386,D1,Banking,14.0,परताव्याचो अंतर्गत दर ह्या गुंतवणुकीच्यो परताव्याच्यो दराची गणना करूची एक पद्धत असा,परताव्याचा अंतर्गत दर या गुंतवणुकीच्या परताव्याच्या दराची गणना करण्याची एक पद्धत आहे.
5375,716429,D2,Banking,13.875,फ्युचर्स एक्सचेंजमध्ये प्रमाणित फ्युचर्स कॉन्ट्रॅक्ट्सचा व्यापार करू शकतो,फ्युचर्स एक्सचेंजमध्ये प्रमाणित फ्युचर्स कॉन्ट्रॅक्ट्सचा व्यापार करता येतो
5376,722975,D4,Agriculture,13.5,कोनच्या कंपनीचा ट्रॅक्टर शेती करायले कामाचे अन चांगला राहीनं ?,कोणाच्या कंपनीचा ट्रॅक्टर शेती करायला कामाचे चांगले राहील का?
5377,710040,D1,Banking,14.0,मॅक्स लाइफ इन्शुरन्स वर भारतामध्ये असलेल्या विमापॉलिसीचे प्रकार किती हत ?,मॅक्स लाईफ इन्शुरन्सवर भारतामध्ये असलेल्या विमा पॉलिसीचे प्रकार किती आहेत?
5378,717892,D2,Agriculture,13.867,"यंत्राद्वारे कोणकोणत्या पिकांची कापणी , तोडणी , मळणी करु शकतो , असे यंत्र कोणते ?","यंत्राद्वारे कोणकोणत्या पिकांची कापणी, तोडणी, मळणी करू शकतो, असे यंत्र कोणते?"
5379,723552,D4,Agriculture,13.5,आभाळ आल्यावर कापनी करायची राह्यल्यास ती कशी करा लागन ?,आभाळ आल्यावर ती कशी करायची राहिल्यास ती कशी करावी लागेल?
5380,708316,D1,Agriculture,14.0,"तुमका म्हायत आसा , की छिन्नी नांगर जमिनीत बऱ्यापैकी खोल जाता",तुम्हाला माहिती आहे की छिन्नी नांगर जमिनीत बऱ्यापैकी खोल जातो
5381,717153,D2,Banking,13.846,सशुल्क आजारी रजा अल्पकालीन अपंगत्व लाभ आणि दीर्घकालीन अपंगत्व लाभ यांचा समावेश होतो,सशुल्क आजारी रजा अल्पकालीन अपंगत्व लाभ आणि दीर्घकालीन अपंगत्व लाभ यांचा समावेश होतो
5382,723790,D4,Banking,13.5,सामाजिक योजनेची मायती मले कोठून भेटनं ?,सामाजिक योजनेची माहिती मला कोठून मिळेल?
5383,706601,D1,Banking,14.0,असुरक्षित कर्ज ह्या आर्थिक कर्जा असत ज्या कर्जदाराच्या मालमत्तेवर सुरक्षित नसत,असुरक्षित कर्ज ही ती आर्थिक कर्जे आहेत ज्या कर्जदाराच्या मालमत्तेवर सुरक्षित नसतात.
5384,712676,D2,Agriculture,13.846,"कायी टिप हाउ आंबावरला रोग शे , हाउ रोग इटाभट्टिना जोडेना आंबासवर पडस","कसे आहे आंबावरचे रोग, आणि ते रोग इतभट्टिना सोडल्यामुळे आंब्यावर कसे पडतात?"
5385,720352,D4,Agriculture,13.5,अनेक शेतकरी महिला बिनपगारी मजुरी म्हणून शेतीच्या कामात सहभागी होतात,अनेक शेतकरी महिला बिनपगारी मजुरी म्हणून शेतीच्या कामात सहभागी होतात
5386,707585,D1,Banking,14.0,तु तुझ्या व्यवसायासाठी किती काळासाठी कर्ज घेतलंस ?,तुम्ही तुमच्या व्यवसायासाठी किती काळासाठी कर्ज घेतले?
5387,714010,D2,Agriculture,13.846,"गिल्ड रोग , जलोदर , शेपटी आणि पंख कुजा या मासासना रोग शेतस","गिल्ड रोग, जलोदर, शेपटी आणि पंख कुजा या माशांना रोग आहेत"
5388,720249,D4,Banking,13.5,आमचे दुकान गेल्या पाच वर्षांपासून पेमेंटसाठी पेटीएम ॲप वापरत आहे,आमचे दुकान गेल्या पाच वर्षांपासून पेमेंटसाठी पेटीएम ॲप वापरत आहे
5389,707170,D1,Banking,14.0,तुम्ही ऍप्लिकेशनचो ट्रॅकर वापरून ऍप्लिकेशनचा प्रगतीचो मागोवा घेऊ शकता,तुम्ही ऍप्लिकेशनचा ट्रॅकर वापरून ऍप्लिकेशनचा प्रगतीचा मागोवा घेऊ शकता
5390,714734,D2,Agriculture,13.818,"ढोरेस्ना डाक्टर ढोरेस्ना आजार , रोग , लागण यास्वर इलाज करस","डॉक्टरांना आजार, रोग, लागण या स्वरूपात उपचार करा"
5391,720932,D4,Agriculture,13.5,उरलेल्या पिकाची कापणी शेतकरी माणसां पासून करून घेतो,उरलेल्या पिकाची कापणी शेतकरी लोकांकडून करून घेतो
5392,708797,D1,Agriculture,14.0,कृषि वस्तुंची विक्री आणि लिलाव बाजाराच्या माध्यमातनाच होतलो,कृषी वस्तूंची विक्री आणि लिलाव बाजाराच्या माध्यमातूनच होत होते
5393,713797,D2,Agriculture,13.769,वजन आणि माप विभाग उत्पादन मा वजन आणि माप यंत्रणा बराबर उपयोग करतस,वजन आणि माप विभाग उत्पादनामध्ये वजन आणि माप यंत्रणा बरोबर वापरत आहे
5394,723909,D4,Banking,13.5,मले वावरावर कर्ज भेटासाठी कोंते कागद जोडा लागन ?,मला वावरावर कर्ज घेण्यासाठी कोणते कागदपत्रे जोडावी लागतील?
5395,708934,D1,Banking,14.0,लोका डिजिटल प्लॅटफॉर्मचा वापर करान आपल्या सामानाचो प्रचार करतत,लोका डिजिटल प्लॅटफॉर्मचा वापर करून आपल्या सामानाचा प्रचार करत आहेत
5396,714429,D2,Banking,13.75,मनी मार्केट खातं म्हणजेच मनी मार्केट फंड का,मनी मार्केट म्हणजे मनी मार्केट फंड का
5397,724178,D4,Banking,13.5,मले आरोग्य बिम्याचा अर्ज भराचा असल्यास कसा भरा लागन ?,मला आरोग्य बिम्याचा अर्ज भरावा लागत असल्यास कसा भरावा लागेल?
5398,709278,D1,Banking,14.0,नॅशनल फुटबॉल लीग मधल्या काही संघांनी विकलांगता विम्याचो उपयोग केल्यानी हा,नॅशनल फुटबॉल लीगमधील काही संघाने विकलांगता विम्याचा उपयोग केला हा
5399,717046,D2,Banking,13.727,प्रतिपक्ष धोका डीफॉल्ट धोका किंवा प्रतिपक्ष क्रेडिट धोका म्हणून ओळखली जाते,प्रतिपक्ष धोका डीफॉल्ट धोका किंवा प्रतिपक्ष क्रेडिट धोका म्हणून ओळखली जाते
5400,722170,D4,Banking,13.5,मला माझ्या व्यवसायासाठी दिग्दर्शक सापडत नाही मी काय करू ?,"मला माझ्या व्यवसायासाठी मार्गदर्शक सापडत नाही, मी काय करू?"
5401,706763,D1,Banking,14.0,"युनायटेड स्टेट्स सरकारान जारी केलेलो कर्जा , ज्याका ट्रेझरी म्हणतत",युनायटेड स्टेट्स सरकाराने जारी केलेल्या कर्जाबद्दल ट्रेझरी म्हणते
5402,716162,D2,Agriculture,13.5,शिकारी मांस मिळवण्यासाठी जंगली प्राण्यांची शिकार करतो,शिकारी मांस मिळवण्यासाठी जंगली प्राण्यांची शिकार करतो
5403,719312,D4,Banking,13.5,फायनान्स उद्योगातील कामगारांना वर्षाच्या शेवटी बँकर्स बोनस दिला जाते,फायनान्स उद्योगातील कामगारांना वर्षाच्या शेवटी बँकर्स बोनस दिला जातो.
5404,707196,D1,Banking,14.0,स्टोअर यात किंवा ऑनलाइन कॉन्टॅक्टलेस पेमेंट करुक व्हर्च्युअल कार्ड वापरला जाऊ शकता,या स्टोअरमध्ये किंवा ऑनलाइन कॉन्टॅक्टलेस पेमेंटसाठी व्हर्च्युअल कार्ड वापरले जाऊ शकते
5405,715812,D2,Banking,13.5,प्रीतम मला उद्या बँकेमध्ये आर.डी ला एफ.डी मध्ये बदलण्यासाठी जायचे आहे,प्रीतम मला उद्या बँकेत आर.डी ला एफ.डी मध्ये बदलण्यासाठी जायचे आहे
5406,719315,D4,Banking,13.5,चोर स्वस्तात काळ्या बाजारातून वैयक्तिक माहिती ऑनलाइन खरेदी करू शकतात,चोर काळ्या बाजारातून वैयक्तिक माहिती ऑनलाइन खरेदी करू शकतात.
5407,707738,D1,Agriculture,14.0,पी.एम किसान मानधन योजनेत लोकांका महिन्याचो येगळो प्रीमियम भरावो लागता,पी.एम किसान मानधन योजनेत लोकांचे महिन्याचे प्रीमियम भरले जावे लागते.
5408,717152,D2,Banking,13.5,देवदूत गुंतवणूकदार नेटवर्कचा समूह भविष्यातील कंपन्यांसाठी आर्थिक पाया असेल,देवदूत गुंतवणूकदार नेटवर्कचा समूह भविष्यातील कंपन्यांसाठी आर्थिक पाया असेल
5409,724127,D4,Banking,13.5,माह्या बँक खात्याची मायती मले मोबाईलवर कसी डाऊनलोड करता येते ?,माझ्या बँक खात्याची माहिती मला मोबाईलवर डाउनलोड करता येते का?
5410,708550,D1,Banking,14.0,सर्वसाधारणपणे कोणती खोटी आश्वासना नायतर कर अधिकाऱ्यांची खयली घोषणा नाय आसा,सर्वसाधारणपणे कोणती खोटी आश्वासने अधिकारी नाही घोषणा करतात.
5411,715168,D2,Banking,13.5,रोहितने दुकानाचा सर्व माल व्यक्तिगत खात वापरून खरेदी केला,रोहितने दुकानाचा सर्व माल व्यक्तिगत खात वापरून खरेदी केला
5412,721647,D4,Banking,13.5,"वेळेवर बिले भरणे , आपले चेकिंग अकाउंट संतुलित ठेवणे यामुळे आर्थिक ताण दूर होऊ शकतो","वेळेवर बिले भरणे, आपले चेकिंग खाते संतुलित ठेवल्यामुळे आर्थिक ताण दूर होऊ शकतो."
5413,707972,D1,Agriculture,14.0,राजमा ह्यो वनस्पतींवर आधारित प्रथिनांचो सगळ्यात चांगलो स्रोत आसा,राजमा वनस्पतींवर आधारित प्रथिनांचा सर्वात चांगला स्रोत आहे
5414,717027,D2,Banking,13.5,बँकेत निधी हस्तांतरित करण्याच्या प्रक्रियेला इंटर बँक फंड ट्रान्सफर म्हणतात,बँकेत निधी हस्तांतरित करण्याच्या प्रक्रियेला इंटर बँक फंड ट्रान्सफर म्हणतात
5415,719454,D4,Agriculture,13.5,बायोशेल्टर हे एक सौर ग्रीनहाऊस आहे जे इनडोअर इकोसिस्टम म्हणून व्यवस्थापित केले जाते,बायोशेल्टर हे एक सौर ग्रीनहाऊस आहे जे इनडोअर इकोसिस्टम म्हणून व्यवस्थापित केले जाते
5416,710665,D1,Agriculture,14.0,गाय जर खयच्या तणाव किंवा आजारान त्रस्त असात तर तिचा दुध उत्पादन कमी होता,जर गाय खयच्या तणाव किंवा आजारान त्रस्त असेल तर त्याचे दूध उत्पादन कमी होते
5417,717430,D2,Agriculture,13.5,एक शेतकरी शेतीमाल खरेदी विक्री कंपनीची स्थापना करु शकतो का ?,एक शेतकरी शेतीमाल खरेदी विक्री कंपनीची स्थापना करू शकतो का?
5418,719334,D4,Banking,13.5,चलनवाढीच्या बातम्यांनी फ्रेंच सरकारी रोखे वाढवण्यास मदत केली,चलनवाढीच्या बातम्यांनी फ्रेंच सरकारी रोखे वाढवण्यास मदत केली
5419,707796,D1,Banking,14.0,बरोचसो संशोधन निधी दोन प्रमुख स्त्रोतांकडसून येता ते म्हणजे कॉर्पोरेशन आणि सरकार,संशोधन निधी दोन प्रमुख स्त्रोतांकडून येतो ते म्हणजे कॉर्पोरेशन आणि सरकार
5420,717317,D2,Agriculture,13.5,ढगाळ हवामानात कोणकोणत्या पिकांची अधिक काळजी घ्यायला हवी ?,ढगाळ हवामानात कोणकोणत्या पिकांची अधिक काळजी घ्यायला हवी?
5421,718704,D4,Agriculture,13.5,चहाची पाने कागदाच्या पिशवीत किंवा कंटेनरमध्ये पॅक केली जातात,चहाची पाने कागदाच्या पिशवीत किंवा कंटेनरमध्ये पॅक केली जातात
5422,706403,D1,Banking,14.0,"एखाद्दो व्यक्तीक लिहिलेलो धनादेश त्यावर रक्कम लिहिलेला नसता , त्यो कोरो चेक असता","एखाद्या व्यक्तीने लिहिलेला धनादेश त्यावर रक्कम लिहिलेली नव्हती, तो चेक तपासला असता."
5423,715292,D2,Banking,13.5,आधुनिक युगात यु.पी.आय च्या माध्यमाने पेमेंट करणे खूप वाढल आहे,आधुनिक युगात यु.पी.आय च्या माध्यमातून पेमेंट करणे खूप वाढले आहे
5424,718696,D4,Agriculture,13.5,दक्षिण अमेरिकेत अल्पाका फायबरचा वापर अन्न तयार करण्यासाठी केला जातो,दक्षिण अमेरिकेत अल्पाका फायबरचा वापर अन्न तयार करण्यासाठी केला जातो
5425,708022,D1,Banking,14.0,विद्यार्थी कर्जे विशेष करून विद्यार्थ्याच्या हिशोबाने तयार केलेली आसत,विद्यार्थी कर्जे विशेष करून विद्यार्थ्याच्या हिशोबाने तयार केलेली आहेत
5426,716874,D2,Banking,13.5,कोणताही भागधारक हा कंपनीचा भागीदार असतो ज्यांचे शेअर्स खरेदी केले जातात,कोणताही भागधारक हा कंपनीचा भागीदार असतो ज्यांचे शेअर्स खरेदी केले जातात
5427,722210,D4,Agriculture,13.5,रामने सांगितले की सर्वात जास्त व्हिटॅमिन ए पपईमध्ये आढळतो,रामने सांगितले की सर्वात जास्त व्हिटॅमिन ए पपईमध्ये आढळतो
5428,707386,D1,Agriculture,14.0,एफ.टू.सी आर्किटेक्चरवर आधारित येक सेवा आउटसोर्सिंग प्रणालीचो अभ्यास करता,एफ.टू.सी आर्किटेक्चरवर आधारित एक सेवा आउटसोर्सिंग प्रणालीचा अभ्यास करतो
5429,712947,D2,Banking,13.5,सापेक्ष परतावा दखाडस मालमत्ताना वापर बराबर व्हयी राहिना का नयी,सापेक्ष परतावा दाखवल्यास मालमत्तेचा वापर बरोबर राहिला का?
5430,721477,D4,Banking,13.5,तुम्ही तुमच्या जमिनींचा विमा किती काळापासून काढला आहे ?,तुम्ही तुमच्या जमिनींचा विमा किती काळापासून काढला आहे?
5431,709221,D1,Agriculture,14.0,भारतात जास्त करून शेती पृष्ठभागावरच्या पाण्यार अवलंबून हा,भारतात जास्त करून शेती पृष्ठभागावरील पाण्यावर अवलंबून आहे
5432,713150,D2,Banking,13.5,बेपार तितला जास्त शे टैक्स कमीमुडे फायदा व्हस,बेपर तितका जास्त शेत कर कमी झाल्यास फायदा होतो.
5433,722073,D4,Agriculture,13.5,कामगार बाहेरून माझ्या घरात पिके काढण्यासाठी येतात,कामगार बाहेरून माझ्या घरात पिके काढण्यासाठी येतात
5434,706680,D1,Banking,14.0,उत्तर अमेरिकन आर्थिक उद्योगात गॅरंटीड एसेट प्रोटेक्शन इन्शुरन्सची स्थापना करण्यात इली,उत्तर अमेरिकेच्या आर्थिक उद्योगात गॅरंटीड एसेट प्रोटेक्शन इन्शुरन्सची स्थापना करण्यात आली.
5435,715511,D2,Banking,13.5,गुंतवणूकदार आणि आर्थिक नियोजन काकांसाठी भविष्यातील मूल्य महत्त्वपूर्ण आहे,गुंतवणूकदार आणि आर्थिक नियोजन काकांसाठी भविष्यातील मूल्य महत्त्वपूर्ण आहे
5436,720066,D4,Agriculture,13.5,अन्नधान्याच्या पुरवठ्यासाठी पिकांचे उत्पादन केले जाते,अन्नधान्याच्या पुरवठ्यासाठी पिकांचे उत्पादन केले जाते
5437,709244,D1,Banking,14.0,बॅन्क गोपनीयता कायदो खाताधारकांच्या महितीक बाहेर जाण्यापासना थांबवता,बँक गोपनीयता खातेधारकांचे माहिती बाहेर जाण्यापासून थांबवते
5438,714637,D2,Agriculture,13.5,कायी मातीमा नायट्रोजन फॉस्फरस आणि सेंद्रिय पदार्थ रातंस,मातीमध्ये नायट्रोजन फॉस्फरस आणि सेंद्रिय पदार्थ काय आहेत?
5439,720748,D4,Banking,13.5,वाणिज्य कर्जाचे व्याज दर सामान्य कर्जापेक्षा कमी असल्याचे आढळले आहे,वाणिज्य कर्जाचे व्याज दर सामान्य कर्जापेक्षा कमी असल्याचे आढळले आहे
5440,709613,D1,Banking,14.0,म्युच्यअल फंड कंपनी सगळ्या गुंतवणुकदारांचे गुंतवलेले पैशे एकत्र करतत,म्युच्युअल फंड कंपनी सगळ्या गुंतवणूकदारांचे गुंतवलेले पैसे एकत्र करत आहे
5441,713911,D2,Banking,13.5,माले कालदीनच म्यूचल फंड पूरा व्हवाना पैसा भेटनात,मला कालदीनच म्युच्युअल फंड पूर्ण झालेला पैसा मिळाला
5442,721338,D4,Banking,13.5,बँक आम्हाला विविध प्रकारची खाती निवडण्याचे स्वातंत्र्य देते,बँक आम्हाला विविध प्रकारच्या खाती निवडण्याचे स्वातंत्र्य देते
5443,707988,D1,Agriculture,14.0,रेशीम उत्पादन वाढीसाठी शासनाकडसून कल्पवृक्ष सर्वसाधारण विस्तार योजना राबवली जाता,रेशीम उत्पादनाची वाढीसाठी शासनाने कल्पवृक्ष सर्वसाधारण विस्तार योजना राबवली
5444,715074,D2,Banking,13.5,बॉबीच्या एकाच व्यवसायात कविता ऐंशी टक्के शेअरची मालकीण आहे,बॉबीच्या एकाच व्यवसायात कविता ऐंशी टक्के शेअरची मालकीण आहे
5445,723880,D4,Banking,13.5,मले पंतप्रधान योजनेसाठी अर्ज कराचा असल्याने कोंते कागद लागन ?,मला पंतप्रधान योजनेसाठी अर्ज करायचा असल्याने किती कागद लागेल?
5446,707167,D1,Banking,14.0,"खातो उघडूक तुमका फक्त कार्यरत मोबाइल नंबर , आधार आणि पॅन क्रमांकाचो आवश्यकता असा","तुमची फक्त कार्यरत मोबाईल नंबर, आधार आणि पॅन क्रमांकाची आवश्यकता आहे."
5447,714605,D2,Banking,13.5,एखादी कंपनीना शेअरमा जितला पैसा गुताडात तितला परतावा भेटी याना भरोसा नै,एखाद्या कंपनीच्या शेअर्समध्ये जितका पैसा गुंतवला तितका परतावा मिळण्याची खात्री नाही.
5448,721771,D4,Agriculture,13.5,पृथ्वीवरील पाण्याचे प्रमाण जमिनीपेक्षा जास्त आहे,पृथ्वीवरील पाण्याचे प्रमाण जमिनीपेक्षा जास्त आहे
5449,709702,D1,Agriculture,14.0,सरसोच्या सागात बीटा कॅरेटिन सारी शरिराक चांगली अँटीऑक्सिडंट असतत,सरसोच्या सागामध्ये बीटा कॅरेटिन सर्व शरीरासाठी चांगले अँटीऑक्सिडंट असते
5450,712655,D2,Banking,13.5,घरथून काम करनारा कर्मचारीस्ले कंपनीवालास्नी जासतीना पगार दिधा,घरातून काम करणारा कर्मचारी कंपनीला पुरेसा पगार मिळतो.
5451,721844,D4,Banking,13.5,जंगम मालमत्तेच्या काही विभागांवर मालमत्ता कर आकारला जाऊ शकतो,जंगम मालमत्तेच्या काही विभागांवर मालमत्ता कर आकारला जाऊ शकतो
5452,709852,D1,Agriculture,14.0,कृषी विपणनाच्या माध्यमातून आपण आपल्या देशाच्या शेतीची प्रगती करू शकताव,कृषी विपणनाच्या माध्यमातून आपण आपल्या देशाच्या शेतीची प्रगती करू शकतो.
5453,717014,D2,Banking,13.5,या प्रकरणात अल्पकालीन संरक्षण विम्याच्या स्वरूपात पेमेंट सहसा बारा महिने असते,या प्रकरणात अल्पकालीन संरक्षण विम्याच्या स्वरूपात पेमेंट सहसा बारा महिने असते
5454,721333,D4,Banking,13.5,यू.पी.आय च्या माध्यमातून आपण दुसऱ्या व्यक्तीला पैसे ट्रान्सफर करू शकतो,यू.पी.आय च्या माध्यमातून आपण दुसऱ्या व्यक्तीला पैसे ट्रान्सफर करू शकतो
5455,710238,D1,Banking,14.0,चौकशी तपासणी ग्राहकाक चेक माहिती गोळा करण्यास अनुमती देता,चौकशी तपासणी ग्राहकांना चेक माहिती गोळा करण्याची अनुमती देते
5456,714876,D2,Banking,13.5,कर्जासाठी ऑनलाइन अर्ज करण्याच्या पुष्कळ वेबसाइट आहेत,कर्जासाठी ऑनलाइन अर्ज करण्याच्या अनेक वेबसाइट्स आहेत
5457,721011,D4,Agriculture,13.5,भाजीपाल्याची लागवड सुमारे दहा हजार वर्षां पूर्वी सुरू झाली,भाजीपाल्याची लागवड सुमारे दहा हजार वर्षांपूर्वी सुरू झाली
5458,708411,D1,Agriculture,14.0,बाजारात दुधाक असणारी मागणी ह्यो डेअरी उद्योगातलो चिंतेचो भाग आसा,बाजारात दुधाक असणारी मागणी ही डेअरी उद्योगात चिंताचा भाग आहे.
5459,716306,D2,Banking,13.5,हायब्रीड मध्ये कर्ज आणि समहक्क सुरक्षितता दोघांचेही गुण समाविष्ट असतात,हायब्रीडमध्ये कर्ज आणि समहक्क सुरक्षिततेचे दोन्ही गुण समाविष्ट असतात
5460,719655,D4,Agriculture,13.5,वसंत ऋतू कारण कोलोकेसिया दहा अंशांपेक्षा कमी तापमानात चांगले वाढत नाही,वसंत ऋतूमुळे कोलोकेसिया दहा अंशांपेक्षा कमी तापमानात चांगले वाढत नाही
5461,708191,D1,Agriculture,14.0,इ.स पूर्व तीन हजारच्या आदीपासना कपडो बनवच्यासाठी तागाचो उपयोग केलो जावचो,इ.स पूर्व तीन हजार वर्षांपूर्वी कपडे बनवण्यासाठी तागाचा उपयोग केला गेला.
5462,713459,D2,Agriculture,13.5,काकान त्यास्नी नवीन घर बांधाना टाईमले टोकरेस्ना बराच वापर करेल शे,नवीन घर बांधण्यासाठी बराच वेळ लागेल आणि त्यासाठी जास्त वापर होईल.
5463,719750,D4,Agriculture,13.5,सफरचंद स्कॅब हा पानांचा रोग आहे जो सुरुवातीच्या हवामानात होतो,सफरचंद स्कॅब हा पानांचा रोग आहे जो सुरुवातीच्या हवामानात होतो
5464,707698,D1,Agriculture,14.0,"नीरज तुका सांगतय , कॉफीचे उत्पादन आफ्रिकेत सगळ्यात जास्त होता",नीरज सांगतो की कॉफीचे उत्पादन आफ्रिकेत सर्वात जास्त होते
5465,715886,D2,Agriculture,13.5,भारताच्या बाबा बुदन यांनी अरेबिका मधून कॉफीचे काही बी चोरून आणले होते,भारताचे बाबा बुदन यांनी अरेबिका मधून कॉफीचे काही बी चोरून आणले होते
5466,721530,D4,Agriculture,13.5,बियाणे गुणाकार साखळीतील गुणवत्तेच्या हमीसाठी पुरेसे संरक्षण प्रदान करते,बियाणे गुणाकार साखळीतील गुणवत्तेच्या हमीसाठी पुरेसे संरक्षण प्रदान करते
5467,710431,D1,Banking,14.0,लोन पोर्टलच्या मदतीन तुम्ही तुमच्या कर्जाचा प्रिपेमेंट करु शकतास,लोन पोर्टलच्या मदतीने तुम्ही तुमच्या कर्जाचा प्रीपेमेंट करू शकता
5468,718190,D2,Banking,13.5,कर्जासाठी प्री पेमेंट दंड आकारला जातो का ?,कर्जासाठी प्री पेमेंट दंड आकारला जातो का?
5469,721254,D4,Banking,13.5,चलन हे आधुनिक जगातील देशांच्या देवाणघेवाणीचे प्राथमिक माध्यम आहे,चलन हे आधुनिक जगातील देशांच्या देवाणघेवाणीचे प्राथमिक माध्यम आहे
5470,709490,D1,Banking,13.938,"नवीन एफ.डी , आर.डी , टॅक्स सेवर डिपॉसीट ऑनलाइन किंवा मगे ऑफलाईन दोन्ही पद्धतीन उघडू शकतास","नवीन एफ.डी., आर.डी., टॅक्स सेवर डिपॉझिट ऑनलाइन किंवा ऑफलाइन दोन्ही पद्धतीतून उघडू शकता."
5471,718559,D2,Banking,13.5,एका वेळी कुटुंबातील दोन व्यक्ती कर्ज घेण्यास पात्र होतात का ?,एका वेळी कुटुंबातील दोन व्यक्ती कर्ज घेण्यास पात्र होतात का?
5472,719556,D4,Agriculture,13.5,आपल्या वातावरणात मिथेन वायूचे प्रमाण जनावरांच्या चाऱ्यावर पडल्याने वाढत आहे,आपल्या वातावरणात मिथेन वायूचे प्रमाण जनावरांच्या चाऱ्यावर पडल्याने वाढत आहे
5473,709522,D1,Banking,13.933,फक्त दुकानदारचो क्यू.आर कोड स्कॅन करा आणि पैसे लिहून देऊन पेमेंट करा किती सोपा असा,फक्त दुकानदार क्यूआर कोड स्कॅन करा आणि पैसे लिहून देऊन पेमेंट करा किती सोपा आहे
5474,717750,D2,Agriculture,13.5,दूध व्यवसायासाठी शासकीय योजनेतून जनावरे किंवा आर्थिक मदत मिळते का ?,दूध व्यवसायासाठी शासकीय योजनेतून जनावरे किंवा आर्थिक मदत मिळते का?
5475,719250,D4,Agriculture,13.5,"जर्दाळूमध्ये व्हिटॅमिन ए , बीटा कॅरोटीन आणि इतर कॅरोटीनॉइड्स भरपूर प्रमाणात असतात","जर्दाळूमध्ये व्हिटॅमिन ए, बीटा कॅरोटीन आणि इतर कॅरोटीनॉइड्स भरपूर प्रमाणात असतात"
5476,708837,D1,Agriculture,13.933,जमिनीची झीज होना ही आज वैश्विक समस्या बनली हा जिच्यामुळे उत्पादन कमी होत चालला हा,"जमिनीची झीज ही आज एक वैश्विक समस्या बनली आहे, ज्यामुळे उत्पादन कमी होत चालले आहे."
5477,718119,D2,Banking,13.5,कर्जफेडीदरम्यान मला दर महिन्यास व्याजाची रक्कम वेगळी भरावी लागेल का ?,कर्जफेडीदरम्यान मला दर महिन्याला व्याजाची रक्कम वेगळी भरावी लागेल का?
5478,719904,D4,Banking,13.5,निर्णय घेतलेले देय कर्जाच्या प्रवेशावर आणि कायद्याच्या नियमांवर आधारित आहे,निर्णय देय कर्जाच्या प्रवेशावर आणि कायद्याच्या नियमांवर आधारित आहे
5479,707961,D1,Banking,13.933,"येळेवर कर भरलो नाय तर कर अधिकारी कायदेशीर कारवाई करतत , ह्या विसरता कामा नये","येळेवर कर भरला नाही तर कर अधिकारी कायदेशीर कारवाई करत आहेत, हे विसरता कामा नये."
5480,717133,D2,Agriculture,13.5,चहा कापणीच्या दोन मूलभूत पद्धती आहेत हाताने उचलणे आणि यांत्रिकी पद्धत,कापणीच्या दोन मूलभूत पद्धती आहेत हाताने उचलणे आणि यांत्रिकी पद्धत
5481,721221,D4,Banking,13.5,केंद्र सरकारच्या प्रकारांमध्ये गुंतवणूक निधी आणि वनीकरण निधीचा समावेश आहे,केंद्र सरकारच्या प्रकारांमध्ये गुंतवणूक निधी आणि वनीकरण निधीचा समावेश आहे
5482,711978,D1,Banking,13.923,कर्ज दिणारी ही संस्था किवा बँक किवा लेंडर ती इस्वासाची आसा मा ?,ही कर्ज देणारी संस्था बँक की लेंडर आहे?
5483,718421,D2,Banking,13.5,माझा थकीत कर्ज हफ्ता पुढच्या वेळी भरला तर चालेल का ?,माझे थकीत कर्ज हफ्ता पुढच्या वेळी भरला तर चालेल का?
5484,720354,D4,Agriculture,13.5,आसाममध्ये लिलावादरम्यान एक चहा सत्तर हजार रुपये प्रति किलोने विकला गेला,आसाममध्ये लिलावादरम्यान एक चहा सत्तर हजार रुपये प्रति किलोने विकला गेला
5485,707191,D1,Banking,13.923,क्रेडिट कार्ड पेमेंट देय तारीख ह्या तुमची वेळेवर पेमेंट करूची अंतिम मुदत असा,क्रेडिट कार्ड पेमेंट देय तारीख ही तुमची वेळेवर पेमेंट करण्याची अंतिम मुदत आहे.
5486,717761,D2,Agriculture,13.5,ई कॉमर्सच्या माध्यमातून फसवणूक झाल्यास काय करावे ?,ई कॉमर्सच्या माध्यमातून फसवणूक झाल्यास काय करावे?
5487,722546,D4,Agriculture,13.5,मासे पकडण्यासाठी विविध तंत्रे प्रचलित आहेत,मासे पकडण्यासाठी विविध तंत्रे प्रचलित आहेत
5488,707346,D1,Banking,13.923,आर्थिक गुंतवणूक लय प्रकारच्ये आसत जसे की बॉण्ड्स आणि सिक्युरिटीज मध्ये गुंतवणूक करणा,आर्थिक गुंतवणूक अनेक प्रकारची असते जसे की बॉन्ड्स आणि सिक्युरिटीजमध्ये गुंतवणूक करा
5489,718124,D2,Banking,13.5,मी सेविंग्स अकाउंट उघडल्यास मला बँकेकडून कोणत्या सुविधा मिळतील ?,मी सेविंग्स अकाउंट उघडल्यास मला बँकेकडून कोणत्या सुविधा मिळतील?
5490,721736,D4,Banking,13.5,चेक पेमेंट संदर्भात ग्राहकांना निर्णय घेण्यास अनुमती देते,चेक पेमेंट संदर्भात ग्राहकांना निर्णय घेण्यास अनुमती देते
5491,707199,D1,Banking,13.923,मुदत ठेव ह्या एक निश्चित मुदतीचा गुंतवणूक असता ज्यात पैशांचा ठेवीचो समावेश असता,मुदत ठेव ही एक निश्चित मुदतीची गुंतवणूक असते ज्यात पैशांची ठेवी समाविष्ट असते
5492,716605,D2,Banking,13.5,"अर्थशास्त्र वाचून , आपण अर्थव्यवस्था चांगल्या प्रकारे जाणून घेऊ शकता",अर्थशास्त्र वाचून आपण अर्थव्यवस्था चांगल्या प्रकारे जाणून घेऊ शकता
5493,719734,D4,Agriculture,13.5,उगवण ही बियाणे नवीन वनस्पतीं मध्ये विकसित होण्याची प्रक्रिया आहे,उगवण ही बियाणे नवीन वनस्पतींमध्ये विकसित होण्याची प्रक्रिया आहे
5494,708824,D1,Agriculture,13.923,"पशुपालक दुध देणार्या ढोरांच्या उर्जा , प्रोटीन , खनिज तत्त्वांवर विशेष लक्ष देतत","पशुपालक दुधाच्या ढोरांच्या ऊर्जेवर, प्रोटीन आणि खनिज तत्त्वांवर विशेष लक्ष देत आहेत."
5495,713605,D2,Agriculture,13.5,"वावरमा खत टाकं ते पिकेसले लागू पडस , शेनखतमुये शेतीना उत्पन्नमा वाढ दखास","वर खत टाकल्यास ते पिकांवर लागू पडेल, शेतीमुळे उत्पन्नात वाढ होईल."
5496,719226,D4,Agriculture,13.5,उत्तराखंड हे भारतातील सर्वात मोठे गांजा उत्पादक राज्य मानले जाते,उत्तराखंड हे भारतातील सर्वात मोठे गांजा उत्पादक राज्य मानले जाते
5497,708404,D1,Banking,13.917,बँक शेती आणि तृतीय क्षेत्राच्या गरजांसाठी उत्पादना आणि सेवा उपलब्ध करून दिता,बँकेने शेती आणि तृतीय क्षेत्राच्या गरजांसाठी उत्पादने आणि सेवा उपलब्ध करून दिल्या.
5498,716373,D2,Agriculture,13.5,जुन्याकाळी तागाच्या झाडापासून अन्न प्राप्त केले जात असे,जुन्याकाळी तागाच्या झाडापासून अन्न प्राप्त केले जात असे
5499,719324,D4,Banking,13.5,डिजिटल इंडिया प्रकल्प भारताच्या आत आणि बाहेर आय.टी साठी एक सुरक्षित स्थान प्रदान करेल,डिजिटल इंडिया प्रकल्प भारताच्या आत आणि बाहेर आय.टी साठी एक सुरक्षित स्थान प्रदान करेल
5500,707054,D1,Banking,13.917,प्रत्येक वित्तीय संस्था प्रत्येक प्रकारच्यो बँक खात्याक अटी आणि शर्ती सेट करता,प्रत्येक वित्तीय संस्था प्रत्येक प्रकारच्या बँक खात्याच्या अटी आणि शर्ती सेट करते
5501,714469,D2,Banking,13.5,लोकेस्ले कोणताही कामी करता उभारी देनं हाई सुदीक आनमोल संपत्ती शे,"लोकांसले कोणती कामं करतात, त्यातून किती व्याज आणि मालमत्तेचे मूल्य मिळते."
5502,720507,D4,Banking,13.5,विद्यार्थ्यांना एक लाख ते पंचवीस लाखांपर्यंत कर्जाची सुविधा मिळते,विद्यार्थ्यांना एक लाख ते पंचवीस लाखांपर्यंत कर्जाची सुविधा मिळते
5503,707242,D1,Banking,13.917,भारत सरकारच्यो निवृत्तीवेतनधारक योजनेक डिजिटल जीवन प्रमाणपत्र जीवन प्रमाण म्हणून ओळखला जाता,भारत सरकारची निवृत्तीवेतनधारकांसाठी योजनेने डिजिटल जीवन प्रमाणपत्र जीवन प्रमाण म्हणून ओळखले जाते.
5504,714540,D2,Banking,13.5,नवकरी सोडीनसोतानी बुध्दी आणि येय वापरीन कित्लाग करोडपती सोताना व्यवसाय उभा करतसं,नवकरी सोडीनसोतानी बुद्धी आणि उपयोग करून किती कोटीपती असताना व्यवसाय उभा करत आहेस
5505,719656,D4,Agriculture,13.5,"प्रीतम , तू तुझ्या वांग्याच शेताची कापणी बरोबर दोन महिन्यांनंतर करून घेशील","प्रीतम, तू तुझ्या शेताची कापणी बरोबर दोन महिन्यांनंतर करून घेशील."
5506,708528,D1,Agriculture,13.909,शेतीत पीक प्रणाली कायम ठेवच्यासाठी जमिनीवर नवीन नवीन सुधारणा केले जातत,शेतीत पीक प्रणाली कायम ठेवण्यासाठी जमिनीवर नवीन सुधारणा केल्या जात आहेत.
5507,715924,D2,Banking,13.5,भारतीय रिझर्व बँकेचे मध्यवर्ती कार्यालय मुंबई मध्ये स्थलांतरित केला गेल आहे,भारतीय रिझर्व बँकेचे मध्यवर्ती कार्यालय मुंबईत स्थलांतरित केले गेले आहे
5508,722157,D4,Banking,13.5,मी माझ्या भावाच्या सिक्युरिटीज तारणावर स्वाक्षरी केली आहे,मी माझ्या भावाच्या सिक्युरिटीज तारणावर स्वाक्षरी केली आहे
5509,707641,D1,Agriculture,13.909,तुम्ही फणीनं मध पिळून घेऊ शकतास किंवा त्येचो चूरव करू शकतास,तुम्ही फणून मध पिळून घेऊ शकता किंवा तेच चूरवू शकता
5510,712944,D2,Banking,13.5,मायक्रो क्रेडिटवरी लोन लेवाले कागदपत्रसनी कारवायी नयी करणी पडस,मायक्रो क्रेडिट लोन घेण्यासाठी कागदपत्रे आणि नवीन फॉर्म भरावे लागतील.
5511,719481,D4,Agriculture,13.5,अक्रोड हे जुगलन्स वंशाच्या कोणत्याही झाडाच्या ड्रुपचे खाद्य बिया आहेत,अक्रोड हे जुगलन्स वंशाच्या कोणत्याही झाडाच्या फळाचे खाद्य बिया आहेत
5512,707089,D1,Banking,13.909,लेखा संशोधन व्यक्तीद्वारा लेखांकन कसो वापरलो जाता याचो परीक्षण केला जाता,लेखा संशोधन व्यक्तीद्वारे लेखांकन कसे वापरले जाते याचे परीक्षण केले जाते
5513,716039,D2,Agriculture,13.5,म्हशीच्या दुधात प्रथिन आणि चरबीच प्रमाण जास्त असतं,म्हशीच्या दुधात प्रथिन आणि चरबीच प्रमाण जास्त असते
5514,720973,D4,Agriculture,13.5,बाजरी हा मोत्याचा एक प्रकार आहे जो प्रामुख्याने आफ्रिका आणि भारतात वाढतो,बाजरी हा मोत्याचा एक प्रकार आहे जो प्रामुख्याने आफ्रिका आणि भारतात वाढतो
5515,709854,D1,Agriculture,13.909,कॅमेलिया प्यूबिकोस्टा आणि कॅमेलिया टॅलिएन्सिस हे चायचे दोन प्रकार हत सरजी,कॅमेलिया प्यूबिकोस्टा आणि कॅमेलिया टॅलिएन्सिस हे चहाचे दोन प्रकार आहेत.
5516,715399,D2,Banking,13.5,कंपनीमध्ये पे रोल चा वापर हजेरी रजिस्टर तयार करण्यासाठी पण केला जातो,कंपनीमध्ये पे रोलचा वापर हजेरी रजिस्टर तयार करण्यासाठी केला जातो.
5517,722606,D4,Banking,13.5,संपत्ती निर्माण करून अनेक कंपन्यांना पैशाचा पुरवठा केला जातो,संपत्ती निर्माण करून अनेक कंपन्यांना पैशाचा पुरवठा केला जातो
5518,708254,D1,Agriculture,13.909,कॉफी ह्यो भाजलल्या कॉफी बियांपासून तयार केललो एक पिवचो पदार्थ आसा,ही कॉफी भाजून कॉफीच्या बियांपासून तयार केलेला एक पिवळा पदार्थ आहे.
5519,717129,D2,Agriculture,13.5,चेस्टनटमध्ये चरबी कमी आणि व्हिटॅमिन सी जास्त असते,चेस्टनटमध्ये चरबी कमी आणि व्हिटॅमिन सी जास्त असते
5520,719781,D4,Banking,13.5,वित्त तज्ज्ञ म्हणाले की निव्वळ वर्तमान मूल्य सकारात्मक असल्यास नफा आहे,वित्त तज्ज्ञ म्हणाले की निव्वळ वर्तमान मूल्य सकारात्मक असल्यास नफा आहे
5521,710177,D1,Agriculture,13.909,एग्रोफिजिक्स विज्ञानाची एक शाखा हा जी एग्रोनॉमी आणि फिजिक्सवर आधारलेली हा,एग्रोफिजिक्स विज्ञानाची एक शाखा जी एग्रोनॉमी आणि फिजिक्सवर आधारित आहे
5522,716682,D2,Banking,13.5,जागतिकीकरणामुळे आंतरराष्ट्रीय वित्त क्षेत्राची व्याप्ती वाढली आहे,जागतिकीकरणामुळे आंतरराष्ट्रीय वित्त क्षेत्राची व्याप्ती वाढली आहे
5523,722328,D4,Banking,13.5,रमेशने आपली एकुलती एक स्थावर मालमत्ता गहाण ठेवून कर्ज घेतले आणि व्यवसायात ठेवले,रमेशने आपली एकुलती एक स्थावर मालमत्ता गहाण ठेवून कर्ज घेतले आणि व्यवसायात ठेवले
5524,709013,D1,Banking,13.909,"अर्थशास्त्रात वस्तू आणि सेवांचा उत्पादन , वितरण आणि उपभोगाचा अध्ययन होता","अर्थशास्त्रात वस्तू आणि सेवांचा उत्पादन, वितरण आणि उपभोगाचा अध्ययन होता"
5525,717062,D2,Banking,13.5,माझी बचत म्युच्युअल सेविंग्स बँकेत जमा करणे सुरक्षित आहे का,माझी बचत म्युच्युअल सेविंग्स बँकेत जमा करणे सुरक्षित आहे का
5526,722754,D4,Banking,13.5,वस्तू आणि सेवा करामध्ये भारत सरकारने पाळलेल्या नियमांचा विचार केला जातो,वस्तू आणि सेवा करामध्ये भारत सरकारने पाळलेल्या नियमांचा विचार केला जातो
5527,706947,D1,Banking,13.9,"आंतरराष्ट्रीय वित्त , कधीकधी आंतरराष्ट्रीय मॅक्रो इकॉनॉमिक्स म्हणून ओळखला जाता",आंतरराष्ट्रीय वित्त कधीकधी आंतरराष्ट्रीय मॅक्रो इकॉनॉमिक्स म्हणून ओळखला जातो
5528,713287,D2,Banking,13.5,कर्जदारनी खरेदी वजा करीसन खातावरली एकूण क्रेडिट मर्यादा गणना करू शकतस,कर्जदारांनी खरेदी वजा करून खात्यावरील एकूण क्रेडिट मर्यादा गणना करू शकतात.
5529,721668,D4,Banking,13.5,सुरक्षित आणि सोयीस्कर पेमेंट करण्यासाठी चेकचा वापर केला जातो,सुरक्षित आणि सोयीस्कर पेमेंट करण्यासाठी चेकचा वापर केला जातो
5530,709666,D1,Banking,13.9,वी.डी.आय.एस योजना प्रत्यक्षात करदात्यांसाठी अपमानकारक आणि फसवणूक करणारी योजना असा,व्ही.डी.आय.एस योजना प्रत्यक्षात करदात्यांसाठी अपमानकारक आणि फसवणूक करणारी योजना आहे.
5531,714793,D2,Agriculture,13.5,अंगोरा शेळीच्या केसांपासून मोहायर तंतू मिळतात,अंगोरा शेळीच्या केसांपासून मोहायर तंतू मिळतात
5532,720318,D4,Agriculture,13.5,सिंचन योजनांमध्ये पर्यावरणीय परिणाम कमी करताना आर्थिक समस्या सोडवणे समाविष्ट आहे,सिंचन योजनांमध्ये पर्यावरणीय परिणाम कमी करताना आर्थिक समस्या सोडवणे समाविष्ट आहे
5533,710885,D1,Agriculture,13.9,"भारतात शेतीच्या मोजमापाक हात , बंडल , जरीबचा प्रमाण वापरतत","भारतात शेतीच्या मापनासाठी हात, बंडल आणि जरीबचा प्रमाण वापरला जातो."
5534,715701,D2,Agriculture,13.5,द्रवरूप खताने पिकांच्या उत्पादनात दहा ते वीस टक्क्यांपर्यंत वाढ झाली आहे,द्रवरूप खताने पिकांच्या उत्पादनात दहा ते वीस टक्क्यांपर्यंत वाढ झाली आहे
5535,721451,D4,Banking,13.5,अस्वस्थ होऊ नका तुमचे डेबिट कार्ड हॉटलिस्ट झाले आहे आता कोणीही ते वापरू शकत नाही,अस्वस्थ होऊ नका तुमचे डेबिट कार्ड हॉटलिस्ट झाले आहे आता कोणीही ते वापरू शकत नाही
5536,708567,D1,Agriculture,13.9,"सोयाबीनपासना सोयाबीन तेल मेळता , रवलल्या चोथ्यापासना गोरवांका पेंड मेळता","सोयाबीनपासून सोयाबीन तेल तयार होते, रवलल्या दुसऱ्या सोयाबीनपासून गोरवांका पेंड मिळते."
5537,718055,D2,Banking,13.5,पीक विम्याचा लाभ मिळण्यासाठी मला कोणते नियम पूर्ण करावे लागतील ?,पीक विम्याचा लाभ मिळवण्यासाठी मला कोणते नियम पूर्ण करावे लागतील?
5538,721926,D4,Agriculture,13.5,आयुर्वेदाच्या औषधात अदरक वनस्पतीचा मोठ्या प्रमाणात वापर केला जातो,आयुर्वेदाच्या औषधांमध्ये अदरक वनस्पतीचा मोठ्या प्रमाणात वापर केला जातो.
5539,710098,D1,Banking,13.9,सदस्यता शुल्क ह्या सदस्यता व्यवसाय मॉडेलच्या हिश्शाच्या स्वरूपात घेतला जाता,सदस्यता शुल्क या सदस्यता व्यवसाय मॉडेलच्या हिस्स्याच्या स्वरूपात घेतले जाते.
5540,717947,D2,Banking,13.5,छोट्या व्यवसायासाठी कर्ज पाहिजे आहे प्रोसेस काय करावी लागेल ?,छोट्या व्यवसायासाठी कर्जाची प्रक्रिया काय करावी लागेल?
5541,719091,D4,Banking,13.5,ना नफा फाउंडेशन एका विशिष्ट कामासाठी चालविले जाते,ना नफा फाउंडेशन एका विशिष्ट कामासाठी चालविले जाते
5542,711084,D1,Banking,13.9,सिक्युरिटीज ट्रेडिंग योजना पैशे कमवुसाठी खरेदी आणि विक्रीची योजना बनवता,सिक्युरिटीज ट्रेडिंग योजनेसाठी पैसे कमवण्यासाठी खरेदी आणि विक्रीची योजना बनवता
5543,717573,D2,Agriculture,13.5,गहू काढणीच्या वेळी कचरा व खडा न येण्यासाठी एखादी यंत्रणा आहे का ?,गहू काढणीच्या वेळी कचरा व खडा न येण्यासाठी एखादी यंत्रणा आहे का?
5544,718794,D4,Agriculture,13.5,भाजी शिजल्यानंतर प्रत्येक भाजीमध्ये सजावटीसाठी कोथिंबीर टाकली जाते,भाजी शिजल्यानंतर प्रत्येक भाजीमध्ये सजावटीसाठी कोथिंबीर टाकली जाते
5545,706897,D1,Banking,13.889,गुंतवणूक पोर्टफोलिओत एक मालमत्ता किंवा एकाधिक मालमत्ता असू शकता,गुंतवणूक पोर्टफोलिओत एक मालमत्ता किंवा एकाधिक मालमत्ता असू शकते.
5546,712651,D2,Banking,13.5,वर्तमान मूल्यबद्दलनी माहिती पैले इंग्लंडमझार सुरू व्हयनी,सध्याच्या किमतीबद्दल माहिती इंग्लंडचा बाजार सुरू झाला आहे
5547,719351,D4,Banking,13.5,रमेश च्या आजोबांनी बाँड मार्केट मध्ये खुप गुंतवणूक केलेले आहे,रमेशच्या आजोबांनी बाँड मार्केटमध्ये खूप गुंतवणूक केलेली आहे.
5548,707379,D1,Banking,13.889,एकूण खर्च आणि मिळालेल्या एकूण विक्रीमधील्या फरकाक नफो म्हणतत,एकूण खर्च आणि मिळालेल्या एकूण फरकाविषयी बोलले नाही
5549,717173,D2,Agriculture,13.5,हायड्रोपोनिक्सच्या तंत्राचा वापर करून चांगला नफा मिळवता येतो,हायड्रोपोनिक्सच्या तंत्राचा वापर करून चांगला नफा मिळवता येतो
5550,721119,D4,Banking,13.5,सर्वात मूलभूत पातळीवर सामाजिक उद्योजक आकर्षकतेबद्दल स्वाभाविकपणे मनोरंजक असतात,सर्वात मूलभूत पातळीवर सामाजिक उद्योजक आकर्षकतेबद्दल स्वाभाविकपणे मनोरंजक असतात
5551,712493,D1,Banking,13.875,सामाजिक योजना अर्जासाठी खयचे खयचे कागदपत्रा लागतली ?,सामाजिक योजनेच्या अर्जासाठी कागदपत्रांची आवश्यकता आहे का?
5552,713439,D2,Agriculture,13.5,समुद्रनी खेतीमा मासाना संगे कोणता जीव पायतस ?,समुद्रातील शेतीमध्ये माशांसोबत कोणता जीव पाळतो?
5553,719105,D4,Banking,13.5,व्यवसाय सुरू करण्यासाठी समुदाय विकास बँकेची मदत घेऊ शकता,व्यवसाय सुरू करण्यासाठी समुदाय विकास बँकेची मदत घेऊ शकता
5554,711243,D1,Agriculture,13.867,नारळाच्या झाडांका जो रोटो लागता तो वर्सून आणि खालसून पण लागता तो कसो काडूचो ?,नारळाच्या झाडांका जे रोटो लागते ते वरून आणि खालून पण लागते तर ते कशा काडता?
5555,715980,D2,Agriculture,13.5,माझ्या घराजवळ एका दुकानामध्ये म्हशीचं दूध साठ रुपये लिटर आहे,माझ्या घराजवळ एका दुकानात म्हशीचे दूध साठ रुपये लिटर आहे.
5556,721526,D4,Agriculture,13.5,"पशुपालन , मत्स्य व्यवसायाशी संबंधित कामांसाठी शेतकऱ्यांना वेळेवर कर्ज मदत करते",पशुपालन आणि मत्स्य व्यवसायाशी संबंधित कामांसाठी शेतकऱ्यांना वेळेवर कर्ज मदत करते
5557,710602,D1,Banking,13.867,कर आकारणीची आर्थिक तत्त्वा ह्या प्रश्नावर येतत कि कर आकारणीतना आर्थिक कल्याण कसा वाढवायचा ?,"कर आकारणीची आर्थिक तत्त्वे या प्रश्नावर, कर आकारणीतून आर्थिक कल्याण कसे वाढवायचे?"
5558,715695,D2,Agriculture,13.5,देश ज्युट च्या शेतीचे आणि पर्यायांचे विकासासोबत प्रयोग करत आहे,देश ज्युटच्या शेतीचे आणि पर्यायांचे विकासासोबत प्रयोग करत आहे
5559,718931,D4,Agriculture,13.5,काटेरी करवंदाचा वापर रूग्णांकरिता रस बनवण्यासाठी केला जातो,काटेरी करवंदाचा वापर रुग्णांसाठी रस बनवण्यासाठी केला जातो.
5560,707290,D1,Agriculture,13.857,"अंडी , अळ्या , क्रिसालिस आणि प्रौढ हे चार फुलपाखराच्या जीवनाचे चार येगळे टप्पेआसत","अंडी, अळ्या, क्रिसालिस आणि प्रौढ हे चार फुलपाखराच्या जीवनाचे चार टप्पे आहेत."
5561,713442,D2,Agriculture,13.5,दक्षिण मेक्सिकोमा पहिली दाव मक्कीना दानाले धान्य समजाले लागनात,दक्षिण मेक्सिकोमध्ये पहिल्या दाव्याबद्दल मक्याच्या दाण्यांचे धान्य समजले लागले.
5562,722426,D4,Agriculture,13.5,नायट्रोजन मॅक्रोन्यूट्रिएंट म्हणून पहिल्या क्रमांकावर आहे,नायट्रोजन मॅक्रोन्यूट्रिएंट म्हणून पहिल्या क्रमांकावर आहे
5563,707604,D1,Banking,13.846,"तुका सांगतंय , प्रत्येक व्यवसायात , आर्थिक मॉडेलच्या आधारे आर्थिक रेषा आखली जाता","तू सांगत आहे, प्रत्येक व्यवसायात आर्थिक मॉडेलच्या आधारे आर्थिक रेषा आखल्या जातात."
5564,713809,D2,Agriculture,13.5,भारतना पुरा क्षेत्रपेकी अर्ध भाग पानी आणि वाटाना प्रदूषण मा शे,भारताचा पुरा क्षेत्रपेकी अर्धा भाग पाणी आणि वाटाना प्रदूषण आहे.
5565,719867,D4,Banking,13.5,"व्यक्ती , व्यवसाय संस्था आणि सरकारच्या कार्यासाठी वित्त आवश्यक आहे","व्यक्ती, व्यवसाय संस्था आणि सरकारच्या कार्यासाठी वित्त आवश्यक आहे."
5566,708555,D1,Banking,13.846,"सामान्य बाँड , महसूल बाँड आणि मूल्यांकन बाँड अशे बाँडचे साधारण प्रकार आसत","सामान्य बाँड, महसूल बाँड आणि मूल्यांकन बाँड असे बाँडचे साधारण प्रकार आहेत."
5567,718625,D2,Agriculture,13.5,मासे उत्पादनात भारताचा जगात तिसरा क्रमांक आहे,मासे उत्पादनात भारताचा जगात तिसरा क्रमांक आहे
5568,719174,D4,Agriculture,13.5,बांबूपासून कोळसेचे उत्पादन भारत आणि इतर देशांमध्ये केले जाते,बांबूपासून कोळसेचे उत्पादन भारत आणि इतर देशांमध्ये केले जाते
5569,709835,D1,Agriculture,13.833,कामकरी मधमाशी हीच मादी मधमाशी असता जी सर्व अंगान तयार झालेली असता,कामकरी मधमाशी हीच मादी मधमाशी असते जेव्हा सर्व अंगण तयार झालेले असतात.
5570,713930,D2,Banking,13.5,पेपाल हाई एक अमेरिका बहुराष्ट्रीय वित्तीय प्रौद्योगीक कंपनी शे,पेपाल एक अमेरिका बहुराष्ट्रीय वित्तीय प्रौद्योगीक कंपनी आहे
5571,719412,D4,Banking,13.5,अवमूल्यनाच्या समस्येवर मात करण्यासाठी काय केले पाहिजे ?,अवमूल्यनाच्या समस्येवर मात करण्यासाठी काय केले पाहिजे?
5572,707275,D1,Banking,13.833,प्रधानमंत्री सुरक्षा विमा योजना ह्या भारतातील सरकार समर्थित अपघात विमा योजना असा,प्रधानमंत्री सुरक्षा विमा योजना ही भारतातील सरकार समर्थित अपघात विमा योजना आहे.
5573,714109,D2,Banking,13.5,प्रदीप ले पिक विमा नुसार कापुस म्हा वीस हजार रूपया एक एकरना प्रमाणे भेटनात,प्रदीपने विमा नुसार माझे वीस हजार रुपये एक एकर प्रमाणे मिळाले.
5574,719386,D4,Banking,13.5,"मी अडीच वर्षांसाठी कर्ज घेतले , त्यावर मला वीस टक्के साधे व्याज द्यावे लागले","मी अडीच वर्षांसाठी कर्ज घेतले, त्यावर मला वीस टक्के साधे व्याज द्यावे लागले."
5575,708603,D1,Agriculture,13.833,"एक्सेलमदी ई.एम.आय मोजूच्यासाठी पी.ए.टी चो उपेग केलो जाता , ई.एम.आय चो नाय","एक्सेलमदी ई.एम.आय मोजूच्यासाठी पी.ए.टीचे उपयोग किती होतात, ई.एम.आय नाही."
5576,713406,D2,Banking,13.5,बॅकले धोका दिसन लुबाडनारा कर्मचारी लवकरच सापडी जास,बॅकले धोका दिसला तर लुबाडनारा कर्मचारी लवकरच सापडेल
5577,721527,D4,Agriculture,13.5,मृदा आरोग्य व्यवस्थापन हा टिकाऊ शेतीवरील राष्ट्रीय मिशन अंतर्गत विस्तारित घटक आहे,मृदा आरोग्य व्यवस्थापन हा टिकाऊ शेतीवरील राष्ट्रीय मिशन अंतर्गत विस्तारित घटक आहे
5578,706395,D1,Banking,13.8,आर्थिक भांडवल ज्याका आर्थिक भांडवल किंवा इक्विटी असा सुद्धा म्हणतत,आर्थिक भांडवल म्हणजे आर्थिक भांडवल किंवा इक्विटी असेही म्हटले जाते.
5579,714462,D2,Banking,13.5,रोजगारन्या नव्या संधीस्नी माहिती कोठे वाचले भेटतीन ?,रोजगाराच्या नवीन संधींची माहिती कोठे वाचली?
5580,718814,D4,Agriculture,13.5,पी.एम कृषी सिंचाई योजनेअंतर्गत उत्पादकतेला चालना देण्याचे काम केले जाते,पी.एम कृषी सिंचाई योजनेअंतर्गत उत्पादकतेला चालना देण्याचे काम केले जाते
5581,709857,D1,Agriculture,13.786,"कोईमतूर मेंढी ची जात ही कोईमतूर जिल्ह्यातच गावता , ही जात लोकरीसाठी पाळली जाता",कोईमतूर जिल्ह्यातील मेंढीची जातच कोरिसाठी पाळली जाते
5582,714772,D2,Banking,13.5,इंग्रज सरकारनी मीठवर चुकीनाकर लादेल व्हता म्हनीन गांधीजीस्नी सविनय कायदेभंग कर व्हत,इंग्रज सरकारनी मीठवर चुकीनाकर लादेल असे गांधीजींनी सविनय कायदेभंग करावे असे म्हटले आहे
5583,722280,D4,Banking,13.5,कर्जाची परतफेड करण्यासाठी कधीही सेवानिवृत्ती निधी वापरू नका,कर्जाची परतफेड करण्यासाठी कधीही सेवानिवृत्ती निधी वापरू नका
5584,706554,D1,Banking,13.769,"स्थिर भांडवल , खेळतो भांडवल आणि कर्ज घेतलेले भांडवल अश्या प्रकारचे भांडवल असतत","स्थिर भांडवल, खेळतो भांडवल आणि कर्ज घेतलेले भांडवल असे प्रकारचे भांडवल असते."
5585,717085,D2,Banking,13.5,माझ्या पे.टी.एमचे के.वाय.सी अजून झालेले नाही,माझ्या पी.टी.एमचे के.वाय.सी अजून झालेले नाही
5586,721347,D4,Banking,13.5,आंतरराष्ट्रीय वित्त महामंडळाचा व्यवसाय विशेषतः विकसनशील देशांमध्ये होतो,आंतरराष्ट्रीय वित्त महामंडळाचा व्यवसाय विशेषतः विकसनशील देशांमध्ये होतो
5587,710631,D1,Agriculture,13.769,कृषी संप्रेषक हे विज्ञान संप्रेषक असत जे उपयोजित विज्ञान आणि व्यवसायाशी संबंधीत असत,कृषी संप्रेषक हे विज्ञान संप्रेषक होते जे उपयोजित विज्ञान आणि व्यवसायाशी संबंधित होते
5588,713255,D2,Banking,13.5,कर आणि महसूलमुये सामाजिक सुरक्षा देता येस,कर आणि महसूलमुये सामाजिक सुरक्षा देऊ शकतात
5589,720028,D4,Agriculture,13.5,हात गोळा करणे हे एक मासेमारी तंत्र आहे,हात गोळा करणे हे एक मासेमारी तंत्र आहे
5590,709969,D1,Banking,13.722,"प्रधानमंत्री जन धन योजना , अटल पेन्शन योजना , प्रधानमंत्री वय वंदन योजना हे सगळे वित्तीय योजना असत","प्रधानमंत्री जन धन योजना, अटल पेन्शन योजना, प्रधानमंत्री वय वंदन योजना ही सर्व वित्तीय योजना होत्या."
5591,714466,D2,Agriculture,13.5,लिंबूनं पाणी दिनमा कितला दाव पीदं ते माणूस बारीक व्हस ?,"लिंबूनं पाणी दिवसा किती दाब पीत, तो माणूस बारीक आहे का?"
5592,722868,D4,Agriculture,13.5,चहाच्या पॅकेजिंगमुळे प्लास्टिकची मागणी वाढते,चहाच्या पॅकेजिंगमुळे प्लास्टिकची मागणी वाढते
5593,706389,D1,Banking,13.5,आंतरबँक कर्ज बाजार म्हनजे बँका येका विशिष्ट मुदतीसाठी एकमेकांनका निधी देतत,आंतरबँक कर्ज बाजार म्हणजे बँका विशिष्ट मुदतीसाठी एकमेकांना निधी देतात
5594,716089,D2,Agriculture,13.5,लगदा आणि कागद बनवणारी हाऊसटॉनिक मिल अमेरिकेमध्ये अठराशे सदुसष्ट मध्ये होती,लगदा आणि कागद बनवणारी हाऊसटॉनिक मिल अमेरिकेमध्ये अठराशे सदुसष्ट मध्ये होती
5595,719918,D4,Banking,13.5,तुम्हाला माहित आहे का की नोंदणीकृत शेअर्स फायदेशीर आहेत ?,तुम्हाला माहित आहे का की नोंदणीकृत शेअर्स फायदेशीर आहेत?
5596,707694,D1,Banking,13.5,नायतर टोल क्रमांकावर कॉल करून तुम्ही व्याजदर जाणून घेऊ शकतास,तुम्ही टोल क्रमांकावर कॉल करून व्याजदर जाणून घेऊ शकता.
5597,714085,D2,Agriculture,13.5,प्रमानन स्वतान्या मर्जीनुसार से प्रमाननी गुणवत्ता हाई हमी एजन्सी शे,प्रमाणन स्वतःच्या इच्छेनुसार प्रमाणित गुणवत्ता आणि हमी एजन्सी
5598,719813,D4,Agriculture,13.5,तुम्हाला माहित आहे का की मांस अन्न म्हणून खाल्ले जाते ?,तुम्हाला माहित आहे का की मांस अन्न म्हणून खाल्ले जाते?
5599,709632,D1,Agriculture,13.5,राष्ट्रीय कृषी विकास योजना केंद्र सरकारचो साठ टक्के वाटा असा,राष्ट्रीय कृषी विकास योजनेचा साठ टक्के वाटा केंद्र सरकारचा आहे
5600,715577,D2,Banking,13.5,"जलसाठा निश्चित रुपाने एक मालमत्ता , वस्तू किंवा पैसा आहे","जलसाठा निश्चित रूपात एक मालमत्ता, वस्तू किंवा पैसा आहे."
5601,720706,D4,Banking,13.5,बँक प्रत्येक व्यक्तीला इलेक्ट्रॉनिक क्लिअरिंग सिस्टम सुविधा प्रदान करते,बँक प्रत्येक व्यक्तीला इलेक्ट्रॉनिक क्लिअरिंग सिस्टम सुविधा प्रदान करते
5602,709344,D1,Banking,13.5,आर्थिक विकासातील वाढ देशातल्या नागरिकांच्या कमाईवर अवलंबून असता,आर्थिक विकासातील वाढ देशातील नागरिकांच्या कमाईवर अवलंबून असते.
5603,718249,D2,Banking,13.5,माझे खाते पाहून मी कर्ज मिळवण्यास पात्र आहे काय ?,माझे खाते पाहून मी कर्ज मिळवण्यास पात्र आहे का?
5604,719483,D4,Agriculture,13.5,कोलोकेशियाची पाने ही कमी कॅलरी असलेली हिरवी पालेभाजी आहे,कोलोकेशियाची पाने ही कमी कॅलरी असलेली हिरवी पालेभाजी आहे
5605,708269,D1,Banking,13.5,खात्यात पैशे भरुच्यासाठी तुमच्या खात्याचो तपशील दिवची गरज नसता,खात्यात पैसे भरण्यासाठी तुमच्या खात्याचा तपशीलची गरज नव्हती
5606,718170,D2,Banking,13.5,माझ्या खात्याचे सर्व डिटेल्स आपण मला सांगाल का ?,माझ्या खात्याचे सर्व डिटेल्स आपण मला सांगाल का?
5607,721437,D4,Banking,13.5,सूक्ष्म अर्थशास्त्रात कोणत्या प्रकारची मॉडेल्स वापरली जातात ?,सूक्ष्म अर्थशास्त्रात कोणत्या प्रकारच्या मॉडेल्स वापरल्या जातात?
5608,708895,D1,Banking,13.5,खास आर्थिक नियमांका जाणून घेऊन योग्य जागेर गुंतवणूक करा,खास आर्थिक नियमांका जाणून घेऊन योग्य ठिकाणी गुंतवणूक करा
5609,717920,D2,Agriculture,13.5,माझा शेतीमाल मी कंपनीला विकू शकतो का ?,माझा शेतीमाल मी कंपनीला विकू शकतो का?
5610,722112,D4,Agriculture,13.5,माझ्या काकांच्या गावात दरवर्षी सतत केळीची लागवड होते,माझ्या काकांच्या गावात दरवर्षी सतत केळीची लागवड होत असे.
5611,708200,D1,Agriculture,13.5,"ऊसापासून साखर , गूळ हेंच्यासारखी भरपूर उत्पादना बनवली जातत","ऊसापासून साखर, गूळ हेंच्यासारखी भरपूर उत्पादने बनवली जात आहेत"
5612,718253,D2,Banking,13.5,कर्ज मिळविण्यासाठी ऑनलाईन माहिती मिळू शकते का ?,कर्ज मिळविण्यासाठी ऑनलाईन माहिती मिळू शकते का?
5613,720711,D4,Banking,13.5,व्यवसायातील तरलता आवश्यकतेपेक्षा जास्त किंवा कमी असू नये,व्यवसायातील तरलता आवश्यकतेपेक्षा जास्त किंवा कमी असू नये
5614,709684,D1,Agriculture,13.5,शेतीच्या विम्याक शेतकऱ्यांका त्यांच्या पिकांसाठी अनुदान देतत,शेतीच्या विम्याबद्दल शेतकऱ्यांना त्यांच्या पिकांसाठी अनुदान दिले जात आहे
5615,714654,D2,Banking,13.5,क्रेडिट कार्ड मुये बँकमझारतीन पैसा काढीन त्या खिसामा ठेवताना जमाना गया,क्रेडिट कार्डने बँकेतून पैसे काढले आणि ते खिशात ठेवताना जमा झाले.
5616,719671,D4,Agriculture,13.5,आमच्या गावाच्या पुढे केळीच्या पानांपासून कपडे बनवले जातात,आमच्या गावाच्या पुढे केळीच्या पानांपासून कपडे बनवले जातात
5617,708097,D1,Agriculture,13.5,सरकारान ठरवून दिलेल्या कृषी बाजारभावावर शेतकरी आपलो माल विकतत,सरकारने ठरवून दिलेल्या कृषी बाजारभावावर शेतकरी आपले माल विकत आहेत
5618,717636,D2,Agriculture,13.5,"मिरचीवर मावा , तुडतुडे पडल्यास कोणती औषध फवारणी करावी ?",मिरचीवर मावा तुडतुडे पडल्यास कोणती औषध फवारणी करावी?
5619,721558,D4,Agriculture,13.5,मोती एक जीवंत खोलीदार मोल्स्क किंवा जनावरांच्या नरम ऊतकेच्या आत उत्पन्न होतो,मोती एक जिवंत कवच मोलस्क किंवा जनावरांच्या मऊ ऊतकेच्या आत उत्पन्न होतो
5620,709066,D1,Agriculture,13.5,कल्टीपॅकर मशीन दातांसारी सुरी असता तिना मातीची उकळ चांगली होता,कल्टीपॅकर मशीन दातांसारी सुरी असता तिना मातीची उकळ चांगली होती
5621,717960,D2,Banking,13.5,बचत खात्याच्या प्रक्रियेविषयी मला माहिती मिळू शकते का ?,बचत खात्याच्या प्रक्रियेविषयी मला माहिती मिळू शकते का?
5622,722144,D4,Banking,13.5,भारताचा शेवटचा रेल्वे अर्थसंकल्प सुरेश प्रभू यांनी संसदेत सादर केला होता,भारताचा शेवटचा रेल्वे अर्थसंकल्प सुरेश प्रभू यांनी संसदेत सादर केला होता
5623,708551,D1,Banking,13.5,सहा अंकी संख्या चेकच्या डाव्या बाजूच्या खालच्या कोपऱ्यात छापलली आसता,सहा अंकी संख्या चेकच्या डाव्या बाजूच्या खालच्या कोपऱ्यात छापली आहे.
5624,716102,D2,Agriculture,13.5,लाल ईडलिंबू रक्तातल्या लिपीडच्या स्तराला सकारात्मक स्वरूपात प्रभावित करते,लाल लिंबू रक्तातील लिपिड पातळीला सकारात्मक स्वरूपात प्रभावित करते
5625,721016,D4,Agriculture,13.5,पृथ्वीचा सुमारे सत्तर टक्के पृष्ठभाग पाण्याने व्यापलेला आहे,पृथ्वीचा सुमारे सत्तर टक्के पृष्ठभाग पाण्याने व्यापलेला आहे
5626,706985,D1,Banking,13.5,भांडवलाची किंमत कंपनीच्यो नवीन प्रकल्पांचो मूल्यांकन करुक वापरला जाता,कंपनीच्या नवीन प्रकल्पाचे मूल्यांकन भांडवलाच्या किमतीचा वापरले जाते.
5627,714076,D2,Agriculture,13.5,पानीमझारला झाडे गोड पाणिमा नैते खारापाणीमाबी सापडतस,पानीमझारला झाडे गोड पाणिमा नैते खारापाणीमाबी सापडत आहे
5628,722152,D4,Banking,13.5,मुलांनो बाजार प्रभाव अजुन कोणत्या नावाने ओढकले जाते हे माहित आहे ?,मुलांनो बाजार प्रभाव अजून कोणत्या नावाने ओढकले जाते हे तुम्हाला माहीत आहे?
5629,707227,D1,Banking,13.5,ग्राहकांन त्यांका जारी केलेल्यो धनादेशाची स्थिती जाणून घेऊक हवी,ग्राहकांकडून त्यांच्या जारी केलेल्या धनादेशाची स्थिती जाणून घ्यायची आहे.
5630,714864,D2,Banking,13.5,ऑनलाइन अर्ज करण्यापूर्वी चांगल्या प्रकारे वेबसाईट ची शहानिशा केली पाहिजे,ऑनलाइन अर्ज करण्यापूर्वी चांगल्या प्रकारे वेबसाईटची शहानिशा केली पाहिजे
5631,722875,D4,Agriculture,13.5,शेतकऱ्यांच्या हितासाठी एम.एस.पी सेवा वर्षानुवर्षे सुरू आहे,शेतकऱ्यांच्या हितासाठी एम.एस.पी सेवा वर्षानुवर्षे सुरू आहे
5632,708898,D1,Banking,13.5,पैसो योग्य जागी गुंतवल्यावर तुमच्या उत्पादन क्षमतेत विकास होतलो,पैसे योग्य जागी गुंतवल्यावर तुमच्या उत्पादन क्षमतेत विकास होत होता.
5633,714063,D2,Banking,13.5,चेकना चौकशीसाठे गिराईकले चेक पेमेंटना निर्णय लेता येस,"चेकची चौकशी केली, चेक पेमेंटचा निर्णय घेतला."
5634,718782,D4,Agriculture,13.5,कृषी आणि जीवशास्त्र डेटा विश्लेषण धोरण तयार करण्यास मदत करते,कृषी आणि जीवशास्त्र डेटा विश्लेषण धोरण तयार करण्यास मदत करते
5635,709423,D1,Banking,13.5,गैर लाभार्थिक खाता क्रमांक आणि आय.एफ.एस.सी कोडच्या माध्यमातना पैशे पाठव,गैरलाभार्थिक खाते क्रमांक आणि आय.एफ.एस.सी कोडच्या माध्यमातून पैसे पाठवा
5636,716767,D2,Agriculture,13.5,बारामाही पिकांना कीड लागल्यामुळे खुप नुकसान होते,बारामाही पिकांना कीड लागल्यामुळे खूप नुकसान होते
5637,721405,D4,Banking,13.5,व्यवसायासाठी तुम्ही कोणत्याही बँकेकडून फायनान्सची मदत घेऊ शकता,व्यवसायासाठी तुम्ही कोणत्याही बँकेकडून फायनान्सची मदत घेऊ शकता
5638,707685,D1,Agriculture,13.5,नदीच्य आणि तिच्या पूर मैदानाक हायपोरिक झोन म्हणतत,नदीचे आणि तिच्या पूर मैदान हायपोरिक झोन म्हणत आहे
5639,716298,D2,Agriculture,13.5,हाऊल टॉपर झाडाच्या वरच्या भागाला कापून टाकतो आणि ट्रॉलीमध्ये भरतो,हाऊल टॉपर झाडाच्या वरच्या भागाला कापून टाकतो आणि ट्रॉलीमध्ये भरतो
5640,721095,D4,Banking,13.5,राष्ट्रीय पेन्शन प्रणालीमुळे आम्हाला कोणताही कर भरावा लागत नाही,राष्ट्रीय पेन्शन प्रणालीमुळे आम्हाला कोणताही कर भरावा लागत नाही
5641,709901,D1,Banking,13.5,झिला संपूर्ण ग्रामीण रोजगार योजनेची सुरुवात सन दोन हजार तीन मध्ये झाली हुती,जिल्हा संपूर्ण ग्रामीण रोजगार योजनेची सुरुवात सन दोन हजार तीन मध्ये झाली.
5642,715330,D2,Banking,13.5,इंटरनेट बँक धोकेबाजी मध्ये बऱ्याच वेळा लोकांचे पैसे जमा करून घेतले जातात,इंटरनेट बँकेत धोकेबाजीमध्ये बऱ्याच वेळा लोकांचे पैसे जमा करून घेतले जातात
5643,718744,D4,Banking,13.5,तुम्हाला माहिती आहे का की सरकार कराचे नियमन आणि नियंत्रण करते,तुम्हाला माहिती आहे का की सरकारचे नियमन आणि नियंत्रण करते
5644,708460,D1,Agriculture,13.5,माशे पकडूच्यासाठी माशाचा जाळां होया,मासे पकडण्यासाठी जाळ्या लागतात.
5645,714159,D2,Agriculture,13.5,हरितगृहमा हिरवा कापडना वापर हंगाम आणि बिगर हंगाममा पिके लेवासाठे करतस,हरितगृहात हिरव्या कापडाचा वापर हंगाम आणि बिगर हंगाममध्ये पिके लावण्यासाठी केले जाते.
5646,721078,D4,Banking,13.5,म्युच्युअल सेव्हिंग बँक ही मुळात कमी उत्पन्न असलेल्या व्यक्तीं साठी आहे,म्युच्युअल सेव्हिंग बँक ही मुळात कमी उत्पन्न असलेल्या व्यक्तींसाठी आहे
5647,710746,D1,Banking,13.5,तुका माहित हा अनेक वित्तीय संस्थांत सिंडीकेटेड कर्जा पसरलेली असत,तुम्हाला माहीत आहे की अनेक वित्तीय संस्थांमध्ये सिंडीकेटेड कर्जे पसरलेली असत.
5648,712892,D2,Agriculture,13.5,मेंढी पालनमा जास्तीन्या मेंढ्या नकोत,मेंढी पालन करताना जास्त मेंढ्या नकोत
5649,722402,D4,Agriculture,13.5,टोकदार लौकी भारताच्या वायव्य भागात जास्त प्रमाणात आढळते,टोकदार लौकी भारताच्या वायव्य भागात जास्त प्रमाणात आढळते
5650,709657,D1,Banking,13.5,वित्तीय जोखिम प्रबंधनातना आपण हानी होण्यापासना वाचू शकताव,वित्तीय जोखिम प्रबंधनातून आपण हानी होण्यापासून वाचू शकतो
5651,717612,D2,Agriculture,13.5,कमी पाण्यात जास्त उत्त्पन्न देणारे पीक कोणते ?,कमी पाण्यात जास्त उत्पन्न देणारे पीक कोणते?
5652,721211,D4,Banking,13.5,सरकारी अर्थसंकल्प नियोजकांनी यापूर्वीच कोट्यवधी कर्जांची गणना केली आहे,सरकारी अर्थसंकल्प नियोजकांनी यापूर्वीच कोट्यवधी कर्जांची गणना केली आहे
5653,710670,D1,Banking,13.5,गुंतवणूक बँक आपल्या ग्राहकांच्या वतीन सिक्युरिटीज खरेदी आणि विक्री करता,गुंतवणूक बँक आपल्या ग्राहकांच्या वतीने सिक्युरिटीज खरेदी आणि विक्री करते
5654,717617,D2,Agriculture,13.5,कोणत्या पिकासाठी काळी माती चांगली आहे ?,कोणत्या पिकासाठी काळी माती चांगली आहे?
5655,721890,D4,Banking,13.5,अर्थ व्यवस्थेच्या सुरळीत चालण्यासाठी बँका खूप महत्वाच्या आहेत,अर्थ व्यवस्थेच्या सुरळीत चालण्यासाठी बँका खूप महत्त्वाच्या आहेत
5656,711189,D1,Agriculture,13.5,हया वर्सात खइच्या पिकाक जास्त दर किंवा मागणी आसा ?,या काळात पिकांच्या दरात किंवा मागणीत जास्त फरक आहे का?
5657,717509,D2,Agriculture,13.5,माझ्या मालाचा भाव मी स्वत: ठरवू शकते का ?,माझ्या मालाचा भाव मी स्वतः ठरवू शकते का?
5658,721128,D4,Banking,13.5,असे बरेच मार्ग आहेत ज्याद्वारे आपण आपल्या वैयक्तिक कर्जाचे तपशील पाहू शकता,असे बरेच मार्ग आहेत ज्याद्वारे आपण आपल्या वैयक्तिक कर्जाचे तपशील पाहू शकता
5659,712346,D1,Banking,13.5,आर्थिक सेवेचो लाभ घेवच्यासाठी अर्जाक कसले कागदपत्र लागतत ?,आर्थिक सेवेचा लाभ घेण्यासाठी अर्जाला कोणते कागदपत्रे लागतात?
5660,718319,D2,Banking,13.5,सप्टेंबर ते ऑक्टोबर या कालावधीतील माझे खाते विवरण कळू शकेल का ?,सप्टेंबर ते ऑक्टोबर या कालावधीतील माझे खाते विवरण कळू शकेल का?
5661,722495,D4,Agriculture,13.5,मोवर कंडिशनरचा वापर खूप मोठ्या प्रमाणात गवत कापण्यासाठी केला जातो,मोवर कंडिशनरचा वापर खूप मोठ्या प्रमाणात गवत कापण्यासाठी केला जातो
5662,711289,D1,Agriculture,13.5,खयचो प्राणी पाळलो तर माका जास्त फायदो होतोलो ?,खरे प्राणी पाळले तर मला जास्त फायदा होतो का?
5663,717771,D2,Agriculture,13.5,बाजरी हे पीक कोणत्या हंगामात चांगल्या प्रकारे येऊ शकते ?,बाजरी हे पीक कोणत्या हंगामात चांगल्या प्रकारे येऊ शकते?
5664,718884,D4,Banking,13.5,डब्ल्यू.टी.ओ वास्तविक व्यापाराचे सुरळीत कार्य सुनिश्चित करते,डब्ल्यू.टी.ओ वास्तविक व्यापाराचे सुरळीत कार्य सुनिश्चित करते
5665,711600,D1,Agriculture,13.5,भाताच्या पिकासाठी मातीची तयारी कशी करतत ?,भाताच्या पिकासाठी मातीची तयारी कशी केली जाते?
5666,718647,D2,Banking,13.5,यू.पी.आय ॲप चा वापर मोबाईलबिल आणि दुसरी विविध बिले भरण्यासाठी करू शकतो का ?,यू.पी.आय ॲपचा वापर मोबाईल बिल आणि इतर विविध बिले भरण्यासाठी करू शकतो का?
5667,718840,D4,Agriculture,13.5,गाईचे वासरू जन्माला आल्यानंतर दोन आठवड्यांनीच बाजारात विकले जाते,गाईचे वासरू जन्माला आल्यानंतर दोन आठवड्यांनीच बाजारात विकले जाते
5668,711230,D1,Agriculture,13.5,अम्याचा जास्त उत्पन्न होवचासाठी कसला खत वापरू ?,माझे जास्त उत्पन्न होण्यासाठी कोणते खत वापरावे?
5669,715270,D2,Banking,13.5,अमेरिकेमध्ये आयकर दर इतर अनेक देशांपेक्षा जास्त आहे,अमेरिकेमध्ये आयकर दर इतर अनेक देशांपेक्षा जास्त आहे
5670,719350,D4,Banking,13.5,विश्लेषक आणि बाजार द्वारा वापसीची निश्चित जोखीम मोफत दर मानले जाते,विश्लेषक आणि बाजार द्वारा वापसीची निश्चित जोखीम मोफत दर मानले जाते
5671,711293,D1,Agriculture,13.5,खयल्या हंगामातली शेती जास्त फायद्याची ठरता ?,खयल्या हंगामातील शेती जास्त फायद्याची ठरते का?
5672,716123,D2,Agriculture,13.5,वालाच्या शेंगा युरोप मधील मुख्य बीन्स मानल्या जातात,वालाच्या शेंगा युरोपमधील मुख्य शेंगा मानल्या जातात
5673,721702,D4,Banking,13.5,"वचन देणारी एखादी व्यक्ती किंवा कंपनी जामीन , गॅरेंटर म्हणून देखील ओळखली जाते",वचन देणारी एखादी व्यक्ती किंवा कंपनी जामीन म्हणून देखील ओळखली जाते
5674,707437,D1,Banking,13.5,काही परिस्थितीत स्वता सावकार स्वताकच दिवाळखोर करून घेउची प्रक्रिया सुरू करतंत,काही परिस्थितीत स्वता सावकार स्वतःच दिवाळखोर करून घेण्याची प्रक्रिया सुरू करत.
5675,713584,D2,Banking,13.5,पैसास्ना ऑनलाईन येव्हार कराना टाईमले काही आडचनी भी येतीस,पैसे ऑनलाईन व्यवहार करायला वेळला काही अडचणीही येतात
5676,721731,D4,Banking,13.5,डायरेक्ट डेबिट म्हणजे ग्राहकाच्या खात्यातून इलेक्ट्रॉनिक पैसे काढणे,डायरेक्ट डेबिट म्हणजे ग्राहकाच्या खात्यातून इलेक्ट्रॉनिक पैसे काढणे
5677,709189,D1,Agriculture,13.5,बंगाल टायगर भारताचो राष्ट्रीय जानवर असा पण सध्या तेंच्या संख्येत मोप घट झाली हा,"बंगाल टायगर भारताचा राष्ट्रीय प्राणी आहे, पण सध्या त्यांच्या संख्येत घट झाली आहे."
5678,713295,D2,Banking,13.5,अटल योजनानी सुरुवात देशमा प्रधानमंत्रीनी एक जून दोन हजार पंधराले सुरु करी व्हती,अटल योजनेची सुरुवात पंतप्रधान यांनी १ जून २०१५ रोजी केली.
5679,720518,D4,Agriculture,13.5,प्रधानमंत्री किसान सन्मान निधी योजना शेतकऱ्यांना आर्थिक मदत पुरवते,प्रधानमंत्री किसान सन्मान निधी योजना शेतकऱ्यांना आर्थिक मदत पुरवते
5680,710981,D1,Banking,13.5,रिफ्लेक्शन हि एक प्रक्रिया असा ज्यात अर्थव्यवस्थेक गती देवसाठी काम केला जाता,रिफ्लेक्शन ही एक प्रक्रिया आहे ज्यात अर्थव्यवस्थेची गती देवासाठी काम केली जाते.
5681,718169,D2,Banking,13.5,कर्जदाराचा मृत्यू झाल्यास कर्जाच्या रकमेची परतफेड कशी करता येते ?,कर्जदाराचा मृत्यू झाल्यास कर्जाच्या रकमेची परतफेड कशी करता येते?
5682,719187,D4,Agriculture,13.5,कापसाचे बिया हे मालवेसी कुटुंबातील वनस्पतीचे फळ आहे,कापसाचे बिया हे मालवेसी कुटुंबातील वनस्पतीचे फळ आहे
5683,712283,D1,Banking,13.5,कर्जाक पात्र होवच्यासाठी कितक्या क्रेडिट स्कोअर असणा गरजेचा आसा ?,कर्जासाठी पात्र होण्यासाठी किती क्रेडिट स्कोअर असणे गरजेचे आहे का?
5684,718008,D2,Banking,13.5,जून महिन्यात माझ्या खात्यावर कितीदा रक्कम जमा केली गेली ?,जून महिन्यात माझ्या खात्यावर किती रक्कम जमा झाली?
5685,719404,D4,Banking,13.5,देशांमधील आयात आणि निर्यात केलेल्या वस्तूंच्या किमती कशा ठरवल्या जातात ?,देशांमधील आयात आणि निर्यात केलेल्या वस्तूंच्या किमती कशा ठरवल्या जातात?
5686,709670,D1,Banking,13.5,"व्यक्ती , कंपनी किंवा बॅन्क आपल्या सरप्लस मुल्याक गुंतवणुकीत लावतत","व्यक्ती, कंपनी किंवा बँक आपल्या सरप्लस मूल्याची गुंतवणूक करत आहेत"
5687,712732,D2,Agriculture,13.5,तार बनाडणारा माणूस मांजरना आतडाना वापर नयी करस,तार बनवणारा माणूस मांजरच्या आतडाना वापरतो नवीन.
5688,722043,D4,Banking,13.5,"अनेक चलन बाजाराची साधने म्हणजे ट्रेझरी बिले , कमर्शियल पेपर आणि बँकर्सची स्वीकृती","अनेक चलन बाजाराची साधने म्हणजे ट्रेझरी बिले, कमर्शियल पेपर आणि बँकर्सची स्वीकृती"
5689,710747,D1,Agriculture,13.5,तुका माहित हा आजकाल समुद्री शेतीत कृत्रिम खडकांचो वापर केलो जाता,आजकाल समुद्री शेतीत कृत्रिम खडकांचा वापर केला जातो.
5690,716931,D2,Agriculture,13.5,कन्व्हेयर बेल्टने शेतकरी मालाची उतारावरून सरळ रेषेत वाहतूक करतो,कन्व्हेयर बेल्टने शेतकऱ्याच्या मालाची उतारावरून सरळ रेषेत वाहतूक करते
5691,718715,D4,Banking,13.5,अटल पेन्शन योजना लोक कमावत नसताना त्यांना मासिक उत्पन्न देते,अटल पेन्शन योजना लोक कमावत नसताना त्यांना मासिक उत्पन्न देते
5692,710515,D1,Banking,13.5,अमेरिकेत पगार ह्यो कर्मचारी सवलतींसह फेडरल राज्य आणि स्थानिक नियमांच्या अधीन असा,अमेरिकेत पगार कर्मचाऱ्यांसाठी सवलतींसह फेडरल राज्य आणि स्थानिक नियमांच्या अधीन आहे.
5693,712663,D2,Agriculture,13.5,"दोन हजार एकोणाविस आणि वीसमझार , भारतनं दूधनं उत्पादन चारशे सहा ग्रॅम व्हतं","दोन हजार एकोणाविस आणि वीसमझार, भारताने दुधाचे उत्पादन चारशे सहा ग्रॅम होते."
5694,720868,D4,Agriculture,13.5,"मैदा बनवण्याच्या प्रक्रियेत , ते जीवनसत्त्वे आणि खनिजांसारखे सर्व पोषक गमावते",मैदा बनवण्याच्या प्रक्रियेत ते जीवनसत्त्वे आणि खनिजांसारखे सर्व पोषक गमावते
5695,706696,D1,Banking,13.5,राष्ट्रीय विमो ह्या युनायटेड किंगडममधलो कल्याणकारी राज्याचो एक मूलभूत घटक असा,राष्ट्रीय विमो हे युनायटेड किंगडममधील कल्याणकारी राज्यांचा एक मूलभूत घटक आहे.
5696,715210,D2,Banking,13.5,समग्र अर्थशास्त्रात आंतरराष्ट्रीय व्यापारसुद्धा समाविष्ट आहे,समग्र अर्थशास्त्रात आंतरराष्ट्रीय व्यापारसुद्धा समाविष्ट आहे
5697,720367,D4,Banking,13.5,आर्थिक सुधारणांमुळे आपल्या देशातील बर्याच कंपन्यांना आता फायदा होत आहे,आर्थिक सुधारणांमुळे आपल्या देशातील बऱ्याच कंपन्यांना आता फायदा होत आहे
5698,709183,D1,Agriculture,13.5,वास्तवात शेतीची जमीन पशुपालन आणि पीक दोघांसाठी वापरतत,वास्तविकदृष्ट्या शेतीची जमीन पशुपालन आणि पीक दोघांसाठी वापरते
5699,715561,D2,Agriculture,13.5,जगभरात जास्तकरून युरोप मधले शेतकरी फर उत्पादनाचं काम करतात,जगभरात युरोपमधील शेतकरी फर उत्पादनाचे काम करतात.
5700,722564,D4,Agriculture,13.5,जास्त कापणी केल्याने अनुवांशिक विविधता नष्ट होते,जास्त कापणी केल्याने अनुवांशिक विविधता नष्ट होते
5701,706827,D1,Banking,13.5,शैक्षणिक संशोधनाची दीर्घ परंपरा वांशिक उद्योजकांचो अनुभव आणि धोरणे शोधता,शैक्षणिक संशोधनाची दीर्घ परंपरा वांशिक उद्योजकांचे अनुभव आणि धोरणे शोधणे
5702,714883,D2,Agriculture,13.5,कापड उद्योगात वापरल्या जाणाऱ्या तंतूपासून कागद तयार केला जातो,कापड उद्योगात वापरल्या जाणाऱ्या तंतूपासून कागद तयार केला जातो
5703,722209,D4,Agriculture,13.5,आजकाल शेतीमध्ये रासायनिक खतांऐवजी हिरव्या खताचा वापर केला जात आहे,आजकाल शेतीमध्ये रासायनिक खताऐवजी हिरव्या खताचा वापर केला जात आहे
5704,709935,D1,Agriculture,13.5,नवीन तंत्रज्ञानासोबत परंपरागत प्रथा बदलन्यान पर्यावरणात स्थिरता येता,नवीन तंत्रज्ञानासोबत परंपरागत प्रथा बदलल्याने पर्यावरणात स्थिरता येते.
5705,716145,D2,Banking,13.5,"वैयक्तिक संपत्ती च नुकसान , घरावर होणाऱ्या दुर्घटनेंसाठी दायित्व विमा आहे",वैयक्तिक संपत्तीचे नुकसान आणि घरावर होणाऱ्या दुर्घटनेसाठी दायित्व विमा आहे
5706,721973,D4,Agriculture,13.5,मेकॅनिकल ट्री शेकर हे एक साधन आहे जे पिके काढण्यासाठी वापरले जाते,मेकॅनिकल ट्री शेकर हे एक साधन आहे जे पिके काढण्यासाठी वापरले जाते
5707,706902,D1,Banking,13.5,डे ट्रेडर्स साधारणपणान मार्जिन लोन सारखा लीव्हरेजचो वापर करतत,डे ट्रेडर्स साधारणपणे मार्जिन लोन सारखा लीव्हरेज वापरत आहेत
5708,715135,D2,Banking,13.5,मासिक हप्ता भरण्याने पैशांचा भार हलका होतो,मासिक हप्ता भरण्याने पैशांचा भार हलका होतो
5709,719627,D4,Banking,13.5,एम.आई.आर.आर अपेक्षित परतावा जास्त असल्यास गुंतवणूक करावी,एम.आई.आर.आर अपेक्षित परतावा जास्त असल्यास गुंतवणूक करावी
5710,710449,D1,Agriculture,13.5,शेगलाच्या झाडाक जास्त प्रमाणात पाण्याची आवश्यकता नसता,शेगलाच्या झाडांना जास्त प्रमाणात पाण्याची आवश्यकता नव्हती
5711,715746,D2,Agriculture,13.5,पिक कापणी ची देखभाल योग्य नसेल तर उंदीर किडे यांच्यामुळे पिकाला नुकसान होऊ शकत,पिकाच्या कापणीची देखभाल योग्य नसेल तर उंदीर किडे यांच्यामुळे पिकाला नुकसान होऊ शकते.
5712,720810,D4,Agriculture,13.5,कृषी अवजारे जॉन डियर प्रिसिजन एजी आणि त्यात अद्वितीय तंत्रज्ञान सोल्यूशन्स आहेत,कृषी अवजारे जॉन डियर प्रिसिजन एजी आणि त्यात अद्वितीय तंत्रज्ञान सोल्यूशन्स आहेत
5713,706515,D1,Banking,13.5,विकसनशील देशाच्या सरकाराचे लय ऐतिहासिक प्रसंग ईले असत,विकसनशील देशांच्या सरकारांचे स्वरूप ऐतिहासिक प्रसंग होते.
5714,718578,D2,Banking,13.5,माझे ए.टी.एम कार्ड हरविल्यास ते मला ब्लॉक कसे करता येईल ?,माझे ए.टी.एम कार्ड हरविल्यास ते मला ब्लॉक कसे करता येईल?
5715,720406,D4,Banking,13.5,फाउंडेशन अनुदानाद्वारे इतर सेवाभावी संस्थांना निधी आणि समर्थन प्रदान करते,फाउंडेशन अनुदानाद्वारे इतर सेवाभावी संस्थांना निधी आणि समर्थन प्रदान करते
5716,708813,D1,Agriculture,13.5,हवामान पुर्वानुमानात दुसरी पद्धत उपग्रह तंत्रज्ञानाची हा,हवामानाबाबत पूर्वीची दुसरी पद्धत उपग्रह तंत्रज्ञानाची आहे.
5717,714897,D2,Agriculture,13.5,कृषि रोबोट चा उपयोग पिकांची देखरेख ठेवण्यासाठी केला जातो,कृषी रोबोटचा उपयोग पिकांची देखरेख ठेवण्यासाठी केला जातो
5718,719207,D4,Agriculture,13.5,सागरी मत्स्य शेतीच्या इतर गटाचा भारतीय सीफूडच्या उत्पन्नात सर्वाधिक वाटा आहे,सागरी मत्स्य शेतीच्या इतर गटाचा भारतीय सीफूडच्या उत्पन्नात सर्वाधिक वाटा आहे
5719,706405,D1,Banking,13.5,"एन.इ.एफ.टी सोबत , तुम्ही प्राप्तकर्त्याच्यो खात्यात कोणतापण रक्कम हस्तांतरित करू शकता",एन.इ.एफ.टी सोबत तुम्ही प्राप्तकर्त्याच्या खात्यात कोणतीही रक्कम हस्तांतरित करू शकता
5720,716317,D2,Banking,13.5,हॉस्पिटल मध्ये भर्ती होण्याच्या जवळपास सगळ्याच खर्चांना कव्हर करते,हॉस्पिटलमध्ये दाखल होण्याच्या जवळपास सर्व खर्चांना कव्हर करते
5721,721466,D4,Banking,13.5,बरेच लोक सामाजिक सुरक्षा योगदान कर स्वीकारण्यास नकार देतात,बरेच लोक सामाजिक सुरक्षा योगदान स्वीकारण्यास नकार देतात
5722,709031,D1,Banking,13.5,असा बोलतत की ऑफशोअर बॅन्कांतल्यानी जगाचा सव्वीस टक्के धन जमा केला हा,असे बोलले जाते की ऑफशोअर बँकांमध्ये जगाचे वीस टक्के धन जमा केले आहे
5723,716936,D2,Agriculture,13.5,रस्त्यांवर तणांचा प्रादुर्भाव जास्त आढळतो,रस्त्यांवर तणावाचा प्रादुर्भाव जास्त आढळतो
5724,719043,D4,Agriculture,13.5,आफ्रिका आणि युरोपमधील दुग्ध व्यवसाय हा निओलिथिक काळापासूनचा आहे,आफ्रिका आणि युरोपमधील दुग्ध व्यवसाय हा निओलिथिक काळापासूनचा आहे
5725,709724,D1,Agriculture,13.5,स्थानिक उपभोगासाठी अन्न पिकवणा ह्या उष्णकटिबंधीय शेतीचो भाग असा,स्थानिक उपभोगासाठी अन्न पिकवणे हे उष्णकटिबंधीय शेतीचे क्षेत्र आहे
5726,716375,D2,Agriculture,13.5,अंकुर फुटल्यावरच नवीन वनस्पती तयार होण्यास सुरूवात होते,अंकुर फुटल्यावरच नवीन वनस्पती तयार होण्यास सुरुवात होते
5727,722599,D4,Banking,13.5,स्टॉक मार्केटमधील स्टॉकमधील परतावा नफा निव्वळ वर्तमान मूल्यावर अवलंबून असतो,स्टॉक मार्केटमधील परतावा नफा निव्वळ वर्तमान मूल्यावर अवलंबून असतो
5728,711106,D1,Agriculture,13.5,हळदीक तिच्या सोनेरी पिवळसर रंगामुळे तिका सॉलिड गोल्डच्या नावान ओळखला जाता,हळदीचे सोनेरी पिवळसर रंगामुळे त्याला सॉलिड गोल्डच्या नावाने ओळखले जाते
5729,716442,D2,Banking,13.5,सामाजिक उद्योजकता व्यक्तीच्या क्षमतेवर लक्ष केंद्रित करते,सामाजिक उद्योजकता व्यक्तीच्या क्षमतेवर लक्ष केंद्रित करते
5730,719550,D4,Agriculture,13.5,पशुसंवर्धन आणि मत्स्य पालनासाठी के.सी.सी साठी अर्ज करणे खूप सोपे आहे,पशुसंवर्धन आणि मत्स्य पालनासाठी के.सी.सी साठी अर्ज करणे खूप सोपे आहे
5731,708179,D1,Agriculture,13.5,आमच्या घरी उन्हाळयात आमी रोज कलिंगडा हाडतंव,आमच्या घरी उन्हाळ्यात मी रोज कलिंगडा हाडतो.
5732,714444,D2,Banking,13.5,म्युच्युअल फंडमा जर पैसा गुताडात ते बुडानी शक्यता नै हाई खरं शेका ?,म्युच्युअल फंडमध्ये जर पैसा बुडण्याची शक्यता आहे का?
5733,719097,D4,Banking,13.5,एखादा व्यवसाय क्रेडिट खात्यावर त्याचे शेअर्स विकून देखील पैसे गोळा करू शकतो,एखादा व्यवसाय क्रेडिट खात्यावर त्याचे शेअर्स विकून देखील पैसे गोळा करू शकतो.
5734,710259,D1,Agriculture,13.5,डेअरी उद्योजकता विकास योजनेतना तुमका वीस लाखांपर्यंत मदत मिळु शकता,डेअरी उद्योजकता विकास योजनेअंतर्गत तुम्हाला वीस लाखांपर्यंत मदत मिळू शकते.
5735,715276,D2,Banking,13.5,अल्फा जोखिम व्यवस्थापनात जास्त रिटर्न चा एक उपाय आहे,अल्फा जोखिम व्यवस्थापनात जास्त रिटर्नचा एक उपाय आहे
5736,722366,D4,Banking,13.5,ऑफशोअर बँकांमध्ये अघोषित पैसा दडवण्याच्या शक्यतेमुळे स्विस बँक चर्चेत होती,ऑफशोअर बँकांमध्ये अघोषित पैसा लपवण्याच्या शक्यतेमुळे स्विस बँक चर्चेत होती
5737,708231,D1,Agriculture,13.5,काकडी हयो जास्ती प्रमाणात केलो जाणारो पसरणारो वेल आसा,काकडी जास्त प्रमाणात किलो जाणार आणि पसरणार आहे असे आहे.
5738,716820,D2,Banking,13.5,इक्विटी शेअर कॅपिटल प्रेफरन्स शेअर्स इत्यादी सारख्या वित्ताचे अनेक स्रोत आहेत,इक्विटी शेअर कॅपिटल प्रेफरन्स शेअर्स इत्यादी सारख्या वित्ताचे अनेक स्रोत आहेत.
5739,720270,D4,Banking,13.5,"भारतात , बँक परीक्षेची तयारी अनेक कोचिंग संस्थांमध्ये आयोजित केली जाते",भारतात बँक परीक्षेची तयारी अनेक कोचिंग संस्थांमध्ये आयोजित केली जाते
5740,706674,D1,Banking,13.5,"चलन विनिमय , जेथे ग्राहक विदेशी चलनाच्यो नोटा खरेदी आणि विक्री करू शकतत","चलन विनिमय, जिथे ग्राहक विदेशी चलनाची नोटा खरेदी आणि विक्री करू शकतात."
5741,715536,D2,Agriculture,13.5,चांगल्या प्रतीच्या चहाची किंमत जास्त असते,चांगल्या प्रतीच्या चहाची किंमत जास्त असते
5742,719307,D4,Banking,13.5,प्रधानमंत्री जन धन योजनेंतर्गत एक लाखाच्या अपघात विमा कवचाची सुविधा दिली जाते,प्रधानमंत्री जन धन योजनेअंतर्गत एक लाखाच्या अपघाताच्या विमा कव्हचाची सुविधा दिली जाते
5743,709261,D1,Banking,13.5,वित्तीय व्यापाराचो वित्तपोषण करान ह्या देवाण घेवाणीक सोप्पा करता येता,वित्तीय व्यापाराचे वित्तपोषण करणे हे देवाणघेवाणीचे सोपे करते
5744,717102,D2,Banking,13.5,लॉकडाऊनमुळे शेअर बाजारात किरकोळ गुंतवणूकदारांच्या संख्यात वाढ बघण्यात अली,लॉकडाऊनमुळे शेअर बाजारात किरकोळ गुंतवणूकदारांच्या संख्यात वाढ अलीकडे दिसून आली.
5745,719385,D4,Banking,13.5,सामाजिक उद्योजकतेतून समाजाचा विकास होणे अपेक्षित आहे,सामाजिक उद्योजकतेतून समाजाचा विकास होणे अपेक्षित आहे
5746,706701,D1,Banking,13.5,आर्थिक गुन्ह्यामध्ये अतिरिक्त गुन्हेगारी कृत्यांचो समावेश असू शकता,आर्थिक गुन्ह्यांमध्ये अतिरिक्त गुन्हेगारी कृत्ये समाविष्ट असू शकतात.
5747,716883,D2,Agriculture,13.5,विळा धान्य पिके किंवा रसदार चारा कापण्यासाठी वापरला जातो,विळा धान्य पिके किंवा रसदार चारा कापण्यासाठी वापरला जातो
5748,719749,D4,Agriculture,13.5,रेन वॉटर हार्वेस्टिंग म्हणजे पावसाच्या पाण्याचे संकलन आणि साठवण आहे,रेन वॉटर हार्वेस्टिंग म्हणजे पावसाच्या पाण्याचे संकलन आणि साठवण आहे
5749,706754,D1,Banking,13.5,किरकोळ गुंतवणूकदारांक शेअर मालकीचा दोन श्रेणींत विभागला जाऊ शकता,किरकोळ गुंतवणूकदारांच्या शेअर मालकीचे दोन श्रेणींमध्ये विभाजन केले जाऊ शकते.
5750,716897,D2,Banking,13.5,मुलभूत बँकिंग मानकांसाठी युरोपियन समितीने दत्तक घेतले,मूलभूत बँकिंग मानकांसाठी युरोपियन समितीने दत्तक घेतले
5751,720616,D4,Agriculture,13.5,अंतराळात एरोपोनिक्स चा प्रकार एकोणिसाठ च्या दशकात पहिल्यांदा केला गेला,अंतराळात एरोपोनिक्सचा प्रकार एकोणिसाठच्या दशकात पहिल्यांदा केला गेला.
5752,706390,D1,Banking,13.5,आंतरराष्ट्रीय नाणेनिधी दोन प्रमुख स्त्रोतांकडसून येता कोटा आणि कर्जा,आंतरराष्ट्रीय नाणेनिधी दोन प्रमुख स्त्रोतांकडून कोटा आणि कर्जातून येते
5753,716864,D2,Agriculture,13.5,मातीशिवाय पिके घेण्यास एरोपोनिक्स म्हणतात,मातीशिवाय पिके घेण्यास एरोपोनिक्स म्हणतात
5754,721545,D4,Agriculture,13.5,पिके एकतर कापणी केलेले भाग किंवा अधिक शुद्ध अवस्थेतील पीक यांचा संदर्भ घेऊ शकतात,पिके एकतर कापणी केलेले भाग किंवा अधिक शुद्ध अवस्थेतील पीक यांचा संदर्भ घेऊ शकतात
5755,707697,D1,Banking,13.5,निश्चित भांडवलाशी संबंधित थोड्या जोखमींबद्दल माका जरा सांग,निश्चित भांडवलाशी संबंधित थोड्या जोखमींबद्दल मला जरा सांग.
5756,713034,D2,Banking,13.5,इंटरनेट ना वापर करीसन बी आपल्याले माल विकता येस,इंटरनेट वापरल्यास आपले माल विकता येतील.
5757,721639,D4,Banking,13.5,या कायद्यांतर्गत एक तृतीयांश नोकऱ्यांची हमी महिलांना देण्यात आली आहे,या कायद्यांतर्गत एक तृतीयांश नोकऱ्यांची हमी महिलांना देण्यात आली आहे
5758,708355,D1,Banking,13.5,पंतप्रधान नरेंद्र मोदी साहेब आर्थिक विकासाचो घोष करतत,पंतप्रधान नरेंद्र मोदी साहेब आर्थिक विकासाचे घोष करत आहेत
5759,715950,D2,Banking,13.5,मला एन.पी.एस ट्रस्टच्या वेबसाईटवर सगळ्या पी.ओ.पी ची माहिती मिळून जाईल,मला एन.पी.एस ट्रस्टच्या वेबसाइटवर सर्व पी.ओ.पी ची माहिती मिळेल.
5760,722254,D4,Agriculture,13.5,हजारो वर्षांपासून इंधनासाठी लाकूड वापरला जात आहे,हजारो वर्षांपासून इंधनासाठी लाकूड वापरले जाते.
5761,709432,D1,Agriculture,13.5,चहाच्या रोपाची कापणी वसंत ऋतूमध्ये सुरू होता कारण झाडा गळू लागतत,चहाच्या रोपांची कापणी वसंत ऋतूमध्ये सुरू होती कारण झाडाचे गळत होत होते
5762,715574,D2,Banking,13.5,"जर मी माझं चालू खातं पगार खात्यामध्ये बदलवल , तर काही फी लागेल का ?","जर मी माझे चालू खाते पगार खात्यामध्ये बदलले, तर काही फी लागेल का?"
5763,718803,D4,Agriculture,13.5,"अरेका नटचा वापर अन्नात होतो , तो आरोग्यासाठी हानिकारक आहे","नटचा वापर अन्नात होतो, तो आरोग्यासाठी हानिकारक आहे."
5764,707220,D1,Banking,13.5,एक्स्पे लाइफद्वारा काही क्षणात ह्या सर्व प्रकारचो बिल पेयमेन्ट केला जाता,एक्सपे लाइफद्वारे या सर्व प्रकारची बिल काही क्षणात पेमेंट केले जाते
5765,714715,D2,Agriculture,13.5,झींगास्नी शेतीमुये आंदाज ईस टक्का खारफुटी जंगल गायब व्हयी गयं,झींगांमुळे शेतीमध्ये अंदाजे १० टक्क्याची खारफुटी जंगल गायब झाली आहे.
5766,722763,D4,Agriculture,13.5,उष्णकटिबंधीय हवामान बांबू लागवडीसाठी योग्य मानले जाते,उष्णकटिबंधीय हवामान बांबू लागवडीसाठी योग्य मानले जाते
5767,711279,D1,Agriculture,13.5,शेती साठी खयचो ट्रॅक्टर चांगलो अस्तलो ज्याने माजो फायदो जातलो ?,शेतीसाठी चांगला ट्रॅक्टर अस्तित्वात होता ज्याने जास्त फायदा झाला?
5768,713564,D2,Agriculture,13.5,मन्हा भाऊ कर्नाटकमा रेशीमना धागा कशा काढतंस हायी शिकाले जायेल शे,मन्हा भाऊ कर्नाटकमध्ये रेशमी धागा कसे काढत आहात आणि तुम्हाला शिकायला जायचे आहे का?
5769,720750,D4,Banking,13.5,अमिषाने अनामिकाविरोधात चुकीचा चेक दिल्याप्रकरणी कोर्टात केस दाखल केली,अमिषाने अनामिकाविरोधात चुकीचा चेक दिल्याप्रकरणी कोर्टात केस दाखल केली
5770,708222,D1,Agriculture,13.5,"कमळाच्या रोपाची मुळा , फुला आणि बिये ही शेती आधारित उद्योगाची उत्तम उदाहरणा आसत","कमळाच्या रोपाची मुळं, फुले आणि पाने ही शेती आधारित उद्योगाची उत्तम उदाहरणे आहेत."
5771,716836,D2,Agriculture,13.5,भारतातील फलोत्पादन विभाग फलोत्पादनाच्या विकासाचे काम पाहतो,भारतातील फलोत्पादन विभाग फलोत्पादनाच्या विकासाचे काम पाहतो
5772,722175,D4,Banking,13.5,काका अठरा ते पन्नास वर्षांच्या नागरिक विम्याचा फायदा घेऊ शकतात,काका अठरा ते पन्नास वर्षांचे नागरिक विम्याचा फायदा घेऊ शकतात
5773,707451,D1,Agriculture,13.5,कृषी उपकरणांच्या खरेदीशी संबंधित असणारो सल्लागार कायम शेतकऱ्यांचा हित जपत असता,कृषी उपकरणांच्या खरेदीशी संबंधित सल्लागार कायम शेतकऱ्यांचे हित जपतो.
5774,717206,D2,Banking,13.5,"व्यापार वित्त क्रेडिट पत्र , हमी किंवा विम्याच्या स्वरूपात दिसून येते",व्यापार वित्त क्रेडिट पत्र हमी किंवा विम्याच्या स्वरूपात दिसून येते
5775,722007,D4,Banking,13.5,महसूल म्हणजे वस्तू आणि सेवांच्या विक्रीतून मिळणार्या उत्पन्नाची एकूण रक्कम,महसूल म्हणजे वस्तू आणि सेवांच्या विक्रीतून मिळणाऱ्या उत्पन्नाची एकूण रक्कम
5776,711631,D1,Agriculture,13.5,अलीकडे विविध पीकांच्या काढणीसाठी खयाच्या यंत्राचो वापर करतत ?,अलीकडे विविध पीकांच्या काढणीसाठी खयाच्या यंत्राचा वापर करत आहेत का?
5777,718583,D2,Banking,13.5,गुंतवणूकीसाठी उपलब्ध विविध योजनांची माहिती मला हवी आहे,गुंतवणूकीसाठी उपलब्ध विविध योजनांची माहिती मला हवी आहे
5778,721938,D4,Agriculture,13.5,हींगेला मजबूत सूर्य प्रकाशाची आवश्यकता असते आणि वसंत मध्ये याची लागवड केली जाते,हींगेला मजबूत सूर्यप्रकाशाची आवश्यकता असते आणि वसंत महिन्यात याची लागवड केली जाते
5779,706456,D1,Banking,13.5,दीर्घकालीन वित्तात पद धारकाक अशी अपेक्षा असता की आर्थिक साधनाचा मू्ल्य वाढतला,दीर्घकाळातील स्थितीत पदधारकाची अशी अपेक्षा असते की आर्थिक साधनाचे मूल्य वाढते
5780,714224,D2,Agriculture,13.5,हायब्रीड उत्पादन प्रणालीमझार इनब्रिड लाईन आणि संकर प्रणाली अशा दोन प्रकार रहातस,"हायब्रीड उत्पादन प्रणाली, इनब्रिड लाईन आणि संकर प्रणाली अशा दोन प्रकार आहेत."
5781,721396,D4,Banking,13.5,वित्त मंत्रालयाच्या वेबसाइटला भेट देऊन आपण महत्त्व पूर्ण नियम कायद्याबद्दल पाहू शकता,वित्त मंत्रालयाच्या वेबसाइटला भेट देऊन आपण पूर्ण नियम कायद्याबद्दल पाहू शकता
5782,708873,D1,Banking,13.5,स्थिर विनिमय दरांनी वैश्विक निर्यातकांका नेहमी विकत घेऊक प्रेरीत केला,स्थिर विनिमय दरांनी वैश्विक निर्यातकांका नेहमी विकत घेऊक प्रेरित केला
5783,714156,D2,Agriculture,13.5,सफरचंदमझार कॅल्शियम आणि फायबर सारखा पौष्टिक घटक जास्त सापडतस,सफरचंदमझारात कॅल्शियम आणि फायबरसारखे अधिक पौष्टिक घटक आढळतात
5784,722257,D4,Agriculture,13.5,मोजल्याप्रमाणे लाकडीत यांत्रिक गुणधर्मांमधील तणाव आणि कॉम्प्रेशन राहते,मोजल्याप्रमाणे लाकडीत यांत्रिक गुणधर्मांमधील तणाव आणि कॉम्प्रेशन राहते
5785,711191,D1,Agriculture,13.5,मोबाईलातसून खरेदी आणि विक्री करूच्या खाती कसल्या ॲप्लिकेशनाचो वापर करूचो ?,मोबाईलमधून खरेदी आणि विक्रीच्या खात्यांसाठी कोणत्या ॲप्लिकेशनचा वापर करायचा?
5786,716252,D2,Agriculture,13.5,सुक्ष्म सिंचन प्रणाली ला पाणीबचतीच्या युक्तीच्या रूपात बघितलं जातं,सूक्ष्म सिंचन प्रणालीला पाणीबचतीच्या युक्तीच्या रूपात पाहिले जाते.
5787,719228,D4,Agriculture,13.5,पी.एम किसान योजनेअंतर्गत प्रत्येक शेतकऱ्याला दर महिन्याला कोड प्राईज दिली जाते,पी.एम किसान योजनेअंतर्गत प्रत्येक शेतकऱ्याला दर महिन्याला कोड प्राईज दिली जाते
5788,707978,D1,Agriculture,13.5,"राजूचे डोळे कमजोर झाल्यानं , डाक्टरांनी त्येका फणस खाऊक सांगितल्यानी",राजूचे डोळे कमजोर झाल्यामुळे डॉक्टरांनी त्यांना त्यांच्या दृष्टीबद्दल सांगितले.
5789,712748,D2,Agriculture,13.5,मत्स्यपालनमझारला क्रस्टेशियन मासाले लोके खातस,मत्स्यपालनमझारला क्रस्टेशियन मासे लोक खातात
5790,722860,D4,Agriculture,13.5,मध आपल्या शरीराचे जिवाणू आणि विषाणूजन्य संसर्गापासून संरक्षण करते,मध आपल्या शरीराचे जिवाणू आणि विषाणूजन्य संसर्गापासून संरक्षण करते
5791,708040,D1,Agriculture,13.5,शहरात फुलांच्या वाढती मागणी बघून रमेशान फुलांची शेती केल्यान,शहरात फुलांची वाढती मागणी बघून रमेशने फुलांची शेती केली.
5792,717846,D2,Agriculture,13.5,कोणत्या जातीच्या गाई व म्हशी जास्त दूध देतात ?,कोणत्या जातीच्या गाई व म्हशी जास्त दूध देतात?
5793,721267,D4,Banking,13.433,"दानाचे अनेक प्रकार असू शकतात , ज्यात पैसा , सेवा किंवा वस्तू यांचा समावेश आहे",दानाचे अनेक प्रकार असू शकतात ज्यात पैसा सेवा किंवा वस्तू यांचा समावेश आहे
5794,709934,D1,Agriculture,13.5,नवीन झाडाला त्याच्या दोन्ही पालकांची वैशिष्ट्ये वारशाने मिळतात,नवीन झाडाला त्याच्या दोन्ही पालकांची वैशिष्ट्ये वारशाने मिळतात
5795,715254,D2,Agriculture,13.5,अंजीर ला रात्रभर दुधात भिजवून ठेवल्याने सकाळी याची चव आणि गुणधर्म खूप वाढून जातात,अंजीर रात्रभर दुधात भिजवून ठेवल्यामुळे सकाळी त्याची चव आणि गुणधर्म खूप वाढतात.
5796,721096,D4,Banking,13.433,"आपल्या ठेवींवर , बचत बँक व्याज देते , यामुळेच काही दिवसानंतर आपले पैसे दुप्पट होतात","आपल्या ठेवींवर बचत बँक व्याज देते, यामुळेच काही दिवसानंतर आपले पैसे दुप्पट होतात."
5797,708651,D1,Agriculture,13.5,गावलाव जातीच्या गोवंशाक सगळ्यात चांगली प्रजाती मानतत,गावला जातीच्या गोवशाक सगळ्यात चांगली प्रजाती मानतात
5798,715694,D2,Agriculture,13.5,दूध उत्पादनासाठी डेअरी फार्मिंग च काम खूप मोठ्या स्तरावर केल जात,दूध उत्पादनासाठी डेअरी फार्मिंगचे काम खूप मोठ्या स्तरावर केले जाते.
5799,719358,D4,Banking,13.433,वित्तीय विश्लेषक की मुख्य भूमिका अवसरों की पहचान के लिए डेटा पर ध्यान देना है,वित्तीय विश्लेषकाची मुख्य भूमिका संधी ओळखण्यासाठी डेटामधून लक्ष देणे आहे
5800,706577,D1,Banking,13.5,ए.टी.एम कोणत्याही वेळी आणि बँक कर्मचार्यांशी थेट संवाद साधण्याची गरज न ठेवता असता,ए.टी.एम कोणत्याही वेळी आणि बँक कर्मचाऱ्यांशी थेट संवाद साधण्याची गरज न ठेवता असते.
5801,715296,D2,Agriculture,13.5,आपल्या देशात पाण्यावरच्या शेतीच्या परिस्थितीजन्य फायद्यात वाढ झाली आहे,आपल्या देशात पाण्यावरच्या शेतीच्या परिस्थितीच्या फायद्यात वाढ झाली आहे
5802,720008,D4,Agriculture,13.429,"एकात्मिक शेतीमध्ये पीक उत्पादन , पशुपालन , वनीकरण इ कामे एकाच वेळी केली जातात","एकात्मिक शेतीमध्ये पीक उत्पादन, पशुपालन, वनीकरण इ कामे एकाच वेळी केली जातात."
5803,707186,D1,Banking,13.5,लाभार्थ्याकडे बँक खाता नसला तरी तो ए.टी.एम कार्डाशिवाय त्वरित पैसो काढू शकता,लाभार्थ्याकडे बँक खाते नसले तरी तो एटीएम कार्डशिवाय त्वरित पैसे काढू शकतो.
5804,716930,D2,Agriculture,13.5,प्राचीन संस्कृती नद्यांच्या काठावर निर्माण झाली,प्राचीन संस्कृती नद्यांच्या काठावर निर्माण झाली
5805,718875,D4,Banking,13.429,आपले डेबिट कार्ड ताबडतोब बंद करण्यासाठी ए.यू झिरो वन हंड्रेड आणि वन ऍप वापरा,आपले डेबिट कार्ड ताबडतोब बंद करण्यासाठी ए.यू झिरो वन हंड्रेड आणि वन ऍप वापरा
5806,707635,D1,Banking,13.5,"तुम्ही कॅनरा बँकेच्या जवळच्या शाखेत जाऊन खाता उघडू शकतस , एकदमच सोप्या आसा ता","तुम्ही कॅनरा बँकेच्या जवळच्या शाखेत जाऊन खाते उघडू शकता, एकदमच सोपे आहे ते."
5807,712838,D2,Agriculture,13.5,भारत सरकारनी पशुपालन वाढावाना करता शेतकरीसले पशु किसान क्रेडिट कार्ड सुरु करेल शेतस,"भारत सरकारने पशुपालन वाढवण्यासाठी शेतकऱ्यांनी पशु किसान क्रेडिट कार्ड सुरू करेल, शेत असेल."
5808,720639,D4,Agriculture,13.423,पामतेलाचा रंग फिकट पिवळा ते गर्द नारिंगी असून ते चवदार व सुवासिक असते,"पामतेलाचा रंग फिकट पिवळा आहे, तो गर्द नारिंगी असून तो चवदार व सुवासिक असतो."
5809,707460,D1,Agriculture,13.5,"कोको प्रक्रियेत , साफ केलेल्या बियांचा पावडरमध्ये रूपांतर केला जाता",कोको प्रक्रियेत साफ केलेल्या बियांचा पावडरमध्ये रूपांतर केला जातो
5810,714893,D2,Banking,13.5,कुठल्याही वस्तुची ऑनलाइन खरेदी करण्याआधी बँक खात्यातील शिल्लक बघितली पाहिजे,कोणत्याही वस्तूची ऑनलाइन खरेदी करण्यापूर्वी बँक खात्यातील शिल्लक बघितली पाहिजे
5811,721608,D4,Agriculture,13.423,"वाटाणा व्हिटॅमिन सी आणि ई , जस्त आणि इतर अँटीऑक्सिडेंट्सचा चांगला स्रोत आहे","वाटाणा व्हिटॅमिन सी आणि ई, जास्त आणि इतर अँटीऑक्सिडेंट्सचा चांगला स्रोत आहे"
5812,710901,D1,Banking,13.5,"महागाईमुळा साठेबाजी , नफाखोरी आणि भेसळ यांसारखे समस्या उद्भवु शकतत","महागाईमुळे साठेबाजी, नफाखोरी आणि भेसळ यांसारखे समस्या उद्भवतात."
5813,717571,D2,Agriculture,13.5,शेवग्याच्या शेंगा काढण्यासाठी आधुनिक व सुलभ यंत्रणा कोणती ?,शेवग्याच्या शेंगा काढण्यासाठी कोणती आधुनिक व सुलभ यंत्रणा आहे?
5814,719754,D4,Agriculture,13.423,"जिओडॅक हा एक समुद्री द्वैवार्षिक मोलस्क आहे , मूळचा पॅसिफिक नॉर्थवेस्ट चा आहे","जिओडॅक हा एक समुद्री द्वैवार्षिक मोलस्क आहे, त्याचा मूळ पॅसिफिक नॉर्थवेस्टचा आहे."
5815,711184,D1,Agriculture,13.5,पीक मिळाल्या ऑप्रात ता इकुच्या बरोबर बाजारपेठ कशी ओळखाची म्हटल्या फायदो जातलो ?,"पीक मिळाल्यावर आणि परिस्थितीच्या बरोबर बाजारपेठ कशी ओळखायची, असे म्हटल्यास फायदा गेला का?"
5816,714460,D2,Banking,13.5,रोख पैसासना उपेग त्याच व्यवहारमा व्हस ज्यानी भविष्यमा खात्री रहास,रोख पैशाचा उपयोग त्याच व्यवहारात ज्याने भविष्यात खात्री राहील
5817,723052,D4,Agriculture,13.409,गोदामाचे तापमान किती पाहिजे ? म्हणजे माल खराब होणार नाही ?,गोदामाचे तापमान किती असावे? म्हणजे माल खराब होणार नाही का?
5818,709960,D1,Agriculture,13.5,पोरांनो तुमका माहीत हा कागद लाकडापासून बनवतत,तुम्हाला माहीत आहे की हा कागद लाकडापासून बनवला जातो
5819,715126,D2,Banking,13.5,महागाई अर्थशास्त्रात वापरली जाणारी सर्वात महत्वाची संकल्पना आहे,महागाई अर्थशास्त्रात वापरली जाणारी सर्वात महत्त्वाची संकल्पना आहे
5820,719275,D4,Banking,13.409,"सोने चांदी , पैसा आणी पुष्कळ पैसा ठेवलेल्या मनुष्याला श्रीमंत म्हणतात","सोने चांदी, पैसा आणि पुष्कळ पैसा ठेवलेल्या मनुष्याला श्रीमंत म्हणतात."
5821,707511,D1,Agriculture,13.5,चीनमध्ये लगीन समारंभाक सजावटीसाठी लिली फुलांचो वापर करतत असा मी ऐकलंय,चीनमध्ये लगीन समारंभासाठी सजावटीकरिता लिली फुले वापरत आहेत असे मी ऐकले
5822,717598,D2,Agriculture,13.5,शेतीउपयोगी नवीन साधने कशी मिळवावी याबाबत मार्गदर्शन उपलब्ध आहे का ?,शेतीसाठी उपयुक्त नवीन साधने कशी मिळवावी याबाबत मार्गदर्शन उपलब्ध आहे का?
5823,722494,D4,Agriculture,13.409,मेस्टा ज्यूट आणि ज्यूट कटिंग हे देखील ज्यूटचे प्रकार मानले जातात,मेस्टा ज्यूट आणि ज्यूट कटिंग हे देखील ज्यूटचे प्रकार मानले जातात
5824,710880,D1,Agriculture,13.5,भारतात काळो चणो खरीब आणि रब्बी दोन्ही ऋतुत उगवलेली महत्त्व पूर्ण डाळ म्हणतत,भारतात खरीप आणि रब्बी दोन्ही ऋतूंत उगवलेली मूल्ये पूर्ण डाळ म्हणत आहेत.
5825,716042,D2,Banking,13.5,यु.पी.आय सेवांसाठी बँकेमध्ये खात उघडण्याच्या वेळी योग्य बँकेचे निवड करा,युपीआय सेवांसाठी बँकेत खाते उघडण्याच्या वेळी योग्य बँकेची निवड करा
5826,722534,D4,Agriculture,13.409,स्थलांतरित कामगार ही अशी व्यक्ती आहे जी कमाईसाठी ठिकाणी स्थलांतरित होते,स्थलांतरित कामगार ही अशी व्यक्ती आहे जी कमाईसाठी ठिकाणी स्थलांतरित होते
5827,706443,D1,Banking,13.5,टॅक्स हेवन ज्यामध्ये परकीय गुंतवणूक दारांसाठी कर आकारणीचो खूप कमी प्रभावी दर हा,टॅक्स हेवन ज्यामध्ये परकीय गुंतवणुकीसाठी कर आकारणीचा खूप कमी प्रभावी दर आहे.
5828,718347,D2,Banking,13.5,मॅच्युरिटी नंतर माझ्या खात्यावर पैसे पाठविले जातील ?,मॅच्युरिटी नंतर माझ्या खात्यावर पैसे पाठविले जातील?
5829,719658,D4,Agriculture,13.409,फळ पिळून काढले जाते आणि बर्याच काळासाठी थंड ठिकाणी ठेवले जाते,फळ पिळून काढले जाते आणि बऱ्याच काळासाठी थंड ठिकाणी ठेवले जाते
5830,708215,D1,Banking,13.5,ऑडिटर बनुच्यासाठी तुमका ऑडिट करूची पण म्हायती होई,ऑडिटर बनण्यासाठी तुमचा ऑडिट करण्याची माहिती मिळेल
5831,713451,D2,Agriculture,13.5,कृषी खातामा वीजबीलवर जास्त सवलत कोणती योजनामा मिळस ?,कृषी खात्यावर वीज बिलावर जास्त सवलत कोणती योजनांमध्ये मिळते?
5832,719984,D4,Banking,13.409,आर्थिक सेवा कंपन्या सर्व आर्थिक दृष्ट्या विकसित भौगोलिक ठिकाणी उपस्थित आहेत,आर्थिक सेवा कंपन्या सर्व आर्थिक दृष्ट्या विकसित भौगोलिक ठिकाणी उपस्थित आहेत
5833,706966,D1,Banking,13.5,पेपल होल्डिंग्स ह्या एक अमेरिकन बहुराष्ट्रीय वित्तीय तंत्रज्ञान कंपनी असा,पेपल होल्डिंग्स ही एक अमेरिकन बहुराष्ट्रीय वित्तीय तंत्रज्ञान कंपनी आहे.
5834,713139,D2,Banking,13.5,हाई आपले माहित शे का कर्ज लेवाना टाइम ले जामीन पत्र लागस,तुमची माहिती आहे की कर्ज घेण्यासाठी वेळ घेऊया आणि कागदपत्रे लागतील.
5835,720897,D4,Agriculture,13.4,चिकन हार्वेस्टर चे नाव इझीलोड हार्वेस्टर वरून देण्यात आले आहे,चिकन हार्वेस्टरचे नाव इझीलोड हार्वेस्टरवरून देण्यात आले आहे
5836,711620,D1,Agriculture,13.5,भात पिकाची लागवड बरी होऊक होई म्हणान प्रति एकर किती किलोग्रॅम खत मारुक होया ?,भात पिकाची लागवड चांगली होण्यासाठी प्रति एकर किती किलोग्राम खत मारले पाहिजे?
5837,712628,D2,Banking,13.5,रामकुमार रिटायर व्हयी जायेल शेतंस तरीबी त्यासले पेंशन भेटस,"रामकुमार निवृत्ती घेईल, तरी त्यासले त्याला पेन्शन मिळेल."
5838,719635,D4,Banking,13.4,सतत जास्त कर आकारण्याचा विचार कर टाळण्याचे एक कारण आहे,सतत जास्त कर आकारण्याचा विचार करणे टाळण्याचे एक कारण आहे
5839,708214,D1,Banking,13.5,ऑडिटचो विकास लय जुन्या मेसोपोटेमिया पासून होता,ऑडिटचा विकास जुन्या मेसोपोटेमियापासून होता
5840,715991,D2,Banking,13.5,मामा करातून मिळालेल्या पैशाला काय म्हणतात ?,मामाकडून मिळालेल्या पैशाला काय म्हणतात?
5841,719167,D4,Agriculture,13.4,कृषी प्रदूषण म्हणजे कृषी पद्धतींच्या जैविक आणि अजैविक उपउत्पादनांचा संदर्भ,कृषी प्रदूषण म्हणजे कृषी पद्धतींच्या जैविक आणि अजैविक उपउत्पादनांचा संदर्भ
5842,707597,D1,Banking,13.5,"तुका माहीत हा काय , सरकारही कर सवलतीच्या स्वरूपात पेन्शनमध्ये पण योगदान देता","तुला माहीत आहे का, सरकारही सवलतीच्या स्वरूपात पेन्शनमध्ये योगदान देते."
5843,713604,D2,Banking,13.5,भारतमा कायदा नुसार गुन्हागारले गुन्हानी शिक्षा भेटस,भारताच्या कायद्यानुसार गुन्हेगारांना गुन्ह्यांसाठी शिक्षा मिळते
5844,720344,D4,Agriculture,13.4,तिळाचे तेल एक खाद्य वनस्पती तेल आहे जे तिळापासून मिळते,तिळाचे तेल एक खाद्य वनस्पती तेल आहे जे तिळापासून मिळते
5845,706697,D1,Banking,13.5,राष्ट्रीय विमो ह्यो सामाजिक सुरक्षेचो स्वरूप म्हणून कार्य करता,राष्ट्रीय विमो सामाजिक सुरक्षेचे स्वरूप म्हणून कार्य करते
5846,713369,D2,Banking,13.5,कस्तुरबा पोरीसनी शाळामा बाकीन्या शाळासारखी सुविधा देतस,कस्तुरबाच्या शाळेला इतर शाळांसारखी सुविधा दिल्या जातात.
5847,719284,D4,Banking,13.4,संपूर्ण ग्रामीण रोजगार योजना हे संपूर्ण ग्रामीणचे प्राथमिक उद्दीष्ट आहे,संपूर्ण ग्रामीण रोजगार योजना हे संपूर्ण ग्रामीणचे प्राथमिक उद्दिष्ट आहे
5848,708749,D1,Agriculture,13.5,सुर्यफुलाच्या तेलाचा उपयोग जेवाण बनवूक करतत आणि ता शरीराक चांगला असता,सुर्यफुलाच्या तेलाचा उपयोग जेवण बनवण्यासाठी करत आहेत आणि ते शरीरासाठी चांगले असते
5849,715636,D2,Agriculture,13.5,"तंबाखूचा सिगारेट , सिगार तसेच पाईप आणि शिश मध्ये धूम्रपान साठी वापर केला जातो","तंबाखूचा सिगारेट, सिगार तसेच पाईप आणि शीशा धूम्रपानासाठी वापरले जातात."
5850,722005,D4,Banking,13.4,नैसर्गिक वैयक्तिक खाती मानवांची आहेत आणि या शीर्षकाखाली ती आहेत,नैसर्गिक वैयक्तिक खाती मानवांची आहेत आणि या शीर्षकाखाली ती आहेत
5851,706904,D1,Banking,13.5,पैशाचा वेळेचो मू्ल्य ह्या व्यापकपणान स्वीकारलेलो अनुमान असा,पैशाचे वेळेचे मूल्य या व्यापकपणे स्वीकारलेले अनुमान आहे.
5852,715626,D2,Agriculture,13.5,डेअरी फार्मिंग मध्ये खूप सारे जनावर एक सोबत रहात असल्याने संक्रमण पसरण्याचा धोका असतो,डेअरी फार्मिंगमध्ये खूप प्राणी एकत्र राहतात म्हणून संसर्ग पसरण्याचा धोका असतो
5853,720429,D4,Banking,13.4,भारतीय महसूल सेवा अर्थ मंत्रालयाच्या अखत्यारीतील महसूल विभागांतर्गत कार्यरत आहे,भारतीय महसूल सेवा अर्थ मंत्रालयाच्या अखत्यारीतील महसूल विभागांतर्गत कार्यरत आहे
5854,707532,D1,Agriculture,13.5,जिमिनीचो ऱ्हास झालो की जिमीन कोरडी होता,जिमिनाचे नुकसान झाले की जिमीन कोरडा होता
5855,716157,D2,Agriculture,13.5,"व्यावसायिक अन्न उत्पादन करण्यासाठी , कॅलरी रूपाने दाट आणि स्वस्त आहे",व्यावसायिक अन्न उत्पादन करण्यासाठी कॅलरी रूपाने दाट आणि स्वस्त आहे
5856,719767,D4,Banking,13.389,एकूण व्याज म्हणजे वास्तविक जीवनात सावकाराकडून आकारले जाणारे व्याज,एकूण व्याज म्हणजे वास्तविक जीवनात सावकाराकडून आकारले जाणारे व्याज
5857,710312,D1,Agriculture,13.5,पी.एम किसान योजनेच्या अंतर्गत शेतकऱ्यांका दरवर्षाक सहा हजार रुपये मिळतत,पी.एम किसान योजनेच्या अंतर्गत शेतकऱ्यांना दरवर्षाक सहा हजार रुपये मिळतात.
5858,717092,D2,Banking,13.5,तुम्ही ज्या संस्थेकडून कर्ज घेता ती तुमच्याकडून कधीही तुमचे पैसे परत घेऊ शकते,तुम्ही ज्या संस्थेकडून कर्ज घेता ती तुमच्याकडून कधीही तुमचे पैसे परत घेऊ शकते.
5859,719511,D4,Banking,13.389,मालमत्ता कर हा मालमत्तेच्या मूल्यावरील जाहिरात मूल्य कर आहे,मालमत्ता कर हा मालमत्तेच्या मूल्यावरील जाहिरात मूल्य कर आहे
5860,711100,D1,Banking,13.5,स्टॉक ब्रोकर आपल्या फायद्यासाठी शेयर खरेदी विक्री करतत,स्टॉक ब्रोकर आपल्या फायद्यासाठी शेअर खरेदी-विक्री करतात
5861,715549,D2,Agriculture,13.5,चीन कडून विकसित पद्धती युरोपमध्ये अठराव्या शतकापर्यंत स्वीकारल्या जात नव्हत्या,चीनकडून विकसित पद्धती युरोपमध्ये अठराव्या शतकापर्यंत स्वीकारल्या जात नव्हत्या
5862,718947,D4,Banking,13.389,आंतरराष्ट्रीय बँक खाते क्रमांक ग्राहकाचे वित्तीय संस्थेतील खाते ओळखतो,आंतरराष्ट्रीय बँक खाते क्रमांक ग्राहकाचे वित्तीय संस्थेतील खाते ओळखतो
5863,710681,D1,Agriculture,13.5,चहाची शेती सोपी पडाक हवी म्हणून रोपांका कंबरेएवढ्या उंचीवर कापतत,चहाची शेती सोपी पडाक हवी म्हणून रोपांका कंबरेएवढ्या उंचीवर कापत आहे
5864,712750,D2,Banking,13.5,कोणतीबी कंपनी छोटा मोटा कामसना करता मायक्रो फायनान्स देस,कोणती कंपनी लहान मोठे काम करत मायक्रो फायनान्स देते?
5865,722661,D4,Banking,13.389,विमा कंपनीने आपल्या कर्मचाऱ्यांना ई विमा खाते उघडण्यास शिकवले,विमा कंपनीने आपल्या कर्मचाऱ्यांना ई विमा खाते उघडण्यास शिकवले
5866,707847,D1,Agriculture,13.5,भारतातल्या तागाची लागवड प्रामुख्यान पूर्वेकडल्या प्रदेशात करतत,भारतातील तागाची लागवड प्रामुख्याने पूर्वेकडील प्रदेशात केली जाते
5867,715036,D2,Banking,13.5,पे रोल कुठल्याही कंपनीमध्ये काम करणाऱ्या विशेष अधिकाऱ्यांची यादी असते,पे रोल कुठल्याही कंपनीमध्ये काम करणाऱ्या विशेष अधिकाऱ्यांची यादी असते.
5868,723665,D4,Banking,13.382,"एस.बी.आय मधी खाते हाय , मले बँक ऑफ इंडियामध्ये आर.टी.जी.एस कराच हाय , होऊ शकते का ?","एस.बी.आय मध्ये खाते आहे, मला बँक ऑफ इंडियामध्ये आर.टी.जी.एस करायचे आहे, होऊ शकते का?"
5869,712567,D1,Banking,13.5,म्या कर्जा मेळाक अर्ज करुच्या साठी पात्र आसा की नसा ह्या माका कसा कळतल ?,मला कर्जा मेळाक अर्जासाठी पात्र आहे की नाही हे कसे कळेल?
5870,714574,D2,Banking,13.5,आपला बँकना खातामझारतीन दिनभरमा कित्ला पैसा काढानात हाई आपले ठरावनं पडस का,आपल्या बँक खात्याच्या तीन दिवसांच्या व्यवहारांमध्ये किती पैसे काढले गेले आणि तुमचे मागण्या पूर्ण होतील का?
5871,722435,D4,Agriculture,13.382,"पाणी हा एक अकार्बनी , पारदर्शक , चव नसलेला , गंधहीन आणि जवळजवळ रंगहीन रासायनिक पदार्थ आहे","पाणी हा एक अकार्बनी, पारदर्शक, चव नसलेला, गंधहीन आणि जवळजवळ रंगहीन रासायनिक पदार्थ आहे"
5872,710058,D1,Banking,13.5,राष्ट्रीय इलेक्ट्रॉनिक फंड ही व्यवस्था भारतीय रिझर्व बँकेकडून बनविली जाता,राष्ट्रीय इलेक्ट्रॉनिक फंड ही व्यवस्था भारतीय रिझर्व बँकेकडून बनवली जाते
5873,714781,D2,Agriculture,13.5,पिकसनी कापणी करीसन त्यास्नी वाहतुक मार्केटले करतस,पिकसनी कापणी करून त्यासाठी वाहतूक बाजार करत आहे
5874,724062,D4,Banking,13.375,"मले सोनं गहान ठेवून कर्ज घ्याचं नाय , त मले बँकेमधून कर्ज भेटू शकन का ?","मला सोनं गहान ठेवून कर्ज घ्यायचे नाही, तर मला बँकेमधून कर्ज मिळू शकेल का?"
5875,706799,D1,Banking,13.5,क्रेडिट ह्या असंबंधित लोकांच्यो मोठ्या गटाक परस्पर औपचारिकता बनवूची पद्धत असा,क्रेडीट संबंधित असंबंधित लोकांच्या मोठ्या गटांमध्ये परस्पर औपचारिकता निर्माण करण्याची पद्धत अशी आहे.
5876,716274,D2,Agriculture,13.5,स्क्वॅश ला तुम्ही उन्हाळा आणि हिवाळ्याच्या ऋतूमध्ये उगवु शकता,तुम्ही स्क्वॉश उन्हाळा आणि हिवाळ्याच्या ऋतूमध्ये उगवू शकता
5877,719037,D4,Agriculture,13.357,गांजाची काढणी केल्यानंतर रामकुमारने गांजाची पाने वाळवली,गांजाची काढणी केल्यानंतर रामकुमारने गांजाची पाने वाळवली
5878,706420,D1,Banking,13.5,कर्ज सुरक्षा धारक सर्वोसाधारणपणे मुद्दल आणि व्याज देण्यास पात्र असता,कर्ज सुरक्षा धारक सर्वोसाधारणपणे मुद्दल आणि व्याज देण्यास पात्र असतात.
5879,717009,D2,Agriculture,13.5,संशोधन संस्था केंद्राने करण वंदना या गव्हाचे नवीन वाण सादर केले आहे,संशोधन संस्था केंद्राने करण वंदनाचे नवीन गव्हाचे वाण सादर केले आहे
5880,718684,D4,Agriculture,13.333,तुम्हाला माहिती आहे का की मगरीचे लेदर हे एक विदेशी लेदर आहे,तुम्हाला माहिती आहे का की मगरीचे लेदर हे एक विदेशी लेदर आहे
5881,708774,D1,Agriculture,13.5,खाजगी बाजारांका कृषि उत्पादन व्यापार आणि वाणीज्यमुळे फायदो झालो हा,"खाजगी बाजार, कृषी उत्पादन व्यापार आणि वाणिज्यामुळे फायदा झाला आहे."
5882,716007,D2,Agriculture,13.5,मी भारतातल्या बाकीच्या समुद्री खाद्य पदार्थांची यादी तयार केली आहे,मी भारतातील बाकीच्या समुद्री खाद्यपदार्थांची यादी तयार केली आहे
5883,720400,D4,Banking,13.333,वार्षिक शुल्क आकारले जाणारे वार्षिक दर म्हणून व्यक्त केलेले वित्त शुल्क आहे,वार्षिक शुल्क आकारले जाणारे वार्षिक दर म्हणून व्यक्त केलेले वित्त शुल्क आहे
5884,707790,D1,Banking,13.5,बँकेच्या वेबसाइटवर जवान तुम्ही नेट बँकिंगसाठी नोंदणी करू शकतास,बँकेच्या वेबसाइटवर तुम्ही नेट बँकिंगसाठी नोंदणी करू शकता.
5885,714479,D2,Agriculture,13.5,वावरमा सेंद्रिय खत वापरं ते जमिनना कस शाबूत रहास आणि पीकमझारथीन पोषक घटकबी भेटतस,वावरमा सेंद्रिय खत वापरून ते जमीन कशी शाबूत ठेवाल आणि पीकमारतीचे पोषक घटक मिळतील का?
5886,722539,D4,Banking,13.333,होम इन्शुरन्स मध्ये हॉस्पिटल कव्हरेज आणि नर्सिंग होम इन्शुरन्स देखील समाविष्ट आहे,होम इन्शुरन्समध्ये हॉस्पिटल कव्हरेज आणि नर्सिंग होम इन्शुरन्स देखील समाविष्ट आहे
5887,710383,D1,Agriculture,13.5,मान्सुनचो भारतातल्या शेतीवर जास्त प्रभाव असता,मान्सूनचा भारतातल्या शेतीवर जास्त प्रभाव असतो.
5888,715059,D2,Banking,13.5,बकेच्या अधिकृत वेबसाइटवर जाऊन नेट बँकिंग सुविधेसाठी रजिस्ट्रेशन करणे सोपे आहे,बकेच्या अधिकृत वेबसाइटवर जाऊन नेट बँकिंग सुविधेसाठी रजिस्ट्रेशन करणे सोपे आहे
5889,719983,D4,Banking,13.318,जोपर्यंत आर्थिक डेटा उपलब्ध आहे तोपर्यंत आर्थिक डेटा विक्रेते अस्तित्वात आहेत,जोपर्यंत आर्थिक डेटा उपलब्ध आहे तोपर्यंत आर्थिक डेटा विक्रेते अस्तित्वात आहेत
5890,708094,D1,Banking,13.5,"सरकारकडसून महसूल गोळा करण्याच्या वेळी दरांत बदल केले जात असतंत , असा माका कळाला","सरकारकडून महसूल गोळा करण्याच्या वेळी दरांत बदल केले जात असतंत, असा मला कळला."
5891,715221,D2,Banking,13.5,सुरवातीच्या कालावधीत निव्वळ उत्पन्न रोख रक्कम आणि शेअर चा लाभांश जोडून कमी केल जात,"सुरवातीच्या कालावधीत निव्वळ उत्पन्न, रोख रक्कम आणि शेअरचा लाभांश जोडून कमी केले जाते."
5892,721021,D4,Agriculture,13.318,सेंद्रिय शेतकरी सेंद्रिय कीटकनाशके आणि इतर सेंद्रिय रसायने देखील वापरू शकतात,सेंद्रिय शेतकरी सेंद्रिय कीटकनाशके आणि इतर सेंद्रिय रसायने देखील वापरू शकतात
5893,708469,D1,Agriculture,13.5,मुलांनो सायलेज बदलण्यासाठी खयच्या यंत्राचो वापर केलो जाता ?,मुलांनो सायलेज बदलण्यासाठी खयच्या यंत्राचा वापर केला जातो का?
5894,713311,D2,Banking,13.5,लगीन आणि इतर वस्तूसना खर्चनी योजनामा आर्थिक यवस्थापननी महत्वनी भूमिका रहास,लगीन आणि इतर वस्तूंचा खर्च योजनांमध्ये आर्थिक व्यवस्थापनात महत्त्वाची भूमिका आहे का?
5895,722529,D4,Agriculture,13.312,"सिंचन जलस्रोत म्हणजे भूजल , पृष्ठ भागावरील पाणी , निचरा तलाव , पाऊस आणि नगरपालिकेचे पाणी","सिंचन जलस्रोत म्हणजे भूजल, पृष्ठभागावरील पाणी, निचरा तलाव, पाऊस आणि नगरपालिकेचे पाणी"
5896,707731,D1,Banking,13.5,"पिंटू तुका माहिती आसा ना , की भारत सरकार कर भरूच्या येळेक थोडी सवलत देता",पिंटू तुला माहिती आहे ना की भारत सरकार कर भरण्याच्या वेळी थोडी सवलत देते
5897,716058,D2,Agriculture,13.5,रमेश ने बटाट्याची शेती करण्यासाठी हाऊस टॉपर नावाचं उपकरण आणलं,रमेशने बटाट्याची शेती करण्यासाठी हाऊस टॉपर नावाचे उपकरण आणले.
5898,719022,D4,Agriculture,13.3,"क्रस्टेशियन्सचे शरीर विभागलेले आहे , जे तीन प्रदेशांमध्ये विभागलेले आहे","क्रस्टेशियन्सचे शरीर विभागलेले आहे, जे तीन प्रदेशांमध्ये विभागलेले आहे."
5899,709450,D1,Agriculture,13.5,जाळा मागे खेचताच मासे जाळ्यात अडकतत,जाळा मागे खेचताच मासे जाळ्यात अडकत होते
5900,717181,D2,Banking,13.5,व्यापारातील अडथळे हे आंतरराष्ट्रीय व्यापारावरील सरकार प्रेरित निर्बंध आहेत,व्यापारातील अडथळे हे आंतरराष्ट्रीय व्यापारावरील सरकार प्रेरित निर्बंध आहेत
5901,721747,D4,Banking,13.286,"पैसे , क्रेडिटचे व्यापारी आहेत ज्यांना एकतर कर्ज घ्यायचे आहे , कर्ज द्यायचे आहे","पैसे, क्रेडिटचे व्यापारी आहेत ज्यांना एकतर कर्ज घ्यायचे आहे, कर्ज द्यायचे आहे."
5902,708065,D1,Agriculture,13.5,शेळीच्या दुधात गाईच्या दुधापेक्षा जास्त वंगण असता,शेळीच्या दुधात गाईच्या दुधापेक्षा जास्त वंगण असते
5903,715122,D2,Agriculture,13.5,मल्चिंग मध्ये ओले गवत मातीवर आवरणासारखे टाकले जाते,मल्चिंगमध्ये ओले गवत मातीवर आवरणासारखे टाकले जाते
5904,722376,D4,Agriculture,13.286,कृषी विपणन आणि कृषी जनगणना ही कृषी आणि शेतकरी कल्याण मंत्रालयाची मुख्य योजना आहे,कृषी विपणन आणि कृषी जनगणना ही कृषी आणि शेतकरी कल्याण मंत्रालयाची मुख्य योजना आहे
5905,706556,D1,Banking,13.5,हस्तांतरित करण्यायोग्य वस्तू आणि सेवांत येक सामान्य फरक केलो जाता,हस्तांतरित करण्यायोग्य वस्तू आणि सेवांमध्ये एक सामान्य फरक आहे
5906,716834,D2,Agriculture,13.5,मधमाश्यांच्या पोळमधे एक प्रकारे जाळीची संरचना असते त्या मध्ये मधमाशा राहतात,मधमाश्यांच्या पोळमधे एक प्रकारे जाळीची संरचना असते त्यामध्ये मधमाशा राहतात
5907,722506,D4,Agriculture,13.111,"वनस्पती फायबरचे भाग बियाणे फायबर , लीफ फायबर , बास्ट फायबर , फळ फायबर , देठ फायबर इ","वनस्पती फायबरचे भाग बियाणे फायबर, लीफ फायबर, बास्ट फायबर, फळ फायबर, देठ फायबर इत्यादी."
5908,707814,D1,Agriculture,13.5,बियाणा शेतात पेरुसाठी ट्रॅक्टर च्या मागे प्लांटर बसवला जाता,बियाणांसाठी शेतात ट्रॅक्टरच्या मागे प्लांटर बसवला जातो.
5909,716140,D2,Agriculture,13.5,विश्वातल्या बहुतेक देशांकडून शेतीवर अनेक योजना सुरू केल्या गेल्या आहेत,जगातील बहुतेक देशांकडून शेतीवर अनेक योजना सुरू केल्या गेल्या आहेत
5910,724147,D4,Banking,13.0,मिन माय कर्ज वेळेच्या आधी भरल तर मले काही फायदा भेटन का ?,मी माझे कर्ज वेळेच्या आधी भरले तर मला काही फायदा मिळेल का?
5911,710447,D1,Agriculture,13.5,"शाश्वतता हि अर्थ व्यवस्था , समाज आणि पर्यावरण ह्या तीन स्तंभांनी बनता","शाश्वतता ही अर्थ व्यवस्था, समाज आणि पर्यावरण या तीन स्तंभांनी बनते."
5912,713067,D2,Agriculture,13.5,जंगलतोडमुये परिस्थितीनं तंत्रभी बिगडी जास,जंगलतोडमुळे परिस्थिती तंत्रज्ञानात बदलली आहे
5913,723746,D4,Banking,13.0,माह्या घरातील सर्वाले किती रुप्यान कर्ज भेटन ?,माझ्या घरातील सर्वांना किती कर्ज मिळते?
5914,708821,D1,Agriculture,13.5,मेंढ्यांका लोकर किंवा मांसासाठी एकत्र ठेवतत,मेंढ्यांच्या लोकर किंवा मांसासाठी एकत्र ठेवतात
5915,715623,D2,Banking,13.5,"डेबिट कार्ड मधून तेवढीच रक्कम काढू शकतो , जी आपल्या बँकेच्या खात्यामध्ये जमा आहे",डेबिट कार्डमधून तेवढीच रक्कम काढता येते जी आपल्या बँकेच्या खात्यामध्ये जमा आहे
5916,724047,D4,Banking,13.0,माया खात्यात कितीक पैसे बाकी हाय हे पाहून द्यान का ?,माया खात्यात किती पैसे बाकी आहेत हे पाहून देतो का?
5917,707302,D1,Banking,13.5,अमेरिकेत दर सेट करण्यासाठी भांडवली संरचना एक महत्त्वाचो हीस्सा आसा,अमेरिकेत दर सेट करण्यासाठी भांडवली संरचना एक महत्त्वाचा हिस्सा आहे
5918,712724,D2,Agriculture,13.5,झैद पिकेसनी शेती उन्हायामान नैते जठे पाऊस कमी पडस तठे करतस,झैद उन्हायामान ठिकाणी जिथे पाऊस कमी पडतो तिथे शेती करत आहे
5919,723364,D4,Agriculture,13.0,नागिन किड टमाट्यावर आली नाही पाहिजे त्याले काय करा लागन ?,जर नागिन टमाट्यावर आली नाही तर काय करावे लागेल?
5920,709340,D1,Banking,13.5,आयात आणि निर्यात ह्या आंतराष्टीय व्यापाराचो परिभाषित आर्थिक हस्तांतरण असा,आयात आणि निर्यात हे आंतरराष्ट्रीय व्यापाराचे परिभाषित आर्थिक हस्तांतरण आहे.
5921,713488,D2,Banking,13.5,गावमझारला सावकार आनी दुसरा देशना बँकमाईन लेयेल कर्जनं व्याज जादा रहास,गावमझारला सावकार आणि दुसऱ्या देशात बँकमध्ये कर्ज आणि व्याजाचा जास्त हिशोब राहतो का?
5922,723831,D4,Banking,13.0,कपड्याचं दुकान टाकासाठी मले कितीक कर्ज भेटन ?,मला कपड्याचे दुकान घेण्यासाठी किती कर्ज मिळेल?
5923,710845,D1,Banking,13.5,बहुतेक आंतरबँक कर्जांचो परिपक्वता कालावधी एक आठवडो किंवा त्यापेक्षा कमी असता,बहुतेक आंतरबँक कर्जाचे परिपक्वता कालावधी एक आठवडा किंवा त्यापेक्षा कमी असतो.
5924,716534,D2,Agriculture,13.5,तापमान ही पदार्थाच्या अणूंची किंवा रेणूंची सरासरी गतीचा उर्जा असते,तापमान ही पदार्थाच्या अणूंची किंवा रेणूंची सरासरी गतीची ऊर्जा असते.
5925,723955,D4,Banking,13.0,सामाजिक योजना बघासाठी का करा लागन ?,सामाजिक योजना पाहण्यासाठी का करावे लागते?
5926,710130,D1,Agriculture,13.5,तुरीच्या शेंगेक सामान्यता लाल हरभरो किंवा तुर म्हणून ओळखला जाता,तुरीच्या शेंगेकची सामान्यता लाल हरभरो किंवा तुर म्हणून ओळखली जाते
5927,713670,D2,Agriculture,13.5,"कंबाइन हार्वेस्टर मशीनना वापर करा ते धान्यनी कापनी , मयनी आनी टाईमनीबी बचत व्हस","कंबाइन हार्वेस्टर मशीनचा वापर करा ते धान्य कापण्यासाठी, यामुळे वेळ आणि पैसे बचत होते."
5928,724018,D4,Banking,13.0,पैसे गुंतवासाठी मले कोंता फारम भरा लागन ?,पैसे गुंतवण्यासाठी मला किती पैसे भरावे लागतील?
5929,710685,D1,Banking,13.5,चेक फसवणूक ही चेकचो बेकायदेशीर वापर असलेल्या गुन्हेगारी कृत्यांचो एक भाग असा,चेक फसवणूक ही चेकच्या बेकायदेशीर वापराच्या गुन्हेगारी कृत्यांचा एक भाग आहे
5930,716080,D2,Banking,13.5,रेफर दरा चा उपयोग इतर व्याजदरांना निर्धारित करण्यासाठी केला जातो,रेफर दराचा उपयोग इतर व्याजदरांना निर्धारित करण्यासाठी केला जातो
5931,723313,D4,Agriculture,13.0,कास्तकाराइले वावराच्या साधनावर कीती टक्के सब्सिडी भेटते ?,वावराच्या साधनांवर किती टक्के सबसिडी मिळते?
5932,709048,D1,Banking,13.5,चेकची महिती घेऊक इंटरनेट बॅन्किंग खात्यात एक विशिष्ट संख्या टाकुची लागात,चेकची माहिती इंटरनेट बँकिंग खात्यात एक विशिष्ट संख्या लागते.
5933,717055,D2,Banking,13.5,स्टॅन्ड अप इंडियाचा उद्देश अनुसूचित जनजाति समुदायाला मध्य उद्यमिता समर्थित करते,स्टॅन्ड अप इंडियाचा उद्देश अनुसूचित जनजाति समुदायाला मध्य उद्यमिता समर्थित करते
5934,722894,D4,Agriculture,13.0,कोनत्या हंगामात भुईमुंगाले जास्त आवक मिळन ?,कोणत्या हंगामात जास्त आवक मिळते?
5935,710116,D1,Agriculture,13.5,स्टोरेज बॉक्स विकत घेऊ शकतात परंतु लाकडी क्रेट किंवा उथळ पुठ्ठा देखील कार्य करेल,स्टोरेज बॉक्स विकत घेऊ शकतात परंतु लाकडी क्रेट किंवा उथळ पुठ्ठा देखील कार्य करेल
5936,716315,D2,Agriculture,13.5,हे रॅक म्हणजे गवताचे दंताळे गवताचा पाचोळा जमा करण्यासाठी वापरतात,ही रॅक गवताचे दंताळे गवताचा पाचोळा जमा करण्यासाठी वापरतात
5937,723305,D4,Agriculture,13.0,आलूले कोंब आलं नाई पायजे म्हनून कोनच्या किरनाचा मारा करा लागते ?,"आलूमुळे कोंब आले, म्हणून कोणत्या किरनाचा मारा करावा लागतो?"
5938,708483,D1,Agriculture,13.5,म्होवरीची बिया साधारण एक ते दोन मिलिमीटर व्यासाची असतत,माझ्या बिया साधारण एक ते दोन मिलिमीटर व्यासाची असत.
5939,713953,D2,Banking,13.5,भारतमा पहिला प्रधानमंत्री पंडित जवाहरलाल नेहरू नेहरूना नाववर जे.एन.एन.यू.आर.एम नाव ठेयेल शे,भारतातील पहिला पंतप्रधान पंडित जवाहरलाल नेहरूचे नाव जे.एन.एन.यू.आर.एम असे ठेवले जाईल.
5940,719027,D4,Agriculture,13.0,कृषी विद्यापीठ सरकार शेतकऱ्यांना चांगल्या प्रकारचे बिया प्रदान करेल,कृषी विद्यापीठ सरकार शेतकऱ्यांना चांगल्या प्रकारचे बिया प्रदान करेल
5941,709386,D1,Banking,13.5,काकानु तुमका माहित हा काय वित्त मंत्रित्व मोप विभागांका बघता,कशाबद्दल तुम्हाला वित्त मंत्रित्व मोप विभागाबद्दल माहिती आहे?
5942,717704,D2,Agriculture,13.438,"चिकण मातीत मुळा , गाजर , रताळी व बटाटे या पिकांचे भरण पोषण होते का ?","चिकण मातीत मुळा, गाजर, रताळी व बटाटे या पिकांचे भरण पोषण होते का?"
5943,722148,D4,Banking,13.0,पिंटू तुम्हाला माहित आहे की भारत सरकार दारूवर महसूल घेते,पिंटू तुम्हाला माहित आहे की भारत सरकार दारूवर महसूल घेते
5944,708183,D1,Banking,13.5,आर्थिक विनिमय संस्था विनाकारण असफल झाले तर बँके तेच्यार नियंत्रण ठेयतत,आर्थिक विनिमय संस्था विनाकारण असफल झाले तर बँकेचे त्यावर नियंत्रण ठेयतत
5945,717495,D2,Agriculture,13.429,"गहू , ज्वारी , हरभरा या पिकांवर थंड हवामानाचा काय परिणाम होऊ शकतो ?","गहू, ज्वारी, हरभरा या पिकांवर थंड हवामानाचा काय परिणाम होऊ शकतो?"
5946,721781,D4,Agriculture,13.0,काइट्सनचा उपयोग लठ्ठपणापासून बचावासाठी केला जातो,काइट्सनचा उपयोग लठ्ठपणापासून बचावासाठी केला जातो
5947,708966,D1,Banking,13.5,पेमेंट करदात्यांका प्रत्यक्ष करांच्या ऑनलाईन पेमेंटची सुविधा देता,पेमेंट करदात्यांना प्रत्यक्ष त्यांच्या पेमेंटची सुविधा द्या
5948,715817,D2,Agriculture,13.429,फळ आणि फुलांचे बियाणं रोपवाटिकेमध्ये सहज उपलब्ध होतात आणि आपण त्यामध्ये निवड करू शकतो,फळ आणि फुलांचे बियाणे रोपवाटिकेमध्ये सहज उपलब्ध होतात आणि आपण त्यामध्ये निवड करू शकतो
5949,719398,D4,Banking,13.0,ई.सी.एस च्या मदतीने तुम्ही तुमच्या कर्मचाऱ्यांना त्यांचे वेतन देऊ शकता,ई.सी.एस च्या मदतीने तुम्ही तुमच्या कर्मचाऱ्यांना त्यांचे वेतन देऊ शकता
5950,707355,D1,Banking,13.5,"इक्विटी धारकाक खयच्या पण प्रकारचो पैसो देऊक लागणार नाय हा , असा सुदीपच बोललो",इक्विटी धारकांना खयच्या पण प्रकारचा पैसा देण्याची आवश्यकता लागणार नाही असे सुदीपने बोलले.
5951,715293,D2,Banking,13.429,"आपण आपलं क्रेडिट कार्ड , ए.टी.एम वापरतो , त्यामुळे आपल्याला त्याला सुरक्षित ठेवायला हव","आपण आपले क्रेडिट कार्ड, ए.टी.एम वापरता, त्यामुळे आपल्याला त्याला सुरक्षित ठेवायला हवे."
5952,721133,D4,Banking,13.0,भारतातील सर्वोत्तम गुंतवणूक सार्वजनिक बचत प्रमाणपत्र म्हणजे शासकीय बाँड नॅशनल पेन्शन,भारतातील सर्वोत्तम गुंतवणूक सार्वजनिक बचत प्रमाणपत्र म्हणजे शासकीय बाँड नॅशनल पेन्शन
5953,712544,D1,Agriculture,13.5,माझ्या बहिणीक खयचीबी सुरक्षा किंवा तारण नसा तिका कृषी कर्ज कसा मेळतल ?,माझ्या बहिणीसाठी सुरक्षा किंवा तारण नसल्यास कृषी कर्ज कसे मिळेल?
5954,714079,D2,Banking,13.429,भविष्य निधी दर महिनोले आपला पेंशन फंड ना एक हिस्सा ना योगदान करू शकतस,भविष्य निधी दर महिन्याला आपला पेन्शन फंडचा एक भागही योगदान करू शकत नाही
5955,718972,D4,Banking,13.0,एखादी व्यक्ती कंपनी किंवा वित्तीय संस्थेत शामिल होऊन मुदत ठेव खाते उघडते,एखादी व्यक्ती कंपनी किंवा वित्तीय संस्थेत सामील होऊन मुदत ठेव खाते उघडते
5956,707710,D1,Banking,13.5,पंजाब नॅशनल बँक ही भारतातल्या सार्वजनिक क्षेत्रातली दुसरी सगळ्यात मोठी बँकआसा,पंजाब नॅशनल बँक ही भारतातील सार्वजनिक क्षेत्रातील दुसरी सर्वात मोठी बँक आहे.
5957,716436,D2,Banking,13.423,"स्टँड अप इंडिया महिला , अनुसूचित जाती आणि अनुसूचित जमातींना व्यवसाय कर्ज देते",स्टँड अप इंडिया महिला अनुसूचित जाती आणि अनुसूचित जमातींना व्यवसाय कर्ज देते
5958,722735,D4,Banking,13.0,तुम्हाला केवळ ठराविक कालावधीसाठी मागणी कर्ज मिळू शकेल,तुम्हाला केवळ ठराविक कालावधीसाठी मागणी कर्ज मिळू शकेल
5959,707959,D1,Agriculture,13.5,येगयेगळ्या देशांमध्ये लागवड करणारे येगळ्या प्रकारचे असतत,अनेक देशांमध्ये लागवड करणारे विविध प्रकारचे अस्तित्वात आहेत
5960,717421,D2,Agriculture,13.423,अल्पभूधारक शेती कशी मोजतात ? शासनाच्या विविध योजनांचा त्याला लाभ मिळतो का ?,अल्पभूधारक शेती कशी मोजतात? शासनाच्या विविध योजनांचा त्याला लाभ मिळतो का?
5961,722443,D4,Agriculture,13.0,प्रिंटींग पॅकेजिंग फिल्टर पेपर बुक टॉयलेट टिश्यूमध्ये कागदाचा वापर इ,"प्रिंटींग, पॅकेजिंग, फिल्टर, पेपर, पुस्तक, टॉयलेट टिश्यूमध्ये कागदाचा वापर इत्यादी."
5962,709696,D1,Banking,13.5,समुदाय बॅन्कांची शाखा जास्त करान गल्लीबोळ्यात असता,समुदाय बॅन्कांची शाखा जास्त करान गल्लीबोळ्यात असते
5963,714271,D2,Agriculture,13.423,"कॉफी ब्रँड कंपनीसमा नेसकाफी , काफी ब्रु , ब्लु टोकाई स्टारबक्सना समावेश व्हस","कॉफी ब्रँड कंपनीमध्ये नेस्काफी, कॉफी ब्रू आणि ब्लू टोकाई स्टारबक्स समाविष्ट आहेत."
5964,719532,D4,Banking,13.0,क्रेडिट गॅरंटी म्हणजे कर्जदाराचे कर्ज दायित्व गृहीत धरण्याचे पक्षाचे वचन,क्रेडिट गॅरंटी म्हणजे कर्जदाराचे कर्ज दायित्व गृहीत धरण्याचे पक्षाचे वचन
5965,708977,D1,Banking,13.5,मायक्रोक्रेडीट उद्यमशीलतेचा समर्थन करूक आणि गरीबी कमी करू डिझाईन केली हा,मायक्रोक्रेडीट उद्यमशीलतेचे समर्थन करून आणि गरीबी कमी करून हे डिझाईन केले आहे.
5966,712977,D2,Agriculture,13.423,भारत सरकारनी हवामान नी सूचना देवा करता एक विभाग नी स्थापना करेल शे,भारत सरकारने हवामानाची माहिती देण्यासाठी एक विभाग स्थापन करेल.
5967,723365,D4,Agriculture,13.0,संत्र्यावर किड्यांचा हल्ला झाल्यावर मंग काय करा लागन ?,संत्र्यांवर किड्यांचा हल्ला झाल्यावर काय करावे लागेल?
5968,706973,D1,Banking,13.5,डायरेक्ट क्रेडिट म्हणजे पैसो देणारा व्यक्तीच्यो बँक खात्यात थेट जमा करणा,डायरेक्ट क्रेडिट म्हणजे पैसा देणारा व्यक्ती बँक खात्यात थेट जमा करतो.
5969,714094,D2,Agriculture,13.423,टयूलिप हाई सर्वात महाग फुलेस म्हाईन शे जे ऑटोमन्स ना प्रतीक बनेल शे,"टायूलिप सर्वात महाग फुले आहेत, ज्याचे ऑटोमन्स प्रतीक बनेल."
5970,723139,D4,Agriculture,13.0,कास्तकाराइच्या मालाची बेइज्जती बाकी लोक काऊन करते ?,कास्तकाराइच्या मालाची बेइज्जती बाकी लोक काऊन करतात?
5971,707119,D1,Banking,13.5,"ऑडिटर म्हणून काम करुक , एखाद्या व्यक्तीक नियामक प्राधिकरणान प्रमाणित केला पाहिजे","ऑडिटर म्हणून काम केले पाहिजे, एखाद्या व्यक्तीच्या नियामक प्राधिकरणाने प्रमाणित केले पाहिजे."
5972,713778,D2,Banking,13.423,भारतीय कर कानून आणि नियममा लोकेसले व्हणारा फायदा आणि तोटा ना लेख ऱहास,भारतीय कर कायदे आणि नियमांमुळे लोकांचे होणारे फायदे आणि तोटे लेख
5973,724231,D4,Banking,13.0,माय डेबिट कार्ड हरोल्यास काय करा लागन ?,माझे डेबिट कार्ड हरल्यास काय करावे लागेल?
5974,709359,D1,Banking,13.5,एक बॅन्क विवरण वित्तीय संस्थान तयार करता आणि तेंका क्रमांक दिलेले असतत,एक बँक विवरण वित्तीय संस्था तयार करतो आणि तेंका क्रमांक दिलेला असतो.
5975,716275,D2,Banking,13.423,"स्टेट बँक ऑफ इंडिया , सी.आय.एम.बी ने इंट्रा बँक लाभार्थीला नियंत्रित केलं जात","स्टेट बँक ऑफ इंडिया, सी.आय.एम.बीने इंट्रा बँकेच्या लाभार्थ्याला नियंत्रण ठेवले आहे."
5976,724066,D4,Banking,13.0,मले शिकासाठी कर्ज घ्याले ऑनलाईन अर्ज कसा भरा लागन ?,मला शिक्षणासाठी कर्ज घेण्यासाठी ऑनलाईन अर्ज कसा भरावा लागेल?
5977,709791,D1,Banking,13.5,आंतरराष्ट्रिय कर पद्धती पेक्षा दुप्पट करपद्धतीची समस्या निर्माण होता,आंतरराष्ट्रीय कर पद्धतीपेक्षा दुप्पट करपद्धतीची समस्या निर्माण झाली.
5978,717818,D2,Agriculture,13.417,एका एकर बाजरीसाठी किती बियाणे घ्यावे ? त्याचे माप कसे ठरते ?,एका एकर बाजरीसाठी किती बियाणे घ्यावे? त्याचे माप कसे ठरते?
5979,723279,D4,Agriculture,13.0,पराटीवरच्या पांढऱ्या माशीवर लगाम कसा लावा लागन ?,पराटीवरच्या पांढऱ्या माशीवर लगाम कशी लावायला लागेल?
5980,708914,D1,Banking,13.5,महिला उद्योजिकतेतना बायकांमध्ये आत्मविश्वास आणि आनंद वाढू शकता,महिला उद्योजिकतेमुळे बायकांमध्ये आत्मविश्वास आणि आनंद वाढू शकतो
5981,717888,D2,Agriculture,13.417,मक्यावर कोणत्या रोगाचा प्रादुर्भाव होऊ शकतो ? त्याकरिता काय उपाययोजना करावी ?,मक्यावर कोणत्या रोगाचा प्रादुर्भाव होऊ शकतो? त्यासाठी काय उपाययोजना करावी?
5982,724029,D4,Banking,13.0,मले आरोग्य बिमा काढासाठी ऑनलाईन फारम भरा लागन का ?,मला आरोग्य विमा काढण्यासाठी ऑनलाईन फॉर्म भरायला लागन का?
5983,710725,D1,Banking,13.5,डिफॉल्ट होण्याच्या जोखमीवर कंपनीच्या कर्जाचो समावेश असलेले आर्थिक व्यवहार,डिफॉल्ट होण्याच्या जोखमीवर कंपनीच्या कर्जाचा समावेश असलेले आर्थिक व्यवहार
5984,717154,D2,Banking,13.417,न्यूयॉर्क शहर हे गुंतवणूक सेवांचे सर्वात मोठे केंद्र आहे त्यानंतर लंडन आहे,न्यूयॉर्क शहर हे गुंतवणूक सेवांचे सर्वात मोठे केंद्र आहे त्यानंतर लंडन आहे
5985,723307,D4,Agriculture,13.0,कास्तकाराइच्या मालाची किंमत नेहमी चढ उतार काऊन होते ?,कास्तकारिच्या मालाची किंमत नेहमी चढ-उतार का होते?
5986,709801,D1,Banking,13.5,आयातनीती पुनर्स्थापित करण्यासाठीच निर्धारित केली गेली हा,आयातनीती पुनर्स्थापित करण्यासाठीच निर्धारित केली गेली हे
5987,714287,D2,Agriculture,13.409,सिंचन परणालीमझारलं केंद्र पिव्होट सिंचन यंत्रमा तीनशे साठ अंशपक्शा कमी फिरस,सिंचन प्रणालीचे केंद्र पिव्होट सिंचन यंत्रामध्ये तीनशे साठ अंश पक्शा कमी फिरते
5988,723983,D4,Banking,13.0,आर.टी.जी.एस करतांनी जास्तचे कितीक पैसे लागते ?,आर.टी.जी.एस केल्यावर जास्त पैसे लागतात का?
5989,707118,D1,Banking,13.5,घरांत शौचालय असूक व्हया याची खात्री करुक ह्या योजना इतर योजनांसोबत जोडला जाता,"घरात शौचालय असणे याची खात्री करणे, ह्या योजना इतर योजनांसोबत जोडल्या जातात."
5990,713743,D2,Banking,13.409,स्टॉक एक्सचेंज स्टॉक ब्रोकरेसले कंपनी ना शेअर्सनी खरेदी करानी सुविधा देतस,स्टॉक एक्सचेंज स्टॉक ब्रोकरेज कंपनीच्या शेअर्सची खरेदी करण्याची सुविधा देते
5991,723750,D4,Banking,13.0,मले ऑफलाईन कर्ज घ्यासाठी कोंते कागद जोडा लागन ?,मला ऑनलाईन कर्ज घेण्यासाठी कोणते कागद जोडायला लागतील?
5992,709922,D1,Banking,13.5,तुम्ही सगळ्या प्रकारच्या गुंतवणुकीची माहिती घेऊनच गुंतवणूक करा,तुम्ही सगळ्या प्रकारच्या गुंतवणुकीची माहिती घेऊनच गुंतवणूक करा
5993,715008,D2,Banking,13.409,नियंत्रित चलन वाढीला अर्थशाश्त्राच्या भाषेत मुद्रा चलन वाढ असे म्हटले जाते,नियंत्रित चलनाची वाढ अर्थशास्त्राच्या भाषेत मुद्रा चलन वाढ असे म्हटले जाते
5994,721031,D4,Agriculture,13.0,भाजीपाला आणि फळांचे खत गाईच्या शेणापासून बनविलेले जातात,भाजीपाला आणि फळांचे खत गाईच्या शेणापासून बनविलेले जातात
5995,710473,D1,Banking,13.5,संस्थेच्या तत्त्वावर तुम्ही अकाउंटींग मध्ये पण संशोधन करु शकतास,संस्थेच्या तत्त्वावर तुम्ही अकाउंटींगमध्ये पण संशोधन करू शकता
5996,714913,D2,Agriculture,13.409,"कोरडवाहू शेतीसाठी , ओलसर माती निवडली जाते आणि पीक घेतले जाते",कोरडवाहू शेतीसाठी ओलसर माती निवडली जाते आणि पीक घेतले जाते
5997,724060,D4,Banking,13.0,कर्जाचे ऑनलाईन फारम भरासाठी मले कोंते कागद लागन ?,कर्जाचे ऑनलाईन फॉर्म भरण्यासाठी मला किती कागद लागेल?
5998,710103,D1,Banking,13.5,संवर्धित कर्जदाराक भरपूर अधिक पैशाची आवश्यकता असता जेंका एक बँक पुरी करू शकत नाय,"संवर्धित कर्जदारांना भरपूर अधिक पैशाची आवश्यकता असते, ज्यामुळे एक बँक ती पूर्ण करू शकत नाही."
5999,715558,D2,Banking,13.409,चेकिंग अकाउंट अस अकाउंट आहे ज्यामध्ये देवाणघेवाण प्रत्येक वेळी केली जाते,चेकिंग अकाउंट एक असे खाते आहे ज्यामध्ये प्रत्येक वेळी देवाणघेवाण केले जाते.
6000,723013,D4,Agriculture,13.0,झिंक खत पिकाच्या वाढीसाठी कोन्या कामाचं हाये ?,झिंक खत पिकाच्या वाढीसाठी किती लागते?
