id,text_id,dialect,domain,distortion_score,dialect_text,standard_text
12001,710754,D1,Agriculture,9.5,तुमका माहित हा फ्लॅक्ससीडमध्ये भरपूर फायबर असता,तुमचे माहीत आहे की फ्लॅक्ससीडमध्ये भरपूर फायबर असते
12002,712595,D2,Banking,9.5,आधुनिक कायमा यवहारनं माध्यम पैसा शे,आधुनिक वागणे माध्यम पैसा आहे
12003,723360,D4,Agriculture,9.0,मक्याचं कोनचं यंत्र वापरा लागन ?,मक्याचे कोणते यंत्र वापरावे लागेल?
12004,708023,D1,Agriculture,9.5,विनोव्हरचो वापर ह्यो वाऱ्याच्या येगावर अवलंबान असता,विनोव्हरचा वापर वाऱ्याच्या येगावर अवलंबून असतो.
12005,715241,D2,Agriculture,9.5,हवामान भौगोलिक स्थितीवर अवलंबून असते,हवामान भौगोलिक स्थितीवर अवलंबून असते
12006,723499,D4,Agriculture,9.0,ऊसाची लागवड कोनच्या हंगामात केली जाते ?,ऊसाची लागवड कोणत्या हंगामात केली जाते?
12007,712159,D1,Banking,9.5,गोल्ड बॉण्ड सारखे आणखी खयले पैशे साठवूचे गोष्टी हत काय ?,गोल्ड बॉण्डसारखे आणखी खयले पैसे साठवण्याची गोष्टी काय आहेत?
12008,712953,D2,Agriculture,9.5,मार्श गॅसमझार लिक्वीड बायो इंधन भेटस,मार्श गॅसमझार लिक्विड बायो इंधन उपलब्ध आहे
12009,724151,D4,Banking,9.0,के.वाय.सी करासाठी मले ऑनलाईन फारम भरता येईन का ?,केवायसीसाठी मला ऑनलाईन फॉर्म भरता येईल का?
12010,711871,D1,Banking,9.5,माका कमीत कमी कितक्या टक्क्यान व्याज मेलतला ?,मला कमीत कमी किती टप्प्यांत व्याज मिळाले?
12011,716823,D2,Banking,9.5,गुंतवणूक बँकिंग सुरु करण्याचे नियम देशानुसार बदलतात,गुंतवणूक बँकिंग सुरू करण्याचे नियम देशानुसार बदलतात
12012,723674,D4,Banking,9.0,शाळा शिकासाठी कर्ज हाय का ?,शाळा शिकण्यासाठी कर्ज आहे का?
12013,710514,D1,Agriculture,9.5,अमूल ना राजू गुजरातेतसुन आपल्या कामकाजाक सुरवात केली,अमूलने राजू गुजरातीत आपल्या कामाची सुरुवात केली
12014,713760,D2,Agriculture,9.5,"काही देशमा , बोर ना ज्यूस करिसन त्याना चहा म्हणीसन पितसं","काही देशांमध्ये, रस बनवल्यावर त्यांना चहा पितात."
12015,723589,D4,Banking,9.0,तुरंत पैसे पाठवाचे असन तर कोनच्या परकारे पाठोता येईन ?,त्वरित पैसे पाठवले तर कोणत्या मार्गाने मिळतील?
12016,708507,D1,Agriculture,9.5,वासरू वायच मोठा झाला काय मगे घरातलीच गाय नायतर बैल तयार जाता,वासरू वायच मोठा झाला काय मागे घरातलीच गाय आणि बैल तयार होत आहेत
12017,713872,D2,Banking,9.5,बँकाना खातामा नंबर हावू भेटले वालासना वयख,बँकाचा खाते क्रमांक कसा भेटला वालासना वयख
12018,723854,D4,Banking,9.0,नव्या ए.टी.एम पीन साठी मले का करा लागन ?,नव्या एटीएम पिनसाठी मला का करावे लागेल?
12019,710466,D1,Agriculture,9.5,सफेद हरभऱ्याचो वापर बटाटो छोलेच्या भाजीत पण केलो जाता,सफेद हरभऱ्याचा वापर बटाट्याच्या छोलेच्या भाजीत पण केला जातो.
12020,713005,D2,Agriculture,9.5,लाकूडना अर्थव्यवस्थाले वानिकी अर्थव्यवस्थाबी म्हणतस,लाकूड आणि अर्थव्यवस्था वानिकीची व्यवस्था करते
12021,724135,D4,Banking,9.0,मले चार एकर वावरावर कितीक कृषी कर्ज भेटन ?,मला चार एकर वावरावर किती कृषी कर्ज मिळेल?
12022,709718,D1,Agriculture,9.5,सेंद्रिय खत पर्यावरणासाठी पण फायदेशीर असता,सेंद्रिय खत पर्यावरणासाठी पण फायदेशीर असते.
12023,716522,D2,Agriculture,9.5,कीटक व्यवस्थापन सेवा ही पर्यावरणीय आरोग्य सेवेचा एक भाग आहे,कीटक व्यवस्थापन सेवा ही पर्यावरणीय आरोग्य सेवेचा एक भाग आहे
12024,724146,D4,Banking,9.0,मले माय कर्ज हर मईन्याप्रमाणं वापिस करता येईन का ?,मला माझे कर्ज प्रमाणानुसार वापरता येईल का?
12025,709215,D1,Agriculture,9.5,काळ्या चण्यांची उत्पत्ती दक्षिण आशियात झली हुती,काळ्या चण्यांची उत्पत्ती दक्षिण आशियात आहे
12026,714589,D2,Agriculture,9.5,उक्तीबटाईखाल देयेल शेतीमुये एखांदाना संसार चालस,उक्तीबटाईखाल देयेल शेतीमुये एखांदाना संसार चालेल
12027,724248,D4,Banking,9.0,बिमा पुरा भरून झाल्यावर त्याचा दावा कसा कराचा ?,विमा फॉर्म भरून झाल्यावर त्याचा दावा कसा करायचा?
12028,706629,D1,Banking,9.5,ज्या उत्पन्नावर कर आकारला जाता त्यो खर्चाचा निव्वळ असता,ज्या उत्पन्नावर कर आकारला जातो तो खर्चाचा निव्वळ असतो
12029,715171,D2,Agriculture,9.5,लोकांनी लोकर देणारी जनावरे पाळायला सुरवात केली,लोकांनी दूध देणारी जनावरे पाळायला सुरुवात केली
12030,722948,D4,Agriculture,9.0,संत्रा फळाचा सार वाढवायले कोन्या खताचा वापर करू ?,संत्र्याच्या फळाचा सार वाढवण्यासाठी कोणत्या खात्याचा वापर करू?
12031,708568,D1,Banking,9.5,सोहमान माल न पोचवच्या कारणान संस्थेचो चेक अडवलो,सोहमान माल न पोहोचवल्यामुळे संस्थेचा चेक अडवला
12032,717655,D2,Agriculture,9.5,एका एकरातील मिरचीसाठी हेक्टरी एक हजार नऊशे एकोणवीस खत वापरावे,एका एकरातील मिरचीसाठी हेक्टरी एक हजार नऊशे एकवीस खत वापरावे
12033,721980,D4,Agriculture,9.0,पाण्याचे शोषण औद्योगिकीकरण आणि शहरीकरणामुळे होते,पाण्याचे शोषण औद्योगिकीकरण आणि शहरीकरणामुळे होते
12034,709254,D1,Banking,9.5,स्पॉट मार्केट एक सार्वजनिक वित्तिय बाजार हा,स्पॉट मार्केट एक सार्वजनिक आर्थिक बाजार आहे
12035,717675,D2,Agriculture,9.5,मोसंबी किंवा डाळिंबाची विक्री कशी करावी ?,मोसंबी किंवा डाळिंबाची विक्री कशी करावी?
12036,721438,D4,Banking,9.0,काही वैयक्तिक कर्ज आपल्याला तारण न घेता देखील आढळून शकते,काही वैयक्तिक कर्ज आपल्याला तारण न घेता देखील आढळून शकते
12037,709910,D1,Agriculture,9.5,तण टाळ्याण्यासाठी अनेक प्रकारची औषधा येतत,तण टाळ्यासाठी अनेक प्रकारची औषधे येत आहेत
12038,718382,D2,Banking,9.5,ऑनलाईन बचत खात्यासाठी कोणती कागदपत्रे लागतात ?,ऑनलाईन बचत खात्यासाठी कोणती कागदपत्रे लागतात?
12039,722289,D4,Banking,9.0,व्यापार अडथळा व्यवसायाचा मुख्य उद्देश नफा मिळवणे आहे,व्यापार अडथळ्याचा व्यवसायाचा मुख्य उद्देश नफा मिळवणे आहे
12040,706592,D1,Banking,9.5,बँक दरोडा ह्या बँकेतसून पैसो चोरण्याचो प्रकार असा,बँक दरोडा ह्या बँकेतून पैसे चोरण्याचा प्रकार असा
12041,714214,D2,Agriculture,9.5,दूध उत्पादन सातवा शतकना पैलेपासून चालू शे,दूध उत्पादन सातवा शतक depuis चालू आहे.
12042,720729,D4,Banking,9.0,सुरेंद्रने क्रेडिटचा सल्ला घेऊन आपले कर्ज फेडले,सुरेंद्रने क्रेडिटचा सल्ला घेऊन आपले कर्ज फेडले
12043,708046,D1,Banking,9.5,शेअर मार्केट मध्ये गुंतवणूक करणा चांगला आसा,शेअर बाजारात गुंतवणूक करणे चांगले आहे
12044,715189,D2,Banking,9.5,व्यापारावरील निर्बंध सहसा सरकारद्वारे लादले जातात,व्यापारावरील निर्बंध सहसा सरकारद्वारे लादले जातात
12045,721937,D4,Agriculture,9.0,लवंग चिकणमाती आणि लाल मातीत चांगली वाढतात,लवंग चिकणमाती आणि लाल मातीत चांगली वाढतात
12046,708552,D1,Agriculture,9.5,साठलल्या पाण्यातसून सुध्दा माशे पकडुक येतत,साठल्या पाण्यातून सुद्धा मासे पकडता येतात
12047,713426,D2,Banking,9.5,लेखणी भाषांतर करताना कोण कोणत्या गोष्टीसनी मदत लिनी,भाषांतर करताना कोण कोणत्या गोष्टींची मदत करते?
12048,719524,D4,Banking,9.0,लीव्हरेज फायदा गुणाकार करण्यास सक्षम करते,लीव्हरेज फायदा गुणाकार करण्यास सक्षम करते
12049,708080,D1,Agriculture,9.5,"सदो सांगा होतो , लेटेक्स जमा करून कोरडे रबर बनवतत",सदो सांगा होतो लेटेक्स जमा करून कोरडे रबर बनवत आहेत
12050,712866,D2,Banking,9.5,यंदाना वरीसले कपाशीनं पीक चांगलं येवानी आशा शे,या वर्षी कापसाचे पीक चांगले येईल अशी आशा आहे.
12051,720674,D4,Banking,9.0,भारताच्या अर्थ व्यवस्थेत शेतीचे मोठे योगदान आहे,भारताच्या अर्थव्यवस्थेत शेतीचे मोठे योगदान आहे
12052,710081,D1,Banking,9.5,व्याज दरानुसार बघितला तर व्यक्तिगत खाता कशा प्रकारचा हा ?,व्याज दरावरून पाहिल्यास व्यक्तिगत खाते कशा प्रकारचे आहे?
12053,712610,D2,Banking,9.5,सीड मनी हायी गूंतवणूकशी संबंधित वाक्य शे,सीड मनी गुंतवणूकशी संबंधित वाक्य आहे
12054,721679,D4,Banking,9.0,फ़ोन पे ही एक भारतीय डिजिटल पेमेंट आणि फिनटेक कंपनी आहे,हे एक भारतीय डिजिटल पेमेंट आणि फिनटेक कंपनी आहे
12055,710333,D1,Agriculture,9.5,फुलांच्या रोगाचो माणसावर पण परिणाम होता,फुलांच्या रोगाचा माणसावर पण परिणाम होता
12056,716700,D2,Agriculture,9.5,द्राक्षबाग लागवडीसाठी तापमान आणि सूर्यप्रकाश आवश्यक आहे,द्राक्षबाग लागवडीसाठी तापमान आणि सूर्यप्रकाश आवश्यक आहे
12057,721969,D4,Agriculture,9.0,कमी पाऊस पडणाऱ्या भागात कोरडवाहू शेती केली जाते,कमी पाऊस पडणाऱ्या भागात कोरडवाहू शेती केली जाते
12058,707070,D1,Banking,9.5,संयुक्त खाता साधारणपणान जवळचा नातेवाईकांकडसून उघडली जातत,संयुक्त खाते साधारणपणे जवळच्या नातेवाईकांकडून उघडले जात आहे
12059,718283,D2,Banking,9.5,टी.वी बिल भरण्यासाठी ऑनलाईन सुविधा आहे का ?,टीव्ही बिल भरण्यासाठी ऑनलाईन सुविधा आहे का?
12060,720006,D4,Agriculture,9.0,"घारीअल ही मगरीची एकमेव प्रजाती आहे , तिची चोच लांब असते","घारीअल ही मगरीची एकमेव प्रजाती आहे, तिची चोच लांब असते."
12061,706978,D1,Banking,9.5,किंमत ह्या देय किंवा भरपाईचा मात्रा असता,किंमत देय किंवा भरपाईची मात्रा असते
12062,718340,D2,Banking,9.5,"माझे ए.टी.एम कार्ड हरवले आहे , मला मदत करु शकाल का ?","माझे एटीएम कार्ड हरवले आहे, मला मदत करू शकाल का?"
12063,722816,D4,Agriculture,9.0,कोकून रेशीम धाग्यापासून बनवला जातो,कोकून रेशीम धाग्यापासून बनवला जातो
12064,708377,D1,Banking,9.5,पैशाचो विनिमय दर देशाच्या आर्थिक स्थितीवर अवलंबून आसता,पैशाचे विनिमय दर देशाच्या आर्थिक स्थितीवर अवलंबून असतात.
12065,717739,D2,Agriculture,9.5,शंभर केळीच्या झाडांना किती किलोग्रॅम खत लागेल ?,शंभर केळीच्या झाडांना किती किलोग्रॅम खत लागेल?
12066,724297,D4,Agriculture,9.0,कोनच्या जातीच्या बकरीचे मांस चांगले रायते ?,कोणत्या जातीच्या बकरीचे मांस चांगले असते?
12067,708958,D1,Banking,9.5,मुख्य सहकार्याकडना सहकार्याक उधार देना जोखमेचा काम हा,मुख्य सहकार्याकडना सहकार्याक उधार देण्याचा धोका हा काम आहे
12068,718061,D2,Banking,9.5,मी अटल बिहारी वाजपेयी योजनेचा लाभ कसा घेऊ शकते ?,मी अटल बिहारी वाजपेयी योजनेचा लाभ कसा घेऊ शकते?
12069,723160,D4,Agriculture,9.0,कांद्याचं रोप कोनच्या मइन्यात लावाले पायजे ?,बटाट्याचे रोप कोणत्या भांड्यात लावायचे आहे का?
12070,712525,D1,Agriculture,9.5,सेंद्रिय शेतीमध्ये भारताचो पहिलो क्रमांक आसा,सेंद्रिय शेतीमध्ये भारताचा पहिला क्रमांक आहे.
12071,712940,D2,Agriculture,9.5,फूलपाकोई दुसरा जीवस करता हैबीटेट तयार करस,"फुलपाखरा दुसरा जीव जगत आहेत, ते अधिवास तयार करा."
12072,723496,D4,Agriculture,9.0,रब्बी अस खरीप हंगामात कोनचे पिकं घेता येईन ?,रब्बी अस खरीप हंगामात कोणते पीक घेता येईल?
12073,710037,D1,Agriculture,9.5,मी भारतातील प्रत्येक प्रकारच्या कॉफयेचो आस्वाद घेतल असय,मी भारतातील प्रत्येक प्रकारच्या कॉफीचा आस्वाद घेतला आहे.
12074,715815,D2,Banking,9.5,फंड ट्रान्सफर करण्यासाठी किती वेळ लागतो ?,फंड ट्रान्सफर करण्यासाठी किती वेळ लागतो?
12075,723195,D4,Agriculture,9.0,तन काढल्यानंतर कोनची फवारणी करा लागन ?,तन काढल्यानंतर कोणत्याची फवारणी करायला लागते?
12076,709236,D1,Banking,9.5,डीजीटल इंडीया एक जुलै दोन हजार पंधराक सुरू झाला होता,डिजिटल इंडिया एक जुलै दोन हजार पंधरवडा सुरू झाला होता
12077,717197,D2,Agriculture,9.5,ऑगस्ट आणि ऑक्टोबरमध्ये गांज्याची काढणी केली जाते,ऑगस्ट आणि ऑक्टोबरमध्ये धान्याची काढणी केली जाते
12078,723709,D4,Banking,9.0,मले आरोग्य बिम्यासाठी अर्ज करता येईन का ?,मला आरोग्य बिम्यासाठी अर्ज करता येईल का?
12079,710679,D1,Banking,9.5,चलनवाढीच्या काळात बँक अर्थ व्यवस्थेत चलनविषयक धोरण आणतत,चलनवाढीच्या काळात बँक अर्थव्यवस्थेत चलनविषयक धोरण आणत होती.
12080,714499,D2,Banking,9.5,शेतकरीले डिजीटल खातं उघाडानी करता पॅनकार्ड लागी का ?,शेतकऱ्यांनी डिजिटल खाते उघडण्यासाठी पॅनकार्ड लागते का?
12081,724025,D4,Banking,9.0,मले फोनचा ऑनलाईन रिचार्ज कसा करा लागन ?,मला फोनचा ऑनलाईन रिचार्ज कसा करायला लागेल?
12082,706496,D1,Banking,9.5,भांडवली बाजार दीर्घकालीन रोखा व्यवहार करतत,भांडवली बाजार दीर्घकालीन रोखा व्यवहार करत आहे
12083,714628,D2,Banking,9.5,करजंना हाफ्ता येयवर भरा ते बँक कोणताच दंड आकारत नै,कर्जावर हाफ्ता भरताना बँक कोणताही दंड आकारते.
12084,724227,D4,Banking,9.0,के.वाय.सी साठी कोंते कागद लागन ?,के.वाय.सी साठी कागद लागतील का?
12085,709841,D1,Agriculture,9.5,काश्मिरी धाग्याचे प्रकार ऑनलाइन पण बघूक मिळतत,काश्मिरी धाग्यांचे प्रकार ऑनलाइन पण माहिती मिळत आहे
12086,713430,D2,Banking,9.5,एक्सचेज ट्रेडेड डेरीवेटीव्स मा लबाडसनी वस्तूकासन आदला बदल करतस,एक्सचेज ट्रेडेड डेरिव्हेटिव्ह्जमुळे मला लाबाड आणि वस्तूकासन बदल करावे लागत आहे.
12087,722982,D4,Agriculture,9.0,रेपसीडले रब्बी हंगामामंदीच काऊन पेरतात ?,रेपसीडले रब्बी हंगामामंदीच कोण पेरतात?
12088,707946,D1,Agriculture,9.5,"म्या वाचलंय की , सीताफळात पोटॅशियम बऱ्या प्रमाणात आसता",मी वाचले की सीताफळात पोटॅशियम बऱ्या प्रमाणात असते
12089,712981,D2,Agriculture,9.5,"दक्षिण भारतामझार पिक कापणीना वखत पोंगल , उगादि आणि आओणमना सण साजरा करतस","दक्षिण भारतात पिक कापणीच्या वेळी पोंगल, उगादि आणि आणोणमना सण साजरे केले जातात."
12090,723593,D4,Banking,9.0,मले गावातल्या गावात मोजमाप कस भेटन ?,मला गावातील मोजमाप कसे मिळेल?
12091,710595,D1,Banking,9.5,ऑनलाईन नेटबँकिंगना तु तुझ्या डेबीट कार्डचो पिन बदलु शकत,ऑनलाईन नेटबँकिंगद्वारे तुम्ही तुमचे डेबिट कार्डचे पिन बदलू शकता
12092,717940,D2,Banking,9.5,एका दिवसामध्ये किती वेळा निधी हस्तांतरीत करता येईल ?,एका दिवसात किती वेळा निधी हस्तांतरित करता येईल?
12093,723681,D4,Banking,9.0,मायी कर्ज वापस करण्याची तारखी कोनती राहीन ?,मला कर्ज परत करण्याची तारीख कोणती राहील?
12094,708414,D1,Agriculture,9.5,बियाण्यांची बचत करून तुमचो खर्च कमी करू शकतास,बियाण्यांची बचत करून तुम्ही तुमचा खर्च कमी करू शकता.
12095,715781,D2,Agriculture,9.5,पोटॅशियम खत पोटॅश ला के टू ओ च्या रूपात संदर्भित केल जात,पोटॅशियम खताला पोटॅश K2O च्या रूपात संदर्भित केले जाते.
12096,723878,D4,Banking,9.0,बिमा काढाचे कितीक परकारचे फायदे हाय मले कस कळन ?,बिम्याच्या किती आवश्यक फायदे मला कसे कळतात?
12097,709025,D1,Banking,9.5,शेअर बाजारात कमाईचो काही हिस्सो ठरवून समजून उमजून लाऊक व्हये,शेअर बाजारात कमाईचे काही हिस्से ठरवून समजून उमजून घ्यावे
12098,714194,D2,Agriculture,9.5,"दुभत्या जनावरसना यवस्थापना करता गायी , म्हशीसनं पालनपोषण करनं पडस",दुष्ट जनावरंवर व्यवस्थापन करून गायी आणि म्हशींचे पालनपोषण करणे आवश्यक आहे.
12099,723457,D4,Agriculture,9.0,कांद्याच्या पिकात कोनचं तननाशक वापराले पायजे ?,कांद्याच्या पिकात कोणते कीटकनाशक वापरावे?
12100,710587,D1,Banking,9.5,एखादी फर्म जी रक्कम ठेवता त्याका तरल राशी म्हणतत,एखादी फर्म जी रक्कम ठेवते ती तरल राशी म्हणते
12101,716411,D2,Agriculture,9.5,पशुधन शेतीचा भारताच्या अर्थव्यवस्थेत मोठा वाटा आहे,पशुधनाचा शेतीचा भारताच्या अर्थव्यवस्थेत मोठा वाटा आहे.
12102,723121,D4,Agriculture,9.0,संत्र्याच्या फूल धरणे वर केवढं बोरोंन औषध टाकावं ?,संत्र्याच्या फुले गोळा करताना वर किती औषध घालावे?
12103,712141,D1,Banking,9.5,माझा कर्ज किती वेळासाठी हा ?,माझे कर्ज किती वेळासाठी आहे?
12104,712734,D2,Agriculture,9.5,एअरोपोनिक्स पद्धतमझार रोपेसनी वाढ हवावाला वातावरणात व्हस,एरोपोनिक्स पद्धतीमुळे रोपांची वाढ वातावरणात होते.
12105,723388,D4,Agriculture,9.0,भुइमुगा साठी कोनचं तंत्र वापराले पायजे यावे ?,जमिनीसाठी कोणते तंत्र वापरावे लागेल?
12106,708376,D1,Banking,9.5,पैशाचे प्रश्न आर्थिक व्यवस्थेमुळे सुटतत,पैशाचे प्रश्न आर्थिक व्यवस्थेमुळे सुटतात.
12107,714037,D2,Banking,9.5,आर्थिक सुधारणासले जुना चलन यवस्थामझारली सुधारणा म्हणतंस,"आर्थिक सुधारणांमुळे जुन्या चलनाचे व्यवस्थापन झाले, असे सुधारणा म्हटले जाते."
12108,723928,D4,Banking,9.0,खातं खोलल्यावर मले पासबुक भेटन का ?,खाते उघडल्यावर मला पासबुक मिळते का?
12109,710390,D1,Banking,9.5,मिस्ड कॉल देवन खात्याची माहिती गावू शकता,मिस्ड कॉल देवन खात्याची माहिती मिळू शकते का?
12110,717058,D2,Banking,9.5,युद्ध करार हे देखील महागाई नियंत्रित करण्याचे एक साधन आहे,युद्ध करार हे देखील महागाई नियंत्रित करण्याचे एक साधन आहे
12111,722997,D4,Agriculture,9.0,काळ्या मातीत कोनचे पिकं घेतले जाते ?,काळ्या मातीत कोणते पीक घेतले जाते?
12112,710129,D1,Agriculture,9.5,कम्बाईन ह्या पिक कापूसाठी वापरला जाणारा यंत्र असा,कम्बाईन ही ह्या पिकसाठी वापरले जाणारे यंत्र आहे
12113,714886,D2,Agriculture,9.5,काश्मिरी लोकर कापड उद्योगात अनेक प्रकारे वापरली जाते,काश्मिरी लोक कापड उद्योगात अनेक प्रकारे वापरले जातात.
12114,723835,D4,Banking,9.0,कर्ज भरताना माही तारीख चुकली तर मले का करता येईन ?,कर्ज भरताना मला तारीख चुकली तर मला का करता येईल?
12115,710709,D1,Agriculture,9.5,झाडांमध्ये हवा आणि प्रकाश येवसाठी छाटणी करणा आवश्यक असा,झाडांमध्ये हवा आणि प्रकाश येण्यासाठी छाटणी करणे आवश्यक आहे.
12116,714027,D2,Agriculture,9.5,मेकॅनिकल ट्री शेकर हाई फयझाडसना कापनी करता वापरतंस,तुम्ही मेकॅनिकल ट्री शेकर वापरून कापणी करत आहात
12117,724131,D4,Banking,9.0,ए.टी.एम कार्डने दुसऱ्याले पैसे पाठोता येते का ?,ए.टी.एम कार्डने दुसऱ्यांचे पैसे पाठवता येतात का?
12118,708063,D1,Agriculture,9.5,शेतीशी संबंधित खालील कामांसाठी कर्ज मिळू शकता,शेतीशी संबंधित खालील कामांसाठी कर्ज मिळू शकते
12119,716957,D2,Banking,9.5,रोखे बाजारामध्ये अमेरिकेचा सर्वाधिक वाटा आहे,रोखे बाजारामध्ये अमेरिकेचा सर्वाधिक वाटा आहे
12120,724173,D4,Banking,9.0,मले कितीक वर्षासाठी बिमा काढता येईन ?,मला किती वर्षांसाठी विमा काढता येईल?
12121,709204,D1,Agriculture,9.5,स्पेनिंग जेनीच्या शोधानंतर मजुरांची गरज कमी पडता,स्पेनिंग जेनीच्या शोधानंतर मजुरांची गरज कमी पडली
12122,717978,D2,Banking,9.5,माझे पेंडींग बिल कसे पाहता येईल ?,माझे प्रलंबित बिल कसे पाहता येईल?
12123,723156,D4,Agriculture,9.0,रब्बी हंगामामंदी सोयाबीन वाढते काय ?,रब्बी हंगामात सोयाबीन वाढते का?
12124,708021,D1,Banking,9.5,वित्तीय लेखा मानक मंडळ कश्या प्रकारे काम करता ?,वित्तीय लेखा मानक मंडळ कशा प्रकारे काम करते?
12125,715957,D2,Banking,9.5,महागाईच मापन महागाई दरावरून केलं जातं,महागाईचे मापन महागाई दरावरून केले जाते.
12126,723488,D4,Agriculture,9.0,मोबाईल वर मी माया शेतीचं क्षेत्र कस मोजू ?,मी मोबाईलवर शेतीचे क्षेत्र कसे मोजू?
12127,707760,D1,Banking,9.5,प्रत्येक ग्राहक ह्यो फेअरट्रेडचो महत्त्वाचा भाग आसा,प्रत्येक ग्राहक ही फेअर ट्रेडचा महत्त्वाचा भाग आहे
12128,716486,D2,Banking,9.5,ऋण आहाराचे अगदी पहिले कार्य म्हणजे कर्ज किती आहे हे पाहणे,ऋण आहाराचे अगदी पहिले कार्य म्हणजे कर्ज किती आहे हे पाहणे
12129,724001,D4,Banking,9.0,मले माया खात्यातून ऑनलाईन कर्ज काढता येईन का ?,मला माया खात्यातून ऑनलाईन कर्ज काढता येईल का?
12130,708194,D1,Agriculture,9.5,उंच बांबू ही गवत वर्गातली एक मोठी वनस्पती आसा,उंच बांबू ही गवत वर्गातील एक मोठी वनस्पती आहे
12131,712794,D2,Agriculture,9.5,भारतना पूर्वकडला राज्य बांबूसनी शेती करतस,भारतातील त्या राज्यात बांबूने शेती केली जाते.
12132,723190,D4,Agriculture,9.0,टमाट्याले लखड्या रोग झाला तर कोनची फवारणी करा लागीन ?,टमाट्याला रोग झाला तर कोणत्या फवारणीची करायला लागेन?
12133,711551,D1,Agriculture,9.5,एक लिटर दूधाक खडे जास्त किंमत मिळात ?,एक लिटर दुधाचे जास्त किंमत मिळते का?
12134,713032,D2,Banking,9.5,इलेक्ट्रॉनिक पेमेंट शिश्टिमसाठे इंटरनेटना वापर करतस,इलेक्ट्रॉनिक पेमेंट सिस्टम इंटरनेट वापरते
12135,723149,D4,Agriculture,9.0,दुधापासून कोनकोनचे पदार्थ तयार होते ?,दुधापासून कोनकोनचे पदार्थ तयार होतात का?
12136,712562,D1,Banking,9.5,म्या येगल्या बँकेसून एखाद्याक पयशे ट्रान्सफर करू शकतय काय ?,मी बँकेतून कोणाला पैसे ट्रान्सफर करू शकतो का?
12137,713176,D2,Banking,9.5,खासगी गुंतवणूकदार मन्हीसन तुम्ही कितली जोखीम लेल शे,"खासगी गुंतवणूकदार मन्हीसन, तुम्ही किती जोखीम घेता शेत?"
12138,723363,D4,Agriculture,9.0,करडी कोनच्या यंत्राच्या मदतीनं कापाले पायजे ?,या यंत्राच्या मदतीने कशाने कापणे?
12139,709876,D1,Agriculture,9.5,ग्रामीण कविता ग्रामव्यवस्थेचा चित्रण करतत,ग्रामीण कविता ग्रामव्यवस्थेचे चित्रण करत आहे
12140,713484,D2,Agriculture,9.5,"फयेस्ना झाडे , रोपे जमीनना पोत वर धाकला मोठा वाढतंस ना ?",झाडे आणि रोपे जमिनीवर वर वाढत आहेत का?
12141,723181,D4,Agriculture,9.0,रासायनिक खत टाकनं ठीक हाये का ?,रासायनिक खत टाकणं ठीक आहे का?
12142,710606,D1,Banking,9.5,करचोरी केल्यामुळा देशाची आर्थिक व्यवस्था डगमगु शकता,करचोरी केल्यामुळे देशाची आर्थिक व्यवस्था डगमगते
12143,713436,D2,Agriculture,9.5,अरोरुट नावना मुया वरीसभर पिकाडता येस,अरोरुट नावाचा तुम्हाला वारसाभरा पिकाडता येतील का?
12144,723308,D4,Agriculture,9.0,मोबाईलवर येनाऱ्या संदेशात खरा बाजारभाव येते का ?,मोबाईलवर येणाऱ्या संदेशात खरा बाजारभाव येतो का?
12145,707252,D1,Banking,9.5,पे.टी.एम ऍप्लिकेशनात सेंड मनी टू एनी ओन ह्यो विभाग निवडा,पी.टी.एम ऍप्लिकेशनमध्ये सेंड मनी टू एनी ओन विभाग निवडा
12146,717160,D2,Agriculture,9.5,भारतासह जगभरात या वर्षी तागाच्या उत्पादनात वाढ झाली आहे,भारतासह जगभरात या वर्षी तागाच्या उत्पादनात वाढ झाली आहे
12147,724158,D4,Banking,9.0,डेबिट कार्डनं मले दिवसाले कितीक पैसे काढता येईन ?,मला डेबिट कार्डवरून दिवसात किती पैसे काढता येतील?
12148,710512,D1,Agriculture,9.5,अमिशान वाळवी मारूसाठी बाजारातना औषध आणल्यान,अमिशान वाळवी मारण्यासाठी बाजारातून औषध आणले.
12149,713537,D2,Agriculture,9.5,एकरी उत्पन्न वाढावा करता कृषी खातामा गनज कायपात चालू शे,कृषी उत्पन्न वाढावे यासाठी एकरी काय चालू आहेत?
12150,723882,D4,Banking,9.0,सामाजिक योजना सर्वाईले लागू रायते काय ?,सामाजिक योजना लागू झाल्या आहेत का?
12151,706408,D1,Banking,9.5,ऑडिटर म्हणजे ऑडिट करुक कंपनीना नियुक्त केलेलो व्यक्ती,ऑडिटर म्हणजे ऑडिट कंपनीला नियुक्त केलेली व्यक्ती
12152,716331,D2,Banking,9.5,विशेष कंपन्यांचा पगार हा आऊटसौर्स म्हणून केला जातो,विशेष कंपन्यांचे पगार आऊटसौर्स म्हणून केले जातात
12153,722862,D4,Agriculture,9.0,खत हे नायट्रोजन फॉस्फरस आणि पोटॅशियम घटकांचे मिश्रण आहे,खत हे नायट्रोजन फॉस्फरस आणि पोटॅशियम घटकांचे मिश्रण आहे
12154,708800,D1,Agriculture,9.5,केराटिनचो वापर आपण आपल्या केसांका प्रोटीन मिळूक करताव,आपण केसांमधून प्रोटीन मिळवण्यासाठी केराटिनचा वापर करतो
12155,714696,D2,Banking,9.5,चुकीनाकर कर जर सरकार लावत व्हई ते लोके ईरोध करु शकतस,जर चूक केली तर सरकार लावल्यास ते लोक विरोध करू शकत नाहीत
12156,720873,D4,Agriculture,9.0,ब्रिटनमध्ये प्रामुख्याने सहा प्रकारची लागवड आहे,ब्रिटनमध्ये प्रामुख्याने सहा प्रकारची लागवड आहे
12157,709145,D1,Agriculture,9.5,मिया आपल्या बागेत झेंडूच्या फुलाचा झाड लावलंय,मी आपल्या बागेत झेंडूचे झाड लावले आहे.
12158,718352,D2,Banking,9.5,मला माझा सेल फोन कसा रिचार्ज करता येईल ?,मला माझा सेल फोन कसा रिचार्ज करता येईल?
12159,720156,D4,Agriculture,9.0,आम्ही रस्ते समतल करण्यासाठी रोड रोलर वापरतो,आम्ही रस्ते समतल करण्यासाठी रोड रोलर वापरतो
12160,706817,D1,Banking,9.5,फाउंडेशन ह्या एक धर्मादाय संस्था देखील असा,फाउंडेशन ही एक धर्मादाय संस्था देखील आहे
12161,717442,D2,Agriculture,9.5,व्हॉटसॲपवर शेती माल विक्री करु शकतो का ?,व्हॉट्सॲपवर शेतीचे माल विक्री करू शकतो का?
12162,720517,D4,Agriculture,9.0,"कापणीनंतर , रवीशने पीक कोरड्या आणि हवेशीर खोलीत साठवले",कापणीनंतर रवीशने पीक कोरड्या आणि हवेशीर खोलीत साठवले
12163,708329,D1,Agriculture,9.5,दमट धान्याचो ढीग केल्यार दाणो खराब जाता नायतर पिवळो पडता,"दमट धान्य ढीग केल्यास ते खराब होते, नाहीतर पिवळते पडते."
12164,714397,D2,Agriculture,9.5,भारत हावू कृषिप्रधान संस्कृतीना देश शे,भारत हा एक कृषिप्रधान देश आहे
12165,722524,D4,Banking,9.0,"सर , विश्व व्यापार चे मुख्यालय जिनिव्हा येथे आहे","सर, विश्व व्यापारचे मुख्यालय जिनिव्हा येथे आहे."
12166,710505,D1,Banking,9.5,अटल पेंशन योजनेसाठी वय मर्यादा अठरा ते चाळीस वर्ष ठेवली असा,अटल पेंशन योजनेसाठी वय मर्यादा अठरा ते चाळीस वर्षे ठेवली गेली.
12167,717139,D2,Banking,9.5,एडम स्मिथला अर्थशास्त्राचा जनक म्हटले जाते,एडम स्मिथला अर्थशास्त्राचा जनक म्हटले जाते
12168,724044,D4,Banking,9.0,नॉन बँकिंगनं किती रुपयापर्यंत कर्ज काढता येते ?,नॉन बँकिंगमधून किती रुपयांपर्यंत कर्ज काढता येते?
12169,710305,D1,Agriculture,9.5,"परागनानंतरच फूल , फळांत प्रजननाची प्रक्रिया सुरू होता",परागनानंतरच फूल फळांत प्रजननाची प्रक्रिया सुरू होती.
12170,712913,D2,Banking,9.5,निव्वय वर्तमान मूल्य घसारामाथून वजा करतस,निव्वय मूल्य वर्तमान मूल्यामधून घसारा वजा केले जाते
12171,724054,D4,Banking,9.0,पैसे पाठवासाठी आर.टी.जी.एसचं सोप पडते का ?,पैसे पाठवण्यासाठी आर.टी.जी.एसचा फॉर्म पडतो का?
12172,709800,D1,Agriculture,9.5,आयव्ही गॉर्ड सामान्यतः भारतीय प्रदेशात आढळता,आयव्ही गॉर्ड सामान्यतः भारतीय प्रदेशात आढळते
12173,716644,D2,Banking,9.5,बँकेमध्ये पर्सनल खात खोलून आपण बँक खात्यात पैसे जमा करू शकतो,बँकेत पर्सनल खात्यात आपण पैसे जमा करू शकतो
12174,722938,D4,Agriculture,9.0,तुरीवरच्या अळीसाठी कोनतं कीटकनाशक हाये ?,तुरीवरच्या अळीसाठी कोणते कीटकनाशक आहे?
12175,711007,D1,Banking,9.5,वित्त उद्योगाद्वारे प्रदान केलेले आर्थिक सेवा असत,वित्त उद्योगाद्वारे प्रदान केलेल्या आर्थिक सेवा होत्या.
12176,713835,D2,Agriculture,9.5,इसवीसन पूर्व दोनहजारमा जपानमझार सरवासमा पहिले पीक लिधं व्हतं,ईसापूर्व दोन हजार वर्षांपूर्वी जपानच्या प्रदेशात पहिले पीक आले.
12177,723097,D4,Agriculture,9.0,एका एकर शेतीले किती टन शेन खत द्या लागन ?,एका एकर शेतीसाठी किती टन शेण खत द्यावे लागेल?
12178,709569,D1,Agriculture,9.5,भारतातील बहुतेकजण शेती ही घरगुती उपकरणा वापरून करतत,भारतातील बहुतेक लोक शेती घरगुती उपकरणांनी करतात
12179,716892,D2,Agriculture,9.5,भुजिया भाजी पराठ्यात मोहरीची पाने वापरली जातात,भुजिया भाजी पराठ्यात मोहरीची पाने वापरली जातात
12180,723537,D4,Agriculture,9.0,संत्र्याच्या बगीच्यामंदी टॅक्टर न फवारनी परवडन का ?,संत्र्याच्या बगीच्यात टॅक्टर न फवारल्यास परवडणार नाही का?
12181,708205,D1,Banking,9.5,एक शेअर बाजार म्हणजे खरेदीदार आणि विक्रेत्यांचो मेळ,एक शेअर बाजार म्हणजे खरेदीदार आणि विक्रेत्यांचे मिलन
12182,714331,D2,Agriculture,9.5,पशमीना ना किडा रेशमना किडानीगत दखास का नै,पशमीना आणि किडा रेशमना किडानीगते कसे आहे?
12183,724003,D4,Banking,9.0,खातं काढतानी के.वाय.सी भरनं जरुरीच हाय का ?,खातं काढताना के.वाय.सी भरण्याची आवश्यकता आहे का?
12184,708548,D1,Banking,9.5,सरळ पैशे काढणा म्हणजे तुमच्याकडना बँकेक केलली सूचना आसा,सरळ पैसे काढणे म्हणजे तुमच्याकडच्या बँकेने तुम्हाला सूचना केली आहे.
12185,713813,D2,Banking,9.5,उदयमियोना साठे धन हाई एक मोठा मित्र आणि परिवार शे,उदयमियोनाचे साठे धन आहे एक मोठा मित्र आणि परिवार शे
12186,723231,D4,Agriculture,9.0,ऑनलाईन पीक माल कसा विका लागन ?,ऑनलाईन पीक माल कसा विकावा लागेल?
12187,710235,D1,Banking,9.5,चार्टड अकाउंटंट बनुसाठी तुका सी.ए चो पेपर देवचो लागतलो,चार्टड अकाउंटंट बनण्यासाठी तुम्हाला सी.ए.चे पेपर लागतात.
12188,712602,D2,Banking,9.5,सुक्ष्म कर्जनी सोय गरीब लोकेसना करता करेल रहास,सूक्ष्म कर्जाने गरीब लोकांसाठी सोय करता येईल का तुला?
12189,724042,D4,Banking,9.0,मले एक तोळा सोन्यावर कितीक कर्ज भेटन ?,मला एक तोळा सोन्यावर किती कर्ज मिळते?
12190,709691,D1,Banking,9.5,सध्या निर्मला सीतारामण भारताच्या वित्त मंत्री हत,सध्या निर्मला सीतारामन भारताच्या वित्त मंत्र्या आहेत.
12191,714723,D2,Agriculture,9.5,ट्रॅक्टर शेतीमा वापरमा येनारा साधनेसपैकी एक साधन शे,ट्रॅक्टर शेतीमध्ये वापरता येणारे साधनेपैकी एक साधन आहे
12192,724091,D4,Banking,9.0,मले माया मोबाईलचा रिचार्ज ऑनलाईन करता येईन का ?,मला मोबाईलचा रिचार्ज ऑनलाईन करता येईल का?
12193,709056,D1,Banking,9.5,"भांडवलीचे स्त्रोत दोन वर्ष , शॉर्ट टर्म अवधीच्या आत येता",भांडवलीचे स्रोत दोन वर्षांच्या आत येतात
12194,714586,D2,Agriculture,9.5,इथिओपियानी डाय मेढिसना मांस आणि लोकरना करता परशिद्ध शे,इथिओपियानी मेढ्याचे मांस आणि काय शुद्ध केले जाते
12195,719155,D4,Agriculture,9.0,बहुतेक अंदाज टीव्हीवर सांगितले जातात आणि खरे ठरतात,बहुतेक अंदाज टीव्हीवर सांगितले जातात आणि खरे ठरतात
12196,711123,D1,Agriculture,9.5,हया झाडाक यवस्तित खत घातला तर कितक्या वरसांनी फळा दीताला ?,या झाडांना योग्य खत घातले तर किती फळे देतील?
12197,717922,D2,Agriculture,9.5,शॉपिंग मॉलमध्ये माल विकू शकतो का ?,शॉपिंग मॉलमध्ये माल विकू शकतो का?
12198,722839,D4,Agriculture,9.0,शेतीमालाचे बाजारभाव दिवसेंदिवस बदलत असतात,शेतीमालाचे बाजारभाव दिवसेंदिवस बदलत असतात
12199,707944,D1,Agriculture,9.5,म्या माझ्या शेतात नेयमी नेमॅटिकाइड फवारतय,मी माझ्या शेतात नेयमी नेमॅटिकाइड फवारत आहे
12200,718674,D2,Banking,9.5,मला सणासाठी कमी मुदतीचे कर्ज कोठे मिळेल ?,मला सणासाठी कमी मुदतीचे कर्ज कोठे मिळेल?
12201,721492,D4,Banking,9.0,आम्ही आमचे सर्व स्टॉक काही काळापूर्वीच विकले आहेत,आम्ही आमचा सर्व माल काही काळापूर्वीच विकला आहे.
12202,707603,D1,Banking,9.5,"तुका सांगतंय , नियुक्त केलेल्या कडसून आयकर कापलो जाता","तुम्ही सांगताय, नियुक्त केलेल्या रकमेतून आयकर कापला जातो."
12203,716786,D2,Agriculture,9.5,भारतात कृषि यंत्रे आणि उपकरणे बनविण्याचे उत्पादक उपलब्ध आहे,भारतात कृषि यंत्रे आणि उपकरणे बनविण्याचे उत्पादक उपलब्ध आहेत
12204,719535,D4,Agriculture,9.0,टरबूजाच्या बिया काळ्या रंगाच्या आणि लहान असतात,टरबूजाच्या बिया काळ्या रंगाच्या आणि लहान असतात
12205,707757,D1,Agriculture,9.5,प्रकाश उभी शेती म्हनजे उभ्या थरांमध्ये पिका वाढवता,प्रकाश म्हणजे उभ्या थरांमध्ये पिके वाढवणे
12206,713694,D2,Agriculture,9.5,नया जगमा उष्णकाटिबंधीय प्रदेशमा द्राक्षसनी वेल एक जात शे,नव्या जगामध्ये उष्णकटिबंधीय प्रदेशात द्राक्षसनी वळीचा एक प्रकार आहे.
12207,721055,D4,Agriculture,9.0,लीफ फायबर हा वनस्पती तंतूंचा केवळ एक भाग आहे,लीफ फायबर हा वनस्पती तंतूंचा केवळ एक भाग आहे.
12208,707164,D1,Banking,9.5,तुमची स्थिती हकडे काही सेकंदात ट्रॅक केली जाऊ शकता,तुमची स्थिती काही सेकंदात ट्रॅक केली जाऊ शकते
12209,716015,D2,Agriculture,9.5,मुगाच्या झाडाच्या शेंगा मधून मुग काढले जातात,मुगाच्या झाडाच्या शेंगातून मुग काढले जातात
12210,719215,D4,Agriculture,9.0,"घनरूप पाणी आहे अनेकदा तलाव , नद्या थंडीत समुद्रावर बर्फ बनतात","अनेकदा पाणी घनरूप असते तलाव, नद्या थंडीत समुद्रावर बर्फ बनतात."
12211,709264,D1,Banking,9.5,यी.पी.आय मधना बॅलेंस चेक आणि ट्रांसॅक्शन पण करतत,पी.आय. मध्ये बॅलेंस चेक आणि ट्रान्झॅक्शन पण करत आहे
12212,712601,D2,Banking,9.5,जोगिंदरना दुकाननी आत्तेनी किंमत वीस लाख रुपया शे,जोगिंदरची दुकान कितीला आहे वीस लाख रुपये.
12213,721472,D4,Banking,9.0,दिल्लीच्या आयकर विभागाचे मुख्यालय दिल्लीतच आहे,दिल्लीच्या आयकर विभागाचे मुख्यालय दिल्लीतच आहे
12214,711074,D1,Banking,9.5,संस्था दलालांमार्फत पण कर्ज घेऊ शकतत,संस्था दलालांमार्फत पण कर्ज घेऊ शकतात
12215,712969,D2,Banking,9.5,अमीशानी कविताले जोखिम मुक्त याजदरना बारामा ईचारं,अमीशानी कविता जोखिम मुक्त याजदरना बारामा इच्छा
12216,722662,D4,Banking,9.0,संजय दत्त चित्रपट अभिनेता अनेकवेळा पॅरोलमधून सुटला आहे,संजय दत्त चित्रपट अभिनेते अनेकवेळा पॅरोलमधून सुटले आहेत.
12217,709686,D1,Agriculture,9.5,शैवालनाशक एक रासायनिक पदार्थ असा जेचे मोप उपयोग हत,शैवालनाशक एक रासायनिक पदार्थ आहे ज्याचा उपयोग होतो
12218,715485,D2,Agriculture,9.5,खताच्या वापराने धान्याच्या उत्पन्नात वाढ होते,खताच्या वापराने धान्याच्या उत्पन्नात वाढ होते
12219,719543,D4,Agriculture,9.0,खाद्य तयार करून आपण आपल्या जनावरांसाठी अधिक दूध मिळवू शकतो,खाद्य तयार करून आपण आपल्या जनावरांसाठी अधिक दूध मिळवू शकतो
12220,710906,D1,Banking,9.5,माझ्या अकाउंटाक एफ.डी मध्ये बदलुसाठी अर्ज देतलय,माझ्या खात्यातील एफ.डी मध्ये बदलण्यासाठी अर्ज दिला आहे.
12221,716750,D2,Banking,9.5,"भाऊ , चालू महिन्याचा पगार आता पुढच्या महिन्यातच मिळेल",भाऊ चालू महिन्याचा पगार आता पुढच्या महिन्यातच मिळेल
12222,722838,D4,Agriculture,9.0,ग्रामीण कवितेखाली पशुपालन हे रोजगाराचे साधन आहे,ग्रामीण कवितेखाली पशुपालन हे रोजगाराचे साधन आहे
12223,709087,D1,Agriculture,9.5,कागद उद्योगांका बळ देऊन आपण आपली आर्थिक स्थिती सुधारू शकताव,कागद उद्योगाला बळ देऊन आपण आपली आर्थिक स्थिती सुधारू शकतो.
12224,714643,D2,Agriculture,9.5,कोकोपीट मुये पाणी चांगलं टिकी रहास,कोकोपीट पाण्यात चांगले टिकते
12225,719422,D4,Banking,9.0,तुम्ही घरबसल्या नेट बँकिंगसाठी नोंदणी करू शकता,तुम्ही घरबसल्या नेट बँकिंगसाठी नोंदणी करू शकता
12226,709168,D1,Agriculture,9.5,ई कॉम स्टोअरनी खत आणि रसायनांच्या खरेदीक सोप्पा केला,ई-कॉमर्स स्टोअरवरून खत आणि रसायनांची खरेदी सोपी केली.
12227,714567,D2,Banking,9.5,आपण सरकारनी मदत लिसनबी सीड फंडींग मियाडू शकतस,आपण सरकारकडून सीड फંડिंग मिळू शकता
12228,721428,D4,Banking,9.0,रिअल इस्टेटमध्ये नेहमी पुढचा विचार करून गुंतवणूक करा,रिअल इस्टेटमध्ये नेहमी पुढचा विचार करून गुंतवणूक करा
12229,707344,D1,Banking,9.5,आर्थर अँडरसनच्या दिवाळखोरीमुळे बिग फोर ऑडिटर्स तयार झाले,आर्थर अँडरसनच्या दिवाळखोरीमुळे बिग फोर ऑडिटर्स तयार झाले
12230,715621,D2,Agriculture,9.5,डिजिटलायझेशन मुळे आर्थिक मदतीसाठी अर्ज करणे सोप झाला आहे,डिजिटलायझेशनमुळे आर्थिक मदतीसाठी अर्ज करणे सोपे झाले आहे
12231,721434,D4,Banking,9.0,ट्रकमधूनही बराचसा माल इकडून तिकडे नेला जातो,ट्रकमधूनही बराचसा माल इकडून तिकडे नेला जातो
12232,710027,D1,Agriculture,9.5,माका कसूरी मेथी घालून केलेली कचोरी लय आवडता,मला कसूरी मेथी घालून केलेली कचोरी खूप आवडते
12233,714842,D2,Agriculture,9.5,आयुर्वेदात हिंग हे औषध मानले जाते,आयुर्वेदात हिंग हे औषध मानले जाते
12234,719618,D4,Banking,9.0,आर.एल.आय.एस हे महसूल विभागाने विकसित केलेले वेब ॲप्लिकेशन आहे,आर.एल.आय.एस हे महसूल विभागाने विकसित केलेले वेब ॲप्लिकेशन आहे
12235,710540,D1,Banking,9.5,आय.एफ.एस.सी कोडमुळा तुमका बँकेच्या शाखेचो पत्तो गाव शकता,आय.एफ.एस.सी कोडमुळे तुमच्या बँकेच्या शाखेचा पत्ता मिळू शकतो का?
12236,714394,D2,Agriculture,9.5,भारत आणि पुरा जगमा च्या हावू पेवानी गोट शे,भारत आणि जगाच्या लोकांची स्थिती
12237,721359,D4,Banking,9.0,सामाजिक उद्योगांनाही निधीची गरज आहे,सामाजिक उद्योगांनाही निधीची गरज आहे
12238,707868,D1,Agriculture,9.5,मशीनोंमधसून पैकिंग झाल्यावर सगलर बाटल्यो बाजारात जातत,मशीन्समधून पॅकिंग झाल्यावर विक्रेता बाटल्या बाजारात जात आहे
12239,714257,D2,Agriculture,9.5,पिकेस्ना भरणपोषणना करता चांगला खतस्नी गरज रहास,पिके भरणपोषण करण्यासाठी चांगल्या खताची गरज आहे
12240,720237,D4,Agriculture,9.0,चहा जगभरात अनेक चवींमध्ये आणि सुगंधांमध्ये उपलब्ध आहे,चहा जगभरात अनेक ठिकाणी आणि सुगंधांमध्ये उपलब्ध आहे
12241,706845,D1,Banking,9.5,वार्षिक व्याजदर ह्या एका वर्षाचच्यो कालावधीतलो दर असता,वार्षिक व्याजदर एका वर्षाच्या कालावधीतील दर असतो
12242,718518,D2,Banking,9.5,विम्याचे कोणकोणते पर्याय आहेत सांगाल का ?,विम्याचे कोणकोणते पर्याय आहेत सांगाल का?
12243,722096,D4,Agriculture,9.0,राजूचे वडील बाजारात दररोज कोंबडीची अंडी विकतात,राजूचे वडील बाजारात दररोज कोंबडीची अंडी विकतात
12244,709001,D1,Banking,9.5,शेअर बाजारात सुचिबद्ध कंपनींचेच शेअर्स असतत,शेअर बाजारात सूचीबद्ध कंपनींचेच शेअर्स आहेत.
12245,713227,D2,Banking,9.5,जागतिक वित्तीय प्रणाली कमी टाईमना करता रोख पैसा पुरावस,जागतिक वित्तीय प्रणाली कमी वेळेत रोख पैसा वापरा
12246,721120,D4,Banking,9.0,महिला बचत खात्यांसाठी सरकार अनेक प्रोत्साहन देत आहे,महिला बचत खात्यांसाठी सरकार अनेक प्रोत्साहन देत आहे
12247,709648,D1,Agriculture,9.5,वन्यजीव शेतीत डबाबंद शिकारीक जिवंत जावनर पकाडतत,वन्यजीव शेतीत डबाबंद शिकारी जिवंत आहेत आणि ते पकाडत आहेत
12248,714019,D2,Banking,9.5,जाहिरात दखी महेशनी खुश हुईसन गाडीना अपघातना ईमा करी लिधा,जाहिरात दखीमुळे महेश गाडीच्या अपघाताने खुश झाले.
12249,722126,D4,Agriculture,9.0,मी प्रधानमंत्री पीक विमा योजना पूर्ण केली आहे,मी प्रधानमंत्री पीक विमा योजना पूर्ण केली आहे
12250,712364,D1,Banking,9.409,कर्ज घेताना कर्ज घेवची पात्रता आसा काय ह्या कसा तपासतात ?,कर्ज घेताना पात्रतेची तपासणी कशी केली जाते?
12251,713806,D2,Agriculture,9.5,"हिंगन उत्पादन दक्षिण ईरान , लारक्षेत्रपुरता मर्यादित शे","हिंगन उत्पादन दक्षिण ईरान, त्या क्षेत्रापुरते मर्यादित शेती."
12252,719089,D4,Banking,9.0,ठराविक जातीचे लोक जमतात आणि जातीचा उद्योग सुरू करतात,ठराविक जातीचे लोक जमतात आणि जातीचा उद्योग सुरू करतात
12253,712057,D1,Banking,9.409,खयचो यवसाय सुरू करूक तुमच्याकडे काय कर्जाची सोय होता काय ?,खरेदीचे व्यवसाय सुरू करण्यासाठी तुमच्याकडे कोणती कर्जाची सोय आहे का?
12254,713418,D2,Agriculture,9.5,वावरमा चांगलं पिक उनं ते धान्यन्या गनज गाड्या भरी जातस,वावरमा येथील चांगल्या पिकाचे धान्य अनेक गाड्यांमध्ये भरले जात आहे
12255,719877,D4,Banking,9.0,आपण मनाप्रमाणे व्यवहाराची मर्यादा निश्चित करू शकतो,आपण मनाप्रमाणे व्यवहाराची मर्यादा निश्चित करू शकतो
12256,708202,D1,Banking,9.409,"ए.टी.एम कार्ड एक पेमेंट कार्ड आसा , जा बँकेकडसून दिला जाता","ए.टी.एम कार्ड एक पेमेंट कार्ड असते, ते बँकेकडून मिळते."
12257,715499,D2,Banking,9.5,गल्ला एक भांड आहे ज्याच्या मध्ये पैसे साठवले जातात,गल्ला एक भांड आहे ज्याच्यामध्ये पैसे साठवले जातात
12258,721364,D4,Banking,9.0,सोन्यात गुंतवलेला पैसा कधीही वाया जात नाही,सोन्यात गुंतवलेला पैसा कधीही वाया जात नाही
12259,711110,D1,Agriculture,9.4,हि पध्दत दरवेळेक खयच्या ना खयच्या स्वरुपात वापरली गेली हा,ही पद्धत दरवेळेस खयच्या स्वरूपात वापरली गेली.
12260,715437,D2,Banking,9.5,काही तज्ञ आर्थिक संस्थांच्या जिनसीकरणाकडे कल देतात,काही तज्ञ आर्थिक संस्थांच्या जिनसीकरणाकडे कल देतात
12261,721984,D4,Agriculture,9.0,लाकडाच्या किड्याचे लक्षण म्हणजे झाडांना भोक,लाकडाच्या किड्याचे लक्षण म्हणजे झाडांना भोक
12262,707010,D1,Banking,9.4,एस.बी.आय चो सहयोगी बँक स्टेट बँक ऑफ सौराष्ट्रात विलीन झाला,एस.बी.आयची सहयोगी बँक स्टेट बँक ऑफ सौराष्ट्रात विलीन झाली
12263,712828,D2,Banking,9.5,डिजिटल सोशल बजार मुळे गनच गोष्टी सोप्प्या व्हई जायल शेतीस,डिजिटल सोशल बाजार मुळे अनेक गोष्टी सोप्या होतात शेतीसाठी
12264,720525,D4,Agriculture,9.0,भारत वैद्यकीय औषधांसाठी कच्चा माल आयात करतो,भारत वैद्यकीय औषधांसाठी कच्चा माल आयात करतो
12265,709480,D1,Agriculture,9.389,तेलबियो पिढीने आणि ऊर्जा देतत ते जनावरांका खाउक देतत,तेल पिढीने आणि ऊर्जा देत ते जनावरांना खाऊ देत
12266,716638,D2,Agriculture,9.5,बहुतेक प्राण्यांची विस्टा आपण शेतात खत म्हणून वापरतो,बहुतेक प्राण्यांची विष्ठा आपण शेतात खत म्हणून वापरतो
12267,722751,D4,Banking,9.0,आजकाल तुम्ही आंतरराष्ट्रीय सेवांचा सहज लाभ घेऊ शकता,आजकाल तुम्ही आंतरराष्ट्रीय सेवांचा सहज लाभ घेऊ शकता
12268,712491,D1,Banking,9.389,मी खयच्या खयच्या सामाजिक योजनेसाठी अर्ज करू शकतय ?,मी खयच्या सामाजिक योजनेसाठी अर्ज करू शकतो का?
12269,716587,D2,Banking,9.5,व्यापारातील अडथळे व्यवसायाच्या वाढीस प्रतिबंध करतात,व्यापारातील अडथळे व्यवसायाच्या वाढीस प्रतिबंध करतात
12270,721790,D4,Agriculture,9.0,जिथे पाऊस कमी पडतो तिथे कोरडवाहू शेती केली जाते,जिथे पाऊस कमी पडतो तिथे कोरडवाहू शेती केली जाते
12271,709526,D1,Banking,9.389,फिक्स्ड डिपॉसिट खात्याक आपण फिक्स्ड पैशे जमा करूक उघडताव,आपण फिक्स्ड डिपॉझिट खात्यात फिक्स्ड पैसे जमा करून ते उघडता येईल.
12272,713340,D2,Banking,9.5,नगरपालिका विशिष्ट टाईमवर याज ना संगे भांडवलनं पैसा फेडस,नगरपालिका विशिष्ट वेळी सोबत भांडवल आणि पैसा फेडेल
12273,719696,D4,Banking,9.0,"बँकेत जाण्याची गरज नाही , ए.टी.एम मशीनमध्येच पासबुक अपडेट होईल","बँकेत जाण्याची गरज नाही, ए.टी.एम मशीनमध्येच पासबुक अपडेट होईल."
12274,706633,D1,Banking,9.389,सरकारच्या विरोधामुळे कर भरुक नकार देणा म्हणजे कर प्रतिकार,सरकारच्या विरोधात कर न भरल्यामुळे म्हणजे कर प्रतिकार
12275,712796,D2,Banking,9.5,कॅब डायव्हरनी आमेझान पे ना उपेग करी सुट्टा पैसा दिनात,कॅब ड्रायव्हरने अमेझॉनवर पैसे कमावता येतात
12276,721341,D4,Banking,9.0,आई.एफ.एस.सी व्यवहारासाठी हे खूप महत्वाचे आहे,आई.एफ.एस.सी व्यवहारासाठी हे खूप महत्त्वाचे आहे
12277,708752,D1,Agriculture,9.375,कृषि सर्वेक्षण केल्यामुळे कृषि निती बनवूक मदत मिळता,कृषी सर्वेक्षण केल्यामुळे कृषी नीति बनवूक मदत मिळते
12278,717245,D2,Agriculture,9.5,"दुभत्या गायी , म्हशी आणि शेळ्या आपल्याला दूध देतात","दुभत्या गायी, म्हशी आणि शेळ्या आपल्याला दूध देतात."
12279,721455,D4,Banking,9.0,जर तुम्ही एका महिन्यात कर्ज भरले नाही तर बँक तुमचं घर जप्त करेल,जर तुम्ही एका महिन्यात कर्ज भरले नाही तर बँक तुमचे घर जप्त करेल
12280,708051,D1,Agriculture,9.375,"शेतकरी शेतातसून चारो कापून , जनावरांना चारो देता",शेतकरी शेतातून चार कापून जनावरांना चार देतो
12281,715707,D2,Banking,9.5,नगरपालिका बॉण्ड सांघिक कर आणि राज्य करांमधून मुक्त आहे,नगरपालिका बॉण्ड सांघिक कर आणि राज्य करांमधून मुक्त आहे
12282,721941,D4,Agriculture,9.0,प्रोसो बाजरी हे उष्ण हवामानाचे पीक आहे,प्रसो बाजरी हे उष्ण हवामानाचे पीक आहे
12283,711604,D1,Agriculture,9.375,बागायती शेतात खयच्या खयच्या पिकांचो समावेश होता ?,बागायती शेतात खयच्या पिकांचा समावेश होता का?
12284,715956,D2,Agriculture,9.5,मसुराची डाळ लोह आणि मॅग्नेशिअम चा चांगला स्रोत आहे,मसुराची डाळ लोह आणि मॅग्नेशिअमचा चांगला स्रोत आहे
12285,720833,D4,Agriculture,9.0,कीटकनाशके असे पदार्थ आहेत जे कीटकांवर नियंत्रण ठेवतात,कीटकनाशके असे पदार्थ आहेत जे कीटकांवर नियंत्रण ठेवतात
12286,708944,D1,Banking,9.375,ए.टी.एम कार्ड एक प्रकारचा प्लॅस्टिकचा पेमेंट कार्ड असता,ए.टी.एम कार्ड एक प्रकारचा प्लास्टिकचे पेमेंट कार्ड असते
12287,713477,D2,Agriculture,9.5,भारतमा टाटा कंपनी काफीना परचार आनी परसार करा करता आघाडीवर शे,भारतात टाटा कंपनीचा काफीना प्रचार आणि प्रसार करण्यात आघाडीवर आहे.
12288,720023,D4,Agriculture,9.0,सेंद्रिय शेती हे शाश्वत शेतीसाठी एक उत्तम उदाहरण आहे,सेंद्रिय शेती हे शाश्वत शेतीसाठी एक उत्तम उदाहरण आहे
12289,708829,D1,Agriculture,9.375,जंतु जे रेशीम देतत तेका जांतव रेशीम म्हणतत,जंतव जे रेशीम देत आहेत ते जंतव रेशीम म्हणत आहेत
12290,715151,D2,Banking,9.5,मोबाइल फोन विकत घेण्यापूर्वी सौरभ ने ई.एम.आई चा हप्ता काढला,मोबाइल फोन विकत घेण्यापूर्वी सौरभने ई.एम.आयचा हप्ता काढला
12291,722598,D4,Banking,9.0,भारतात आर्थिक अभियांत्रिकी कोठे केले जाते ?,भारतात आर्थिक अभियांत्रिकी कोठे केले जाते?
12292,712058,D1,Banking,9.375,कोणत्या यवसाय कोणत्या प्रकारचा कर्ज तुमच्याकडे मेलता ?,कोणत्या व्यवसायाचे कोणत्या प्रकारचे कर्ज तुमच्याकडे मिळते?
12293,714756,D2,Agriculture,9.5,धान्यनी गाडीना उपेग धान्य आणि पिकसनी वाहतुकना करता करतंस,तुम्ही धान्य गाडीवर धान्य आणि पिकसनी वाहतूक करत आहात
12294,721350,D4,Banking,9.0,अटल पेन्शन योजनेद्वारे सरकार वृद्धांना आर्थिक मदत करते,अटल पेन्शन योजनेद्वारे सरकार वृद्धांना आर्थिक मदत करते
12295,708440,D1,Banking,9.375,भारतात येस बँक ही खाजगी क्षेत्रातली बँक आसा,भारतात येस बँक ही खाजगी क्षेत्रातली बँक आहे
12296,713100,D2,Banking,9.5,आरोग्य विमा योजना ग्राहकेसले तेसना दवाखाना खर्च देस,आरोग्य विमा योजनेनुसार ग्राहकांनी दवाखान्याचा खर्च द्यावा.
12297,720157,D4,Agriculture,9.0,दारूमुळे लोक आणि त्यांची घरं उद्ध्वस्त होतात,दारूमुळे लोक आणि त्यांची घरे उद्ध्वस्त होतात.
12298,710417,D1,Agriculture,9.375,राणीमाशी सगळ्यात मोठी असता तिच्यात प्रजनन अवयव असता,राणी सर्वात मोठी असेल तर तिच्यात प्रजनन अवयव असतील
12299,715285,D2,Banking,9.5,"आत मध्ये बघण्याच आणखी एक कारण आहे ते म्हणजे , वाढती क्रेडिट जोखीम",आत मध्ये बघण्याच आणखी एक कारण आहे ते म्हणजे वाढती क्रेडिट जोखीम
12300,721235,D4,Banking,9.0,परिपूर्ण परतावा म्हणजे गुंतवणुकीने कमावलेली रक्कम,परिपूर्ण परतावा म्हणजे गुंतवणुकीने कमावलेली रक्कम
12301,709381,D1,Banking,9.357,कर प्रतिरोध मध्ये सरकारच्या विरोधामुळे कर भरतत,सरकारच्या विरोधात कर प्रतिरोधामध्ये कर भरले जात आहे
12302,714189,D2,Agriculture,9.5,भारतीय मधमाशासना पोयामझार आठ ते दहा किलो मध रहास,भारतीय तुम्हाला आठ ते दहा किलो मिळत आहेत का?
12303,719429,D4,Banking,9.0,अफगाणिस्तान मध्ये वीस टक्के कर्ज रोखे समाविष्ट आहेत,अफगाणिस्तानमध्ये वीस टक्के कर्ज रोखे समाविष्ट आहेत
12304,708575,D1,Agriculture,9.357,हरियाणा कृषी विद्यापीठात कृषी दळणवळण संस्थादेखील आसत,हरियाणा कृषी विद्यापीठात कृषी दळणवळण संस्थादेखील आहे
12305,713624,D2,Agriculture,9.5,खावाना तेलना घाना आनी मीलमा लोकेस्ले रोजगार मियस,खाद्यपदार्थ तेल आणि लोकांचे रोजगार
12306,719906,D4,Banking,9.0,पैसा हे मानवी गरजा पूर्ण करण्याचे साधन आहे,पैसा हे मानवी गरजा पूर्ण करण्याचे साधन आहे
12307,706666,D1,Banking,9.3,भारतीय महसूल सेवा ह्या भारत सरकारची प्रशासकीय महसूल सेवा असा,भारतीय महसूल सेवा ही भारत सरकारची प्रशासकीय महसूल सेवा आहे.
12308,712921,D2,Agriculture,9.5,मेंढीनी कटिंगना अर्थ मेंढीना बाल कापाशे शे,मेंढीच्या कटिंगचा अर्थ मेंढीच्या बाळाचे कपाशे शे
12309,719714,D4,Banking,9.0,प्रीतम तू मला संपत्ती कर कसा मोजायचा ते सांगशील का ?,प्रीतम तू मला संपत्ती कशी मोजायची ते सांगशील का?
12310,710877,D1,Banking,9.278,भारताची अर्थ व्यवस्था मध्यम उत्पन्न विकसनशील अर्थ व्यवस्था असा,भारताची अर्थव्यवस्था मध्यम उत्पन्न विकसनशील अर्थव्यवस्था आहे.
12311,713843,D2,Agriculture,9.5,"कीटक नियंत्रण उपयमा अन्न , पानी आणि निवारा यासले काढूनस एको","कीटक नियंत्रणाच्या उपायांनी अन्न, पाणी आणि निवारा काढले"
12312,721879,D4,Banking,9.0,डे ट्रेडिंग दीर्घकालीन व्यापाराच्या उलट आहे,डे ट्रेडिंग दीर्घकालीन व्यापाराच्या उलट आहे
12313,709669,D1,Banking,9.25,वैयक्तिक खाती नैसर्गिक आणि कृत्रिम वैयक्तिक खाती असत,वैयक्तिक खाती नैसर्गिक आणि कृत्रिम वैयक्तिक खाती होत्या
12314,713722,D2,Agriculture,9.5,बहुतेक कीटक नाशके लागू कराना करता जमीनवर चालनार नेते इवान वापरथस,बहुतेक कीटक नाशाचे लागू करणे जमिनीवर चालनार नेते इवान वापरतात
12315,719531,D4,Banking,9.0,देशी आणि विदेशी कॉर्पोरेशन साठी कर दर वेग वेगळे आहेत,देशी आणि विदेशी कॉर्पोरेशनसाठी कर दर वेगवेगळे आहेत
12316,708643,D1,Agriculture,9.0,कॉफीच्या जातीनुसार कॉफीची किंमत वाढत जाता,कॉफीच्या जातीनुसार कॉफीची किंमत वाढत जाते.
12317,714161,D2,Agriculture,9.5,सुखा मेवाना मधमा चारोयी पौष्टिक रहास,सुखा मेवाना मधमा चारोयी पौष्टिक आहेस का?
12318,719952,D4,Banking,9.0,एका देशाच्या कंपनीची दुसऱ्या देशात गुंतवणूक,एका देशाच्या कंपनीची दुसऱ्या देशात गुंतवणूक
12319,709291,D1,Banking,9.0,सगळ्यात आधी तुमचो मोबाईल नंबर बॅन्केत रजिस्टर असाक व्हयो,सर्वात आधी तुमचा मोबाईल नंबर बँकेत नोंदवा.
12320,716695,D2,Agriculture,9.5,रवा म्हणजे स्वच्छ केलेल्या उरम गव्हाचे खडबडीत दळण होय,रवा म्हणजे स्वच्छ केलेल्या गव्हाचे खडबडीत दळण आहे
12321,719357,D4,Banking,9.0,अपंगत्व विमा सहसा तुमच्या पगाराच्या एक टक्के कव्हर करतो,अपंगत्व विमा सहसा तुमच्या पगाराच्या एक टक्क्याचा कव्हरेज करतो
12322,708492,D1,Banking,9.0,राजूचा बचत खाता उघडूक माका बँकेत जावचा हा,राजूचा बचत खाता मला बँकेत उघडायचा आहे.
12323,714614,D2,Agriculture,9.5,एरोपोनिक्स तंत्रज्ञानमुये नव्वद टक्का पाणीनी बचत व्हस,एरोपोनिक्स तंत्रज्ञानात नव्वद टक्का पाणी बचत होते.
12324,719949,D4,Banking,9.0,वस्तूंच्या खरेदीवर कायद्याने देय असलेले पैसे,वस्तूंच्या खरेदीवर कायद्याने देय असलेले पैसे
12325,706864,D1,Banking,9.0,लीव्हरेजाक गियरिंग असो सुद्धा म्हणतत,लीव्हरेजाक गियरिंग असो तरी म्हणत आहे
12326,715412,D2,Banking,9.5,"कर्ज वेळेवर न भरणे , आर्थिक रुपाने हानिकारक असू शकते",कर्ज वेळेवर न भरणे आर्थिक दृष्ट्या हानिकारक असू शकते
12327,720509,D4,Banking,9.0,आता सबसिडी हटवल्याने सिलिंडरचे भाव गगनाला भिडले आहेत,आता सबसिडी हटवल्याने सिलिंडरचे भाव गगनाला भिडले आहेत
12328,709733,D1,Agriculture,9.0,ह्या बनवुक पहिला कढईत आवश्यतेनुसार मीठ टाकून गरम केला जाता,या बनवडीला पहिल्या कढईत आवश्यकतेनुसार मीठ टाकून गरम केले जाते.
12329,713213,D2,Agriculture,9.5,फूड फोर्टिफिकेशनमुये अन्नाना मधला सूक्ष्म पोषक घटक वाढतस,फूड फोर्टिफिकेशनमुळे अन्नामध्ये सूक्ष्म पोषक घटक वाढत आहेत
12330,722727,D4,Banking,9.0,आर्थिक साधनाचा व्याजदर रेफरल रेटच्या आधारे ठरवला जातो,आर्थिक साधनाचा व्याजदर रेफरल रेटच्या आधारे ठरवला जातो
12331,709110,D1,Agriculture,9.0,कॉफीच्या बियांची शेती पावसात करतत,कॉफीच्या बियांची शेती पावसात केली जात आहे
12332,714778,D2,Agriculture,9.5,मोठमोठ्या हाटेलस्मा सरकीनं तेल वापरतस म्हने,मोठमोठ्या हॉटेलवर तेल वापरले जाते.
12333,719880,D4,Banking,9.0,निधी हस्तांतरित करण्याचे अनेक मार्ग आहेत,निधी हस्तांतरित करण्याचे अनेक मार्ग आहेत
12334,710256,D1,Agriculture,9.0,"ठंडीच्या दिवसात तलाव , नदी आणि समुद्रावर पाणि गोठता","थंडीच्या दिवसात तलाव, नदी आणि समुद्रावर पाणी गोठते."
12335,715004,D2,Banking,9.5,नवीन तंत्रज्ञानाचा वापर करून टाटा एन्ड संस चा महसूल वाढत आहे,नवीन तंत्रज्ञानाचा वापर करून टाटा एन्ड संसचा महसूल वाढत आहे
12336,720670,D4,Agriculture,9.0,फ्लिपकार्ट आणि अमेझॉन ही ई कॉमर्सची काही उदाहरणे आहे,फ्लिपकार्ट आणि अमेझॉन ही ई कॉमर्सची काही उदाहरणे आहेत
12337,707422,D1,Agriculture,9.0,कश्मीरी लोकरेचो वापर कपड्यांसाठी करतत,कश्मीरी लोक तिथे कपड्यांसाठी वापर करत आहेत
12338,712987,D2,Agriculture,9.5,चिकन हार्वेस्टरना मदतवरी कोंबड्या गोया करतंस,चिकन हार्वेस्टरला मदत करून कोंबड्या गोया करतंस
12339,720457,D4,Banking,9.0,बँक बचत खात्यावर ग्राहकांना डेबिट कार्ड जारी करते,बँक बचत खात्यांवर ग्राहकांना डेबिट कार्ड जारी करते
12340,709468,D1,Agriculture,9.0,तागाची अमर्याद वैशिष्टा बहुमुखी बनवतत,तागाची अमर्याद वैशिष्ट्ये बहुमुखी बनवत आहे
12341,714957,D2,Banking,9.5,जोगिंदरने त्याच्या कंपनीसाठी एक व्यक्तिगत खात उघडले,जोगिंदरने त्याच्या कंपनीसाठी एक वैयक्तिक खाते उघडले
12342,722659,D4,Banking,9.0,समजा तुमचे बँक खाते अलाहाबाद बँकेत उघडले आहे,समजा तुमचे बँक खाते अलाहाबाद बँकेत उघडले आहे
12343,709053,D1,Banking,9.0,पोलिसांकडे बॅन्क लुटलेलो फक्त एक ब्लर व्हिडिओ हा,"पोलिसांकडे बँक लुटली, फक्त एक ब्लर व्हिडिओ आहे."
12344,713810,D2,Banking,9.5,एक ठरावीक पैसा तेले मुयधन म्हणतंस ते येक ठराविक याजसाठे राहस,"एक निश्चित पैसा ते मुयधन म्हणत आहेत, ते एक निश्चित याजसाठे राहतील."
12345,721804,D4,Agriculture,9.0,भारतातील अनेक शेतकऱ्यांना फळबागांमध्येही रस आहे,भारतातील अनेक शेतकऱ्यांना फळबागांमध्येही रस आहे
12346,708367,D1,Agriculture,9.0,पातळ खतांचो वापर करुक शेतकऱ्यांका सोयीचा जाता,पातळ खात्यांचा वापर शेतकऱ्यांसाठी सोयीचा असतो.
12347,714221,D2,Agriculture,9.5,रासट्रीय खाद सुरक्सा मिशननी सुरवात दोन हजार सातमझार व्हयनी,राष्ट्रीय खाद सुरक्षा मिशनची सुरुवात दोन हजार आठवडे झाली
12348,721440,D4,Banking,9.0,मला माझ्या बँकेतील शिल्लक बद्दल एक संदेश आला,मला माझ्या बँकेतील शिल्लक बद्दल एक संदेश आला
12349,707850,D1,Agriculture,9.0,भारतातील ऐंशी टक्के शेतकरी आर्थिक मदतीसाठी पात्र आसत,भारतातील ऐंशी टक्के शेतकरी आर्थिक मदतीसाठी पात्र होते.
12350,713595,D2,Banking,9.5,"सुरेशनी ट्रेकटर विकत लीन , वावर चांगल करासाठे","सुरेशने ट्रॅक्टर विकत घेतला आहे, ते चांगले करा."
12351,719724,D4,Banking,9.0,मी तुम्हाला उद्याच आई.एफ.एस.सी मधून पैसे पाठवीन,मी तुम्हाला उद्याच आय.एफ.एस.सी मधून पैसे पाठवेन
12352,710582,D1,Banking,9.0,एक डेबिट कार्ड आपल्या बँकखात्यातना पैशाचो उपयोग करता,एक डेबिट कार्ड आपल्या बँक खात्यातील पैशाचा उपयोग करते
12353,716934,D2,Agriculture,9.5,लाकडी खुर्ची पूर्ण केल्यानंतर ती एक सुंदर सजावट होते,लाकडी खुर्ची पूर्ण केल्यानंतर ती एक सुंदर सजावट होते
12354,720650,D4,Agriculture,9.0,हळद ची लागवड प्रामुख्याने दक्षिण भारतात केली जाते,हळद्याची लागवड प्रामुख्याने दक्षिण भारतात केली जाते
12355,711758,D1,Agriculture,9.0,महिंद्रा ट्रॅक्टर खयल्या एच.पी रेंजमध्ये उपलब्ध आसा ?,महिंद्रा ट्रॅक्टर एच.पी रेंजमध्ये उपलब्ध आहे का?
12356,712871,D2,Banking,9.5,लोकेसमा जागरुकताना करता म्युच्युअल फंडनी जाहिरात करतस,लोकेसाठी जागरूक करताना म्युच्युअल फंडाची जाहिरात करत आहे
12357,720103,D4,Agriculture,9.0,कर्नाटक हे भारतातील कॉफीचे सर्वात मोठे उत्पादक आहे,कर्नाटक हे भारतातील कॉफीचे सर्वात मोठे उत्पादक आहे
12358,710253,D1,Banking,9.0,टेबलाच्या खाली होणारी देवघेव काळो बाजार हा,टेबलाच्या खाली होणारी देवघेव काळो बाजार आहे
12359,712721,D2,Agriculture,9.5,बोगनवेल हायी येक झुडुप वनस्पती शे,बोगनवेल एक झुडुप वनस्पती आहे.
12360,719189,D4,Agriculture,9.0,जेवणात आले मसूर टाकल्याने जेवणाची चव चांगली लागते,जेवणात मसूर टाकल्याने जेवणाची चव चांगली लागते
12361,712050,D1,Banking,9.0,काय धोको पन नाय मा ह्या पद्धतीनं पैसे पाठउक ?,मी या पद्धतीने पैसे कसे पाठवू शकतो?
12362,712959,D2,Agriculture,9.5,भारतमझार अन्नधान्यनी वाहतूक करा करता ट्रॅकटर नैते ट्रकना वापर करतस,भारताचे अन्नधान्य वाहतूक करण्यासाठी ट्रॅक्टर आणि ट्रक वापरले जातात
12363,720174,D4,Agriculture,9.0,निरोगी प्राणीच आपल्याला चांगला व्यवसाय देतात,निरोगी प्राणीच आपल्याला चांगला व्यवसाय देतात
12364,711560,D1,Agriculture,9.0,मातीयेची सुपीकता जपाक काय करूचा लागता ?,मातीची सुपीकता काय करावे लागते?
12365,715339,D2,Banking,9.5,उत्पन्न योजना इच्छेनुसार प्रकटीकरण कराची संकलन करण्याला मदत करते,उत्पन्न योजना इच्छेनुसार प्रकटीकरण कराची संकलन करण्याला मदत करते
12366,721063,D4,Agriculture,9.0,दहलिया मोठ्या आकारात आणि बर्याच रंगांमध्ये आढळते,दहलिया मोठ्या आकारात आणि बऱ्याच रंगांमध्ये आढळते
12367,710228,D1,Agriculture,9.0,गायीचा दुध आरोग्यासाठी योग्य असता,गायीचे दूध आरोग्यासाठी योग्य आहे
12368,715117,D2,Agriculture,9.5,मधमाश्यांच्या पोळीपासून मेण मिळते,मधमाश्यांच्या पोळीपासून मेण मिळते
12369,721328,D4,Banking,9.0,जागतिक व्यापार संस्था सेवा आणि समुपदेशन प्रदान करते,जागतिक व्यापार संस्था सेवा आणि समुपदेशन प्रदान करते
12370,709390,D1,Agriculture,9.0,कामगार मधमाश्यो फुलांचो परागकण गोळा करतत,कामगार फुले गोळा करत आहेत
12371,716824,D2,Banking,9.5,भारत सरकार प्रत्येक व्यक्तीच्या उत्पन्नावर लावलेला कर आहे,भारत सरकार प्रत्येक व्यक्तीच्या उत्पन्नावर लावलेला कर आहे
12372,720276,D4,Banking,9.0,समान यु.पी.आई आम्ही सर्व बँका आणि ॲप्समध्ये व्यवहार करू शकतो,समान यु.पी.आय आम्ही सर्व बँका आणि ॲप्समध्ये व्यवहार करू शकतो
12373,709794,D1,Banking,9.0,आपण आपली कार घेण्यासाठी खाजगी कर्ज घेऊ शकताव,आपण आपली कार घेण्यासाठी खाजगी कर्ज घेऊ शकतो.
12374,714052,D2,Agriculture,9.5,शेती योजनामा कापुसना बीयाणावर सरकार शेतकरीसले सूट देस,शेती योजनांवर कापूस आणि बियाण्यांवर सरकार शेतकऱ्यांना सूट देते
12375,719584,D4,Banking,9.0,यू.पी.आय कडून कोड स्कॅन करून देखील पेमेंट केले जाऊ शकते,यू.पी.आय कडून कोड स्कॅन करून देखील पेमेंट केले जाऊ शकते
12376,711997,D1,Banking,9.0,क्रेडिट कार्डचो अर्ज करुच्या खातीर काय करूचा पडता ?,क्रेडिट कार्डचा अर्ज करण्यासाठी काय करावे लागेल?
12377,714562,D2,Banking,9.5,आदर्श क्रेडिट वापरानं परमाण कितला टक्का रहास,आदर्श क्रेडिट वापरून किती टक्के आहेस?
12378,722788,D4,Agriculture,9.0,लहान शेतकऱ्यांना पशुधन विमा योजनेचा अधिक लाभ मिळतो,लहान शेतकऱ्यांना पशुधन विमा योजनेचा अधिक लाभ मिळतो
12379,711582,D1,Agriculture,9.0,पिकांक कीटकनाशका मारली तर कसो फायदो होतलो ?,पिकांवर कीटकनाशके मारली तर काय फायदा झाला?
12380,717247,D2,Banking,9.5,उत्पन्न योजनेच्या ऐच्छिक प्रकटीकरणाचे अनेक मुद्दे आहेत,उत्पन्न योजनेच्या ऐच्छिक प्रकटीकरणाचे अनेक मुद्दे आहेत
12381,724286,D4,Agriculture,9.0,पिकाले आता बार येईन हे कसं पता लागन ?,पिकाले आता काय होणार आहे हे कसे कळेल?
12382,712450,D1,Banking,9.0,छोट्या व्यवसायासाठी किती कर्ज घेऊ शकतव ?,छोट्या व्यवसायासाठी किती कर्ज घेऊ शकतो?
12383,717246,D2,Agriculture,9.429,कॉयर ही एक तंतुमय सामग्री आहे जी आतील कवच आणि बाहेरील कवच दरम्यान आढळते,कॉयर ही एक तंतुमय सामग्री आहे जी आतील कवच आणि बाहेरील कवच दरम्यान आढळते
12384,718709,D4,Banking,9.0,कॉर्पोरेट फायनान्स गुंतवणुकीशी संबंधित आहे,कॉर्पोरेट फायनान्स गुंतवणुकीशी संबंधित आहे
12385,711853,D1,Banking,9.0,कुटुंबातील सदस्यांका हक्काची रक्कम कशी गावात ?,कुटुंबातील सदस्यांची हक्काची रक्कम गावात कशी आहे?
12386,714731,D2,Banking,9.417,डेबिट कार्ड दवडी जावावर नविन कार्ड लेवानी करता काय करनं पडी ?,डेबिट कार्डसाठी नवीन कार्ड घेण्यासाठी काय करावे लागेल?
12387,722191,D4,Banking,9.0,तुम्ही तुमचे डेबिट कार्ड होटलिस्ट केले आहे का ?,तुम्ही तुमचे डेबिट कार्ड होटलिस्ट केले आहे का?
12388,708455,D1,Agriculture,9.0,माझी धुवडी शहरात शेतीचा शिक्षान घेता,माझी धुवडी शहरात शेतीचे शिक्षण घेतो
12389,715054,D2,Agriculture,9.409,"फ्रंट लोडर मशीन माती , खडक , वाळू आणि गाळ उचलते","फ्रंट लोडर मशीन माती, खडक, वाळू आणि गाळ उचलते"
12390,722084,D4,Agriculture,9.0,अत्यधिक खतांचा वापर करून राजूने आपले शेत उध्वस्त केले,अत्यधिक खतांचा वापर करून राजूने आपले शेत उध्वस्त केले
12391,708890,D1,Banking,9.0,वस्तुंका आता घेऊन मगे भविष्यात तेचे पैशे देऊ शकताव,वस्तु आता घेऊन भविष्यात ते पैसे देऊ शकतो का?
12392,714859,D2,Banking,9.409,एस.बी.आई क्लर्क व एस.बी.आई पी.ओ ह्या बँक परीक्षा भारतात घेतली जाते,एस.बी.आई क्लर्क व एस.बी.आई पी.ओ. ह्या बँक परीक्षा भारतात घेतल्या जातात
12393,722133,D4,Banking,9.0,मी माझी दुचाकी गहाण ठेवून पैसे घेतले,मी माझी दुचाकी गहाण ठेवून पैसे घेतले
12394,709803,D1,Banking,9.0,आवर्ती जमा खाता खोलल्यावर तुमका काय किती सूट मिळता ?,आवर्ती जमा खाते उघडल्यावर तुम्हाला किती सूट मिळते?
12395,714202,D2,Agriculture,9.409,"खोबरेल तेलना वापर अन्नमा , केंससना करता , त्वचाना कारता करतंस","खोबरेल तेल अन्न वापरासाठी, त्वचा करायला करत आहात."
12396,722718,D4,Banking,9.0,आपण भरलेल्या करातून सरकारला देशाचा मान मिळतो,आपण भरलेल्या करातून सरकारला देशाचा मान मिळतो
12397,707296,D1,Agriculture,9.0,अननसाचो रस पिल्यावर पोटातलो गॅस कमी होता,अनेकाचा रस पिल्यावर पोटातली गॅस कमी झाली
12398,716342,D2,Banking,9.409,कर महसुल तो आला आहे जो सरकारद्वारे कर आकारणीतून प्राप्त होतो,कर महसुल तो आला आहे जो सरकारद्वारे कर आकारणीतून प्राप्त होतो
12399,721339,D4,Banking,9.0,सार्वजनिक सोयीसाठी बँक अनेक प्रकारचे कर्ज प्रदान करते,सार्वजनिक सोयीसाठी बँक अनेक प्रकारचे कर्ज प्रदान करते
12400,711682,D1,Agriculture,9.0,मी उडीदाचा पीक खरीप हंगामात घेतलय तर वाढात काय ?,मी उडीदाचे पीक खरीप हंगामात घेतले तर वाढात काय?
12401,714233,D2,Agriculture,9.409,"पशुसंवर्धन उत्पादनमा दही , लोकर , रेशीम सूती कपडाना समावेश व्हस","पशुसंवर्धन उत्पादनात दही, लोक, रेशीम आणि सूती कपडे समाविष्ट आहेत"
12402,722866,D4,Agriculture,9.0,सेंद्रिय खतामुळे जमिनीची स्थिती सुधारते,सेंद्रिय खतामुळे जमिनीची स्थिती सुधारते
12403,712506,D1,Banking,9.0,माका गणपती सणासाठी कर्ज मिळत काय ?,मला गणपती सणासाठी कर्ज मिळते काय?
12404,713741,D2,Banking,9.4,शुद्ध वर्तमान मूल्य आपले विचारस की आपले कितला फायदा व्हयना,शुद्ध वर्तमान मूल्य आपले विचार आहेत की आपले किती फायदा आहे
12405,722432,D4,Agriculture,9.0,पशुधन विमा योजना केंद्र सरकारने सुरू केली होती,पशुधन विमा योजना केंद्र सरकारने सुरू केली होती
12406,711427,D1,Agriculture,9.0,अळ्या रोपट्यांची पाना खाऊक नको म्हणून काय करायचा ?,अळ्या रोपट्यांची पाने खाऊ नये म्हणून काय करायचे?
12407,715272,D2,Banking,9.4,"अर्ज किंवा ॲप पेमेंट सोबतच , व्यापारी पेमेंट करणे आहे",अर्ज किंवा ॲप पेमेंट सोबतच व्यापारी पेमेंट करणे आहे
12408,722570,D4,Agriculture,9.0,काढणीनंतर पारंपरिक पद्धतीने पीकही तयार केले जाते,काढणीनंतर पारंपरिक पद्धतीने पीकही तयार केले जाते
12409,711426,D1,Agriculture,9.0,लीप होपर व त्यानचो अळ्या खैचे रंगाचे असतत ?,लीप होपर आणि त्यांचे अळ्या खैचे रंगाचे आहेत का?
12410,715547,D2,Agriculture,9.4,चिटोसन चा उपयोग औषध म्हणून आणि औषध निर्मितीसाठी केला जातो,चिटोसनचा उपयोग औषध म्हणून आणि औषध निर्मितीसाठी केला जातो
12411,722136,D4,Banking,9.0,मी कालच राष्ट्रीय विम्यात काही पैसे गुंतवले,मी कालच राष्ट्रीय विम्यात काही पैसे गुंतवले
12412,712440,D1,Banking,9.0,बँकिंग वित्तीय सेवाक काय कागदपत्र लागतत ?,बँकिंग वित्तीय सेवांसाठी कोणते कागदपत्रे लागतात?
12413,717806,D2,Agriculture,9.4,"पिकावरील रोगाची लक्षणे कशी ओळखावी , खबरदारी कशी घ्यावी ?","पिकावरील रोगाची लक्षणे कशी ओळखावी, खबरदारी कशी घ्यावी?"
12414,720923,D4,Agriculture,9.0,अंत्योदय अन्न योजनेतून प्रति किलो तांदूळ पुरवतो,अंत्योदय अन्न योजनेतून प्रति किलो तांदूळ पुरवतो
12415,711873,D1,Banking,9.0,कर्ज काढच्या खातीर घराची किंवा जमीन तारण दवरूची पडतली ?,कर्ज काढल्यामुळे घराची किंवा जमिनीची तारण दिली जाते का?
12416,713744,D2,Agriculture,9.4,"अरबिका , रोबस्ता , एक्सेलेसा या तीन प्रकारना काफी से","अरबिका, रोबस्ता, एक्सेलेसा हे तीन प्रकार आहेत."
12417,722098,D4,Agriculture,9.0,भारतात मान्सून उग्र रूप धारण करणार आहे,भारतात मान्सून उग्र रूप धारण करणार आहे
12418,711622,D1,Agriculture,9.0,भात पिकांर हवामानाचो कसो परिणाम होता ?,हवामान भात पिकांवर कसा परिणाम होता?
12419,714266,D2,Banking,9.4,भांडवली बजारमा शेअर बजार आणि रोखे बजार यासनाबी समावेश व्हस,भांडवली बाजारात शेअर बाजार आणि रोख बाजार यांमध्ये समावेश असतो.
12420,721386,D4,Banking,9.0,डेटाच्या गुणवत्तेसाठी आकडेवारी खूप उपयुक्त आहे,डेटाच्या गुणवत्तेसाठी आकडेवारी खूप उपयुक्त आहे
12421,711428,D1,Agriculture,9.0,लाल कोळी खैच्या पृष्ठभागावर हल्लो करतत ?,लाल कोळी पृष्ठभागावर हल्ला होत आहे का?
12422,716019,D2,Agriculture,9.389,मुद्दू सिंचन सगळ्यात कुशल आणि उपयुक्त सिंचन प्रणाली आहे,मुद्दू सिंचन सगळ्यात कुशल आणि उपयुक्त सिंचन प्रणाली आहे
12423,722452,D4,Banking,9.0,बँकेत पैसे नसतानाही धनादेश देणे हा गुन्हा आहे,बँकेत पैसे नसतानाही धनादेश देणे हा गुन्हा आहे
12424,711987,D1,Banking,9.0,हया वेळीचे व्याज मी पुढच्या महिन्यात फेड करू शकतय काय ?,मी हे व्याज पुढच्या महिन्यात फेडू शकतो का?
12425,714682,D2,Banking,9.389,गोया व्हयेल महसूल सरकार कोठे कोठे खरचं करस ?,गोव्याचे महसूल सरकार कोठे कोठे करते?
12426,720966,D4,Agriculture,9.0,आज जवळजवळ सर्व कागद औद्योगिक यंत्र सामग्रीचा वापर करून बनवले जातात,आज जवळजवळ सर्व कागद औद्योगिक यंत्र सामग्रीचा वापर करून बनवले जातात
12427,712252,D1,Banking,9.0,माका छोट्या बँकेतून किती कर्ज मिळात ?,मला छोट्या बँकेतून किती कर्ज मिळते?
12428,713647,D2,Banking,9.389,भागिदारीनं खातं आनी वैयक्तिक खातं कदय भी काममा येतस,भागीदारीचे खाणे आणि वैयक्तिक खाणे देखील कामात येते
12429,720227,D4,Agriculture,9.0,हे भारतात खूप लोकप्रिय आहे आणि त्याला मोगरा म्हणतात,हे भारतात खूप लोकप्रिय आहे आणि त्याला मोगरा म्हणतात
12430,712442,D1,Banking,9.0,बँकिंग वित्तीय सेवाचो उपयोग व्यवसायात होता काय ?,बँकिंग वित्तीय सेवांचा उपयोग व्यवसायात होता का?
12431,716929,D2,Agriculture,9.389,मध काढण्यासाठी एक बाटली आणि एक लहान यंत्र लागते,मध काढण्यासाठी एक बाटली आणि एक लहान यंत्र लागते
12432,722833,D4,Agriculture,9.0,बियाणे बँकेत दुर्मिळ प्रकारच्या बिया साठवतात,बियाणे बँकेत दुर्मिळ प्रकारच्या बिया साठवतात
12433,712402,D1,Banking,9.0,डेबिट कार्ड ने दिवसाला किती वेळा पैसे काढू शकतव ?,डेबिट कार्डने दिवसाला किती वेळा पैसे काढू शकतो?
12434,714301,D2,Agriculture,9.375,अंगोरा बाल फायबर हाई अंगोरा ससानं उत्पादन शे,अंगोरा बाळ फायबर उच्च अंगोरा उत्पादन शेत
12435,721461,D4,Banking,9.0,कर चोरून तुम्ही तुमच्या देशाची प्रगती थांबवत आहात,कर चोरून तुम्ही तुमच्या देशाची प्रगती थांबवत आहात
12436,711520,D1,Agriculture,9.0,ट्रॅक्टर सारखा आणि काय हा ज्याने पीका कापू शकताव ?,ट्रॅक्टरसारखा आणि काय हा ज्याने पीक कापू शकतो?
12437,712980,D2,Banking,9.375,कॅशलेस पेमेंटनी करता यु.पी.आय सेवा भरोसानी सेवा शे,कॅशलेस पेमेंट करताना यु.पी.आय सेवा भरोसेमंद आहे.
12438,720538,D4,Agriculture,9.0,कीटक सुमारे तीस टक्के कृषी उत्पादन नष्ट करतात,कीटक सुमारे तीस टक्के कृषी उत्पादन नष्ट करतात
12439,712366,D1,Banking,9.0,माझ्या खात्यात किती पैसे जमा झाले आसत ?,माझ्या खात्यात किती पैसे जमा झाले होते?
12440,714016,D2,Agriculture,9.375,देशभरमा रेशीम उद्योगवर ध्यान ठेवणारा रेशीम विभाग शेतंस,देशभरात रेशीम उद्योगावर लक्ष ठेवणारा रेशीम विभाग शेतंस
12441,722686,D4,Banking,9.0,पर्यावरण आणि आरोग्यासाठी देखील समर्थन करते,पर्यावरण आणि आरोग्यासाठी देखील समर्थन करते
12442,711267,D1,Agriculture,9.0,अजून पर्यंत सरकारान किती योजना शेतकऱ्यांसाठी बनवले ?,अजूनपर्यंत सरकाराने शेतकऱ्यांसाठी किती योजना बनवल्या?
12443,715116,D2,Agriculture,9.333,मधमाशांचे पालन केल्याने मधमाशांचे पोळे मिळते,मधमाशांचे पालन केल्याने मधमाशांचे पोळे मिळते
12444,722370,D4,Agriculture,9.0,"करोंदाची फळे गोलाकार , लहान व हिरव्या रंगाची असतात","करोंदाची फळे गोलाकार, लहान व हिरव्या रंगाची असतात."
12445,710719,D1,Banking,9.0,डिजिटल आर्थिक सेवा वापरण्यास सोपी असता,डिजिटल आर्थिक सेवा वापरण्यास सोपी आहे
12446,716014,D2,Agriculture,9.3,"मुख्य निर्यातत तांदूळ , नीळ , जवस आणि इतर धान्य , मीठ , तंबाखू आहे","मुख्य निर्यात म्हणजे तांदूळ, नीळ, जवस आणि इतर धान्य, मीठ आणि तंबाखू आहे."
12447,720383,D4,Banking,9.0,एकदा खरेदी केल्यावर कामगार व्हाउचर नष्ट होते,एकदा खरेदी केल्यावर कामगार व्हाउचर नष्ट होते
12448,710494,D1,Agriculture,9.0,हवामान बदलामुळा अनेकदा शेतीत दुष्काळ पडता,हवामान बदलल्यामुळे अनेकदा शेतीत दुष्काळ पडतो
12449,714181,D2,Agriculture,9.286,"आवयाना मुरब्बा , आचार , ज्याम , जेली , भाजी कराना करता उपेग व्हस","मुरब्बा, आचार, जाम, जेली, भाजी यांचा उपयोग कसा करायचा?"
12450,721799,D4,Agriculture,9.0,भूगर्भातील पाण्याची पातळी दिवसेंदिवस वाढत आहे,भूगर्भातील पाण्याची पातळी दिवसेंदिवस वाढत आहे
12451,708297,D1,Banking,9.0,जागतिक व्यापार संघटना जगभरासाठी नियम बनयता,जागतिक व्यापार संघटना जगभरासाठी नियम बनवते
12452,716922,D2,Agriculture,9.25,ग्रामीण साठवण योजनेमुळे ग्रामीण साठवण नेटवर्क वाढले आहे,ग्रामीण साठवण योजनेमुळे ग्रामीण साठवण नेटवर्क वाढले आहे
12453,719044,D4,Agriculture,9.0,मोकळ्या शेतात जनावरे चरणारी व्यक्ती मेंढपाळ आहे,मोकळ्या शेतात जनावरे चरणारी व्यक्ती मेंढपाळ आहे
12454,709938,D1,Agriculture,9.0,नारळाच्या किशीयेपासून कॉयर मिळता,नारळाच्या किशीयापासून कॉयर मिळते
12455,713800,D2,Agriculture,9.0,आजबी गणकच मासा पकडाले जातस,आज अनेक मासे पकडले जात आहेत
12456,721094,D4,Banking,9.0,रिझर्व्ह बँक ऑफ इंडिया भारतात तसेच परदेशात पैसे पाठवते,रिझर्व्ह बँक ऑफ इंडिया भारतात तसेच परदेशात पैसे पाठवते
12457,707436,D1,Agriculture,9.0,काही तण खूप हानिकारक असतत,काही तण खूप हानिकारक असतात
12458,713934,D2,Agriculture,9.0,मक्काना पिकना गतच मोनोकापिंगबी येक पिक म्हनीसन वापरतस,मक्याचे पिकवण्यासाठी मोनोकापिंग वापरले जाते.
12459,720996,D4,Agriculture,9.0,रोटेटर कफ चार स्नायूंचा समूह आहे,रोटेटर कफ चार स्नायूंचा समूह आहे
12460,711310,D1,Agriculture,9.0,मीया मक्याच्या रोपाच्या वेळी कशी काळजी घेव ?,मी मक्याच्या रोपाच्या वेळी कशी काळजी घ्यावी?
12461,712604,D2,Agriculture,9.0,"विषाणू , बॅक्टेरीया आणि बुरशीमुळे झाडावर रोग पडस","विषाणू, बॅक्टेरीया आणि बुरशीमुळे झाडांवर रोग पडतात."
12462,722382,D4,Agriculture,9.0,खते झाडांना नायट्रोजन आणि स्फुरद दोन्ही देतात,खते झाडांना नायट्रोजन आणि स्फुरद दोन्ही देतात
12463,711659,D1,Agriculture,9.0,माती खयच्या गुणधर्मान बनलेली असता ?,माती खयच्या गुणधर्मांनी बनलेली आहे का?
12464,713482,D2,Agriculture,9.0,आख्खी जगदुन्यामा टमाटाले चांगली मांगनी शे,जगभर बटाट्याची चांगली मागणी आहे.
12465,722558,D4,Agriculture,9.0,सध्याच्या काळात शेतकऱ्याचे जीवन खूप कठीण झाले आहे,सध्याच्या काळात शेतकऱ्याचे जीवन खूप कठीण झाले आहे
12466,712568,D1,Banking,9.0,कृपया माका सिबिल स्कोअरबद्दल सांगताल का ?,कृपया मला सिबिल स्कोअरबद्दल सांगता का?
12467,713292,D2,Banking,9.0,ट्रॅव्हल एजन्सी भी वांशिक उद्योग ना हिस्सा शे,ट्रॅव्हल एजन्सी देखील त्या उद्योगाचा हिस्सा आहे.
12468,721170,D4,Banking,9.0,संगणकीय वित्त ही उपयोजित संगणक विज्ञानाची एक शाखा आहे,संगणकीय वित्त ही उपयोजित संगणक विज्ञानाची एक शाखा आहे
12469,711380,D1,Agriculture,9.0,महाराष्ट्रात भात बियाण्याचे कीतके प्रकार घेतत ?,महाराष्ट्रात भाताचे किती प्रकार आहेत?
12470,716576,D2,Banking,9.0,महिलांच्या सुरक्षेसाठी कोणतीही तरतूद नाही,महिलांच्या सुरक्षेसाठी कोणतीही तरतूद नाही
12471,719055,D4,Agriculture,9.0,भारतीय जेवणात तूर डाळ ही महत्त्वाची भूमिका बजावते,भारतीय जेवणात तूर डाळ ही महत्त्वाची भूमिका बजावते
12472,707282,D1,Banking,9.0,भारत सरकारने गरीब कल्याण रोजगार अभियान उपक्रम सुरू केला असा,भारत सरकारने गरीब कल्याण रोजगार अभियान उपक्रम सुरू केला असा
12473,717008,D2,Agriculture,9.0,ईकॉमर्स व्यवसायातील ग्राहकांना सेवा प्रदान करते,ई-कॉमर्स व्यवसायातील ग्राहकांना सेवा प्रदान करते
12474,720565,D4,Agriculture,9.0,काही जलचर वनस्पतीही बुडलेल्या अवस्थेत आहेत,काही जलचर वनस्पतीही बुडलेल्या अवस्थेत आहेत
12475,712460,D1,Banking,9.0,माझ्या कर्जाची शेवटची तारीख किती आसा ?,माझ्या कर्जाची शेवटची तारीख कोणती आहे?
12476,713511,D2,Agriculture,9.0,रेशीमना किडानी शेती हायी नगदनं पीक शे,"रेशीमना किडानी शेती आहे, नगदानं पीक शे"
12477,720604,D4,Agriculture,9.0,माझे वडील पिकाची उधळण करून त्याचे उत्पादन करतात,माझे वडील पिकाची उधळण करून त्याचे उत्पादन करतात
12478,712560,D1,Banking,9.0,म्या नईन डेबिट कार्ड काडुच्या साठी अर्ज कसा करूचा ?,मी डेबिट कार्डसाठी अर्ज कसा करावा?
12479,717532,D2,Agriculture,9.0,गव्हाला किती प्रमाणात पाणी द्यावे ?,गव्हाला किती प्रमाणात पाणी द्यावे?
12480,720355,D4,Agriculture,9.0,देशातील कॉफीच्या उत्पादनात लक्षणीय वाढ झाला आहे,देशातील कॉफीच्या उत्पादनात लक्षणीय वाढ झाली आहे
12481,708366,D1,Agriculture,9.0,पाण्यातल्या शेतीमुळे जमिनीवरचो दबाव कमी जाता,पाण्यातल्या शेतीमुळे जमिनीवरचा दबाव कमी जातो.
12482,718388,D2,Banking,9.0,पर्यायी आणि अल्प मुदतीचे कर्ज देण्याचे पर्याय काय ?,पर्यायी आणि अल्प मुदतीचे कर्ज देण्याचे पर्याय काय?
12483,719990,D4,Banking,9.0,आयकर विभाग केंद्र सरकार आणि राज्य सरकारच्या अंतर्गत काम करतो,आयकर विभाग केंद्र सरकार आणि राज्य सरकारच्या अंतर्गत काम करतो
12484,710021,D1,Banking,9.0,"मनी टैप , ऑनलाइन सगळ्यात उत्तम व्यक्तिगत कर्ज काढण्याची पद्धत हा",मनी टॅप ऑनलाइन सर्वात उत्तम व्यक्तिगत कर्ज काढण्याची पद्धत आहे
12485,717552,D2,Agriculture,9.0,गव्हाच्या लागवडीनंतर कोणते तणनाशक वापरावे ?,गव्हाच्या लागवडीनंतर कोणते तणनाशक वापरावे?
12486,720178,D4,Agriculture,9.0,माझे वडील गहू साठवून ठेवल्यानंतर खूप खूश आहेत,माझे वडील गहू साठवून ठेवल्यानंतर खूप खूश आहेत
12487,706936,D1,Banking,9.0,फोन पे युनिफाइड पेमेंट इंटरफेस प्रणालीवर कार्य करता,फोन पे युनिफाइड पेमेंट इंटरफेस प्रणालीवर कार्य करते
12488,717664,D2,Agriculture,9.0,ठिबक सिंचन करण्यासाठी किती अनुदान आहे ?,ठिबक सिंचन करण्यासाठी किती अनुदान आहे?
12489,721505,D4,Banking,9.0,प्रत्येक बँकेत अंतर्गत नैतिकता असणे फार महत्वाचे आहे,प्रत्येक बँकेत अंतर्गत नैतिकता असणे फार महत्त्वाचे आहे
12490,710537,D1,Agriculture,9.0,आमच्या घरात कापणीच्या वेळेक मशीनचो वापर केलो जाता,आमच्या घरात कापणीच्या वेळेत मशीन वापरले.
12491,717403,D2,Agriculture,9.0,कीड न पडण्यासाठी कोणती काळजी घ्यावी ?,कीड न पडण्यासाठी कोणती काळजी घ्यावी?
12492,718690,D4,Agriculture,9.0,मधमाशी काढून आणि आतील भागात फ्रेम ठेवून मध काढला जातो,मधमाशी काढून आणि आतील भागात फ्रेम ठेवून मध काढला जातो
12493,711046,D1,Banking,9.0,श्रम चेक श्रमाच्या माध्यमातना कमवलो जाता,श्रम तपासणी श्रमाच्या माध्यमांतून कमवले जाते
12494,717838,D2,Agriculture,9.0,शेजारच्या राज्यातील शेतमालाचा भाव मला कसा समजेल ?,शेजारच्या राज्यातील शेतमालाचा भाव मला कसा समजेल?
12495,719403,D4,Banking,9.0,"वीज बिल ऑनलाइन भरल्याने , तुमच्याकडेही एक रेकॉर्ड राहते",वीज बिल ऑनलाइन भरल्याने तुमच्याकडेही एक रेकॉर्ड राहते
12496,708267,D1,Banking,9.0,खातेधारक आय.एम.पी.एस चो फायदो चोवीस तास घेवक शकता,खातेधारक आय.एम.पी.एस चे फायदे चौबीस तास घेऊ शकतो.
12497,717033,D2,Banking,9.0,प्रमाणित धनादेश खात्यात निधी असल्याचे दर्शवितो,प्रमाणित धनादेश खात्यात निधी असल्याचे दर्शवितो
12498,719818,D4,Agriculture,9.0,पाण्याचे प्रमाण जगभरातील जलचरांसाठी वापरले जाते,पाण्याचे प्रमाण जगभरातील जलचरांसाठी वापरले जाते
12499,708879,D1,Banking,9.0,वित्तीय विश्लेषणाचा काम इतका पण कठीण नाय हा,वित्तीय विश्लेषणाचे काम इतकेच कठीण आहे.
12500,715487,D2,Agriculture,9.0,खसखस अफू खसखसीतुन मिळालेल्या तेलबिया आहे,ते मिळालेली तेलबिया खसखस आहे.
12501,721027,D4,Agriculture,9.0,जड गवत कापण्यासाठी हेजकटरचा वापर केला जातो,जड गवत कापण्यासाठी हेजकटरचा वापर केला जातो
12502,707218,D1,Banking,9.0,मोबिक्विक सह ऑनलाइन रिचार्ज आणि बिल भरणा सोपा झाला असा,मोबिक्विक सह ऑनलाइन रिचार्ज आणि बिल भरणे सोपे झाले असे
12503,716689,D2,Banking,9.0,थकीत कर्जावर लक्ष ठेवून आर्थिक स्थितीचा अंदाज येतो,थकीत कर्जावर लक्ष ठेवून आर्थिक स्थितीचा अंदाज येतो
12504,721230,D4,Banking,9.0,रिटेल बँकिंग किरकोळ ग्राहकांशी थेट व्यवहार करते,रिटेल बँकिंग किरकोळ ग्राहकांशी थेट व्यवहार करते
12505,709621,D1,Banking,9.0,रजीस्टर शेअर कंपनी आपल्या आवडिच्या जागेर पण स्थिर होऊ शकता,रजिस्टर शेअर कंपनी आपल्या जागेवर पण स्थिर होऊ शकते
12506,713972,D2,Banking,9.0,ऑनलाइन बँकिंग पेमेंट हाई इंटरनेटनी देन शे,ऑनलाइन बँकिंग पेमेंट इंटरनेटद्वारे होते.
12507,721498,D4,Banking,9.0,संस्थात्मक गुंतवणूक दारांसाठी कायदा कोण बनवतो ?,संस्थात्मक गुंतवणूक दारांसाठी कायदा कोण बनवतो?
12508,708682,D1,Agriculture,9.0,तुम्ही बेल रॅपरका कधी स्वता बघितलास काय ?,तुम्ही बेल रॅपरका कधी पाहिले काय?
12509,716851,D2,Agriculture,9.0,पी.एम फसल विमा योजनेच्या प्रीमियमचा काही भाग सरकार भरते,पी.एम फसल विमा योजनेच्या प्रीमियमचा काही भाग सरकार भरते
12510,721422,D4,Banking,9.0,बचत खात्यांमधून पैसे काढण्याची मर्यादा आहे का ?,बचत खात्यांमधून पैसे काढण्याची मर्यादा आहे का?
12511,711868,D1,Banking,9.0,एका वेळाक कित्के पैसे काढूक व हस्तांतरित करूक येतत ?,एका वेळी किती पैसे काढता येतात व हस्तांतरित करता येतात?
12512,713319,D2,Banking,9.0,किराना खरेदीमुये वस्तूसनी ईक्रीमा वाढ व्हयनी,किराना खरेदीमुळे वस्तूंची क्रीम वाढली
12513,719057,D4,Agriculture,9.0,सुखा मेवा खाल्ल्याने सौंदर्य टिकून राहते,सुखा मेवा खाल्ल्याने सौंदर्य टिकून राहते
12514,712168,D1,Banking,9.0,तुमच्या बँकेचो वेगळो कुठलो बिला भरूचो ऍप असा काय ?,"तुमच्या बँकेत बिल कुठे भरावे, हे ॲप काय आहे?"
12515,712656,D2,Banking,9.0,पारतिनिधिक पैसा हाऊ पैसासना येक परकार शे,प्रमाणित पैसा कसे आहे एक गरज
12516,721648,D4,Banking,9.0,कालबाह्यता तारीख म्हणजे क्रेडिट कार्ड वैध नाही,कालबाह्यता तारीख म्हणजे क्रेडिट कार्ड वैध नाही
12517,709084,D1,Agriculture,9.0,पिकांका जमीन मिळवूक म्हणान पण जंगला कापतत,पिकांसाठी जमीन मिळवण्याचा विचार करत असताना जंगलाची फांदीत आहे.
12518,712600,D2,Banking,9.0,ओमपरकास पैसासना बदलामा बीडी लेवाले गया,ओमपरकास पैसेचे बदलणे बीडी झाले आहे
12519,722278,D4,Banking,9.0,तुमची थकीत बिले क्रेडिट कार्डद्वारे भरता येतील,तुमची थकीत बिले क्रेडिट कार्डद्वारे भरता येतील
12520,710538,D1,Agriculture,9.0,आमच्या शेतीत भरपूर झाडी असा ही आणि ती आपोआप रुजान येता,आमच्या शेतीत भरपूर झाडी आहे आणि ती आपोआप वाढते
12521,715061,D2,Banking,9.0,बँकेच्या मोबाइल ऐप वर जाऊन कर्ज खात्याचे तपशिल बघता येऊ शकतात,बँकेच्या मोबाईल ॲपवर जाऊन कर्ज खात्याचे तपशील पाहता येतात
12522,720371,D4,Banking,9.0,डेबिट आणि क्रेडिट एकाच बँक फंड खात्यात केले जाते,डेबिट आणि क्रेडिट एकाच बँक खात्यात केले जाते
12523,706964,D1,Banking,9.0,नियमित क्रेडिट कार्ड चार्ज कार्डाहुन वेगळा असता,नियमित क्रेडिट कार्डचा शुल्क वेगळे असते.
12524,713130,D2,Banking,9.0,इक्विटी धारक ना हिस्सा कंपनी मा रास,इक्विटी धारकाचा कंपनीतील हिस्सा आहे
12525,721381,D4,Banking,9.0,आम्ही सध्याच्या मूल्याची गणना देखील केली आहे,आम्ही सध्याच्या मूल्याची गणना देखील केली आहे
12526,707425,D1,Agriculture,9.0,कागदाचो वापर पॅकेजिंग मटेरियल म्हणूनव केलो जाता,कागदाचा वापर पॅकेजिंग मटेरियल म्हणून किती किलो होतो
12527,713135,D2,Banking,9.0,बॅकमा जमा पैसा कसानीच पूर्व सुचना न देता काढता येतस,जमा केलेली रक्कम पूर्व सूचना न देता काढता येत नाही
12528,720346,D4,Agriculture,9.0,"फ्रेंच बीन्समध्ये भरपूर जीवनसत्त्वे , प्रथिने असतात",फ्रेंच शेंगांमध्ये भरपूर जीवनसत्त्वे आणि प्रथिने असतात
12529,708104,D1,Agriculture,9.0,सागरी शेती ही मत्स्यशेतीचो येक विशेष शाखा आसा,सागरी शेती ही मत्स्यशेतीची एक विशेष शाखा आहे
12530,715820,D2,Banking,9.0,फायनान्स मध्ये करियर करणे रोमांचित आणि फायदेशीर आहे,फायनान्समध्ये करिअर करणे रोमांचक आणि फायदेशीर आहे
12531,721967,D4,Agriculture,9.0,"कोंबडीच्या स्थानिक जाती बुसरा , असील आणि कडकनाथ आहेत","कोंबडीच्या स्थानिक जाती बुसरा, असील आणि कडकनाथ आहेत."
12532,708909,D1,Banking,9.0,उद्यम भांडवल वैयक्तिक इक्विटी वित्तपोषणाचा एक रूप असा,उद्यम भांडवल वैयक्तिक इक्विटी वित्तपोषणाचा एक रूप आहे
12533,717447,D2,Agriculture,9.0,उन्हाळ्यात बाजरी लावली तर चांगली येईल का ?,उन्हाळ्यात बाजरी लावली तर चांगली येईल का?
12534,721292,D4,Banking,9.0,आयकर विभाग ही एक सरकारी संस्था आहे जी भारत सरकारचा थेट कर वसूल करते,आयकर विभाग ही एक सरकारी संस्था आहे जी भारत सरकारचा थेट कर वसूल करते
12535,709046,D1,Banking,9.0,जयदेव पे.टी.एम मध्ये सुचना अधिकाराच्या पदावर काम करता हा,जयदेव पी.टी.एम मध्ये सूचना अधिकाराच्या पदावर काम करतो.
12536,717338,D2,Agriculture,9.0,कृषी बाजारात कोणकोणत्या वस्तू खरेदी करता येतात,कृषी बाजारात कोणकोणत्या वस्तू खरेदी करता येतात
12537,722823,D4,Agriculture,9.0,मुंबईतील सर्वात प्रसिद्ध मासळी बाजार आहे,मुंबईतील सर्वात प्रसिद्ध मासे बाजार आहे
12538,708290,D1,Agriculture,9.0,चीनमदी जवळजवळ धा लाख कामगार रेशीम उद्योगात काम करतत,चीनमध्ये जवळजवळ तीन लाख कामगार रेशीम उद्योगात काम करत आहेत
12539,718593,D2,Banking,9.0,आरोग्य विम्यासाठी मला अर्ज करता येईल का ?,आरोग्य विम्यासाठी मला अर्ज करता येईल का?
12540,722097,D4,Agriculture,9.0,"भाऊ , हिवाळ्यात लागवडीच्या वेळेला रब्बी म्हणतात",भाऊ हिवाळ्यात लागवडीच्या वेळेला रब्बी म्हणतात
12541,709039,D1,Banking,9.0,स्टॉकब्रोकर बनूक तुमका स्टॉक्सची महिती असाक व्हयी,स्टॉकब्रोकर बँकेचे तुमचे स्टॉक्सची माहिती असावी
12542,718490,D2,Banking,9.0,कर्ज मिळविण्यासाठी ऑनलाइन अर्ज करता येईल का ?,कर्ज मिळविण्यासाठी ऑनलाइन अर्ज करता येईल का?
12543,721512,D4,Banking,9.0,घर खरेदी करण्यासाठी आपण किती अचल भांडवल वापरत आहात ?,घर खरेदी करण्यासाठी आपण किती अचल भांडवल वापरत आहात?
12544,709491,D1,Agriculture,9.0,नारळाचा तेल खाद्य पदार्थांमध्ये वापरला जाता,नारळाचे तेल खाद्यपदार्थांमध्ये वापरले जाते.
12545,716615,D2,Banking,9.0,कार्यरत जोखीम तुमच्या व्यवसायची अस्थिरता वाढवू शकते,कार्यरत जोखीम तुमच्या व्यवसायची अस्थिरता वाढवू शकते
12546,719982,D4,Banking,9.0,डेबिट कार्ड तपशीलांसह नेट बँकिंगसाठी अर्ज करू शकतात,डेबिट कार्ड तपशीलांसह नेट बँकिंगसाठी अर्ज करू शकतात
12547,707397,D1,Agriculture,9.0,कंद पिकांचो जगाच्या अन्न पुरवठ्यात मोठा भाग आसा,कंद पिकांचे जगाच्या अन्न पुरवठ्यात मोठा भाग आहे.
12548,717506,D2,Agriculture,9.0,मोसंबीची पॅकेजिंग वाहतूक कशाप्रकारे करता येईल ?,मोसंबीची पॅकेजिंग वाहतूक कशाप्रकारे करता येईल?
12549,721831,D4,Agriculture,9.0,मळणी ही काढणीनंतर धान्य तयार करण्याची प्रक्रिया आहे,मळणी ही काढणीनंतर धान्य तयार करण्याची प्रक्रिया आहे
12550,709180,D1,Agriculture,9.0,भारतात खायच्या तेलाची मागणी मोठी हा,भारतात खाण्याच्या तेलाची मागणी मोठी आहे
12551,717768,D2,Agriculture,9.0,मधुमक्षिका पालन केल्यास नफा मिळेल का ?,मधुमक्षिका पालन केल्यास नफा मिळेल का?
12552,718828,D4,Agriculture,9.0,माझ्या गावात बेलर मशिनरी सुविधा उपलब्ध आहे,माझ्या गावात बेलर मशिनरीची सुविधा उपलब्ध आहे
12553,708778,D1,Agriculture,9.0,वस्तुंका एकत्र खेचुचा एक साधान हॅन्ड गॅदरिंग असा,वस्तुंका एकत्र घेऊन एक साधन हँड गॅदरिंग आहे
12554,717378,D2,Agriculture,9.0,रोटेशन पद्धतीमुळे खत टाकल्याने काही फायदा होईल का ?,रोटेशन पद्धतीमुळे खत टाकल्याने काही फायदा होईल का?
12555,719809,D4,Agriculture,9.0,पृष्ठभाग सिंचनाचा वापर करून पाण्याची बचत करता येते,पृष्ठभाग सिंचनाचा वापर करून पाण्याची बचत करता येते
12556,710549,D1,Banking,9.0,आर.टी.जी.एस च्या मदतीन तुमका हवे तेव्हा पैशे पाठवता येतत,आर.टी.जी.एस च्या मदतीने तुम्हाला हवे तेव्हा पैसे पाठवता येतात.
12557,718403,D2,Banking,9.0,मी एका बँकेतून दुसऱ्या बँकेत पैसे पाठवू शकतो का ?,मी एका बँकेतून दुसऱ्या बँकेत पैसे पाठवू शकतो का?
12558,720440,D4,Banking,9.0,स्टेट बँक ऑफ इंडियाने भारतात मोठी प्रगती केली आहे,स्टेट बँक ऑफ इंडियाने भारतात मोठी प्रगती केली आहे
12559,711033,D1,Banking,9.0,शिक्षकान सवीताक तरलतेच्या जोखमीविषयी सांगल्यान,शिक्षकाने तरलतेच्या जोखमीविषयी सांगितले
12560,718021,D2,Banking,9.0,शैक्षणिक कर्जाचा लाभ मला कशाप्रकारे घेता येऊ शकतो ?,शैक्षणिक कर्जाचा लाभ मला कशाप्रकारे मिळू शकतो?
12561,722395,D4,Agriculture,9.0,जमीन छपाईचे साधन तण आणि गवत कापून पालापाचोळ्याचा ब्रश बनवा,जमीन छपाईचे साधन तण आणि गवत कापून पालापाचोळ्याचा ब्रश बनवा
12562,708237,D1,Banking,9.0,काळया बाजाराक छुपी अर्थ व्यवस्था म्हणतत,काळया बाजाराचे छुपे अर्थ व्यवस्था म्हणत आहे
12563,717305,D2,Agriculture,9.0,हरळ नष्ट होण्यासाठी कोणते तणनाशक वापरावे ?,हरळ नष्ट होण्यासाठी कोणते तणनाशक वापरावे?
12564,721369,D4,Banking,9.0,काही मायक्रो क्रेडिट संस्था अपयशी ठरत आहेत,काही मायक्रो क्रेडिट संस्था अपयशी ठरत आहेत
12565,706642,D1,Banking,9.0,प्रभावी दर सामान्यपणे किरकोळ दराहून कमी असता,प्रभावी दर सामान्यपणे किरकोळ दराहून कमी असतात.
12566,717562,D2,Agriculture,9.0,टोमॅटो व मिरची आंतरपीक म्हणून एकत्रित लावता येऊ शकते का ?,टोमॅटो व मिरची आंतरपीक म्हणून एकत्रित लावता येऊ शकते का?
12567,719717,D4,Banking,9.0,"भाऊ , कालच्या वादळात आमच्या पिकाचे खूप नुकसान झाले",भाऊ कालच्या वादळात आमच्या पिकांचे खूप नुकसान झाले
12568,707786,D1,Banking,9.0,बँकर्स बँक फक्त कम्युनिटी बँकांका सेवा पुरवता,बँकर्स बँक फक्त कम्युनिटी बँकांना सेवा पुरवते
12569,718537,D2,Banking,9.0,दिवाळीसाठी दोन महिन्याकरिता कर्ज मिळू शकते का ?,दिवाळीसाठी दोन महिन्याकरिता कर्ज मिळू शकते का ?
12570,719063,D4,Agriculture,9.0,गावात मोहरीच्या पानांची भाजी केली जाते,गावात मोहरीच्या पानांची भाजी केली जाते
12571,710374,D1,Agriculture,9.0,मंडई बाजार सगळ्यात आधि नियंत्रीत बाजारात आणलो गेलो,मंडई बाजार सर्वात नियंत्रीत बाजारात आणले गेलो
12572,718396,D2,Banking,9.0,सप्टेंबर महिन्यातील बँक स्टेटमेन्ट मला मिळेल का ?,सप्टेंबर महिन्यातील बँक स्टेटमेंट मला मिळेल का?
12573,720614,D4,Agriculture,9.0,रेशीम शेतीच्या प्रक्रियेला सेरिक्चर म्हणतात,रेशीम शेतीच्या प्रक्रियेला सेरिक्चर म्हणतात.
12574,707857,D1,Agriculture,9.0,भेंडी ही बोटाच्या आकाराची हिरवी भाजी आसा,ही भेंडी बोटाच्या आकाराची हिरवी भाजी आहे
12575,717993,D2,Banking,9.0,सामाजिक योजनेचा वापर कसा करता येईल ?,सामाजिक योजनेचा वापर कसा करता येईल?
12576,721168,D4,Banking,9.0,आई.सी.आई.सी.आई ही देशातील सर्वात मोठी व्यावसायिक बँक आहे,आयसीआयसीआय ही देशातील सर्वात मोठी व्यावसायिक बँक आहे
12577,710134,D1,Agriculture,9.0,अरबीच्या पानांचो उपयोग भाजीसाठी करतत,अरबीच्या पानांचा उपयोग भाजीसाठी केला जात आहे
12578,718206,D2,Banking,9.0,मी डेबिट किंवा क्रेडिट कार्डचा ऑनलाइन वापर कसा करु ?,मी डेबिट किंवा क्रेडिट कार्डचा ऑनलाइन वापर कसा करू?
12579,720556,D4,Agriculture,9.0,जलवृद्धीला हायड्रोपोनिक्स असे म्हणतात,जलवृद्धीला हायड्रोपोनिक्स असे म्हणतात
12580,707315,D1,Agriculture,9.0,"आजी सांगता , हृदयविकार बरो करुसाठी अळशीचे बियो खातत","आजी सांगते, हृदयविकार बरोबर करण्यासाठी अळशीचे बियो खात आहे."
12581,717444,D2,Agriculture,9.0,"वृत्तपत्र , रेडिओद्वारे खरेदी विक्री करु शकतो का ?",वृत्तपत्र आणि रेडिओद्वारे खरेदी विक्री करता येते का?
12582,720965,D4,Agriculture,9.0,बाजारातून दोन किलो टमाटर आणल्यानंतर सेवन्पाक झाले,बाजारातून दोन किलो टोमॅटो आणल्यानंतर जेवण झाले
12583,711773,D1,Agriculture,9.0,उडीद साठवणीत कीड लागात म्हणून कश्याचो वापर करतत ?,साठवणीत कीड नियंत्रणासाठी म्हणून किती वापर करत आहात?
12584,716693,D2,Agriculture,9.0,आम्लीय मातीमध्ये लसुन वाढत नाही,आमच्या मातीमध्ये लसूण वाढत नाही
12585,720539,D4,Agriculture,9.0,फील्ड बीन्समध्ये अधिक प्रोटीन आणि जीवनसत्त्वे असतात,फील्ड बीन्समध्ये अधिक प्रोटीन आणि जीवनसत्त्वे असतात
12586,711190,D1,Agriculture,9.0,मोबाईलातसून आमी मार्केटिंग करूक शकतू काय ?,मोबाईलवरून आम्ही मार्केटिंग करू शकतो का?
12587,716377,D2,Agriculture,9.0,वन्यजीव शेतीसाठी उपयुक्त्त प्राणी बहुतेक वन्य आहेत,वन्यजीव शेतीसाठी उपयुक्त प्राणी बहुतेक वन्य आहेत
12588,719262,D4,Agriculture,9.0,फॉक्सटेल बाजरीची भाकरीही भारतात खाल्ली जाते,फॉक्सटेल बाजरीची भाकरीही भारतात खाल्ली जाते
12589,711629,D1,Agriculture,9.0,पी.एम किसान एफ.पी.ओ योजनाच्यात शेतकऱ्यांका काय मिळता ?,पी.एम किसान एफ.पी.ओ योजनेत शेतकऱ्यांना काय मिळते?
12590,715013,D2,Banking,9.0,पगार आल्या नंतर जोगीन्दारणे आपले बँक खाते चेक केले,पगार आल्यानंतर जोगीन्दारण्यांनी आपले बँक खाते तपासले
12591,721155,D4,Banking,9.0,ऑडिटर ही ग्राहकांच्या ऑडिट अंतर्गत स्वतंत्र फर्म आहे,ऑडिटर ही ग्राहकांच्या ऑडिट अंतर्गत स्वतंत्र फर्म आहे
12592,711122,D1,Agriculture,9.0,हया आम्याच्या जातीनिसून कसली जात बरी आनी कशी लाऊची ?,या आम्याच्या जातीतील कोणती जात बरोबर आहे आणि ती कशी मिळवायची?
12593,714033,D2,Agriculture,9.0,घेवडाले उगाले पाच सहा दिवस लागू शकतस,पाच सहा दिवस लागू शकतात.
12594,721310,D4,Banking,9.0,स्टॉक ट्रेडरचे काम शेअर मार्केट मध्ये असते,स्टॉक ट्रेडरचे काम शेअर बाजारात असते
12595,708708,D1,Agriculture,9.0,जलीय कृषि खारसाण ओडीसाच्या आतलो राष्टीय उद्यान असा,जलीय कृषी खारसाण ओडिसाच्या आतले राष्ट्रीय उद्यान आहे.
12596,716357,D2,Agriculture,9.0,हायड्रोपोनिक्स तंत्रज्ञान खूप प्रगत आहे,हायड्रोपोनिक्स तंत्रज्ञान खूप प्रगत आहे
12597,719082,D4,Banking,9.0,यू.पी.आय मधील अनेक बँक खाती एकाच मोबाइल अनुप्रयोगात येतात,यू.पी.आय मधील अनेक बँक खाती एकाच मोबाइल अनुप्रयोगात येतात
12598,707626,D1,Banking,9.0,तुमचा खाता बी.ओ.बी मध्ये कधीपासून आसा ?,तुमचा खाता बी.ओ.बी मध्ये कधीपासून आहे?
12599,715104,D2,Agriculture,9.0,भारतात सर्वाधिक डाळींचे उत्पादन मध्य प्रदेशात आहेत,भारतात सर्वाधिक डाळींचे उत्पादन मध्य प्रदेशात आहे
12600,721293,D4,Banking,9.0,पूर्व निर्धारित कालावधीनंतर व्याजदर वाढणार नाही,पूर्व निर्धारित कालावधीनंतर व्याजदर वाढणार नाही
12601,711001,D1,Banking,9.0,वर्णनात्मक लेबल वस्तुची अंतिम तारीख देखील प्रदान करता,वर्णनात्मक लेबल आणि वस्तूची अंतिम तारीख देखील प्रदान करतो
12602,712782,D2,Banking,9.0,परतेक गुंतवणूकदार गुंतवणूक करानं वखत पैसासनं मूल्य मोजतस,प्रत्येक गुंतवणूकदार गुंतवणूक करताना वेळेस पैशाचे मूल्य मोजत असतो.
12603,719417,D4,Banking,9.0,सूक्ष्म अर्थशास्त्र व्यवसायात कशी मदत करते ?,सूक्ष्म अर्थशास्त्र व्यवसायात कशी मदत करते?
12604,707205,D1,Banking,9.0,पाहणा आणि पूर्तता करणा ह्या वित्ताचो प्रकार असा,पाहणे आणि पूर्तता करणे हा प्रकार असा आहे.
12605,713766,D2,Agriculture,9.0,हाइड्रोपोनिक्स साठे सहा तंत्रे शेतस,हायड्रोपोनिक्समध्ये सहा तंत्रे आहेत
12606,721518,D4,Banking,9.0,"प्रथम , संगीत उद्योगाने सार्वजनिक समर्थन वापरले",प्रथम संगीत उद्योगाने सार्वजनिक समर्थन वापरले
12607,707407,D1,Banking,9.0,कर टाळणा आणि करचो प्रतिकार करणा ह्ये दोन येगळे गोष्टी आसत,कर टाळणे आणि करचा प्रतिकार करणे ही दोन गोष्टी आहेत.
12608,717042,D2,Banking,9.0,खराब रोख प्रवाहामुळे अनेक कंपन्या अपयशी ठरतात,खराब रोख प्रवाहामुळे अनेक कंपन्या अपयशी ठरतात
12609,719875,D4,Banking,8.923,"गुगल पेचा वापर करून तुम्ही मोबाईल , वीज , पाणी बिल भरू शकता","गुगलचा वापर करून तुम्ही मोबाईल, वीज, पाणी बिल भरू शकता"
12610,711471,D1,Agriculture,9.0,खरीप हंगामाक खयला चांगला पीक हा जा मी घेऊ शकतय ?,खरीप हंगामात चांगले पीक मी घेऊ शकतो का?
12611,713869,D2,Agriculture,9.0,भाजीले चव येवाले जोयजे म्हणीसन हिरवा वटाणासणा वापर करतस,भाजींची चव येणारी म्हणून हिरव्या वटाणासणा वापरले जातात.
12612,722847,D4,Agriculture,8.923,"मला शेती कर्ज पाहिजे , थोडं सांग , मी काय करू राजू ?","मला शेती कर्ज पाहिजे, थोडं सांग, मी काय करू राजू?"
12613,708348,D1,Agriculture,9.0,नेमाटीसाईट्स ह्या एक प्रकारचा कीटकनाशक आसा,नेमाटीसाईट्स एक प्रकारचा कीटकनाशक आहे
12614,714353,D2,Banking,9.0,प्रीतम तु तुना आज्लाले अटल पेंशन योजना काढी दिशी,प्रीतम तुला आजला अटल पेन्शन योजना काढायची दिशेने
12615,719879,D4,Banking,8.923,आई.डी.बी.आई बँक कार कर्ज सात दशांश तीन पाच या दराने कर्ज देत आहे,आयडीबीआय बँक कार कर्जासाठी सात दशांश तीन पाच या दराने कर्ज देत आहे
12616,710498,D1,Agriculture,9.0,ह्या मशनीन कांद्याची पेरणी योग्य अंतरावर होता,या मशीनने कांद्याची पेरणी योग्य अंतरावर झाली होती.
12617,715108,D2,Banking,9.0,भारतीय अर्थ मंत्रालयाच्या अनेक सहाय्यक कंपन्या आहेत,भारतीय अर्थ मंत्रालयाच्या अनेक सहाय्यक कंपन्या आहेत
12618,720095,D4,Agriculture,8.917,"ऑलिव्ह ऑईलही बनवलं जातं , ऑलिव्ह ऑईल खूप महाग आणि फायदेशीरही असतं","ऑलिव्ह ऑईलही बनवले जाते, ऑलिव्ह ऑईल खूप महाग आणि फायदेशीरही असते."
12619,710053,D1,Banking,9.0,रवीच्या वडिलांनी वेळेवर घराचा विमो उतरवल्यानी,रवीच्या वडिलांनी वेळेवर घराचा विमो उतरवला
12620,716828,D2,Agriculture,9.0,मगरीच्या चामड्याचा वापर करून पट्टे तयार केले जातात,मगरीच्या चामड्याचा वापर करून पट्टे तयार केले जातात
12621,719337,D4,Banking,8.909,"सहसा , तरलता संकटाच्या वेळी , आंतरबँक कर्ज बाजार ठप्प होतो",सहसा तरलता संकटाच्या वेळी आंतरबँक कर्ज बाजार ठप्प होतो
12622,707260,D1,Banking,9.0,तुम्ही यू.पी.आय क्यू.आर कोड स्कॅन करान पेमेंट करू शकता,तुम्ही यूपीआय क्यूआर कोड स्कॅन करून पेमेंट करू शकता
12623,716721,D2,Banking,9.0,झिरोधा नऊ दशलक्ष भारतातील सर्वात मोठा स्टॉक ब्रोकर आहे,झिरोधा नऊ दशलक्ष भारतातील सर्वात मोठा स्टॉक ब्रोकर आहे
12624,722017,D4,Banking,8.909,ॲमेझॉन पे व्यवहार पूर्ण करते आणि त्वरित चेकआउट अनुभव प्रदान करते,ॲमेझॉन पे व्यवहार पूर्ण करते आणि त्वरित चेकआउट अनुभव प्रदान करते
12625,709541,D1,Agriculture,9.0,बियांचे चार सर्वमान्य वर्ग आसात,बियांचे चार सर्वमान्य वर्ग आहेत
12626,716135,D2,Banking,9.0,विप्रो ने आत्तापर्यंत तेरा वेळा बोनस दिला आहे,विप्रोने आतापर्यंत दहा वेळा बोनस दिला आहे
12627,719636,D4,Banking,8.909,आई.टी.आर चे ईफायलिंग लागू आई.टी.आर डाउनलोड करून ऑफलाइन केले जाऊ शकते,"आयटीआरचे ई-फायलिंग लागू आहे, आयटीआर डाउनलोड करून ऑफलाइन केले जाऊ शकते."
12628,709148,D1,Agriculture,9.0,हवा किंवा पंख्याच्या मदतीन पाखडणी करतत,हवा किंवा पंख्याच्या मदतीने पाखडणी करत आहेत
12629,713803,D2,Banking,9.0,हुडी ना इतिहास भलता जुना शे,इतिहास खूप जुना आहे
12630,723439,D4,Agriculture,8.9,थ्याच वरसाले टाकलेलं शेनखत थ्याच वरशी पिकाले मिळन का ?,त्याच वरसाले टाकलेलं शेनखत त्याच वरशी पिके मिळतील का?
12631,711197,D1,Agriculture,9.0,कोंबड्यांच्या कावटाची सरासरी किंमत काय असा ?,कोंबड्यांच्या कावटांची सरासरी किंमत किती आहे?
12632,718014,D2,Banking,9.0,एका बँकेतून दुसऱ्या बँकेत पैसे कसे पाठवता येतील ?,एका बँकेतून दुसऱ्या बँकेत पैसे कसे पाठवता येतील?
12633,722846,D4,Agriculture,8.9,भात आणि गहू ही भारतातील प्रमुख उत्पादने आणि पिके आहेत,भात आणि गहू ही भारतातील प्रमुख उत्पादने आणि पिके आहेत
12634,712143,D1,Banking,9.0,माका कर्ज फेडूक आजुन किती पैशे देऊचे उरले हत ?,मला कर्ज फेडण्यासाठी अजून किती पैसे उरले आहेत?
12635,717745,D2,Agriculture,9.0,हवामानाचा अंदाज कसा घ्यावा ?,हवामानाचा अंदाज कसा घ्यावा?
12636,722498,D4,Banking,8.9,रक्त किंवा शरीराचे अवयव देखील दान म्हणून दान करता येतात,रक्त किंवा शरीराचे अवयव देखील दान म्हणून दान करता येतात
12637,710017,D1,Agriculture,9.0,भोपळ्याचो येल उबदार पावसाळी वातावरणात रुजोन येता,भोपळ्याचे उबदार पावसाळी वातावरणात येणे
12638,717966,D2,Banking,9.0,कार्ड ब्लॉक करण्याची प्रक्रिया सांगू शकाल काय ?,कार्ड ब्लॉक करण्याची प्रक्रिया सांगू शकाल का?
12639,720033,D4,Agriculture,8.9,"रोहू , कटला , इलीस इ भारतीय माशांचे प्रकार आहेत","रोहू, कटला, इलीस हे भारतीय माशांचे प्रकार आहेत."
12640,708988,D1,Banking,9.0,पेमेंटची वसूली अन्य आर्थिक सेवांमध्ये येता,पेमेंटची वसुली इतर आर्थिक सेवांमध्ये होते
12641,717955,D2,Banking,9.0,माझ्या कर्जपरतफेडीचा इ.एम.आय किती असेल ?,माझ्या कर्जपरतफेडीचा ईएमआय किती असेल?
12642,722977,D4,Agriculture,8.889,दुधामंदील फॅट वाढवायले काय काय उपाय करायले पाहिजे ?,दुधामंदीला फॅट वाढवण्यासाठी काय उपाय करायला पाहिजे?
12643,711364,D1,Agriculture,9.0,उत्पादनाच्या किमतीत वाढ घट खयल्या कारणामुळे होता ?,उत्पादनाच्या किमतीत वाढ-घट खयल्यामुळे ते झाले का?
12644,717893,D2,Agriculture,9.0,ट्रॅक्टरने किती प्रकारच्या पिकाची लागवड करु शकतो ?,ट्रॅक्टरने किती प्रकारच्या पिकाची लागवड करू शकतो?
12645,722671,D4,Banking,8.889,ब्रेड बनवण्याचा व्यवसाय हा छोटा आणि यशस्वी व्यवसाय आहे,ब्रेड बनवण्याचा व्यवसाय हा छोटा आणि यशस्वी व्यवसाय आहे
12646,711487,D1,Agriculture,9.0,संकरित जातींच्यो बियाणी पेरूचो फायदो काय ?,संकरित जातीच्या बियाणांचे फायदे काय?
12647,713777,D2,Agriculture,9.0,चीनमा कृत्रिम तलाव बनावतस तेनमा समुद्राना मधमा झाड लावतस,चीनमध्ये कृत्रिम तलाव बनवत आहे आणि समुद्रात मधमावर झाड लावत आहे
12648,719538,D4,Agriculture,8.889,एरोपोनिक्सचे फायदे बरेच आहेत आणि तोटे काही कमी आहेत,एरोपोनिक्सचे फायदे बरेच आहेत आणि तोटे काही कमी आहेत
12649,712392,D1,Banking,9.0,कर्जाची तारीख कधी येता ह्या कसा तपासतत ?,कर्जाची तारीख कधी आहे आणि ती कशी तपासावी?
12650,714814,D2,Banking,9.0,अमेझोन इतर प्रकारच्या ऑनलाइन पेमेंटसाठी वापरले जाते,अमेझोन इतर प्रकारच्या ऑनलाइन पेमेंटसाठी वापरले जाते
12651,722053,D4,Banking,8.889,राज्य आणि स्थानिक आयकर स्थानानुसार बदलतात आणि भरले जातात,राज्य आणि स्थानिक आयकर स्थानानुसार बदलतात आणि भरले जातात
12652,712176,D1,Banking,9.0,शिक्षणाचा कर्ज घेणारो अठरा वर्ष असलेलो अर्ज करू शकता काय ?,"शिक्षणासाठी कर्ज घेणार आहे, अठरा वर्ष झालेली आहे, अर्ज करू शकतो का?"
12653,716446,D2,Banking,9.0,युनिव्हर्सल बँक ही वित्तीय फर्म म्हणूनही ओळखली जाते,युनिव्हर्सल बँक ही वित्तीय फर्म म्हणूनही ओळखली जाते
12654,722918,D4,Agriculture,8.875,झेंडूमंदी सेल्फ परागीकरन होते का क्रॉस परागीकरन ?,झेंडूमंदी सेल्फ परागीकरन होते का क्रॉस परागीकरन?
12655,711573,D1,Agriculture,9.0,मातीयेतली पोषकद्रव्या कशी सुधारुक होई ?,मातीतील पोषकद्रव्ये कशी सुधारली जातील?
12656,713497,D2,Banking,9.0,मी कालदिनच बँक म्हाइन पेंशनना पैसा काडी लयस,मी कालच बँकेतून पेन्शनचे पैसे काढले होते
12657,722785,D4,Agriculture,8.875,ज्यूटचा संलग्न उद्योग हा डंडीचा मुख्य उद्योग आहे,ज्यूटचा संलग्न उद्योग हा डंडीचा मुख्य उद्योग आहे
12658,712244,D1,Banking,9.0,यू.पी.आय वापरान मी परदेशाक रव्हनाऱ्याक पैशे पाठवु शकतय काय ?,मी यु.पी.आय वापरून परदेशांना पैसे पाठवू शकतो का?
12659,714348,D2,Banking,9.0,पोल टॅक्स हाऊ निश्चित कर संकल्पनानं उदाहरण शे,पोल टॅक्स कसे निश्चित करायचे संकल्पनेने उदाहरण द्या
12660,721049,D4,Agriculture,8.875,बांबूचे झाड हे सर्वात वेगाने वाढणारे झाड आहे,बांबूचे झाड हे सर्वात वेगाने वाढणारे झाड आहे
12661,707051,D1,Banking,9.0,डिमांड ड्राफ्टचा तुलना चेकशीही केला जाऊ शकता,डिमांड ड्राफ्टची तुलना चेकशीही केली जाऊ शकते
12662,717126,D2,Agriculture,9.0,फिंगर बाजरी ही एक वार्षिक औषधी वनस्पती आहे,फिंगर बाजरी ही एक वार्षिक औषधी वनस्पती आहे
12663,719596,D4,Agriculture,8.857,मोनोक्रॉपिंग म्हणजे एकाच जमिनीवर एकाच पिकाची वाढ,मोनोक्रॉपिंग म्हणजे एकाच जमिनीवर एकाच पिकाची वाढ
12664,712165,D1,Banking,9.0,युटिलिटी बिला आणि पेमेंट यातलो नक्की फरक काय हा ?,युटिलिटी बिल आणि पेमेंटमध्ये नक्की काय फरक आहे?
12665,716518,D2,Agriculture,9.0,शेतीचा पर्यावरणावर सर्वात कमी प्रतिकूल परिणाम होतो,शेतीचा पर्यावरणावर सर्वात कमी प्रतिकूल परिणाम होतो
12666,719526,D4,Banking,8.8,बँक खात्यात जमा करणे म्हणजे खात्यातील रक्कम जमा करणे आहे,बँक खात्यात जमा करणे म्हणजे खात्यातील रक्कम जमा करणे आहे.
12667,712153,D1,Banking,9.0,माझा डेबिट कार्ड तुटला हा आता मी काय करू ?,"माझे डेबिट कार्ड तुटले आहे, आता मी काय करू?"
12668,715857,D2,Agriculture,9.0,"बांबू ओलसर , उष्ण आणि उष्णकटिबंधीय ठिकाणी बघायला मिळतात","बांबू ओलसर, उष्ण आणि उष्णकटिबंधीय ठिकाणी दिसतात."
12669,723490,D4,Agriculture,8.75,बंदिस्त पशूपालन चांगलं का खुलं पशूपालन चांगलं ?,बंदिस्त पशुपालन चांगले का खुलं पशुपालन चांगले?
12670,711316,D1,Agriculture,9.0,गांडूळ खतामुळे खयल्या पिकांचे नुकसान होते ?,खतामुळे खयल्या पिकांचे नुकसान होते का?
12671,712856,D2,Banking,9.0,रमेशनी येक जुना पुस्तकमा ट्रस्टना बारामा वाचं,रमेशकडे एक जुने पुस्तक ट्रस्टमध्ये बारा वाचन आहे
12672,719112,D4,Agriculture,8.714,आलू हार्वेस्टर मशीन म्हणजे आलू कापणारी मशीन,आलू हार्वेस्टर मशीन म्हणजे आलू कापणारी मशीन
12673,711153,D1,Agriculture,9.0,झाडा बरी असताना अचानक मरता हया कसल्या रोगामुळे होता ?,झाड चांगले असताना अचानक मृत्यू कोणत्या रोगामुळे झाला?
12674,712929,D2,Agriculture,9.0,शेवाय नाशकंसना उपेग शेवायनी वाढ थांबाडाना करता करतस,शेवाय नाशकंसना उपेग शेवायनी वाढ थांबवताना करत आहेस
12675,719839,D4,Agriculture,8.706,"भात , ज्वारी , बाजरी , मका , कापूस , भुईमूग , ताग इ खरीप पिके आहेत","भात, ज्वारी, बाजरी, मका, कापूस, भुईमूग, ताग इ खरीप पिके आहेत."
12676,711182,D1,Agriculture,9.0,कापलेल्या भातात वल आसली तर ती कश्या प्रकारे सुकौक होई ?,कापलेल्या भातात असल्यास ती कशा प्रकारे सुकणार आहे?
12677,717692,D2,Agriculture,9.0,उन्हाळ्यात ज्वारीचे पीक घेता येईल का ?,उन्हाळ्यात ज्वारीचे पीक घेता येईल का?
12678,723612,D4,Banking,8.5,के.वाय.सी म्हनून मले आधार कार्डाचा वापर करता येईन का ?,के.वाय.सी साठी मला आधार कार्डचा वापर करता येईल का?
12679,708855,D1,Banking,9.0,यू.पी.आय च्या मदतीन घरबसल्या आरामात बिला भरू शकतंस,यू.पी.आय च्या मदतीने घरबसल्या आरामात बिला भरता येते.
12680,712994,D2,Banking,9.0,रितुले परीक्षामा फंडना परकार ना बारामा इचारं,मला परीक्षांसाठी निधीची आवश्यकता आहे.
12681,723447,D4,Agriculture,8.5,वांग्याच्या पिकावर बोकड्या रोग काऊन येतो ?,वांग्याच्या पिकावर बोकड्याचा रोग काऊन येतो?
12682,706997,D1,Banking,9.0,जागतिक व्यापार संघटना ह्या एक आंतरसरकारी संस्था असा,जागतिक व्यापार संघटना ही एक आंतरसरकारी संस्था आहे
12683,717939,D2,Banking,9.0,दुसऱ्या खात्यात एका वेळी किती पैसे पाठवू शकतो ?,दुसऱ्या खात्यात एका वेळी किती पैसे पाठवू शकतो?
12684,723667,D4,Banking,8.5,आर.टी.जी.एस करतांनी आय.एफ.एस.सी कोड असन जरुरी रायते का ?,आरटीजीएस केल्यामुळे आयएफएससी कोड असणे गरजेचे आहे का?
12685,712385,D1,Banking,9.0,कर्जासाठी कोण पात्र ठरु शकता ?,कर्जासाठी कोण पात्र ठरू शकतो?
12686,717970,D2,Banking,9.0,ए.टी.एम चा पिन विसरल्यास तो रिसेट कसा करता येईल ?,जर एटीएमचा पिन विसरला तर तो रीसेट कसा करता येईल?
12687,724172,D4,Banking,8.5,"मले मोबाईल रिचार्ज कराचा हाय , होईनं का ?",मला मोबाईल रिचार्ज करायचा आहे का?
12688,711453,D1,Agriculture,9.0,कांदो साठवून ठेवुच्या पहिला प्रतवार कसो करायचा ?,कांदो साठवून ठेवण्याचा पहिला प्रतवार कसा करायचा?
12689,715683,D2,Banking,9.0,दरपत्रक आयात निर्यातीवर लावला जाणारा टॅक्स म्हणजे कर आहे,दरपत्रक आयात निर्यातीवर लावला जाणारा कर म्हणजे टॅक्स आहे
12690,724145,D4,Banking,8.5,कितीक वर्षात मले माय पूर कर्ज वापिस करता येईन ?,किती वर्षांत मला माझ्या वडिलांचे कर्ज वापरायला मिळेल?
12691,711253,D1,Agriculture,9.0,नारळाचा झाडांना रोज कितक्या पाणी घालुचा ?,नारळाच्या झाडांना रोज किती पाणी घालावे?
12692,714069,D2,Agriculture,9.0,सागरी शेतीमा जलीय जीवसले योग्य वातावरणमा वाढावतंस,सागरी शेतीमध्ये जलीय जीव योग्य वातावरणात वाढवत आहेत
12693,723791,D4,Banking,8.5,सामाजिक योजनेसाठी मले कसा अर्ज करता येईन ?,सामाजिक योजनेसाठी मला कसा अर्ज करता येईल?
12694,712468,D1,Banking,9.0,डेबिट कार्ड काढूसाठी किती वयाची पात्रता असतात ?,डेबिट कार्ड काढण्यासाठी किती वयाची पात्रता असते?
12695,714768,D2,Agriculture,9.0,याना बदलामा आठरा मीटरना बांबूनी लागवड कराले जोयजे,या बदलासाठी अठरा मीटर लागवड करायची आहे.
12696,723672,D4,Banking,8.5,अकरा हजार चौरस फुट जागेसाठी मले कितीक कर्ज भेटू शकते ?,अकरा हजार चौरस फूट जागेसाठी मला किती कर्ज मिळू शकते?
12697,710895,D1,Agriculture,9.0,मध औषधी गुणांनी परिपुर्ण असा आणि औषधा बनवुक वापरलो जाता,मध औषधी गुणांनी परिपूर्ण आहे आणि औषध बनवून वापरले जाते
12698,713692,D2,Banking,9.0,भारतनी अर्थव्यवस्था समजाले भलती सोपी शे,भारताची अर्थव्यवस्था समजली चांगली सोपी
12699,722923,D4,Agriculture,8.5,पऱ्हाटीले खताचा कोनचा डोस कवा द्याव ?,खताचा किती डोस द्यावा?
12700,709556,D1,Agriculture,9.0,भारतात आणि जगभरात वीस हजाराहून अधिक प्रकारच्यो मधमाश्यो असत,भारतात आणि जगभरात वीस हजाराहून अधिक प्रकार मासे होते.
12701,712849,D2,Banking,9.0,संशोधन निधीना करता सरकार गनच पैसा खर्च करस,संशोधन निधीसाठी सरकार खूप पैसा खर्च करते का?
12702,724229,D4,Banking,8.5,डेबिट कार्डानं मले माय बिल भरता येईन का ?,डेबिट कार्डने मला माझे बिल भरता येईल का?
12703,706929,D1,Banking,9.0,आर.टी.जी.एस ह्या पेमेंट सेटल करुची सततची प्रक्रिया असा,आर.टी.जी.एस चे पेमेंट सेटल करण्याची सततची प्रक्रिया आहे.
12704,715040,D2,Banking,9.0,पे.टी.एममध्ये क्यू.आर कोड वापरूनही पैसे पाठवता येतात,पी.टी.एममध्ये क्यू.आर कोड वापरूनही पैसे पाठवता येतात
12705,723555,D4,Agriculture,8.5,वलताच्या शेतीले हेक्टरी किती कर्ज बँक देऊ शकते ?,वलताच्या शेतीचे हेक्टरी किती कर्ज बँक देऊ शकते?
12706,709862,D1,Agriculture,9.0,कोंबड्यांका अंडे देऊक गरम वातावरण तयार करतत,कोंबड्यांचे अंडे गरम वातावरण तयार करत आहेत
12707,714675,D2,Banking,9.0,गावजोडली नदीमझारली वाळू ईकीन पैसा करनं सोपी गोट नै,गावजोडलेली नदीमझारली वाळू एक पैसा करणे सोपे झाले आहे.
12708,723864,D4,Banking,8.5,मले माया मजुराचे पैसे देता येईन का ?,मला मजुराचे पैसे देता येतील का?
12709,709092,D1,Agriculture,9.0,पाम तेल ताडाच्या बियांपासना काढतत,पाम तेल ताडाच्या बियांपासना काढत आहे
12710,716915,D2,Banking,9.0,खरेदीदार वित्त व्यवसायात वस्तू आणि सेवा खरेदी करतो,खरेदीदार वित्त व्यवसायात वस्तू आणि सेवा खरेदी करतो
12711,723028,D4,Agriculture,8.5,तन कापनीले किती व्होल्टचं बॅटरी यंत्र वापरतात ?,ते बॅटरी यंत्र किती व्होल्ट वापरतात?
12712,710303,D1,Banking,9.0,नोटबंदीमुळा संघटीत अर्थ व्यवस्था खुप मजबुत झाली हा,नोटबंदीमुळे संघटीत अर्थ व्यवस्था खूप मजबूत झाली
12713,714471,D2,Banking,9.0,वर्णनात्मक लेबलमा मुक्ला परकारना करविषयी चर्चा करेल शे,वर्णनात्मक लेबलमा परकारण्याबद्दल चर्चा करेल.
12714,723026,D4,Agriculture,8.5,उंटअळीवर कोनचं औषध कामाचं हाये ?,उंटअळीवर कोणाचे औषध कामाचे आहे का?
12715,709488,D1,Banking,9.0,धन कर श्रीमंत लोकांकडे जमा केलेल्या पैशावर लागता,धन कर श्रीमंत लोकांकडे जमा केलेल्या पैशावर लागते
12716,716484,D2,Banking,9.0,भारतीय बजेट मध्ये क्रिप्टोकरंसी वर तिस टक्के कर लावला,भारतीय बजेटमध्ये क्रिप्टोकरन्सीवर तिस टक्के कर लावला
12717,723543,D4,Agriculture,8.5,तूर कापनीले कोनचं कटर वापरा लागन ?,तूर कापण्यासाठी कोनचे कटर वापरावे लागेल का?
12718,712285,D1,Banking,9.0,गृह कर्ज पात्रतेची गणना खयच्या प्रकारे केली जाते ?,गृह कर्जाच्या पात्रतेची गणना कशा प्रकारे केली जाते?
12719,713310,D2,Banking,9.0,येक यापारी ब्यांक शे जी फकस्त ब्यांकना नावथीनच वयखतस,या बँकेला किती वेळ लागला आहे?
12720,723604,D4,Banking,8.5,कराच वापसी माया खात्यामंधून होईन का ?,परतफेड माझ्या खात्यातून होईल का?
12721,711697,D1,Agriculture,9.0,ऊसाचा पीक वाढाक खयच्या सिंचनाचो उपयोग करतत ?,ऊसाचे पीक वाढवण्यासाठी सिंचनाचा उपयोग करत आहात का?
12722,718073,D2,Banking,9.0,डिपॉझिटच्या रकमेवर मला प्रतिमहिना व्याज मिळेल का ?,डिपॉझिटच्या रकमेवर मला प्रतिमहिना व्याज मिळेल का?
12723,724181,D4,Banking,8.5,पेन्शन योजनेसाठी कितीक वय असनं जरुरीच हाय ?,पेन्शन योजनेसाठी किती वय आवश्यक आहे?
12724,709548,D1,Agriculture,9.0,"भाऊ , भारतात किती कृषी यंत्रा उत्पादक असतत",भारतात किती कृषी यंत्रा उत्पादक असतात?
12725,714337,D2,Agriculture,9.0,पाणीमझारली लीलीना पाने मोठल्ला आणि मेणनीगत रातस,पाणीमझारली लीलीना पाने मोठी आणि मेणनीगत रात्र.
12726,719860,D4,Agriculture,8.5,फलोत्पादन हा वेगाने वाढणारा कृषी व्यवसाय आहे,फलोत्पादन हा वेगाने वाढणारा कृषी व्यवसाय आहे
12727,709182,D1,Agriculture,9.0,एक्वाकल्चरका एक्वाफार्मिंग म्हणान पण ओळखतत,एक्वाकल्चर आणि एक्वाफार्मिंग पण ते ओळखतात
12728,715346,D2,Agriculture,9.0,उन्हाळ्यामध्ये टरबूज पाण्याची गरज भागवते,उन्हाळ्यामध्ये टरबूजांना पाण्याची गरज भागते
12729,719704,D4,Banking,8.5,पुढच्या महिन्यात पगार मिळाल्यावर मी नवीन बाईक घेईन,पुढच्या महिन्यात पगार मिळाल्यावर मी नवीन बाईक घेईन
12730,710973,D1,Banking,9.0,राजू तु ह्या मायक्रो फायनान्स खयना घेतलस ?,राजू तू हे मायक्रो फायनान्स घेतले का?
12731,718092,D2,Banking,9.0,मला दुसऱ्या बँकेचा लाभार्थी जोडता येऊ शकतो का ?,मला दुसऱ्या बँकेचा लाभार्थी जोडता येऊ शकतो का?
12732,720142,D4,Agriculture,8.5,माझे काका शेतकरी आहेत आणि ते खूप कष्ट करतात,माझे काका शेतकरी आहेत आणि ते खूप कष्ट करतात
12733,706387,D1,Banking,9.0,अकाउंट्सचा चार्ट आर्थिक खात्याची येक सूची असा,अकाउंट्सचा चार्ट आर्थिक खात्यांची एक सूची आहे
12734,717868,D2,Agriculture,9.0,शेतीची झीज न होण्यासाठी काय करावे ?,शेतीची झीज न होण्यासाठी काय करावे?
12735,721403,D4,Banking,8.5,एफ.डी.आय कमी कॉर्पोरेट दरांना प्रोत्साहन देऊ शकते,एफ.डी.आय कमी कॉर्पोरेट दरांना प्रोत्साहन देऊ शकते
12736,709362,D1,Banking,9.0,एकरकमी कर पद्धतीक प्रतिगामी कराच्या रुपात पण बघतत,एकरकमी कर पद्धती प्रतिगामी कराच्या रूपात बघत आहे
12737,718209,D2,Banking,9.0,ठेव किंवा गुंतवणूकीचे व्याज कोणाला मिळते ?,ठेव किंवा गुंतवणूकीचे व्याज कोणाला मिळते?
12738,721218,D4,Banking,8.5,दिलेल्या व्याजाची रक्कम म्हणजे साधे व्याज,दिलेल्या व्याजाची रक्कम म्हणजे साधे व्याज
12739,707291,D1,Banking,9.0,अंतर विमो प्रामुख्यान दोन प्रकारे केलो जाता,अंतर प्रामुख्याने दोन प्रकारे केले जाते
12740,717383,D2,Agriculture,9.0,तांदळाच्या पिकाच्या वाढीसाठी काय करावे ?,तांदळाच्या पिकाच्या वाढीसाठी काय करावे?
12741,720080,D4,Agriculture,8.5,मनुका ड्राय द्राक्षे म्हणून देखील ओळखले जातात,मनुका सुक्या द्राक्षे म्हणून देखील ओळखले जातात
12742,709146,D1,Agriculture,9.0,आधुनिक उपकरणा इल्यापासना कोयत्याचो उपयोग कमी झालो हा,आधुनिक उपकरणांचा उपयोग कमी झाला आहे
12743,718137,D2,Banking,9.0,एकूण ठेवींपैकी बँक काही रक्कम कुठे गुंतविते ?,एकूण ठेवींपैकी बँक काही रक्कम कुठे गुंतवते?
12744,723076,D4,Agriculture,8.5,संकरित बियान्यात रोग प्रतिकारशक्ती रायते का ?,संकरित बियाण्यांमध्ये रोगप्रतिकारशक्ती असते का?
12745,709895,D1,Agriculture,9.0,जाती नियमितपणे मोठ्या प्रमाणात कोकरू तयार करू शकतात,जाती नियमितपणे मोठ्या प्रमाणात कोकरू तयार करू शकतात
12746,717943,D2,Banking,9.0,कुठल्याही प्रकारचे तारण न देता मला कर्ज मिळू शकेल काय ?,कुठल्याही प्रकारचे तारण न देता मला कर्ज मिळू शकेल का?
12747,723684,D4,Banking,8.5,आम्हाले हर मईन्याले ऑनलाईन किस्त भरता येईन का ?,आम्हाला ऑनलाईन किश्त भरता येईल का?
12748,709769,D1,Agriculture,9.0,"शिंपले , घोगा आणि कोळंबी अळी हे मोलस्क प्राणी आसत","शिंपले, घोडे आणि कोळंबी मोलस्क प्राणी आहेत."
12749,718673,D2,Banking,9.0,सोन्याचे दागिने तारण ठेवून मला कर्ज कुठे भेटेल ?,सोन्याचे दागिने तारण ठेवून मला कर्ज कुठे मिळेल?
12750,723431,D4,Agriculture,8.5,पिकाची वाढ लवकर करायले काय करा लागन ?,पिकाची वाढ लवकर करण्यासाठी काय करावे लागेल?
12751,709127,D1,Agriculture,9.0,फणसाची भाजी चवीक चांगली लागता आणि फणस हत्तीचा आवडता फळ हा,फणसाची भाजी चवीची चांगली लागते आणि फणसाचा हत्तीचा आवडता फळ हा आहे
12752,718025,D2,Banking,9.0,दीर्घ मुदतीचे कर्ज मला कोणत्या प्रकारे मिळू शकेल ?,दीर्घ मुदतीचे कर्ज मला कोणत्या प्रकारे मिळू शकेल ?
12753,723258,D4,Agriculture,8.5,संत्र्याचं पीक वाढवाले कोनचे उपाव कराच पायजे ?,संत्र्याच्या पिकासाठी वाढणाऱ्यांना कोणते उपाय करायचे पाहिजेत?
12754,711037,D1,Agriculture,9.0,शेतकरी शेतात कष्ट करता आणि थोड्याशा मिळकतीत आपला जीवन जगता,शेतकरी शेतात कष्ट करतो आणि थोड्याशा मिळकतीत आपले जीवन जगतो
12755,714044,D2,Banking,9.0,आपण आपला पंजीकृत शेयर दुसरासले ईकू शकतस का ?,तुम्ही तुमचा नोंदणीकृत शेअर दुसऱ्याला पाहू शकता का?
12756,723187,D4,Agriculture,8.5,पराटीच्या पिकावर बोण्ड अळीचा जोर कसा ओळखा लागते ?,शेतावरील पिकावर बोण्ड अळीचा जोर कसा ओळखता येतो?
12757,709412,D1,Agriculture,9.0,खजूराचें झाड खूप उंच आसता ते पांच वर्षात फळां देतत,खजूराचे झाड खूप उंच आहे आणि ते पाच वर्षांत फळे देणार आहे.
12758,716366,D2,Agriculture,9.0,प्रत्येक व्यक्तीला जंगलतोडीबाबत जागरूक करणे आवश्यक आहे,प्रत्येक व्यक्तीला जंगलतोडीबाबत जागरूक करणे आवश्यक आहे
12759,723930,D4,Banking,8.5,के.वाय.सी साठी माह्य आधार कार्ड चालन का ?,केवायसीसाठी आधार कार्ड चालन का?
12760,707793,D1,Banking,9.0,बचत खाता शून्य शिल्लक रकमेवर सुद्धा खोलूची सोया असा,बचत खाते शून्य शिल्लक रकमेवर सुद्धा खोलूची आहे.
12761,714304,D2,Agriculture,9.0,कटिरला खावामुये डायबेटिस लेवलमा रहास,"तुम्ही कटिरला खावावे, कारण तुमची डायबेटिस पातळी आहे."
12762,723760,D4,Banking,8.5,बचत खातं काढासाठी ऑफलाईन फारम भरता येईन का ?,बचत खात्यासाठी ऑफलाईन फॉर्म भरता येईल का?
12763,707610,D1,Banking,9.0,"तुमका ठाऊक हा काय , स्टॉक ही एक प्रकारची सुरक्षितता आसा ?","तुमचा ठावधा काय, स्टॉक ही एक प्रकारची सुरक्षितता आहे का?"
12764,715752,D2,Agriculture,9.0,"पिकाचे नुकसान होऊ नये म्हणून , आळीपाळीने पिक घेतात",पिकाचे नुकसान होऊ नये म्हणून आळीपाळीने पिक घेतात
12765,723898,D4,Banking,8.5,"मिन जनवरी मईन्यात कितीक पैसे काढले , हे मले कस पायता येईन ?","जानेवारी महिन्यात किती पैसे काढले, हे मला कसे कळेल?"
12766,710284,D1,Banking,9.0,त्या वस्तुंनी नियम न पाळणा म्हणजे काळोबाजार असा,त्या वस्तूंचे नियम न पाळणे म्हणजे काळोबाजार आहे.
12767,715170,D2,Agriculture,9.0,लोकसंख्या वाढीमुळे दिवसेंदिवस जंगलतोड वाढत आहे,लोकसंख्या वाढीमुळे दिवसेंदिवस जंगलतोड वाढत आहे
12768,723069,D4,Agriculture,8.5,सोयाबिन कोनच्या हंगामात घेता येईन ?,सोयाबीन कोणत्या हंगामात घेता येईन?
12769,707716,D1,Agriculture,9.0,परदेशात ऑलिव्ह तेलाचो वापर घरगुती जेवणात केलो जाता,परदेशात ऑलिव्ह तेलाचा वापर घरगुती जेवणात केला जातो.
12770,712682,D2,Banking,9.0,पीकनी नुक्शानी व्हवावर महेंद्रनं वारशिक ऊत्पन घटणं,पीकणाच्या स्थितीनुसार हवामानावर महेंद्रचे तापमान घटते.
12771,723424,D4,Agriculture,8.5,मुंगाचं उत्पादन कोनच्या जमीनीत चांगलं होईन ?,मुंगाचे उत्पादन कोनच्या जमिनीवर चांगले होईल का?
12772,708955,D1,Banking,9.0,मी ओपन एंड म्युच्युअल फंडात पैशे लावुचो विचार करतंय,मी ओपन आणि म्युच्युअल फंडात पैसे लावण्याचा विचार करत आहे
12773,714549,D2,Agriculture,9.0,अटल भुजल योजनाना कालावधी दोनहजार ईस ते दोन हजार पंचवीस पावतच शे,अटल भुजल योजनेचा कालावधी दोन हजार २००१ ते दोन हजार पंच्यावीस होता.
12774,723216,D4,Agriculture,8.5,कर्ज घ्यासाठी कोनचे कागदपत्र लागते ?,कर्ज घेण्यासाठी कोणते कागदपत्रे लागतात?
12775,708945,D1,Banking,9.0,गरीब कल्याण योजनेत एकशे पंच्याहत्तर दिवसांत काम होता,गरीब कल्याण योजनेत एकशे नव्वद दिवसांत काम झाले
12776,717623,D2,Agriculture,9.0,पीक आलटून पालटून घेतल्यास काय फायदा होतो ?,पीक आलटून पालटून घेतल्यास काय फायदा होतो?
12777,723367,D4,Agriculture,8.5,सोल्यासाठी कोनचे सापळे वापराव ?,सोल्यासाठी कोनाचे सापळे वापराव?
12778,707952,D1,Banking,9.0,"यादीतली बटण स्क्रोल केल्यावर थंय दोन बटणा हटवा , जोडा अशी आसत",यादीतील बटण स्क्रोल केल्यावर दोन बटणे हटवा आणि ते असेच राहोत.
12779,715313,D2,Banking,9.0,आर्थिक गुंतवणुकीमध्ये जोखिमेला खूप महत्त्व आहे,आर्थिक गुंतवणुकीमध्ये जोखिमेला खूप महत्त्व आहे
12780,723631,D4,Banking,8.5,मिन कुनाले पैसे दिले असन तर कुठ पाहाचं ?,मी पैसे दिले असल्यास कुठे पाहायचे?
12781,707409,D1,Banking,9.0,कर स्पर्धेमुळा देशात थेट विदेशी गुंतवणूक येता,स्पर्धेमुळे देशात थेट विदेशी गुंतवणूक येते.
12782,714021,D2,Banking,9.0,ब्यांकमा नैते पैसासना संस्थामा बचत खाता उघाडतस,बँकेत पैसे जमा करण्याच्या संस्थेत बचत खाते उघडत आहे.
12783,723617,D4,Banking,8.5,मी क्रेडिट कार्डातून किती पैसे काढू शकतो ?,मी क्रेडिट कार्डमधून किती पैसे काढू शकतो?
12784,706844,D1,Banking,9.0,चक्रवाढ व्याजामुळे तुमचो संपत्ती वेगान वाढता,चक्रवाढ व्याजामुळे तुमची संपत्ती वेगाने वाढते.
12785,717680,D2,Agriculture,9.0,क्रॉस परागकण रोखण्यासाठी काय उपाय करावे ?,क्रॉस परागकण रोखण्यासाठी काय उपाय करावे?
12786,723999,D4,Banking,8.5,मिन माय कितीक कर्ज आतावरी भरलं हाय ?,मी किती कर्ज आतापर्यंत भरले आहे?
12787,708626,D1,Agriculture,9.0,शेतीचो भारताच्या सकल उत्पन्नातलो वाटो वाढता हा,शेतीमुळे भारताच्या सकल उत्पन्नात वाढ होत आहे.
12788,717272,D2,Agriculture,9.0,पेरू लवकर पिकवण्यासाठी मी काय करायला हवे ?,पेरू लवकर पिकवण्यासाठी मी काय करायला हवे?
12789,724068,D4,Banking,8.5,कर्ज परत कराची मायी तारीख का हाय ?,कर्ज परत करण्याची तारीख काय आहे?
12790,711029,D1,Agriculture,9.0,शरीफा पठारी भागात जास्त आढळता,शरीफा पठारी भागात जास्त आढळते
12791,717283,D2,Agriculture,9.0,कमीत कमी खर्चामध्ये कोणकोणती फळबाग घेऊ शकतो ते सांगा,"कमी खर्चात कोणती फळबाग घेता येतील, ते सांगा"
12792,723089,D4,Agriculture,8.5,पिकाच्या वाढीले राईझोबीआमचे महत्व काय रायते ?,पिकाच्या वाढीचे महत्व काय आहे?
12793,708751,D1,Agriculture,9.0,वैज्ञानिकांच्या सल्ल्यान मगच शेतावर फवारणी करा,वैज्ञानिकांच्या सल्ल्यानुसार मग शेतावर फवारणी करा
12794,718268,D2,Banking,9.0,बँकेमध्ये खाते उघडल्यानंतर मला मोबाईलवर मेसेज येईल का ?,बँकेत खाते उघडल्यानंतर मला मोबाईलवर मेसेज येईल का?
12795,723340,D4,Agriculture,8.5,शेतीमंदी खत कोनच्या पद्धतीने देलं पाहिजे ?,शेतीमंदी खत कोणत्या पद्धतीने दिले पाहिजे?
12796,712193,D1,Banking,9.0,बँकेचो फार्म कोणाकडसून तपासूच बगायचा ?,बँकेचे फार्म कोणाकडून तपासून घ्यायचा?
12797,716037,D2,Agriculture,9.0,मोहरीच्या पाल्यात अनेक प्रकारचे जीवनसत्व आणि मिनरल असतात,मोहरीच्या पाल्यात अनेक प्रकारचे जीवनसत्व आणि मिनरल असतात
12798,722945,D4,Agriculture,8.5,गव्हाच्या पिकाले तननाशक वापरता येईन का ?,गव्हाच्या पिकांवर तणनाशक वापरता येईल का?
12799,709421,D1,Banking,9.0,गुंतवणूक बँक तुमच्या पुनर्गठीत कंपनिक आर्थिक मदत पण देता,गुंतवणूक बँक तुमच्या पुनर्गठीत आर्थिक मदत पण देते
12800,717084,D2,Banking,9.0,सी.ए भारतीय लेखा मानके तयार करतो का,सी.ए भारतीय लेखा मानके तयार करतो का
12801,724100,D4,Banking,8.5,पंतप्रधान बिमा योजनेचा फायदा कुनाले भेटतो ?,पंतप्रधानांच्या विमा योजनेचा फायदा कोणाला मिळतो?
12802,707922,D1,Banking,9.0,मूल्यवर्धित कर ह्यो वस्तू आणि सेवा कराचो एक प्रकार आसा,मूल्यवर्धित कर ही वस्तू आणि सेवा एक प्रकार आहे
12803,715576,D2,Banking,9.0,जर्मनीमध्ये बाह्य भांडवल बाजार तुलनेने अविकसित आहे,जर्मनीमध्ये बाह्य भांडवल बाजार तुलनेने अविकसित आहे
12804,719989,D4,Banking,8.5,हा एक कर आहे जो सरकार लोकांच्या उत्पन्नातून घेते,हा एक कर आहे जो सरकार लोकांच्या उत्पन्नातून घेते
12805,706880,D1,Banking,9.0,फियाट पैशाचो सर्वोसाधारणपणे आंतरिक मू्ल्य नसता,फियाट पैशाचे सर्वोसाधारणपणे आंतरिक मूल्य नसते.
12806,717714,D2,Agriculture,9.0,केळी जलदगतीने वाढण्यासाठी काय करावे ?,केळी जलदगतीने वाढवण्यासाठी काय करावे?
12807,723351,D4,Agriculture,8.5,तुषार सिंचनाचे फायदे कोनचे हाये ?,तुषार सिंचनाचे फायदे किती आहेत?
12808,708378,D1,Banking,9.0,पैशे भरलल्याचा वाॅरंट ह्यो पण लेखी पुरावोच आसा,पैशांचे भरल्याचा वॉरंट आहे पण लेखी पुरावा आहे.
12809,717300,D2,Agriculture,9.0,कापसात बोंडअळी आढळल्यास कोणते उपाय करावेत ?,कापसात बोंडअळी आढळल्यास कोणते उपाय करावेत?
12810,722922,D4,Agriculture,8.5,सहाशे संत्र्याच्या झाडायले खत किती घ्याव ?,सहाशे संत्र्याच्या झाडांसाठी किती खत घ्यावे?
12811,710616,D1,Agriculture,9.0,कल्टिवेटर मध्ये लोखंडाची ब्लेडा असतत,कल्टिवेटरमध्ये लोखंडाची ब्लेड असते
12812,715031,D2,Agriculture,9.0,पीक खराब होऊ नये म्हणून बुरशीनाशकाचा वापर केला जातो,पीक खराब होऊ नये म्हणून बुरशीनाशकाचा वापर केला जातो
12813,723503,D4,Agriculture,8.5,संकरीत बियाणे हे दुसऱ्यावर्षी वापरता येईन का ?,संकरीत बियाणे दुसऱ्या वर्षी वापरता येतील का?
12814,709700,D1,Banking,9.0,सरकारी ऋण संप्रुभ राज्यांसोबत स्थानिक सरकारा पण देतत,सरकारी कर्ज संप्रुभ राज्यांसोबत स्थानिक सरकारे पण देत आहेत
12815,715441,D2,Banking,9.0,काही लोकांना आंतरराष्ट्रीय व्यापार आवडत नाही,काही लोकांना आंतरराष्ट्रीय व्यापार आवडत नाही
12816,723185,D4,Agriculture,8.5,पट पाणी दिल्यामूळे रोपाची मुळ खराब होतीन काय ?,पाणी दिल्याने रोपाची मुळं खराब झाल्या का?
12817,711988,D1,Banking,9.0,कर्जाची दोन वर्सा वाढवच्याखाती काय करुचा पडताला ?,कर्जाची दोन वर्षे वाढवच्या खाती काय करायचे पडेल?
12818,717172,D2,Agriculture,9.0,फवारणी यंत्राचा वापर द्रव फवारणीसाठी केला जातो,फवारणी यंत्राचा वापर द्रव फवारणीसाठी केला जातो.
12819,723191,D4,Agriculture,8.5,झाडावर बुरशीनाशक फवारनी कोनच्या मइन्यात करा लागते ?,झाडावर बुरशीनाशक फवारणी कोणत्या भांड्यात करायला लागते?
12820,707619,D1,Banking,9.0,तुमका नेट बँकिंगसाठीही नोंदणी करुची लागतली,तुमचा नेट बँकिंगसाठीही नोंदणी करावी लागली.
12821,715264,D2,Agriculture,9.0,अनेकदा जावेत्री ला औषधीच्या रूपामध्ये वापरल जात,अनेकदा जावेत्रीला औषधीच्या रूपामध्ये वापरले जाते
12822,722928,D4,Agriculture,8.5,गव्हाले तुषार सिंचन वापरले तर चालते का ?,गव्हाचे तुषार सिंचन वापरले तर चालते का?
12823,709460,D1,Agriculture,9.0,डहलियाक सूर्य फुलाच्या फुलाप्रमाण ठेवला जाता,सूर्य फुलांच्या प्रमाणात ठेवला जातो.
12824,714262,D2,Banking,9.0,कर्ज करार कराना आगोदर यापारीले रोख रकमना बाबतमा सांगनं पडस,कर्ज करार करण्यापूर्वी रोख रकमेबद्दल सांगायचे आहे का?
12825,724211,D4,Banking,8.5,ऑनलाईन कराच प्रक्रिया कशी करा लागन ?,ऑनलाईन प्रक्रिया कशी करावी लागेल?
12826,707656,D1,Agriculture,9.0,"दरडोई उत्पन्न वाढता हा , त्यामुळे फुलशेती वाढली आसा","दरडोई उत्पन्न वाढले आहे, त्यामुळे फुलशेती वाढली असावी."
12827,713491,D2,Agriculture,9.0,केरय नावना राज्यमा ज्यूटनं उत्पन्न चांगलं निंघस,करे नावने राज्यात उत्पन्न चांगले निंगस
12828,724026,D4,Banking,8.5,बिमा योजना सर्वाईसाठी फायद्याचं रायते का ?,बिमा योजना सर्वांसाठी फायद्याची आहे का?
12829,709316,D1,Banking,9.0,दिनचर्येक विकसित करूक संस्था मार्गदर्शन देतत,दैनंदिन विकसित करणारी संस्था मार्गदर्शन देत आहे
12830,714138,D2,Agriculture,9.0,पावसाया चांगला राहिना का पिकसनं उत्पन्न वाढंस,पाऊस चांगला राहिला तर उत्पन्न वाढेल का
12831,723084,D4,Agriculture,8.5,रासायनिक शेतीमंदी खर्च लई येतो का ?,रासायनिक शेतीमंदीचा खर्च येतो का?
12832,707949,D1,Banking,9.0,या नईन टी.व्ही साठी तुमका किती पैसे मोजूक लागले ?,या नवीन टीव्हीसाठी तुम्हाला किती पैसे लागले?
12833,713470,D2,Agriculture,9.0,अनीता रवा ना शिरा बनाडानं शिकी हायनी,अनीता रवा शिरा बनवायला शिकलेली नाही
12834,723322,D4,Agriculture,8.5,रब्बी हंगामात कोनचं पिक घेतलं जाते ?,रब्बी हंगामात कोणते पीक घेतले जाते?
12835,708149,D1,Banking,9.0,ह्या येळेक पीक कमी इल्यामुळे उधार धोका मोठो आसा,या वर्षाचे पीक कमी असल्यामुळे कर्जाचा धोका मोठा आहे
12836,714098,D2,Agriculture,9.0,बजार मा झिंगाची भलती मागनी शे,बाजारामध्ये झिंगाची गुणवत्ता मागणे शे
12837,724250,D4,Banking,8.5,बिमा काढाचे कोंते फायदे हाय मले कस कळन ?,मला विमा काढण्याचे फायदे कसे कळतील?
12838,708725,D1,Agriculture,9.0,राकेशका तेच्या धान्यात सांडा किटा गावलो,राकेशच्या धान्यात किटा आढळले
12839,712910,D2,Agriculture,9.0,जनावरेसना आतडामा सापडणारा नैसर्गिक तंतुवरी तार बनाडतस,जनावरेसना आतडामा सापडणारा नैसर्गिक तंतुवरी तार बनत असते
12840,722993,D4,Agriculture,8.5,चुनखडीच्या जमीनीत कोनतं पीक चांगलं घेता येईन ?,चुनखडीच्या जमिनीमध्ये किती चांगले पीक घेता येईन?
12841,710315,D1,Agriculture,9.0,पीक नापिकी लक्षात घेउन अनेक ग्रामीण योजना बनवले गेले हत,पीक मापन लक्षात घेऊन अनेक ग्रामीण योजना बनवल्या गेल्या.
12842,715025,D2,Agriculture,9.0,पी.एम किसान योजना पूर्णपणे केंद्र सरकार पुरस्कृत आहे,पी.एम किसान योजना पूर्णपणे केंद्र सरकार पुरस्कृत आहे
12843,723063,D4,Agriculture,8.5,दुधाच्या गायीसाठी चांगला खुराक कोनचा ?,दुधाच्या गायींसाठी चांगले खुराक काय आहे?
12844,707764,D1,Agriculture,9.0,प्राचीन काळीही जमिनी मोजूसाठी बिघाचो वापर करत,प्राचीन काळातही जमिनी मोजण्यासाठी बिघा वापरले जात होते.
12845,718507,D2,Banking,9.0,डेबिट कार्डवरुन एका वेळी किती पैसे काढता येतात ?,डेबिट कार्डवरून एका वेळी किती पैसे काढता येतात?
12846,722989,D4,Agriculture,8.5,पऱ्हाटीची कोनची जात चांगली रायते ?,पऱ्हाटीची जात चांगली आहे का?
12847,708991,D1,Banking,9.0,जाती उद्यमितेची सुरवात मेक्सिकोत झाली हुती,जाती उद्यमितेची सुरुवात मेक्सिकोत झाली.
12848,717313,D2,Agriculture,9.0,ऊसासाठी प्रतिएकर किती खत द्यावे लागेल ?,ऊसासाठी किती खत द्यावे लागेल?
12849,722908,D4,Agriculture,8.5,उडीद कोन्या मातीमंदी लई उत्पन्न देते ?,उडीद किती मातीतून उत्पन्न मिळते?
12850,710858,D1,Banking,9.0,बँक वाले तुझ्याकडना तुजो फोटो पण मागतले,बँकवाल्यांनी तुझ्याकडून तुझे फोटोही मागितले.
12851,718359,D2,Banking,9.0,आरोग्य विम्यासाठी मी अर्ज करु शकतो का ?,आरोग्य विम्यासाठी मी अर्ज करू शकतो का?
12852,723967,D4,Banking,8.5,मले हर मईन्याप्रमाणं कर्ज भेटन का ?,मला या प्रमाणानुसार कर्ज मिळते का?
12853,707105,D1,Banking,9.0,पगार म्हणजे काही कंपनीचा कर्मचाऱ्यांचो यादी,पगार म्हणजे काही कंपनीच्या कर्मचाऱ्यांची यादी
12854,718153,D2,Banking,9.0,केंद्रिय समाज कल्याण मंडळाचे मुख्य कार्य काय आहे ?,केंद्रिय समाज कल्याण मंडळाचे मुख्य कार्य काय आहे?
12855,723485,D4,Agriculture,8.5,दामीनी ॲप वर खरोखर विजाइच्या कडकडाटाची सूचना मिळन का ?,दामिनी ॲप वर खरोखर विजयाची कडकडाटाची सूचना मिळते का?
12856,711981,D1,Banking,9.0,कर्जा खातीत ऑनलाईन अर्ज केलो तर कितक्या दिवसात कर्ज मेलतला ?,कर्जासाठी ऑनलाईन अर्ज केल्यास किती दिवसांत कर्ज मिळेल?
12857,716304,D2,Banking,9.0,हायब्रीड फुलाने बागेची शोभा वाढते,हायब्रीड फुलांमुळे बागेची शोभा वाढते
12858,723323,D4,Agriculture,8.5,खरिप हंगामात कोनचे पिकं घेतले जाते ?,खरिप हंगामात कोणते पीक घेतले जाते?
12859,707883,D1,Banking,9.0,माझो बापूस शेअर बाजार मध्ये गुंतवणूक करता,मी शेअर बाजारात गुंतवणूक करतो
12860,718522,D2,Banking,9.0,शेतीपीक नुकसान भरपाई विम्याचा लाभ मला कसा घेता येईल ?,शेतीपीक नुकसान भरपाई विम्याचा लाभ मला कसा घेता येईल?
12861,724098,D4,Banking,8.5,वयाच्या कोंत्या वर्षी बिमा काढता येते ?,वयाच्या किती वर्षी विमा काढता येतो?
12862,709098,D1,Agriculture,9.0,खरबूज उशीरान गर्मीत पिकणारो फळ हा तेच्यात मोप पाणी असता,खरबूज उशीरान उन्हाळ्यात फळ पिकणार आहे आणि त्यात पाणी असते.
12863,718650,D2,Banking,9.0,कृपया मला वरिष्ठ नागरिक मुदत ठेवी चा व्याजदर सांगा,कृपया मला वरिष्ठ नागरिक मुदत ठेवीचा व्याजदर सांगा
12864,722990,D4,Agriculture,8.5,गव्हाची पेरनीलायक चांगली जात कोनची ?,गव्हाची पेरणीसाठी चांगली जात कोणती?
12865,709867,D1,Agriculture,9.0,खतांचो वापर केल्यार पिकाची उत्पादकताही वाढता,खात्याचा वापर केल्यावर पिकाची उत्पादकताही वाढते
12866,717519,D2,Agriculture,9.0,मांसाहारी पक्ष्याचे खाद्य कोणते ?,मांसाहारी पक्ष्याचे खाद्य कोणते?
12867,723198,D4,Agriculture,8.5,झाडामंदी रोटावेटर मारता येतो काय ?,झाडामंदीसाठी रोटावेटर मारता येतो का?
12868,709962,D1,Agriculture,9.0,पोषण तत्व एक पारदर्शक पदार्थ असा तो जेली बनवूक वापरतत,"पोषण तत्व एक पारदर्शक पदार्थ आहे, तो जेली बनवूक वापरत आहे."
12869,717851,D2,Agriculture,9.0,संसर्ग दूर करण्यासाठी किती वेळ लागेल ?,संसर्ग दूर करण्यासाठी किती वेळ लागेल?
12870,723023,D4,Agriculture,8.5,गंध सापळ्याचं पीकाले वाचवन्यात का काम रायते ?,गंध सापळ्याचे पीकाले वाचवण्याचं काम का करायचे?
12871,707216,D1,Banking,9.0,तुम्ही मॅच्युरिटीवर आर.डी चा एफ.डी त रूपांतर करू शकता,तुम्ही मॅच्युरिटीवर आर.डी चा एफ.डी त रूपांतर करू शकता
12872,716187,D2,Agriculture,9.0,शेती मध्ये पाळीव प्राणी कमावण्याचं एक साधन असू शकतो,शेतीमध्ये पाळीव प्राणी कमावण्याचे एक साधन असू शकते.
12873,719388,D4,Banking,8.5,तुम्ही सोन्याची नाणी देखील खरेदी करू शकता,तुम्ही सोन्याची नाणी देखील खरेदी करू शकता
12874,709232,D1,Banking,9.0,जे.एन.एन.यू.आर.एम च्या योजनेमुळे शहरांत सुधारणा झाली हा,जे.एन.एन.यू.आर.एम च्या योजनेमुळे शहरांत सुधारणा झाली.
12875,713216,D2,Banking,9.0,भारतीय संविधान मा बजेटनं नाव वार्षिक आर्थिक विवरण शे,भारतीय संविधानानुसार बजेटचे वार्षिक आर्थिक विवरण
12876,720032,D4,Agriculture,8.5,माझ्या घराजवळ एक मासळी बाजार आहे,माझ्या घराजवळ एक मासेबाजार आहे
12877,712197,D1,Banking,9.0,बँकेचा डेबिट कार्ड घेउक पाहिले काय महत्वाचा असा ?,बँकेचा डेबिट कार्ड घेणे महत्त्वाचे आहे का?
12878,712777,D2,Banking,9.0,भविष्य निर्वाह निधीमा गूंतवणूक करावर कर भराले सूट भेटस,भविष्य निर्वाह निधीमध्ये गुंतवणूक करण्यावर कर सूट मिळते
12879,721320,D4,Banking,8.5,भारत आणि अनेक देशांमध्ये इतर प्रकारचे कर आकारले जातात,भारत आणि अनेक देशांमध्ये इतर प्रकारचे कर आकारले जातात
12880,706492,D1,Banking,9.0,भविष्य निर्वाह निधी पेन्शन फंडाचा दुसरा नाव असा,भविष्य निर्वाह निधी पेन्शन फंडाचे दुसरे नाव काय आहे
12881,717363,D2,Agriculture,9.0,काजू या पिकाचे उत्पादन कोणत्या महिन्यात येते ?,काजू या पिकाचे उत्पादन कोणत्या महिन्यात येते?
12882,719344,D4,Banking,8.5,अर्जदार ट्रॅकिंग सिस्टम एक सॉफ्टवेअर अनुप्रयोग आहे,अर्जदार ट्रॅकिंग सिस्टम एक सॉफ्टवेअर अनुप्रयोग आहे
12883,709403,D1,Agriculture,9.0,कॉफी उत्पादनात भारताचो जगात पाचवो क्रमांक लागता,कॉफी उत्पादनात भारताचे जगातील पाचवे स्थान आहे
12884,717399,D2,Agriculture,9.0,झाडाची पाने कोणत्या जातीच्या अळ्या कुरडतात ?,झाडाची पाने कोणत्या जातीच्या अळ्या कुरडतात?
12885,721395,D4,Banking,8.5,प्रधानमंत्री मुद्रा योजना कधी सुरू झाली ?,प्रधानमंत्री मुद्रा योजना कधी सुरू झाली?
12886,709282,D1,Banking,9.0,पोरांनो भारतातल्या कर विरोधाचा एक उदाहरण सांगा,पोरांनो भारतातल्या कर विरोधाचा एक उदाहरण सांगा
12887,713824,D2,Agriculture,9.0,पशुपालनमा खिला पशुपालन हावू मुख्य खर्च शे,पशुपालनावर मुख्य खर्च
12888,723164,D4,Agriculture,8.5,काळ्या मातीमंदी पराटी होते का ?,काळ्या मातीची पराटी होते का?
12889,708918,D1,Banking,9.0,मालकच हत जे आर्थिक जोखिम घेतत ह्या स्विकार करताव,मालकच जे आर्थिक जोखिम घेत आहे त्याचे स्वीकार करावे लागेल
12890,712898,D2,Agriculture,9.0,किडासवरलं कातडं किडासनी रक्षा करस,कीडंवरील नुकसान किडांना वाचवा
12891,723004,D4,Agriculture,8.5,द्विदल पिकामंदी युरीया या खताची गरज रायते का ?,द्विदल पिकामंदी युरीयाची गरज आहे का?
12892,708841,D1,Agriculture,9.0,वाढत्या पशुपालनामुळा वातावरणाचा तापमान पण वाढता,वाढत्या पशुपालनामुळे वातावरणाचा तापमान पण वाढतो
12893,718026,D2,Banking,9.0,ऑनलाईन अर्ज सुविधांद्वारे कर्ज मिळविता येऊ शकते का ?,ऑनलाईन अर्ज सुविधांद्वारे कर्ज मिळवता येऊ शकते का?
12894,723541,D4,Agriculture,8.5,मोसंबीमंदी ट्रॅक्टरने नांगरणी करावी का ?,मोसंबीमंदी ट्रॅक्टरने नांगरणी करावी का?
12895,707335,D1,Banking,9.0,आफीसरांन समजावल्यानं कि रिकामी चेकवर सही करुची नसता,आफीसरांन समजावल्याने रिकाम्या चेकवर सहीची गरज नसती.
12896,714390,D2,Agriculture,9.0,ब्रोकोली उत्तर भारतमा थंडीना सुरवातना दिनमा लागवड करतस,ब्रोकोली उत्तर भारतात थंडीच्या सुरुवातीला दिवशी लागवड करत आहे.
12897,723430,D4,Agriculture,8.5,हिवाळ्यामंदी मक्याले उगवाले उशीर काऊन लागते ?,हिवाळ्यामंदीमुळे मक्याचे उगवणे उशीर काऊन लागते?
12898,709133,D1,Agriculture,9.0,समुद्री मत्स्यपालन संसाधन कमी असल्याकारणान संपत चालले हत,समुद्री मत्स्यपालन संसाधनांची कमतरता असल्यामुळे ते संपत चालले आहे
12899,715275,D2,Banking,9.0,अल्प वित्त एक खूप पारंपारिक लांब स्थितीच्या उलट आहे,अल्प वित्त एक खूप पारंपारिक लांब स्थितीच्या उलट आहे
12900,723289,D4,Agriculture,8.5,शेतातील पराटीची वेचनी झाल्यावर पराटीचं वजन कस कराव ?,शेतातील पराटीची वेचनी झाल्यावर पराटीचे वजन कसे करावे?
12901,708462,D1,Agriculture,9.0,मिया उद्या दुसऱ्या गावातसून लागवड करुची मशीन घेवन येतलय,मी उद्या दुसऱ्या गावातून लागवड करण्यासाठी मशीन घ्यायला येत आहे
12902,716759,D2,Banking,9.0,राजू त्याचे डेबिट कार्ड वापरून मला पैसे पाठवतो,राजू त्याचे डेबिट कार्ड वापरून मला पैसे पाठवतो
12903,722994,D4,Agriculture,8.5,चुनखडी असलेल्या जमिनीचा पी.एच लेव्हल किती रायते ?,चुनखडी असलेल्या जमिनीचा पी.एच लेव्हल किती आहे?
12904,708896,D1,Banking,9.0,निष्पक्ष व्यापार आंदोलन खासकरान वस्तूंवर लक्ष देता,निष्पक्ष व्यापार आंदोलन खासकरून वस्तूंवर लक्ष देते
12905,713156,D2,Banking,9.0,दिवायखोरी फसाडा फसाडी एक पांढरपेशा गुन्हा शे,दिवायखोरी फसाडा फसाडी एक पांढरपेशा गुन्हा
12906,723641,D4,Banking,8.5,सामाजिक योजनेतून कसा पैसा मिळू सकतो ?,सामाजिक योजनेतून कसा पैसा मिळू शकतो?
12907,710651,D1,Banking,9.0,खयची पण वस्तु बनवुसाठी काही संसाधना लागतत,वस्तु बनवण्यासाठी काही संसाधने लागतात
12908,714120,D2,Banking,9.0,वर्तमान मा बँक नी किओस्क प्रिंटिंग मशीन लायेल शे,वर्तमान बँकेकडून किओस्क प्रिंटिंग मशीन मिळेल का?
12909,723460,D4,Agriculture,8.5,येक मजूर या रोजात किती किलोग्रॅम मिरची तोडते ?,एक मजूर या रोज किती किलोग्राम मिरची तोडते?
12910,708814,D1,Agriculture,9.0,अरबी चमेली एक छोटासा झाड किंवा वेल असा,अरबी चमेली एक छोटासा झाड किंवा वेल आहे.
12911,712747,D2,Banking,9.0,पिकस्नं उत्पादन देखाना करता बराच अधिकारी वावरमा जातस,पिकस्नं उत्पादन पाहताना बरेच अधिकारी तिथे जातात
12912,723321,D4,Agriculture,8.5,कमी पानी लागनारं पिक कोनचं ?,कमी पाणी लागणारं पिक किती?
12913,710998,D1,Banking,9.0,लोका गाडीयेचो वीमो काढुक पण हलगर्जी करतत,लोका विमान काढायला येतात पण हलगर्जी करत आहेत
12914,717094,D2,Banking,9.0,काही ठिकाणांवर तुमची वित्तहानी देखील होऊ शकते,काही ठिकाणी तुमची आर्थिक हानी देखील होऊ शकते
12915,721634,D4,Agriculture,8.5,काश्मिरी लोकर वसंत ऋतूमध्ये गोळा केली जाते,काश्मिरी लोक वसंत ऋतूमध्ये गोळा केले जातात
12916,707540,D1,Agriculture,9.0,जेसिबी मशिनीन मातीत खोलवर खोदकाम करुक येता,जेसीबी मशीन मातीत खोलवर खोदकाम करते
12917,712991,D2,Banking,9.0,दिपकनी वाहन दुरुस्तीना धाकला यापार सुरू करेल शे,दिपकने वाहन दुरुस्तीचे काम यापलीकडे सुरू करेल.
12918,719394,D4,Banking,8.5,तुम्ही बँकेत लिपिक म्हणूनही काम केले आहे का ?,तुम्ही बँकेत लिपिक म्हणूनही काम केले आहे का?
12919,706848,D1,Banking,9.0,व्याज दराचा संज्ञा रचना उत्पन्न वक्र म्हणून ओळखला जाता,व्याज दराचा संज्ञा रचना उत्पन्न वक्र म्हणून ओळखला जातो
12920,713011,D2,Banking,9.0,अनिल नी येक दिवसमा दहा लाख रुपया एन.ई.एफ.टी वरी ट्रान्स्फर करात,अनिलने एक दिवसात दहा लाख रुपये एन.ई.एफ.टी ट्रान्सफर करत आहे.
12921,720796,D4,Agriculture,8.5,ऑयस्टर लागवड ही एक जलचर किंवा समुद्री शेतीची प्रथा आहे,ऑयस्टर लागवड ही एक जलचर किंवा समुद्री शेतीची प्रथा आहे
12922,709617,D1,Banking,9.0,युके सारख्या देशांमध्ये कर टाळणे कायदेशीर असा,युके सारख्या देशांमध्ये कर टाळणे कायदेशीर आहे
12923,712679,D2,Banking,9.0,कृष्णा पेंशनना पैसा लेवाले ब्यांकमा गया,कृष्णाचे पेन्शनचे पैसे बँकेत गेले.
12924,723560,D4,Agriculture,8.5,सोला सवंगल्यावर कोनच्या पोत्यात भराले पायजे ?,संपल्यावर कोनच्या पिशवीत भरले पाहिजे का?
12925,711024,D1,Banking,9.0,व्याज कव्हरेज प्रमाण जवळजवळ प्रत्येक कंपनीकडना मोजला जाता,व्याज कव्हरेजचे प्रमाण जवळजवळ प्रत्येक कंपनीकडनाचे मोजले जाते
12926,717462,D2,Agriculture,9.0,टमाट्याचे अधिक प्रमाणात उत्पादन घेऊन नफा कसा मिळवता येईल ?,टमाट्याचे अधिक उत्पादन घेऊन नफा कसा मिळवता येईल?
12927,723445,D4,Agriculture,8.5,वांग्याच्या पिकावर खासकरुन कोनचा रोग जाते ?,वांग्याच्या पिकावर खासकरून कोणता रोग होतो?
12928,710852,D1,Banking,9.0,बिटकॉईन ह्यो एक ऑनलाईन पेमेंटचो उद्योन्मुख प्रकार असा,बिटकॉइन हे एक ऑनलाईन पेमेंटचा उद्योन्मुख प्रकार आहे.
12929,714246,D2,Banking,9.0,बी ब्यांकना ॲपवरी यवहारना मिनी स्टेटमेंट करु शकतंस,तुम्ही बँक ॲप वापरून मिनी स्टेटमेंट करू शकता.
12930,724033,D4,Banking,8.5,सामाजिक योजनेसाठी ऑनलाईन फारम रायते का ?,सामाजिक योजनेसाठी ऑनलाईन फॉर्म करायचा का?
12931,709509,D1,Banking,9.0,पेंशनरका आपण जिवंत असल्याचा प्रमाणपत्र देना गरजेचा असता,पेंशनर्सना आपण जिवंत असल्याचा प्रमाणपत्र देणे गरजेचे असते.
12932,714651,D2,Banking,9.0,कोनले पैसा धाडना व्हतीन ते फोन पे ईस्वासनं ॲप शे का ?,कोणले पैसे धाडताना फोन पे ॲप का आहे?
12933,721125,D4,Banking,8.5,बँक ऑफ बडोदा आकर्षक व्याजदरावर विविध प्रकारचे कर्ज देते,बँक ऑफ बडोदा आकर्षक व्याजदरावर विविध प्रकारचे कर्ज देते
12934,709673,D1,Agriculture,9.0,व्हील ट्रॅक्टर वेगली उपकरणा ओढण्यात माहिर असता,व्हील ट्रॅक्टर उपकरणांना वेगळे ओढण्यात माहिर आहे
12935,712645,D2,Agriculture,9.0,फूलसनी शेती बागायत शेतीमा येस,फुलांची शेती बागायत शेतीमध्ये असते
12936,722630,D4,Banking,8.5,सरोज तिच्या ठेव खात्यात पैसे जमा करते आणि काढते,सरोज तिच्या ठेव खात्यात पैसे जमा करते आणि काढते
12937,708474,D1,Agriculture,9.0,मेंढीपासना दूध उत्पादना मेळवली जावक शकतत,मेंढीपासना आणि दूध उत्पादनाचे जुळवणे शक्य आहे
12938,714729,D2,Banking,9.0,डेट्रेडिंगमा व्यापारी कोनफाईन पैसा उधार ले,व्यापारी ट्रेडिंगमध्ये काही अटींवर पैसा उधार घ्या.
12939,723271,D4,Agriculture,8.5,तुषार सिंचनाचे पाइप किती ठोकळ घ्याले पायजे ?,तुषार सिंचनाचे पाइप किती ठोकळे घ्यावेत?
12940,709320,D1,Banking,9.0,अनुज आता बाहेर जाणार हा त्येका बचत खात्याची गरज लागतली,अनुज आता बाहेर जाणार म्हणून त्यांना बचत खात्याची गरज लागली
12941,714005,D2,Agriculture,9.0,जमीनमा खोल वर जे पानी सापडस त्याले जीवाश्म पाणी म्हणतस,जमिनीमध्ये खोलवर जे पाणी सापडते त्याला जीवाश्म पाणी म्हणतात
12942,719020,D4,Agriculture,8.5,कसुरी मेथी खाल्ल्याने अनेक आजार टाळता येतात,कसुरी मेथी खाल्ल्याने अनेक आजार टाळता येतात
12943,708936,D1,Banking,9.0,कुपन दिल्यार तुमका पुढच्या खरेदीवर थोडी सूट मिळात,कुपन दिल्यास तुमच्या पुढील खरेदीवर थोडी सूट मिळेल.
12944,713665,D2,Banking,9.0,ऑनलाईन बिल भरानी येक सुरक्षित इलेक्ट्रॉनिक सेवा शे,ऑनलाइन बिल भरणे ही सुरक्षित इलेक्ट्रॉनिक सेवा आहे
12945,720874,D4,Agriculture,8.5,दार बंद करा नाहीतर डासांचा कळप लागणार,दार बंद करा नाहीतर डासांचा कळप लागणार
12946,709605,D1,Agriculture,9.0,मेंढीपालनात भारताचो जगात तिसरो क्रमांक लागता,मेंढीपालनात भारताचे जगात तिसरे स्थान आहे
12947,713389,D2,Banking,9.0,टॅक्स कमी लागाले जोयजे म्हनीन लोके गनज परकारना परयत्न करतंस,कर कमी झाल्यामुळे लोक अनेक परकारार्थ प्रयत्न करत आहेत.
12948,721805,D4,Agriculture,8.5,हवेतील आर्द्रतेमुळे आर्द्रतेचे प्रमाण वाढते,हवेतील आर्द्रतेमुळे आर्द्रतेचे प्रमाण वाढते
12949,710137,D1,Banking,9.0,आज गुंतवलेले पैशे काही काळान व्याजदरान तयार होतले,आज गुंतवलेले पैसे काही कालावधीत व्याजदर तयार झाले.
12950,713876,D2,Banking,9.0,राज्यसनी नवीन उद्योगसले कर्ज देवानी सुविधा देल शे,राज्य सरकार नवीन उद्योगसले कर्ज सुविधा देईल
12951,719400,D4,Banking,8.5,तुम्ही आतापर्यंत किती एन.जी.ओ मध्ये काम केले आहे ?,तुम्ही आतापर्यंत किती एन.जी.ओ मध्ये काम केले आहे?
12952,710287,D1,Banking,9.0,दिल्लीत चोर बाजाराक पण काळो बाजार म्हणतत,दिल्लीत चोर बाजाराला पण कालो बाजार म्हणत आहेत
12953,712834,D2,Banking,9.0,संस्थागत उद्योजकता हाऊ येक परकारना उद्योग शे,संस्थागत उद्योजकता आणि परकारनाचे उद्योग कसे आहेत
12954,722472,D4,Agriculture,8.5,भारतातील विलंबित उत्पादन अमूलमधील सर्वात मोठे आहे,भारतातील विलंबित उत्पादन अमूलमधील सर्वात मोठे आहे
12955,709115,D1,Agriculture,9.0,रेशम उत्पादन विभाग श्री बसवराज बोम्मईनी सुरू केलेला,श्री बसवराज बोम्मईनी यांनी रेशम उत्पादन विभाग सुरू केला.
12956,714321,D2,Banking,9.0,नैतिक बँकींग आगोदर युरोपमा आयशीना दशकमा स्थापन झायं,नैतिक बँकिंग युरोपमध्ये नब्बेच्या दशकात स्थापना झाले.
12957,722250,D4,Agriculture,8.5,हेंगा हे नांगरलेली जमीन सपाट करण्याचे साधन आहे,हे नांगरलेली जमीन सपाट करण्याचे साधन आहे
12958,708403,D1,Banking,9.0,फोन पे ही एक भारतीय डिजिटल पेमेंट आणि फिनटेक कंपनी आसा,फोन पे ही एक भारतीय डिजिटल पेमेंट आणि फिनटेक कंपनी आहे
12959,715532,D2,Banking,9.0,चलन बाजारामध्ये देवाणघेवाणीचा निर्णय सरकार घेते,चलन बाजारामध्ये देवाणघेवाणीचा निर्णय सरकार घेते
12960,718963,D4,Banking,8.5,शेतीसाठी शेतजमीन भाडेतत्त्वावर दिली जाते,शेतीसाठी शेतजमीन भाडेतत्त्वावर दिली जाते
12961,710949,D1,Agriculture,9.0,मोगरा वनस्पती लहान वेल म्हणून पण वाढवता येता,मोगऱ्याची वनस्पती लहान वेल म्हणून पण वाढवता येते.
12962,714229,D2,Agriculture,9.0,कच्चा केयीसना वापर भाजी आणि लोणचं बनाडाना करता करतंस,कच्ची भाजी आणि लोणचेचा वापर करून बनवत आहात
12963,721259,D4,Banking,8.5,सिक्युरिटीज ट्रेडिंग भविष्यात अधिक वाढेल,सिक्युरिटीज ट्रेडिंग भविष्यात अधिक वाढेल
12964,710067,D1,Agriculture,9.0,लाकडाचो व्यापार भारतात मोठ्या प्रमाणावर व्हता,लाकडाचा व्यापार भारतात मोठ्या प्रमाणावर होतो.
12965,712764,D2,Banking,9.0,डिजीटल आर्थिक सेवा ह्या देना ब्यांकनभी काम शे,डिजीटल आर्थिक सेवा ह्या मूल्यांकनचे काम करतात
12966,720171,D4,Agriculture,8.5,सधन शेती अंतर्गत खूप मोठे क्षेत्र लागवडीखाली आहे,सधन शेती अंतर्गत खूप मोठे क्षेत्र लागवडीखाली आहे
12967,710352,D1,Banking,9.0,बाँड सामान्य शेयरमध्ये पण परिवर्तनीय असु शकता,बाँड सामान्य शेअरमध्ये पण परिवर्तनीय असू शकतात.
12968,717549,D2,Agriculture,9.0,गव्हाच्या वाढीसाठी कोणते खत उपयुक्त ठरेल ?,गव्हाच्या वाढीसाठी कोणते खत उपयुक्त ठरेल?
12969,722624,D4,Banking,8.5,आई.आई.एफ.सी कोड प्रत्येकासाठी वेगळा असतो,एआयएफसी कोड प्रत्येकासाठी वेगळा असतो
12970,710585,D1,Agriculture,8.929,एकल पोषण घटक ह्या एक प्रकारचा रासयनिक खत असा ता खत म्हणून वापरला जाता,एकल पोषण घटक हा एक प्रकारचा रासायनिक खत म्हणून वापरला जातो.
12971,714417,D2,Agriculture,9.0,मधमाख्या आपलं पोयं वावरना जोगेनी जागांवरच तयार करतीस,मधमाख्या आपले पोयं वावरना योग्य जागांवरच तयार करते
12972,720756,D4,Banking,8.5,बँकर्स बँक फक्त कम्युनिटी बँकांना कर्ज देते,बँकर्स बँक फक्त कम्युनिटी बँकांना कर्ज देते
12973,711418,D1,Agriculture,8.923,ठिबक संचाचा बराबर ती निगा व देखभाल व काळजी कशी घेऊची हा ?,ठिबक संचाच्या बरोबरीने ती निगा व देखभाल व काळजी कशी घ्यावी?
12974,714740,D2,Agriculture,9.0,थॉयरॉईडना त्रास झाया ते राई खातस नैत का,थायरॉईडचा त्रास असताना तुम्ही ते खाता का
12975,723942,D4,Banking,8.5,पैसे जमा ठेवले त मले पुढं त्याचा कसा फायदा होईन ?,पैसे जमा ठेवले तर मला त्याचा कसा फायदा होईल?
12976,707667,D1,Banking,8.917,"देणगी , संकलन , वितरण स्केलेबल ह्ये यू.पी.आई च्या आजून सेवा आसत","देणगी, संकलन, वितरण स्केलेबल हे यू.पी.आय च्या सेवेतून असते."
12977,716637,D2,Agriculture,9.0,ऑलिव्ह ही लहान फळे आहेत जी ऑलिव्हच्या झाडांवर वाढतात,ऑलिव्ह ही लहान फळे आहेत जी ऑलिव्हच्या झाडांवर वाढतात
12978,724112,D4,Banking,8.5,बँकेशिवाय आनखी कोंत्या आर्थिक सेवा रायते ?,बँकाशिवाय आणखी किती लोकांना आर्थिक सेवा आहेत का?
12979,706651,D1,Banking,8.909,ह्यो कर देश आणि उप देश स्तरावर लागू केलो जाऊ शकतत,हे कदर देश आणि उप देश स्तरावर लागू होऊ शकत.
12980,712868,D2,Banking,9.0,वारशिक पगारपत्रकवर गोविंदनं उत्पन्ननी वाढ लिखेल व्हती,वार्षिक पगारपत्रकावर गोविंदाचे उत्पन्न वाढवले जाईल
12981,723111,D4,Agriculture,8.5,पराटीच्या लाल्या रोगावर औषध हाये का ?,पराटीच्या लाल्या रोगावर औषध आहे का?
12982,709237,D1,Banking,8.909,"एक अर्थ व्यवस्था उत्पादन , वितरण आणि व्यापराचा एक क्षेत्र असता","अर्थव्यवस्था उत्पादन, वितरण आणि व्यापाराचा एक क्षेत्र आहे"
12983,716757,D2,Banking,9.0,ई.एम.आय मोजन्याची प्रक्रिया थोडक्यात समजावून सांगा ?,ईएमआय कर्जाची प्रक्रिया थोडक्यात समजावून सांगा?
12984,722264,D4,Agriculture,8.5,कॅटगट उत्पादक मांजरीच्या आतड्यांचा वापर करत नाहीत,कॅटगट उत्पादक मांजरीच्या आतड्यांचा वापर करत नाहीत
12985,707586,D1,Banking,8.909,"तुका सांगतंय , कर चुकवणा ह्यो कर टाळण्याचो एक प्रकार आसा","तुम्ही सांगत आहात, काम चुकवण्याला हे काम टाळणे एक प्रकार आहे."
12986,716023,D2,Agriculture,9.0,मुलांनो भारत तांदूळ उत्पादनात दुसऱ्या नंबर वर आहे,मुलांनो भारत तांदूळ उत्पादनात दुसऱ्या क्रमांकावर आहे
12987,720547,D4,Agriculture,8.5,कोरडवाहू प्रदेशातील शेती अत्यंत कमी झाली आहे,कोरडवाहू प्रदेशातील शेती अत्यंत कमी झाली आहे
12988,706616,D1,Banking,8.889,कर्ज करार ह्या कर्जदार आणि सावकार यांच्यातलो करार असा,कर्जदार आणि सावकार यांच्यातील करार हा कर्ज करार असतो.
12989,713151,D2,Agriculture,9.0,विशिष्ट वृक्षारोपण येक स्वयंपूर्ण समुदाय व्हता,विशिष्ट वृक्षारोपण एक स्वयंपूर्ण समुदाय होते
12990,720521,D4,Agriculture,8.5,आता जमिनीच्या सर्व नोंदी ऑनलाइन करण्यात आल्या आहेत,आता जमिनीच्या सर्व नोंदी ऑनलाइन करण्यात आल्या आहेत
12991,706970,D1,Banking,8.889,मनी ऑर्डर ह्या पूर्व निर्दिष्ट रकमेकरता पेमेंट ऑर्डर आसत,मनी ऑर्डर ही पूर्व निर्दिष्ट रकमेकरिता पेमेंट ऑर्डर होती
12992,715638,D2,Agriculture,9.0,ताज्या मोहरीच्या पाल्यामध्ये फॉलिक ऍसिड असते,ताजे मोहरीच्या पाल्यामध्ये फॉलिक ऍसिड असते
12993,720809,D4,Agriculture,8.5,कोडो मिलेट प्रोटीन आहारातील फायबरने भरलेले आहे,कोदो मिलेट प्रोटीन आहारातील फायबरने भरलेले आहे
12994,712177,D1,Banking,8.889,शिक्षणाचा कर्ज घेऊक ऑनलाइन माहिती कशी घेऊक हवी ?,शिक्षणासाठी कर्ज घेण्यासाठी ऑनलाइन माहिती कशी हवी?
12995,715196,D2,Agriculture,9.0,शेतात हवा वाहत असतांना धान्याची उफणणी केली जाते,शेतात हवा वाहत असताना धान्याची उफणणी केली जाते
12996,719018,D4,Agriculture,8.5,काकडी ही एक स्वस्त भाजी आहे जी गरीब लोक सहज प्रदान करू शकतात,काकडी ही एक स्वस्त भाजी आहे जी गरीब लोक सहज प्रदान करू शकतात
12997,710338,D1,Banking,8.875,बँक खात्यात बँक आणि ग्राहकामध्ये आर्थिक व्यवहार होतत,बँक खात्यात बँक आणि ग्राहकांमध्ये आर्थिक व्यवहार होत आहेत.
12998,714333,D2,Agriculture,9.0,पशूकिसान क्रेडिट कार्ड ना परतेक शेतकरीले फायदा व्हस,प्रत्येक शेतकऱ्याला क्रेडिट कार्डचा फायदा आहे.
12999,722826,D4,Agriculture,8.5,सूर्यफूल बियाणे पासून तेल तयार करणे,सूर्यफूल बियाणे पासून तेल तयार करणे
13000,712495,D1,Banking,8.875,सामाजिक योजनेक कोण कोण अर्ज करू शकतत ?,सामाजिक योजनेसाठी कोण अर्ज करू शकतात?
