id,text_id,dialect,domain,distortion_score,dialect_text,standard_text
1,725007,D1,Agriculture,35.5,सरकारान गव्हासाठी दिलेल्या किमान आधारभूत किंमती मुळे गव्हाचा उत्पादन जास्त घेण्यासाठी शेतकऱ्यांची पसंती असता,सरकारने गव्हासाठी दिलेल्या किमान आधारभूत किंमतीमुळे गव्हाचे उत्पादन जास्त घेण्यासाठी शेतकऱ्यांची पसंती असते.
2,714055,D2,Agriculture,40.0,देशना पुरा मासामारी उत्पादनपैकी सुमारे साठ एकर उत्पादन देशमझारला मासामारीमाथून येस,देशांत पूर्ण मासामारी उत्पादनपैकी सुमारे साठ एकर उत्पादन देशमझारला मासामारीमधून येते
3,724412,D4,Agriculture,29.5,मोड आलेल्या गव्हापासून बनवलेल्या अन्नपदार्थांमध्ये गव्हासारखेच पोषणमूल्य देण्यासाठीही याचा अधिक वापर केला जातो,नुकत्याच आलेल्या गव्हापासून बनवलेल्या अन्नपदार्थांमध्ये गव्हासारखेच पोषणमूल्य देण्यासाठीही याचा अधिक वापर केला जातो.
4,712275,D1,Banking,33.31,"क्रेडिट कार्ड वरसून जास्तीत जास्त कितक्या कर्ज गावता , आणि डेबिट कार्ड वरसून जास्तीत जास्त कितके पैसे काढुक शकतू आम्ही ?","क्रेडिट कार्डवरून जास्तीत जास्त किती कर्ज मिळते, आणि डेबिट कार्डवरून जास्तीत जास्त किती पैसे काढू शकतो आम्ही?"
5,712936,D2,Agriculture,32.429,सघन शेती आणि जास्तीनी जमीन यानामान सधन शेतीले जास्तिनी मेहनत आणि जास्तीना पैसा लागस,सघन शेती आणि जास्त जमीन यातून अधिक मेहनत आणि पैसा लागतो
6,724441,D4,Agriculture,28.5,कमी कचरा निर्माण करणारी आणि कचऱ्याच्या जास्तीत जास्त पुनर्वापराला प्रोत्साहन देणारी उत्पादन पद्धत विकसित करा,कमी कचरा निर्माण करणारी आणि कचऱ्याच्या जास्तीत जास्त पुनर्वापराला प्रोत्साहन देणारी उत्पादन पद्धत विकसित करा
7,724970,D1,Agriculture,32.0,ब्लास्ट फिशिंग ह्या जवळपास उपलब्ध जाणाऱ्या सामानापासून बनलल्या डायना माईट पासून सहज आणि स्वस्तात केली जाता,ब्लास्ट फिशिंग जवळपास उपलब्ध असलेल्या सामानापासून डायना मीटपासून सहज आणि स्वस्तात केले जाते.
8,724777,D2,Agriculture,31.5,भारतात मत्स्य व्यावसायिक क्षेत्राचा विकास छोट्या मासेमारांना तंत्रज्ञानाने प्रबळ करण्यासाठी निर्भर करत,भारतात मत्स्य व्यावसायिक क्षेत्राचा विकास छोट्या मासेमारांना तंत्रज्ञानाने प्रबळ करण्यासाठी अवलंबून आहे
9,724336,D4,Banking,27.818,मले शिकायले कर्ज घ्याच असन तर कुठ अर्ज करा लागन त्याची मायती मले कुठी भेटन त्यासाठी ऑनलाईन अर्ज करा लागन का ?,"मला शिक्षणासाठी कर्ज घ्यायचे असेल तर कुठे अर्ज करावा लागेल, त्याची माहिती मला कुठे मिळेल? त्यासाठी ऑनलाईन अर्ज करावा लागेल का?"
10,724991,D1,Banking,29.0,बऱ्याचदा काही गुंतवणूकदार जास्तीच्या रिटर्न्सच्या मोहापायी चुकिच्या पॉलिसी मध्ये तुमच्याकडना गुंतवणूक करवतत,बऱ्याचदा काही गुंतवणूकदार जास्त परताव्याच्या मोहपायी तुमच्या पॉलिसीमध्ये तुमचे गुंतवणूक करत आहेत
11,717908,D2,Agriculture,30.941,कोणत्या पिकावर जास्तीत जास्त विम्याची रक्कम मिळू शकते ? पिकासोबत मी माझा विमा काढू शकतो का ?,कोणत्या पिकावर जास्तीत जास्त विम्याची रक्कम मिळू शकते? पिकासोबत मी माझा विमा काढू शकतो का?
12,724522,D4,Banking,27.5,विज्ञान मंत्र्यांनी पात्र शास्त्रज्ञांसाठी संशोधनासाठी निधी उपलब्ध करून देण्यासाठी अनेक योजना सुरू केल्या,विज्ञान मंत्र्यांनी पात्र शास्त्रज्ञांसाठी संशोधनासाठी निधी उपलब्ध करून देण्यासाठी अनेक योजना सुरू केल्या
13,708504,D1,Banking,28.5,वस्तूची म्हायती सांगणाऱ्या लेबलावरून ती वस्तू शाकाहारींसाठी आसा काय मांसाहारींसाठी ता समाजता,वस्तूची माहिती सांगणाऱ्या लेबलावरून ती वस्तू शाकाहारींसाठी आहे की मांसाहारींसाठी समाजता
14,713533,D2,Agriculture,30.933,"दुन्याभरमा गनज लोकेस्ना आहार मासा शेतस , येक मानूस कितला किलो मासा खास व्हयी ?","जगभरात अनेक लोकांचे अन्न मासे असते, एक व्यक्ती किती किलो मासे खात असेल?"
15,723456,D4,Agriculture,26.0,कास्तकारीच्या कामासाठी जास्तीत जास्त किती एच.पी टॅक्टर वापराले पायजे ?,कास्तकारिच्या कामासाठी जास्तीत जास्त किती एच.पी टॅक्टर वापरले?
16,724834,D1,Banking,27.0,मार्क टू मार्केट म्हणजे वर्तमान बाजारभावावर आधारित मालमत्तेच्यो वाजवी मू्ल्य किंवा दायित्वासाठी लेखांकन करणा,मार्क टू मार्केट म्हणजे वर्तमान बाजारभावावर आधारित मालमत्तेचे वाजवी मूल्य किंवा दायित्वासाठी लेखांकन करणे
17,724664,D2,Banking,30.0,माझ्या खात्यात शिल्लक नसेल आणि सहा महिन्यांपासून खात्याचा वापर झाला नसल्यास मिळालेल्या कर्जातून पैसे कपात होतील का ?,माझ्या खात्यात शिल्लक नसेल आणि सहा महिन्यांपासून खात्याचा वापर झाला नसल्यास मिळालेल्या कर्जातून पैसे कपात होतील का?
18,724363,D4,Agriculture,26.0,मैदा गव्हाच्या पिठापासून तयार केला जातो आणि तो जास्त काळ टिकावा म्हणून प्रिझर्व्हेटिव्ह टाकले जातात,मैदा गव्हाच्या पिठापासून तयार केला जातो आणि तो जास्त काळ टिकवण्यासाठी प्रिझर्व्हेटिव्ह टाकले जातात.
19,707560,D1,Banking,26.5,टॅरिफ कर ह्यो राजकीय सीमांच्या माध्यमांपासून मालाच्या हालचालीसाठी आकारण्यात येणारा शुल्क आसा,टॅरिफ हे राजकीय सीमांच्या माध्यमांपासून मालाच्या हालचालीसाठी आकारण्यात येणारा शुल्क आहे.
20,712589,D2,Agriculture,29.75,"मासोई पालन मान , मासा , झिंगा , खेकडा , मोलस्क , जेलीमासा ह्या भी येतेस","मासेपालन, मासे, झिंगा, खेकडा, मोलस्क, जेलीमासा हे देखील येतात."
21,724447,D4,Agriculture,25.941,"कृषी माती विज्ञान मातीमध्ये संशोधन करून मातीच्या भौतिक , रासायनिक , जैविक आणि खनिज संघटनाचा अभ्यास करते","कृषी माती विज्ञान मातीमध्ये संशोधन करून मातीच्या भौतिक, रासायनिक, जैविक आणि खनिज संघटनेचा अभ्यास करते"
22,724988,D1,Banking,26.5,आर्थिक देवाण घेवाण आणि गुंतवणूकीतल्या नुकसानापासना वाचुचा असात तर वित्ताच्या खास गोष्टींची महिती गरजेची असता,आर्थिक देवाणघेवाण आणि गुंतवणुकीतील नफा-तोटा असेल तर वित्ताच्या खास गोष्टींची माहिती गरजेची असते.
23,716504,D2,Agriculture,29.5,सुरुवातीच्या मासेमारीच्या जहाजांमध्ये झाडाच्या सालापासून बनवलेल्या तराफ्यांचा समावेश होता,सुरुवातीच्या मासेमारीच्या जहाजांमध्ये झाडाच्या सालापासून बनवलेल्या तराफ्यांचा समावेश होता
24,720765,D4,Agriculture,25.5,नेमॅटाइड हा एक प्रकारचा रासायनिक कीटकनाशक आहे जो वनस्पती परजीवी नेमाटोड्स मारण्यासाठी वापरला जातो,नेमॅटाइड हा एक प्रकारचा रासायनिक कीटकनाशक आहे जो वनस्पती परजीवी नेमाटोड्स मारण्यासाठी वापरला जातो
25,710428,D1,Agriculture,26.0,लिली परिवार लिलीयासीच्या जडी बुटीच्या फुलांच्या झाडांच्या ऐंशीपेक्षा जास्त प्रजातींचो वंश असा,लिलीचे कुटुंब लिलीच्या प्रकारच्या फुलांच्या झाडांच्या ऐंशीपेक्षा जास्त प्रजातींचे वंश आहे.
26,716451,D2,Agriculture,29.0,मासेमारी हे प्राचीन काळापासून मानवाचे सर्वात जुने काम मानले जाते,मासेमारी हे प्राचीन काळापासून मानवाचे सर्वात जुने काम मानले जाते
27,724404,D4,Banking,25.5,म्युच्युअल सेव्हिंग्ज बँका स्थानिक किंवा प्रादेशिक सरकारांद्वारे चार्टर्ड केल्या जातात हे तुम्हाला माहीत का ?,म्युच्युअल सेव्हिंग्ज बँका स्थानिक किंवा प्रादेशिक सरकारांद्वारे चार्टर्ड केल्या जातात हे तुम्हाला माहीत का?
28,724985,D1,Agriculture,26.0,कळपाच्या स्वास्थ्यासाठीची भुमिका त्या रोगांच्या प्रतिबंध आणि प्रबंधन अक्षमतांका नियंत्रित किंवा संपवूची हा,कळपाच्या आरोग्यासाठीची भूमिका त्या रोगांच्या प्रतिबंध आणि व्यवस्थापनातील अक्षमतांना नियंत्रित किंवा संपवूची आहे.
29,724666,D2,Banking,29.0,"पेमेंट करताना माझ्या खात्यातून पैसे कमी तर झाले आहेत मात्र समोरील व्यक्तीला बिल मिळालेले नाही , अशा स्थितीत काय करावे ?","पेमेंट करताना माझ्या खात्यातून पैसे कमी झाले आहेत, मात्र समोरच्या व्यक्तीला बिल मिळालेले नाही, अशा स्थितीत काय करावे?"
30,724379,D4,Agriculture,25.429,"कृषी शास्त्रामध्ये कृषी पिकांच्या उत्पादनात , प्रक्रिया करताना होणाऱ्या भौतिक प्रक्रियांचा अभ्यास समावेश असते",कृषी शास्त्रामध्ये कृषी पिकांच्या उत्पादनात प्रक्रिया करताना होणाऱ्या भौतिक प्रक्रियांचा अभ्यास समावेश असतो.
31,724850,D1,Banking,25.929,आंतरराष्ट्रीय किंवा देशांतर्गत प्रवास करतो वेळी प्रवास विमो तुमका कोणताही अनपेक्षित नुकसानापासून संरक्षण देता,आंतरराष्ट्रीय किंवा देशांतर्गत प्रवास करताना कोणताही अनपेक्षित नुकसानीपासून संरक्षण द्या.
32,724755,D2,Agriculture,28.429,एल.पी.जी आधीपासूनच बायोमास आणि कचऱ्यापासून उत्पादित झालेल्या अक्षय एल.पी.जी चे उत्पादन करण्याची इच्छा होती,एल.पी.जी. आधीपासूनच बायोमास आणि कचऱ्यापासून उत्पादित झालेल्या अक्षय एल.पी.जी. चे उत्पादन करण्याची इच्छा होती
33,718943,D4,Banking,25.423,कॉर्पोरेट फायनान्सचे प्राथमिक उद्दिष्ट शेअरधारकांचे मूल्य जास्तीत जास्त वाढवणे किंवा वाढवणे हे आहे,कॉर्पोरेट फायनान्सचे प्राथमिक उद्दिष्ट शेअरधारकांचे मूल्य जास्तीत जास्त वाढवणे हे आहे
34,724876,D1,Banking,25.441,मूळ रकमेत वेळोवेळी जमा झालेला व्याज मिळवून या रकमेवरील व्याजाची मोजणी केली जाता त्येकाच चक्रवाढ व्याज म्हनतत,"मूळ रकमेत वेळोवेळी जमा झालेला व्याज मिळवून या रकमेवरील व्याजाची मोजणी केली जाते, तसेच त्याचेच चक्रवाढ व्याज म्हणतात."
35,724771,D2,Agriculture,28.429,पिक प्रजातींच्या सर्वोत्कृष्ट विकासासाठी शेतीच्या माती मध्ये खूप आम्लं किंवा माती खुप क्षारयुक्त असते,पीक प्रजातींच्या सर्वोत्तम विकासासाठी शेतीच्या मातीमध्ये खूप आम्ल किंवा माती खूप क्षारयुक्त असते.
36,718940,D4,Agriculture,25.188,"मातीच्या प्रकारांमध्ये लाल माती , काळी माती , वालुकामय माती , गाळाची माती यांचा समावेश होतो","मातीच्या प्रकारांमध्ये लाल माती, काळी माती, वालुकामय माती, गाळाची माती यांचा समावेश होतो."
37,708834,D1,Agriculture,25.429,संक्रमणापासना वाचुचा असात नायतर कफाचो त्रास दूर करुचो असात तेच्यात गुलाबाच्या पानांचो उपयोग होता,"संक्रमणापासनाचा असात नाहीतर खूप त्रास दूर करायचा होता, तेच्यात गुलाबाच्या पानांचा उपयोग होता."
38,724705,D2,Banking,28.342,"क्लब डील च्या अंतर्गत कर्ज , पंचवीस मिलीयन पासून शंभर मिलीयन पर्यंत जास्तीत जास्त दीडशे मिलीयन पर्यंत दिल जात",क्लब डील्सच्या अंतर्गत कर्ज पंचवीस मिलीयन पासून शंभर मिलीयन पर्यंत जास्तीत जास्त दीडशे मिलीयन पर्यंत दिले जाते
39,722489,D4,Agriculture,25.0,मासेमारी म्हणजे मासे आणि इतर जलचर प्राण्यांच्या आधीच अस्तित्वात असलेल्या लोकसंख्येची कापणी,मासेमारी म्हणजे मासे आणि इतर जलचर प्राण्यांच्या आधीच अस्तित्वात असलेल्या लोकसंख्येची कापणी
40,724835,D1,Banking,25.4,मार्केट रिस्क म्हणजे मार्केट व्हेरिएबल्समधल्या हालचालींमुळे उद्भवलेल्या पोझिशन्समधल्या नुकसानीचो धोको,मार्केट रिस्क म्हणजे मार्केट व्हेरिएबल्समधील हालचालींमुळे उद्भवलेल्या पोझिशन्समधल्या नुकसानीचा धोका
41,724785,D2,Banking,27.933,पोस्टल सेव्हिंग बँक ही सामान्य माणसासाठी त्यांचे पैसे सुरक्षित ठेवण्याची आणि ठेव ठेवण्याची सुविधा आहे,पोस्टल सेव्हिंग बँक ही सामान्य माणसासाठी त्यांचे पैसे सुरक्षित ठेवण्याची आणि ठेवण्याची सुविधा आहे.
42,724487,D4,Banking,24.933,"फ्युचर्स कॉन्ट्रॅक्ट्स , पर्याय यासारखी आर्थिक साधने , जी इतर प्रकारच्या मालमत्तांपासून तयार केली जातात","फ्युचर्स कॉन्ट्रॅक्ट्स, पर्याय यांसारख्या आर्थिक साधने जी इतर प्रकारच्या मालमत्तांपासून तयार केली जातात."
43,724875,D1,Agriculture,25.382,"मानवी वापरासाठी आणि उपभोगासाठी मांस , दूध , अंडी तसाच इतर शेतीच्या वापरासाठी जनावरांचा खताचो उपयोग होता","मानवी वापरासाठी आणि उपभोगासाठी मांस, दूध, अंडी तसाच इतर शेतीच्या वापरासाठी जनावरांचा उपयोग होता."
44,724774,D2,Agriculture,27.833,"बागेची माती मऊ किंवा माती सैलसर करण्यासाठी वापरलं जातं , याला तीन किंवा चार मोठ्या मोठ्या दातांसारखे असते","बागेची माती मऊ किंवा माती सैलसर करण्यासाठी वापरले जाते, त्याला तीन किंवा चार मोठ्या दातांसारखे असते."
45,724451,D4,Agriculture,24.842,"ओवा भाजी बनवण्यासाठी उपयुक्त अशी एक वनस्पती आहे , आपल्या पोटासाठी खूप फायदेशीर आहे , पचनासाठी ते चांगले आहे","ओवा भाजी बनवण्यासाठी उपयुक्त अशी एक वनस्पती आहे, आपल्या पोटासाठी खूप फायदेशीर आहे, पचनासाठी ते चांगले आहे."
46,724965,D1,Banking,25.0,दोन बायकांका आपला एकत्र खाता उघडूच्यासाठी आपली ओळखपत्रा आणि पत्त्याची म्हायती बँकेच्या शाखेत जमा करुची असतत,दोन पत्नी आपले एकत्र खाते उघडण्यासाठी आपली ओळखपत्रे आणि पत्त्याची माहिती बँकेच्या शाखेत जमा करायची आहे.
47,715541,D2,Agriculture,27.8,"चारा मासे पकडणे , फ्लाय फिशिंग , चारा कास्टिंग आणि ट्रोलिंग मासे पकडण्याच्या पद्धती आहेत","चारा मासे पकडणे, फ्लाय फिशिंग, चारा कास्टिंग आणि ट्रोलिंग मासे पकडण्याच्या पद्धती आहेत."
48,724430,D4,Banking,24.5,"गारपीट , दुष्काळ आणि पूर यांसारख्या नैसर्गिक आपत्तींमुळे होणाऱ्या नुकसानीपासून संरक्षण करण्यासाठी पीक विमा आहे","गारपीट, दुष्काळ आणि पूर यांसारख्या नैसर्गिक आपत्तींमुळे होणाऱ्या नुकसानीपासून संरक्षण करण्यासाठी पीक विमा आहे."
49,724971,D1,Agriculture,24.933,"मगरांच्या शेतीत कायमेन पॉक्स , एडेनोवायरल हिपॅटायटीस , मायको प्लास्मोसिस आणि क्लेमायडिओसिस सारखे धोके आसतत","मगरांच्या शेतीत कोविड पॉक्स, ॲडेनोवायरल हेपेटायटिस, मायकोप्लास्मोसिस आणि क्लेमायडिओसिस सारखे धोके आहेत."
50,717866,D2,Agriculture,27.5,जास्त उत्पादन शेणखतापासून मिळते कि रासायनिक खतापासून ? त्याची माहिती द्या,जास्त उत्पादन शेणखतापासून मिळते की रासायनिक खतापासून? त्याची माहिती द्या
51,724275,D4,Agriculture,24.429,हवामानात होनाऱ्या मोठ्या बदलाले हायब्रीड बियाने जुमानत नाय अन रोग भी होऊ देत नाय,हवामानातील मोठ्या बदलांमुळे हायब्रीड बियाणे जुमानत नाहीत आणि रोगही होऊ देत नाहीत
52,724887,D1,Banking,24.929,संसद सदस्य स्थानीय क्षेत्र विकास योजनेतना खासदार आपल्या जिल्ह्याच्या विकासासाठी आपल्या निधितना पैशे लावतत,संसद सदस्य आणि खासदार आपल्या जिल्ह्याच्या विकासासाठी आपल्या निधिताचे पैसे लावत आहेत
53,724762,D2,Banking,27.433,डिजिटल माध्यमाने व्यक्तीला कुठलाही पैसा खर्च केल्याशिवाय व्हाट्सअप व फेसबुक च्या माध्यमाने प्रचाराची सोय आहे,डिजिटल माध्यमांनी व्यक्तीला कोणताही पैसा खर्च केल्याशिवाय व्हॉट्सॲप व फेसबुकच्या माध्यमातून प्रचाराची सोय आहे
54,724469,D4,Agriculture,24.367,"क्लास इंडिया ट्रॅक्टर्स , कम्बाइन हार्वेस्टर , चारा हार्वेस्टर मध्ये टेलीहँडलरपर्यंत शेतीची यंत्र सामग्री होय","क्लास इंडिया ट्रॅक्टर्स, कम्बाइन हार्वेस्टर, चारा हार्वेस्टर मध्ये टेलीहँडलरपर्यंत शेतीची यंत्र सामग्री होय"
55,708675,D1,Agriculture,24.5,शेती आणि पशुधन उत्पादकांका इकुच्या आधी होणाऱ्या कृषि किंवा शेतीच्या कामांका प्रीहार्वेस्ट बोलतत,शेती आणि पशुधन उत्पादकांकाच्या आधी होणाऱ्या कृषी किंवा शेतीच्या कामांबद्दल प्रीहार्वेस्ट बोलत आहे.
56,713173,D2,Agriculture,27.367,"मातीनी प्रतवारी , सुपिकताना अभ्यास मातीना भौतिक , रासायनिक आणि जैविक गुणधर्मसना अभ्यास वरथून करतस","मातीची प्रतवारी करताना मातीचे भौतिक, रासायनिक आणि जैविक गुणधर्म अभ्यासून केले जातात."
57,724480,D4,Banking,24.312,"पाळीव प्राण्यांच्या विम्याअंतर्गत , पाळीव प्राणी मरण पावल्यास , हरवल्यास , चोरी गेल्यास काही पैसे देतील",पाळीव प्राण्यांच्या विम्याअंतर्गत पाळीव प्राणी मरण पावल्यास हरवल्यास चोरी गेल्यास काही पैसे देतील
58,724929,D1,Agriculture,24.5,अंतर्देशीय मत्स्यपालन ह्या मत्स्यशेती आसा झय माणसाच्या गरजेसाठी मासे टाक्या किंवा तलावांमध्ये वाढवले जातत,अंतर्देशीय मत्स्यपालन ह्या मत्स्यशेती माणसाच्या गरजेसाठी मासे टाक्या किंवा तलावांमध्ये वाढवले जाते.
59,713425,D2,Agriculture,27.0,"पानीना तलाव बनाडीसन त्यानामा मासा पायता येतस , हायी मासानी शेती चांगली कमाई काढी देस","पाणीत तलाव बनवल्यास त्यातून मासे पकडता येतात, या महिन्यात शेतीतून चांगली कमाई करता येईल."
60,718834,D4,Agriculture,24.0,"कृषी भौतिक शास्त्र पासून वनस्पतींचा विकास , अनुवांशिक गुणधर्म इ चा माहिती भेटते",कृषी भौतिक शास्त्रातून वनस्पतींच्या विकासाचे आणि अनुवांशिक गुणधर्मांचे माहिती मिळते
61,724961,D1,Agriculture,24.5,खतातील नायट्रोजन गुंतागुंतीच्या प्रक्रियेतून ऊर्जेच्या निर्मितीसाठी हायड्रोजन ह्या वायूची पूर्तता होता,खतातील नायट्रोजन गुंतागुंतीच्या प्रक्रियेतून ऊर्जेच्या निर्मितीसाठी हायड्रोजन वायूची पूर्तता होते.
62,714736,D2,Agriculture,27.0,"तलाव , पाणीन्या टाक्या यासमा वाढेल मासासपक्सा समुद्रीशेतीमझारला मासा चांगला दर्जाना राहतस","तलाव आणि पाण्याच्या टाक्यांमध्ये वाढेल, त्यामुळे समुद्री शेतीमझारला चांगल्या दर्जाचे मासे मिळतील."
63,721572,D4,Agriculture,24.0,विशेषत औद्योगिक किंवा औषधी वापरासाठी उगवलेल्या कॅनॅबिस सॅटिवा जातींचा वनस्पतिशास्त्रीय वर्ग आहे,विशेषतः औद्योगिक किंवा औषधी वापरासाठी उगवलेल्या कॅनॅबिस सॅटिवा जातींचा वनस्पतिशास्त्रीय वर्ग आहे
64,724925,D1,Banking,24.5,आर्थिक अर्थशास्त्र ह्या अर्थ शास्त्राची शाखा असा ज्या मौद्रिक क्रियाकलापांवर एकाग्रता द्वारा दर्शविला जाता,आर्थिक अर्थशास्त्र हे अर्थशास्त्राची शाखा आहे ज्यामध्ये मौद्रिक क्रियाकलापांवर एकाग्रताद्वारे दर्शविले जाते.
65,724674,D2,Banking,27.0,"घर , ऑटोमोबाईल आणि ट्रेलर्स यानी सारख्या म्हाग्या वापरत्या वस्तूनीकरता गुंतवणूक ना ईचार सगळास्मा जास्त करेल शे","घर, ऑटोमोबाईल आणि ट्रेलर्स सारख्या जुन्या वस्तू वापरण्यासाठी गुंतवणूक नाहीचार सगळं मला जास्त करेल."
66,724406,D4,Banking,24.0,दिवाळखोरीची प्रक्रिया यशस्वीरित्या पूर्ण झाल्यास कर्जदाराला कर्जाच्या जबाबदार्या पासून मुक्तता मिळते,दिवाळखोरीची प्रक्रिया यशस्वीरित्या पूर्ण झाल्यास कर्जदाराला कर्जाच्या जबाबदारीपासून मुक्ती मिळते
67,707097,D1,Banking,24.214,"स्थिर मालमत्ता , ज्याका दीर्घायुषी मालमत्ता , मूर्त मालमत्ता किंवा मालमत्ता अस सुद्धा म्हणतत","स्थिर मालमत्ता म्हणजे दीर्घायुषी मालमत्ता, मूर्त मालमत्ता किंवा मालमत्ता असेही म्हटले जाते."
68,713669,D2,Agriculture,27.0,मासा पानीना वरला भागमा बागेबागे झेपी रायना व्हयी ते समजी लेवो मासाले काहीतरी रोग व्हयेल शे,"पाणीचा वरचा भाग बागेबागेत आहे, ते समजून घ्या की माशांना काहीतरी रोग येईल."
69,724355,D4,Agriculture,24.0,व्हॅक्यूमचा वापर लहान व्यासाच्या नळीच्या माध्यमातून कॅनमध्ये दूध अनुलंबपणे उंच करण्यासाठी केला जातो,व्हॅक्यूमचा वापर लहान व्यासाच्या नळीच्या माध्यमातून कॅनमध्ये दूध अनुलंबपणे उंच करण्यासाठी केला जातो.
70,710308,D1,Agriculture,24.0,पारंपारिक कृषी विकास योजनेच्या माध्यमातना शेतकऱ्यांका सेंद्रीय शेती करुसाठी प्रोत्साहित केला जाता,पारंपारिक कृषी विकास योजनेच्या माध्यमातून शेतकऱ्यांना सेंद्रीय शेती करण्यासाठी प्रोत्साहित केले जाते.
71,724770,D2,Agriculture,26.5,"पाळीव प्राण्यांमध्ये माणसांसोबत निवडक जाती , अनुवंशिक रुपाने पिढ्या पिढ्यांपासून अनुकूलित केल्या गेल्या आहे",पाळीव प्राण्यांमध्ये माणसांसोबत निवडक जाती अनुवंशिक रुपाने पिढ्या पिढ्यांपासून अनुकूलित केल्या गेल्या आहेत.
72,724371,D4,Agriculture,24.0,अग्रोइकोलॉजीच्या विज्ञानामुळे बहुसंख्येने सेंद्रिय शेतीमध्ये वापरल्या जाणाऱ्या पॉलीकल्चरचा विकास झाला आहे,अग्रोइकोलॉजीच्या विज्ञानामुळे बहुसंख्येने सेंद्रिय शेतीमध्ये वापरल्या जाणाऱ्या पॉलीकल्चरचा विकास झाला आहे
73,706737,D1,Banking,24.0,स्पॉट मार्केटात आर्थिक साधना किंवा वस्तूंची तात्काळ वितरणासाठी खरेदी विक्री केली जाता,स्पॉट मार्केटात आर्थिक साधना किंवा वस्तूंचे तात्काळ वितरणासाठी खरेदी-विक्री केले जाते.
74,724739,D2,Agriculture,26.5,राणी माखीना गैरहजरीमा कार्यकर्ता माख्या या मव्हायमा अंडी घालान काम करथिस पन वा अंडाम्हाईन जीव व्हत नै,राणी माखीना गैरहजरीमा कार्यकर्ता माख्या या माझ्यामा अंडी घालणे काम करत आहेत पण त्यांचे जीवन किती आहे?
75,724375,D4,Agriculture,23.944,"कोडागु हा कर्नाटकातील सर्वात मोठा कॉफी उत्पादक प्रदेश आहे , जो राज्यातील एकूण कॉफीचे पन्नास टक्के जास्त आहे","कोडागु हा कर्नाटकातील सर्वात मोठा कॉफी उत्पादक प्रदेश आहे, जो राज्यातील एकूण कॉफीचे पन्नास टक्के जास्त आहे."
76,709832,D1,Agriculture,24.0,कापणेच्या येळाक गुरा ढोरांका जो चारो लागतां त्याका कापणी यंत्रासून धान्यापासून येगळा केला जाता,"कापणेच्या येळाला पुरेसे लागता, तर त्या धान्यापासून कापणी यंत्राने येगळा केला जातो."
77,724680,D2,Banking,26.438,"कर माफी करदात्यांच्या निर्दिष्ट समूहासाठी एका ठरवलेल्या रकमेचे पेमेंट करण्याकरिता , एका ठराविक वेळेची संधी आहे",कर माफी करदात्यांच्या निर्दिष्ट समूहासाठी एका ठरवलेल्या रकमेचे पेमेंट करण्याकरिता एका ठराविक वेळेची संधी आहे
78,722455,D4,Agriculture,23.938,बास्ट फायबर हा एक वनस्पती फायबर आहे जो काही द्विगुणित वनस्पतीं च्या देठापासून गोळा केला जातो,बास्ट फायबर हा एक वनस्पती फायबर आहे जो काही द्विगुणित वनस्पतींच्या देठापासून गोळा केला जातो
79,710529,D1,Agriculture,24.0,आता हवामान शास्त्रज्ञांका खयच्या पण क्षेत्रासाठी हवामानाचो अंदाज लावणा सोप्या झाला हा,आता हवामान शास्त्रज्ञांच्या क्षेत्रासाठी हवामानाचा अंदाज लावणे सोपे झाले आहे.
80,713352,D2,Agriculture,26.433,"शेती मायना , पिकपानीना , गुरेढोरेस्ना अभ्यास करनारा शास्त्रज्ञ शेतीना ईकास करता धडपड करी हायनात","शेती, पिकपानी आणि गुरेढोरे यांचा अभ्यास करणारा शास्त्रज्ञ शेतीसाठी कष्ट करतो आहे."
81,724515,D4,Agriculture,23.938,"माशांच्या प्रजननासाठी रोगांचा सामना करण्यासाठी आहार , शंख , लसींचा पर्यायी स्रोत विकसित केला जाऊ शकतो","माशांच्या प्रजननासाठी रोगांचा सामना करण्यासाठी आहार, शंख आणि लसींचा पर्यायी स्रोत विकसित केला जाऊ शकतो."
82,709498,D1,Banking,24.0,"पारिवारिक , वैयक्तिक किंवा कोणत्या समुहाचे रोजचे व्यवहार आणि खरेदी विक्री सूक्ष्म अर्थशास्त्रात येता","पारिवारिक, वैयक्तिक किंवा कोणत्या समुहाचे रोजचे व्यवहार आणि खरेदी विक्री सूक्ष्म अर्थशास्त्रात येतात."
83,714137,D2,Banking,26.0,आर्थिक योजनाना बारामा जास्ती माहिती पॉलिसी बजारनी वेबसाइटवर भेटी जास,आर्थिक योजनांची अधिक माहिती पॉलिसी बाजारात वेबसाइटवर घ्या.
84,718871,D4,Agriculture,23.923,हवामान एखाद्या ठिकाणाच्या किंवा देशातील कोणत्याही वेळी किंवा काही दिवसांच्या हवामानाचा संदर्भ देते,हवामान एखाद्या ठिकाणाच्या किंवा देशातील कोणत्याही वेळी किंवा काही दिवसांच्या हवामानाचा संदर्भ देते
85,725004,D1,Banking,24.0,"योजनांच्या माध्यमातून अनुसूचित जाती , जनजाति आणि मागास वर्गाच्या लेकींसाठी शिक्षण उपलब्ध करून दिला जाता","योजनांच्या माध्यमातून अनुसूचित जाती, जनजाति आणि मागास वर्गाच्या मुलांसाठी शिक्षण उपलब्ध करून दिले जाते."
86,715933,D2,Agriculture,26.0,मत्स्य व्यवसाय व्यवस्थापन ही अशी प्रक्रिया आहे जी खूप जास्त मासे पकडणे पासून थांबवते,मत्स्य व्यवसाय व्यवस्थापन ही अशी प्रक्रिया आहे जी खूप जास्त मासे पकडणे थांबवते.
87,719463,D4,Agriculture,23.5,"कॉर्कोरस वंशातील फुलांच्या वनस्पतीं पासून ताग तयार केला जातो , जो माल्व्हेसी कुटुंबातील आहे","कॉर्कोरस वंशातील फुलांच्या वनस्पतींपासून ताग तयार केला जातो, जो माल्व्हेसी कुटुंबातील आहे."
88,724997,D1,Banking,24.0,इंटरनेट बँकिंग सेवेतसून गिराईक संबंधित बँकेच्या कोणत्याही वेळेक झालेल्या ट्रांजेक्शन ची माहिती मिळवू शकता,इंटरनेट बँकिंग सेवेतून संबंधित बँकेच्या कोणत्याही वेळेत झालेल्या ट्रान्झॅक्शनची माहिती तुम्ही मिळवू शकता
89,724665,D2,Banking,26.0,"माझ्या घरातील मी एकटाच कमावती व्यक्ती असून माझे मासिक उत्त्पन्न नऊ हजार आहे , तर मला कर्ज मिळू शकते का ?","माझ्या घरातील मी एकटाच कमाई करणारी व्यक्ती असून माझे मासिक उत्पन्न नऊ हजार आहे, तर मला कर्ज मिळू शकते का?"
90,719820,D4,Agriculture,23.5,कोळंबीला माशांची प्रजाती नसली तरी पाण्यात अस्तित्व असल्याने त्याला बोलक्या भाषेत मासे असे म्हणतात,कोळंबीला माशांची प्रजाती नसली तरी पाण्यात अस्तित्व असल्याने त्याला बोलक्या भाषेत मासे असे म्हणतात
91,725002,D1,Agriculture,23.882,"भारतात पुश कृषी पद्धती ही बागायती , जिरायती कृषी वनस्पति शास्त्र शास्त्र आणि खुपशा गोष्टींवर आधारित असता","भारतात कृषी पद्धती बागायती, जिरायती कृषी वनस्पति शास्त्र आणि अनेक गोष्टींवर आधारित आहेत."
92,724811,D2,Agriculture,26.0,वनस्पतींच्या हजारो प्रजातींपैकी प्रत्येकासाठी वेगवेगळ्या ट्रिगर्ससह सुमारे शंभर रोग अस्तित्वात आहेत,वनस्पतींच्या हजारो प्रजातींपैकी प्रत्येकासाठी वेगवेगळ्या ट्रिगर्ससह सुमारे शंभर रोग अस्तित्वात आहेत
93,724426,D4,Agriculture,23.5,भिंतीवर आच्छादन आणि घराच्या सामानासाठी वापरल्या जाणाऱ्या हलक्या वजनाच्या बॅग रॅपरमध्ये ज्यूटचा वापर केला जातो,भिंतीवर आच्छादन आणि घराच्या सामानासाठी वापरल्या जाणाऱ्या हलक्या वजनाच्या बॅग रॅपरमध्ये ज्यूटचा वापर केला जातो
94,707513,D1,Agriculture,23.8,जगभर मानवी संस्कृतीचा जो इकास झालेलो आसा तो कोणत्या ना कोणत्या नदीयेच्या काठी झालेलो आसा,जगभरातील मानवी संस्कृतीचे अस्तित्व कोणत्या ना कोणत्या नदीच्या काठी झाले आहे.
95,724647,D2,Agriculture,25.944,जमीन सुपिक राहण्यासाठी व पीक चांगले येण्यासाठी कोणते खत वापरावे ? जमिनीत कोणत्या प्रकारचे माती मिश्रण करावे ?,जमीन चांगली राहण्यासाठी आणि पीक चांगले येण्यासाठी कोणते खत वापरावे? जमिनीत कोणत्या प्रकारचे माती मिश्रण करावे?
96,724435,D4,Agriculture,23.5,राज्य सरकारने विहित केल्याप्रमाणे मच्छिमार हे मच्छिमारांच्या राष्ट्रीय कल्याणकारी योजनेचे लाभार्थी आहेत,राज्य सरकारने विहित केल्याप्रमाणे मच्छिमार हे मच्छिमारांच्या राष्ट्रीय कल्याणकारी योजनेचे लाभार्थी आहेत
97,708174,D1,Banking,23.5,आपला उत्पादन जास्तीत जास्त खपवच्या साठी डिजिटल आणि सोशल मीडिया मार्केटिंग केला जाता,आपले उत्पादन जास्तीत जास्त डिजिटल आणि सोशल मीडिया मार्केटिंगसाठी केले जाते.
98,724671,D2,Banking,25.929,सुक्ष्म कर्ज योजना मा सुक्ष्म क्रेडीट समाविष्ट ह्रास ज्यानामाईन धाकल्ला उद्योगधंदास्ले पैसा पुरवठा व्हस,सूक्ष्म कर्ज योजना आणि सूक्ष्म क्रेडिट समाविष्ट ह्रास यामुळे धाकल्ला उद्योगधंदांचे पैसा पुरवठा होतो.
99,724396,D4,Banking,23.5,बँक नियमन बँकिंग संस्था आणि कॉर्पोरेशन यांच्यात बाजारपेठेतील पारदर्शकता निर्माण करण्यासाठी डिझाइन केलेले आहे,बँक नियमन बँकिंग संस्था आणि कॉर्पोरेशन यांच्यात बाजारपेठेतील पारदर्शकता निर्माण करण्यासाठी डिझाइन केलेले आहे
100,706800,D1,Banking,23.5,"देणगी ह्या धर्मादाय , मानवतावादी मदत किंवा एखाद्यो कारणासाठी फायद्यासाठी दिलेली भेट असा","देणगी ही धर्मादाय, मानवतावादी मदत किंवा एखाद्या कारणासाठी फायद्यासाठी दिलेली भेट असते."
101,713075,D2,Banking,25.875,आपले माहित शे का सामान्य स्टॉक एक सुरक्षा शे जो एक महामंडळ ना मालकिनं प्रतिनिधित्व करस,आपले माहीत सामान्य स्टॉक एक सुरक्षा संस्था म्हणून एक महामंडळ प्रतिनिधित्व करते का?
102,724338,D4,Banking,23.326,"मीन ऑनलाईन पैसे दिले , ते माया खात्यातून कटले , पण पेमेंट झाल नायं , ते पैसे मले कितीक दिवसात वापस भेटन ?","मी ऑनलाइन पैसे दिले, ते माझ्या खात्यातून कापले गेले, पण पेमेंट झाले नाही, ते पैसे मला किती दिवसात परत मिळतील?"
103,710325,D1,Agriculture,23.5,प्रागैतिहासिक काळापासना माणूस मांसासाठी जानवरांची शिकार आणि हत्या करत इलो हा,प्रागैतिहासिक काळात माणूस मांसासाठी जनावरांची शिकार आणि हत्या करत होता.
104,724797,D2,Agriculture,25.5,"उन्हाळी , पावसाळी आणि हिवाळी पिकांमध्ये मुख्यत्वेकरून मार्च ते जून पर्यंत येणारी पिके ही थोड्या कालावधीत येतात","उन्हाळी, पावसाळी आणि हिवाळी पिकांमध्ये मुख्यत्वेकरून मार्च ते जून पर्यंत येणारी पिके थोड्या कालावधीत येतात."
105,718739,D4,Banking,23.0,तुम्हाला माहिती आहे का की क्रेडिट विमा कंपन्यांना ग्राहकांच्या न भरण्यापासून संरक्षण देतो,तुम्हाला माहिती आहे का की क्रेडिट विमा कंपन्या ग्राहकांच्या न भरण्यापासून संरक्षण देतात
106,709181,D1,Agriculture,23.5,"मास्तरानू पश्चिम बंगाल , बिहार आणि तेलंगणा मध्ये भाताची शेती जास्त होता","पश्चिम बंगाल, बिहार आणि तेलंगणांमध्ये भाताची शेती जास्त होती."
107,716195,D2,Agriculture,25.0,शेतीच्या जमिनीसाठी खूप जास्त रासायनिक खतांच्या वापराने मातीची आम्लता वाढते,शेतीच्या जमिनीसाठी खूप जास्त रासायनिक खतांच्या वापराने मातीची आम्लता वाढते
108,720542,D4,Agriculture,23.0,"बटाटा उत्पादनात , नेमाटीसाईड मातीमध्ये उत्पादित नेमाटोड नियंत्रित करण्यासाठी केले जाते",बटाटा उत्पादनात नेमाटीसाईड मातीमध्ये उत्पादित नेमाटोड नियंत्रित करण्यासाठी केले जाते
109,724922,D1,Banking,23.438,"स्रोत किंवा वित्त स्रोत , व्यवसायाक त्यांचो व्यावसायिक क्रियाकलापासाठी निधी कोठून पैसो मिळता याचा संदर्भ घेता",स्रोत किंवा वित्त स्रोत व्यवसायाच्या व्यावसायिक क्रियाकलापांसाठी निधी कोठून मिळतो याचा संदर्भ घ्यावा.
110,712954,D2,Agriculture,25.0,भाला मासामारी हायी जुना कायमाधली मासा पकडानी पद्धत शे,भाला मासेमारी आहे जुनी कायमाधली मासा पकडण्याची पद्धत.
111,720057,D4,Agriculture,23.0,फुलांचा लागवड जास्त प्रमाणात करतात आणि त्यांच्यापासून सौंदर्य प्रसाधने तयार केली जातात,फुलांची लागवड जास्त प्रमाणात केली जाते आणि त्यांच्यापासून सौंदर्यप्रसाधने तयार केली जातात
112,707124,D1,Banking,23.367,कृषी अर्थ शास्त्राची सुरुवात अर्थ शास्त्राची एक शाखा म्हणून झाला ज्या जमिनीच्यो वापराशी संबंधित होता,कृषी अर्थ शास्त्राची सुरुवात अर्थ शास्त्राची एक शाखा म्हणून झाली जी जमिनीच्या वापराशी संबंधित होती
113,724763,D2,Agriculture,25.0,तुम्हाला माहिती आहे का प्रधानमंत्री राजीव गांधी यांच्याद्वारे राष्ट्रीय भूमि उपयोग धोरण तयार केल गेलं ते ?,तुम्हाला माहिती आहे का प्रधानमंत्री राजीव गांधी यांच्याद्वारे राष्ट्रीय भूमि उपयोग धोरण तयार झाले ते?
114,719936,D4,Banking,23.0,सुरक्षित कर्जांपेक्षा असुरक्षित कर्जांमध्ये व्याजदर जास्त असतो हे तुम्हाला माहीत आहे का ?,सुरक्षित कर्जांपेक्षा असुरक्षित कर्जांमध्ये व्याजदर जास्त असतो हे तुम्हाला माहीत आहे का?
115,707727,D1,Banking,23.346,"पाळीव प्राण्यांच्या विम्यामध्ये , विमा कंपनी विमाधारक पाळीव प्राण्यांच्या उपचारासाठी सर्व खर्च देता",पाळीव प्राण्यांच्या विम्यामध्ये विमा कंपनी विमाधारकाला पाळीव प्राण्यांच्या उपचारासाठी सर्व खर्च देते.
116,715304,D2,Banking,25.0,आयात मालावरील जकात एक राजनीतिक सीमेच्या माध्यमातून मालाच्या हालचालींच शुल्क आहे,आयात मालावरील जकात एक राजकीय सीमेच्या माध्यमातून मालाच्या हालचालीचे शुल्क आहे
117,719924,D4,Banking,23.0,"आपणास माहित आहे काय की महामार्ग , पूल किंवा शाळा बांधण्याच्या कामांचे बोंड मुनीसिपालिटी करतो ?","आपणास माहित आहे का की महामार्ग, पूल किंवा शाळा बांधण्याच्या कामांचे बोंड नगरपालिका करते?"
118,706618,D1,Banking,23.0,विद्यार्थ्यांका माध्यमिकोत्तर शिक्षणाकरता पैसो भरण्यास मदत करण्यासाठी विद्यार्थी कर्जा असा,विद्यार्थ्यांना माध्यमिकोत्तर शिक्षणासाठी पैसे भरण्यास मदत करण्यासाठी कर्जाची आवश्यकता आहे.
119,724688,D2,Agriculture,25.0,खाण्याच्या वस्तूंना चांगल्या प्रकारे धुवुन शिजवावं आणि संक्रमणापासून वाचण्यासाठी फ्रीजमध्ये ठेवून द्याव,खाद्य वस्तूंना चांगल्या प्रकारे धुऊन शिजवा आणि संक्रमणापासून वाचण्यासाठी फ्रीजमध्ये ठेवून द्या.
120,724335,D4,Banking,23.0,"मी डेबिट कार्ड वापरतो मले बँकेतून मॅसेज येत नाही , त्यासाठी मोबाईल बँक खात्यासंग जोडनं जरुरी हाय का ?","मी डेबिट कार्ड वापरतो मला बँकेतून मेसेज येत नाही, त्यासाठी मोबाईल बँक खात्याशी जोडणी गरजेची आहे का?"
121,707447,D1,Agriculture,23.0,कुपनलिकांच्या साहाय्याने भातशेती केली जाता ह्या आपण पहिल्या हरित क्रांतीच्या येळेक बघलव,"कुपनलिकांच्या साहाय्याने भातशेती केली गेली, त्यामुळे आपण पहिल्या हरित क्रांतीची वर्षे पाहिली."
122,716062,D2,Agriculture,24.944,राजू तुला माहिती आहे का ? बोराचे झाड खूप जास्त थंडी असली तरी आरामात थंडी सहन करू शकतात,राजू तुला माहिती आहे का? बोराचे झाड खूप जास्त थंडी असली तरी आरामात थंडी सहन करू शकते.
123,724460,D4,Banking,23.0,स्वदेशी शस्त्रास्त्र उद्योगाला बळकटी देण्यासाठी लष्करी बजेटच्या चौसष्ट टक्के रक्कम राखून ठेवण्यात आली होती,स्वदेशी शस्त्रास्त्र उद्योगाला बळकटी देण्यासाठी लष्करी बजेटच्या चौसष्ट टक्के रक्कम राखून ठेवण्यात आली होती
124,710918,D1,Banking,23.0,मार्जिन खात्यासाठी संपार्श्विक खाता किंवा प्रदान केलेल्या सिक्युरिटीज मध्ये रोख जमा केला जाऊ शकता,मार्जिन खात्यासाठी संपार्श्विक खाते किंवा प्रदान केलेल्या सिक्युरिटीजमध्ये रोख जमा केला जाऊ शकतो.
125,724686,D2,Agriculture,24.938,"क्रस्टेशियन वेगवेगळ्या ऑर्थोपेडिक टेक्सोन ची निर्मिती करतात ज्यामध्ये खेकडे , झिंगे , मासे यांचा समावेश असतो","क्रस्टेशियन वेगवेगळ्या ऑर्थोपेडिक टेक्सोनची निर्मिती करतात ज्यामध्ये खेकडे, झिंगे आणि मासे यांचा समावेश असतो."
126,724424,D4,Agriculture,23.0,पेपरमेकिंग युरोपमध्ये लोकप्रिय नव्हती कारण पेपायरस आणि चर्मपत्र यांचे लागवडीयोग्य मातीत जास्त फायदे नव्हते,पेपरमेकिंग युरोपमध्ये लोकप्रिय नव्हते कारण पेपायरस आणि चर्मपत्र यांचे लागवडीयोग्य मातीत जास्त फायदे नव्हते.
127,707932,D1,Agriculture,23.0,"मैद्याचो ग्लायसेमिक इंडेक्स गव्हाच्या पिठापेक्षा जास्त असता , असा सुमित सांगा होतो","मैद्याचा ग्लायसेमिक इंडेक्स गव्हाच्या पिठापेक्षा जास्त असतो, असे सुमित सांगतो."
128,724775,D2,Agriculture,24.933,"बांबु सखालीन मध्ये उत्तरेपासून पन्नास डिग्री उत्तर अक्षांश , पश्चिमेकडून भारत , हिमालयापर्यंत बघायला मिळतात","बांबु सखालीनमध्ये उत्तरेपासून पन्नास अंश उत्तर अक्षांश, पश्चिमेकडून भारत आणि हिमालयापर्यंत दिसतात."
129,724342,D4,Banking,23.0,स्टार्टअप च्या सुरुवातीच्या टप्प्यात गुंतवणूक करणारे खाजगी गुंतवणूकदार आहेत हे तुम्हाला माहीत आहे का ?,स्टार्टअपच्या सुरुवातीच्या टप्प्यात गुंतवणूक करणारे खाजगी गुंतवणूकदार आहेत हे तुम्हाला माहीत आहे का?
130,707531,D1,Agriculture,23.0,"जास्त उन्हाळ्यात आणि पावसाळ्यात मेंढ्यांची पैदास करुची नसता , असा आजी कायम म्हणा","जास्त उन्हाळ्यात आणि पावसाळ्यात मेंढ्यांची पैदास होऊ शकत नाही, असा आजी कायम म्हणत असे."
131,716166,D2,Banking,24.923,शेअर ची किंमत जास्त वाढल्याने किंवा जास्त घटल्याने पण बाजार जोखमीची उत्पत्ती होते,शेअरची किंमत जास्त वाढल्याने किंवा जास्त घटल्याने बाजार जोखमीची उत्पत्ती होते
132,724372,D4,Agriculture,23.0,मधाच्या बॅक्टेरियाच्या वाढीस प्रतिबंध करणारा पदार्थ आणि अँटिऑक्सिडेंट गुणधर्मांमुळे लोक औषधांमध्ये वापरले जाते,मधाच्या बॅक्टेरियाच्या वाढीस प्रतिबंध करणारा पदार्थ आणि अँटिऑक्सिडेंट गुणधर्मांमुळे लोक औषधांमध्ये वापरले जाते
133,707897,D1,Agriculture,23.0,"माझ्या मित्राने म्हायती दिल्यानं हा की , गदा मसालो ह्यो भारतातल्या मसाल्यांमध्ये सर्वात महाग आसा",माझ्या मित्राने माहिती दिल्याने हे गदा मसाले भारतातील मसाल्यांमध्ये सर्वात महाग आहेत.
134,714707,D2,Banking,24.923,जास्त दिनना करता पैसा एखांदी स्कीममा गुताडात ते जोखीम जास्त का कमी रहास,जास्त दिवस करून पैसा एखाद्या योजनेत गुंतवल्यास ती जोखीम का कमी झाली?
135,724341,D4,Banking,22.933,तुम्हाला माहीत आहे का स्टँडअप इंडियाचे उद्दिष्ट उद्योजक निर्माण करणे आणि त्यांना प्रोत्साहन देणे आहे,तुम्हाला माहीत आहे का स्टँडअप इंडियाचे उद्दिष्ट उद्योजक निर्माण करणे आणि त्यांना प्रोत्साहन देणे आहे
136,710641,D1,Agriculture,23.0,कोकोच्या लगद्यापासून बिये वेगळे करून वाळवले जातत आणि नंतर त्यापासून कोको पावडर तयार केली जाता,कोकोच्या लगद्यापासून वेगळे करून वाळवले जाते आणि नंतर त्यापासून कोको पावडर तयार केली जाते
137,718148,D2,Banking,24.909,विमा कंपनीच्या उत्तरदायित्वापेक्षा विमा कंपनीची मालमत्ता किती रुपयांनी जास्त असावी ?,विमा कंपनीच्या उत्तरदायित्वापेक्षा विमा कंपनीची मालमत्ता किती रुपयांनी जास्त असावी?
138,724501,D4,Agriculture,22.933,आजकाल वैज्ञानिक वनस्पतीं च्या इतर प्रकारांना एका प्रकारच्या वनस्पतीं मध्ये जोडण्याच्या पद्धती विकसित करीत आहेत,आजकाल वैज्ञानिक वनस्पतींच्या इतर प्रकारांना एका प्रकारच्या वनस्पतींमध्ये जोडण्याच्या पद्धती विकसित करीत आहेत.
139,724881,D1,Banking,23.0,खयची पण व्यक्ती किंवा समुहाकडुन आपल्यो सेवा आणि उत्पादना विकुसाठी शोधलेल्या बाजाराक लक्षित बाजार म्हणतत,प्रत्येक व्यक्ती किंवा समुदायाकडून आपल्या सेवा आणि उत्पादने विकण्यासाठी शोधलेल्या बाजाराला लक्ष्य बाजार म्हणतात.
140,724701,D2,Banking,24.875,"विमा करणारा नाव लावलेल्या लाभार्थीला , विमा केलेल्या व्यक्तीचा मृत्यू झाल्यास , पैसे देण्याचे वचन देतो",विमा करणारा नाव लावलेल्या लाभार्थीला विमा केलेल्या व्यक्तीचा मृत्यू झाल्यास पैसे देण्याचे वचन देतो
141,720304,D4,Agriculture,22.846,मृदा कंडिशनर हे माती सुधारणा किंवा मातीच्या परिस्थितीत माती सुधारणा म्हणून मानले जातात,मृदा कंडिशनर हे माती सुधारणा किंवा मातीच्या परिस्थितीत माती सुधारणा म्हणून मानले जातात
142,724855,D1,Banking,23.0,कस्तुरबा गांधी बालिका विद्यालय ह्या भारत सरकारद्वारा चालवलो जाणारी निवासी मुलींकरता माध्यमिक शाळा असा,कस्तुरबा गांधी बालिका विद्यालय हे भारत सरकारद्वारे चालवले जाणारे निवासी मुलींचे माध्यमिक विद्यालय आहे.
143,715046,D2,Banking,24.5,पैसा कोणत्या वस्तुवर खर्च केला जातोय हे माहित करून घेण्यासाठी मी माझ खाते नियंत्रित केले,पैसा कोणत्या वस्तूंवर खर्च केला जातो हे जाणून घेण्यासाठी मी माझे खाते नियंत्रित केले
144,723642,D4,Banking,22.5,सामाजिक क्षेत्र योजनेची जास्त मायती भेटासाठी टोल फ्री नंबर हाय का ?,सामाजिक क्षेत्र योजनेची जास्त माहिती भेटण्यासाठी टोल फ्री नंबर आहे का?
145,724977,D1,Banking,23.0,येगयेगळ्या एजेंसी आणि संस्था एक दुसर्याशी कशे जोडलेले हत तेचा अभ्यास आर्थिक प्रणालींच्या अभ्यासात येता,येगयेगळ्या एजन्सी आणि संस्था एकमेकांशी कसे जोडलेले आहेत याचा अभ्यास आर्थिक प्रणालींच्या अभ्यासात येतो.
146,724661,D2,Agriculture,24.5,"तांदळाच्या जाती किती आहेत , नाशिक जिल्ह्यात सर्वात जास्त कोणत्या जातीच्या तांदळाचे उत्पादन घेतले जाते ?","तांदळाच्या किती जाती आहेत, नाशिक जिल्ह्यात कोणत्या जातीच्या तांदळाचे उत्पादन सर्वात जास्त घेतले जाते?"
147,719427,D4,Banking,22.5,भारत सरकारने विद्यार्थी कर्जासाठी पाच बँकांच्या सहकार्याने विद्या लक्ष्मी योजनाही सुरू केली आहे,भारत सरकारने विद्यार्थ्यांसाठी कर्जासाठी पाच बँकांच्या सहकार्याने विद्या लक्ष्मी योजनाही सुरू केली आहे
148,724838,D1,Banking,23.0,"स्टॉक मार्केट ह्या खरेदीदार , विक्रेता यांचो एकत्रीकरण असा जा व्यवसायावरल्या मालकी हक्कांचा प्रतिनिधित्व करता","स्टॉक मार्केट हे खरेदीदार आणि विक्रेत्यांचे एकत्रीकरण आहे, जे व्यवसायावरील मालकी हक्कांचे प्रतिनिधित्व करते."
149,724765,D2,Agriculture,24.5,"दोन चाकाच्या ट्रॅक्टर चा उपयोग छोटे शेतकरी , तसेच धान्याची शेती करणाऱ्या शेतकऱ्यांन द्वारे जास्त केला जातो",दोन चाकाच्या ट्रॅक्टरचा उपयोग छोटे शेतकरी तसेच धान्याची शेती करणाऱ्या शेतकऱ्यांकडून जास्त केला जातो.
150,722118,D4,Agriculture,22.5,हृदयरोगापासून वाचण्यासाठी डॉक्टरांनी मला तुटलेल्या गव्हाचे सेवन करण्याचा सल्ला दिला आहे,हृदयरोगापासून वाचण्यासाठी डॉक्टरांनी मला तुटलेल्या गव्हाचे सेवन करण्याचा सल्ला दिला आहे
151,708037,D1,Banking,23.0,व्ही सी निर्णयांवर परिणाम करणारे घटक म्हणजे व्यवसायाची परिस्थिती आणि कामाक प्राधान्य देणा ही आसात,व्ही सी निर्णयांवर परिणाम करणारे घटक म्हणजे व्यवसायाची परिस्थिती आणि कामाला प्राधान्य देणे हेच आहे.
152,724803,D2,Banking,24.429,सामाजिक उद्योजकता असलेल्या संकल्पनेला विविध आकाराचे उद्देश आणि विश्वास असलेल्या संघटनांना लागू केले जाते,सामाजिक उद्योजकता असलेल्या संकल्पनेला विविध आकाराचे उद्देश आणि विश्वास असलेल्या संघटनांना लागू केले जाते
153,724467,D4,Agriculture,22.5,सामाजिक दृष्टीकोन शेती केलेल्या समुद्री प्राण्यांमध्ये मानवी प्रथा आणि नियमांच्या गरजेवर परिणाम करतात,सामाजिक दृष्टीकोन शेती केलेल्या समुद्री प्राण्यांमध्ये मानवी प्रथा आणि नियमांच्या गरजेवर परिणाम करतात
154,724917,D1,Banking,22.933,अति गुंतवणूक म्हणजे एखाद्यो मालमत्तेत खुल्यो बाजारात जितकी किंमत आसा त्याहुन जास्त गुंतवणूक करुची पद्धत,अति गुंतवणूक म्हणजे एखाद्या मालमत्तेत खुल्या बाजारात जी किंमत आहे त्याहून जास्त गुंतवणूक करण्याची पद्धत
155,724810,D2,Agriculture,24.429,कृषी अर्थशास्त्राची सुरुवात अर्थशास्त्राची एक शाखा म्हणून झाली जी विशेषता जमिनीच्या वापराशी संबंधित होती,कृषी अर्थशास्त्राची सुरुवात अर्थशास्त्राची एक शाखा म्हणून झाली जी जमिनीच्या वापराशी संबंधित होती
156,724506,D4,Banking,22.5,"भारतात , विद्या लक्ष्मी नावाचे इंटरनेट पोर्टल वर्ष दोन हजार पंधरा मध्ये विद्यार्थी कर्जासाठी तयार केले गेले",भारतात विद्या लक्ष्मी नावाचे इंटरनेट पोर्टल वर्ष दोन हजार पंधरा मध्ये विद्यार्थी कर्जासाठी तयार केले गेले
157,707288,D1,Banking,22.929,अटल पेन्शन योजनेंतर्गत येणाऱ्या ग्राहकाची मासिक पेन्शन आधी त्येका मागे त्येच्या बायकोक दिली जाता,अटल पेन्शन योजनेअंतर्गत येणाऱ्या ग्राहकाची मासिक पेन्शन आधी त्यांच्या मागे त्यांच्या बायकोला दिली जाते.
158,717120,D2,Agriculture,24.423,"कृषी विज्ञानामध्ये वनस्पती शरीरविज्ञान , हवामानशास्त्र , मृदा विज्ञान या संशोधनाचा समावेश होतो","कृषी विज्ञानामध्ये वनस्पती शरीरविज्ञान, हवामानशास्त्र आणि मृदा विज्ञान या संशोधनाचा समावेश होतो."
159,724457,D4,Banking,22.5,वास्तविक भांडवल भौतिक मालमत्ता सारख्या कारखान्यांमध्ये गुंतवणूक व्यवसाय हा एकूण भांडवली परिव्ययाचा एक भाग आहे,वास्तविक भांडवल भौतिक मालमत्ता सारख्या कारखान्यांमध्ये गुंतवणूक व्यवसाय हा एकूण भांडवली परिव्ययाचा एक भाग आहे
160,710032,D1,Banking,22.929,मार्केट टू मार्केट अशी सुविधा असा जेच्यात दिवसाच्या शेवटी फायद्या तोट्याची माहिती दिली जाता,मार्केट टू मार्केट अशी सुविधा आहे ज्यात दिवसाच्या शेवटी फायद्या तोट्याची माहिती दिली जाते.
161,716582,D2,Banking,24.0,इबानीने यापूर्वी बँक खाते ओळखण्यासाठी विविध राष्ट्रीय मानकांसह वापरकर्त्यांना गोंधळात टाकले होते,इबानीने यापूर्वी बँक खाते ओळखण्यासाठी विविध राष्ट्रीय मानकांसह वापरकर्त्यांना गोंधळात टाकले होते
162,724388,D4,Banking,22.5,आंशिक मालक असण्याच्या अपेक्षेने एखाद्या व्यक्ती द्वारे नवीन एंटरप्राइझच्या निर्मितीमध्ये गुंतलेली प्रक्रिया,आंशिक मालक असण्याच्या अपेक्षेने एखाद्या व्यक्तीद्वारे नवीन एंटरप्राइझच्या निर्मितीमध्ये गुंतलेली प्रक्रिया
163,724883,D1,Agriculture,22.929,त्याच्या मुळात गाठी असतत त्याच्या संयुक्त पानाच्या शेजारील काही पानांचा रूपांतर प्रोट्युबरन्स मध्ये होता,त्याच्या मुळात गाठी असतत त्याच्या संयुक्त पानांच्या शेजारील काही पानांचा रूपांतर प्रोट्युबरन्समध्ये होता
164,715383,D2,Banking,24.0,एस.बी.आय ने ही सुविधा त्याच्या ग्राहकांना कोविड नाईनटिन महामारी पासून वाचण्यासाठी दिली आहे,एस.बी.आयने ही सुविधा त्याच्या ग्राहकांना कोविड-१९ महामारीपासून वाचवण्यासाठी दिली आहे
165,724418,D4,Banking,22.5,"मी पंतप्रधान सुरक्षा विमा देखील घेतला आहे , ज्यासाठी माझ्या खात्यातून वर्षभरात फक्त बारा रुपये कापले जातात","मी पंतप्रधान सुरक्षा विमा देखील घेतला आहे, ज्यासाठी माझ्या खात्यातून वर्षभरात फक्त बारा रुपये कापले जातात."
166,724903,D1,Banking,22.929,उत्तरदायित्व विमो ह्यो तृतीय पक्षाच्यो विमो दाव्यांविरूद्ध विशिष्ट संरक्षण प्रदान करण्यासाठी डिझाइन केलेला असा,उत्तरदायित्व विमो तृतीय पक्षांविरुद्ध दाव्यांविरूद्ध विशिष्ट संरक्षण प्रदान करण्यासाठी डिझाइन केलेला आहे.
167,724747,D2,Agriculture,24.0,"पी.एम मत्स्य संपदा योजनेअंतर्गत , मच्छीमाराचा मृत्यू झाल्यास आणि संपूर्ण अपंगत्व आल्यास पाच लाख मिळते",पी.एम मत्स्य संपदा योजनेअंतर्गत मच्छीमाराचा मृत्यू झाल्यास आणि संपूर्ण अपंगत्व आल्यास पाच लाख मिळते
168,724456,D4,Banking,22.5,महात्मा गांधी राष्ट्रीय ग्रामीण रोजगार हमी कायद्याच्या अंमलबजावणीमुळे सुरुवातीला जनतेला दिलासा मिळाला,महात्मा गांधी राष्ट्रीय ग्रामीण रोजगार हमी कायद्याच्या अंमलबजावणीमुळे सुरुवातीला जनतेला दिलासा मिळाला
169,724915,D1,Banking,22.923,"सामाजिक उद्योजकता सर्वोसाधारणपणे व्यापक सामाजिक , सांस्कृतिक आणि पर्यावरणीय उद्दिष्टा जोडूचा प्रयत्न करतत","सामाजिक उद्योजकता सर्वोसाधारणपणे व्यापक सामाजिक, सांस्कृतिक आणि पर्यावरणीय उद्दिष्टांचा समावेश करण्याचा प्रयत्न करत आहे"
170,724706,D2,Agriculture,23.944,"साध्या भाषेत सांगायचं झालं तर , एक संकरित बियाणे किंवा रोप जास्त एनब्रेड रोपांमध्ये एक क्रॉस परागकण आहे","साध्या भाषेत सांगायचं झाल्यास, एक संकरित बियाणे किंवा रोप जास्त एनब्रेड रोपांमध्ये एक क्रॉस परागकण आहे."
171,724474,D4,Agriculture,22.5,मोठ्या किरकोळ विक्रेत्यांकडून होणाऱ्या शोषणापासून शेतकऱ्यांचे संरक्षण करणे हे मंडी व्यवस्थेचे उद्दिष्ट आहे,मोठ्या किरकोळ विक्रेत्यांकडून होणाऱ्या शोषणापासून शेतकऱ्यांचे संरक्षण करणे हे मंडी व्यवस्थेचे उद्दिष्ट आहे
172,706910,D1,Banking,22.917,वर्तमान मू्ल्य ह्या मूल्यांकनाचा तारखेनुसार निर्धारित केलेल्यो अपेक्षित उत्पन्न प्रवाहाचो मू्ल्य असा,वर्तमान मूल्य ह्या मूल्यांकनाचा तारखेनुसार निर्धारित केले आहे अपेक्षित उत्पन्न प्रवाहाचे मूल्य असे
173,717274,D2,Agriculture,23.857,बदामाच्या झाडाची पानगळती थांबवण्यासाठी काय करावे ? नवी पालवी येण्यासाठी काय उपाययोजना करावी ?,बदामाच्या झाडाची पानगळती थांबवण्यासाठी काय करावे? नवी पालवी येण्यासाठी काय उपाययोजना करावी?
174,724333,D4,Agriculture,22.438,चिल्लर दुकानदार कास्तकाराइच्या माल कमी भावात घेऊन थो दुपटीनं इकून कास्तकाराइच्या जखमेवर मीठ काऊन लावते ?,चिल्लर दुकानदार कमी भावात माल घेऊन थोडं इतकं करून कास्तकाराइच्या जखमेवर मीठ कशाप्रकारे लावते?
175,709294,D1,Banking,22.909,मास्तरानी सांगितल्यानी की शुद्ध वर्तमान मू्ल्य नगदी प्रवाहाच्या वर्तमान मुल्याक दाखवता,मास्टरने सांगितले आहे की शुद्ध वर्तमान नगदी प्रवाहाच्या वर्तमान मूल्या दाखवा.
176,716341,D2,Banking,23.75,तुम्हाला माहित आहे का प्रवास विमा तुम्हाला प्रवास करताना विमा संरक्षण देतो,तुम्हाला माहित आहे का प्रवास विमा तुम्हाला प्रवास करताना विमा संरक्षण देतो
177,722681,D4,Banking,22.433,"व्याज दराची गणना करण्यासाठी , तुम्हाला तुमचा दर मिळवण्यासाठी व्याज सूत्र माहित असणे आवश्यक आहे",व्याज दराची गणना करण्यासाठी तुम्हाला तुमचा दर मिळवण्यासाठी व्याज सूत्र माहित असणे आवश्यक आहे
178,724891,D1,Banking,22.875,ह्यो निधी सरकारी मालकीचो गुंतवणूक निधी असा जो स्टॉक सारखो वास्तविक आणि आर्थिक मालमत्तांत गुंतवणूक करता,हा निधी सरकारी मालकीचा गुंतवणूक निधी आहे जो स्टॉक वास्तविक आणि आर्थिक मालमत्तांत गुंतवणूक करतो
179,717010,D2,Agriculture,23.692,बिया उष्ण हवामानासाठी उपयुक्त आहेत आणि रोपे उष्ण ते थंडी हवामानासाठी उपयुक्त आहेत,बिया उष्ण हवामानासाठी उपयुक्त आहेत आणि रोपे उष्ण ते थंडी हवामानासाठी उपयुक्त आहेत
180,724516,D4,Agriculture,22.433,मोत्याची शेती हा भारतातील सर्वोत्कृष्ट मत्स्यपालन व्यवसायांपैकी एक आहे कारण मोत्यांना बाजारात चांगली मागणी आहे,मोत्याची शेती हा भारतातील सर्वोत्कृष्ट मत्स्यपालन व्यवसायांपैकी एक आहे कारण मोत्यांना बाजारात चांगली मागणी आहे
181,709058,D1,Banking,22.5,राष्ट्रीय अर्थ व्यवस्थेच्या विरुद्ध वैयक्तिक बाजारांतल्यानी उद्योगांच्या भ्यासावर केंद्रित केला हा,राष्ट्रीय अर्थव्यवस्थेच्या विरुद्ध वैयक्तिक बाजारांतल्यानी उद्योगांच्या भ्यासावर केंद्रित केला हा
182,715837,D2,Banking,23.5,"बँकेवरील डाकू पासून वाचण्यासाठी , पोलीस अधिकाऱ्यांना बँकेमध्ये तैनात करून बँकेची सुरक्षा केली जाते",बँकेवरील डाकुंपासून वाचण्यासाठी पोलीस अधिकाऱ्यांना बँकेमध्ये तैनात करून बँकेची सुरक्षा केली जाते
183,724337,D4,Banking,22.417,"मी डेबिट कार्ड वापरतो , पैसे काढले तरी मले बँकेमंधून मेसेज येत नाय , आता मले बँकेसंग मोबाईल नंबर जोडन जरुरीच हाय का ?","मी डेबिट कार्ड वापरतो, पैसे काढले तरी मला बँकेमधून मेसेज येत नाही, आता मला बँकेला मोबाईल नंबर जोडणे गरजेचे आहे का?"
184,709134,D1,Agriculture,22.5,माणसान प्रागैतिहासिक काळापासना मांसासाठी जनावरांची शिकार केली हा,मानवाने प्रागैतिहासिक काळात मांसासाठी जनावरांची शिकार केली.
185,715763,D2,Agriculture,23.5,पीक जमिनीतून काढल्यावर किंवा त्याच्या मूळ रोपापासून वेगळे केल्यास ते खराब व्हायला सुरुवात होते,पीक जमिनीतून काढल्यावर किंवा त्याच्या मूळ रोपापासून वेगळे केल्यास ते खराब व्हायला सुरुवात होते
186,724523,D4,Banking,22.417,इलेक्ट्रॉनिक क्लिअरिंग सेवा प्रामुख्याने मोठ्या मूल्याच्या किंवा मोठ्या प्रमाणात पेमेंटसाठी वापरली जाते,इलेक्ट्रॉनिक क्लिअरिंग सेवा प्रामुख्याने मोठ्या मूल्याच्या किंवा मोठ्या प्रमाणात पेमेंटसाठी वापरली जाते
187,707985,D1,Agriculture,22.5,रासायनिक कीटकनाशकांच्या वापराचे हानिकारक परिणाम कमी करूसाठी जैविक नियंत्रणांचो वापर करूंक हवो,रासायनिक कीटकनाशकांच्या वापराचे हानिकारक परिणाम कमी करण्यासाठी जैविक नियंत्रणाचा वापर करावा
188,716325,D2,Banking,23.5,तुम्हाला माहीत आहे का नागरिकांना आर्थिकदृष्ट्या सक्षम बनवण्यासाठी पी.एम.जे.डी योजना पार पाडली,तुम्हाला माहीत आहे का नागरिकांना आर्थिकदृष्ट्या सक्षम बनवण्यासाठी पी.एम.जे.डी योजना पार पाडली
189,724513,D4,Agriculture,22.382,"पिकाच्या तणांच्या उदाहरणांमध्ये चिकवीड , बार्नी ग्रास , डँडेलियन , स्ट्रिगा आणि जपानी नॉटवीड यांचा समावेश होतो","पिकाच्या तणांच्या उदाहरणांमध्ये चिकवीड, बार्नी ग्रास, डँडेलियन, स्ट्रिगा आणि जपानी नॉटवीड यांचा समावेश होतो."
190,707463,D1,Agriculture,22.5,"कोंबड्याची जाती बाकीच्यांपेक्षा काही कामांसाठी जास्ती चांगले आसत , असा माका वाटता","कोंबड्याची जात बाकीच्यांपेक्षा काही कामांसाठी जास्त चांगली आहे, असा मला वाटतो."
191,715056,D2,Banking,23.5,बँक खात्याची सारांश माहिती बघण्यासाठी अधिकाऱ्याने रोहितला टोल फ्री नंबरवर कॉल करण्याचा सल्ला दिला,बँक खात्याची सारांश माहिती बघण्यासाठी अधिकाऱ्याने रोहितला टोल फ्री नंबरवर कॉल करण्याचा सल्ला दिला
192,722176,D4,Banking,22.357,रमेश तुम्हाला माहिती आहे की पाकिस्तान च्या लष्करी बजेटपेक्षा भारतीय लष्करी बजेट जास्त आहे,रमेश तुम्हाला माहिती आहे की पाकिस्तानच्या लष्करी बजेटपेक्षा भारतीय लष्करी बजेट जास्त आहे
193,706423,D1,Banking,22.5,कृषी अर्थशास्त्र ह्या आर्थिक सिद्धांताचा वापराशी संबंधित अर्थशास्त्राचो येक लागू क्षेत्र असा,कृषी अर्थशास्त्र हे आर्थिक सिद्धांताच्या वापराशी संबंधित अर्थशास्त्राचे एक लागू क्षेत्र आहे
194,716835,D2,Agriculture,23.5,"मातीची सुपीकता वाढवण्यासाठी नायट्रोजन , फॉस्फोरस इत्यादी रासायनिक खतांचा वापर केला जातो","मातीची सुपीकता वाढवण्यासाठी नायट्रोजन, फॉस्फोरस इत्यादी रासायनिक खतांचा वापर केला जातो"
195,723679,D4,Banking,22.0,"कपड्याच्या दुकानासाठी कर्ज पाहिजे हाय , त्यासाठी कोनचे कागदपत्र द्या लागन ?","कपड्याच्या दुकानासाठी कर्जाची आवश्यकता आहे, त्यासाठी कोणते कागदपत्र द्यावे लागेल?"
196,708369,D1,Agriculture,22.5,"पावस आणि वादळामुळे माती एका जागेवरसून दुसऱ्या जागी व्हावता , तेका मातयेची धूप म्हणतत","पावस आणि वादळामुळे माती एका जागेवरून दुसऱ्या जागी जाते, ते त्यांच्या गरजेची धूप म्हणत आहेत."
197,724659,D2,Agriculture,23.5,"कोथिंबिर व मेथीला बाजारात नेहमी मागणी असते , उन्हाळ्यात या भाज्यांची लागवड चांगल्या प्रकारे कशी करता येईल ?","कोथिंबिर व मेथीला बाजारात नेहमी मागणी असते, उन्हाळ्यात या भाज्यांची लागवड चांगल्या प्रकारे कशी करता येईल?"
198,718736,D4,Banking,22.0,तुम्हाला माहिती आहे का की प्राथमिक कामांच्या देयकासाठी बियांचे पैसे वापरले जातात ?,तुम्हाला माहिती आहे का की प्राथमिक कामांच्या देयकासाठी बियांचे पैसे वापरले जातात?
199,708086,D1,Agriculture,22.5,गोंड्याच्या फुलांचो वापर बागेच्या सजावटीसाठी आणि देवाच्या कार्यासाठी मोठ्या प्रमाणावर केलो जाता,गोंड्याच्या फुलांचा वापर बागेच्या सजावटीसाठी आणि देवाच्या कार्यासाठी मोठ्या प्रमाणावर केला जातो.
200,724782,D2,Agriculture,23.5,पर्जन्यावर आधारित क्षेत्र विकास कार्यक्रमांमध्ये प्रत्येक शेतकरी कुटुंबास दोन हेक्टर शेतीसाठी मदत दिली जाते,पर्जन्यावर आधारित क्षेत्र विकास कार्यक्रमांमध्ये प्रत्येक शेतकरी कुटुंबास दोन हेक्टर शेतीसाठी मदत दिली जाते
201,722137,D4,Banking,22.0,मी उद्या माझ्या मुलाला राष्ट्रीय ग्रामीण उपजीविका अभियानासाठी अर्ज करण्यासाठी पाठवीन,मी उद्या माझ्या मुलाला राष्ट्रीय ग्रामीण उपजीविका अभियानासाठी अर्ज करण्यासाठी पाठवीन
202,724966,D1,Agriculture,22.5,परागीभवन म्हणजे अशी प्रक्रिया जेच्यात परागकण रोपाच्या एका भागापासून दुसऱ्या भागाकडे पराग कणांचा हस्तांतरण करतत,परागीभवन म्हणजे अशी प्रक्रिया ज्यामध्ये परागकणांचे हस्तांतरण रोपाच्या एका भागापासून दुसऱ्या भागाकडे केले जाते.
203,716244,D2,Banking,23.417,सामाजिक सुरक्षा योगदान कर भविष्याचे सामाजिक फायदे मिळवून घेण्यासाठी जमा करावा लागतो,सामाजिक सुरक्षा योगदान करून भविष्यातील सामाजिक फायदे मिळवण्यासाठी जमा करावे लागते.
204,719962,D4,Banking,22.0,जातीय उद्योजकता साहित्य नव शास्त्रीय किंवा मानवी भांडवल घटकांद्वारे प्रदान करणे हे आव्हान देते,जातीय उद्योजकता साहित्य नव शास्त्रीय किंवा मानवी भांडवल घटकांद्वारे प्रदान करणे हे आव्हान देते
205,724987,D1,Banking,22.5,सूक्ष्म अर्थशास्त्र एका छोट्या जागेवरच्या कोणत्या पण शेतीच्या तुकड्याची आणि तेच्या उपभोक्त्यांची गोष्ट करता,सूक्ष्म अर्थशास्त्र एका छोट्या जागेवरील कोणत्या शेतीच्या तुकड्याची आणि त्यांच्या उपभोक्त्यांची गोष्ट करतो.
206,713416,D2,Agriculture,23.409,ह्या एकविसावा शतकमा मासामारी करता नव्या नव्या न्यामीन्या आयडिया वापरायी राहिन्यात,या एकविसाव्या शतकामध्ये नव्या नव्या कल्पना वापरत राहाव्या.
207,718701,D4,Agriculture,22.0,प्राचीन इजिप्शियन काळापासून पाण्याच्या फ्रेम्स अस्तित्वात आहेत हे तुम्हाला माहीत आहे का ?,प्राचीन इजिप्शियन काळापासून पाण्याच्या फ्रेम्स अस्तित्वात आहेत हे तुम्हाला माहीत आहे का?
208,724869,D1,Agriculture,22.5,"प्राणीमुक्त शेतीमध्ये यंत्रांवर अवलंबून रव्हणा , ह्या म्हणजे नैसर्गिक साधनसंपत्तीचा शोषण करण्यासारखाच आसा","प्राणीमुक्त शेतीमध्ये यंत्रांवर अवलंबून राहणे, हे नैसर्गिक साधनसंपत्तीचे शोषण करण्यासारखेच आहे."
209,724657,D2,Agriculture,23.375,वेलीवर येणाऱ्या पालेभाज्यांवर रोगाचा प्रादुर्भाव होतो का ? त्यासाठी गोमूत्र फवारणी केली तर चालते का ?,वेलीवर येणाऱ्या पालेभाज्यांवर रोगाचा प्रादुर्भाव होतो का? त्यासाठी गोमूत्र फवारणी केली तर चालते का?
210,722365,D4,Banking,22.0,"ऐतिहासिकदृष्ट्या , लाभांशाच्या पात्रतेच्या पुराव्यासाठी प्रमाणपत्रे आवश्यक असू शकतात",ऐतिहासिकदृष्ट्या लाभांशाच्या पात्रतेच्या पुराव्यासाठी प्रमाणपत्रे आवश्यक असू शकतात
211,724890,D1,Banking,22.5,ह्या निधीचो उद्देश कर्मचाऱ्यांका त्यांच्या नोकरीच्या ठिकाणासून बाहेर पडतेवेळी एकरकमी पेमेंट प्रदान करणा असा,या निधीचा उद्देश कर्मचाऱ्यांना त्यांच्या नोकरीच्या ठिकाणावरून बाहेर पडताना एकरकमी पेमेंट प्रदान करण्याचा आहे.
212,712993,D2,Agriculture,23.25,भारत मान चमेली नी शेती पुरा देश मान करतस पण खास करीसन दक्षिण भारत मान करतस,भारत मान चमेलीनी शेती पुरा देश मान करतस पण खास दक्षिण भारत मान करतस
213,720321,D4,Agriculture,22.0,मासळीचे जेवण हे पकडलेल्या माशांच्या बायकॅचच्या उत्पादनांपासून बनवलेले व्यावसायिक उत्पादन आहे,मासळीचे जेवण हे पकडलेल्या माशांच्या बायकॅचच्या उत्पादनांपासून बनवलेले व्यावसायिक उत्पादन आहे
214,707450,D1,Agriculture,22.433,"कृषी अधिकाऱ्यानं सगळ्यां आसा कि , कृषी उपकरणा खरेदी करूसाठी सरकारकडून अडव्हायजरी चालू केली जाता",कृषी अधिकाऱ्यांनी सगळ्यांसाठी कृषी उपकरणांच्या खरेदीसाठी सरकारकडून परवानगी चालू केली आहे
215,712933,D2,Agriculture,23.0,चिकन हार्वेस्टरमुये कोंबडी पकडनं आणि त्यानंतर त्यासले कापाना ठिकाणे नेणं सोपं व्हयी जास,चिकन हार्वेस्टरने कोंबडी पकडणे आणि त्यानंतर त्यांना ठिकाणांवर नेणे सोपे आहे.
216,724507,D4,Banking,22.0,खासगी बँकांची प्राधान्य यादी व्यवस्थापनाखाली असलेल्या मालमत्तेवर आधारित काही संस्थांकडून जाहीर केली जाते,खासगी बँकांची प्राधान्य यादी व्यवस्थापनाखाली असलेल्या मालमत्तेवर आधारित काही संस्थांकडून जाहीर केली जाते
217,725005,D1,Banking,22.433,राष्ट्रीय ग्रामीण आजीविका मिशन ग्रामीण विकास मंत्रालयान गरीबी नष्ट करू साठी निर्माण केलेली परियोजना हा,राष्ट्रीय ग्रामीण आजीविका मिशन ग्रामीण विकास मंत्रालयाने गरीबी नष्ट करण्यासाठी निर्माण केलेली ही परियोजना आहे.
218,717753,D2,Agriculture,23.0,पालेभाज्या जास्त काळ टिकवण्यासाठी कोणते माध्यम वापरावे ?,पालेभाज्या जास्त काळ टिकवण्यासाठी कोणते माध्यम वापरावे?
219,724503,D4,Banking,22.0,डिजिटल आणि सोशल मीडिया मार्केटिंग मध्ये ग्रॅज्युएशन करण्यासाठी अजयने एका नामांकित संस्थेत प्रवेश घेतला,डिजिटल आणि सोशल मीडिया मार्केटिंगमध्ये ग्रॅज्युएशन करण्यासाठी अजयने एका नामांकित संस्थेत प्रवेश घेतला
220,707761,D1,Agriculture,22.433,"प्रथमेश सांगा होतो , ग्राउंड ग्राइंडरमध्ये थोड्या वनस्पती संसाधनांचो पुनर्वापर करून वनस्पती फायबर बनवूक येता",प्रथमेश सांगा की ग्राउंड ग्राइंडरमध्ये थोड्या वनस्पती संसाधनांचा पुनर्वापर करून वनस्पती फायबर बनवता येते.
221,715028,D2,Agriculture,23.0,पी.एम किसान मानधन योजनेद्वारे वृद्ध आणि अल्पभूधारक शेतकऱ्यांना सामाजिक सुरक्षा प्रदान केली जाते,पी.एम किसान मानधन योजनेद्वारे वृद्ध आणि अल्पभूधारक शेतकऱ्यांना सामाजिक सुरक्षा प्रदान केली जाते
222,724365,D4,Agriculture,22.0,"भारतातील समुद्री खाद्यपदार्थांमध्ये माशांव्यतिरिक्त कोळंबी , लॉबस्टर आणि खेकडे मोठ्या आवडीने खाल्ले जातात","भारतातील समुद्री खाद्यपदार्थांमध्ये माशांव्यतिरिक्त कोळंबी, लॉबस्टर आणि खेकडे मोठ्या आवडीने खाल्ले जातात."
223,707274,D1,Banking,22.423,एकत्रित वित्त विकास निधी योजनेचा व्यापक उद्दिष्ट म्हणजे म्युनिसिपल बाँड मार्केटचो विकास करुचो,एकत्रित वित्त विकास निधी योजनेचे व्यापक उद्दिष्ट म्युनिसिपल बाँड बाजारपेठ विकसित करणे आहे
224,715051,D2,Agriculture,23.0,फिलीपिन्समध्ये मासेमारीसाठी पारंपारिक पंप नावाच्या बोटी वापरल्या जातात,फिलीपीन्समध्ये मासेमारीसाठी पारंपारिक पंप नावाच्या बोटी वापरल्या जातात
225,724359,D4,Banking,21.938,दिवाळखोरी एक प्रक्रिया आहे ज्यांना कर्ज फेडता येत नाही त्यांना काही ना काही कर्जांपासून मुक्ती मिडते,दिवाळखोरी एक प्रक्रिया आहे ज्यांना कर्ज फेडता येत नाही त्यांना काही ना काही कर्जांपासून मुक्ती मिळते
226,710800,D1,Agriculture,22.389,पारंपारिक मासेमारी होडिये कमी खर्चात मासेमारी करुक मदत करतत,पारंपारिक मासेमारी कमी खर्चात मासेमारीला मदत करते
227,717241,D2,Agriculture,23.0,मी माझ्या गावाच्या आसपासच्या शेतकऱ्यांना शेतीमाल सरकारी बाजारात विकण्याचा सल्ला दिला,मी माझ्या गावाच्या आसपासच्या शेतकऱ्यांना शेतीमाल सरकारी बाजारात विकण्याचा सल्ला दिला
228,719871,D4,Banking,21.933,तुम्हाला माहिती आहे का की नॅशनल पेन्शन सिस्टीम ही वृद्धापकाळाची सुरक्षा प्रदान करणारी योजना आहे,तुम्हाला माहिती आहे का की नॅशनल पेन्शन सिस्टीम ही वृद्धापकाळाची सुरक्षा प्रदान करणारी योजना आहे
229,724918,D1,Banking,22.382,बाजारातलो प्रभाव म्हणजे बाजारातलो सहभागी ज्या वेळी मालमत्ता विकत घेता किंवा विकता त्या वेळी त्याचा परिणाम होता,बाजाराचा प्रभाव म्हणजे बाजारात सहभागी ज्या वेळी मालमत्ता विकत घेता किंवा विकता त्या वेळेचा परिणाम होता
230,716668,D2,Agriculture,23.0,सागरी मत्स्यपालन हा समुद्राच्या पाण्यात मासेमारी आणि संस्कृतीशी संबंधित आहे,सागरी मत्स्यपालन हा समुद्राच्या पाण्यात मासेमारी आणि संस्कृतीशी संबंधित आहे
231,724353,D4,Banking,21.933,भांडवली नफा कर हा मालमत्ता गुंतवणूकीच्या विक्री द्वारे प्राप्त झालेल्या पैशावर आकारला जाणारा कर आहे,भांडवली नफा कर हा मालमत्ता गुंतवणुकीच्या विक्रीद्वारे प्राप्त झालेल्या पैशावर आकारला जाणारा कर आहे
232,724984,D1,Banking,22.367,सांस्कृतिक उद्यमिता सामुहिक एजेंसिंची प्रथा हा जी सांस्कृतिक व्यवसायांच्या उपायांचा गतीशील असणा तेचो विशेष हा,सांस्कृतिक उद्यमिता सामूहिक एजन्सींची प्रथा जी सांस्कृतिक व्यवसायांच्या उपायांचा गतिशील असणे तेच विशेष आहे
233,715632,D2,Agriculture,23.0,तण नियंत्रणासाठी माझ्या काकांनी झुडुपे उगण्याच्या जागेवर प्लास्टिकची परत लावली आहे,तण नियंत्रणासाठी माझ्या काकांनी झुडुपे उगण्याच्या जागेवर प्लास्टिकची परत लावली आहे
234,724509,D4,Banking,21.923,ॲस्टेलिनो आणि फ्रान्सिस यांनी मूलभूत जोखीम आणि परिपक्वता यांच्यातील संबंधांचा व्यावहारिक अभ्यास केला,ॲस्टेलिनो आणि फ्रान्सिस यांनी मूलभूत जोखीम आणि परिपक्वता यांच्यातील संबंधांचा व्यावहारिक अभ्यास केला.
235,724973,D1,Agriculture,22.324,"वन्यजीव शेतीत अन्न , पारंपारिक औषधांसारखे वस्तू , चामडां , लोकर , धागे यांच्यासारख्या सामानाचो समावेश होता","वन्यजीव शेतीत अन्न, पारंपारिक औषधांसारखे वस्तू, चामडे, लोक, धागे यांच्यासारखे सामान समावेश होते."
236,715999,D2,Agriculture,23.0,"मिरे उष्ण आणि ओलसर हवामानात उगवतात , यांच्यासाठी सरासरीपेक्षा जास्त पाऊस आवश्यक असतो",माझ्या उष्ण आणि ओलसर हवामानात उगवण्यासाठी सरासरीपेक्षा जास्त पाऊस आवश्यक असतो
237,724420,D4,Banking,21.923,वैयक्तिक खाते कोणत्याही छोट्या कंपनीद्वारे किंवा कंपनीद्वारे त्याच्या पैशाच्या व्यवहारांसाठी उघडले जाऊ शकते,वैयक्तिक खाते कोणत्याही छोट्या कंपनीद्वारे किंवा कंपनीद्वारे त्याच्या पैशाच्या व्यवहारांसाठी उघडले जाऊ शकते
238,707909,D1,Agriculture,22.0,"मी एका ठिकाणी बघतलय आसय , कुक्कुटपालन व्यवसायात कोंबडी गोळा करण्यासाठी चिकन हार्वेस्टरचा वापर करतत","मी एका ठिकाणी बघत आहे, कुक्कुटपालन व्यवसायात कोंबडी गोळा करण्यासाठी चिकन हार्वेस्टरचा वापर करत आहे."
239,724815,D2,Agriculture,23.0,राजू तुला माहित आहे का हरितक्रांती हे भारताच्या स्वातंत्र्यानंतर कृषी क्षेत्रातील एक अतिशय धाडसी पाऊल होते,राजू तुला माहित आहे का हरितक्रांती हे भारताच्या स्वातंत्र्यानंतर कृषी क्षेत्रातील एक अतिशय धाडसी पाऊल होते
240,720161,D4,Agriculture,21.917,वाळलेल्या धान्यांना ट्रेनमध्ये पॅक केले जाते आणि त्यांना खाण्यायोग्य बनविण्यासाठी पाठविले जाते,वाळलेल्या धान्यांना ट्रेनमध्ये पॅक केले जाते आणि त्यांना खाण्यायोग्य बनविण्यासाठी पाठविले जाते
241,710990,D1,Banking,22.0,लक्षात ठेवा प्रधानमंत्री जीवन ज्योति बीमा योजनेत पन्नास वर्षांच्या वरच्या व्यक्तिंचो वीमो नाय काढणत,लक्षात ठेवा प्रधानमंत्री जीवन ज्योति बीमा योजनेत पन्नास वर्षांच्या वरच्या व्यक्तीचे जीवन विमा काढत नाही.
242,724796,D2,Agriculture,23.0,"उसाच्या उत्पादनामध्ये काकवी , दारू यांचा समावेश होतो वनस्पतीचा उपयोग छतासाठी तसेच पशुखाद्य म्हणून केला जातो",उसाच्या उत्पादनामध्ये काकवी आणि दारूचा समावेश होतो; वनस्पतीचा उपयोग छतासाठी तसेच पशुखाद्य म्हणून केला जातो.
243,724403,D4,Banking,21.917,"पेमेंट प्रोटेक्शन इन्शुरन्स , तुमच्या कर्जाच्या दायित्वांच्या ओझ्यापासून तुमच्या कुटुंबाचे रक्षण करते",पेमेंट प्रोटेक्शन इन्शुरन्स तुमच्या कर्जाच्या दायित्वांच्या ओझ्यापासून तुमच्या कुटुंबाचे रक्षण करते
244,706449,D1,Banking,22.0,डेब्ट सिक्युरिटीज येका निश्चित मुदतीसाठी जारी केली जाता आणि जारीकर्त्याद्वारा रिडीम करता येता,डेब्ट सिक्युरिटीज निश्चित मुदतीसाठी जारी केली जातात आणि जारीकर्त्याद्वारे रिडीम करता येतात
245,713506,D2,Agriculture,23.0,दूध पाशीन बनाडेल पदारथस्ले जास्त टिकाडानी टेकनिक मार्केटमा येवाले लागनी,दूध जास्त टिकाऊ बनवण्यासाठी मार्केटमध्ये येणे आवश्यक आहे.
246,724369,D4,Banking,21.882,"माझी मुलगी अठरा वर्षांची आहे , मी माझ्या मुलीचा प्रधानमंत्री जीवन ज्योती विमा योजनेअंतर्गत विमा उतरवणार आहे","माझी मुलगी अठरा वर्षांची आहे, मी माझ्या मुलीचा प्रधानमंत्री जीवन ज्योती विमा योजनेअंतर्गत विमा उतरवणार आहे."
247,706852,D1,Banking,22.0,सावकाराचा मालकीच्यो वास्तविक मालमत्तेत सुरक्षितता व्याज निर्माण करुक तारण वापरला जाता,सावकाराची मालकी वास्तविक मालमत्तेत सुरक्षितता निर्माण करून तारण वापरले जाते
248,724684,D2,Banking,22.941,"के.वाय.सी अपडेट करण्यासाठी ई मेल , पोस्ट च्या माध्यमातून बँकेमध्ये पत्ता , ओळखेसाठी पुरावा जमा करावे लागेल",केवायसी अपडेट करण्यासाठी ई-मेल आणि पोस्टच्या माध्यमातून बँकेत पत्ता तसेच ओळखपत्रासाठी पुरावा जमा करावा लागेल.
249,720393,D4,Banking,21.833,डे ट्रेडिंग मार्केट बंद होण्यापूर्वी सर्व पोझिशन्स ट्रेडिंग डेसाठी बंद केल्या पाहिजेत,डे ट्रेडिंग मार्केट बंद होण्यापूर्वी सर्व पोझिशन्स ट्रेडिंग डेसाठी बंद केल्या पाहिजेत
250,709706,D1,Banking,22.0,सामानाक एका जागेवरना दुसऱ्या जागेवर पोचवूक जास्तीत जास्त किती पैशे लागतले ?,सामायिक एका जागेवरून दुसऱ्या जागेवर पोहोचायला जास्तीत जास्त किती पैसे लागले?
251,724749,D2,Agriculture,22.938,लोकसंख्या वाढीमुळे अन्नधान्याची समस्या निर्माण होत आहे आणि ती पूर्ण करण्यासाठी जंगल तोड केली जात आहे,लोकसंख्या वाढीमुळे अन्नधान्याची समस्या निर्माण होत आहे आणि ती पूर्ण करण्यासाठी जंगल तोड केली जात आहे
252,724472,D4,Agriculture,21.75,"माती , पाणी , हवा , प्राणी , मातीची विविधता , झाडे , स्वतः अन्न कारच्या परिणामामध्ये परिणाम समाविष्ट आहेत","माती, पाणी, हवा, प्राणी, मातीची विविधता, झाडे आणि स्वतःचे अन्न कार्याच्या परिणामामध्ये समाविष्ट आहेत."
253,708924,D1,Banking,22.0,दिल्लीत रव्हणार्या लोकांका पाण्याच्या कनेक्शनसाठी मासिक आधारावर पेमेंट करुचा लागता,दिल्लीत येणाऱ्या लोकांच्या पाण्याच्या कनेक्शनसाठी मासिक आधारावर पेमेंट करावे लागते.
254,716022,D2,Agriculture,22.938,"मुलतानी माती अशी माती आहे , जी आपल्या चेहऱ्यासाठी फायदे कारक असते आणि चेहऱ्याचा रंग उजळते",नैसर्गिकरित्या माती अशी माती आहे जी चेहऱ्यासाठी फायदेशीर असते आणि चेहऱ्याचा रंग उजळते
255,723512,D4,Agriculture,21.5,रासायनिक शेती करतांनी जास्तीत जास्त कितीक साल एकच एक पीक घेता येईन ?,रासायनिक शेती केल्यास जास्तीत जास्त किती वर्षे एकच पीक घेता येईल?
256,708213,D1,Banking,22.0,एस.बी.आय च्या ऑनलाईन सोयीचो वापर करुच्यासाठी खयच्याय स्वरूपात जास्तीचे पैशे भरूचे लागणत नाय,एस.बी.आय च्या ऑनलाईन सोयीसाठी वापरण्यासाठी जास्त पैसे भरण्याची गरज नाही.
257,724793,D2,Banking,22.933,आमच्या शेजारच्या घराला लागलेल्या आगीमुळे त्यांचे खूप नुकसान झाले पण सर्व मालमत्तेचे भूगतान विम्यामुळे झाले,आमच्या शेजारच्या घराला लागलेल्या आगीमुळे त्यांचे खूप नुकसान झाले पण सर्व मालमत्तेचे भुगतान विम्यामुळे झाले
258,718997,D4,Banking,21.5,कंपनी मालकाने त्याच्या कर्मचाऱ्यांना मेडिकेअर सुविधा आणि सामाजिक सुरक्षा प्रदान करायला पाहिजे,कंपनी मालकाने त्याच्या कर्मचाऱ्यांना मेडिकेअर सुविधा आणि सामाजिक सुरक्षा प्रदान करायला हवे.
259,710175,D1,Banking,22.0,एखादी व्यक्ती किंवा कंपनीच्या मागणीवर व्यवहार खाता उघडला जाउ शकता ज्याच्यात मागितल्यावर पैशे मिळतत,एखादी व्यक्ती किंवा कंपनीच्या मागणीवर व्यवहार खाते उघडता येते ज्यामध्ये मागितल्यावर पैसे मिळतात.
260,715380,D2,Agriculture,22.917,"एरोपोनिक्स रोग पसरण्यास पासून थांबवू शकतो कारण , रोग मातीच्या माध्यमातून पसरतो",एरोपोनिक्समुळे रोग पसरण्यापासून थांबवता येतो कारण रोग मातीच्या माध्यमातून पसरतो
261,722707,D4,Banking,21.5,तुम्हाला माहिती आहे का की रिटेल बँकिंग सेवा व्यावसायिक बँकांच्या व्यक्तींकडून घेतली जातात,तुम्हाला माहिती आहे का की रिटेल बँकिंग सेवा व्यावसायिक बँकांच्या व्यक्तींकडून घेतली जातात
262,710213,D1,Agriculture,22.0,कृषी शास्त्रज्ञ जास्त पिकासाठी शेतकऱ्यांका चांगली उपकरणा वापरुचो सल्लो देतत,कृषी शास्त्रज्ञ जास्त पिकासाठी शेतकऱ्यांका चांगली उपकरणे वापरूचो सल्ला देतत
263,724651,D2,Agriculture,22.905,"मोगरा , झेंडू , गुलाब हि फूले कमीत कमी वेळेत फुलण्यासाठी व ताजेपणा टिकून राहण्यासाठी कोणती औषधे व खते वापरावीत ?","मोगरा, झेंडू आणि गुलाब या फुलांना कमीत कमी वेळेत फुलण्यासाठी व ताजेपणा टिकून राहण्यासाठी कोणती औषधे व खते वापरावीत?"
264,721720,D4,Banking,21.5,श्रम व्हाउचर हे समाजवादाच्या काही मॉडेल्स मध्ये वस्तूंची मागणी नियंत्रित करण्यासाठी आहेत,श्रम व्हाउचर हे समाजवादाच्या काही मॉडेल्समध्ये वस्तूंची मागणी नियंत्रित करण्यासाठी आहेत
265,708351,D1,Agriculture,22.0,"पकडण्याचा तंत्र लय जुना आसा , माशे पकडूच्यासाठी माणसा आपल्यासाठी जाळा तयार करतत","पकडण्याचा तंत्र खूप जुना आहे, मासे पकडण्यासाठी लोक आपल्यासाठी जाळे तयार करत आहेत"
266,724652,D2,Agriculture,22.905,"आंबा , चिंच , बोर हि फळे तोडण्यासाठी बाजारात यंत्र उपलब्ध आहेत का ? या यंत्रांची माहिती व किंमत सांगा ?","आंबा, चिंच आणि बोर या फळे तोडण्यासाठी बाजारात यंत्र उपलब्ध आहेत का? या यंत्रांची माहिती व किंमत सांगा."
267,718959,D4,Banking,21.5,महिलांची स्थिती सुधारण्यासाठी एंटरप्राइझ बिल्डिंग प्रक्रियेतून मूल्ये लागू केली जातात,महिलांची स्थिती सुधारण्यासाठी एंटरप्राइझ बिल्डिंग प्रक्रियेतून मूल्ये लागू केली जातात
268,708169,D1,Agriculture,22.0,अष्टरची झाडा खूप टोकाच्या हवामानात फुलुची थांबतत आणि उन्हाळ्याच्या शेवटी फुला दितत,अष्टरच्या झाडांची खूप कडक हवामानात फुलणे थांबत होते आणि उन्हाळ्याच्या शेवटी फुले देत होती
269,713047,D2,Agriculture,22.5,राई गहूना मायेकच रहास राईपाईन पीठ व्हिस्की व्होडका दारू हायी समधं बनाडता येस,"राई गहू आणि पीठ आहे, व्हिस्की, व्होडका आणि दारू आहे."
270,719947,D4,Banking,21.5,दुसर्या सदस्याच्या खात्यात जोडण्यासाठी तुम्हाला तुमच्या बँक शाखेला भेट देण्याची आवश्यकता आहे,दुसऱ्या सदस्याच्या खात्यात जोडण्यासाठी तुम्हाला तुमच्या बँक शाखेला भेट देण्याची आवश्यकता आहे
271,706488,D1,Banking,22.0,बहुतेक विकसित राष्ट्रांतले मध्यवर्ती बँका राजकीय हस्तक्षेपापासून संस्थात्मकदृष्ट्या स्वतंत्र असतत,बहुतेक विकसित राष्ट्रांमधील मध्यवर्ती बँका राजकीय हस्तक्षेपापासून संस्थात्मकदृष्ट्या स्वतंत्र असतत
272,715405,D2,Banking,22.5,कर स्पर्धा जास्तीत जास्त वेळा आंतरराष्ट्रीय व्यापाराला अनुकूल असते,कर स्पर्धा जास्तीत जास्त वेळा आंतरराष्ट्रीय व्यापाराला अनुकूल असते
273,719925,D4,Banking,21.5,तुम्हाला माहीत आहे का की हायब्रीड एकाच फंडातील अनेक मालमत्ता वर्गांमध्ये गुंतवणूक करते ?,तुम्हाला माहीत आहे का की हायब्रीड एकाच फंडातील अनेक मालमत्ता वर्गांमध्ये गुंतवणूक करते?
274,709836,D1,Banking,22.0,काय तुमका माहिती हा ? गॅरेंटी बाँड जबाबदारी पुरी करण्याच्या अपयशापासून होणाऱ्या नुकसानीतना वाचवता,तुम्हाला माहिती आहे का? गॅरंटी बाँड जबाबदारी पूर्ण करण्याच्या अपयशापासून होणाऱ्या नुकसानीत तुम्ही वाचवता.
275,712996,D2,Agriculture,22.5,ढोर आणि मासा पायनारा मालक ले किसान क्रेडिट कार्ड माधून पैसा भेटतस,ढोर आणि माशाचा मालक किसान क्रेडिट कार्डवरून पैसे मिळवतो
276,718896,D4,Banking,21.5,धार्मिक ट्रस्टची मालमत्ता कोट्यवधीं मध्ये असून त्यांच्याकडे मोठ्या प्रमाणात स्थावर मालमत्ताही आहेत,धार्मिक ट्रस्टची मालमत्ता कोट्यवधींमध्ये असून त्यांच्याकडे मोठ्या प्रमाणात स्थावर मालमत्ताही आहेत
277,710064,D1,Agriculture,22.0,रोपांपासून कोणते रोग माणसाका होतं आणि रोपांमध्ये रोगाची अनुवंशिकता ओळखोन रोगाचा इलाज करतत,रोपांपासून कोणते रोग माणसांना होतात आणि रोगाची अनुवंशिकता ओळखून रोगाचा इलाज केले जाते
278,716923,D2,Agriculture,22.5,एखाद्या क्षेत्रासाठी हवामान अंदाजामध्ये पाण्याची वाढती पातळी देखील समाविष्ट केली जाते,एखाद्या क्षेत्रासाठी हवामान अंदाजामध्ये पाण्याची वाढती पातळी देखील समाविष्ट केली जाते
279,722871,D4,Agriculture,21.5,सुप्त बियाणे वार्षिकाचा एकमेव भाग जो एका वाढीच्या हंगामापासून दुसर्या हंगामात टिकतो,सुप्त बियाणे वार्षिकाचा एकमेव भाग जो एका वाढीच्या हंगामापासून दुसऱ्या हंगामात टिकतो
280,724950,D1,Agriculture,22.0,"वनस्पतींमधल्या पाण्याची कमतरता ओळखूसाठी लीफ सेन्सरचो वापर केलो जाता , अशीताहिती माका संदेशान सांगल्यान","वनस्पतींमधील पाण्याची कमतरता ओळखण्यासाठी लीफ सेन्सरचा वापर केला जातो, अशी माहिती मला संदेशन सांगितले."
281,715563,D2,Agriculture,22.5,जगातल्या सगळ्यात मोठ्या अंतर्देशीय मत्स्यपालना च्या आठशे पन्नास पेक्षा जास्त जाती आहे,जगातील सर्वात मोठ्या अंतर्देशीय मत्स्यपालनांची ८५० पेक्षा जास्त जाती आहेत
282,722414,D4,Banking,21.5,तुम्हाला माहिती आहे का की सुरक्षित कर्जांना कर्ज घेण्याची मर्यादा जास्त असते,तुम्हाला माहिती आहे का की सुरक्षित कर्जांना कर्ज घेण्याची मर्यादा जास्त असते
283,724859,D1,Banking,21.933,प्रधानमंत्री जीवन ज्योती विमा योजना आयुर्विमा महामंडळ आणि इतर सर्व आयुर्विमा कंपन्यांद्वारा ऑफर केली जाता,प्रधानमंत्री जीवन ज्योती विमा योजना आयुर्विमा महामंडळ आणि इतर सर्व आयुर्विमा कंपन्यांद्वारे ऑफर केली गेली
284,712617,D2,Agriculture,22.5,बांबून्या जास्तीन्या जाती गरमीमा नैते ओलावाना सारखा हवामानमा दखाले भेटतस,बांबून्या जास्त जातीच्या गरमीमा आणि नैते ओलावाना सारखे हवामान दिसून येते.
285,718989,D4,Banking,21.5,जुन्या काळापासूनच माणसाला आर्थिक मदत मिळवण्यासाठी काही वस्तू गहाण ठेवाव्या लागत होत्या,जुन्या काळापासूनच माणसाला आर्थिक मदत मिळवण्यासाठी काही वस्तू गहाण ठेवाव्या लागत होत्या
286,724982,D1,Banking,21.933,भांडवली आर्थिक प्रणाली ती व्यवस्था हा जेच्यात खासगी व्यक्ती किंवा व्यवसाय भांडवली वस्तुंचे मालिक असतत,भांडवली आर्थिक प्रणाली ती व्यवस्था आहे ज्यात खासगी व्यक्ती किंवा व्यवसाय भांडवली वस्तूंचे मालक असतात.
287,716131,D2,Agriculture,22.5,"विनीत शहराच्या जवळ असल्या कारणाने , जास्त करून सामान सुपर मार्केट मधून आणतो",विनीत शहराच्या जवळ असल्यामुळे तो जास्त करून सामान सुपर मार्केटमधून आणतो.
288,721905,D4,Banking,21.5,मॅच्युरिटी झाल्यावर संबंधित बँकेला आर.डी चे एफ.डी मध्ये रूपांतर करण्यासाठी माहिती द्यावी लागते,मॅच्युरिटी झाल्यावर संबंधित बँकेला आर.डी चे एफ.डी मध्ये रूपांतर करण्यासाठी माहिती द्यावी लागते
289,724959,D1,Agriculture,21.933,एल.पी.जी विभाग पालोपाचोळो आणि कचऱ्यापासून निर्माण केलेल्या न संपणाऱ्या एल.पी.जी चा उत्पादन करूची इच्छा करता,एल.पी.जी विभाग पालोपाचोळो आणि कचऱ्यापासून निर्माण केलेल्या न संपणाऱ्या एल.पी.जीचे उत्पादन करण्याची इच्छा आहे.
290,724695,D2,Agriculture,22.5,रबर मोल्डेड उत्पादकांचा मोठ्या प्रमाणात वापर औद्योगिकदृष्ट्या रबराचे सामान आणि उपकरणांच्या रूपात केला जातो,रबर मोल्डेड उत्पादकांचा मोठ्या प्रमाणात वापर औद्योगिकदृष्ट्या रबराचे सामान आणि उपकरणांच्या रूपात केला जातो
291,719294,D4,Banking,21.5,ट्रस्टमध्ये मालमत्ता धारण करणारा मालक त्याच्या अधिकारांच्या बंडलचा काही भाग ट्रस्टीला देतो,ट्रस्टमध्ये मालमत्ता धारण करणारा मालक त्याच्या अधिकारांच्या बंडलचा काही भाग ट्रस्टीला देतो
292,710341,D1,Banking,21.929,बँकेंका आता कंपनी किंवा फर्माक मुदत कर्ज देण्यापेक्षा व्यक्तिगत कर्ज देणा जास्त योग्य वाटता,बँका किंवा कंपनी किंवा फर्म मुदत कर्ज देण्यापेक्षा व्यक्तिगत कर्ज देणे जास्त योग्य वाटते
293,724649,D2,Agriculture,22.5,नारळाच्या झाडाला लवकर कोंब फुटण्यासाठी व मोठ्या प्रमाणावर त्याचे उत्पादन घेण्यासाठी काय करावे लागेल ?,नारळाच्या झाडाला लवकर कोंब फुटण्यासाठी आणि मोठ्या प्रमाणावर त्याचे उत्पादन घेण्यासाठी काय करावे लागेल?
294,722355,D4,Agriculture,21.5,उदरनिर्वाहासाठी शेतीवर अवलंबून असलेल्या स्त्रियांची टक्केवारी चौऱ्याऐंशी टक्क्यांपर्यंत,उदरनिर्वाहासाठी शेतीवर अवलंबून असलेल्या स्त्रियांची टक्केवारी चौऱ्याऐंशी टक्क्यांपर्यंत
295,709542,D1,Banking,21.923,बीजगणित एक समान चिन्हाच्या उजव्या आणि डाव्या बाजुच्या फार्म्युल्यांका संतुलित आणि पुनर्स्थापित करता,बीजगणित एक समान चिन्हाच्या उजव्या आणि डाव्या बाजूच्या फार्म्युल्यांका संतुलित आणि पुनर्स्थापित करता
296,724753,D2,Banking,22.5,"अमेरिकी राजकारण्यांनी कराच्या ओझ्याला निष्पक्ष रुपाने वितरित करण्यासाठी , संपत्ती कर जोडण्याचा प्रस्ताव दिला",अमेरिकी राजकारण्यांनी कराच्या ओझ्याला निष्पक्ष रुपाने वितरित करण्यासाठी संपत्ती कर जोडण्याचा प्रस्ताव दिला
297,719827,D4,Agriculture,21.5,"तज्ज्ञांच्या मते भविष्यात जलस्रोतांचे व्यवस्थापन आव्हानात्मक असेल , हे तुम्हाला माहीत आहे का ?","तज्ज्ञांच्या मते भविष्यात जलस्रोतांचे व्यवस्थापन आव्हानात्मक असेल, हे तुम्हाला माहीत आहे का?"
298,708559,D1,Agriculture,21.909,सीडिंग स्थानांतरित करूच्यासाठी नायतर कॉपी करूच्यासाठी एक जास्त औपचारिक शब्द आसा,सीडिंग हस्तांतरित करण्यासाठी आणि कॉपी करण्यासाठी एक अधिक औपचारिक शब्द आहे का?
299,715936,D2,Agriculture,22.5,"मत्स्यव्यवसाय लोकं व्यवसायासाठी करतात , मत्स्य व्यवसायाने मच्छीमारांच्या दैनंदिन गरजा पूर्ण होतात","मत्स्यव्यवसाय करणारे लोक व्यवसायासाठी करतात, मत्स्य व्यवसायामुळे मच्छीमारांच्या दैनंदिन गरजा पूर्ण होतात."
300,719162,D4,Agriculture,21.5,माती आधारित लागवड पद्धतींच्या तुलनेत हायड्रोपोनिक्सचा विकास दर तीस टक्क्यांपर्यंत वाढवू शकतात,माती आधारित लागवड पद्धतींच्या तुलनेत हायड्रोपोनिक्सचा विकास दर तीस टक्क्यांपर्यंत वाढवू शकतात
301,712131,D1,Banking,21.882,माका सांगा माझी आत्ताची कर्जाची धावसंख्या काय हा कित्या माका दोन लाखाचा कर्ज काढू चा हा ?,मला सांगा माझी सध्याची कर्जाची संख्या काय आहे आणि मी दोन लाखांचे कर्ज काढू शकतो का?
302,715166,D2,Agriculture,22.5,"रेन हार्वेस्टरमध्ये साठलेले पाणी शेतीसाठी , जनावरांनासाठी आणि पिण्यासाठी वापरता येते","रेन हार्वेस्टरमध्ये साठलेले पाणी शेतीसाठी, जनावरांसाठी आणि पिण्यासाठी वापरता येते."
303,721222,D4,Banking,21.5,युरोपियन इन्व्हेस्टमेंट फंडाने बायोटेक कंपन्यांसाठी खासगी क्षेत्राच्या माध्यमातून गुंतवणूक वाढवली,युरोपियन इन्व्हेस्टमेंट फंडाने बायोटेक कंपन्यांसाठी खासगी क्षेत्राच्या माध्यमातून गुंतवणूक वाढवली
304,710707,D1,Banking,21.846,ज्यांका एखादी गोष्ट आवडना नाय किंवा आवडत नाय त्यांच्यासाठी बाँड्स अस्तित्वात नाय असत,ज्या गोष्टी आवडत नाहीत किंवा आवडत नाहीत त्यांच्यासाठी बाँड्स अस्तित्वात नसतात.
305,716091,D2,Banking,22.5,लघु वित्त सारखे गुंतवणूक केल्याने मालमत्तेची ची किंमत कमी झाल्यास गुंतवणूकदाराला फायदा होतो,लघु वित्त सारखी गुंतवणूक केल्याने मालमत्तेची किंमत कमी झाल्यास गुंतवणूकदाराला फायदा होतो
306,719630,D4,Banking,21.5,मार्क टू मार्केट व्हॅल्यू म्हणजे मालमत्तेच्या वाजवी मूल्यासाठी लेखांकन करणे,मार्क टू मार्केट व्हॅल्यू म्हणजे मालमत्तेच्या वाजवी मूल्यासाठी लेखांकन करणे
307,706924,D1,Banking,21.833,सोशल मीडिया मार्केटिंग याका डिजिटल मार्केटिंग आणि ई मार्केटिंग असो सुद्धा म्हणतत,सोशल मीडिया मार्केटिंग डिजिटल मार्केटिंग आणि ई मार्केटिंग असे सुद्धा म्हणत आहे
308,724650,D2,Agriculture,22.452,"गाजर , मुळा , भोपळा आणि टरबूजाची अधिक प्रमाणात वाढ होण्यासाठी व कमीत कमी वेळेत उत्पादन घेण्यासाठी काय करावे लागेल ?","गाजर, मुळा, भोपळा आणि टरबूजाची अधिक प्रमाणात वाढ होण्यासाठी व कमीत कमी वेळेत उत्पादन घेण्यासाठी काय करावे लागेल?"
309,724347,D4,Banking,21.5,"प्रधानमंत्री जीवन ज्योती विमा योजनेअंतर्गत , विमाधारकाचा मृत्यू झाल्यास दोन लाखांची भरपाई उपलब्ध आहे",प्रधानमंत्री जीवन ज्योती विमा योजनेअंतर्गत विमाधारकाचा मृत्यू झाल्यास दोन लाखांची भरपाई उपलब्ध आहे
310,706873,D1,Banking,21.5,"मायक्रो क्रेडिट ह्या मायक्रोफायनान्सचो एक भाग असा , ज्या वित्तीय सेवांचो विस्तृत श्रेणी प्रदान करता","मायक्रो क्रेडिट हे मायक्रोफायनान्सचा एक भाग आहे, जी वित्तीय सेवांची विस्तृत श्रेणी प्रदान करते."
311,724736,D2,Agriculture,22.447,सेंद्रिय खत असो नही ते युरिया सुफला नं रासायनिक खते असो वावरनी माटीवर आनी पिकेस्नी वाढवर परीनाम करनारज शेतंस,"सेंद्रिय खत असो वा नाही, ते युरिया सल्फेट किंवा रासायनिक खते असो वा वरनी मातीवर आणि पिकांवर वाढीव उत्पन्न मिळवण्यासाठी शेतांमध्ये परिणामकारकता आणणे."
312,724448,D4,Agriculture,21.5,दुग्धव्यवसायामध्ये बल्क मिल्क कूलिंग टँक ही दूध थंड करण्यासाठी आणि ठेवण्यासाठी एक मोठी साठवण टाकी आहे,दुग्धव्यवसायामध्ये बल्क मिल्क कूलिंग टँक ही दूध थंड करण्यासाठी आणि ठेवण्यासाठी एक मोठी साठवण टाकी आहे
313,709796,D1,Agriculture,21.5,आमच्या आजूबाजूच्या गावांतल्यानी गरजेपेक्षा जास्तं शेती केल्यामुळा जमिनीची झीज झाली हा,आमच्या आजूबाजूच्या गावांतल्यानी गरजेपेक्षा जास्त शेती केल्यामुळे जमिनीची झीज झाली
314,724764,D2,Agriculture,22.441,"दुकानातून खरेदी केलेल्या एका सूर्यफुलाच्या तेलाचा बाटलीवर , त्याला कसं बनवलं आहे , याची माहिती दिलेली असते","दुकानातून खरेदी केलेल्या एका सूर्यफुलाच्या तेलाच्या बाटलीवर, त्याला कसे बनवले आहे याची माहिती दिलेली असते."
315,724423,D4,Banking,21.5,संपत्ती कर टाळण्यासाठी लोक काळ्या पैशाचा अवलंब करतात आणि आपल्या जाणकार व्यक्तीच्या नावे मालमत्ता दाखवतात,संपत्ती कर टाळण्यासाठी लोक काळ्या पैशाचा अवलंब करतात आणि आपल्या जाणकार व्यक्तीच्या नावे मालमत्ता दाखवतात
316,709647,D1,Agriculture,21.5,वनस्पतीं च्या शेंगा कुटुंबात डाळींचो समावेश होता जे शेंगांच्या वाळलेल्या बिया असतत,वनस्पतींच्या शेंगांच्या कुटुंबात डाळींचा समावेश होता जे शेंगांच्या वाळलेल्या बिया असतात
317,713963,D2,Banking,22.433,"इक्वीटी हाऊ तो पैसा शे ज्यानी पुरी जबाबदारी कंपनीनि ह्रास , हाई तुमले माहीत शे","इक्विटी हा तो पैसा ज्याची संपूर्ण जबाबदारी कंपनीची नुकसान, तुम्हाला माहीत आहे."
318,724498,D4,Agriculture,21.5,"स्वातंत्र्यानंतर स्थापन झालेल्या कृषी उत्पन्न पणन समित्या , शेती योग्य भाव मिळवून देण्याचे काम या समितीचे आहे",स्वातंत्र्यानंतर स्थापन झालेल्या कृषी उत्पन्न पणन समित्यांचे काम शेतीला योग्य भाव मिळवून देणे आहे.
319,708293,D1,Agriculture,21.5,जनावरांची तब्येत बरी रवाच्यासाठी आणि तेनी दूध वाडवच्यासाठी तेंका पौष्टिक खाणा घालुक होया,जनावरांची तब्येत बरी ठेवण्यासाठी आणि त्यांना दूध वाडव्यासाठी पौष्टिक खाणे द्यावे.
320,716918,D2,Banking,22.423,सरकार आपल्या लोकांना सामाजिक सुरक्षा प्रदान करण्यासाठी भविष्य निर्वाह निधीची सुविधा प्रदान करते,सरकार आपल्या लोकांना सामाजिक सुरक्षा प्रदान करण्यासाठी भविष्य निर्वाह निधीची सुविधा प्रदान करते
321,723739,D4,Banking,21.433,"मले माया मित्राले दुसऱ्या शयरात पैसे पाठवाचे हाय , त्यासाठी मले का करा लागन ?","मला माझ्या मित्रांनी दुसऱ्या ठिकाणी पैसे पाठवायचे आहेत, त्यासाठी मला काय करावे लागेल?"
322,710328,D1,Agriculture,21.5,"प्रोसो बाजरीचो उपयोग माणसांच्या जेवणात , जनावरांच्या चार्यात आणि इथेनॉल उत्पादनासाठी करतत","प्रोसो बाजरीचा उपयोग माणसांच्या जेवणात, जनावरांच्या चार्यात आणि इथेनॉल उत्पादनासाठी केला जातो."
323,718355,D2,Banking,22.389,मी माझे गॅस किंवा वीज किंवा पाणी किंवा केबल बिल ऑनलाईन भरले तर जास्त पैसे लागतील का ?,मी माझे गॅस किंवा वीज किंवा पाणी किंवा केबल बिल ऑनलाईन भरले तर जास्त पैसे लागतील का?
324,718761,D4,Banking,21.423,बाँड मार्केटचा संदर्भ विविध संस्थांद्वारे जारी केलेल्या विविध कर्ज साधनांच्या खरेदी विक्रीशी आहे,बाँड मार्केटचा संदर्भ विविध संस्थांद्वारे जारी केलेल्या विविध कर्ज साधनांच्या खरेदी विक्रीशी आहे
325,706533,D1,Banking,21.5,संपत्ती आणि सामाजिक बदल निर्माण करुसाठी स्त्रीवादी उद्योजकांका व्यावसायिक बाजारपेठेत प्रवेश करुक हवा,संपत्ती आणि सामाजिक बदल निर्माण करण्यासाठी स्त्रीवादी उद्योजकांनी व्यावसायिक बाजारपेठेत प्रवेश करायला हवा.
326,724724,D2,Agriculture,22.375,"घर बनाडासाठे , फर्निचर बनाडाले अनी पूल बनाडासाठे लाकूडना उपेग करतंस ते लाकूडना अर्थव्यवस्थावर अवलंबी रहास","घर, फर्निचर आणि पूल लाकडाचे बनवलेले आहेत; तुम्ही ते लाकूड अर्थव्यवस्थेवर अवलंबून राहता."
327,724357,D4,Banking,21.423,शहरी पायाभूत सुविधा सुधारण्यासाठी ही योजना शहरी स्थानिक संस्थांना संसाधनांची उपलब्धता सुनिश्चित करते,शहरी पायाभूत सुविधा सुधारण्यासाठी ही योजना शहरी स्थानिक संस्थांना संसाधनांची उपलब्धता सुनिश्चित करते
328,707930,D1,Agriculture,21.5,मेंढ्यांच्या प्रजननासाठी मेंढी बरोबर मेंढ्यांची पैदास केली जाता,मेंढ्यांच्या प्रजननासाठी मेंढी बरोबर मेंढ्यांची पैदास केली जाते
329,716326,D2,Banking,22.346,"मासेमारीच्या पाच मूलभूत पद्धती म्हणजे आमिष फिशिंग , फ्लाय फिशिंग आणि बेट फिशिंग","मासेमारीच्या पाच मूलभूत पद्धती म्हणजे आमिष फिशिंग, फ्लाय फिशिंग आणि बेट फिशिंग"
330,724411,D4,Agriculture,21.35,"आस्कियुरी समुद्र व नदीचे पाणी या दोन्ही समावेश आहे , म्हणून त्यात गोड व मीठ या दोन्ही पाण्यात मासे पाळते","आकृती समुद्र आणि नदीचे पाणी या दोन्ही समाविष्ट आहे, म्हणून त्यात गोड आणि मीठ या दोन्ही पाण्यात मासे पाळतात."
331,710920,D1,Agriculture,21.5,मालमत्तेचा किंवा सेवेचा बाजारमूल्य पुरवठो आणि मागणीच्या शक्तींद्वारा निर्धारीत केला जाता,मालमत्तेचा किंवा सेवेचा बाजारमूल्य पुरवठ्या आणि मागणीच्या शक्तींद्वारे निर्धारित केला जातो.
332,713538,D2,Agriculture,22.342,"गायनं मास , दूधदूभतं , मेंढ्या बक या , डुकरे , कोंबड्या हायी सरवं ढोरे ढाकरेस्पाईन मियनारं धन शे","गायींचे दूध, मेंढ्या आणि बक, डुकरे, कोंबड्या सर्व ढोरे, ढाकरेस्पाईन मियनारं धन शे."
333,724450,D4,Agriculture,21.222,"व्यावसायिकदृष्ट्या उपयुक्त बास्ट तंतूंमध्ये अंबाडी , भांग , रॅमी , रोझेल , भांग , उराणा यांचा समावेश होतो","व्यावसायिकदृष्ट्या उपयुक्त बास्ट तंतूंमध्ये अंबाडी, भांग, रॅमी, रोझेल, भांग, उराणा यांचा समावेश होतो."
334,707556,D1,Agriculture,21.5,"झुंडीच्या प्रक्रियेत , येका च वसाहतीचे दोनापेक्षा जास्त येगळ्या वसाहतींमध्ये भाग करतत",झुंडीच्या प्रक्रियेत येथे दोनपेक्षा जास्त वसाहतींमध्ये भाग केले जात आहे.
335,713827,D2,Agriculture,22.333,भारत मा कच्चा माल अर्धा कच्चा मालवर प्रक्रिया करेल माल निर्यात करस,भारत अर्धा कच्चा माल त्यावर प्रक्रिया करून माल निर्यात करेल
336,719447,D4,Agriculture,21.0,मटर सामान्यतः लहान गोलाकार बियाण्यांच्या बियांच्या बिया किंवा पिसम सॅटिव्हम या फळाच्या शेंगा असतात,मटर सामान्यतः लहान गोलाकार बियाण्यांच्या बिया किंवा पिसम सॅटिव्हम या फळाच्या शेंगा असतात
337,724829,D1,Banking,21.5,पैशाची निर्मिती ही प्रक्रिया असा ज्याद्वारा एखाद्या देशाचो किंवा आर्थिक प्रदेशाचो पैसो पुरवठा वाढवलो जाता,पैशाची निर्मिती ही प्रक्रिया आहे ज्याद्वारे एखाद्या देशाचा किंवा आर्थिक प्रदेशाचा पैसा पुरवठा वाढवला जातो.
338,715492,D2,Agriculture,22.25,"खारट माती , दलदलीची माती , जंगलाची माती हे मातीचे नावं आहेत","खारट माती, दलदलीची माती, जंगलाची माती ही मातींची नावे आहेत."
339,719064,D4,Agriculture,21.0,राजेश हिवाळ्याच्या सुरुवातीला भोपळ्याच्या गाण्यासाठी चांगल्या दर्जाच्या बिया घेऊन येतो,राजेश हिवाळ्याच्या सुरुवातीला भोपळ्याच्या गाण्यासाठी चांगल्या दर्जाच्या बिया घेऊन येतो
340,724999,D1,Banking,21.5,उत्पन्न कमी असणाऱ्या लोकांका व्यापार करूचो असल्यास ते शून्य टक्के व्याजदर असलेल्या कर्जाचो विचार करू शकतत,उत्पन्न कमी असणाऱ्या लोकांना व्यापार करायचे असल्यास ते शून्य टक्के व्याजदराची कर्जे विचार करू शकतात
341,712725,D2,Agriculture,22.0,रानटी मासा छोटा मासासले खायीसन पाणी परिस्थिती तंत्र संभाई ठेवतस,रानटी माशाने छोटे मासे खाल्ले आणि पाण्याची परिस्थिती तंत्र सांभाळत आहे.
342,719505,D4,Banking,21.0,मूळ मालमत्तेच्या स्थिर मागणीमुळे जोखीम व्यवस्थापन हा मूल्याच्या कोणत्याही स्टोअरचा मुद्दा आहे,मूळ मालमत्तेच्या स्थिर मागणीमुळे जोखीम व्यवस्थापन हा मूल्याच्या कोणत्याही घटकाचा मुद्दा आहे
343,724986,D1,Agriculture,21.5,जसवीरने सांगितल्यान की एका रोपाक दुसऱ्या रोपाशी जोडुची पद्धतीची सगळी माहिती तेना कृषि तज्ञांकडना शिकल्यान,जसवीरने सांगितले की एका रोपाचे दुसऱ्या रोपाशी जोडण्याची पद्धतीची सगळी माहिती त्याला कृषी तज्ञांकडे शिकली.
344,717873,D2,Agriculture,22.0,टोमॅटोची दर्जेदार वाढ होण्यासाठी कोणत्या मातीत व हंगामात हे पीक घ्यावे ?,उत्तम दर्जाचे टोमॅटो वाढवण्यासाठी कोणत्या मातीत व हंगामात हे पीक घ्यावे?
345,720277,D4,Banking,21.0,मायक्रो क्रेडिट कर्जांचा व्याजदर सामान्य व्याज दरापेक्षा कितीतरी जास्त असतो,मायक्रो क्रेडिट कर्जांचा व्याजदर सामान्य व्याज दरापेक्षा खूप जास्त असतो.
346,724998,D1,Banking,21.5,जी.आय.एस एक्सेस कंट्रोल आणि डिजिटल पैशे यासाठी स्मार्ट कार्ड उद्योगधंदे करणाऱ्यांसाठी खूप उपयोगाचा असा,जी.आय.एस एक्सेस कंट्रोल आणि डिजिटल पैशांसाठी स्मार्ट कार्ड उद्योगधंदे करणाऱ्यांसाठी खूप उपयोगी आहे.
347,713785,D2,Agriculture,22.0,"सत्य घटनावर परिणाम करणारा घटक खेती क्षेत्रमा हवामान , माटी आनी पाणी ना ठिकाणे शेतस","सत्य घटनांवर परिणाम करणारा घटक हवामान, माती आणि पाणी त्या ठिकाणे क्षेत्रात असते."
348,722541,D4,Agriculture,21.0,मुहाना मत्स्य पालनाची समस्या जास्त मासेमारी आणि प्रदूषण आहे,मुहाना मत्स्य पालनाची समस्या जास्त मासेमारी आणि प्रदूषण आहे
349,724972,D1,Agriculture,21.5,"रताळ्यांमुळे रोगप्रतिकारशक्ती वाढता , डोळ्यांचा आरोग्य सुधारता आणि निरनिराळ्या रोगजंतूंपासना आपला संरक्षण होता","डोळ्यांमुळे रोगप्रतिकारशक्ती वाढते, डोळ्यांचे आरोग्य सुधारते आणि निरनिराळ्या रोगजंतूंपासून आपले संरक्षण होते."
350,715143,D2,Banking,22.0,मुद्रा बाजाराच्या खात्याचा व्याज दर सामान्य खात्यापेक्षा जास्त असतो,मुद्रा बाजाराच्या खात्याचा व्याज दर सामान्य खात्यापेक्षा जास्त असतो
351,719680,D4,Agriculture,21.0,कृषी शास्त्रज्ञ आज पंचायत कार्यालयात पोषक व्यवस्थापनाबाबत माहिती देण्यासाठी आले होते,कृषी शास्त्रज्ञ आज पंचायत कार्यालयात पोषक व्यवस्थापनाबाबत माहिती देण्यासाठी आले होते
352,724884,D1,Banking,21.5,निश्चित उत्पन्नाच्या विश्लेषणात भविष्यात त्याच्या मूल्यावर परिणाम करणाऱ्यो आर्थिक बाबींचो समावेश होता,निश्चित उत्पन्नाच्या विश्लेषणात भविष्यात त्याच्या मूल्यावर परिणाम करणाऱ्या आर्थिक बाबींचा समावेश होता.
353,713346,D2,Agriculture,22.0,चोपन्न पेक्शा जास्त टक्का आयात करेल वनस्पती तेलवर आपला भारतनं भागी हायनं,चोपन्नपेक्षा जास्त टक्का आयात करेल वनस्पती तेलावर आपला भारत नाहीये का?
354,722721,D4,Banking,21.0,गरिबांमध्ये बचतीला चालना देण्यासाठी अनेक देशांनी बँकिंग प्रणाली मध्ये पोस्ट ऑफिसचा समावेश केला आहे,गरिबांमध्ये बचतीला चालना देण्यासाठी अनेक देशांनी बँकिंग प्रणालीमध्ये पोस्ट ऑफिसचा समावेश केला आहे
355,706834,D1,Banking,21.5,निश्चित उत्पन्न विश्लेषक विशिष्ट सुरक्षा टाळूची की न्हाय या निष्कर्षापर्यंत पोहोचण्याचो प्रयत्न करता,निश्चित उत्पन्न विश्लेषकाने विशिष्ट सुरक्षा टाळल्याच्या निष्कर्षापर्यंत पोहोचण्याचा प्रयत्न केला
356,718594,D2,Banking,22.0,माझ्या मोबाईलद्वारे मला विम्याचा मासिक हफ्ता किंवा प्रीमियम भरता येईल का ?,माझ्या मोबाईलद्वारे मला विम्याचा मासिक हफ्ता किंवा प्रीमियम भरता येईल का?
357,719443,D4,Agriculture,21.0,या योजनेद्वारे मच्छिमारांना घरे बांधण्यासाठी इतर गोष्टींसाठी आर्थिक सहाय्य देण्यात आले,या योजनेद्वारे मच्छिमारांना घरे बांधण्यासाठी इतर गोष्टींसाठी आर्थिक सहाय्य देण्यात आले.
358,724848,D1,Banking,21.5,चेक स्टेटस इन्क्वायरी ट्रान्झॅक्शन ग्राहकाक कोणत्याही वेळी त्यांका जारी केलेल्यो चेकचा स्टेटसची चौकशी करू देता,"चेक स्टेटस इन्क्वायरी ट्रान्झॅक्शन ग्राहकांना कोणत्याही वेळी त्यांना जारी केले आहे, चेकचा स्टेटसची चौकशी करू देता"
359,717220,D2,Agriculture,22.0,मास्टर जी सांगत होते की ग्रीन हाऊसमध्ये हवा जाण्यासाठी जागा असली पाहिजे,मास्टर जी सांगत होते की ग्रीन हाऊसमध्ये हवा जाण्यासाठी जागा असली पाहिजे.
360,719265,D4,Agriculture,21.0,"पोल्ट्री फार्मिंग म्हणजे मांस किंवा अंडी यासाठी कोंबडी , बदके इत्यादी प्राण्यांचे संगोपन करणे","पोल्ट्री फार्मिंग म्हणजे मांस किंवा अंडी यासाठी कोंबडी, बदके इत्यादी प्राण्यांचे संगोपन करणे"
361,724825,D1,Banking,21.5,गुंतवणुकीची जोखीम म्हणजे कोणत्याही विशिष्ट गुंतवणुकीवरली अपेक्षित परताव्याच्यो तुलनेत तोटा होण्याची संभाव्यता,गुंतवणुकीची जोखीम म्हणजे कोणत्याही विशिष्ट गुंतवणुकीवरच्या अपेक्षित परताव्याच्या तुलनेत तोटा होण्याची संभाव्यता
362,713045,D2,Banking,22.0,अर्थशास्त्रज्ञसना अनुमान शे का भविष्यमा आभासी चलन यवहार करानं माध्यम राहू शकस,अर्थशास्त्रज्ञ अनुमान लावतात की भविष्यकाळात आभासी चलन व्यवहार करानं माध्यम राहू शकते
363,724354,D4,Banking,21.0,अठराव्या शतकात सैन्याने सैनिक आणि पुरवठा दारांना पैसे देण्याची परवानगी देण्यासाठी वॉरंटचा वापर केला,अठराव्या शतकात सैन्याने सैनिक आणि पुरवठा दारांना पैसे देण्याची परवानगी देण्यासाठी वॉरंटचा वापर केला
364,724898,D1,Banking,21.5,कर्जाची हमी म्हणजे कर्जोदारानं चूक केल्यास कर्जोदाराचो कर्ज दायित्व गृहीत धरण्याचो एका पक्षाने दिलेला वचन असा,कर्जाची हमी म्हणजे कर्जोदाराने चूक केल्यास कर्जोदाराचे कर्ज दायित्व गृहीत धरण्याचे एका पक्षाने दिलेले वचन आहे
365,715659,D2,Banking,22.0,तुम्हाला माहिती आहे का ? रेल्वे मंत्री लालूप्रसाद यादव यांनी लागोपाठ आठ सहा वेळा बजेट सादर केले,तुम्हाला माहिती आहे का? रेल्वे मंत्री लालूप्रसाद यादव यांनी लागोपाठ आठ सहा वेळा बजेट सादर केले.
366,724385,D4,Banking,21.0,चलनवाढ म्हणजे राष्ट्रीय चलनाच्या मूल्याच्या संबंधात दिलेल्या कालावधीत वस्तूंच्या किमतीत सतत होणारी वाढ,चलनवाढ म्हणजे राष्ट्रीय चलनाच्या मूल्याच्या संबंधात दिलेल्या कालावधीत वस्तूंच्या किमतीत सतत होणारी वाढ
367,724957,D1,Banking,21.447,"स्टॉक एक्सचेंज फीड , ब्रोकर आणि डिलर डेस्क हेच्याकडसून माहीती गोळा केली जाता , असा तो आफिसर सांगत होतो","स्टॉक एक्सचेंज फीड, ब्रोकर आणि डिलर डेस्क याकडून माहिती गोळा केली जात होती, असा तो अधिकारी सांगत होता."
368,715498,D2,Agriculture,22.0,गरोदर स्त्रियांच्या हृदयासाठी आणि रक्तातील साखरेच्या प्रमाणाच्या नियंत्रणासाठी उपयोगी असते,गरोदर स्त्रियांच्या हृदयासाठी आणि रक्तातील साखरेच्या प्रमाणाच्या नियंत्रणासाठी उपयोगी असते
369,724510,D4,Agriculture,21.0,खसखसच्या बियांमध्ये मूत्रपिंडाच्या आकाराचे बिया असतात आणि ते वाळलेल्या बियांच्या शेंगांमधून काढले जातात,खसखसच्या बियांमध्ये मूत्रपिंडाच्या आकाराचे बिया असतात आणि ते वाळलेल्या बियांच्या शेंगांमधून काढले जातात
370,708135,D1,Banking,21.441,"स्थिर मालमत्ता ही अशी मालमत्ता आसा जी कंपनीच्या ग्राहकांना थेट विकली जात नाय , ह्या ध्यानात ठेव","स्थिर मालमत्ता म्हणजे अशी मालमत्ता जी कंपनीच्या ग्राहकांना थेट विकली जात नाही, हे लक्षात ठेवा."
371,715770,D2,Agriculture,22.0,"पूर्वानुमान भविष्यवाणी एक सारखा , परंतु जास्त सामान्य शब्द आहे","पूर्वानुमान भविष्यवाणी एकसारखे आहे, परंतु ते अधिक सामान्य शब्द आहे."
372,724478,D4,Banking,21.0,"घरे , कार या गुंतवणुकीच्या वस्तू आहेत ज्याची खरेदीदार भविष्यात मालमत्ता पुनर्विक्री करण्यास सक्षम असेल",घरे आणि कार या गुंतवणुकीच्या वस्तू आहेत ज्यांच्या खरेदीदाराला भविष्यात मालमत्ता पुनर्विक्री करण्यास सक्षम असेल.
373,724995,D1,Banking,21.438,शेअर्स किंवा बॉन्डका वेगवेगळ्या येळेवर व्याज दर आणि तेच्यान होणाऱ्या मिळकतीक व्याज दरांची कालावधी संरचना बोलतत,शेअर्स किंवा बॉण्डांचे वेगवेगळ्या वर्षांवर व्याज दर आणि त्यातून होणाऱ्या मिळकतीच्या व्याज दरांची कालावधी संरचना बोलतात.
374,715115,D2,Agriculture,22.0,मत्स्यव्यवसाय व्यवस्थापनामध्ये माशांच्या प्रजातींचे नष्ट होण्यापासून संरक्षण केले जाते,मत्स्यव्यवसाय व्यवस्थापनामध्ये माशांच्या प्रजातींचे नष्ट होण्यापासून संरक्षण केले जाते
375,724440,D4,Agriculture,21.0,गेल्या अनेक वर्षांच्या अभ्यासानुसार गांजामध्ये औषधी गुणधर्म आहेत हे सिद्ध करण्याचा प्रयत्न केला गेला आहे,गेल्या अनेक वर्षांच्या अभ्यासानुसार गांजामध्ये औषधी गुणधर्म आहेत हे सिद्ध करण्याचा प्रयत्न केला गेला आहे
376,725001,D1,Banking,21.438,बाजार प्रभावामुळे खरेदी विक्री ची किंमत ही खरेदीदार किंवा विक्रीदाराच्या विरोधातही किंमत आणखी पुढे नेऊन ठेवता,बाजार प्रभावामुळे खरेदी-विक्रीची किंमत ही खरेदीदार किंवा विक्रेत्याच्या विरोधातही आणखी पुढे नेऊन ठेवली जाते.
377,716769,D2,Agriculture,22.0,लोफेटोन बेटावरून कॉड फिशिंग किंवा चीनमध्ये कोळंबी फार्म मासेमारी आहे,लोफेटोन बेटावरून कॉड फिशिंग किंवा चीनमध्ये कोळंबी फार्म मासेमारी आहे
378,724352,D4,Agriculture,21.0,काही देशांतील शेतकरी दुग्धोत्पादन आणि पुनरुत्पादन वाढवण्यासाठी दुभत्या गायींना संप्रेरक उपचार देतात,काही देशांतील शेतकरी दुग्धोत्पादन आणि पुनरुत्पादन वाढवण्यासाठी दुभत्या गायींना संप्रेरक उपचार देतात
379,706451,D1,Banking,21.423,तरलता ह्या अर्थशास्त्रातली येक संकल्पना असा ज्यात मालमत्तो आणि दायित्वांचा परिवर्तनीयता समाविष्ट असा,तरलता ही अर्थशास्त्रातील एक संकल्पना आहे ज्यात मालमत्ता आणि दायित्वांची परिवर्तनीयता समाविष्ट असते.
380,716684,D2,Banking,22.0,मूर्त मालमत्तेमध्ये चालू मालमत्ता आणि स्थावर मालमत्तेसह विविध उपश्रेणी असतात,मूर्त मालमत्तेमध्ये चालू मालमत्ता आणि स्थावर मालमत्तेसह विविध उपश्रेणी असतात
381,724471,D4,Agriculture,20.941,"कॉफी फिल्टर्स , बुक बाइंडिंग , पेपर आणि पट्टी यासारख्या बर्याच उत्पादनांमध्ये कापूसवर सहज प्रक्रिया केली जाते","कॉफी फिल्टर्स, बुक बाइंडिंग, पेपर आणि पट्टी यासारख्या बऱ्याच उत्पादनांमध्ये कापूसवर सहज प्रक्रिया केली जाते"
382,710851,D1,Agriculture,21.423,"बांबुकाम करणाऱ्या बांबुमध्ये वास्तुशिल्प , सुतारकाम , फर्निचर आणि कॅबिनेटरी विणणा समाविष्ठ असता","बांबुकामामध्ये वास्तुशिल्प, सुतारकाम, फर्निचर आणि कॅबिनेटरी विणणे समाविष्ट असते."
383,716611,D2,Banking,22.0,आर्थिक डेटा विक्रेता कार्यप्रदर्शन ऑप्टिमाइझ करण्यासाठी डेटाला मोठ्या प्रमाणात एन्कोड करू शकतो,आर्थिक डेटा विक्रेता कार्यप्रदर्शन ऑप्टिमाइझ करण्यासाठी डेटाला मोठ्या प्रमाणात एन्कोड करू शकतो
384,724410,D4,Agriculture,20.938,"कृत्रिम निवडीत , मानवाने अनेक वन्य जातींमधून उपयुक्त पिकांचे वर्गीकरण करून उपयुक्त जाती निर्माण केल्या आहेत",कृत्रिम निवडीत मानवाने अनेक वन्य जातींमधून उपयुक्त पिकांचे वर्गीकरण करून उपयुक्त जाती निर्माण केल्या आहेत
385,707523,D1,Agriculture,21.423,"जमीन , झाडे , वनस्पती आणि प्राणी यांच्यापासून मिळणाऱ्या वस्तूंका नैसर्गिक वस्तू म्हणतत","जमीन, झाडे, वनस्पती आणि प्राणी यांच्यापासून मिळणाऱ्या वस्तू नैसर्गिक वस्तू म्हणता येतात."
386,714396,D2,Agriculture,22.0,भारत सरकारनी मासेमारी करनारस्नी करता सागरी मत्स्यव्यवसाय योजना दोन हजार सतरामा लागू करी,भारत सरकार मासेमारी करण्याच्या निमित्ताने सागरी मत्स्यव्यवसाय योजना दोन हजार सतरामा लागू करेल
387,724400,D4,Banking,20.938,"गगावाचा भागात टिकाऊ , सामाजिक व आर्थिक माल व पायाभूत सुविधांची निर्मिती एस.जी.आर.वाय योजनेला सुरु केला",गगावाच्या भागात सामाजिक व आर्थिक माल व पायाभूत सुविधांची निर्मिती एस.जी.आर.वाय योजनेला सुरू केली
388,710831,D1,Banking,21.423,फायनान्शियल मार्केटस असोसिएशन ब्रॉड बाँड मार्केटचा वर्गीकरण पाच वेगवेगळ्या बाँड मार्केट मध्ये करता,फायनान्शियल मार्केटस असोसिएशन ब्रॉड बाँड मार्केटचे वर्गीकरण पाच वेगवेगळ्या बाँड मार्केटमध्ये करते
389,713981,D2,Banking,22.0,"तुम्हले माहीत शे का पाळीव प्राणी विमा पॉलिसी हाई कुत्रा , मांजर आणि घोडा साठे रास","तुम्हाला माहीत आहे का की पाळीव प्राणी विमा पॉलिसीमध्ये कुत्रा, मांजर आणि घोडा समाविष्ट आहेत"
390,724394,D4,Banking,20.938,राष्ट्रीय ग्रामीण आजीविका मिशन योजना स्वयं रोजगार व ग्रामीण गरीब संघटनला प्रोत्साहन देण्यास लक्ष केंद्रित करते,राष्ट्रीय ग्रामीण आजीविका मिशन योजना स्वयं रोजगार व ग्रामीण गरीब संघटनला प्रोत्साहन देण्यास लक्ष केंद्रित करते
391,709993,D1,Banking,21.423,बॅलन्स शीटसाधारणतः एका खंडात मालमत्ता व दुसऱ्या खंडात देना घेण्यासोबत सादर केली जाता,बॅलन्स शीट साधारणतः एका खंडात मालमत्ता आणि दुसऱ्या खंडात देणे घेण्यासोबत सादर केली जाते
392,716238,D2,Agriculture,22.0,साठवून ठेवण्याच्या दृष्टीकोणातून सुकलेली मोठी इलायची जास्त काळासाठी टिकते,साठवून ठेवण्याच्या दृष्टीकोणातून सुकलेली मोठी इलायची जास्त काळासाठी टिकते
393,721842,D4,Banking,20.929,विद्यार्थी कर्ज हा एक प्रकारचा कर्ज आहे जो विद्यार्थ्यांना शिक्षणासाठी पैसे देण्यास मदत करतो,विद्यार्थी कर्ज हा एक प्रकारचा कर्ज आहे जो विद्यार्थ्यांना शिक्षणासाठी पैसे देण्यास मदत करतो
394,724989,D1,Banking,21.423,गुंतवणूक केलेल्या भांडवलाक टक्क्यांच्या रुपात देखवलेल्या गुंतवणूक पोर्ट्फोलियोवर नफा किंवा तोट्याचो उपाय असा,गुंतवणूक केलेल्या भांडवलाच्या टक्क्यांच्या स्वरूपात दाखवलेल्या गुंतवणूक पोर्टफोलिओवर नफा किंवा तोटाचा उपाय असा
395,724656,D2,Agriculture,22.0,"वाहतुकीमध्ये फूले व फळे यांचे नुकसान होते , उष्णतेमुळे ते खराबदेखील होतात तसे होऊ नये यासाठी कोणती खबरदारी घ्यावी ?","वाहतुकीमध्ये फुले व फळे यांचे नुकसान होते, उष्णतेमुळे ते खराब देखील होतात, तसे होऊ नये यासाठी कोणती खबरदारी घ्यावी?"
396,724340,D4,Banking,20.929,लोक संख्येच्या सर्व स्तरांवर बचत उत्पादनांमध्ये प्रवेश प्रदान करण्यासाठी बचत बँकेची सुरुवात युरोपमध्ये झाली,लोक संख्येच्या सर्व स्तरांवर बचत उत्पादनांमध्ये प्रवेश प्रदान करण्यासाठी बचत बँकेची सुरुवात युरोपमध्ये झाली
397,707269,D1,Banking,21.409,संसद सदस्य स्थानिक क्षेत्र विकास योजना ग्रामीण विकास मंत्रालयाद्वारा प्रशासित होता,संसद सदस्य स्थानिक क्षेत्र विकास योजना ग्रामीण विकास मंत्रालयाद्वारे प्रशासित होता.
398,715091,D2,Agriculture,22.0,भारताचा भारतीय हवामान विभाग वेळोवेळी हवामानातील बदलाबद्दल माहिती देत असतो,भारताचा भारतीय हवामान विभाग वेळोवेळी हवामानातील बदलांबद्दल माहिती देत असतो.
399,721671,D4,Banking,20.923,"व्यवसायाचे नियमन करणारे नियम स्थापित करण्यासाठी , सुधारित करण्यासाठी सरकारे संघटनेचा वापर करतात","व्यवसायाचे नियमन करणारे नियम स्थापित करण्यासाठी, सुधारित करण्यासाठी सरकारे संघटनेचा वापर करतात."
400,710663,D1,Agriculture,21.367,"गाईच्या दुधापेक्षा म्हशीच्या दुधात चरबी , प्रथीना , लॅक्टोज , जीवनसत्त्वा आणि खनिजा जास्त असतत","गाईच्या दुधापेक्षा म्हशीच्या दुधात चरबी, प्रथिने, लॅक्टोज, जीवनसत्त्वे आणि खनिजे जास्त असतात."
401,724700,D2,Banking,22.0,"वाहन विम्याचा उद्देश , वाहनांमध्ये दुर्घटनेमुळे उत्पन्न झालेल्या दायित्वा विरुद्ध आर्थिक सुरक्षा देणे आहे",वाहन विम्याचा उद्देश वाहनांमध्ये दुर्घटनेमुळे उत्पन्न झालेल्या दायित्वाविरुद्ध आर्थिक सुरक्षा देणे आहे
402,721234,D4,Banking,20.917,नोटाबंदीचा उपयोग चलनाचे मूल्य स्थिर करण्यासाठी किंवा महागाईचा सामना करण्यासाठी केला जातो,नोटाबंदीचा उपयोग चलनाचे मूल्य स्थिर करण्यासाठी किंवा महागाईचा सामना करण्यासाठी केला जातो
403,708306,D1,Banking,21.367,"डिमांड ड्राफ्ट एक इन्वोईस सारखो आसता , जेच्यात रकमेची म्हायती आणि पाठवण्याची सगळी म्हायती आसता","डिमांड ड्राफ्ट एक इन्व्हॉईस सारखा असतो, ज्यात रकमेची माहिती आणि पाठवण्याची सगळी माहिती असते."
404,724761,D2,Agriculture,22.0,ट्रीकल इरिगेशन मध्ये छोट्या प्लास्टिकच्या ट्यूबांच्या मदतीने प्रत्येक झाडाला कमी गतीने पाणी दिले जाते,त्रिकोणीय सिंचनमध्ये छोट्या प्लास्टिकच्या ट्यूबांच्या मदतीने प्रत्येक झाडाला कमी गतीने पाणी दिले जाते
405,721006,D4,Agriculture,20.917,राफ्ट संस्कृतीतील मोलस्क आणि पिंजऱ्याच्या संस्कृतीतील मासे हे प्रदूषणाचे प्रमुख स्रोत आहेत,राफ्ट संस्कृतीतील मोलस्क आणि पिंजऱ्याच्या संस्कृतीतील मासे हे प्रदूषणाचे प्रमुख स्रोत आहेत
406,724907,D1,Banking,21.367,"डेरिव्हेटिव्ह मार्केट दोन भागात विभागला असा , एक्सचेंज ट्रेडेड डेरिव्हेटिव्ह आणि ओव्हर द काउंटर डेरिव्हेटिव्ह","डेरिव्हेटिव्ह मार्केट दोन भागात विभागले आहे, एक्सचेंज ट्रेडेड डेरिव्हेटिव्ह आणि ओव्हर द काउंटर डेरिव्हेटिव्ह."
407,724784,D2,Agriculture,22.0,बहुतेक प्राण्यांच्या खतामध्ये विष्ठा असते यात जनावरांच्या खताच्या प्रकारांमध्ये शेणखत किंवा शेतातील स्लरी येते,"बहुतेक प्राण्यांच्या खतामध्ये विष्ठा असते, ज्यात जनावरांच्या खताच्या प्रकारांमध्ये शेणखत किंवा शेतातील स्लरी येते."
408,724356,D4,Agriculture,20.909,राष्ट्रीय फलोत्पादन मंडळाचे उद्दिष्ट फलोत्पादन उद्योगाच्या एकात्मिक विकासामध्ये सुधारणा करण्याचे आहे,राष्ट्रीय फलोत्पादन मंडळाचे उद्दिष्ट फलोत्पादन उद्योगाच्या एकात्मिक विकासामध्ये सुधारणा करण्याचे आहे
409,724908,D1,Banking,21.324,"दीर्घकालीन सात वर्षांपेक्षो जास्त , मध्यम मुदत दोन ते सात वर्षांच्यो दरम्यान , अल्पकालीन दोन वर्षांहुन कमी","दीर्घकालीन सात वर्षांपेक्षा जास्त, मध्यम मुदत दोन ते सात वर्षांदरम्यान, अल्पकालीन दोन वर्षांपेक्षा कमी"
410,724786,D2,Agriculture,22.0,"व्यापक स्वरूपातील सर्वमान्य पशुधनामध्ये गोमांस आणि शेळ्या , मेंढ्या व गुरेढोरे यापासूनचा दुग्धव्यवसाय येतो","व्यापक स्वरूपातील सर्वमान्य पशुधनामध्ये गोमांस, शेळ्या, मेंढ्या व गुरेढोरे यापासून दुग्धव्यवसाय येतो."
411,724381,D4,Banking,20.889,"मुदत ठेवीच्या बाबतीत , जर तुम्हाला तुमचे पैसे देय तारखेपूर्वी काढायचे असतील , तर तुम्हाला दंड भरावा लागेल","मुदत ठेवच्या बाबतीत, जर तुम्हाला तुमचे पैसे देय तारखेपूर्वी काढायचे असतील, तर तुम्हाला दंड भरावा लागेल."
412,724939,D1,Agriculture,21.3,"चिकणमाती , काळी , लाल आणि पिवळी लॅटराइट , कोरडी माती आणि जंगलातील माती ह्ये भारतात आढळणारे मातीचे प्रकार आसत","चिकणमाती, काळी, लाल आणि पिवळी लॅटराइट, कोरडी माती आणि जंगलातील माती हे भारतात आढळणारे मातीचे प्रकार असतात."
413,724773,D2,Banking,22.0,"बँकेकडे घर पुन्हा ताब्यात घेणे आणि त्याला विकण्याचा , अधिकार पैसे वसूल करण्यासाठी कायदेशीररित्या दिलेला असतो",बँकेकडे घर पुन्हा ताब्यात घेणे आणि त्याला विकण्याचा अधिकार पैसे वसूल करण्यासाठी कायदेशीररित्या दिलेला असतो
414,724479,D4,Banking,20.875,"प्रवास धोरणे वैयक्तिक मालमत्ता , भाड्याची उपकरणे , भाड्याच्या कार , खंडणी विनंत्या यांचे नुकसान करतात","प्रवास धोरणे, वैयक्तिक मालमत्ता, भाड्याची उपकरणे, भाड्याच्या कार आणि खंडणी विनंत्या यांचे नुकसान करतात."
415,724955,D1,Agriculture,21.3,"सिंचनाच्या प्रकारांमध्ये स्प्रिंकलर सिंचन , पृष्ठभाग सिंचन , उपसिंचन आणि हातान सिंचन यांचो समावेश आसा","सिंचनाच्या प्रकारांमध्ये स्प्रिंकलर सिंचन, पृष्ठभाग सिंचन, उपसिंचन आणि हाताने सिंचन यांचा समावेश आहे."
416,724729,D2,Banking,22.0,राष्ट्रीय आर्थिक समावेशन अभियान हाई माननीय पंतप्रधान यास्नी प्रधानमंत्री जनधन योजना म्हनीसन सादर कर,राष्ट्रीय आर्थिक समावेशन अभियानाअंतर्गत माननीय पंतप्रधानांच्या प्रधानमंत्री जनधन योजनेचा सादर करा.
417,724470,D4,Agriculture,20.875,"लेटेक्स , नैसर्गिक रबर , सिंथेटिक रबर आणि थर्मोप्लास्टिक इलास्टोमर्स सारख्या इतर पॉलिमरिक पदार्थ समावेश आहे","लेटेक्स, नैसर्गिक रबर, सिंथेटिक रबर आणि थर्मोप्लास्टिक इलास्टोमर्स इतर पॉलिमरिक पदार्थांमध्ये समाविष्ट आहेत."
418,708847,D1,Banking,21.0,तुमका माहीत असा शेअर बाजारात प्रत्येक सामान्य माणूस मोठमोठ्या उद्योगांत आपली भागदारी करू शकता,तुम्हाला माहीत आहे की शेअर बाजारात प्रत्येक सामान्य माणूस मोठ्या उद्योगांत आपली भागीदारी करू शकतो
419,724693,D2,Agriculture,22.0,मेंढी पालन न करता आजुबाजूला गवताचं मैदान बनवून शेतीच्या स्तरावर मेंढ्यांना चरण्यासाठीची व्यवस्था केली जाते,मेंढी पालन न करता आजूबाजूला गवताचे मैदान बनवून शेतीच्या स्तरावर मेंढ्यांना चरण्यासाठी व्यवस्था केली जाते
420,724366,D4,Agriculture,20.867,ट्यूलिप रोपांना जोरदार वाऱ्यापासून संरक्षण करावे लागते आणि योग्य ठिकाणी आणि सुपीक जमिनीत लावावे लागते,ट्यूलिप रोपांना जोरदार वाऱ्यापासून संरक्षण करावे लागते आणि योग्य ठिकाणी आणि सुपीक जमिनीत लावावे लागते
421,708710,D1,Agriculture,21.0,ग्रीन हाउसच्या आतली उष्णता बाहेर पडू शकना नाय म्हणान तेच्या आतला तापमान जास्त असता,ग्रीन हाऊसच्या आतली उष्णता बाहेर पडू शकत नाही म्हणून तेच्या आतला तापमान जास्त असते
422,715803,D2,Agriculture,22.0,प्राचीन काळापासून दक्षिण भारतीय स्वयंपाक घरांमध्ये शेवग्याच्या शेंगांच्या पाल्याचा उपयोग केला जातो,प्राचीन काळापासून दक्षिण भारतीय स्वयंपाक घरांमध्ये शेवग्याच्या शेंगांच्या पाल्याचा उपयोग केला जातो
423,724466,D4,Agriculture,20.833,"समुद्री माशांच्या शेतीमध्ये फिनफिश , शंख , कोळंबी व ऑयस्टर , खाऱ्या पानी तलावांमध्ये समुद्री शैवाल तयार होते","समुद्री माशांच्या शेतीमध्ये फिनफिश, शंख, कोळंबी व ऑयस्टर खाऱ्या पाण्यातील तलावांमध्ये समुद्री शैवाल तयार होतात."
424,708055,D1,Agriculture,21.0,"शेतकऱ्यांच्या फायद्यासाठी प्रधानमंत्री कृषी सिंचाई योजना करण्यात आली आसा , असा पिंकीनं सांगल्यान",शेतकऱ्यांच्या फायद्यासाठी प्रधानमंत्री कृषी सिंचाई योजना करण्यात आली असे पिंकीने सांगितले
425,724660,D2,Agriculture,21.947,"पावसाळा सुरु झाल्यावर जून महिन्यात कोणता भाजीपाला , कडधान्य , फळे यांची लागवड करावी याबाबत अधिक माहिती द्यावी ?","पावसाळा सुरू झाल्यावर जून महिन्यात कोणत्या भाजीपाला, कडधान्य आणि फळे यांची लागवड करायची आहे याबाबत अधिक माहिती द्यावी?"
426,724525,D4,Agriculture,20.812,"बांधकाम साहित्य , पार्टिकल बोर्ड , इन्सुलेशन बोर्ड , मानवी अन्न यासाठी वापरण्यात येणारे नैसर्गिक तंतू","बांधकाम साहित्य, पार्टिकल बोर्ड, इन्सुलेशन बोर्ड, मानवी अन्न यासाठी वापरण्यात येणारे नैसर्गिक तंतू"
427,709525,D1,Agriculture,21.0,फळे आणि भाज्यो यासारख्यो कृषी उत्पादित पिकासाठी उत्पादन ह्या सामान्यीकृत शब्द असा,फळे आणि भाज्या यासारख्या कृषी उत्पादित पिकासाठी उत्पादन हा सामान्यीकृत शब्द आहे.
428,724795,D2,Agriculture,21.944,"आसाम , जिथे तुम्हाला मोठया प्रमाणात हिरव्या कोऱ्या असलेल्या चहाच्या बागा सापडतील , जे डोळयांसाठी एक उपचार आहे","आसाम, जिथे तुम्हाला मोठ्या प्रमाणात हिरव्या पानांच्या असलेल्या चहाच्या बागा सापडतील, जे डोळ्यांसाठी एक उपचार आहे."
429,724473,D4,Agriculture,20.812,"खत , सेंद्रिय पदार्थांचे सेंद्रिय विघटन , नियंत्रित परिस्थितीत , मातीच्या कंडिशनर मध्ये समाविष्ट केले जाते","खत, सेंद्रिय पदार्थांचे सेंद्रिय विघटन नियंत्रित परिस्थितीत मातीच्या कंडिशनरमध्ये समाविष्ट केले जाते."
430,708318,D1,Banking,21.0,"तुमका म्हायती आसा काय , की म्युच्युअल सेविंग बँकेत बँकेचे अधिकार तेंच्या सभासदांकडे आसतत","तुमची माहिती काय आहे, की म्युच्युअल सेविंग बँकेचे अधिकार त्या सभासदांकडे होते?"
431,724704,D2,Agriculture,21.938,"शेती उपकरणांवर , त्या उपकरणाच्या उपयोगा संबंधीची माहिती इंग्रजी , हिंदी आणि स्थानिक भाषेमध्ये छापलेली असते","शेती उपकरणांवर त्या उपकरणाच्या उपयोगासंबंधीची माहिती इंग्रजी, हिंदी आणि स्थानिक भाषेमध्ये छापलेली असते."
432,724511,D4,Agriculture,20.789,"खाद्यतेल बाजारात , सर्वात सामान्य वनस्पती तेलांमध्ये सोयाबीन तेल , सूर्यफूल , कॉर्न , ऑलिव्ह , नारळ समावेश आहे","खाद्यतेल बाजारात सर्वात सामान्य वनस्पती तेलांमध्ये सोयाबीन तेल, सूर्यफूल, कॉर्न, ऑलिव्ह, नारळ समाविष्ट आहेत."
433,707539,D1,Agriculture,21.0,जेव्हा रेशीम किडे जास्त आर्द्रता आणि थंड वातावरणात वाढतत तेव्हा ही बुरशी सहसा दिसून येता,जेव्हा रेशीम किडे जास्त आर्द्रता आणि थंड वातावरणात वाढत असतात तेव्हा ही बुरशी सहसा दिसून येते
434,715591,D2,Agriculture,21.933,"जास्वंद , मल्लो परिवार मधील औषधी वनस्पती , झुडूप आणि झाडांच्या अनेक प्रजातींचे प्रकार आहे","जास्वंद, मल्लो कुटुंबातील औषधी वनस्पती, झुडूप आणि झाडांच्या अनेक प्रजातींचे प्रकार आहेत."
435,724518,D4,Agriculture,20.778,"शेतासाठी उत्तम शेतीची साधने म्हणजे दंताळे , फावडे , लोणचे , कुऱ्हाड , चारचाकी घोडागाडी , स्प्रिंकलर इ","शेतासाठी उत्तम शेतीची साधने म्हणजे दंताळे, फावडे, लोणचे, कुऱ्हाड, चारचाकी घोडागाडी, स्प्रिंकलर इत्यादी."
436,707887,D1,Agriculture,21.0,"माझ्या गावात गवारीच्या शेंगाची लागवड केली जाता , गवारीचे शेंगो लय पौष्टिक असतत","माझ्या गावात गवारीच्या शेंगाची लागवड केली गेली, गवारीचे शेंगो खूप पौष्टिक आहेत."
437,713687,D2,Banking,21.923,राष्ट्रीय ग्रामीण जीवन योजना हाई ग्रामीण विकास मंत्रालय गरीबसना ईकास साठे काम करस,राष्ट्रीय ग्रामीण जीवन योजना आणि ग्रामीण विकास मंत्रालय गरीबजनांसाठी काम करते
438,719509,D4,Banking,20.5,सिक्युरिटीज ट्रेडिंग मॅनेजमेंट अल्पावधीत पैसे कमविण्यासाठी खरेदी आणि विक्री करण्याची योजना आखत आहे,सिक्युरिटीज ट्रेडिंग मॅनेजमेंट अल्पावधीत पैसे कमविण्यासाठी खरेदी आणि विक्री करण्याची योजना आखत आहे
439,707766,D1,Banking,21.0,"प्राप्तकर्त्याने थेट ठेवीसाठी संदर्भ माहिती देणा आवश्यक आसा , असा माका त्या आफिसरांनं सांगल्यान","प्राप्तकर्त्याने थेट ठेवीसाठी संदर्भ माहिती देणे आवश्यक आहे, असे मला त्या कार्यालयांनी सांगितले."
440,713479,D2,Banking,21.917,जगना आर्थिक स्थिरता रिपोर्ट हाऊ जगमझारल्या आर्थिक घडामोडीसनी माहिती समजाले उपेगमा येस,जगना आर्थिक स्थिरता रिपोर्ट हाऊ जगमझारल्या आर्थिक घडामोडींची माहिती समजले उपयोगामा येस
441,723702,D4,Banking,20.5,माय सोनं काढून घ्यासाठी मले कितीक रुपये जास्त द्या लागन ?,माझी सोनं काढून घ्यासाठी मला किती रुपये जास्त द्या लागतील?
442,706494,D1,Banking,21.0,"भांडवल बाजार खरेदीदार आणि विक्रेते रोखा , स्टॉक यांसारख्यो आर्थिक सिक्युरिटीजच्या व्यापारात गुंततत",भांडवल बाजार खरेदीदार आणि विक्रेते स्टॉक यांसारख्या आर्थिक सिक्युरिटीजच्या व्यापारात गुंतत आहेत
443,715291,D2,Agriculture,21.917,"आधुनिक मासे व्यवस्थापन , व्यवस्थापन नियमांच्या सरकारी प्रणालीच्या स्वरूपात संदर्भित केलं जातं",आधुनिक मासे व्यवस्थापन व्यवस्थापन नियमांच्या सरकारी प्रणालीच्या स्वरूपात संदर्भित केले जाते.
444,720258,D4,Banking,20.5,पूर्वी मी माझे पासबुक स्टेटमेंट छापण्यासाठी रांगेत उभे राहायचो पण आता ते स्वतः करतो,पूर्वी मी माझे पासबुक स्टेटमेंट छापण्यासाठी रांगेत उभे राहायचो पण आता ते स्वतः करतो
445,707400,D1,Banking,21.0,कंपनीची उप्तादना आणि सेवांच्या मार्केटींगसाठी सोशल मीडिया मार्केटिंगचो उपयोग करतत,कंपनीची उप्तादना आणि सेवांच्या मार्केटिंगसाठी सोशल मीडिया मार्केटिंग वापरत आहे
446,713720,D2,Agriculture,21.917,मासामारीमझार चौदालाख लोकेसले काम भेटस म्हणीसन भारतनं ते एक प्रमुख काम शे,मासेमारीचा चौदालाख लोकांचे काम मिळते म्हणून भारताचे ते एक प्रमुख काम आहे.
447,718851,D4,Agriculture,20.5,हाऊल टॉपरचा वापर बटाट्यांसारख्या जमिनीखालील पिकांचा बाहेरील भाग कापण्यासाठी केला जातो,हाऊल टॉपरचा वापर बटाट्यांसारख्या जमिनीखालील पिकांचा बाहेरील भाग कापण्यासाठी केला जातो.
448,707295,D1,Agriculture,21.0,अँथ्रॅकनोज ह्या बुरशीजन्य रोगान राजूच्या टामॅटो आणि काकडीच्या सगळ्या पिकांची नासाडी केल्यानं,अँथ्रॅकनोज या बुरशीजन्य रोगामुळे राजूच्या टोमॅटो आणि काकडीच्या सर्व पिकांचे नुकसान झाले.
449,715825,D2,Banking,21.5,फोन नंबरशी जोडलेल्या खात्यांना जोडण्यासाठी सामान्य यू.पी.आय प्रक्रियेचे अनुकरण केलं जात,फोन नंबरशी जोडलेल्या खात्यांना जोडण्यासाठी सामान्य यूपीआय प्रक्रियेचे अनुकरण केले जाते
450,719940,D4,Banking,20.5,खाजगी बँकेचे कामकाज एखाद्या व्यक्ती द्वारे खाजगीरित्या केले जाते हे तुम्हाला माहीत आहे,खाजगी बँकेचे कामकाज एखाद्या व्यक्तीद्वारे खाजगीरित्या केले जाते हे तुम्हाला माहीत आहे
451,707794,D1,Banking,21.0,"बचत बँक , लोकांका बँकिंग सेवांमध्ये प्रवेश करण्यास प्रोत्साहित करण्यासाठी डिझाइन करण्यात आली आसा",बचत बँक लोकांच्या बँकिंग सेवांमध्ये प्रवेश करण्यास प्रोत्साहित करण्यासाठी डिझाइन करण्यात आली आहे.
452,715459,D2,Agriculture,21.5,कॉफी प्रक्रियेसाठी च्या प्रभावी पद्धती मागच्या काही वर्षांमध्ये समोर आल्या आहेत,कॉफी प्रक्रियेसाठीच्या प्रभावी पद्धती मागच्या काही वर्षांमध्ये समोर आल्या आहेत
453,722266,D4,Agriculture,20.5,शेतीच्या पाण्यामध्ये कापणीयोग्य भागावर सिंचनासाठी वापरल्या जाणाऱ्या पाण्याचा समावेश होतो,शेतीच्या पाण्यामध्ये कापणीयोग्य भागावर सिंचनासाठी वापरल्या जाणाऱ्या पाण्याचा समावेश होतो
454,707806,D1,Agriculture,21.0,बाजार व्यवस्था समजावून घेण्यासाठी आपल्याक इतिहासात मागे जाऊचा लागात,बाजार व्यवस्था समजावून घेण्यासाठी आपल्या इतिहासात मागे जावे लागेल.
455,715588,D2,Agriculture,21.5,जास्तकरून खंडांच्या मध्य अक्षांशाच्या ठिकाणी खूप मोठ्या प्रमाणात शेती बघितली जाते,जास्तकरून खंडांच्या मध्य अक्षांशाच्या ठिकाणी खूप मोठ्या प्रमाणात शेती पाहिली जाते.
456,722333,D4,Agriculture,20.5,"अंकुर यांनी सांगितले की , पशुपालकांना दुग्धउद्योजकता विकास योजनेचा लाभ मिळण्याच्या अनेक संधी आहेत",अंकुर यांनी सांगितले की पशुपालकांना दुग्धउद्योजकता विकास योजनेचा लाभ मिळण्याच्या अनेक संधी आहेत
457,710403,D1,Agriculture,21.0,"मोहायर ह्यो एक चिकट फायबर असा ज्याचो उपयोग स्वेटर , टोपी आणि बाकिच्या सामानासाठी होता","मोहायर हे एक चिकट फायबर आहे ज्याचा उपयोग स्वेटर, टोपी आणि बाकीच्या सामानासाठी होता."
458,716651,D2,Banking,21.5,उद्याने सारख्या इतर सरकारी मालकीच्या सुविधांच्या वापरासाठी वापरकर्ता शुल्क आकारले जाते,उद्याने सारख्या इतर सरकारी मालकीच्या सुविधांच्या वापरासाठी वापरकर्ता शुल्क आकारले जाते
459,720009,D4,Agriculture,20.5,माती व्यवस्थापनातील पोषक घटक टिकवून ठेवण्यासाठी जमिनीत गांडुळांना प्रोत्साहन दिले पाहिजे,माती व्यवस्थापनातील पोषक घटक टिकवून ठेवण्यासाठी जमिनीत गांडुळांना प्रोत्साहन दिले पाहिजे
460,708962,D1,Banking,21.0,मिया लॅपटॉपसाठी फायनांस केलंय आणि माका तेच्या किंमतेपेक्षा जास्तीची रक्कम गावली,मी लॅपटॉपसाठी फायनान्स केले आहे आणि मला त्याच्या किमतीपेक्षा जास्त रक्कम मिळाली.
461,716293,D2,Agriculture,21.5,"हरित क्रांती उष्णकटिबंधीय क्षेत्रांमध्ये , शेतीमध्ये सुधारणा करण्यासाठी केला गेलेला कार्यक्रम होता",हरित क्रांती उष्णकटिबंधीय क्षेत्रांमध्ये शेतीमध्ये सुधारणा करण्यासाठी केला गेलेला कार्यक्रम होता
462,722242,D4,Agriculture,20.5,विजयने शेतीतील पिकांवरील कीड कशी ओळखावी हे शिकण्यासाठी दोन दिवसांच्या कृषी कार्यशाळेत प्रवेश घेतला,विजयने शेतीतील पिकांवरील कीड कशी ओळखावी हे शिकण्यासाठी दोन दिवसांच्या कृषी कार्यशाळेत प्रवेश घेतला
463,707516,D1,Agriculture,21.0,जंगली तांदूळ ह्या नाव जास्तकरून झिझानिया आणि पोर्टरेसियाच्या प्रजातींसाठी वापरला जाता,जंगली तांदूळ हे नाव झिझानिया आणि पोर्टरेसियाच्या प्रजातींसाठी वापरले जाते.
464,716141,D2,Agriculture,21.5,"विस्तृत शेतीमध्ये पिकाची उत्पादकता मातीच्या पीक उत्पादन क्षमतेवर तसेच , हवामानावर अवलंबून असते",विस्तृत शेतीमध्ये पिकाची उत्पादकता मातीच्या पीक उत्पादन क्षमतेवर तसेच हवामानावर अवलंबून असते
465,720200,D4,Agriculture,20.5,"मैदानी प्रदेश , उद्याने इत्यादींमध्ये मोठ्या प्रमाणावर गवत कापण्यासाठी यंत्रांचा वापर केला जातो","मैदानी प्रदेश, उद्याने इत्यादींमध्ये मोठ्या प्रमाणावर गवत कापण्यासाठी यंत्रांचा वापर केला जातो."
466,709645,D1,Agriculture,21.0,वजन आणि मोजमापाची कच्ची प्रणाली बहुतेकवेळा प्रागैतिहासिक काळापासूनची असता,वजन आणि मोजमापाची कच्ची प्रणाली बहुतेकवेळा प्रागैतिहासिक काळापासूनची असते.
467,717564,D2,Agriculture,21.5,पेरूच्या पानांमागे येणारी पांढरी बुरशी घालवण्यासाठी कोणत्या औषधाची फवारणी करावी ?,पेरूच्या पानांमागे येणारी पांढरी बुरशी घालवण्यासाठी कोणत्या औषधाची फवारणी करावी?
468,724319,D4,Banking,20.5,माया काकाच वय साठ वर्षांपेक्षा जास्त हाय तर त्याइले कर्ज भेटन का ?,माया काकाचे वय साठ वर्षांपेक्षा जास्त आहे तर त्याइतके कर्ज मिळेल का?
469,708427,D1,Agriculture,21.0,"भारत ह्यो कृषिप्रधान देश आसा , हयली निम्म्याहून जास्ती लोकां शेती आणि तेच्या संबंधी उद्योगात आसत","भारत हे कृषिप्रधान देश आहे, म्हणून निम्म्याहून जास्त लोकांचे शेती आणि त्याच्या संबंधी उद्योगात असते."
470,714509,D2,Banking,21.5,सरकार दुसरा देशमझारला मालले मर्यादामा ईकत लेस ज्यानीबये वस्तूस्न्या किंमती हातनी बाहेर जातीस नैत,सरकार दुसऱ्या देशमारला मर्यादांमध्ये इतके ज्यानीबये वस्तूंच्या किंमती हाताने बाहेर जातात.
471,721873,D4,Banking,20.5,मार्केट अकाउंटिंगला मार्क मार्केटची परिस्थिती बदलत असताना ताळेबंदावरील मूल्ये बदलू शकतात,मार्केट अकाउंटिंगला मार्क मार्केटची परिस्थिती बदलत असताना ताळेबंदावरील मूल्ये बदलू शकतात
472,708612,D1,Agriculture,21.0,पशू शेतकऱ्याक क्रेडीट कार्ड मधना जास्तीत जास्त तीन लाखातागत पैशे मिळतत,शेतकऱ्यांना क्रेडिट कार्डमधून जास्तीत जास्त तीन लाख रुपये मिळतात.
473,713127,D2,Banking,21.5,बँक तपशीलमा प्रासंगिक माहिती रास उदाहरणार्थ निश्चित तारीख पावत कितला पैसा देना शेत,बँकेचे तपशीलवार प्रासंगिक माहिती उदाहरणार्थ निश्चित तारीख पावत किती पैसा देणे शेत
474,721187,D4,Banking,20.5,एथिकल बँक आणि बेसल एकॉर्डने बँकिंग नियमन नैतिक गुणवत्ता मानदंडांचा समावेश करण्यासाठी विस्तार केला,एथिकल बँक आणि बेसल एकॉर्डने बँकिंग नियमनात नैतिक गुणवत्ता मानदंडांचा समावेश करण्यासाठी विस्तार केला.
475,708858,D1,Banking,21.0,कार्यात्मक समकक्षानी कित्येक कामांका करूक कराधानासून मिळालेल्या पैशाचो उपयोग केल्यानी,कार्यात्मक समकक्ष कामांचे कराधानासून मिळालेल्या पैशाचा उपयोग केल्यानी
476,712839,D2,Agriculture,21.5,वावर माधल पाणी जास्तीत जास्त वावरमझारला पीकस करता वापरतस,तुम्ही जास्तीत जास्त वावरमझारला पाणी वापरता.
477,718900,D4,Banking,20.5,प्रवास विमा एखाद्या व्यक्तीच्या प्रवासादरम्यान झालेल्या नुकसानाची कव्हर करतो,प्रवास विमा एखाद्या व्यक्तीच्या प्रवासादरम्यान झालेल्या नुकसानाची कव्हर करतो.
478,710280,D1,Agriculture,21.0,तुमका माहीत हा की रबरचा झाड सगळ्यात जास्तं केरळ आणि उत्तर पुर्वेकडच्या राज्यांतल्यानी मिळता,तुम्हाला माहीत आहे का की रबरचा झाड सर्वात जास्त केरळ आणि उत्तर पुर्वेकडच्या राज्यांतल्यानी मिळता
479,716624,D2,Agriculture,21.5,"जीनोम , जीवांचे अनुवांशिक साहित्य सुधारण्यासाठी शेतीमध्ये अनुवांशीक अभियांत्रिकी वापरली जाते",जीनोम जीवांचे अनुवांशिक साहित्य सुधारण्यासाठी शेतीमध्ये अनुवंशिक अभियांत्रिकी वापरले जाते
480,719355,D4,Banking,20.5,बँक ठेवींमध्ये बँकिंग संस्थांमध्ये सुरक्षित ठेवण्यासाठी ठेवलेल्या पैशांचा समावेश होतो,बँक ठेवमध्ये बँकिंग संस्थांमध्ये सुरक्षित ठेवलेल्या पैशांचा समावेश होतो.
481,708315,D1,Banking,21.0,"तुमका म्हायत आसा काय , की सरकारी बँके वेगवेगळ्या प्रकारचे फायदे आणि योजनांका आपल्यापर्यात पोचयतत","तुमची माहिती आहे का, की सरकारी बँका आपल्यासाठी वेगवेगळ्या प्रकारचे फायदे आणि योजना उपलब्ध आहेत?"
482,717159,D2,Agriculture,21.5,दुग्धोद्योगाला चालना देण्यासाठी भारतीय दुग्धोत्पादक गुरांच्या जातींचे जतन करणे आवश्यक आहे,दुग्धोद्योगाला चालना देण्यासाठी भारतीय दुग्धोत्पादक गुरांच्या जातींचे जतन करणे आवश्यक आहे
483,721046,D4,Agriculture,20.5,तांदळाच्या भुशाचा उपयोग प्रामुख्याने धातूंच्या उपचारात व सौर सिलिकॉन तयार करण्यासाठी केला जातो,तांदळाच्या भुशाचा उपयोग प्रामुख्याने धातूंच्या उपचारात व सौर सिलिकॉन तयार करण्यासाठी केला जातो
484,724827,D1,Banking,21.0,टॅक्स कॅल्क्युलेटर ह्या तुमका कोणताही आर्थिक वर्षात किती कर भरुक लागात याची गणना करण्यासाठी डिझाइन केलेला असा,टॅक्स कॅल्क्युलेटर हा तुमचा कोणताही आर्थिक वर्षात किती कर भरण्याची गणना करण्यासाठी डिझाइन केलेला आहे.
485,716566,D2,Banking,21.5,मागासलेल्या जिल्ह्यांमध्ये महात्मा गांधी राष्ट्रीय ग्रामीण रोजगार हमी कायदा लागू करण्यात आला,मागासलेल्या जिल्ह्यांमध्ये महात्मा गांधी राष्ट्रीय ग्रामीण रोजगार हमी कायदा लागू करण्यात आला
486,720374,D4,Banking,20.5,निश्चित मालमत्ता रोख किंवा बँक खाती यासारख्या चालू माल मत्तांपेक्षा भिन्न असतात,निश्चित मालमत्ता रोख किंवा बँक खाती यांसारख्या चालू मालमत्तांपेक्षा भिन्न असतात.
487,710250,D1,Banking,21.0,ज्या वस्तुंची किंमत भविष्यात निश्चित केली जाता त्यांका मूल्याचा भांडार म्हणतत,"ज्या वस्तूंची किंमत भविष्यात निश्चित केली जाते, त्या मूल्याचा भांडार म्हणतात."
488,715985,D2,Agriculture,21.5,माझ्या वडिलांनी शहरातून शेतीसाठी दकांबा नावाची औषधी वनस्पती मागवली आहे,माझ्या वडिलांनी शहरातून शेतीसाठी दकांबा नावाची औषधी वनस्पती मागवली आहे
489,722585,D4,Agriculture,20.5,"केळी वजन कमी करण्यासाठी , पचन आणि हृदय व रक्तवाहिन्यासंबंधी आरोग्यासाठी फायदेशीर असू शकतात",केळी वजन कमी करण्यासाठी पचन आणि हृदय व रक्तवाहिन्यासंबंधी आरोग्यासाठी फायदेशीर असू शकतात
490,724873,D1,Agriculture,21.0,भारतातल्या कृषी अडचणीं मधली येक अडचण म्हणजे छोट्या आणि विखुरलेल्या जमिनींवर सिंचनासाठी पाण्याची कमतरता ही आसा,भारतातील कृषी अडचणींमधील एक अडचण म्हणजे छोट्या आणि विखुरलेल्या जमिनींवर सिंचनासाठी पाण्याची कमतरता आहे.
491,713900,D2,Agriculture,21.5,नेमैटीकासाइड हाई एक किडानाशक रासायनिक शे ते दूसरा किडाले मारा साठे वापरतस,नेमैटीकासाइड हाय एक कीटकनाशक रासायनिक शेतीचे दुसरे कीड मारण्याचे साठे वापरत आहे
492,722221,D4,Agriculture,20.5,पंतप्रधान किसान मानधन योजनेचा लाभ घेण्यासाठी आमच्या ग्राम प्रधानांनी गावकऱ्यांकडून फॉर्म भरले,पंतप्रधान किसान मानधन योजनेचा लाभ घेण्यासाठी आमच्या ग्राम प्रधानांनी गावकऱ्यांकडून फॉर्म भरले
493,724854,D1,Banking,21.0,या योजनेचो उद्दिष्ट सुधारणेला प्रोत्साहन देऊचो आणि ओळखल्या गेलेल्यो शहरांचो जलदगतीने नियोजनबद्ध विकास करुचो,या योजनेचे उद्दिष्ट सुधारण्यासाठी प्रोत्साहन द्यावे आणि ओळखले गेलेले शहराचे जलदगतीने नियोजनबद्ध विकास करावे
494,716838,D2,Agriculture,21.5,"अत्तर बनवण्यासाठी गुलाबाच्या फुलाचा वापर केला जातो , अत्तरासाठी वापरण्यात येणारे हे पहिले फूल आहे","अत्तर बनवण्यासाठी गुलाबाच्या फुलाचा वापर केला जातो, अत्तरासाठी वापरण्यात येणारे हे पहिले फूल आहे."
495,721232,D4,Banking,20.5,अर्जदाराच्या माहितीच्या व्यवस्थापनात मदत करण्यासाठी अर्जदार ट्रॅकिंग सिस्टीम तयार करण्यात आली आहे,अर्जदाराच्या माहितीच्या व्यवस्थापनात मदत करण्यासाठी अर्जदार ट्रॅकिंग सिस्टीम तयार करण्यात आली आहे
496,724830,D1,Banking,21.0,प्रमाणित धनादेश ह्यो चेकचो येक प्रकार असा ज्यासाठी बँक खात्यात पुरेसो निधी अस्तित्वात असल्याची पडताळणी करता,प्रमाणित धनादेश हा एक प्रकार आहे ज्यासाठी बँक खात्यात पुरेसा निधी अस्तित्वात असल्याची पडताळणी केली जाते
497,713368,D2,Banking,21.5,तुम्हले माहिती शे का ? बँकना पैसास्नी जबाबदारी दोन्ही बाजूस कडथीन हास,तुम्हाला माहिती आहे का ? बँकेची जबाबदारी दोन्ही बाजूंनी आहे.
498,721892,D4,Banking,20.5,आंतरराष्ट्रीय संस्था मानकीकरणासाठी तांत्रिक औद्योगिक आणि व्यावसायिक मानक विकसित करते,आंतरराष्ट्रीय संस्था मानकीकरणासाठी तांत्रिक औद्योगिक आणि व्यावसायिक मानक विकसित करते
499,724871,D1,Banking,21.0,बिटकॉइन सारख्या चलनावरील भारी करांमुळे सार्वजनिक वित्तामध्ये सुधारणा आणि संतुलन अशी दोन्ही कामा झालेली आसत,बिटकॉइनसारख्या चलनावरील मोठ्या बदलांमुळे सार्वजनिक वित्तामध्ये सुधारणा आणि संतुलन असे दोन्ही काम झाले होते.
500,715468,D2,Banking,21.5,कोणत्याही देशा द्वारे घरगुती उद्योगांच्या संरक्षणासाठी आयात मालावरील जकात वाढवला जाऊ शकतो,कोणत्याही देशाद्वारे घरगुती उद्योगांच्या संरक्षणासाठी आयात मालावरील जकात वाढवला जाऊ शकतो.
501,721215,D4,Banking,20.5,वॉशिंग्टन मधील संस्थात्मक गुंतवणूकदारांच्या कौन्सिलच्या माध्यमातून त्यांची भरती करण्यात आली होती,वॉशिंग्टनमधील संस्थात्मक गुंतवणूकदारांच्या कौन्सिलच्या माध्यमातून त्यांची भरती करण्यात आली होती
502,724992,D1,Agriculture,21.0,"बांबू गवताच्या परिवारातला पोएसीच्या सब फॅमिलीतला बांबूसाईडी मधला सदाबहार , बारमाही फुलांच्या झाडांचा समूह असा",बांबू गवताच्या परिवारातला पोएसीच्या सब फॅमिलीतला बांबूसाईडी मधला सदाबहार बारमाही फुलांच्या झाडांचा समूह असा
503,713180,D2,Banking,21.5,इंटरनेटना लेवा देवा मुडे बॅक ना सर्वरमा जास्त ट्रॅफिक व्हयी जास,इंटरनेटमुळे सर्व्हरवर जास्त ट्रॅफिक आहे
504,721710,D4,Banking,20.5,अनेक व्यावसायिक बँका प्रमुख व्यवस्था म्हणून ओळखल्या जाणाऱ्या गुंतवणूक बँकांद्वारे प्रशासित होत्या,अनेक व्यावसायिक बँका प्रमुख व्यवस्था म्हणून ओळखल्या जाणाऱ्या गुंतवणूक बँकांद्वारे प्रशासित होत्या
505,724921,D1,Banking,21.0,ह्या एक व्यासपीठ असा ज्या ग्राहकांका त्यांचा डेस्कटॉपवरसून त्यांचो बँकिंग क्रियाकलाप पार पाडूक सक्षम करतत,हे एक व्यासपीठ आहे ज्या ग्राहकांचा त्यांचा डेस्कटॉपवरून त्यांचो बँकिंग क्रियाकलाप पार पाडूक सक्षम करत आहेत.
506,724791,D2,Agriculture,21.5,सिंगापूरमध्ये पापाव्हर सॉम्निफेरमच्या खसखस बियाणांच्या विक्रीवर मॉर्फिनच्या सामग्रीमुळे बंदी घालण्यात आली आहे,सिंगापूरमध्ये पापाव्हर सॉम्निफेरमच्या खसखस बियाणांच्या विक्रीवर मॉर्फिनच्या सामग्रीमुळे बंदी घालण्यात आली आहे
507,720363,D4,Banking,20.5,आर्थिक बाजार क्षेत्रांतर्गत आणि क्षेत्रातील गुंतवणुकीद्वारे पैशांचा प्रवाह करण्यास परवानगी देतात,आर्थिक बाजार क्षेत्रांतर्गत आणि क्षेत्रातील गुंतवणुकीद्वारे पैशांचा प्रवाह करण्यास परवानगी देतात
508,712383,D1,Banking,20.941,माका माझ्या शिक्षणासाठी एक लाख रुपये कर्ज काढू चा असा तर माका किती टक्के व्याज बसात ?,मला माझ्या शिक्षणासाठी एक लाख रुपये कर्ज काढायचे असेल तर मला किती टक्के व्याज द्यावे लागेल?
509,724752,D2,Agriculture,21.5,"अनपेक्षित घटनांमुळे होणाऱ्या पिकाचे नुकसान , नुकसानाने त्रस्त झालेल्या शेतकऱ्यांना आर्थिक मदत मिळवून देणे","अनपेक्षित घटनांमुळे होणाऱ्या पिकाचे नुकसान, नुकसानाने त्रस्त झालेल्या शेतकऱ्यांना आर्थिक मदत मिळवून देणे"
510,720020,D4,Agriculture,20.5,हायड्रोपोनिक्स वनस्पतीं मधील पोषकद्रव्ये टिकवून ठेवण्यासाठी पोषक द्रावणाचा वापर करतात,हायड्रोपोनिक्स वनस्पतींमधील पोषकद्रव्ये टिकवून ठेवण्यासाठी पोषक द्रावणाचा वापर करतात
511,724819,D1,Agriculture,20.941,"नैसर्गिक साहित्य म्हणजे खयचा पण उत्पादन किंवा भौतिक पदार्थ जो जमिन , प्राणी किंवा वनस्पती पासून येता","नैसर्गिक साहित्य म्हणजे उत्पादन किंवा भौतिक पदार्थ जे जमीन, प्राणी किंवा वनस्पतींपासून येते."
512,724767,D2,Banking,21.5,निष्पक्ष व्यापार वाढत्या देशांमध्ये उत्पादकांना टिकून राहण्यासाठी मदत करण्याकरिता डिझाईन केला गेला आहे,निष्पक्ष व्यापार वाढत्या देशांमध्ये उत्पादकांना टिकून राहण्यासाठी मदत करण्याकरिता डिझाइन केले गेले आहे.
513,724475,D4,Banking,20.5,सरकारी अधिकाऱ्यांचा उद्देश स्थानिक स्वराज्य संस्थांना पतपुरवठ्याच्या योग्यतेवर आधारित पतवृद्धी सुविधा पुरवणे,सरकारी अधिकाऱ्यांचा उद्देश स्थानिक स्वराज्य संस्थांना पतपुरवठ्याच्या योग्यतेवर आधारित पतवृद्धी सुविधा पुरवणे
514,707802,D1,Agriculture,20.923,"बागकामाच्या प्रकारांमध्ये फुलशेती , फुलांचा उत्पादन आणि शोभेच्या झाडांचा उत्पादन यांचो समावेश असता","बागकामाच्या प्रकारांमध्ये फुलशेती, फुलांचे उत्पादन आणि शोभेच्या झाडांचे उत्पादन यांचा समावेश असतो."
515,724673,D2,Banking,21.5,खेडामझारल्या बायास्ना आंगनी हुशारी दखाडानी करता आणि सोताना पायावर उभं राहता ई आशा कोणता कामे या योजनामा शेतस,खेडामझारल्या बायास्ना अंगणी हुशारी दाखवताना आणि सोताना पायावर उभे राहताना ही आशा कोणती कामे या योजनांमध्ये आहेत.
516,724421,D4,Banking,20.5,तंत्रज्ञानाच्या स्थापनेत आणि नवीन व्यवस्थापन संघाच्या विकासात उद्यम भांडवलाचा बराचसा भाग गुंतलेला असतो,तंत्रज्ञानाच्या स्थापनेत आणि नवीन व्यवस्थापन संघाच्या विकासात उद्यम भांडवलाचा बराचसा भाग गुंतलेला असतो
517,706659,D1,Banking,20.909,आयात किंवा निर्यात शुल्क ह्या राजकीय सीमांद्वारा मालाच्यो हालचालीसाठी शुल्क असा,आयात किंवा निर्यात शुल्क ह्या राजकीय सीमांमुळे मालाच्या हालचालीसाठी शुल्क आहे.
518,724756,D2,Agriculture,21.5,"आळीपाळीने पिक घेणे म्हणजे , वेगवेगळ्या प्रकारच्या पिकांना साखळीबद्ध ऋतुमानाप्रमाणे उगवण्यावर आधारित आहे",आळीपाळीने पिक घेणे म्हणजे वेगवेगळ्या प्रकारच्या पिकांना साखळीबद्ध ऋतमानाप्रमाणे उगवण्यावर आधारित आहे
519,724373,D4,Banking,20.5,दीर्घकालीन गुंतवणूक करणार्या कंपन्या किंवा सरकारांद्वारे भांडवली बाजाराचा उत्पादक वापर केला जाऊ शकतो,दीर्घकालीन गुंतवणूक करणाऱ्या कंपन्या किंवा सरकारांद्वारे भांडवली बाजाराचा उत्पादक वापर केला जाऊ शकतो
520,710069,D1,Banking,20.909,लोका आपल्या उत्पन्नयोजनेच्या स्वैच्छिक प्रकटीकरणात आपल्या उत्पन्न आणि मालमत्तेचो खुलासो करतत,लोका आपल्या उत्पन्नयोजनेच्या स्वैच्छिक प्रकटीकरणात आपल्या उत्पन्न आणि मालमत्तेचे खुलासो करत आहेत
521,717091,D2,Banking,21.5,तुमचे वैयक्तिक कर्ज तपशील तपासण्यासाठी तुम्ही तुमच्या बँकेच्या ग्राहक सेवा क्रमांकावर कॉल करू शकता,तुमचे वैयक्तिक कर्ज तपशील तपासण्यासाठी तुम्ही तुमच्या बँकेच्या ग्राहक सेवा क्रमांकावर कॉल करू शकता
522,724433,D4,Banking,20.5,गुंतवणूकदार त्याच्या तोट्याची भरपाई करण्यासाठी दिलेली रक्कम म्हणजे त्याचे नुकसान ओळखून जोखीम व्यवस्थापन आहे,गुंतवणूकदार त्याच्या तोट्याची भरपाई करण्यासाठी दिलेली रक्कम म्हणजे त्याचे नुकसान ओळखून जोखीम व्यवस्थापन आहे
523,724836,D1,Banking,20.875,"मॅक्रोइकॉनॉमिक्स ह्या अर्थ शास्त्राची येक शाखा असा ज्या कार्यप्रदर्शन , रचना , वर्तणूक यांचाशी संबंधित असा","मॅक्रोइकॉनॉमिक्स हे अर्थशास्त्राची एक शाखा आहे जी कार्यप्रदर्शन, रचना आणि वर्तणुकीशी संबंधित आहे"
524,714687,D2,Banking,21.444,घरनी करता करजं काढावर त्यानं व्याज येयवर नै फेडं ते चक्रवाढ व्याज देनं पडसं नैते घर हातमझारतीन जास,घराचे काम करताना कर्जे काढल्यावर त्यातून व्याज येवर ते चक्रवाढ व्याज फेडणे आणि घर हातमोजेत घेणे असे आहे.
525,724496,D4,Banking,20.5,बाजारपेठेचा प्रभाव म्हणजे बाजारपेठेतील सहभागी जेव्हा एखादी मालमत्ता खरेदी करतो व विकतो तेव्हा परिणाम होतो,बाजारपेठेचा प्रभाव म्हणजे बाजारपेठेतील सहभागी जेव्हा एखादी मालमत्ता खरेदी करतो व विकतो तेव्हा परिणाम होतो
526,724852,D1,Banking,20.875,"ए.पी योजना ह्या भारतातल्या सरकार समर्थित पेन्शन योजना असा , ज्या प्रामुख्यान असंघटित क्षेत्रासाठी लक्ष्यित असा","ए.पी. योजना ही भारतातील सरकार समर्थित पेन्शन योजना आहे, जी प्रामुख्याने असंघटित क्षेत्रासाठी लक्ष्यित आहे."
527,724725,D2,Agriculture,21.441,किसान क्रेडिट कार्ड शेतकरी लोकसले कमी याजदरमा कर्ज पुरावस ज्यानामुये शेतकरी त्यासना शेतीना कामे पुरा करु शकतस,"किसान क्रेडिट कार्डामुळे शेतकरी लोकांना कमी कर्ज लागते, ज्यानामुये शेतकरी त्यासना शेतीची कामे पूर्ण करू शकतात."
528,724393,D4,Banking,20.5,वित्तीय मॉडेलिंग ही वास्तविक जगातील आर्थिक परिस्थितीचे अमूर्त प्रतिनिधित्व तयार करण्याची क्रिया आहे,वित्तीय मॉडेलिंग ही वास्तविक जगातील आर्थिक परिस्थितीचे अमूर्त प्रतिनिधित्व तयार करण्याची क्रिया आहे
529,710618,D1,Agriculture,20.857,"काढणीनंतरच्या क्रियाकलापांमध्ये कापणी , हाताळणी , प्रक्रिया , वाहतूक आणि विपणन ह्यांचो समावेश होता","काढणीनंतरच्या क्रियाकलापांमध्ये कापणी, हाताळणी, प्रक्रिया, वाहतूक आणि विपणन यांचा समावेश होता."
530,724723,D2,Agriculture,21.438,"भारतमा होलसेल इक्रेतापक्सा किरकोय ईक्रेता जास्त शेतस , भारत सरकारनी आत्मनिर्भर भारत योजनाले उभारी देल शे","भारतात होलसेल आयात-निर्यात जास्त जमीन आहे, भारत सरकारने आत्मनिर्भर भारत योजनेने ती उपलब्ध केली आहे."
531,724436,D4,Banking,20.5,आपल्या ग्राहकांना जाणून घेणे म्हणजे के.वाय.सी ही संस्था सुरक्षित करण्यासाठी तयार केलेली प्रणाली आहे,आपल्या ग्राहकांना जाणून घेणे म्हणजे के.वाय.सी ही संस्था सुरक्षित करण्यासाठी तयार केलेली प्रणाली आहे
532,724964,D1,Agriculture,20.81,"डुकराची बाजना ही जात रोमानिया , ऑकलंड बेट ही जात न्युझीलंड आणि बाबी कंपुंग ही जात मूळची बंटू ह्या देशातली आसा","कुत्र्याच्या जातीचा मूळ रोमानिया आहे, ऑकलंड बेटची जात न्यूझीलंडची आहे आणि बाबी कंपुंगची जात मूळची बंटू ह्या देशांतील आहे."
533,724783,D2,Agriculture,21.433,"पाळीव प्राणी नसलेल्या प्राण्यांपासून फर , फायबर , चामडे इत्यादी मिळवण्याच्या प्रक्रियेला वन्यजीव शेती म्हणतात","पाळीव प्राणी नसलेल्या प्राण्यांपासून फर, फायबर, चामडे इत्यादी मिळवण्याच्या प्रक्रियेला वन्यजीव शेती म्हणतात."
534,724427,D4,Banking,20.5,भांडवलाची किंमत ही कंपनीला भांडवल पुरवण्याची अपेक्षा गुंतवणूकदारांना अपेक्षित असलेला किमान परतावा असतो,भांडवलाची किंमत ही कंपनीला भांडवल पुरवण्याची अपेक्षा गुंतवणूकदारांना अपेक्षित असलेला किमान परतावा असतो.
535,707797,D1,Banking,20.5,"बरोबर सांगलस , पण माका कॉलेजमधसूनच विद्यार्थिनींसाठीच्या आर्थिक योजनांची माहिती मिळाली व्हती","बरोबर सांगाल, पण मला कॉलेजमधून विद्यार्थिनींसाठीच्या आर्थिक योजनांची माहिती मिळाली."
536,716629,D2,Agriculture,21.433,"अधिक विशिष्ट हेतूसाठी लस , वैद्यकीय वापरासाठी , ॲटीसेरम तयार करण्यासाठी प्राण्यांचा वापर केला जातो","अधिक विशिष्ट हेतूसाठी लस, वैद्यकीय वापरासाठी, ॲटीसेरम तयार करण्यासाठी प्राण्यांचा वापर केला जातो."
537,724482,D4,Banking,20.5,ए.टी.एम कार्ड तुम्हाला ऑटोमेटेड टेलर मशीनद्वारे तुमच्या आर्थिक खात्यांमध्ये प्रवेश करण्यास सक्षम करते,एटीएम कार्ड तुम्हाला ऑटोमेटेड टेलर मशीनद्वारे तुमच्या आर्थिक खात्यांमध्ये प्रवेश करण्यास सक्षम करते
538,707267,D1,Banking,20.5,आवश्यक आंतरराष्ट्रीय मानकांनुसार ग्रामीण आणि शहरी भारताचो कौशल्य विकास ह्यो या योजनेचो उद्देश असा,आवश्यक आंतरराष्ट्रीय मानकांनुसार ग्रामीण आणि शहरी भारताचे कौशल्य विकास या योजनेचा उद्देश असा.
539,716234,D2,Agriculture,21.429,"सागरी शेती रोजगार निर्मिती द्वारे , मच्छीमारांचे सामाजिक , आर्थिक उन्नती करणे हे आहे","सागरी शेती रोजगार निर्मितीद्वारे मच्छीमारांचे सामाजिक, आर्थिक उन्नती करणे हे आहे"
540,724477,D4,Banking,20.5,"पेमेंटच्या वैकल्पिक पद्धतीं मध्ये क्रेडिट किंवा डेबिट कार्ड , लॉयल्टी प्रोग्राम पॉइंट यांचा समावेश होतो",पेमेंटच्या वैकल्पिक पद्धतींमध्ये क्रेडिट किंवा डेबिट कार्ड तसेच लॉयल्टी प्रोग्राम पॉइंट यांचा समावेश होतो.
541,709755,D1,Banking,20.5,"इतिहासात , काहीवेळा स्थानिक बँका आणि इतर संस्थांद्वारे फियाट मनी जारी केली जात असा",इतिहासात काहीवेळा स्थानिक बँका आणि इतर संस्थांद्वारे फियाट मनी जारी केली जात असे.
542,716340,D2,Banking,21.423,देशातील उद्योगांच्या विकासासाठी शेअर बाजार आवश्यक आहे हे तुम्हाला माहीत आहे का ?,देशातील उद्योगांच्या विकासासाठी शेअर बाजार आवश्यक आहे हे तुम्हाला माहीत आहे का?
543,718957,D4,Banking,20.441,"नाणे हा देश किंवा मूल्यावर अवलंबून एक लहान सपाट , सामान्यतः धातू किंवा प्लास्टिकचा गोल तुकडा असतो",नाणे हा देश किंवा मूल्यावर अवलंबून एक लहान सपाट सामान्यतः धातू किंवा प्लास्टिकचा गोल तुकडा असतो
544,707111,D1,Banking,20.5,"मालवाहतुकीत पाणी , हवा किंवा जमिनीद्वारा पोहोचवलो जाणाऱ्या मोठ्यो प्रमाणात वस्तूंचो समावेश होता","मालवाहतुकीत पाणी, हवा किंवा जमिनीद्वारे पोहोचवलेल्या मोठ्या प्रमाणात वस्तूंचा समावेश होता."
545,716311,D2,Banking,21.423,"हुंडी प्रणाली एक भूमिगत प्रणाली आहे , ही सामान्य बँकिंगच्या माध्यमातून नव्हती झाली","हुंडी प्रणाली एक भूमिगत प्रणाली आहे, ती सामान्य बँकिंगच्या माध्यमातून झाली नाही."
546,724452,D4,Agriculture,20.438,मड्डू किंवा मड्डा सिंचन प्रणाली ही शतकानुशतके जुनी विचित्र प्रकारची कालवा वाहिनी किंवा पाण्याची टाकी आहे,मड्डू किंवा मड्डा सिंचन प्रणाली ही शतकानुशतके जुनी विचित्र प्रकारची कालवा वाहिनी किंवा पाण्याची टाकी आहे
547,710203,D1,Agriculture,20.5,"किटकनाशक , अन्य रसायनांचो उपयोग करणार्यांच्या विरुद्ध जैविक बागायती करना जास्त नैसर्गिक हा","किटकनाशक, इतर रसायनांचा उपयोग करणाऱ्यांच्या विरुद्ध जैविक शेती करणे जास्त नैसर्गिक आहे."
548,714537,D2,Banking,21.417,"ऑपरेशनल जोखिम हाई बँकास्ना करता दहशतवाद , फसाडणं , यासारखा स्वरुपमा मोजास","ऑपरेशनल जोखमीमुळे बँकांसना करता दहशतवाद, फसाडणे यासारखा स्वरूप मी मोजतो."
549,719929,D4,Banking,20.429,"तुम्हाला माहिती आहे का मालमत्ता विमा इमारती , दुकाने , रुग्णालयांना संरक्षण प्रदान करतो","तुम्हाला माहिती आहे का मालमत्ता विमा इमारती, दुकाने आणि रुग्णालयांना संरक्षण प्रदान करतो?"
550,709587,D1,Agriculture,20.5,मागणी आणि पुरवठ्याच्या वाढीमुळा सामान्य वनस्पतींचा उत्पादन पिकाच्या पातळीवर ईला हा,मागणी आणि पुरवठ्याच्या वाढीमुळा सामान्य वनस्पतींच्या उत्पादन पिकाच्या पातळीवर आहे हा.
551,724809,D2,Agriculture,21.417,डी.ई.डी.एस योजना ही दुग्धव्यवसायाला पाठिंबा देण्यासाठी सरकारने सुरू केलेली महत्त्वाकांक्षी योजना आहे,डी.ई.डी.एस योजना ही दुग्धव्यवसायाला पाठिंबा देण्यासाठी सरकारने सुरू केलेली महत्त्वाकांक्षी योजना आहे
552,724416,D4,Banking,20.429,संपूर्ण ग्रामीण रोजगार योजनेंतर्गत सरकार दारिद्र्यरेषेखालील लोकांना अन्न आणि रोजगार पुरवते अशी माहिती आहे,संपूर्ण ग्रामीण रोजगार योजनेंतर्गत सरकार दारिद्र्यरेषेखालील लोकांना अन्न आणि रोजगार पुरवते अशी माहिती आहे
553,706550,D1,Banking,20.5,सूक्ष्म अर्थशास्त्र ह्या मुख्य प्रवाहातला अर्थ शास्त्राची येक शाखा असा,सूक्ष्म अर्थशास्त्र ही मुख्य प्रवाहातली अर्थशास्त्राची एक शाखा आहे.
554,717511,D2,Agriculture,21.389,शासनाने ठरवून दिलेल्या मालाचा भाव मला कुठे आणि कसा मिळू शकतो ? याची माहिती कुठे उपलब्ध आहे ?,शासनाने ठरवून दिलेल्या मालाचा भाव मला कुठे आणि कसा मिळू शकतो? याची माहिती कुठे उपलब्ध आहे?
555,724439,D4,Agriculture,20.429,"क्रायसॅन्थेममची पाने पातळ , कापसाच्या किंवा कारल्याच्या पानांसारखी कापलेली असतात आणि वेगवेगळ्या आकाराची असतात","क्रायसॅन्थेममची पाने पातळ असतात, कापसाच्या किंवा कारल्याच्या पानांसारखी कापलेली असतात आणि वेगवेगळ्या आकाराची असतात."
556,712517,D1,Agriculture,20.5,खरीप पिकाची पेरणी पावसाळ्याच्या सुरुवातीला एप्रिल पासून ते मे पर्यंत केली जाता,खरीप पिकांची पेरणी पावसाळ्याच्या सुरुवातीला एप्रिलपासून मेपर्यंत केली जाते.
557,724780,D2,Banking,21.375,"गरीब कल्याण रोजगार अभियानात रस्ते , ग्रामीण गृहनिर्माण , फलोत्पादन , वृक्षारोपण इत्यादी कामांचा समावेश होतो","गरीब कल्याण रोजगार अभियानात रस्ते, ग्रामीण गृहनिर्माण, फलोत्पादन, वृक्षारोपण इत्यादी कामांचा समावेश होतो."
558,722371,D4,Banking,20.423,"कर्जदार , रोखेधारक , पसंतीचे भागधारक यांच्या देयकानंतर सामान्य भागधारकांना मालमत्ता प्राप्त होते","कर्जदार, रोखेधारक, पसंतीचे भागधारक यांच्या देयकानंतर सामान्य भागधारकांना मालमत्ता प्राप्त होते."
559,707968,D1,Agriculture,20.5,"रवी सांगा होतो की , कृषी कार्यालयात शेतकऱ्यांका येगयेगळ्या प्रकारच्या बियाणांची तुलना करुक शिकवतत",रवी सांगतो की कृषी कार्यालयात शेतकऱ्यांना वेगवेगळ्या प्रकारच्या बियाणांची तुलना शिकवत आहे
560,716107,D2,Banking,21.0,लेखांकन किंवा लेखा इतिहासाची माहिती प्राचीन सभ्यतांमध्ये शोधली जाऊ शकते,लेखांकन किंवा लेखा इतिहासाची माहिती प्राचीन सभ्यतांमध्ये शोधली जाऊ शकते
561,719919,D4,Banking,20.423,तुम्हाला माहीत आहे का की प्राधान्य दिलेला स्टॉक सामान्य स्टॉकपेक्षा श्रेष्ठ आहे ?,तुम्हाला माहीत आहे का की प्राधान्य दिलेला स्टॉक सामान्य स्टॉकपेक्षा श्रेष्ठ आहे?
562,708076,D1,Agriculture,20.5,"सदा शेतकरी सांगा होतो , हायड्रोपोनिक पद्धतीन पिकांची भरभराट करुसाठी पिशवी प्रणाली उपयोगात आणली जाता","सदा शेतकरी सांगतात, हायड्रोपोनिक पद्धतीने पिकांची भरभराट करण्यासाठी पिशवी प्रणाली उपयोगात आणली जाते."
563,714057,D2,Banking,21.0,कर्ज काढानासाठे तुमी जवयना किरकोय मालमत्ता शाखामा नैते फोन ब्यांकिंगमा संपर्क साधा,"कर्ज काढण्यासाठी तुम्ही ज्या मालमत्ता शाखेमध्ये जाता, तिथे फोन बँकिंगमध्ये संपर्क साधा."
564,721681,D4,Banking,20.423,ऑनलाइन बँकिंग नोंदणी केल्यानंतर ग्राहकाला बँकिंग सेवेचा लाभ घेण्यासाठी बँकेत जाण्याची गरज नाही,ऑनलाइन बँकिंग नोंदणी केल्यानंतर ग्राहकाला बँकिंग सेवेचा लाभ घेण्यासाठी बँकेत जाण्याची गरज नाही
565,710384,D1,Banking,20.5,मायक्रो फायनान्समध्ये जेव्हा मालमत्तेचा मू्ल्य वाढता तेव्हा गुंतवणूकदाराचा नुकसान होता,मायक्रो फायनान्समध्ये जेव्हा मालमत्तेचे मूल्य वाढते तेव्हा गुंतवणूकदाराचे नुकसान होते.
566,715702,D2,Agriculture,21.0,द्विवार्षिक वनस्पती साधारणपणे समशीतोष्ण हवामानामध्ये तिच्या जैविक जीवनचक्राला पूर्ण करते,द्विवार्षिक वनस्पती साधारणपणे समशीतोष्ण हवामानामध्ये तिच्या जैविक जीवनचक्राला पूर्ण करते
567,722554,D4,Agriculture,20.423,कृषी वनीकरण वन्य प्राण्यांना अधिवास प्रदान करते आणि त्यामुळे नवीन अधिवास निर्माण होतो,कृषी वनीकरण वन्य प्राण्यांना अधिवास प्रदान करते आणि त्यामुळे नवीन अधिवास निर्माण होतो
568,710094,D1,Agriculture,20.5,शेरडाच्या जन्मायेळेक मादीबकरीच्या कुल्याचा हाड खालच्या दिशेन झुकला जाता,शेरडाच्या जन्मायेळेत मादीबकरीच्या कुल्याचा हाड खालच्या दिशेने झुकला जातो.
569,713000,D2,Agriculture,21.0,मासामारीमुये गोडा पाणीना इको सिसटिम मझारलं जैविक आक्सिजननं परमाण दिसंस,मासेमारीमुळे गोड्या पाण्यातील इकोसिस्टम जैविक ऑक्सिजन प्रदर्शित करते.
570,724399,D4,Agriculture,20.395,"राजगिरा फुल , पानांचे व देठाचे रंग बदलते व लाल रंगाचे स्पेक्ट्रम पासून ते किरमिजी रंगापर्यंत आकर्षक रंग होते",राजगिरा फुलाचे पाने आणि देठ रंग बदलतात आणि लाल रंगाच्या स्पेक्ट्रमपासून ते किरमिजी रंगापर्यंत आकर्षक रंग होतात
571,709750,D1,Agriculture,20.5,आम्ही तुमका सांगतव की गांजाचो जास्त वापर शरीरासाठी हानिकारक आसा,आम्ही तुम्हाला सांगतो की गांजाचा जास्त वापर शरीरासाठी हानिकारक आहे
572,714891,D2,Banking,21.0,कुठल्याही कंपनीचा महसूल हा त्या कंपनीच्या राखून ठेवलेल्या उत्पन्नापेक्षा जास्त असते,कुठल्याही कंपनीचा महसूल त्या कंपनीच्या राखून ठेवलेल्या उत्पन्नापेक्षा जास्त असतो.
573,720303,D4,Agriculture,20.389,मातीचे भौतिक गुणधर्म सुधारण्यासाठी मातीचे कंडिशनर मातीमध्ये जोडले जाते,मातीचे भौतिक गुणधर्म सुधारण्यासाठी मातीचे कंडिशनर मातीमध्ये जोडले जाते
574,708646,D1,Agriculture,20.5,आमच्या भुगोलच्या मास्तरानी आमका कॉफीचो इतिहास सांगितल्यानी,आमच्या भूगोलचे मास्तरानी आम्हाला कॉफीचा इतिहास सांगितला.
575,716025,D2,Agriculture,21.0,"मूळची मध्य अमेरिकेची असणारी लाल माठ पौष्टिक , खाण्यासाठी योग्य पालेभाजी आहे",मूळची मध्य अमेरिकेची लाल माठ पौष्टिक आहे आणि खाण्यासाठी योग्य पालेभाजी आहे
576,724468,D4,Agriculture,20.375,"दुग्धजन्य पदार्थ व दुधाची उत्पादने , ज्याला लॅक्टिसिनिया म्हणून ओळखते , ते दुधापासून बनविलेले उत्पादने आहेत","दुग्धजन्य पदार्थ आणि दुधाची उत्पादने ज्यांना लॅक्टिसिनिया म्हणून ओळखले जाते, ती दुधापासून बनवलेली उत्पादने आहेत."
577,707832,D1,Banking,20.5,"भांडवली रचना म्हनज्ये भांडवलाचा स्वरूप किंवा प्रकार निश्चित करना होय , असा माका सीमानं सांगल्यान","भांडवली रचना म्हणजे भांडवलाचा स्वरूप किंवा प्रकार निश्चित करणे होय, असा मला सीमे सांगायचे आहेत."
578,716183,D2,Agriculture,21.0,शेती उपकरण खरेदी करण्यासाठी शेतकऱ्याला उपकरणासंबंधी संपूर्ण माहिती असणे गरजेचे आहे,शेती उपकरण खरेदी करण्यासाठी शेतकऱ्याला उपकरणासंबंधी संपूर्ण माहिती असणे गरजेचे आहे
579,720339,D4,Agriculture,20.357,राजगिराच्या पिठाचा उपयोग लाडू बनवण्यासाठी आणि ब्रेड आणि इतर विविध पदार्थ बनवण्यासाठी केला जातो,राजगिराच्या पिठाचा उपयोग लाडू बनवण्यासाठी आणि ब्रेड व इतर विविध पदार्थ बनवण्यासाठी केला जातो
580,708343,D1,Banking,20.5,नितीनच्या म्हणण्यानुसार मुच्युअल फंडातल्या छोट्या गुंवणुकीपासून कोणतोय फायदो जाणा नाय,नितीनच्या म्हणण्यानुसार म्युच्युअल फंडातल्या छोट्या गुंतवणुकीपासून कोणते फायदे जाणून घ्यायचे नाहीत?
581,715929,D2,Agriculture,21.0,मच्छीमारांच्या कल्याणासाठी राष्ट्रीय योजना केंद्र सरकारच्या मदतीने चालवले जाते,मच्छीमारांच्या कल्याणासाठी राष्ट्रीय योजना केंद्र सरकारच्या मदतीने चालवली जाते
582,722685,D4,Banking,20.346,"बँकिंग एजंट ग्राहकांना पैसे जमा करण्यास , काढण्यास , हस्तांतरित करण्यास परवानगी देतो","बँकिंग एजंट ग्राहकांना पैसे जमा करण्यास, काढण्यास आणि हस्तांतरित करण्यास परवानगी देतो."
583,708079,D1,Banking,20.5,"संदेश सांगा होतो की , मार्जिन लोन तुमका सिक्युरिटीजच्या मूल्याविरुद्ध कर्ज घेण्याची परवानगी देता",संदेश असा आहे की मार्जिन लोन सिक्युरिटीजच्या मूल्याविरुद्ध कर्ज घेण्याची परवानगी देता
584,717855,D2,Agriculture,21.0,"हिवाळ्याच्या शेवटच्या हंगामातील जानेवारी महिन्यात कोणत्या पिकाचे , फळांचे उत्पादन घ्यावे ?","हिवाळ्याच्या शेवटच्या हंगामातील जानेवारी महिन्यात कोणत्या पिकांचे, फळांचे उत्पादन घ्यावे?"
585,724453,D4,Banking,20.333,"कर्ज वापरण्यासाठी वापरली जाते अशी एक गोष्ट आहे , सामान्यत पैसे , एका पक्षाकडून दुसर्या पक्षाकडून कर्ज घेते","कर्ज वापरण्यासाठी अशी एक गोष्ट आहे, सामान्यतः पैसे एका पक्षाकडून दुसऱ्या पक्षाकडून कर्ज घेतले जातात."
586,725006,D1,Agriculture,20.5,शहर वनशास्त्रात शहराचा पर्यावरण चांगला बनवू साठी एक एकट्याने वाढणा या रोपांच्या वाहनांची देखभाल करतत,शहर वनशास्त्रात शहराचे पर्यावरण चांगले बनवण्यासाठी एकट्याने या रोपांच्या वाहनांची देखभाल करत आहे.
587,715212,D2,Agriculture,21.0,सरकार या योजनेद्वारे शेतकरी आणि पशुपालकांना जनावरांच्या मृत्यूमुळे होणाऱ्या नुकसानीपासून वाचवते,सरकार या योजनेद्वारे शेतकरी आणि पशुपालकांना जनावरांच्या मृत्यूमुळे होणाऱ्या नुकसानीपासून वाचवते
588,724425,D4,Agriculture,20.324,"पशुधन शेतीमध्ये श्रम करण्यासाठी आणि मांस , अंडी , दूध आणि फर चामड्याचे उत्पादन करण्यासाठी वाढवले जाते","पशुधन शेतीमध्ये श्रम करण्यासाठी आणि मांस, अंडी, दूध आणि फर चामड्याचे उत्पादन करण्यासाठी वाढवले जाते."
589,724990,D1,Banking,20.5,फंड ट्रान्सफर घटनाचो एक क्रम असा ज्याचो परिणामस्वरूप धन प्रेषकाकडून लाभार्थीकडे निधीच्या हालचालीत होता,फंड ट्रान्सफर हा एक क्रम आहे ज्याचा परिणाम म्हणून धन प्रेषकाकडून लाभार्थीकडे निधीच्या हालचालीत होता
590,717769,D2,Agriculture,21.0,शेतीमाल विक्री करण्यासाठी मार्केटिंगच्या कोणकोणत्या पद्धती आहेत ?,शेतीमाल विक्री करण्यासाठी मार्केटिंगच्या कोणकोणत्या पद्धती आहेत?
591,723978,D4,Banking,20.0,"खात्यात कितीकं पैसे बाकी हाय , हे पाहासाठी टोल फ्री नंबर भेटन का ?","खात्यात किती पैसे बाकी आहेत, हे पाहण्यासाठी टोल फ्री नंबर मिळेल का?"
592,709715,D1,Banking,20.5,"सूक्ष्म अर्थशास्त्र पुर्ण स्पर्धा आणो रोजगार , सरकारचो हस्तक्षेप नाही इत्यादी मान्यतांवर आधरलेलो हा","सूक्ष्म अर्थशास्त्र पूर्ण स्पर्धा रोजगार आणते, सरकारचे हस्तक्षेप नाही अशा मान्यतांवर आधारित आहे."
593,712689,D2,Banking,21.0,मायक्रो फायनान्सना बारामा इंटरनेटवर माहिती भेटी जास,मायक्रो फायनान्ससाठी इंटरनेटवर माहिती मिळवा
594,722969,D4,Agriculture,20.0,माह्याकडं टरबूज हाये त मंग उन्हाळ्यात त्याले चांगला बाजार भाव भेटन का ?,"माझ्याकडे टरबूज आहेत, तर उन्हाळ्यात त्यांना चांगला बाजारभाव मिळेल का?"
595,724858,D1,Banking,20.5,प्रधानमंत्री जीवन ज्योती विमा योजना अठरा ते पन्नास वर्षे वयोगटातल्या बँक खाता असलेल्या लोकांकरता उपलब्ध असा,प्रधानमंत्री जीवन ज्योती विमा योजना अठरा ते पन्नास वर्षांच्या वयोगटातील बँक खाते असलेल्या लोकांसाठी उपलब्ध आहे.
596,715934,D2,Agriculture,21.0,"मत्स्यपालन अधिवास प्रणाली , सांडपाणी आणि मासे कचरा निर्माण करता","मत्स्यपालन अधिवास प्रणाली, सांडपाणी आणि मासे कचरा निर्माण करते"
597,720222,D4,Agriculture,20.0,पाळीव प्राणी चरण्यासाठी आणि उदरनिर्वाहासाठी वेळोवेळी जागा बदलणे म्हणजे पशुपालन,पाळीव प्राणी चरण्यासाठी आणि उदरनिर्वाहासाठी वेळोवेळी जागा बदलणे म्हणजे पशुपालन
598,724902,D1,Banking,20.5,कलेक्टिव्ह इन्व्हेस्टमेंट फंड ह्यो गुंतवणूक पूल म्हणून काम करता त्यामुळे गुंतवणूकदार फंडात पैसे टाकू शकतत,कलेक्टिव्ह इन्व्हेस्टमेंट फंड गुंतवणूक पूल म्हणून काम करतो त्यामुळे गुंतवणूकदार फंडात पैसे टाकू शकतात.
599,717515,D2,Agriculture,21.0,कंपनीला शेतीमाल विकल्यावर मला औजारे खरेदी करण्यासाठी कंपनीकडून ऍडव्हान्स मिळेल का ?,कंपनीला शेतीमाल विकल्यावर मला औजारे खरेदी करण्यासाठी कंपनीकडून ऍडव्हान्स मिळेल का?
600,719256,D4,Agriculture,20.0,राष्ट्रीय कृषी विकास योजनेंतर्गत शेतीसाठी पंचवीस ते पन्नास टक्के अनुदान दिले जात होते,राष्ट्रीय कृषी विकास योजनेंतर्गत शेतीसाठी पंचवीस ते पन्नास टक्के अनुदान दिले जात होते
601,708340,D1,Agriculture,20.5,नाचणी ह्या इथिओपिया च्या पर्वतीय भागातला रोप आसा जा साधारण चार हजार वर्षां पूर्वी भारतात हाडला गेला,नाचणी हे इथिओपियाच्या पर्वतीय भागातले रोप साधारण चार हजार वर्षांपूर्वी भारतात आणले गेले.
602,716126,D2,Banking,21.0,"वित्त अर्थशास्त्र ची ती शाखा आहे , जी पैशासंबंधी च्या हालचालींवर लक्ष केंद्रित करते",वित्त अर्थशास्त्राची ती शाखा आहे जी पैशासंबंधीच्या हालचालींवर लक्ष केंद्रित करते
603,721711,D4,Banking,20.0,युनायटेड स्टेट्स आणि युरोपमधील मोठ्या कॉर्पोरेशन साठी सिंडिकेट डेट मार्केट हा प्रबळ मार्ग आहे,युनायटेड स्टेट्स आणि युरोपमधील मोठ्या कॉर्पोरेशनसाठी सिंडिकेट डेट मार्केट हा प्रबळ मार्ग आहे
604,724831,D1,Banking,20.5,"प्रातिनिधिक पैसो ह्या काही मौल्यवान गोष्टीचो प्रतिनिधित्व करतत , परंतु त्याचो सोताक खयचाव मू्ल्य नसता","प्रतिनिधी पैसे काही मौल्यवान गोष्टींचे प्रतिनिधित्व करत आहेत, परंतु त्या संपूर्ण खर्चाचे मूल्य नव्हते."
605,716532,D2,Agriculture,21.0,क्रेप चमेली चांगल्या निचरा होणाऱ्या मातीची गरज असलेल्या हवामानात घराबाहेर वाढते,क्रेप चमेली चांगल्या निचरा होणाऱ्या मातीची गरज असलेल्या हवामानात घराबाहेर वाढते
606,719831,D4,Agriculture,20.0,तुम्हाला माहीत आहे का की एंगलिंग पद्धतीने मासे हुकच्या मदतीने पकडले जातात,तुम्हाला माहीत आहे का की एंगलिंग पद्धतीने मासे हुकच्या मदतीने पकडले जातात
607,724983,D1,Banking,20.5,कित्येक वेळा शाळांतल्यानी नि दुसऱ्या शिक्षण संस्थांतल्यानी दाखलो मिळवूक डिमांड ड्राफ्ट लावुचो लागता,"कित्येक वेळा शाळांमध्ये आणि इतर शिक्षण संस्थांमध्ये दाखले, त्यासाठी डिमांड ड्राफ्ट घ्यावे लागले."
608,716383,D2,Agriculture,21.0,बी पेरणी यंत्राच्या साहाय्याने बियाणे जमिनीत योग्य खोलीवर ठेवून मातीने झाकले जाते,बी पेरणी यंत्राच्या साहाय्याने बियाणे जमिनीत योग्य खोलीवर ठेवून मातीने झाकले जाते
609,720550,D4,Agriculture,20.0,भाल्याच्या मासेमारीत धारदार लाकडाने मासे पकडणे समाविष्ट असते,भाल्याच्या मासेमारीत धारदार लाकडाने मासे पकडणे समाविष्ट असते
610,724930,D1,Banking,20.5,आंतरराष्ट्रीय वित्त थेट विदेशी गुंतवणूक आणि चलन विनिमय दर ह्येच्यासारख्या क्षेत्रांवर लक्ष केंद्रित करता,आंतरराष्ट्रीय वित्त थेट विदेशी गुंतवणूक आणि चलन विनिमय दर यांसारख्या क्षेत्रांवर लक्ष केंद्रित करते.
611,715106,D2,Agriculture,21.0,भारतातील श्रीमंत मच्छीमार मासे पकडण्यासाठी ट्रॉलरचा वापर करतात,भारतातील श्रीमंत मच्छीमार मासे पकडण्यासाठी ट्रॉलरचा वापर करतात
612,718856,D4,Agriculture,20.0,"रेशीम किड्यांना खाण्यासाठी तुतीची गरज असते , ज्यापासून ते खाऊन फायब्रोइन प्रोटीन तयार करतात","रेशीम किड्यांना खाण्यासाठी तुतीची गरज असते, ज्यापासून ते खाऊन फायब्रोइन प्रोटीन तयार करतात."
613,724947,D1,Banking,20.5,"राज्य आपल्या उद्योजकांका कर्ज देवूसाठी पूर्ण सार्वभौम निधीचो वापर करता , असा माका एका बँक आफीसरांन सांगल्यान","राज्य आपल्या उद्योजकांचे कर्ज देवूसाठी पूर्ण सार्वभौम निधीचा वापर करते, असे मला एका बँक अधिकाऱ्याने सांगितले."
614,713495,D2,Agriculture,21.0,भाऊनी दुश्मन किडास्वरी रोगनी किड मारी टाकी यालेज म्हनतंस काटावरी काटा काढनं,"भाऊनी दुश्मन किडास्वरी रोगनी किड मारली आहे, त्यामुळे काटा काढणे."
615,721896,D4,Banking,20.0,ग्राहकांची पडताळणी करण्यासाठी आपला ग्राहक आर्थिक सेवा उद्योगात वापरलेला मानक आहे हे जाणून घ्या,ग्राहकांची पडताळणी करण्यासाठी आपला ग्राहक आर्थिक सेवा उद्योगात वापरलेला मानक हे जाणून घ्या
616,724839,D1,Banking,20.5,ह्या उद्योजक आणि व्यवसायांद्वारा वापरला जाणाऱ्या पैशांच्या संदर्भात मोजला जाणारा कोणताही आर्थिक संसाधन असा,उद्योजक आणि व्यवसायांद्वारे वापरल्या जाणाऱ्या पैशांच्या संदर्भात मोजला जाणारा कोणताही आर्थिक स्रोत असा
617,715315,D2,Banking,21.0,आर्थिक तज्ञांनुसार योग्य माहितीने कमी गुंतवणूक करून पण जास्त नफा कमवला जाऊ शकतो,आर्थिक तज्ञांनुसार योग्य माहितीने कमी गुंतवणूक करून पण जास्त नफा कमवला जाऊ शकतो
618,719424,D4,Banking,20.0,तुमचे बचत खाते पगाराच्या खात्यात रूपांतरित करण्यासाठी तुम्हाला बँकेकडे अर्ज करावा लागेल,तुमचे बचत खाते पगाराच्या खात्यात रूपांतरित करण्यासाठी तुम्हाला बँकेकडे अर्ज करावा लागेल
619,724994,D1,Agriculture,20.5,व्यावसायिकदृष्ट्या महत्त्वाचचो प्रजातींच्यो मत्स्य व्यवसाय व्यवस्थापनामध्ये राजकीय उद्दिष्टे विकसित झाला असा,व्यावसायिकदृष्ट्या महत्त्वाच्या प्रजातींच्या मत्स्य व्यवसाय व्यवस्थापनामध्ये राजकीय उद्दिष्टे विकसित झाली असा.
620,717053,D2,Banking,21.0,आरोग्य विमा ही एक प्रकारची आर्थिक सुरक्षा आहे जी तुम्हाला वैद्यकीय खर्च हाताळण्यासाठी असते,आरोग्य विमा ही एक प्रकारची आर्थिक सुरक्षा आहे जी तुम्हाला वैद्यकीय खर्च हाताळण्यासाठी असते
621,721171,D4,Banking,20.0,आंतरराष्ट्रीय गुंतवणूक बँकांपासून ते स्वतंत्र खाजगी स्टॉक ब्रोकर्स आणि कॉर्पोरेट वित्त पर्यंत आहे,आंतरराष्ट्रीय गुंतवणूक बँकांपासून ते स्वतंत्र खाजगी स्टॉक ब्रोकर्स आणि कॉर्पोरेट वित्त पर्यंत आहे
622,724996,D1,Banking,20.441,"येक किंवा येकापेक्षा अधिक सरकारी वित्त आर्थिक नीती , वित्त विनियमाचे प्रभारी कार्यकारी कॅबिनेट ची स्थिती असा","एक किंवा त्याहून अधिक सरकारी आर्थिक धोरणे, वित्त नियमांचे प्रभारी कार्यकारी मंत्रिमंडळाची स्थिती अशी आहे."
623,716084,D2,Agriculture,21.0,"रोकड पीक तसेच , घरच्या उपयोगासाठी घेतलेल्या पिकांचे बियाणे समायोजन चांगली शेती च अर्थशास्त्र आहे",रोकड पीक तसेच घरच्या उपयोगासाठी घेतलेल्या पिकांचे बियाणे समायोजन चांगली शेतीचे अर्थशास्त्र आहे
624,719892,D4,Banking,20.0,दीनदयाळ उपाध्याय अंत्योदय योजनेचे उद्दीष्ट कौशल्य विकासाद्वारे उपजीविकेच्या संधी वाढविणे हे आहे,दीनदयाळ उपाध्याय अंत्योदय योजनेचे उद्दिष्ट कौशल्य विकासाद्वारे उपजीविकेच्या संधी वाढविणे हे आहे.
625,724888,D1,Agriculture,20.441,सायमोप्सिस टेट्रागोनोलोबा ह्या गवार पॉड वनस्पतीचा बॉटनिकल नाव असा जी वार्षिक शेंगे आणि गवार गमचो पुरवठो करता,"सायमोप्सिस टेट्रागोनोलोबा ही गवार रोपाची वनस्पती आहे, ज्याचे बॉटनिकल नाव वार्षिकपणे टाकते आणि गवार पुरवते."
626,714943,D2,Banking,21.0,"जागतिक बौद्धिक संपदा संघटना आर्थिक , सामाजिक आणि सांस्कृतिक विकासाला प्रोत्साहन देते","जागतिक बौद्धिक संपदा संघटना आर्थिक, सामाजिक आणि सांस्कृतिक विकासाला प्रोत्साहन देते."
627,719872,D4,Banking,20.0,संसद सदस्य स्थानिक क्षेत्र विकास योजना देशभरात लागू करण्यात आली हे तुम्हाला माहीत आहे का ?,संसद सदस्य स्थानिक क्षेत्र विकास योजना देशभरात लागू करण्यात आली हे तुम्हाला माहीत आहे का?
628,724936,D1,Agriculture,20.441,"कागद ह्यो लाकूड , चिंध्या , गवत किंवा पाण्यात असलेल्या रसायनापासून तयार होणारी पातळ पत्र्याची सामग्री आसा","कागद, लाकूड, चिंध्या, गवत किंवा पाण्यात असलेल्या रसायनांपासून तयार होणारी पातळ पत्र्याची सामग्री असते."
629,716558,D2,Banking,21.0,येस बँकेच्या घटनेने ठेवीदारांचा खाजगी क्षेत्रातील बँकांवरील विश्वास उडाला आहे,येस बँकेच्या घटनेने ठेवीदारांचा खाजगी क्षेत्रातील बँकांवरील विश्वास उडाला आहे
630,719455,D4,Agriculture,20.0,फळबागा म्हणजे झाडे किंवा झुडुपे यांची जाणीवपूर्वक लावलेली लागवड जी अन्न उत्पादनासाठी राखली जाते,फळबागा म्हणजे झाडे किंवा झुडुपे यांची जाणीवपूर्वक लावलेली लागवड जी अन्न उत्पादनासाठी राखली जाते
631,724864,D1,Agriculture,20.438,निरोगी माती हवा आणि पाण्याच्या प्रमाणात पिके आणि जंगले ह्या सगळा मिळून वन्यजीवांका पर्यावरणं तयार होता,"निरोगी माती, हवा आणि पाण्याच्या प्रमाणात पिके आणि जंगले एकत्र येऊन वन्यजीवांचे पर्यावरण तयार होते."
632,717235,D2,Agriculture,21.0,माझ्या बँक मॅनेजर मित्राने मला शेतकऱ्यांसाठी कर्ज सुविधांबद्दल माहिती दिली,माझ्या बँक मॅनेजर मित्राने मला शेतकऱ्यांसाठी कर्ज सुविधांबद्दल माहिती दिली
633,722364,D4,Agriculture,20.0,"ऐतिहासिक काळापासून आपल्याला जमिनीतून इंधन , कपडे आणि राहण्याच्या वस्तू मिळत आल्या आहेत","ऐतिहासिक काळापासून आपल्याला जमिनीतून इंधन, कपडे आणि राहण्याच्या वस्तू मिळत आल्या आहेत"
634,724906,D1,Banking,20.438,क्रेडिट कार्ड नेटवर्किंग कंपन्यो किरकोळ विक्रेता आणि बँक कार्ड जारी करणाऱ्यो बँकांमधलो पूल म्हणून काम करतत,क्रेडिट कार्ड नेटवर्किंग कंपन्या किरकोळ विक्रेते आणि बँक कार्ड जारी करणाऱ्या बँकांमधील पूल म्हणून काम करत आहेत.
635,716670,D2,Agriculture,21.0,खाद्य मागण्या पूर्ण करण्यासाठी सरकारने शाश्वत शेतीसाठी राष्ट्रीय मिशन अभियान चालविले आहे,खाद्य मागण्या पूर्ण करण्यासाठी सरकारने शाश्वत शेतीसाठी राष्ट्रीय मिशन अभियान चालविले आहे
636,720284,D4,Banking,20.0,"जेव्हा दुसरी नोंदणीकृत व्यक्ती खरेदी करते , तेव्हा त्याला त्याची वैयक्तिक माहिती द्यावी लागते",जेव्हा दुसरी नोंदणीकृत व्यक्ती खरेदी करते तेव्हा त्याला त्याची वैयक्तिक माहिती द्यावी लागते
637,709018,D1,Banking,20.433,भविष्य निधी पेंशन फंडापेक्षा वेगळो असता जेच्यात एकत्र आणि मासिक पेंशन पेमेंट दोन्हिंचे गुण हत,"भविष्य निधी पेंशन फंडापेक्षा वेगळे असते, ज्यामध्ये एकत्र आणि मासिक पेन्शन पेमेंट दोन्हीचे गुण समान असतात."
638,724678,D2,Agriculture,21.0,"औद्योगिक क्रांती , सूतगिरणीला कापूस उद्योगात मोठ्या प्रमाणात उत्पादन करण्यासाठी विकसित केली गेली होती",औद्योगिक क्रांती सूतगिरणीला कापूस उद्योगात मोठ्या प्रमाणात उत्पादन करण्यासाठी विकसित केली गेली होती
639,722359,D4,Banking,20.0,एखाद्या व्यक्तीला तर्कशुद्ध आर्थिक निर्णय घेण्यास मदत करण्यासाठी वैयक्तिक वित्त शिक्षण आवश्यक आहे,एखाद्या व्यक्तीला तर्कशुद्ध आर्थिक निर्णय घेण्यास मदत करण्यासाठी वैयक्तिक वित्त शिक्षण आवश्यक आहे
640,706495,D1,Banking,20.433,भांडवल बाजार ह्यो येक आर्थिक बाजार असा ज्येच्यात दीर्घकालीन कर्जाची खरेदी आणि विक्री केली जाता,भांडवल बाजार ही एक आर्थिक बाजारपेठ आहे जिथे दीर्घकालीन कर्जाची खरेदी आणि विक्री केली जाते.
641,717864,D2,Agriculture,21.0,गर्भवती महिला जी माती खातात तिचा उपयोग अंगणातील तुळस किंवा शोभेच्या झाडांच्या कुंडीत होऊ शकतो का ?,गर्भवती महिला ज्या माती खातात त्यांचा उपयोग अंगणातील तुळस किंवा शोभेच्या झाडांच्या कुंडीत होऊ शकतो का?
642,718916,D4,Agriculture,20.0,रेशीम मध लाख किंवा कीटक चहासाठी कीटकांपासून उत्पादित केलेल्या वस्तूंची लागवड करता येते,रेशीममध्ये लाख किंवा कीटक चहासाठी कीटकांपासून उत्पादित केलेल्या वस्तूंची लागवड करता येते
643,724821,D1,Banking,20.433,"आंतरराष्ट्रीय व्यापारातला निर्यात म्हनजे येका देशात उत्पादित केलेली चांगली उत्पादना , दुसऱ्या देशात विकली जातत",आंतरराष्ट्रीय व्यापारात निर्यात म्हणजे एका देशात उत्पादित केलेली चांगली उत्पादने दुसऱ्या देशात विकली जातात.
644,724712,D2,Agriculture,20.938,"एक आळीपाळीने घेणे मोठ्या स्वरूपात उपयोगात आणले जाते , कारण त्यामुळे मातीची सुपीकता राखून ठेवली जाते","एक आळीपाळीने घेणे मोठ्या स्वरूपात उपयोगात आणले जाते, कारण त्यामुळे मातीची सुपीकता राखून ठेवली जाते."
645,724505,D4,Banking,20.0,"अलिकडे वर्षांत , वित्त मंत्रालयाने कंपन्यांचा विचार केला की त्यांचे उत्पन्न कंपनीच्या उत्पन्नात जोडले जाईल",अलीकडच्या वर्षात वित्त मंत्रालयाने कंपन्यांचा विचार केला की त्यांचे उत्पन्न कंपनीच्या उत्पन्नात जोडले जाईल
646,707287,D1,Agriculture,20.423,"अंगोरा फायबर मोहायरपेक्षा येगळा आसा जा अंगोरा शेळीपासून येता , असा रम्यान सांगल्यान","अंगोरा फायबर मोहायरपेक्षा चांगले आहे, ते अंगोरा शेळीपासून येते, असे सांगायचे आहे."
647,716414,D2,Agriculture,20.929,"संसर्गजन्य रोगास कारणीभूत असलेल्या जीवांमध्ये बुरशी , विषाणू , परजीवी वनस्पती यांचा समावेश होतो","संसर्गजन्य रोगांना कारणीभूत असलेल्या जीवांमध्ये बुरशी, विषाणू आणि परजीवी वनस्पतींचा समावेश होतो."
648,724343,D4,Agriculture,20.0,"जमिनीची सुपीकता टिकवून ठेवण्यासाठी शेतकरी आळीपाळीने पिकांची पेरणी करतात , याला क्रॉप रोटेशन म्हणतात","जमिनीची सुपीकता टिकवून ठेवण्यासाठी शेतकरी आळीपाळीने पिकांची पेरणी करतात, याला क्रॉप रोटेशन म्हणतात."
649,707581,D1,Banking,20.417,तरलतेच्या दोन मुख्य प्रकारांमध्ये मार्केट लिक्विडिटी आणि अकाउंटिंग लिक्विडिटी यांचो समावेश आसा,तरलतेच्या दोन मुख्य प्रकारांमध्ये मार्केट लिक्विडिटी आणि अकाउंटिंग लिक्विडिटीचा समावेश आहे.
650,724745,D2,Agriculture,20.929,डेअरी उद्योजकता विकास योजनेचा उद्देश पौष्टिक दूध निर्मितीसाठी आधुनिक डेअरी कंपन्यांची स्थापना करणे आहे,डेअरी उद्योजकता विकास योजनेचा उद्देश पौष्टिक दूध निर्मितीसाठी आधुनिक डेअरी कंपन्यांची स्थापना करणे आहे
651,724419,D4,Banking,20.0,तुम्ही रिकरिंग डिपॉझिट अकाउंटमध्ये सहा महिने ते दहा वर्षांसाठी पैसे जमा करू शकता व चांगल्या बचतीचा फायदा होणार,तुम्ही रिकरिंग डिपॉझिट खात्यात सहा महिने ते दहा वर्षांसाठी पैसे जमा करू शकता आणि चांगल्या बचतीचा फायदा होईल.
652,711015,D1,Agriculture,20.417,विशिष्ट संरक्षण म्हणजे माशाच्या शरीराद्वारे ओळखल्या जाणाऱ्या विशिष्ट रोगजनकांका विशेष प्रतिसाद असता,विशिष्ट संरक्षण म्हणजे माशाच्या शरीराद्वारे ओळखल्या जाणार्‍या विशिष्ट रोगजनकांकाचा विशेष प्रतिसाद असतो.
653,716265,D2,Agriculture,20.923,सेंद्रिय जेवण सेंद्रिय शेतीच्या मानकांनुसार त्या पद्धतीने उत्पादित केलेले खाद्य आणि पेय असते,सेंद्रिय जेवण सेंद्रिय शेतीच्या मानकांनुसार त्या पद्धतीने उत्पादित केलेले खाद्य आणि पेय असते
654,724405,D4,Banking,20.0,"निश्चित उत्पन्न विश्लेषक एखाद्या विशिष्ट सुरक्षिततेची खरेदी , विक्री किंवा बचाव करायचा की नाही याचे पाहणी करतो","निश्चित उत्पन्न विश्लेषक एखाद्या विशिष्ट सुरक्षिततेची खरेदी, विक्री किंवा बचाव करायचा की नाही हे पाहतो"
655,708249,D1,Agriculture,20.409,कृषी वनीकरणात झाडाझुडपा पिकांच्या किंवा कुरणांच्या दरम्यान किंवा तेच्या आसपास वाढतत,कृषी वनीकरणात पिकांच्या किंवा कुरणांच्या दरम्यान किंवा त्यांच्या आसपास झाडाझुडपा वाढत आहे
656,715102,D2,Agriculture,20.917,"भारतात मासेमारीसाठी हात , बनशी , जाळी आणि ट्रॉलरचा वापर केला जातो","भारतात मासेमारीसाठी हात, बनशी, जाळी आणि ट्रॉलरचा वापर केला जातो."
657,724364,D4,Agriculture,20.0,"लिंबाचा लिंबूवर्गीय कॅन्कर , मोहरीची पांढरी चेपा आणि बटाटा अंगमेरी हे लवकर येणा या भाजी पाल्यांचे रोग आहेत","लिंबूवर्गीय कर्करोग, मोहरीची पांढरी चेपा आणि बटाटा अंगमेरी या भाज्या मुलांचे रोग आहेत."
658,724949,D1,Agriculture,20.395,"वनस्पति दृष्ट्या , वाटाणा शेंगा ह्या फळ आसा , कारण त्येच्यात बियो आसत , ते फुलांच्या अंडाशयातून विकसित होतत","वनस्पतीच्या दृष्टीने, वाटाणा शेंगा हे फळ आहे, कारण त्यात बीऊ आहे, ते फुलांच्या अंडाशयातून विकसित होत आहे."
659,724805,D2,Agriculture,20.875,शाश्वत शेती किंवा पर्यावरण पुरक शेती ही वनस्पती आणि प्राणी यांच्या उत्पादनाची एकात्मिक शेती प्रणाली आहे,शाश्वत शेती किंवा पर्यावरण पुरक शेती ही वनस्पती आणि प्राणी यांच्या उत्पादनाची एकात्मिक शेती प्रणाली आहे
660,724476,D4,Banking,20.0,रिडीम्ड फिक्स्ड डिपॉझिट सुविधा ग्राहकांना कोणते परिस्थितीत त्यांची मुदत ठेव त्वरीत लिक्विडेट करणे सक्षम करते,रिडीम्ड फिक्स्ड डिपॉझिट सुविधा ग्राहकांना कोणत्या परिस्थितीत त्यांची मुदत ठेव त्वरित लिक्विडेट करण्यास सक्षम करते
661,724897,D1,Banking,20.382,"बँक फसवणूक ह्यो शब्द बँक दरोडा किंवा चोरीच्या विरोधात , योजना किंवा कलाकृती वापरणाऱ्या क्रियांका लागू होता",बँक फसवणूक हा शब्द बँक दरोडा किंवा चोरीच्या विरोधात योजना किंवा कलाकृती वापरणाऱ्या क्रियाकलापांना लागू होतो
662,724654,D2,Agriculture,20.87,"ज्वारी , बाजरी , मक्याला मोटरीने पाणी दिल्यावर खूप गवत उगवते , या पिकांना ठिबक सिंचन पद्धतीने पाणी दिले तर चालेल का ?","ज्वारी, बाजरी, मक्याला मोटरीने पाणी दिल्यावर खूप गवत उगवते, या पिकांना ठिबक सिंचन पद्धतीने पाणी दिले तर चालेल का?"
663,724442,D4,Agriculture,20.0,"ॲनालॉग फॉरेस्ट्री वृक्षाच्छादित बारमाही पारिस्थितिक तंत्रांची रचना , योजना व व्यवस्थापन करण्याचा प्रयत्न करते",ॲनालॉग फॉरेस्ट्री वृक्षाच्छादित बारमाही पारिस्थितिक तंत्रांची रचना योजना व व्यवस्थापन करण्याचा प्रयत्न करते
664,724904,D1,Banking,20.367,"पाळीव प्राणी विमो , विमोधारक व्यक्तीच्यो आजारी , जखमी पाळीव प्राण्याच्या पशुवैद्यकीय उपचारांसाठी पैसो देता","पाळीव प्राण्यांचे विमोचन, विमोधारक व्यक्ती आजारी आहेत, जखमी पाळीव प्राण्यांच्या पशुवैद्यकीय उपचारांसाठी पैसे दिले जातात."
665,717454,D2,Agriculture,20.75,मुरमाड मातीत कोणते पीक चांगले येऊ शकते ? उत्पादन चांगले मिळण्यासाठी कोणते पीक घेतले पाहिजे ?,मुरमाड मातीत कोणते पीक चांगले येऊ शकते? उत्पादन चांगले मिळण्यासाठी कोणते पीक घेतले पाहिजे?
666,723749,D4,Banking,19.933,"मले किती रूपयापर्यंतचं कृषी कर्ज भेटन , त्यासाठी मले ऑनलाईन फारम भरा लागन का ?","मला किती रुपयांपर्यंतचे कृषी कर्ज मिळते, त्यासाठी मला ऑनलाईन फॉर्म भरायला लागेल का?"
667,708085,D1,Banking,20.346,संपूर्ण ग्रामीण रोजगार योजना ही भारतातल्या ग्रामीण भागातल्या रोजगाराच्या विकासाची येक योजना आसा,संपूर्ण ग्रामीण रोजगार योजना ही भारतातील ग्रामीण भागातील रोजगाराच्या विकासाची एक योजना असते.
668,724691,D2,Agriculture,20.75,"माझे वडील सेंद्रिय पद्धतीने बागेचे काम करतात , त्यांना सेंद्रिय पद्धतीने बागेचे काम करायला खूप आवडते","माझे वडील सेंद्रिय पद्धतीने बागेचे काम करतात, त्यांना सेंद्रिय पद्धतीने बागेचे काम करायला खूप आवडते."
669,724059,D4,Banking,19.933,मले कृषी कर्ज भेटन यासाठी म्या पात्र हाय की नाय मले कस तपासता येईन ?,"मला कृषी कर्जासाठी पात्रता आहे की नाही, मी ते कसे तपासू शकेन?"
670,724975,D1,Agriculture,20.333,"भारतात मध्य प्रदेश , पंजाब , हरयाना , उत्तर प्रदेश आणि महाराष्ट्र ह्या राज्यांत हरभऱ्याचा उत्पन्न जास्त होता","भारतात मध्य प्रदेश, पंजाब, हरियाणा, उत्तर प्रदेश आणि महाराष्ट्र या राज्यांमध्ये हरभऱ्याचे उत्पन्न जास्त होते."
671,712893,D2,Banking,20.5,गोलु आणि प्राची आर्थिक करीयरना बारामा माहिती लेवाले त्यास्ना मोठा भाऊजोडे गयात,गोलू आणि प्राचीच्या आर्थिक करिअरबद्दल बारा माहिती त्यांच्या मोठ्या भावांनी घेतली आहे.
672,721538,D4,Agriculture,19.933,कच्या आंबाना कैरी म्हणतात आणि त्याचा उपयोग चटणी बनवण्यासाठी आणी आम पन्हा बनवण्यासाठी केला जातो,कच्या आंबाना कैरी असे म्हणतात आणि त्याचा उपयोग चटणी बनवण्यासाठी आणि आम पन्हा बनवण्यासाठी केला जातो.
673,724867,D1,Banking,20.289,"पेमेंट , क्रेडिट , बचत , प्रेषण , विमा ह्येच्या सोबत वितरित केलेले वित्तीय सेवा अश्या सगळ्याकांच सेवा म्ह्णतत","पेमेंट, क्रेडिट, बचत, प्रेषण, विमा यांच्यासोबत वितरित केलेली वित्तीय सेवा या सर्वांसाठी सेवा म्हणून मानली जाते."
674,715807,D2,Agriculture,20.5,प्राण्यांच्या मलमूत्रा पासून उत्पन्न झालेल्या मिथेन बायोगॅस ने आपल्या घराची वीज चालते,प्राण्यांच्या मलमूत्रापासून उत्पन्न झालेल्या मिथेन बायोगॅसने आपल्या घराची वीज चालते
675,724492,D4,Banking,19.929,इलेक्ट्रॉनिक क्लिअरिंग सर्व्हिसेस किंवा ई.सी.एस हा प्रत्यक्षात बँक खात्यातून दुसऱ्या बँक खात्यात पैसे पाठवणे,इलेक्ट्रॉनिक क्लिअरिंग सर्व्हिसेस किंवा ई.सी.एस हा प्रत्यक्षात बँक खात्यातून दुसऱ्या बँक खात्यात पैसे पाठवणे
676,708068,D1,Banking,20.0,"संकेत सांगा होतो , विद्यार्थी कर्ज जास्तीच्या कालावधीसाठी अगदी स्वस्त दरात दिला जाता",संकेत सांगा होतो विद्यार्थी कर्ज जास्तीच्या कालावधीसाठी अगदी स्वस्त दरात दिला जातो
677,716384,D2,Agriculture,20.5,मासेमारीसाठी वर्षानुवर्षे बोटी आणि जहाजांचा वापर केला जात आहे,मासेमारीसाठी वर्षानुवर्षे बोटी आणि जहाजांचा वापर केला जात आहे
678,724384,D4,Banking,19.929,एस.बी.आय च्या ऑटोमॅटिक पासबुक प्रिंटिंग फीचरमुळे तुम्हाला कोणत्याही अडचणीशिवाय तुमचं पासबुक अपडेट करता येतं,एस.बी.आय च्या ऑटोमॅटिक पासबुक प्रिंटिंग फीचरमुळे तुम्हाला कोणत्याही अडचणीशिवाय तुमचे पासबुक अपडेट करता येते.
679,706508,D1,Banking,20.0,म्युच्युअल सेव्हिंग बँक ही केंद्र किंवा प्रादेशिक सरकाराद्वारा चार्टर्ड केलेली वित्तीय संस्था असा,म्युच्युअल सेव्हिंग बँक ही केंद्र किंवा प्रादेशिक सरकारांद्वारे चार्टर्ड केलेली वित्तीय संस्था आहे.
680,718473,D2,Banking,20.5,मला माझ्या खात्याच्या व्यवहाराची माहिती थोडक्यात ऑनलाईन सांगाल का ?,मला माझ्या खात्याच्या व्यवहाराची माहिती थोडक्यात ऑनलाईन सांगाल का?
681,721958,D4,Agriculture,19.923,"माती व्यवस्थापनामध्ये जमिनीची सुपीकता वाढवण्यासाठी खत , खते , सूक्ष्मजीव यांचा समावेश होतो","माती व्यवस्थापनामध्ये जमिनीची सुपीकता वाढवण्यासाठी खत, खते, सूक्ष्मजीव यांचा समावेश होतो"
682,706635,D1,Banking,20.0,कर माफी ह्या करदात्यांच्या विशिष्ट गटासाठी निश्चित रक्कम भरण्याची मर्यादित वेळची संधी असा,कर माफी ह्या करदात्यांच्या विशिष्ट गटासाठी निश्चित रक्कम भरण्याची मर्यादित वेळची संधी आहे
683,716193,D2,Agriculture,20.5,शेती व्यवसाय ग्राहकांच्या गरजांना कायमस्वरूपी समाधानी करून जास्तीचा फायदा करणे आहे,शेती व्यवसाय ग्राहकांच्या गरजांना कायमस्वरूपी समाधानी करून जास्तीचा फायदा करणे आहे
684,722531,D4,Agriculture,19.923,सूर्यफूल ही अरब वंशाची वनस्पती आहे भारतीय स्वयंपाकघरात स्वयंपाकासाठी सूर्यफूल तेल वापरले जाते,सूर्यफूल ही अरब वंशाची वनस्पती आहे भारतीय स्वयंपाकघरात स्वयंपाकासाठी सूर्यफूल तेल वापरले जाते
685,708390,D1,Banking,20.0,प्रधानमंत्री जीवन ज्योति विमा योजनेच्या हप्त्यासाटी वर्षाक फक्त बारा रुपये भरुचे लागतत,प्रधानमंत्री जीवन ज्योति विमा योजनेच्या हप्त्यासाटी वर्षाक फक्त बारा रुपये लागतात.
686,715756,D2,Agriculture,20.5,पिकांना आदलून बदलून पिक घेतल्याने माती मधल्या खताच्या शक्तिला रोखून ठेवलं जातं,पिकांना बदलून पिक घेतल्याने मातीमधील खताच्या शक्तीला रोखून ठेवले जाते.
687,724345,D4,Banking,19.917,आंतरराष्ट्रीय करआकारणी म्हणजे एखाद्या व्यक्तीवरील किंवा व्यवसायावरील कराचा अभ्यास किंवा निर्धारण आहे,आंतरराष्ट्रीय करआकारणी म्हणजे एखाद्या व्यक्तीवरील किंवा व्यवसायावरील कराचा अभ्यास किंवा निर्धारण आहे
688,706914,D1,Banking,20.0,निव्वळ वर्तमान मू्ल्य वेगवेगळा वेळी होणाऱ्यो रोख प्रवाहाच्यो मालिकेवर लागू होता,निव्वळ वर्तमान मूल्य वेगवेगळ्या वेळी झाले आणि ते रोख प्रवाहाच्या मालिकेवर लागू होते.
689,715361,D2,Agriculture,20.5,"एक मोठा मासा पकडणे एका अनुभवी व्यक्तीच च काम आहे कारण , त्याला पकडण्यासाठी खूप मेहनत लागते",एक मोठा मासा पकडणे एका अनुभवी व्यक्तीचे काम आहे कारण त्याला पकडण्यासाठी खूप मेहनत लागते
690,722042,D4,Banking,19.889,पसंतीच्या स्टॉकमध्ये लाभांशातील प्राधान्यामध्ये सामान्य स्टॉकमध्ये परिवर्तनशीलता समाविष्ट आहे,पसंतीच्या स्टॉकमध्ये लाभांशातील प्राधान्यामध्ये सामान्य स्टॉकमध्ये परिवर्तनशीलता समाविष्ट आहे
691,708458,D1,Agriculture,20.0,माणग्याचो उपयोग हिंदू धर्माचे भगवे झेंडे लावचे दांडे बनवच्यासाठी पण केलो जाता,लोकांचा उपयोग हिंदू धर्माचे भगवे झेंडे लावून दांडे बनवण्यासाठी पण किती लागतो
692,715407,D2,Agriculture,20.5,"करवंद उफॉर्बियेसी जातीच्या पिकाचं झाड आहे , याच्या फळांचा वेगवेगळ्या पद्धतीने वापर केला जातो","करवंद उफॉर्बियेसी जातीचं झाड आहे, त्याच्या फळांचा वेगवेगळ्या पद्धतीने वापर केला जातो."
693,719519,D4,Banking,19.875,"चलनवाढ ही पैशाच्या पुरवठ्यात झालेली वाढ आहे , जो पैशाच्या वाढत्या हालचालीसाठी एक प्रमुख कारण आहे","चलनवाढ ही पैशाच्या पुरवठ्यात झालेली वाढ आहे, जी पैशाच्या वाढत्या हालचालीसाठी एक प्रमुख कारण आहे."
694,710289,D1,Agriculture,20.0,दुधासाठी प्राण्यांचो वापर करण्याचो इतिहास बारा हजार वर्षा जुनो असा,दुधासाठी प्राण्यांचा वापर करण्याचा इतिहास बारा हजार वर्षांचा आहे.
695,715741,D2,Agriculture,20.5,पामचा जास्त करून वापर सौंदर्यप्रसाधनांच्या वस्तू बनवण्यासाठी केला जातो,पामचा जास्त करून वापर सौंदर्यप्रसाधनांच्या वस्तू बनवण्यासाठी केला जातो
696,718743,D4,Banking,19.867,सरकारच्या निषेधामुळे कर भरण्यास नकार देणे म्हणजे कर प्रतिरोध आहे हे तुम्हाला माहीत आहे का,सरकारच्या निषेधामुळे कर भरण्यास नकार देणे म्हणजे कर प्रतिरोध आहे हे तुम्हाला माहीत आहे का
697,707110,D1,Banking,20.0,व्यवसायावरील भागोधारकाचो प्रभाव मालकीच्यो शेअरहोल्डिंग टक्केवारीद्वारा निर्धारित केला जाता,व्यवसायावरील भागधारकांचा प्रभाव मालकीच्या शेअरहोल्डिंग टक्केवारीद्वारे निर्धारित केला जातो
698,716336,D2,Banking,20.5,म्युच्युअल फंड व्यवस्थापकांचे पुनरावलोकन करताना सापेक्ष परतावा सर्वात जास्त वापरला जातो,म्युच्युअल फंड व्यवस्थापकांचे पुनरावलोकन करताना सापेक्ष परतावा सर्वात जास्त वापरला जातो
699,724395,D4,Banking,19.857,न्यूयॉर्क मध्ये देशांतर्गत व्यवसायाचे राज्य आहे व लंडनमध्ये आंतरराष्ट्रीय वाणिज्य गुंतवणूक बँकिंगचे राज्य आहे,न्यूयॉर्कमध्ये देशांतर्गत व्यवसायाचे राज्य आहे आणि लंडनमध्ये आंतरराष्ट्रीय वाणिज्य गुंतवणूक बँकिंगचे राज्य आहे
700,707385,D1,Agriculture,20.0,एपिओलॉजी म्हणजे मधमाशांच्या वैज्ञानिक अभ्यासाशी संबंधित कीटकशास्त्राची एक शाखा आसा,एपिओलॉजी म्हणजे मधमाशांच्या वैज्ञानिक अभ्यासाशी संबंधित कीटकशास्त्राची एक शाखा आहे.
701,716719,D2,Banking,20.5,सांस्कृतिक उद्योजकता म्हणजे सामाजिक बदल घडवून आणण्यासाठी संस्कृती आणि कलांचा वापर करणे होय,सांस्कृतिक उद्योजकता म्हणजे सामाजिक बदल घडवून आणण्यासाठी संस्कृती आणि कलांचा वापर करणे होय
702,720357,D4,Agriculture,19.846,भारताच्या शेतीला हातभार लावणारी कृषी व्यवस्था म्हणजे उपजीविका शेती सेंद्रिय शेती औद्योगिक शेती,भारताच्या शेतीला हातभार लावणारी कृषी व्यवस्था म्हणजे उपजीविका शेती सेंद्रिय शेती औद्योगिक शेती
703,712382,D1,Banking,20.0,माझ्या आईक घरासाठी कर्ज काढूचा असा तर ती तेच्यासाठी पात्र असात काय ?,माझ्या आईच्या घरासाठी कर्ज काढायचे असेल तर ती त्यासाठी पात्र आहे का?
704,712637,D2,Agriculture,20.5,भारतनी दूध उत्पादननी माहिती राष्ट्रीय डेअरी विकास बोर्डपान रहास,भारताचे दूध उत्पादन माहिती राष्ट्रीय दुग्ध विकास बोर्डाशी संबंधित आहे का?
705,724370,D4,Banking,19.833,"संपत्ती कर ठरवण्यासाठी उत्पन्न , पेन्शन , दायित्व , जंगम स्थावर मालमत्ता , कर्ज इत्यादी सर्व गोष्टी विचारतात","संपत्ती कर ठरवण्यासाठी उत्पन्न, पेन्शन, दायित्व, जंगम स्थावर मालमत्ता, कर्ज इत्यादी सर्व गोष्टी विचारतात."
706,708053,D1,Agriculture,20.0,"शेतकऱ्यांका सिंचनाची चांगली साधना मिळण्यासाठी , प्रधानमंत्री कुसुम योजना सुरू करण्यात ईली आसा",शेतकऱ्यांसाठी सिंचनाची चांगली साधने मिळण्यासाठी प्रधानमंत्री कुसुम योजना सुरू करण्यात आली आहे.
707,715932,D2,Banking,20.5,मंत्री सुरक्षा बिमा योजना सर्वसामान्य व्यक्तीला कमी प्रीमियम मध्ये विम्याची सुविधा देते,मंत्री सुरक्षा विमा योजना सर्वसामान्य व्यक्तीला कमी प्रीमियममध्ये विम्याची सुविधा देतात
708,724449,D4,Agriculture,19.833,"वनस्पतीं च्या वाढीच्या नियमनात संयुगेचे पाच गट असतातः ऑक्सीन , गिबेरेलिन , सायटोकिनिन , इथिलीन , ऍब्सिसिक ऍसिड","वनस्पतींच्या वाढीच्या नियमनात संयुगेचे पाच गट असतात: ऑक्सिन, गिबेरेलिन, सायटोकिनिन, इथिलीन, ऍब्सिसिक ऍसिड."
709,707235,D1,Banking,20.0,सार्वजनिक क्षेत्रातल्यो सामान्य विमा कंपन्यांद्वारा पी.एम.एस.बी योजना ऑफर केली जाता,सार्वजनिक क्षेत्रात सामान्य विमा कंपन्यांद्वारे पी.एम.एस.बी योजना ऑफर केली जाते
710,714819,D2,Banking,20.5,अर्थशास्त्राशी संबंधित महत्वाच्या दहा संकल्पना सर्वात जास्त प्रसिद्ध आहेत,अर्थशास्त्राशी संबंधित महत्त्वाच्या दहा संकल्पना सर्वात जास्त प्रसिद्ध आहेत
711,722503,D4,Agriculture,19.765,"रोपवाटिकेमध्ये झाडे , भांडी , खत , वनस्पती बियाणे , खत आणि वनस्पतीशी संबंधित वस्तू विकल्या जातात","रोपवाटिकेमध्ये झाडे, भांडी, खत, वनस्पती बियाणे, खत आणि वनस्पतीशी संबंधित वस्तू विकल्या जातात."
712,706497,D1,Banking,20.0,भांडवली बाजार बचतकर्त्यांची संपत्ती अशा लोकांपर्यंत पोचवतत ज्ये दीर्घकालीन उत्पादक वापर करू शकतत,"भांडवली बाजार बचतकर्त्यांची संपत्ती अशा लोकांपर्यंत पोहोचवत आहे, जे दीर्घकालीन उत्पादक वस्तू वापरू शकतात."
713,715590,D2,Agriculture,20.5,जास्वंद जास्तकरून उष्णकटिबंधीय प्रदेशात मध्ये बघायला मिळतो,जास्वंद जास्तकरून उष्णकटिबंधीय प्रदेशात मध्ये बघायला मिळतो
714,722843,D4,Agriculture,19.667,गाळाची माती काळी माती लाल माती लॅटराइट वालुकामय वालुकामय वाळवंट माती प्रकार,"गाळाची माती काळी, माती लाल, लॅटराइट वालुकामय, वाळवंट मातीचा प्रकार"
715,710923,D1,Banking,20.0,मासिक हप्तो सोपो आणि सुरक्षित असा तुम्ही तुमच्या आवडीनुसार कर्जाची ऑनलाईन परतफेड करु शकतास,मासिक हप्ते सुरक्षित असा तुम्ही तुमच्या आवडीनुसार कर्जाची ऑनलाईन परतफेड करू शकता
716,715145,D2,Agriculture,20.5,मुलांमधील कुपोषणाच्या समस्येवर मात करण्यासाठी सरकारने मध्यान्ह भोजन योजना सुरू केली आहे,मुलांमधील कुपोषणाच्या समस्येवर मात करण्यासाठी सरकारने मध्यान्ह भोजन योजना सुरू केली आहे
717,723624,D4,Banking,19.5,जास्त वेळेसाठी पैसा गुंतवाचा असनं त त्याच्यासाठी काही अटी हाय ?,जास्त वेळेसाठी पैसा गुंतवायचा असेल तर त्याच्यासाठी काही अटी आहेत का?
718,707906,D1,Banking,20.0,"मास्तर सांगा होतो , चक्रवाढ व्याज म्हणजे कर्जाच्या किंवा ठेवीच्या मूळ रकमेवर व्याजाची भर होय","मास्तर सांगा होतो, चक्रवाढ व्याज म्हणजे कर्जाच्या किंवा ठेवीच्या मूळ रकमेवर व्याजाची भर होय."
719,715863,D2,Agriculture,20.5,बाळाने त्याच्या कच्चा रेशमाच्या धाग्यांपासून पासून बनलेल्या चादरीतून बाहेर बघितले,बाळाने त्याच्या कच्च्या रेशमी धाग्यांपासून बनवलेल्या चादरीतून बाहेर पाहिले.
720,718872,D4,Banking,19.5,ज्यांना बँकांमध्ये जाता येत नाही ते त्यांचे पैसे पोस्ट सेविंग्स बँकेत आरामात जमा करू शकतात,ज्यांना बँकांमध्ये जाता येत नाही ते त्यांचे पैसे पोस्ट सेविंग्स बँकेत आरामात जमा करू शकतात
721,707707,D1,Banking,20.0,पगारावर प्रक्रिया करु साठी काही तासांपासानकाही दिसांपर्यंत असो किती पण येळ लागू शकता,पगारावर प्रक्रिया करण्यासाठी काही तासांपासून काही दिवसांपर्यंत असो किती पण ते लागू शकते.
722,715918,D2,Agriculture,20.5,भारतामध्ये हायब्रीड पिक सेवां सारख्या शेतीच्या कच्च्या मालात झपाट्याने वाढ होत आहे,भारतामध्ये हायब्रीड पिक सेवां सारख्या शेतीच्या कच्च्या मालात झपाट्याने वाढ होत आहे
723,720849,D4,Agriculture,19.5,कृषी रासायनाच्या जास्त प्रयोगामुळे जोसेफ च्या शेतात उत्पादन लई कमी झाले आहे,कृषी रसायनांच्या जास्त प्रयोगामुळे जोसेफच्या शेतात उत्पादन कमी झाले आहे
724,711070,D1,Banking,20.0,सर्वात सामान्य कर्ज देयका ज्यामध्ये प्रत्येक मासिक दराचा कालांतरान समान मू्ल्य असता,सर्वात सामान्य कर्जदारांमध्ये ज्यामध्ये प्रत्येक मासिक दराचा कालावधी समान मूल्य असतो.
725,716594,D2,Banking,20.5,दीर्घ मुदतीसाठी रोखे खरेदी करण्याबाबत तुम्हाला जास्त काळजी करण्याची गरज नाही,दीर्घ मुदतीसाठी रोखे खरेदी करण्याबाबत तुम्हाला जास्त काळजी करण्याची गरज नाही
726,719840,D4,Agriculture,19.5,स्प्लिट बंगाल हरभरा मानवी वापरासाठी तसेच जनावरांना खाण्यासाठी वापरला जातो,स्प्लिट बंगाल हरभरा मानवी वापरासाठी तसेच जनावरांना खाण्यासाठी वापरला जातो
727,710091,D1,Agriculture,20.0,शेतकरी क्रेडिट कार्ड योजनेच्या माध्यमातसून शेतकऱ्यांका कर्ज घेण्यासाठी सोप्या व्हता,शेतकरी क्रेडिट कार्ड योजनेच्या माध्यमातून शेतकऱ्यांचे कर्ज घेण्यासाठी सोपे आहे
728,716885,D2,Agriculture,20.5,कृषी विज्ञान म्हणजे अन्न इंधन फायबर किंवा जमीन संवर्धनासाठी शेतीद्वारे वनस्पतींचे उत्पादन आहे,कृषी विज्ञान म्हणजे अन्न इंधन फायबर किंवा जमीन संवर्धनासाठी शेतीद्वारे वनस्पतींचे उत्पादन आहे
729,720405,D4,Banking,19.5,गुंतवणुकीच्या पोर्टफोलिओ च्या कामगिरीचे प्रतिनिधित्व करण्यासाठी प्रकल्पाची रचना केली आहे,गुंतवणुकीच्या पोर्टफोलिओच्या कामगिरीचे प्रतिनिधित्व करण्यासाठी प्रकल्पाची रचना केली आहे
730,706524,D1,Banking,20.0,व्यावसायिक बँकांचा सामान्यपणे देशाच्या मध्यवर्ती बँकेद्वारा मोठ्या प्रमाणावर नियमन केला जाता,व्यावसायिक बँकांचे सामान्यपणे देशाच्या मध्यवर्ती बँकेद्वारे मोठ्या प्रमाणावर नियमन केले जाते.
731,716069,D2,Agriculture,20.5,राज्य विभागांमध्ये रेशीम उत्पादन क्रियांसंबंधीच्या विकासामध्ये महत्त्वपूर्ण भूमिका बजावत आहे,राज्य विभागांमध्ये रेशीम उत्पादन क्रियांच्या विकासात महत्त्वपूर्ण भूमिका बजावत आहे.
732,719053,D4,Agriculture,19.5,यावर्षी रामकुमार बाजरीच्या चांगल्या पिकासाठी संकरित बियाणांचा वापर करण्यात आला आहे,यावर्षी रामकुमार बाजरीच्या चांगल्या पिकासाठी संकरित बियाणांचा वापर करण्यात आला आहे
733,707831,D1,Banking,20.0,भांडवली बाजारात जास्त कालावधीसाठी निधीची खरेदी विक्री केली जाता,भांडवली बाजारात जास्त कालावधीसाठी निधीची खरेदी-विक्री केली जाते.
734,714546,D2,Banking,20.5,ॲन्युटीना पैसा आपण मरावर आपला जोडला लोकेस्ले भेटतस पण त्यास्ना खातानी बठ्ठी माहिती आगोदर भरनी पडस,"आपण आपल्या पैशाचा एन्युइटी इतरांसाठी जोडला, त्यांना मिळते पण त्याबद्दल खाण्यासाठी खूप माहिती आधी भरायला लागेल."
735,719758,D4,Agriculture,19.5,कृषी भौतिक शास्त्र हा संबंधित विषयांच्या क्षेत्रात काम करणाऱ्या व्यावसायिकांचा एक समाज आहे,कृषी भौतिक शास्त्र हा संबंधित विषयांच्या क्षेत्रात काम करणाऱ्या व्यावसायिकांचा एक समाज आहे
736,708628,D1,Agriculture,20.0,मेंढ्यांका स्वस्थ ठेऊचा असात तर तेंका कार्बोहायड्रेट वगैरे खाऊक देऊक व्हया,मेंढ्यांची स्वस्थता राखली तर त्यांना कार्बोहायड्रेट इत्यादी खायला देऊ शकतो.
737,716105,D2,Agriculture,20.5,लीलाने प्रधानमंत्री ग्रामीण आवास योजने मधून मिळालेल्या आर्थिक मदती द्वारे तीच नवीन घर बांधलं,लीलाने प्रधानमंत्री ग्रामीण आवास योजनेमधून मिळालेल्या आर्थिक मदतीद्वारे तीच नवीन घर बांधले
738,720778,D4,Agriculture,19.5,"मधमाश्या त्यांच्या मागील पायांवर , बास्केट मध्ये परागकण गोळा करतात आणि ते परत पोळ्यावर घेऊन जातात",मधमाश्या त्यांच्या मागील पायांवर बास्केटमध्ये परागकण गोळा करतात आणि ते परत पोळ्यावर घेऊन जातात
739,708456,D1,Agriculture,20.0,"माझे काका डाळिंबाच्या झाडाची छाटणी वोगीचच गरज नसताना करणत नाय , फक्त रोग इल्लले फांदये तोडतत","माझे काका डाळिंबाच्या झाडाची छाटणी गरज नसताना करत नाहीत, फक्त रोगग्रस्त फांद्या तोडत आहेत."
740,715469,D2,Banking,20.5,कोणत्याही देशामध्ये आर्थिक विकासाच मोजमाप करण्यासाठी बुध्दीमान लोक असतात,कोणत्याही देशात आर्थिक विकासाचे मोजमाप करण्यासाठी बुद्धिमान लोक असतात.
741,721829,D4,Agriculture,19.5,भारताच्या विविध प्रदेशांतील हवामानातील भिन्नतेमुळे तेथील जमिनींचे प्रकार व नावे वेगवेगळी आहेत,भारताच्या विविध प्रदेशांतील हवामानातील भिन्नतेमुळे तेथील जमिनींचे प्रकार व नावे वेगवेगळी आहेत
742,708826,D1,Agriculture,20.0,विनाशकारी तंत्रा पाण्यातल्या माशांका आणि जैव परिसंस्थेक हानी पोहचवतत,विनाशकारी तंत्रामुळे पाण्यातल्या माशांका आणि जैव परिसंस्थेकला हानी पोहोचत आहे
743,715871,D2,Agriculture,20.5,"भाऊ तुम्हाला माहिती आहे का , भारतामध्ये निळे पाण्यातले कमळ कुठे पाहायला मिळते ?","भाऊ तुम्हाला माहिती आहे का, भारतामध्ये निळे पाण्यातले कमळ कुठे पाहायला मिळते?"
744,719210,D4,Agriculture,19.5,"बागायतीमध्ये , जेलीचा वापर माती सोडविण्यासाठी आणि समतल करण्यासाठी केला जातो",बागायतीमध्ये जेलीचा वापर माती सोडविण्यासाठी आणि समतल करण्यासाठी केला जातो
745,707125,D1,Banking,20.0,फायनान्शियल इकॉनॉमेट्रिक्स ह्या आर्थिक अर्थ शास्त्राची शाखा असा ज्या इकॉनॉमेट्रिक तंत्र वापरता,फायनान्शियल इकॉनॉमेट्रिक्स ही आर्थिक अर्थशास्त्राची शाखा आहे जी इकॉनॉमेट्रिक तंत्रे वापरते
746,716907,D2,Banking,20.5,क्रिप्टोकरन्सीमधील नाण्यांच्या मालकीच्या नोंदी डिजिटल लेजरमध्ये संग्रहित केल्या जातात,क्रिप्टोकरन्सीमधील नाण्यांच्या मालकीच्या नोंदी डिजिटल लेजरमध्ये संग्रहित केल्या जातात
747,719243,D4,Agriculture,19.5,लिंबू हे फुलांच्या वनस्पती कुटुंबातील रुतासी मधील लहान सदाहरित झाडांचे एक वंश आहे,लिंबू हे फुलांच्या वनस्पती कुटुंबातील रुतासी मधील लहान सदाहरित झाडांचे एक वंश आहे
748,709059,D1,Banking,20.0,वाणिज्यिक कर्ज संशोधन अकादमिक शोधकर्त्यांच्या द्वारा आणि लेखाकारांच्या अभ्यासातून तयार होता,वाणिज्यिक कर्ज संशोधन शैक्षणिक संशोधक आणि लेखाकारांच्या अभ्यासातून तयार झाले.
749,716233,D2,Agriculture,20.5,सागरी शेती एक अशी प्रक्रिया आहे ज्यामध्ये माणूस उपभोगासाठी अन्नधान्याची उत्पत्ति करतो,सागरी शेती एक अशी प्रक्रिया आहे ज्यामध्ये माणूस उपभोगासाठी अन्नधान्याची उत्पत्ती करतो
750,722829,D4,Agriculture,19.5,अविशान मेंढी दोनपेक्षा जास्त मुले देत आहे अनेक राज्यातील शेतकरी देखील अविशानचे संगोपन करत आहेत,अविशान मेंढी दोनपेक्षा जास्त मुले देत आहे आणि अनेक राज्यातील शेतकरी देखील अविशानचे संगोपन करत आहेत
751,707729,D1,Agriculture,20.0,पिकांका सूर्यकिरणांपासून संरक्षण मिळण्यासाठी ग्रीन हाऊस बनवला जाता,पिकांच्या सूर्यकिरणांपासून संरक्षण मिळवण्यासाठी ग्रीन हाऊस बनवला जातो
752,716573,D2,Banking,20.5,रहिवाशांना तसेच रोखेधारकांना पैसे देण्यासाठी कर लावण्याचा अधिकार ज्याला आहे ती म्हणजे नगरपालिका,रहिवाशांना तसेच रोखेधारकांना पैसे देण्यासाठी कर लावण्याचा अधिकार ज्याला आहे ती म्हणजे नगरपालिका
753,722490,D4,Agriculture,19.5,मासेमारीची विविध साधने ज्यात बोटींमधून टाकलेल्या जाळ्या वापरल्या जातात,मासेमारीची विविध साधने ज्यात बोटींमधून टाकलेल्या जाळ्या वापरल्या जातात
754,709668,D1,Agriculture,20.0,वेगळ्या तरेचे मोठे मासे समुद्रात पकडून मासळी बाजारात महागड्या दराने विकतत,वेगळ्या तरेचे मोठे मासे समुद्रात पकडून मासे बाजारात महागड्या दराने विकत होते.
755,717096,D2,Banking,20.5,कोणत्याही गोष्टीचा किंवा जीवनाचा विमा काढणे म्हणजे तुम्हाला जोखमीपासून संरक्षण मिळेल,कोणत्याही गोष्टीचा किंवा जीवनाचा विमा काढणे म्हणजे तुम्हाला जोखमीपासून संरक्षण मिळेल
756,720191,D4,Agriculture,19.5,जैवइंधन हे जीवाश्म इंधनांपेक्षा वेगळे असतात ज्यांना नैसर्गिक रित्या जास्त वेळ लागतो,जैवइंधन हे जीवाश्म इंधनांपेक्षा वेगळे असतात ज्यांना नैसर्गिक पद्धतीने जास्त वेळ लागतो
757,725012,D1,Banking,20.0,"संसद सदस्य स्थानीय क्षेत्र विकास योजनेतना पेयजल , प्राथमिक शिक्षण यांसारख्या मुद्द्यांवर लक्ष दिला गेला",संसद सदस्याने स्थानिक क्षेत्र विकास योजनेतील पेयजल आणि प्राथमिक शिक्षण यांसारख्या मुद्द्यांवर लक्ष दिले गेले.
758,715452,D2,Agriculture,20.5,कृषी मृदा विज्ञानामध्ये मातीची सुपीकता आणि स्वास्थ्याची तपासणी केली जाते,कृषी मृदा विज्ञानामध्ये मातीची सुपीकता आणि स्वास्थ्याची तपासणी केली जाते
759,722256,D4,Agriculture,19.5,सॉफ्टवुड म्हणजे शंकूच्या आकाराचे किंवा सदाहरित झाडांपासून कापणी केलेल्या लाकडाचा संदर्भ,सॉफ्टवुड म्हणजे शंकूच्या आकाराचे किंवा सदाहरित झाडांपासून कापणी केलेल्या लाकडाचा संदर्भ
760,724909,D1,Banking,20.0,"व्हेंचर कॅपिटल स्टार्टअप्स , सुरुवातीच्यो टप्प्यात उदयोन्मुख कंपन्यांका उद्यम भांडवल संस्थाद्वारा प्रदान करता",व्हेंचर कॅपिटल स्टार्टअप्स सुरुवातीच्या टप्प्यात उदयोन्मुख कंपन्यांना उद्यम भांडवल संस्थांकडून प्रदान करते
761,716634,D2,Agriculture,20.5,"फॉरेस्ट गार्डन ही झाडे , झुडपे बारामाही वनस्पतीवर आधारीत एक डिझाइन केलेली शेती प्रणाली आहे","फॉरेस्ट गार्डन ही झाडे, झुडपे बारामाही वनस्पतींवर आधारित एक डिझाइन केलेली शेती प्रणाली आहे"
762,718855,D4,Agriculture,19.5,भारताने खूप उशीर केला पण सेंद्रिय शेती करणार्या देशांमध्ये याने आपले नाव निर्माण केले आहे,भारताने खूप उशीर केला पण सेंद्रिय शेती करणारे देशांमध्ये याने आपले नाव निर्माण केले आहे
763,724911,D1,Banking,20.0,क्राउडफंडिंग म्हणजे मोठ्यो संख्येन लोकांकडसुन पैसा उभारून एखाद्यो प्रकल्पाक किंवा उपक्रमाक निधी देऊची प्रथा,क्राउडफंडिंग म्हणजे मोठ्या संख्येने लोकांकडून पैसा उभारून एखाद्या प्रकल्पाचा किंवा उपक्रमाचा निधी देण्याची प्रथा.
764,714482,D2,Agriculture,20.5,वावरमा विषारी औषधना फवारा मारानी टाईमले डोयाले चष्मा आणि नाकले रुमाल लावलेच जोईजे,वावरमा विषारी औषधाचा फवारा मारला आणि वेळेनुसार चष्मा लावला व नाकाला रुमाल लावला
765,719418,D4,Banking,19.5,तुमच्या सर्व व्यवहारांचा इतिहास पाहण्यासाठी तुम्ही एम पासबुकचाही वापर करू शकता,तुमच्या सर्व व्यवहारांचा इतिहास पाहण्यासाठी तुम्ही एम पासबुकचाही वापर करू शकता
766,724832,D1,Banking,20.0,फाउंडेशन ह्या ना नफा संस्था किंवा धर्मादाय ट्रस्टचो येक श्रेणी असा जा सर्वोसाधारणपणे निधी प्रदान करता,फाउंडेशन हे नफा संस्था किंवा धर्मादाय ट्रस्ट एक श्रेणी असा सर्वसाधारणपणे निधी प्रदान करते.
767,724751,D2,Agriculture,20.5,सिंचन कार्यक्षमता पाण्यावर अवलंबून असते एकोणीसशे साठपर्यंत पाणी हे धोक्यात आलेले संसाधन मानले जात नव्हते,सिंचनाची कार्यक्षमता पाण्यावर अवलंबून असते. एकवीसशे साठपर्यंतचे पाणी हे धोक्यात आलेले संसाधन मानले जात नव्हते.
768,721694,D4,Banking,19.5,सर्वात मोठ्या तीनशे पेन्शन फंडांमध्ये एकत्रितपणे सुमारे सहा ट्रिलियन डॉलर्सची मालमत्ता आहे,सर्वात मोठ्या तीनशे पेन्शन फंडांमध्ये एकत्रितपणे सुमारे सहा ट्रिलियन डॉलर्सची मालमत्ता आहे
769,724981,D1,Banking,20.0,राजनचे दोनवले डोळे अॅक्सिडेंट मध्ये गेल्यावर तेका प्रधानमंत्री सुरक्षा बिमा योजनेसून दोन लाख रुपये मिळाले,राजनचे डोळे अपघातात गेल्यावर त्यांना प्रधानमंत्री सुरक्षा विमा योजनेतून दोन लाख रुपये मिळाले.
770,724718,D2,Agriculture,20.5,चरणाऱ्या किंवा काम करणाऱ्या प्राण्यांचे शेण एकाच ठिकाणी बंदिस्त केलेल्या प्राण्यांपेक्षा वेगळे असते,धावणाऱ्या किंवा काम करणाऱ्या प्राण्यांचे शेण एकाच ठिकाणी बंदिस्त केलेल्या प्राण्यांपेक्षा वेगळे असते
771,722748,D4,Banking,19.5,वॉरंट धारकास मागणीनुसार किंवा निर्दिष्ट तारखेनंतर पैसे देण्यास अधिकृत करते,वॉरंट धारकास मागणीनुसार किंवा निर्दिष्ट तारखेनंतर पैसे देण्यास अधिकृत करते
772,724826,D1,Banking,20.0,गुंतवणुकीच्यो परताव्याची थेट आवश्यकता नसलेल्या निधीचा वर्णन सॉफ्ट फंडिंग किंवा क्राऊडफंडिंग असा केला जाता,गुंतवणुकीचे परताव्याची थेट आवश्यकता नसलेल्या निधीचे वर्णन सॉफ्ट फंडिंग किंवा क्राऊडफंडिंग म्हणून केले जाते.
773,724779,D2,Banking,20.5,"महामंडळाद्वारे एक सार्वजनिक , खाजगी महामंडळाच्या भाग भांडवलाचे समभाग कायदेशीर मालक म्हणून नोंदणीकृत आहे",महामंडळाद्वारे एक सार्वजनिक खाजगी महामंडळाच्या भाग भांडवलाचे समभाग कायदेशीर मालक म्हणून नोंदणीकृत आहे
774,719164,D4,Agriculture,19.5,सुक्या मेव्यांचा वापर मोठ्या प्रमाणावर आहे विकल्या जाणाऱ्या सुका मेव्यांपैकी अर्ध्या मनुका असतात,"सुक्या मेव्यांचा वापर मोठ्या प्रमाणावर होतो, विकल्या जाणाऱ्या सुका मेव्यांपैकी अर्धे मनुके असतात."
775,724952,D1,Agriculture,20.0,"संकेत तुका ठाऊक हा काय , डेअरी उद्योगाक चालना देऊसाठी सरकारना दुग्धउद्योजकता विकास योजना स्थापन केल्यान आसा","संकेत हा काय आहे, डेअरी उद्योगाला चालना देण्यासाठी सरकारने दुग्धउद्योजकता विकास योजना स्थापन केली आहे."
776,724800,D2,Agriculture,20.5,सुगंधी व औषधी वनस्पतींना पश्चिम आशियातील मेलेनियम विभागातील प्रजातीचे संकरित प्रजनन करून प्राप्त केले जाते,सुगंधी व औषधी वनस्पतींना पश्चिम आशियातील मेलेनियम विभागातील प्रजातीचे संकरित प्रजनन करून प्राप्त केले जाते
777,720879,D4,Agriculture,19.5,रेन वॉटर हार्वेस्टिंग म्हणजे पावसाच्या पाण्याच्या पुनर्वापरासाठी त्याचा साठा,रेन वॉटर हार्वेस्टिंग म्हणजे पावसाच्या पाण्याच्या पुनर्वापरासाठी त्याचा साठा
778,724817,D1,Banking,20.0,"वित्तीय सेवांमध्ये बँकांसह , पैशांचो व्यवस्थापन करणाऱ्या व्यवसायांच्यो विस्तृत श्रेणीचो समावेश होता",वित्तीय सेवांमध्ये बँकांसह पैसा व्यवस्थापन करणाऱ्या व्यवसायांची विस्तृत श्रेणी समाविष्ट होती.
779,724692,D2,Agriculture,20.5,"मी काकांना शेतीसाठी एक चांगल्या अवजारांचा उपयोग करण्याचा सल्ला दिला , जेणेकरून त्यांना शेतीमध्ये फायदा होईल","मी काकांना शेतीसाठी चांगल्या अवजारांचा उपयोग करण्याचा सल्ला दिला, जेणेकरून त्यांना शेतीमध्ये फायदा होईल."
780,720853,D4,Agriculture,19.5,केंद्रीय मंत्रि मंडळाने जुलै दोन हजार वीस मध्ये ऑल इंडिया सेंट्रल एरिया योजनेला मान्यता दिली आहे,केंद्रीय मंत्रिमंडळाने जुलै दोन हजार वीसमध्ये ऑल इंडिया सेंट्रल एरिया योजनेला मान्यता दिली आहे
781,725009,D1,Banking,20.0,निश्चित उत्पन्नाच्या विश्लेषणामध्ये भविष्यात त्याचा मुल्य प्रभावीत करु शकणारे आर्थिक बाबींचो समावेश असु शकता,निश्चित उत्पन्नाच्या विश्लेषणात भविष्यात त्याचा मूल्य प्रभावी बनवू शकणाऱ्या आर्थिक बाबींचा समावेश असू शकतो.
782,724676,D2,Banking,20.5,"अरे दादा , बँकेत खाते उघडण्याच्या वेळेस आधार कार्ड सोबत के.वाय.सी केली ना मग आपला प्रामाणिकपणा सिद्ध होतो","दादा, बँकेत खाते उघडण्याच्या वेळी आधार कार्ड सोबत के.वाय.सी केली ना, मग आपला प्रामाणिकपणा सिद्ध होतो."
783,722444,D4,Agriculture,19.5,प्रून हे प्रूनस डोमेस्टीया जातीचे एक कडक मांसल फळ आहे ज्यामध्ये घन पदार्थांचे प्रमाण जास्त असते,प्रून हे प्रूनस डोमेस्टीया जातीचे एक कडक मांसल फळ आहे ज्यामध्ये घन पदार्थांचे प्रमाण जास्त असते
784,724944,D1,Agriculture,19.944,"तुका ठाऊक हा काय ? , बांबू लागवड आणि व्यापारासाठी मध्य प्रदेशात राज्य बांबू मिशनची स्थापना केलेली आसा",तुम्हाला हे काय? बांबू लागवड आणि व्यापारासाठी मध्य प्रदेशात राज्य बांबू मिशनची स्थापना केलेली आहे.
785,724655,D2,Agriculture,20.447,मला शासकीय योजनेतून पीक विमा संरक्षण घेण्यासाठी कुणाकडे अर्ज करावा लागेल ? अशी सुविधा गावामध्ये उपलब्ध असते का ?,मला शासकीय योजनेतून पीक विमा संरक्षण घेण्यासाठी कुणाकडे अर्ज करावा लागेल? अशी सुविधा गावामध्ये उपलब्ध असते का?
786,719452,D4,Agriculture,19.5,मानवी हस्तक्षेपासाठी पाणी आणि मृदा संवर्धन हे सर्वात जास्त जबाबदार आहेत,मानवी हस्तक्षेपासाठी पाणी आणि मृदा संवर्धन हे सर्वात जास्त जबाबदार आहेत
787,724857,D1,Banking,19.941,महात्मा गांधी राष्ट्रीय ग्रामीण रोजगार हमी कायदा ह्यो एक भारतीय कामगार कायदा आणि सामाजिक सुरक्षा उपाय असा,महात्मा गांधी राष्ट्रीय ग्रामीण रोजगार हमी कायदा हे एक भारतीय कामगार कायदा आणि सामाजिक सुरक्षा उपाय आहे
788,724662,D2,Agriculture,20.444,कोणत्या प्रकारच्या पिकासाठी स्प्रिंकल पद्धत चांगली आहे ? त्या पिकाला व जमिनीला तिचा कसा फायदा होऊ शकेल ?,कोणत्या प्रकारच्या पिकासाठी स्प्रिंकल पद्धत चांगली आहे ? त्या पिकाला व जमिनीला तिचा कसा फायदा होऊ शकेल ?
789,722580,D4,Agriculture,19.5,तुम्हाला माहिती आहे का अंगोरा शेळ्यांचे अल्पाका फायबर स्टॅम्प देखील खूप लोकप्रिय आहेत,तुम्हाला माहिती आहे का अंगोरा शेळ्यांचे अल्पाका फायबर स्टॅम्प देखील खूप लोकप्रिय आहेत
790,709091,D1,Agriculture,19.938,"मेंढ्यांका चरूक नेणार्यांका धनगर बोलतत , धनगर एका जातीचा पण नाव हा जी मागास वर्गात येता","मेंढ्यांका चरूक नेणार्यांका धनगर बोलतात, धनगर एका जातीचे पण नाव आहे जी मागास वर्गात येते."
791,724689,D2,Agriculture,20.444,"चरख्या मध्ये लाकडाच चाक लावलेल असत , जे दोरीच्या सहाय्याने दुसरीकडे लावलेल सूत कातण्यासाठी च्या चकती ला फिरवते","चरख्यामध्ये लाकडाचा चाक लावला होता, जो दोरीच्या सहाय्याने दुसरीकडे सूत कातण्यासाठी चकतीला फिरवतो."
792,724489,D4,Banking,19.5,जोखीम व्यवस्थापन ओळख ही गुंतवणूकीच्या निर्णयामध्ये अनिश्चिततेची स्वीकृती किंवा शमन करण्याची प्रक्रिया आहे,जोखीम व्यवस्थापन ओळख ही गुंतवणुकीच्या निर्णयामध्ये अनिश्चिततेची स्वीकृती किंवा शमन करण्याची प्रक्रिया आहे
793,707039,D1,Banking,19.933,काळा बाजार ह्यो एक गुप्त बाजार किंवा व्यवहारांची मालिका असा ज्यात बेकायदोशीरतेचो काही पैलू असता,काळा बाजार हे एक गुप्त बाजार किंवा व्यवहारांची मालिका आहे ज्यात बेकायदोशीरतेचे काही पैलू असतात
794,724699,D2,Agriculture,20.438,"वातावरणाचा प्रभाव पशुपालनाशी संबंधित जनावर जे दूध , मांस यासाठी पाळले जाणारे जनावर आहेत त्यांच्यावर होतो",वातावरणाचा प्रभाव पशुपालनाशी संबंधित दूध आणि मांस उत्पादनासाठी पाळल्या जाणाऱ्या प्राण्यांवर होतो.
795,724504,D4,Banking,19.5,अर्थ मंत्रालयात खाजगी संस्थेच्या कर्मचाऱ्यांसाठी भविष्य निर्वाह निधीची सुविधा अनिवार्य करण्यात आली आहे,अर्थ मंत्रालयात खाजगी संस्थेच्या कर्मचाऱ्यांसाठी भविष्य निर्वाह निधीची सुविधा अनिवार्य करण्यात आली आहे
796,706759,D1,Banking,19.929,"व्यक्ती आणि कुटुंबांच्यो कर्जाच्यो सामान्य प्रकारांत तारण कर्जा , कार कर्जा यांचो समावेश होता","व्यक्ती आणि कुटुंबाच्या कर्जाच्या सामान्य प्रकारांत तारण कर्जा, कार कर्जाचा समावेश होता."
797,724742,D2,Agriculture,20.438,"कृषी जोखीम व्यवस्थापनासाठी , भारत सरकारने दुष्काळ व्यवस्थापन , प्रधानमंत्री फसल विमा योजना या सुविधा दिल्या",कृषी जोखीम व्यवस्थापनासाठी भारत सरकारने दुष्काळ व्यवस्थापन प्रधानमंत्री फसल विमा योजना या सुविधा दिल्या.
798,724358,D4,Banking,19.5,"हेज फंड , व्यवस्थापक त्यांच्या ग्राहकांसाठी सरासरी गुंतवणूक परताव्याला मागे टाकण्याचा प्रयत्न करतात",हेज फंड व्यवस्थापक त्यांच्या ग्राहकांसाठी सरासरी गुंतवणूक परताव्याला मागे टाकण्याचा प्रयत्न करतात
799,711158,D1,Agriculture,19.929,कमी पैशात जास्त फायदो दिणारी किटकनाशके आसत काय किंवा कीटकनाशकाचो माहिती सांगतात काय ?,कमी पैशात जास्त फायदा देणारी कीटकनाशके आहेत का किंवा कीटकनाशकाची माहिती सांगतात का?
800,717439,D2,Agriculture,20.433,पोल्ट्रीमध्ये एकावेळी किती कोंबडी पालन करु शकतो ? कोंबडी खाद्य घरी तयार करण्याविषयी माहिती द्या,पोल्ट्रीमध्ये एका वेळी किती कोंबडी पालन करता येते? कोंबडीचे खाद्य घरी तयार करण्याविषयी माहिती द्या.
801,724362,D4,Banking,19.5,बँकिंगमध्ये थेट डिपॉझिट म्हणजे प्राप्त कर्त्याद्वारे प्राप्तकर्त्याच्या बँक खात्यात जमा केलेली रक्कम,बँकिंगमध्ये थेट डिपॉझिट म्हणजे प्राप्त कर्त्याद्वारे प्राप्तकर्त्याच्या बँक खात्यात जमा केलेली रक्कम
802,724895,D1,Banking,19.929,बँक स्टेटमेंट ह्या प्रत्येक बँक खात्याकरता दिलेल्या कालावधीत होणारा आर्थिक व्यवहारांचा अधिकृत सारांश असता,बँक स्टेटमेंट प्रत्येक बँक खात्यासाठी दिलेल्या कालावधीत होणाऱ्या आर्थिक व्यवहारांचा अधिकृत सारांश असतो.
803,724682,D2,Agriculture,20.433,काश्मिरी लोकरीच्या तंतूंचा उपयोग कपड्यांमध्ये आणि इतर कपडा लेख काश्मिरी गळ्याच्या भागातून प्राप्त केला जातो,काश्मिरी लोकरीच्या तंतूंचा उपयोग कपड्यांमध्ये आणि इतर कपड्यांमध्ये काश्मिरी गळ्याच्या भागातून प्राप्त केला जातो
804,724499,D4,Agriculture,19.5,अनेक मोठ्या कंपन्या त्यांच्या उत्पादनांमध्ये हिबिस्कस वापरून केसांच्या समस्या दूर करण्याचा दावा करतात,अनेक मोठ्या कंपन्या त्यांच्या उत्पादनांमध्ये हिबिस्कस वापरून केसांच्या समस्या दूर करण्याचा दावा करतात
805,706822,D1,Banking,19.923,आर्थिक मॉडेलिंग ह्या वास्तविक जागतिक आर्थिक परिस्थितीचो अमूर्त प्रतिनिधित्व तयार करण्याचा कार्य असा,आर्थिक मॉडेलिंग हे वास्तविक जागतिक आर्थिक परिस्थितीचे अमूर्त प्रतिनिधित्व तयार करण्याचे कार्य आहे.
806,715662,D2,Agriculture,20.429,तुम्हाला माहिती आहे का ? व्हेज कटर मोठ्या प्रमाणातील गवत कापण्यासाठी चे मशीन आहे,तुम्हाला माहिती आहे का? व्हेज कटर मोठ्या प्रमाणातील गवत कापण्यासाठीचे मशीन आहे.
807,724455,D4,Banking,19.5,चुकीचे भांडवल पडताळणी अहवाल जारी करताना चार्टर्ड अकाउंटंटचे उल्लंघन करण्यासाठी आयोजित केले गेले होते,चुकीचे भांडवल पडताळणी अहवाल जारी करताना चार्टर्ड अकाउंटंटचे उल्लंघन करण्यासाठी आयोजित केले गेले होते
808,710276,D1,Banking,19.923,तुमका माहित असा राष्ट्रीय ग्रामीण आजीविका मिशनचो उद्देश्य गरिबांसाठी उपजिविकेक प्रोत्साहन देणा असा,तुम्हाला माहीत आहे की राष्ट्रीय ग्रामीण आजीविका मिशनचा उद्देश गरिबांसाठी उपजिविकेक प्रोत्साहन देण्याचा आहे.
809,715159,D2,Agriculture,20.423,रासायनिक प्रक्रियेमध्ये लिग्निनला सेल्युलोजपासून वेगळे करणे आणि नंतर कागद तयार करणे समाविष्ट आहे,रासायनिक प्रक्रियेमध्ये लिग्निनला सेल्युलोजपासून वेगळे करणे आणि नंतर कागद तयार करणे समाविष्ट आहे
810,724461,D4,Banking,19.5,"जर गुंतवणूक दारांचा एखाद्या शहरावर विश्वास नसेल , तर त्यांना म्युनिसिपल बॉण्ड्स जारी केले जात नाहीत","जर गुंतवणुकीचा दारांचा एखाद्या शहरावर विश्वास नसेल, तर त्यांना म्युनिसिपल बॉण्ड्स जारी केले जात नाहीत."
811,708711,D1,Agriculture,19.923,साइमोप्सिस टेट्रागोनोलोबाची उत्पत्ती कोणाक माहीत नाय हा कारण ता जंगलात कधी मिळाक नाय,साइमोप्सिस टेट्रागोनोलोबाची उत्पत्ती कोणाला माहीत नाही हे कारण ते जंगलात कधी मिळाले नाही
812,715927,D2,Agriculture,20.423,"मगरींच्या रोगांमध्ये केमन पॉक्स , एडनोव्हायरल हेपेटाइटिस , क्लेमाईडीओसीस चा खतरा समाविष्ट असतो","मगरींच्या रोगांमध्ये केमन पॉक्स, एडनोव्हायरल हेपेटाइटिस, क्लेमाईडीओसीसचा धोका समाविष्ट असतो."
813,723580,D4,Banking,19.438,"माया खात्यामंधी किती पैसा बाकी हाय कस पाह्याच , मले थे ऑनलाईन कस पाह्याले भेटन ?","मला खात्यात किती पैसे बाकी आहेत ते कसे पाहायचे, आणि मला ऑनलाईन कसे पाहले भेटन?"
814,724927,D1,Banking,19.923,राष्ट्रीय ग्रामीण उपजीविका योजना स्वयंरोजगार आणि ग्रामीण गरिबांच्यो संघटनेला चालना देण्यावर केंद्रित असा,राष्ट्रीय ग्रामीण उपजीविका योजना स्वयंरोजगार आणि ग्रामीण गरिबांच्यो संघटनेला चालना देण्यावर केंद्रित आहे
815,715312,D2,Agriculture,20.417,"आरारोट पश्चिम भारतामध्ये मिळणारी पालेभाजी , लांब , मांसल वनस्पती मूळखोडापासून बनते",पश्चिम भारतामध्ये मिळणारी पालेभाजी लांब आणि मांसल वनस्पती मूळपासून बनते
816,719740,D4,Agriculture,19.438,"माझ्या शेतकरी मित्राने सांगितले की , सुरवातीला दहा दिवसांनी केळीचे फूल कापले तर केळीचे फळ वाढते",माझ्या शेतकरी मित्राने सांगितले की सुरुवातीला दहा दिवसांनी केळीचे फूल कापले तर केळीचे फळ वाढते
817,724900,D1,Banking,19.923,व्यवसाय कर किंवा परवाना शुल्क विशिष्ट व्यवसायांमध्ये गुंतलेल्यो व्यवसायांवर किंवा व्यक्तींवर लागू होता,व्यवसाय कर किंवा परवाना शुल्क विशिष्ट व्यवसायांमध्ये गुंतलेल्या व्यवसायांवर किंवा व्यक्तींवर लागू होते.
818,712888,D2,Agriculture,20.4,ग्रामीण ईकास मंत्रालय ग्रामीण भारतना सामाजिक आर्थिक ईकासवर काम करस,ग्रामीण मंत्रालय ग्रामीण भारताच्या सामाजिक आर्थिक क्षेत्रावर काम करते
819,724378,D4,Agriculture,19.438,"फलोत्पादन , ले फार्मिंग , कृषी वनीकरण संपूर्ण भारतात क्षेत्रे वापरत असलेल्या शेतीच्या प्रकारांमध्ये भिन्न आहेत","फलोत्पादन, ले फार्मिंग आणि कृषी वनीकरण संपूर्ण भारतात क्षेत्रे वापरत असलेल्या शेतीच्या प्रकारांमध्ये भिन्न आहेत."
820,707044,D1,Banking,19.917,मालमत्ता म्हणजे व्यवसाय किंवा आर्थिक घटकाचा मालकीचो किंवा नियंत्रित केलेला कोणताही संसाधन,मालमत्ता म्हणजे व्यवसाय किंवा आर्थिक घटकाचा मालकीचा किंवा नियंत्रित केलेला कोणताही संसाधन
821,724658,D2,Agriculture,20.395,पिकांना पाणी पुरवठा करताना पाण्याचे काही बंधन असते का ? कोणत्या पिकाला किती पाणी द्यावे ते कशाप्रकारे ठरवावे ?,पिकांना पाणी पुरवठा करताना पाण्याचे काही बंधन असते का ? कोणत्या पिकाला किती पाणी द्यावे ते कशाप्रकारे ठरवावे ?
822,723737,D4,Banking,19.433,"मले माया बँक खात्याची एक वर्षाची मायती पाहिजे हाय , ते मले कसी भेटनं ?","मला माया बँक खात्याची एक वर्षाची माहिती पाहिजे आहे, ती मला कशी मिळेल?"
823,708035,D1,Banking,19.909,व्याजदराची जोखीम ही बाँड मालकांसाठी व्याजदरातील चढउतारांमुळे निर्माण होणारी जोखीम आसा,व्याजदराची जोखीम ही बाँड मालकांसाठी व्याजदरातील चढउतारांमुळे निर्माण होणारी जोखीम आहे.
824,716185,D2,Agriculture,20.346,शेती प्रसार हे असं प्रसार माध्यम आहे ज्यामध्ये शेती संबंधित माहिती दिली जाते,शेती प्रसार हे एक प्रसार माध्यम आहे ज्यामध्ये शेती संबंधित माहिती दिली जाते
825,724486,D4,Banking,19.433,"पंच्याहत्तर टक्के जागा अनुसूचित जाती , जमाती , मागासवर्गीय आणि अल्पसंख्याक मुलींना देण्यात आल्या आहेत","सत्तर टक्के जागा अनुसूचित जाती, जमाती, मागासवर्गीय आणि अल्पसंख्याक मुलींना देण्यात आल्या आहेत"
826,707747,D1,Agriculture,19.882,पेरू ह्या साधा उष्णकटिबद्धाचा फळ हा जा उष्ण हवामान किंवा निम उष्ण हवामान असलेल्या भागात पिकवला जाता,पेरू हे साधे उष्णकटिबंधाचे फळ आहे जे उष्ण हवामान किंवा निम उष्ण हवामान असलेल्या भागात पिकवले जाते.
827,713682,D2,Agriculture,20.333,"कोंबड्या , बदक , घरगुती हंस , ह्या अंडा देनारा पक्शी शेतस , यास्ना आंडा मानशे खावाले वापरतंस","कोंबडे, बदके, घरगुती हंस हे अंडी देणारे पक्षी शेतात असतात, त्यांचे अंडे मानव खातात."
828,724434,D4,Banking,19.433,भारतात केंद्रीय अर्थसंकल्प सरकार येत्या वर्षात खर्च करणार आहे व मागील अर्थसंकल्प कितीपर्तयंत यशस्वी झाला,भारतात केंद्रीय अर्थसंकल्प सरकार येत्या वर्षात खर्च करणार आहे आणि मागील अर्थसंकल्प कितीपर्तयंत यशस्वी झाला.
829,706500,D1,Banking,19.875,मनी मार्केट खाता ह्या येक ठेव खाता असा जा मनी मार्केटमधलो सध्याच्यो व्याजदरावर आधारित व्याज देता,"मनी मार्केट खाते ह्या एक ठेव खाते आहे, मनी मार्केटमध्ये सध्याच्या व्याजदरावर आधारित व्याज देते."
830,724748,D2,Agriculture,20.286,"प्राण्यांच्या आहारात पाळीव प्राणी , प्राणीसंग्रहालयातील प्राणी , मत्स्यालय आणि वन्यजीव व्यवस्थापन प्राणी येतात","प्राण्यांच्या आहारात पाळीव प्राणी, प्राणीसंग्रहालयातील प्राणी, मत्स्यालय आणि वन्यजीव व्यवस्थापन प्राणी येतात."
831,719152,D4,Agriculture,19.429,"सालचे लाकूड विशेषतः फर्निचर बनवण्यासाठी उपयुक्त आहे , ते मुळात दरवाजे बनवण्यासाठी वापरले जाते","सालचे लाकूड विशेषतः फर्निचर बनवण्यासाठी उपयुक्त आहे, ते मुळात दरवाजे बनवण्यासाठी वापरले जाते."
832,707364,D1,Agriculture,19.857,उत्पादन प्रक्रिया ही एक औद्योगिक प्रक्रिया आसा जी कृषी उत्पादनांवर प्रक्रिया करण्यासाठी वापरली जाता,उत्पादन प्रक्रिया ही एक औद्योगिक प्रक्रिया आहे जी कृषी उत्पादनांवर प्रक्रिया करण्यासाठी वापरली जाते.
833,714662,D2,Banking,20.0,खातेदारस्नी आर्थिक माहितीना गैरवापर कशा व्हवावू नै म्हनीन सनी बँकास्ना कडक कायदा शेत,खातेदारांनी आर्थिक माहितीचा गैरवापर कशा प्रकारे करावा नाही म्हणजे बँकांवरील कडक कायदा शेत
834,722151,D4,Banking,19.423,एस.डब्लू.एफ सरकारी मालकीचा गुंतवणूक निधी आहे जो वास्तविक आणि आर्थिक मालमत्तेत गुंतवणूक करतो,एस.डब्ल्यू.एफ. सरकारी मालकीचा गुंतवणूक निधी आहे जो वास्तविक आणि आर्थिक मालमत्तेत गुंतवणूक करतो
835,724868,D1,Banking,19.842,"पैसे हस्तांतरण करुचे दोन प्रकार आसत , इंट्रा बैंक ट्रांसफर आणि इंटर बैंक ट्रांसफर , असा माका बाईंनी शिकवल्यानी","पैसे हस्तांतरणाची दोन प्रकार आहेत, इंट्रा बँक ट्रान्सफर आणि इंटर बँक ट्रान्सफर, हे माका बाईंनी शिकवले."
836,712811,D2,Banking,20.0,मिडियामा सामाजिक उद्योजकताले जास्ती परशिद्धी भेटनी,मीडियात सामाजिक उद्योजकतेची जास्त प्रसिद्धी मिळते
837,721017,D4,Agriculture,19.423,"गाईच्या दुधापेक्षा म्हशीच्या दुधात फॅट , प्रोटीन , लैक्टोजविटामिन चे प्रमाण जास्त असते","गाईच्या दुधापेक्षा म्हशीच्या दुधात फॅट, प्रोटीन आणि लॅक्टोज-व्हिटॅमिनचे प्रमाण जास्त असते"
838,709367,D1,Banking,19.833,एन.पी.वी नगदी प्रवाहाच्या वर्तमान मुल्य आणि नगदी बहिर्वाहाच्या वर्तमान मुल्यात फरक असता,एन.पी.व्ही. नगदी प्रवाहाच्या वर्तमान मूल्यांमध्ये आणि नगदी बहिर्वाहाच्या वर्तमान मूल्यांमध्ये फरक असतो.
839,717989,D2,Banking,20.0,सामाजिक योजनेकरीता पैशांची आवश्यकता असल्यास त्यासाठी मला अर्ज करता येईल का ?,सामाजिक योजनेसाठी पैशांची आवश्यकता असल्यास मला अर्ज करता येईल का?
840,719963,D4,Banking,19.423,उद्यमशीलता म्हणजे ज्याच्यात सतत विश्वास आणि श्रेष्ठत्वाचा विचार करण्याची शक्ती आणि गुण असतात,उद्यमशीलता म्हणजे ज्याच्यात सतत विश्वास आणि श्रेष्ठत्वाचा विचार करण्याची शक्ती आणि गुण असतात
841,724948,D1,Agriculture,19.833,"शाश्वत शेतीच्यामध्ये पर्माकल्चर , ॲग्रो फॉरेस्ट्री , मिश्र शेती , एकाधिक पीक आणि पीक रोटेशन यांचो समावेश असता","शाश्वत शेतीमध्ये पर्माकल्चर, ॲग्रो फॉरेस्ट्री, मिश्र शेती, एकाधिक पीक आणि पीक रोटेशन यांचा समावेश असतो."
842,716420,D2,Agriculture,20.0,शेतीमध्ये कीटकांपासून मुक्तता मिळविण्यासाठी पिकांवर कीटकनाशके फवारणी केली जाते,शेतीमध्ये कीटकांपासून मुक्तता मिळविण्यासाठी पिकांवर कीटकनाशके फवारणी केली जाते
843,721167,D4,Banking,19.417,बाजारातील मागणी आणि पुरवठा यांचा अभ्यास करून किंमत ठरवण्याचा अभ्यास केला जातो,बाजारातील मागणी आणि पुरवठा यांचा अभ्यास करून किंमत ठरवण्याचा अभ्यास केला जातो
844,724866,D1,Banking,19.833,"वस्तू , कामगार , जमीन , भांडवल ह्यांच्या वाटपासाठी , युरोपातल्या कमोडिटी बाजारात एक तंत्र विकसित झाला हा","वस्तू, कामगार, जमीन आणि भांडवल यांच्या वाटपासाठी युरोपातल्या कमोडिटी बाजारात एक तंत्र विकसित झाले आहे."
845,713717,D2,Banking,20.0,आजकाल हजारो उद्योजकतामा यशस्वी लोकेसने संख्या माहिती तंत्रज्ञान क्षेत्रा म्हाईन शे,आजकाल हजारो यशस्वी उद्योजक माहिती तंत्रज्ञान क्षेत्रात आहेत
846,721365,D4,Banking,19.4,भविष्याचा जास्त विचार करून एकाच मालमत्तेवर जास्त गुंतवणूक करू नका,भविष्याचा जास्त विचार करून एकाच मालमत्तेवर जास्त गुंतवणूक करू नका
847,724962,D1,Agriculture,19.824,"चामडीक येणारी खाज , टायफॉइड ताप , क्लेमायडीओसिस , लेप्टो स्पायरोसिस , कॅम्पलोबेक्टोरोसिस अश्ये आजार गायीक जातत","चlamydiaमुळे होणारी खाज, टायफॉइड ताप, क्लेमायडीओसिस, लेप्टोस्पायरोसिस, कॅम्पलोबेक्टोरोसिस असे आजार येत आहेत."
848,715751,D2,Agriculture,20.0,पिकांचे नुकसान करणाऱ्या अन्य जीवांना थांबवण्यासाठी वेगवेगळ्या प्रकारची उपाययोजना केली जाते,पिकांचे नुकसान करणाऱ्या अन्य जीवांना थांबवण्यासाठी वेगवेगळ्या प्रकारची उपाययोजना केली जाते
849,719171,D4,Agriculture,19.375,परागकण म्हणजे वनस्पतीच्या अँथरपासून वनस्पतीच्या कलंकापर्यंत परागकणांचे हस्तांतरण,परागकण म्हणजे वनस्पतीच्या अँथरपासून वनस्पतीच्या कलंकापर्यंत परागकणांचे हस्तांतरण
850,724892,D1,Banking,19.812,"खाजगी बँकिंग म्हणजे बँकिंग , गुंतवणूक आणि बँका आणि वित्तीय संस्थांद्वारा प्रदान केलेल्यो इतर वित्तीय सेवा","खाजगी बँकिंग म्हणजे बँकिंग, गुंतवणूक आणि बँका व वित्तीय संस्थांद्वारे प्रदान केलेल्या इतर वित्तीय सेवा"
851,716360,D2,Agriculture,20.0,क्रायसॅन्थेमम फुलांच्या शेकडो प्रजाती असून त्यांची झाडे सावलीत जास्त टिकतात,क्रायसॅन्थेमम फुलांच्या शेकडो प्रजाती असून त्यांची झाडे सावलीत जास्त टिकतात
852,719938,D4,Banking,19.375,तुम्हाला माहिती आहे का की स्टेट बँक ऑफ इंडिया ही सार्वजनिक बँकांपैकी सर्वात मोठी बँक आहे,तुम्हाला माहिती आहे का की स्टेट बँक ऑफ इंडिया ही सार्वजनिक बँकांपैकी सर्वात मोठी बँक आहे
853,710468,D1,Agriculture,19.786,समुद्री शेवाळाची शेती किंवा केल्प शेती ही समुद्री शेवाळांची शेती आणि कापणीचो अभ्यास हा,समुद्री शेवाळाची शेती किंवा केल्प शेती ही समुद्री शेवाळांची शेती आणि कापणीचा अभ्यास आहे
854,716415,D2,Agriculture,20.0,दक्षिण भारतातील तज्ञ गोताखोरांकडून मोती मासेमारी केली जाते,दक्षिण भारतातील तज्ञ गोताखोरांकडून मोती मासेमारी केली जाते
855,720248,D4,Banking,19.357,तुमचा मोबाइल रिचार्ज करण्यासाठी पेटीएम ऐपवर जा आणि तुमचे खाते रिचार्ज करण्यासाठी स्पर्श करा,तुमचा मोबाईल रिचार्ज करण्यासाठी पेटीएम ॲपवर जा आणि तुमचे खाते रिचार्ज करण्यासाठी स्पर्श करा
856,708969,D1,Banking,19.5,भारतातल्या नागरिकांका असंघटीत क्षेत्रातल्या श्रमिकांका केंद्रस्थानी ठेऊन एक पेंशन योजना केलेली हा,भारतातील नागरिकांचे असंघटित क्षेत्रातले श्रमिकांचे केंद्रस्थानी ठेवून एक पेन्शन योजना केलेली आहे.
857,716199,D2,Agriculture,20.0,शेळ्यांना संक्रमणाच्या आजारांपासून वाचवण्यासाठी स्वच्छतेकडे लक्ष देणे गरजेचे आहे,शेळ्यांना संक्रमणाच्या आजारांपासून वाचवण्यासाठी स्वच्छतेकडे लक्ष देणे गरजेचे आहे
858,724491,D4,Banking,19.357,आंतरराष्ट्रीय नाणेनिधी ही एक आंतरराष्ट्रीय वित्तीय संस्था आहे ज्याचे मुख्यालय वॉशिंग्टन डी.सी येथे आहे,आंतरराष्ट्रीय नाणेनिधी ही एक आंतरराष्ट्रीय वित्तीय संस्था आहे ज्याचे मुख्यालय वॉशिंग्टन डी.सी येथे आहे
859,706501,D1,Banking,19.5,मायक्रोफायनान्स ह्या वित्तीय सेवांचा येक श्रेणी असा जा व्यक्ती आणि लहान व्यवसायांका लक्ष्य करता,मायक्रोफायनान्स ह्या वित्तीय सेवांचा एक श्रेणी असा जा व्यक्ती आणि लहान व्यवसायांका लक्ष्य करता
860,715239,D2,Agriculture,20.0,हरभरे सगळ्यात जुने डाळींचे नगदी पिक आहे ज्याचा उपयोग वेगवेगळे नमकीन स्नाय्क्स बनविण्यासाठी होतो,हरभरे सगळ्यात जुने डाळींचे नगदी पीक आहे ज्याचा उपयोग वेगवेगळे नमकीन स्नॅक्स बनविण्यासाठी होतो
861,724367,D4,Agriculture,19.342,"पुदिना हे लॅबिएटी कुटुंबातील एक वनस्पती आहे , जी औषधे , अन्न , मिठाई , टूथपेस्ट इत्यादींमध्ये वापरली जाते","पुदिना हे लॅबिएटी कुटुंबातील एक वनस्पती आहे जी औषधे, अन्न, मिठाई, टूथपेस्ट इत्यादींमध्ये वापरली जाते"
862,708574,D1,Agriculture,19.5,हरितगृहाच्या कामासाठी खोदलल्या बायीचा पाणी स्वच्छ पाणीपुरवठो करता,हरितगृहाच्या कामासाठी खोदून बायीचा पाणी स्वच्छ करून पाणीपुरवठा केला
863,715996,D2,Banking,20.0,"मासिक हप्ता भरू न शकल्यास , ग्राहक सामाना वरील अधिकार गमावू शकतो","मासिक हप्ता भरता न शकल्यास, ग्राहक सामानावरील अधिकार गमावू शकतो."
864,720240,D4,Agriculture,19.3,पांढरा ज्यूट कॉर्कोरस कॅप्सुलरिसपासून आणि टोसा ज्यूट कॉर्कोरस ऑलिटोरियसपासून मिळतो,पांढरा ज्यूट कॉर्कोरस कॅप्सुलरिसपासून आणि टोसा ज्यूट कॉर्कोरस ऑलिटोरियसपासून मिळतो
865,708299,D1,Agriculture,19.5,जास्त उत्पादन मेळवच्यासाठी जमिनीतले पोषक घटक फुकट जाण्यापासून वाचवक होये,जास्त उत्पादन मिळवण्यासाठी जमिनीतील पोषक घटक फुकट जाण्यापासून वाचवावे.
866,713214,D2,Banking,20.0,जेस्नापा स्थिर रोजगार नही शे तेस्ले माइक्रोक्रेडीट गरीब कर्जदारसना करता छोटा कर्जना विस्तार से,जेव्हा स्थिर रोजगार नसते तेव्हा गरीब कर्जदार विस्तारपूर्वक लहान कर्ज घेतात.
867,724207,D4,Banking,19.0,व्याजाचे पैसे माया खात्यात जमा व्हासाठी कितीक दिवस लागन ?,व्याजाचे पैसे खात्यात जमा होण्यासाठी किती दिवस लागतील?
868,707703,D1,Agriculture,19.5,नौरूचे लोक खडकांवर मासेमारी करू साठी प्रशिक्षित फ्रिगेट पक्षी वापरतत,नौरूचे लोक खडकांवर मासेमारी करण्यासाठी प्रशिक्षित फ्रिगेट पक्षी वापरत आहेत
869,714777,D2,Banking,20.0,"मी फोनवर कर्ज काढी लिन्ह , पण माले किंमत पक्सा जास्तीना पैसा देना पडात","मी फोनवर कर्ज काढले, पण मला किंमत पक्की जास्तीचा पैसा द्यावा लागला."
870,723567,D4,Agriculture,19.0,बाजार समितीत दलाल लोक कास्ताकाराच्या मालाची बेइज्जती काऊन करते ? त्याच्यावर उपाव सांगा,बाजार समितीत दलाल लोक कास्ताकाराच्या मालाची बेइज्जती का करतात? त्यांच्यावर उपाय सांगा
871,709953,D1,Agriculture,19.5,"पिकाची निवड करून शेती केल्यार रोगांपासून बचाव होता , मातयेत विषारी पदार्थ एकटय होयत नाय","पिकाची निवड करून शेती केल्यामुळे रोगांपासून बचाव झाला, त्यात विषारी पदार्थ एकटे होत नाहीत."
872,714923,D2,Agriculture,20.0,गव्हाच्या देठापासून पेंढ्या बनविल्या जातात ज्यांचा पशुखाद्य म्हणून वापर केला जातो,गव्हाच्या देठापासून पेंढ्या बनवल्या जातात ज्यांचा पशुखाद्य म्हणून वापर केला जातो
873,723813,D4,Banking,19.0,माय खातं चालू राहासाठी खात्यात कितीक पैसे बाकी ठेवणं जरुरीच हाय ?,माझे खाते चालू ठेवण्यासाठी खात्यात किती पैसे बाकी ठेवणे गरजेचे आहे?
874,706441,D1,Banking,19.5,जोखीम म्हनजे गुंतवणूकदार विश्लेषण करता आणि गुंतवणुकीतल्या तोट्याची संभाव्यता मोजण्याचो प्रयत्न करतत,जोखीम म्हणजे गुंतवणूकदार विश्लेषण करतात आणि गुंतवणुकीतील तोट्याची संभाव्यता मोजण्याचा प्रयत्न करत असतात
875,716875,D2,Banking,20.0,ट्रॅव्हलर्स चेकसाठी सेटअप आणि जारी करण्याचे शुल्क क्रेडिट कार्डपेक्षा खूप जास्त आहे,ट्रॅव्हलर्स चेकसाठी सेटअप आणि जारी करण्याचे शुल्क क्रेडिट कार्डपेक्षा खूप जास्त आहे
876,723742,D4,Banking,19.0,मले आर.टी.जी.एस करासाठी माया मित्राच्या बँकेची कोनची मायती जरुरी हाय ?,मला आर.टी.जी.एस करासाठी माया मित्राच्या बँकेची कोणती माहिती जरुरी आहे?
877,710288,D1,Agriculture,19.5,दुग्धजन्य पदार्थांच्या अंतीम विक्रीसाठी दुधाच्या उत्पादनावर प्रक्रिया केली जाता,दुग्धजन्य पदार्थांच्या अंतिम विक्रीसाठी दुधावर प्रक्रिया केली जाते
878,716688,D2,Banking,20.0,कार किंवा घर खरेदी करताना त्यामागचा इतिहास माहित असणे आवश्यक आहे,कार किंवा घर खरेदी करताना त्यामागचा इतिहास माहित असणे आवश्यक आहे
879,724323,D4,Banking,19.0,मी कर्जासाठी अर्ज कराचा लायक हाय का नाय हे मले कसं मायती पडन ?,मी कर्जासाठी अर्ज करायला लायक आहे का नाही हे मला कसे कळेल?
880,708823,D1,Agriculture,19.5,स्थानांतरीत शेतीत जमीनीच्या काही भागाक थोड्या काळासाठी सोडून देतात आणि मगे परत वापरतत,स्थानांतरीत शेतीत जमिनीच्या काही भागाक थोड्या काळासाठी सोडून दिले जाते आणि मग परत वापरले जातात.
881,713335,D2,Agriculture,20.0,अन्न उत्पादनमा कंद पिकेसपायीन तयार व्हयेल पदार्थंसले जास्ती मागनी शे,अन्न उत्पादनामध्ये कंद पिके घेऊन तयार होणारे पदार्थ मागणीनुसार जास्त असतील.
882,722584,D4,Agriculture,19.0,जास्त मासेमारी करण्यासाठी मजबूत जाळी आवश्यक आहे,जास्त मासेमारी करण्यासाठी मजबूत जाळी आवश्यक आहे
883,708218,D1,Agriculture,19.5,कंद स्वरूपात असणारे भाज्ये हे रोपांचे जमनीच्या आतले भाग असतत जेचो उपयोग माणसा जेवणात करतत,कंद स्वरूपात असणाऱ्या भाज्या हे रोपांच्या मातीचे आतले भाग असतात ज्यांचा उपयोग माणसाच्या जेवणात करतात.
884,713046,D2,Agriculture,20.0,आर्थिक फायदाना करता बास्ट फायबरन्या वनस्पती दोऱ्या बनावासाठे वापरतास,आर्थिक फायद्यासाठी बास्ट फायबरच्या वनस्पती दोऱ्या बनवून वापरा.
885,723472,D4,Agriculture,19.0,मले रोजगार हमी योजनेमंदी विहीर मंजूर कराची हाये त कोनकोनते कागदपत्र अस कोनाले भेटा लागन ?,मला रोजगार हमी योजनेची विहीर मंजूर झाली आहे तर कोणते कागदपत्रे मला भेटावे लागतील?
886,712571,D1,Banking,19.5,म्या माझ्या उच्च शिक्षणासाठीच्या विद्यार्थी कर्जा काडुच्या साठी पात्र आसा का ?,मी माझ्या उच्च शिक्षणासाठीच्या विद्यार्थ्यासाठी कर्जासाठी पात्र आहे का?
887,715550,D2,Agriculture,20.0,चीन मध्ये लग्नाच्या सजावटी साठी लिलीच्या फुलांचा उपयोग सगळ्यात जास्त केला जातो,चीनमध्ये लग्नाच्या सजावटीसाठी लिलीच्या फुलांचा सर्वात जास्त उपयोग केला जातो.
888,719782,D4,Banking,19.0,"राजूने सांगितले की , तुम्ही रिअल इस्टेटमध्ये जितके पैसे गुंतवाल तितका फायदा तुम्हाला मिळेल",राजूने सांगितले की तुम्ही रिअल इस्टेटमध्ये जितके पैसे गुंतवाल तितका फायदा तुम्हाला मिळेल
889,708861,D1,Banking,19.5,एक व्यक्ती किंवा संस्था आपल्या मिळकतीक चुकिच्या पद्धतीन दाखवत असात तरी ता कर चोरीच्या योजनेत येता,एक व्यक्ती किंवा संस्था आपल्या मालमत्तेची चुकीच्या पद्धतीने दाखवत असेल तरी ती कर चोरीच्या योजनेत येते
890,715994,D2,Agriculture,20.0,माशांचं खाद्य पावडरच्या रूपामध्ये बनवण्यासाठी मोठ मोठ्या मशीनीं ची आवश्यकता असते,माशांचे खाद्य पावडरच्या स्वरूपात बनवण्यासाठी मोठ्या मशीनची आवश्यकता असते.
891,718687,D4,Agriculture,19.0,तुम्हाला माहीत आहे का की तुतीची दूषित पाने खाल्ल्याने रेशीम किड्याचा आजार होतो,तुम्हाला माहीत आहे का की तुझी दूषित पाने खाल्ल्याने रेशीम किड्याचा आजार होतो
892,708259,D1,Agriculture,19.5,"कोळंबीक भरपूर मागणी आसता , तेच्या कारणान गोड्या पाण्यात कोळंबीची शेती केली जाता",कोळंबीची भरपूर मागणी असल्यामुळे गोड्या पाण्यात कोळंबीची शेती केली जाते
893,712596,D2,Agriculture,20.0,"मातीबिगेर शेतीमा हायड्रोपोनिक्स , एरोपोनिक्स आणि एक्वापोनिक्स शेतीना समावेश व्हस","मातीबिगेर शेतीमध्ये हायड्रोपोनिक्स, एरोपोनिक्स आणि एक्वापोनिक्स शेतीला समावेश आहे."
894,718682,D4,Agriculture,19.0,समुद्राच्या पाण्यात राहणाऱ्या समुद्री माशांना आपण मरीन मासे असेही म्हणतो,समुद्राच्या पाण्यात राहणाऱ्या समुद्री माशांना आपण मरीन मासे असेही म्हणतो
895,706944,D1,Banking,19.5,व्यावसायिक व्यक्तीक त्यांच्यो व्यवसायाचा खर्चाचो मागोवा ठेवूक वार्षिक उत्पन्नाची गणना आवश्यक असता,व्यावसायिक व्यक्तींचा व्यवसायाचा खर्च मागोवा ठेवणे वार्षिक उत्पन्नाची गणना आवश्यक असते
896,716748,D2,Banking,20.0,माझ्या काकांनी त्यांच्या मुलाच्या शिक्षणासाठी वैयक्तिक कर्ज घेतले आहे,माझ्या काकांनी त्यांच्या मुलाच्या शिक्षणासाठी वैयक्तिक कर्ज घेतले आहे
897,719124,D4,Agriculture,19.0,त्याच्या हिरव्या फळांपासून ते पिकलेल्या फळांपर्यंत आणि बियांपर्यंत अन्नात भरपूर उपयोग होतो,त्याच्या हिरव्या फळांपासून ते पिकलेल्या फळांपर्यंत आणि बियांपर्यंत अन्नात भरपूर उपयोग होतो
898,706899,D1,Banking,19.5,"जेव्हा सापेक्ष परतावा सकारात्मक असता , तेव्हा पोर्टफोलिओ बेंचमार्कहुन जास्त कामगिरी करता","जेव्हा सापेक्ष परतावा सकारात्मक असतो, तेव्हा पोर्टफोलिओ बेंचमार्क जास्त कामगिरी करतो."
899,714812,D2,Banking,20.0,अमीषाने आपली बी कॉमच्या अभ्यासाच्या वेळी वैयक्तिक अर्थशास्त्र अभ्यासाल होत,अमीषाने आपल्या बी.कॉमच्या अभ्यासाच्या वेळी वैयक्तिक अर्थशास्त्र अभ्यासला.
900,720257,D4,Banking,19.0,"माझी आजी सत्तर वर्षांहून अधिक वयाची आहे , त्यामुळे आजीला पंतप्रधानांचा सुरक्षा विमा मिळू शकत नाही","माझी आजी सत्तर वर्षांहून अधिक वयाची आहे, त्यामुळे आजीला पंतप्रधानांचा सुरक्षा विमा मिळू शकत नाही."
901,708157,D1,Banking,19.5,कमी धोक्यात जास्त उत्पन्न मेळवच्यासाठी आर्थिक साधनांका सांभाळून वापरूक होई,कमी धोक्यात जास्त उत्पन्न मिळवण्यासाठी आर्थिक साधनांचे सांभाळून वापर केले जाते.
902,715732,D2,Agriculture,20.0,पशुपालनाशी संबंधित शेतकऱ्यांना पशुपालन के.सी.सी च्या माध्यमातून कर्ज प्राप्त करून दिले जाते,पशुपालनाशी संबंधित शेतकऱ्यांना पशुपालन के.सी.सी च्या माध्यमातून कर्ज प्राप्त करून दिले जाते
903,720130,D4,Agriculture,19.0,हवामानाचा इशारा जारी केल्यास जीवित आणि मालमत्तेची हानी टाळता येईल,हवामानाचा इशारा जारी केल्यास जीवित आणि मालमत्तेची हानी टाळता येईल
904,707381,D1,Banking,19.5,एखाद्या कंपनीच्या बाजारातल्या गुंतवणुकीतून कमावलेली किंमत वाढवण्यासाठी त्याचो परतावा दर आसा,एखाद्या कंपनीच्या बाजारातील गुंतवणुकीतून कमावलेली किंमत वाढवण्यासाठी तोच परतावा दर असतो.
905,724717,D2,Banking,20.0,राष्ट्रीय स्वास्थ्य विमा योजने अंतर्गत असंघटित क्षेत्रांमधल्या कामगारांना सरकार तीस हजार रुपये देईल,राष्ट्रीय आरोग्य विमा योजने अंतर्गत असंघटित क्षेत्रांमधल्या कामगारांना सरकार तीस हजार रुपये देईल
906,722682,D4,Banking,19.0,सिक्युरिटी प्रॉमिसरी नोट एका व्यक्तीकडून दुसऱ्या व्यक्तीला त्याच्या वचनाच्या स्वरूपात दिली जाते,सिक्युरिटी प्रॉमिसरी नोट एका व्यक्तीकडून दुसऱ्या व्यक्तीला त्याच्या वचनाच्या स्वरूपात दिली जाते
907,711034,D1,Agriculture,19.5,शिंगाड्याची शेती पाण्याच्या आत केली जाता माका शिंगाडे खुप आवडतत,शेतकऱ्याची शेती पाण्याच्या आत केली जाते आणि मला ते खूप आवडते
908,724675,D2,Banking,20.0,दुकानदारनं दुसरा ब्यांकमा खातं शे तरीबी क्यु.आर कोड स्कॅन करीसन गिराईक त्याना खातावर पैसा धाडू शकतस,"दुकानदाराचे दुसरे बँकेत खाते आहे, त्यामुळे ते क्यूआर कोड स्कॅन करून त्यांना खात्यावर पैसे काढू शकतात."
909,721996,D4,Banking,19.0,एक लाख रुपयांपेक्षा जास्त शिल्लक असलेल्या खात्यांमध्ये व्याज दर दोन दशांश सात टक्के आहे,एक लाख रुपयांपेक्षा जास्त शिल्लक असलेल्या खात्यांमध्ये व्याज दर दोन दशांश सात टक्के आहे
910,709459,D1,Agriculture,19.5,ट्युलिप वनस्पती हिवाळ्याच्या हंगामात उगवली जाता त्याच्या फुलाक गर्मी सहन होत नाय,"ट्युलिप वनस्पती हिवाळ्याच्या हंगामात उगवतात, त्यांचे फूल गर्मी सहन करत नाही."
911,724792,D2,Banking,20.0,जर तुमचे आजोबा साठ वर्षापेक्षा कमी वयाचे असतील तर त्यांच्यासाठी अडीच लाख रुपयांपर्यंतचे उत्पन्न करमुक्त आहे,जर तुमचे आजोबा साठ वर्षापेक्षा कमी वयाचे असतील तर त्यांच्यासाठी अडीच लाख रुपयांपर्यंतचे उत्पन्न करमुक्त आहे
912,722285,D4,Banking,19.0,रिकरिंग डिपॉझिट अकाउंट मार्केट फंड बँक ग्राहकांनी उघडलेल्या मनी मार्केटशी संबंधित आहे,रिकरिंग डिपॉझिट अकाउंट मार्केट फंड बँक ग्राहकांनी उघडलेल्या मनी मार्केटशी संबंधित आहे
913,709003,D1,Banking,19.5,तंज्ञांच्या मतानुसार मायक्रो फायनांस गरिबांका सूक्ष्म उधार देऊचो सर्वोत्तम मार्ग असा,तज्ञांच्या मतानुसार मायक्रो फायनान्स गरिबांना सूक्ष्म कर्ज देणेच सर्वोत्तम मार्ग आहे.
914,715966,D2,Agriculture,20.0,माझी आई म्हशीच्या दुधापासून खवा बनवून त्याच्यापासून खूप चविष्ट मिठाई बनवते,माझी आई म्हशीच्या दुधापासून खवा बनवून त्याच्यापासून खूप चविष्ट मिठाई बनवते
915,719487,D4,Agriculture,19.0,डाळिंब मुक्त रॅडिकल्समुळे होणाऱ्या नुकसानापासून पेशींचे संरक्षण करण्यास मदत करतात,डाळिंब मुक्त रॅडिकल्समुळे होणाऱ्या नुकसानापासून पेशींचे संरक्षण करण्यास मदत करतात
916,708140,D1,Agriculture,19.5,"हायड्रोपोनिक्स शेती पाणी , वाळू किंवा दगडांमध्ये मध्ये केली जाता",हायड्रोपोनिक्स शेतीमध्ये पाणी वाळू किंवा दगडांमध्ये केले जाते
917,724798,D2,Agriculture,20.0,वनीकरण कार्यक्रमात सरकार व स्वयंसेवी संस्था थेट सहभागी होऊन कार्बन कॅप्चर वाढवण्यासाठी वनांची निर्मिती करत आहे,वनीकरण कार्यक्रमात सरकार व स्वयंसेवी संस्था थेट सहभागी होऊन कार्बन कॅप्चर वाढवण्यासाठी वनांची निर्मिती करत आहे
918,722271,D4,Banking,19.0,वैयक्तिक वित्तांतर्गत सोन्याची खरेदी ही बँकेत जमा झालेल्या पैशाच्या तुलनेत फायदेशीर ठरते,वैयक्तिक वित्तांतर्गत सोन्याची खरेदी ही बँकेत जमा झालेल्या पैशाच्या तुलनेत फायदेशीर ठरते
919,709892,D1,Banking,19.5,जमा खाता प्रमाणपत्र मिळविण्यासाठी तुमका आपल्या घर कर्जाच्या व्याजाच्या प्रमाणपत्राची आवशक्यता असता,जमा खाता प्रमाणपत्र मिळविण्यासाठी तुमच्या घराच्या कर्जाच्या व्याजाचे प्रमाणपत्राची आवश्यकता असते.
920,714438,D2,Banking,20.0,मी आकाशवाणी वर काम करस माले लिखाना पैसा भेटनात ते त्यावर बी टॅक्स लागी का ?,"मी आकाशवाणीवर काम करतो, मला लिखाणासाठी पैसा मिळते, त्यावर बी टॅक्स लावला जातो का?"
921,719745,D4,Agriculture,19.0,काही पिकांच्या किमान आधारभूत किमतीमुळे मोनोपीक घेण्यास प्रोत्साहन मिळाले आहे,काही पिकांच्या किमान आधारभूत किमतीमुळे मोनोपीक घेण्यास प्रोत्साहन मिळाले आहे
922,707454,D1,Agriculture,19.5,कृषी वनीकरणाबरोबर भूमी संवर्धनाचा पण खराब झालेला पर्यावरणशास्त्राचा तंत्र परत स्थापित करुक हवा,कृषी व वनीकरणाबरोबर भूमी संवर्धनाचा पण खराब झालेला पर्यावरणशास्त्राचा तंत्र परत स्थापित करायचा हवा.
923,724703,D2,Banking,20.0,शहीद झालेले सशस्त्र आणि केंद्रीय निमलष्करी दलांचे मुलं बाळं ए.आय.सी.टी.ई स्वानथ योजनेमध्ये नाव नोंदवू शकतात,शहीद झालेले सशस्त्र आणि केंद्रीय निमलष्करी दलांचे मुलं बाळं ए.आय.सी.टी.ई स्वानथ योजनेमध्ये नाव नोंदवू शकतात
924,722849,D4,Agriculture,19.0,हार्वेस्टर विविध धान्य पिकांची कार्यक्षमतेने कापणी करण्यासाठी डिझाइन केलेले आहे,हार्वेस्टर विविध धान्य पिकांची कार्यक्षमतेने कापणी करण्यासाठी डिझाइन केलेले आहे
925,708623,D1,Agriculture,19.5,राष्ट्रीय शेतकी बाजाराची कल्पना भारतीय इलेक्ट्रॉनिक ट्रेडिंग पोर्टल म्हणून केली जाता,राष्ट्रीय शेतकी बाजाराची कल्पना भारतीय इलेक्ट्रॉनिक ट्रेडिंग पोर्टल म्हणून केली जाते
926,724812,D2,Agriculture,20.0,धान्य आणि भुसा काढल्यानंतर तृणधान्य वनस्पतींच्या वाळलेल्या देठांचा समावेश असलेले कृषी उपउत्पादन आहे,धान्य आणि भुसा काढल्यानंतर तृणधान्य वनस्पतींच्या वाळलेल्या देठांचा समावेश असलेले कृषी उपउत्पादन आहे
927,721295,D4,Banking,19.0,मुद्दलाद्वारे दैनिक व्याजदराचा गुणाकार करून साध्या व्याजाची गणना करणे ही सर्वात सामान्य बाब आहे,मुद्दलाद्वारे दैनिक व्याजदराचा गुणाकार करून साध्या व्याजाची गणना करणे ही सर्वात सामान्य बाब आहे
928,708393,D1,Banking,19.5,"प्राण्यांका सुरक्षित ठेवच्यासाठी पाळीव प्राणी विमा , पंधराशे ते पस्तीसशे इतके पैशे दिता","प्राण्यांचे सुरक्षित ठेवण्यासाठी पाळीव प्राणी विमा, पंधराशे ते पस्तीसशे इतके पैसे द्या."
929,724737,D2,Banking,20.0,वॉरंट हाऊ एखादा व्यक्तीना लेखी आदेश शे जो त्याले निर्दिष्ठ प्राप्तकर्त्याले रक्कम अदा करामा परवानगी देस,"वॉरंट हा एखादा व्यक्तीला लेखी आदेश देतो, जो त्याले निर्दिष्ठ प्राप्तकर्त्याला रक्कम अदा करण्याची परवानगी देतो."
930,722666,D4,Banking,19.0,ट्रेडिंग करण्यापूर्वी तुम्हाला डेरिव्हेटिव्ह मार्केटचे कार्य समजून घेणे आवश्यक आहे,ट्रेडिंग करण्यापूर्वी तुम्हाला डेरिव्हेटिव्ह मार्केटचे कार्य समजून घेणे आवश्यक आहे
931,724978,D1,Banking,19.5,पेंशनभोगी जीवन प्रमाण पत्र घेतल्यार पेंशन घेणार्याक अधिकार्यासमोर जिवंत असल्याचा प्रमाणपत्र देउची गरज नाय हा,पेंशनभोगी जीवन प्रमाण पत्र घेतल्यावर पेंशन घेणाऱ्यांना अधिकाऱ्यासमोर जिवंत असल्याचा प्रमाणपत्र देण्याची गरज नाही.
932,724697,D2,Agriculture,20.0,लाकडाला लागणाऱ्या किड्यांच्या रूपामध्ये ओळखल्या जाणाऱ्या आळ्यां सोबतच लाकूड पोखरणारे किडे समाविष्ट आहे,लाकडाला लागणाऱ्या किड्यांच्या रूपामध्ये ओळखल्या जाणाऱ्या आळ्यां सोबतच लाकूड पोखरणारे किडे समाविष्ट आहे
933,720062,D4,Agriculture,19.0,नर्सरीमध्ये झाडे विकली जातात आणि त्यांचे संगोपणासाठी मोठ्या प्रमाणात काळजी घेतली जाते,नर्सरीमध्ये झाडे विकली जातात आणि त्यांचे संगोपनासाठी मोठ्या प्रमाणात काळजी घेतली जाते
934,724953,D1,Banking,19.5,"सगळ्या ग्राहकांका त्याच्या चेक क्लीअरन्सची स्थिती माहिती असाक हवी , अशी बँक ऑफ बडोदानं सूचना दिली असा","सर्व ग्राहकांना त्यांच्या चेक क्लीअरन्सची स्थिती माहिती असावी, अशी बँक ऑफ बडोदानं सूचना दिली आहे."
935,718489,D2,Banking,19.941,"मी रोजंदारी मजूर आहे आणि माझे मासिक उत्त्पन्न आठ हजार आहे , मला कर्ज मिळेल का ?","मी रोजंदारी मजूर आहे आणि माझे मासिक उत्पन्न आठ हजार आहे, मला कर्ज मिळेल का?"
936,719850,D4,Agriculture,19.0,"फुलाच्या मादी जननेंद्रियाचे , अंडाशयाचे फलित होण्याच्या प्रक्रियेत रूपांतर होऊन फळ तयार होते",फुलाच्या मादी जननेंद्रियाचे अंडाशयाचे फलन होण्याच्या प्रक्रियेत रूपांतर होऊन फळ तयार होते
937,725010,D1,Banking,19.5,पंतप्रधान मनमोहन सिंहानी दोन हजार पाच मध्ये जवाहरलाल नेहरु राष्ट्रीय शहरी नवीकरण मिशनाक सुरवात केल्यानी,पंतप्रधान मनमोहन सिंगानी दोन हजार पाच मध्ये जवाहरलाल नेहरु राष्ट्रीय शहरी नवीकरण सुरू केले
938,724787,D2,Agriculture,19.941,"वाटाणा , चना हि गोल स्वरूपाची बीजे असतात ही पिसम सॅटिव्हम वनस्पती द्वारा उत्पादित फळाच्या अंतर्भागात असतात",वाटाणा आणि चणे गोल स्वरूपाची बीजे असतात; ही पिसम सॅटिव्हम वनस्पतीद्वारे उत्पादित फळांच्या अंतर्भागात असतात.
939,721863,D4,Banking,19.0,मायक्रोफायनान्स सेवा सामान्यतः गरीब लोकसंख्या असलेल्या वगळलेल्या ग्राहकांसाठी असते,मायक्रोफायनान्स सेवा सामान्यतः गरीब लोकसंख्या असलेल्या वगळलेल्या ग्राहकांसाठी असते.
940,724885,D1,Banking,19.5,मिलेनियल्सना त्यांच्या करीयरच्या निवडींवर प्रतिबिंबित केला असा आणि रीमोट वर्कींगशी जुळवुन घेतल्यानी,मिलेनियल्सने त्यांच्या करिअरच्या निवडींवर प्रतिबिंब टाकले आणि रिमोट वर्किंगशी जुळवून घेतले.
941,716811,D2,Banking,19.933,तुम्हाला माहिती आहे का की महसूल कर हा सरकारच्या उत्पन्नाचा प्राथमिक आणि प्रमुख स्त्रोत आहे,तुम्हाला माहिती आहे का की महसूल कर हा सरकारच्या उत्पन्नाचा प्राथमिक आणि प्रमुख स्त्रोत आहे
942,722563,D4,Agriculture,19.0,अन्न प्रक्रियेमुळे अन्नपदार्थांची हंगामी उपलब्धता वाढते आणि ते खाण्यासाठी सुरक्षित राहते,अन्न प्रक्रियेमुळे अन्नपदार्थांची हंगामी उपलब्धता वाढते आणि ते खाण्यासाठी सुरक्षित राहते
943,724974,D1,Banking,19.5,संसद सदस्य स्थानिक क्षेत्र विकास योजनेत कोणय मंत्री वर्षात पंचवीस लाख रुपयांपर्यंतचो निधी खर्च करू शकतां,संसद सदस्य स्थानिक क्षेत्र विकास योजनेत कोणते मंत्री वर्षात पंचवीस लाख रुपयांपर्यंत निधी खर्च करू शकतात.
944,713617,D2,Agriculture,19.929,"भाजीपालानी शेती , मच्छी बजार , जनावरेस्ना बारामा माहिती ल्हिसन शेतीना धोरणे ठरावाले जोयजे","भाजीपाला शेती, माशांचे बाजार, जनावरांना बारामा माहिती त्यांना शेतीचे धोरणे ठरवावे लागतील."
945,719150,D4,Agriculture,19.0,"झाडे कोमेजण्यापासून वाचवण्यासाठी , त्यांना नेहमी खते आणि पाणी दिले पाहिजे",झाडे कोमेजण्यापासून वाचवण्यासाठी त्यांना नेहमी खते आणि पाणी दिले पाहिजे
946,724913,D1,Banking,19.5,मायक्रोफायनान्स म्हणजे गरीब उद्योजकांका आणि कर्जाचो उपलब्धता नसलेला लहान व्यवसायांक सूक्ष्म कर्जाची तरतूद,मायक्रोफायनान्स म्हणजे गरीब उद्योजकांचे आणि कर्जाची उपलब्धता नसलेल्या लहान व्यवसायांसाठी सूक्ष्म कर्जाची तरतूद
947,716762,D2,Agriculture,19.923,भाताच्या बियाण्याचे प्रकार माहित करून घेऊन रवीने आपल्या शेतात भाताच्या विविध जाती पेरल्या,रवीने भाताच्या बियाण्याचे प्रकार शोधून आपल्या शेतात भाताच्या विविध जाती पेरल्या
948,722326,D4,Banking,19.0,"कराच्या प्रभावामुळे करदात्याची क्रयशक्ती कमी होते , ज्यामुळे विक्रेत्याच्या उत्पन्नावर परिणाम होतो","कराच्या प्रभावामुळे करदात्याची क्रयशक्ती कमी होते, ज्यामुळे विक्रेत्याच्या उत्पन्नावर परिणाम होतो."
949,724837,D1,Banking,19.5,व्यवसाय मालक आर.टी.जी एस वापरू शकतत जेव्हा त्यांका मोठ्यो प्रमाणात रक्कम त्वरित हस्तांतरित करुची असता,"व्यवसाय मालक आर.टी.जी.एस. वापरू शकत असेल, तर त्यांना मोठ्या प्रमाणात रक्कम त्वरित हस्तांतरित करायची असते."
950,715656,D2,Banking,19.923,तुम्हाला माहिती आहे का ? प्रॉव्हिडंट फंड नोकरी करणाऱ्या लोकांसाठी बनवले गेले आहे,तुम्हाला माहिती आहे का? प्रॉव्हिडंट फंड नोकरी करणाऱ्या लोकांसाठी बनवले गेले आहे.
951,719833,D4,Agriculture,19.0,शेतकऱ्यांना मदत करण्यासाठी आणि उत्पादकता वाढविण्यासाठी रोबोटिक शेती हळूहळू वाढत आहे,शेतकऱ्यांना मदत करण्यासाठी आणि उत्पादकता वाढविण्यासाठी रोबोटिक शेती हळूहळू वाढत आहे
952,724940,D1,Banking,19.5,थेट परदेशी गुंतवणूक आणि चलन विनिमय दर अश्या क्षेत्रांवर लक्ष केंद्रित करता त्येका आंतरराष्ट्रीय वित्त म्हणतत,थेट परदेशी गुंतवणूक आणि चलन विनिमय दरांवर अशा क्षेत्रांवर लक्ष केंद्रित करून ते आंतरराष्ट्रीय वित्त म्हणतात.
953,714151,D2,Agriculture,19.909,"गाय , कुत्रा , घोडा यासारखा प्राणीसले माणूस स्वताना फायदासाठे संभायस","गाय, कुत्रा, घोडा यासारखे प्राणी माणसाने स्वतःचे फायदे-नफा सांभाळले पाहिजेत."
954,722215,D4,Agriculture,19.0,आमच्या शिक्षकांनी सांगितले की अमेरिकेत पाइन सुपारीची लागवड सर्वात जास्त केली जाते,आमच्या शिक्षकांनी सांगितले की अमेरिकेत पाइन सुपारीची लागवड सर्वात जास्त केली जाते
955,724901,D1,Banking,19.5,या अर्थसंकल्पाच्या माध्यमातसून सरकार आर्थिक धोरण राबवता आणि आपल्या कार्यक्रमाचो प्राधान्यक्रम लक्षात घेता,या अर्थसंकल्पाच्या माध्यमातून सरकार आर्थिक धोरण राबवते आणि आपल्या कार्यक्रमाचे प्राधान्यक्रम लक्षात घेते
956,712820,D2,Banking,19.909,सापेक्ष परतावा हाउ मालमत्ता बेंचमार्क आणि मालमत्ताना परतावा यानमा फरक शे,"सापेक्ष परतावा, मालमत्ता बेंचमार्क आणि मालमत्ताना परतावा यांमा फरक आहे."
957,720962,D4,Agriculture,19.0,पात्र लाभार्थी स्वच्छ दूध उत्पादनासाठी आधुनिक डेअरी फार्मच्या स्थापनेला प्रोत्साहन देणे,पात्र लाभार्थी स्वच्छ दूध उत्पादनासाठी आधुनिक डेअरी फार्मच्या स्थापनेला प्रोत्साहन देणे
958,724872,D1,Banking,19.5,भारताची व्यय आणि व्यवस्थापन लेखा सेवा सर्वोच्च नियंत्रण प्राधिकरणाच्या केंद्रीय कार्यप्रदर्शन सेवांमधली एक आसा,भारताची व्यय आणि व्यवस्थापन लेखा सेवा सर्वोच्च नियंत्रण प्राधिकरणाच्या केंद्रीय कार्यप्रदर्शन सेवांमधली एक आशा
959,718477,D2,Banking,19.875,एका देशातील बँक खात्यातून दुसऱ्या देशातील बँक खात्यात पैसे पाठवण्यासाठी टॅक्स वैगरे लागू शकतो का ?,एका देशातील बँक खात्यातून दुसऱ्या देशातील बँक खात्यात पैसे पाठवण्यासाठी टॅक्स वगैरे लागू शकतो का?
960,720981,D4,Agriculture,19.0,मासेमारी हा सागरी वन्यजीव लोकसंख्या कमी होण्याचे सर्वात महत्त्वाचे कारण आहे,मासेमारी हा सागरी वन्यजीव लोकसंख्या कमी होण्याचे सर्वात महत्त्वाचे कारण आहे
961,724910,D1,Banking,19.5,म्युच्युअल फंड गुंतवणुकीचो वैविध्यपूर्ण पोर्टफोलिओ तयार करुक सर्वात सुलभ आणि लवचिक मार्गांपैकी एक देता,म्युच्युअल फंड गुंतवणुकीचे वैविध्यपूर्ण पोर्टफोलिओ सर्वात सुलभ आणि लवचिक मार्गांपैकी एक तयार करा
962,712855,D2,Agriculture,19.846,"शेतकरी मोतीसनी शेती करु शकतस , मोतीसनी शेती नैसर्गिक आणि कृत्रिमरीत्याबी करता येस","शेतकरी मोतीसनी शेती करू शकतो, मोतीसनी शेती नैसर्गिक आणि कृत्रिमरीत्याबी करता येते."
963,721955,D4,Agriculture,19.0,कोकून रेशीम किड्याने प्युपा म्हणून त्याच्या विकासाचे रक्षण करण्यासाठी बनवले आहे,कोकून रेशीम किड्याने प्युपा म्हणून त्याच्या विकासाचे रक्षण करण्यासाठी बनवले आहे
964,724823,D1,Banking,19.5,एफ.डी.आय चा वैशिष्ट्य म्हणजे येका देशातलो व्यवसाय उपक्रमाचो मालकी एखाद्या संस्थेद्वारा नियंत्रित करणा,एफ.डी.आय चे वैशिष्ट्य म्हणजे त्या देशातील व्यवसाय उपक्रमाचे मालकी एखाद्या संस्थेद्वारे नियंत्रित करणे
965,717747,D2,Agriculture,19.833,मेथी आणि कोथिंबिर या भाज्या थंड हवामानात चांगल्या येतात का ? थंड हवेचा काही परिणाम होतो का ?,मेथी आणि कोथिंबिर या भाज्या थंड हवामानात चांगल्या येतात का? थंड हवेचा काही परिणाम होतो का?
966,720194,D4,Agriculture,19.0,नांगरणीनंतर रोलरचा उपयोग मोठे मूळव्याध तोडण्यासाठी आणि शेत सपाट करण्यासाठी केला जातो,नांगरणीनंतर रोलरचा उपयोग मोठे मूळव्याध तोडण्यासाठी आणि शेत सपाट करण्यासाठी केला जातो
967,724943,D1,Banking,19.5,ड्रॉप डाउन सूचीमधसून खाते क्रमांक निवडा ज्यामध्ये हॉटलिस्ट करण्यासाठी आवश्यक असलेले कार्ड जोडलेला आसा,ड्रॉप डाउन सूचीमधून खाते क्रमांक निवडा ज्यामध्ये हॉटलिस्ट करण्यासाठी आवश्यक असलेले कार्ड जोडलेले आहे.
968,724757,D2,Banking,19.812,"इक्विटी जोखीम , जोखीम जे स्टॉक किंवा स्टॉक इंडेक्सच्या किमती किंवा त्यांची अंतर्निहित अस्थिरता बदलून जाईल",इक्विटी जोखीम जे स्टॉक किंवा स्टॉक इंडेक्सच्या किमती किंवा त्यांची अंतर्निहित अस्थिरता बदलून जाईल
969,719499,D4,Banking,19.0,अनेक वित्तीय सेवा कंपन्या त्यांच्या बचत उत्पादनांसाठी त्यांचा लोगो म्हणून पिगी बँकांचा वापर करतात,अनेक वित्तीय सेवा कंपन्या त्यांच्या बचत उत्पादनांसाठी त्यांचा लोगो म्हणून पिगी बँकांचा वापर करतात
970,725000,D1,Banking,19.5,ज्येष्ठ नागरिकांसाठी बनलेल्या डोअर स्टेप बँकिंग सेवा नुसार पेन्शन घेणारे आपलं हयात दाखलो जमा करू शकतत,ज्येष्ठ नागरिकांसाठी बनलेल्या डोअर स्टेप बँकिंग सेवा नुसार पेन्शन घेणारे आपले हयात जमा करू शकतात
971,724769,D2,Agriculture,19.786,पाणी शून्य डिग्री सेल्सिअस किंवा बत्तीस डिग्री फॅरेनहाईट तापमानावर किंवा त्यापेक्षा कमी तापमानावर गोठते,पाणी शून्य अंश सेल्सिअस किंवा बत्तीस अंश फॅरेनहाइट तापमानावर किंवा त्यापेक्षा कमी तापमानावर गोठते
972,720360,D4,Agriculture,19.0,भारतातील हवामान उष्णकटिबंधीय पावसाळ्यापासून दक्षिणेकडील समशीतोष्ण हवामानात बदलते,भारतातील हवामान उष्णकटिबंधीय पावसाळ्यापासून दक्षिणेकडील समशीतोष्ण हवामानात बदलते
973,724923,D1,Banking,19.5,ह्या संघटनाचा क्रियाकलापांत आंतरराष्ट्रीय आय.पी नियम आणि धोरणांवर चर्चा करुक मंचांचो होस्टिंग समाविष्ट असता,या संघटनेच्या क्रियाकलापांमध्ये आंतरराष्ट्रीय आय.पी नियम आणि धोरणांवर चर्चा आणि मंचाचे होस्टिंग समाविष्ट आहे.
974,724776,D2,Banking,19.727,"भारतत बिल पेमेंट चा वापर करून दूरध्वनी बिल , विज बिल , फास्टॅग चे एक हजार रुपयापर्यंत चे बिल पेमेंट करू शकतो","भारतात बिल पेमेंटचा वापर करून दूरध्वनी बिल, वीज बिल, फास्टॅगचे एक हजार रुपयांपर्यंतचे बिल पेमेंट करू शकतो."
975,719109,D4,Agriculture,19.0,छिन्नी नांगर हे जमिनीच्या मर्यादित व्यत्ययासह खोल नांगरणी करण्यासाठी एक सामान्य साधन आहे,छिन्नी नांगर हे जमिनीच्या मर्यादित व्यत्ययासह खोल नांगरणी करण्यासाठी एक सामान्य साधन आहे
976,724844,D1,Banking,19.444,"हॉट लिस्ट ह्या क्रेडिट कार्ड्सची यादी असा ज्याचा चोरी , रद्द किंवा काही प्रकारान तडजोड झाल्याची नोंद असा","हॉट लिस्ट या क्रेडिट कार्ड्सची यादी अशी आहे ज्याचा चोरी, रद्द किंवा काही प्रकारची तडजोड झाल्याची नोंद आहे."
977,716499,D2,Agriculture,19.5,बैलांच्या शर्यतीत बैलांना मोकळे सोडले जाते व ते माणसांचा पाठलाग करतात जे खूप धोकादायक आहे,बैलांच्या शर्यतीत बैलांना मोकळे सोडले जाते आणि ते माणसांचा पाठलाग करतात जे खूप धोकादायक आहे
978,722631,D4,Banking,19.0,कम्युनिटी डेव्हलपमेंट फायनान्शियल इन्स्टिट्यूशन फंड आर्थिक विकासात महत्त्वाची भूमिका बजावते,कम्युनिटी डेव्हलपमेंट फायनान्शियल इन्स्टिट्यूशन फंड आर्थिक विकासात महत्त्वाची भूमिका बजावते
979,724932,D1,Banking,19.444,ई.एम.आय ची मोजणी ठराविक काळात जमा केलेली रक्कम आणि शिल्लक रवलेली रक्कम सारख्या प्रमाणात वाटणी करून केली जाता,ई.एम.आय ची मोजणी ठराविक काळात जमा केलेली रक्कम आणि शिल्लक राहिलेली रक्कम सारख्या प्रमाणात वाटून केली जाते.
980,717910,D2,Agriculture,19.5,कांदा पीक जास्त काळ टिकून राहण्यासाठी कोणत्या उपाययोजना कराव्यात ?,कांदा पीक जास्त काळ टिकून राहण्यासाठी कोणत्या उपाययोजना कराव्यात?
981,719161,D4,Agriculture,19.0,जनावरांच्या आरोग्याशी संबंधित समस्यांबाबत दुग्ध उत्पादक शेतकऱ्यांमध्ये जागरुकता निर्माण करणे,जनावरांच्या आरोग्याशी संबंधित समस्यांबाबत दुग्ध उत्पादक शेतकऱ्यांमध्ये जागरूकता निर्माण करणे
982,707792,D1,Banking,19.441,"बँकेत मालमत्ता गहाण ठेवान , तुम्ही कमी दरात सुरक्षित कर्ज घेऊ शकतास , असा बँक अधिकाऱ्यानं सांगल्यान",बँकेत मालमत्ता गहाण ठेवान तुम्ही कमी दरात सुरक्षित कर्ज घेऊ शकता असे बँक अधिकाऱ्यांनी सांगितले.
983,713455,D2,Agriculture,19.5,जास्ती म्हागानं बिजवाई पेक्शा सस्तं बियानं निवाडाले काहीज हरकत नही,"जास्ती मागांनी बिजवाईपेक्षा सत्तेचे बियाणे निवडले, त्यामुळे काहीच हरकत नाही."
984,724484,D4,Banking,19.0,गुंतवणूक दाराच्या दृष्टिकोनातून पोर्टफोलिओ कंपनीच्या विद्यमान सिक्युरिटीजवरील परताव्याचा आवश्यक दर आहे,गुंतवणुकीच्या दृष्टिकोनातून पोर्टफोलिओ कंपनीच्या विद्यमान सिक्युरिटीजवरील परताव्याचा आवश्यक दर आहे
985,724946,D1,Agriculture,19.441,"रमेश , तुका ठाऊक हा काय , कर्नाटक आणि केरळमध्ये महाराष्ट्रात सगळ्यात जास्तीचे बायोगॅस ऊर्जा प्रकल्प आसत","रमेश, कर्नाटक आणि केरळमध्ये महाराष्ट्रात सर्वात जास्त बायोगॅस ऊर्जा प्रकल्प आहेत."
986,715754,D2,Agriculture,19.5,पिकांच्या उत्पादनासाठी चांगली माती चांगले पोषकतत्व गरजेचे असते,पिकांच्या उत्पादनासाठी चांगली माती चांगले पोषकतत्व गरजेचे असते
987,724350,D4,Banking,19.0,स्टॉक मार्केट ही एक बाजारपेठ आहे जिथे मोठ्या कंपन्या त्यांचे शेअर्स विकतात आणि खरेदीदार खरेदी करतात,स्टॉक मार्केट ही एक बाजारपेठ आहे जिथे मोठ्या कंपन्या त्यांचे शेअर्स विकतात आणि खरेदीदार खरेदी करतात
988,707830,D1,Banking,19.438,भांडवली बाजार हयो एक आर्थिक बाजार आसा ज्यामधसून कर्ज किंवा इक्विटी खरेदी आणि विक्री केली जाता,भांडवली बाजार एक आर्थिक बाजार आहे ज्यामधून कर्ज किंवा इक्विटी खरेदी आणि विक्री केली जाते.
989,713054,D2,Banking,19.5,साधारण लोकेसले संस्थागत उद्योजकसना बारामा जास्ती माहिती नयी,साधारण लोकांना संस्थात्मक उद्योजकांना जास्त माहिती हवी आहे
990,724502,D4,Banking,19.0,चैनीच्या वस्तूंवर खर्च करण्याऐवजी वैयक्तिक वित्ताच्या दृष्टिकोनातून जमीन खरेदी करणे हा एक चांगला निर्णय आहे,चैनीच्या वस्तूंवर खर्च करण्याऐवजी वैयक्तिक वित्ताच्या दृष्टिकोनातून जमीन खरेदी करणे हा एक चांगला निर्णय आहे
991,706428,D1,Banking,19.438,क्रेडिट ह्यो इश्वास असा जो येका पक्षाक दुसऱ्या पक्षाक पैसा किंवा संसाधना प्रदान करुक अनुमती देता,क्रेडिट हे विश्वास आहे जो एका पक्षाला दुसऱ्या पक्षाला पैसा किंवा संसाधने प्रदान करण्याची अनुमती देतो
992,715158,D2,Banking,19.5,रामकुमार पूर्ण ईमानदारीने घेतलेल्या कर्जाचे मासिक हप्ते भरतो,रामकुमार पूर्ण ईमानदारीने घेतलेल्या कर्जाचे मासिक हप्ते भरतो
993,724398,D4,Agriculture,19.0,कडधान्ये ही शेंगांची पिके आहेत जी एकाच शेंगामध्ये परिवर्तनीय आकार आणि रंगाचे धान्य किंवा बिया तयार करतात,कडधान्ये ही शेंगांची पिके आहेत जी एकाच शेंगामध्ये परिवर्तनीय आकार आणि रंगाचे धान्य किंवा बिया तयार करतात
994,707300,D1,Banking,19.438,"अमितने माका सांगल्यान आसा की , टॅक्स सेव्हिंग फंड ह्यो म्युच्युअल फंडाचो सगळ्यात चांगलो प्रकार आसा","अमितने मला सांगितले आहे की, टॅक्स सेव्हिंग फंड हे म्युच्युअल फंडाचे सर्वात चांगले प्रकार आहे."
995,714147,D2,Agriculture,19.5,वावरमा चागलं पिक येवासाठे वावर करान्या चांगल्या पध्दती शेतस त्या आपले माहित जोयजे,वावरमाचा चांगले पीक येवसाठे वावर करण्याची चांगल्या पद्धती शेतत त्या आपले माहीत जो आहे.
996,724380,D4,Agriculture,19.0,"कृषी फवारणी यंत्र ही तणनाशके , बुरशीनाशक कीटकनाशके वापरून पिकांचे तणांपासून संरक्षण करण्याची एक पद्धत आहे","कृषी फवारणी यंत्र ही तणनाशके, बुरशीनाशक, कीटकनाशके वापरून पिकांचे तणांपासून संरक्षण करण्याची एक पद्धत आहे."
997,710226,D1,Agriculture,19.433,"खुपशे रासायनिक पदार्थ जे वनस्पतीचे पेशी , उती आणि अवयवांच्या वाढीवर आणि फरकावर परिणाम करतत","अनेक रासायनिक पदार्थ जे वनस्पतीचे पेशी, ऊती आणि अवयवांच्या वाढीवर आणि फरकावर परिणाम करत आहेत"
998,714550,D2,Banking,19.5,"अनाथ पोरीस्नी करता एखांदाले मदत करनी व्हयी ते कोणती संस्थाले दान करो , यानी माहिती कोण सांगी","अनाथ मुलींना मदत करायची असेल तर कोणती संस्था दान करेल, म्हणजेच माहिती कोण सांगणार?"
999,724494,D4,Banking,19.0,"व्हर्च्युअल आय.डी चा वापर अधिक सुरक्षित आहे , ज्यामध्ये कोणतीही क्रेडेन्शियल्स सामायिक केलेली नाहीत","व्हर्च्युअल आय.डी चा वापर अधिक सुरक्षित आहे, ज्यामध्ये कोणतीही क्रेडेन्शियल्स सामायिक केलेली नाहीत."
1000,712042,D1,Banking,19.429,घरा बसल्या बसल्या बँक खात्याची माहिती मिळाच्यासाठी खायच्या मोबाईल ॲपाचो वापर करूक होयो ?,घरा बसल्यावर बँक खात्याची माहिती मिळवण्यासाठी मोबाईल ॲप वापरला पाहिजे का?
