id,text_id,dialect,domain,distortion_score,dialect_text,standard_text
2001,721657,D4,Banking,17.0,"निधी हस्तांतरणाचे वर्गीकरण निधीच्या प्रवाहाच्या दिशेने आवक , आउटगोइंग म्हणून केले जाते",निधी हस्तांतरणाचे वर्गीकरण निधीच्या प्रवाहाच्या दिशेने आवक आउटगोइंग म्हणून केले जाते
2002,710189,D1,Agriculture,17.429,कमी मात्रेतला सिंचन अशी पद्धत हा जेच्यात एक पाईप नेटवर्कच्या माध्यमातना कमी दबावात पोचता,कमी मात्रेतला सिंचन अशी पद्धत ज्यामध्ये एक पाईप नेटवर्कच्या माध्यमातून कमी दबावात पोहोचते.
2003,713194,D2,Banking,17.5,"ऑनलाईन ईज बिल भरनं हाऊ बठ्ठास्मा चांगला पर्याय शे , कोठेबी बील भरता येस","ऑनलाईन ईज बिल कसे भरावे, कोणता चांगला पर्याय आहे, आणि कोठे बिल भरता येते?"
2004,720963,D4,Agriculture,17.0,गोड्या पाण्याच्या स्रोतांमध्ये आणि समुद्रात मासे मुबलक प्रमाणात आढळतात,गोड्या पाण्याच्या स्रोतांमध्ये आणि समुद्रात मासे मुबलक प्रमाणात आढळतात
2005,706448,D1,Banking,17.429,डेबिट कार्ड ह्या पेमेंट कार्ड असा जा खरेदी करण्यासाठी रोखीच्यो जागी वापरला जाऊ शकता,डेबिट कार्ड हे पेमेंट कार्ड म्हणून खरेदी करण्यासाठी रोखीच्या जागी वापरले जाऊ शकते.
2006,715044,D2,Banking,17.5,पेमेंट वॉरंटचा वापर पूर्वी सैनिकांना पैसे देण्यासाठी लष्कराकडून केला जात असे,पेमेंट वॉरंटचा वापर पूर्वी सैनिकांना पैसे देण्यासाठी लष्कराकडून केला जात असे
2007,718877,D4,Banking,17.0,नाव आणि जन्मतारीख यांच्या मदतीने तुम्ही तुमच्या कर्जाची स्थिती देखील तपासू शकता,नाव आणि जन्मतारीख यांच्या मदतीने तुम्ही तुमच्या कर्जाची स्थिती देखील तपासू शकता
2008,711091,D1,Banking,17.429,"सूक्ष्म उद्योगांमध्ये टोपले बनवणा , टेलरिंग , रस्त्यावर विक्री आणि कुक्कुटपालन यांचो समावेश होता","सूक्ष्म उद्योगांमध्ये टेलरिंग, रस्त्यावर विक्री आणि कुक्कुटपालन यांचा समावेश होता."
2009,716538,D2,Agriculture,17.5,खरबुजामध्ये पाण्याव्यतिरिक्त सर्वात जास्त पोषकतत्वे असतात,खरबुजामध्ये पाण्याव्यतिरिक्त सर्वात जास्त पोषकतत्वे असतात
2010,719786,D4,Banking,17.0,अल्पकालीन आर्थिक साधनांच्या मनी मार्केट ट्रेडिंगला सामान्यतः पेपर म्हणतात,अल्पकालीन आर्थिक साधनांच्या मनी मार्केट ट्रेडिंगला सामान्यतः पेपर म्हणतात
2011,712130,D1,Banking,17.429,माका दहा लाखाचा कर्ज काढूचा असला तर काय तुमच्याकडे ग्हाण ठेवूचा लागात काय ?,मला दहा लाखांचे कर्ज काढायचे असेल तर तुमच्याकडे काय ठेवले आहे?
2012,715066,D2,Banking,17.5,बचत खाते उघडण्यासाठी रहिवासाच ठिकाण हे राहण्याचा पत्ता पुरावा म्हणून लागतो,बचत खाते उघडण्यासाठी रहिवाशाचे ठिकाण हे राहण्याचा पत्ता पुरावा म्हणून लागतो
2013,720004,D4,Agriculture,17.0,सागरी शेतीच्या माध्यमातून व्यवसायाच्या रूपात मत्स्य पालनाचा भरपूर आर्थिक फायदा होतो,सागरी शेतीच्या माध्यमातून व्यवसायाच्या रूपात मत्स्य पालनाचा भरपूर आर्थिक फायदा होतो
2014,706757,D1,Banking,17.429,जेव्हा एखादा व्यक्ती दुसऱ्या व्यक्तीक काहीतरी कर्जा घेऊक परवानगी देता तेव्हा कर्जा देणा उद्भवता,जेव्हा एखादा व्यक्ती दुसऱ्या व्यक्तीला काहीतरी कर्ज घेण्याची परवानगी देतो तेव्हा कर्जा देणे उद्भवते.
2015,717216,D2,Agriculture,17.5,भाऊ तुला माहित आहे का जेली बनवण्यासाठी प्रथिनांचा वापर केला जातो,तुला माहित आहे का जेली बनवण्यासाठी प्रथिनांचा वापर केला जातो
2016,719874,D4,Banking,17.0,अर्थशास्त्र म्हणजे मानवाच्या आर्थिक क्रियाकलापांचा अभ्यास,अर्थशास्त्र म्हणजे मानवाच्या आर्थिक क्रियाकलापांचा अभ्यास
2017,706514,D1,Banking,17.429,"लष्करी बजेट कर्मचारी पगार आणि प्रशिक्षण खर्च , उपकरणा आणि सुविधांच्या देखभालीसाठी वित्तपुरवठा करतत",लष्करी बजेट कर्मचारी पगार आणि प्रशिक्षण खर्च उपकरणांच्या आणि सुविधांच्या देखभालीसाठी वित्तपुरवठा करत आहे
2018,715739,D2,Agriculture,17.5,पाण्याचा खूप प्रमाणात केलेला उपसा जमिनीला तडे जाणे आणि जमीन ढासाळन्याला कारणीभूत आहे,पाण्याचा खूप प्रमाणात केलेला उपसा जमिनीला तडे जाणे आणि जमीन ढासाळन्याला कारणीभूत आहे
2019,722037,D4,Banking,17.0,व्यावसायिक देवदूत गुंतवणूकदार कर्जाद्वारे किंवा इक्विटीच्या बदल्यात बियाणे पैसे देतात,व्यावसायिक देवदूत गुंतवणूकदार कर्जाद्वारे किंवा इक्विटीच्या बदल्यात बियाणे पैसे देतात
2020,706669,D1,Banking,17.429,भारताचो लष्करी बजेट किंवा संरक्षण बजेट ह्या भारताच्यो केंद्रीय अर्थसंकल्पाच्यो एकूण बजेटचो भाग असा,भारताचे लष्करी बजेट किंवा संरक्षण बजेट भारताच्या केंद्रीय अर्थसंकल्पाच्या एकूण बजेटचा भाग आहे
2021,715875,D2,Banking,17.5,"भांडवली प्रकल्पाची किंमत बरोबर ठरविण्यासाठी , कंपनीला त्याच्या परताव्याची आवश्यकता असते",भांडवली प्रकल्पाची किंमत बरोबर ठरविण्यासाठी कंपनीला त्याच्या परताव्याची आवश्यकता असते
2022,722010,D4,Banking,17.0,"चालू खाती द्रव ठेवींशी संबंधित आहेत , जी सानुकूलित पर्यायांची विस्तृत श्रेणी प्रदान करते","चालू खाती द्रव ठेवींशी संबंधित आहेत, जी सानुकूलित पर्यायांची विस्तृत श्रेणी प्रदान करते."
2023,706527,D1,Banking,17.429,शेअर कॅपिटल ह्या कॉर्पोरेशनच्या शेअर्सची रचना करणाऱ्या शेअर्सची संख्या आणि प्रकार सुद्धा दर्शवू शकता,शेअर कॅपिटल ह्या कॉर्पोरेशनच्या शेअर्सची रचना करणाऱ्या शेअर्सची संख्या आणि प्रकार सुद्धा दर्शवू शकते
2024,715556,D2,Banking,17.5,चेक हरवल्यानंतर बँकेमध्ये त्यासंबंधी लेखी माहिती दिली पाहिजे,चेक हरवल्यानंतर बँकेत त्यासंबंधी लेखी माहिती दिली पाहिजे
2025,721449,D4,Banking,17.0,कर्जाचे तपशील पाहण्यासाठी बँकेच्या साइटला भेट देऊन आम्हाला काय करावे लागेल ?,कर्जाचे तपशील पाहण्यासाठी बँकेच्या साइटला भेट देऊन आम्हाला काय करावे लागेल?
2026,709581,D1,Agriculture,17.429,"मसाल्यांचो उपयोग औषध , धार्मिक अनुष्ठान , सौन्दर्य प्रसाधन किंवा मगे उत्तराच्या उत्पादनात वापरतत","मसाल्यांचा उपयोग औषध, धार्मिक अनुष्ठान, सौंदर्य प्रसाधन किंवा मागे उत्तराच्या उत्पादनात केला जातो."
2027,716603,D2,Banking,17.5,तुम्ही खात्यांच्या तक्त्यामध्ये पाहून सांगा की यावर्षी कंपनीमध्ये किती खर्च झाला आहे,तुम्ही खात्यांच्या तक्त्यामध्ये पाहून सांगा की यावर्षी कंपनीमध्ये किती खर्च झाला आहे
2028,720154,D4,Agriculture,17.0,"माझ्या शहरात पाण्याचे अनेक नैसर्गिक स्रोत आहेत , झऱ्यांतून आम्हाला पाणी मिळते","माझ्या शहरात पाण्याचे अनेक नैसर्गिक स्रोत आहेत, झऱ्यांतून आम्हाला पाणी मिळते."
2029,706977,D1,Banking,17.423,इलेक्ट्रॉनिक बिल पेमेंट ह्या राष्ट्रीय पेमेंट प्रणालीद्वारा थेट ठेव म्हणून अंमलात आणला जाता,इलेक्ट्रॉनिक बिल पेमेंट राष्ट्रीय पेमेंट प्रणालीद्वारे थेट ठेव म्हणून अंमलात आणले जाते
2030,714436,D2,Agriculture,17.5,मांसाहार न करणारा माणशेस्नी प्रोटीननी करता काय खावा,मांसाहार न करणाऱ्या माणसांनी प्रोटीनसाठी काय खावे?
2031,720581,D4,Agriculture,17.0,"मिळालेल्या माहितीनुसार , चीनमध्ये बांबूच्या सर्वाधिक प्रजाती आहेत",मिळालेल्या माहितीनुसार चीनमध्ये बांबूच्या सर्वाधिक प्रजाती आहेत
2032,707177,D1,Banking,17.423,क्रेडिट कार्ड तुमका कार्ड जारीकर्त्याकडसून एका विशिष्ट मर्यादेपर्यंत पैसो उधार घेऊची परवानगी देता,क्रेडिट कार्ड जारीकर्त्याकडून एका विशिष्ट मर्यादेपर्यंत पैसे उधार घेण्याची परवानगी देते.
2033,714791,D2,Agriculture,17.5,मी मोठा व्हवावर माले वनस्पती पॅथॉलॉजिना आभ्यास कराले आवडी,मी मोठा विषय वनस्पती पॅथॉलॉजीचा अभ्यास करायला आवडले.
2034,718846,D4,Agriculture,17.0,ज्या मेंढ्यांना पुरेशी लोकर मिळत नाही त्यांना मांसासाठी विकले जाते,ज्या मेंढ्यांना पुरेशी लोकर मिळत नाही त्यांना मांसासाठी विकले जाते
2035,710309,D1,Agriculture,17.423,"पाळीव मेंढ्यो दुधाचा उत्पादन आणि इतरांची संरचना , मात्रा आणि गुणवत्तेत वेगळे असतत","पाल्यव मेंढ्यांचे दुधाचे उत्पादन आणि इतरांची संरचना, मात्रा आणि गुणवत्तेत वेगळे होते."
2036,716161,D2,Agriculture,17.5,शाश्वत शेती च्या माध्यमाने स्त्रियांच्या उन्नतीसाठी प्रयत्न केले जात आहे,शाश्वत शेतीच्या माध्यमातून स्त्रियांच्या उन्नतीसाठी प्रयत्न केले जात आहेत.
2037,722089,D4,Agriculture,17.0,राजू मी मळ्यातील जास्तीत जास्त फुले जाळून टाकली आहेत,राजू मी मळ्यातील जास्तीत जास्त फुले जाळून टाकली आहेत
2038,706702,D1,Banking,17.423,"आर्थिक डेटा विक्रेता वित्तीय कंपन्यो , व्यापारी आणि गुंतवणूकदारांका बाजार डेटा प्रदान करता","आर्थिक डेटा विक्रेता वित्तीय कंपन्यांना, व्यापारी आणि गुंतवणूकदारांना बाजार डेटा प्रदान करतो."
2039,714254,D2,Agriculture,17.5,तुषार सिंचन येक यंत्र शे ज्यानावरी पाणी फवारनीनं काम सोपं व्हयी जास,तुषार सिंचनासाठी एक यंत्र असल्यामुळे जिथे पाणी फवारणीने काम सोपे होते.
2040,721975,D4,Agriculture,17.0,पट्टी नांगरणी वेगवेगळ्या तीव्रतेच्या पूर्ण रुंदीपेक्षा कमी म्हणून परिभाषित केली जाते,पट्टी नांगरणी वेगवेगळ्या तीव्रतेच्या पूर्ण रुंदीपेक्षा कमी म्हणून परिभाषित केली जाते
2041,706574,D1,Banking,17.417,नैतिक बँक तिच्या गुंतवणूक आणि कर्जाच्या सामाजिक आणि पर्यावरणीय प्रभावांशी संबंधित असा,नैतिक बँक तिच्या गुंतवणूक आणि कर्जाच्या सामाजिक आणि पर्यावरणीय प्रभावांशी संबंधित आहे
2042,716312,D2,Banking,17.5,"हुंडीच्या दलालाला सगळं माहीत असतं की , केव्हा आणि कुठे गुंतवणूक करायला पाहिजे","हुंडीच्या लोकांना सगळं माहीत असतं की, कधी आणि कुठे गुंतवणूक करायला हवी."
2043,721683,D4,Banking,17.0,कर्जाचे मूल्यांकन करण्याचा एक व्यापकपणे स्वीकारलेला मार्ग म्हणजे अस्तित्वाची कृती,कर्जाचे मूल्यांकन करण्याचा एक व्यापकपणे स्वीकारलेला मार्ग म्हणजे अस्तित्वाची कृती
2044,709430,D1,Agriculture,17.417,घरगुती ग्रीनहाऊस मध्ये वापरला जाणारा ग्लास तीन मिमी बागवानी ग्लास ग्रेड असता,घरगुती ग्रीनहाऊसमध्ये वापरला जाणारा ग्लास तीन मिमी बागवानी ग्लास ग्रेडचा असतो.
2045,716031,D2,Agriculture,17.5,"मेंढ्यांना कोरड्या क्षेत्राबरोबरच , समशीतोष्ण हवामानाच्या सीमेवर पाळलं जाऊ शकत",मेंढ्यांना कोरड्या क्षेत्राबरोबरच समशीतोष्ण हवामानाच्या सीमेवर पाळता येते
2046,721698,D4,Banking,17.0,नंतरच्या तारखेला डिलिव्हरीसह स्पॉट मार्केट फ्युचर्स मार्केटच्या विपरीत आहे,नंतरच्या तारखेला डिलिव्हरीसह स्पॉट मार्केट फ्युचर्स मार्केटच्या विरुद्ध आहे
2047,708256,D1,Agriculture,17.417,कॉफीची लागवड शेती आणि वानिकरणाच्या माध्यमातून अन्न आणि बाकीच्या उत्पादनाशी संबंधित आसा,कॉफीची लागवड शेती आणि वानिकरणाच्या माध्यमातून अन्न आणि बाकीच्या उत्पादनाशी संबंधित आहे
2048,716982,D2,Agriculture,17.5,लहान खडकाचे कण आणि सेंद्रिय पदार्थ यांचे मिश्रण म्हणून मातीची व्याख्या करता येते,लहान खडकाचे कण आणि सेंद्रिय पदार्थ यांचे मिश्रण म्हणून मातीची व्याख्या करता येते
2049,720513,D4,Agriculture,17.0,राकेशने आपल्या पिकाचे घटते उत्पादन जाणून घेण्यासाठी माती आरोग्य कार्ड बनवले,राकेशने आपल्या पिकाचे घटते उत्पादन जाणून घेण्यासाठी माती आरोग्य कार्ड बनवले
2050,710429,D1,Banking,17.417,लेखा मानकांचो लेखी रेकॉर्ड लेखा तज्ञ किंवा सरकारी संस्थांकडुन जारी केलो जाता,लेखा मानकाचे लेखी रेकॉर्ड लेखा तज्ञ किंवा सरकारी संस्थांकडून जारी केले जातात
2051,716894,D2,Agriculture,17.5,कंपोस्ट विघटित सेंद्रिय पदार्थ मातीला पोषक तत्व टिकवून ठेवण्यास सक्षम करेल,कंपोस्ट विघटित सेंद्रिय पदार्थ मातीला पोषक तत्व टिकवून ठेवण्यास सक्षम करेल
2052,721730,D4,Banking,17.0,कर्मचाऱ्याच्या बँक खात्यात पगार जमा करण्यासाठी नियोक्त्याकडून थेट कर्ज दिले जाते,कर्मचाऱ्याच्या बँक खात्यात पगार जमा करण्यासाठी नियोक्त्याकडून थेट कर्ज दिले जाते
2053,706562,D1,Banking,17.417,कॉर्पोरेट फायनान्स आणि कॉर्पोरेट फायनान्सर ह्या संज्ञा सुद्धा गुंतवणूक बँकिंगशी संबंधित असत,कॉर्पोरेट फायनान्स आणि कॉर्पोरेट फायनान्सर या संज्ञा सुद्धा गुंतवणूक बँकिंगशी संबंधित होत्या.
2054,715969,D2,Agriculture,17.5,माझे वडील कापणी केलेल्या पिकांना फार्म ट्रक मध्ये भरून बाजारापर्यंत पोहोचवता,माझे वडील कापणी केलेल्या पिकांना फार्म ट्रकमध्ये भरून बाजारापर्यंत पोहोचवतात.
2055,721309,D4,Banking,17.0,जेव्हा आपल्याला पूर्ण ज्ञान असेल तेव्हाच शेअर बाजारात शेअर्स खरेदी किंवा विक्री करा,जेव्हा आपल्याला पूर्ण ज्ञान असेल तेव्हाच शेअर बाजारात शेअर्स खरेदी किंवा विक्री करा
2056,706431,D1,Banking,17.409,गहाण कर्जा ही नागरी कायद्याच्या अधिकारक्षेत्रात हायपोथेक कर्जा म्हणूनही ओळखली जातत,गहाण कर्जाला नागरी कायद्याच्या अधिकारक्षेत्रात हायपोथेक कर्जा म्हणूनही ओळखले जाते.
2057,713898,D2,Agriculture,17.5,कृषि सहकारी सामान्य शेतीपेक्षा जास्त नफा कमावू शकस,कृषि सहकारी सामान्य शेतीपेक्षा जास्त नफा कमावता येतो का?
2058,719746,D4,Agriculture,17.0,पीक कीटक ओळखण्यासाठी मोबाईल ॲप्लिकेशन्स हे कृषी उत्पादनांच्या डिजिटलायझेशनचे उदाहरण आहे,पीक कीटक ओळखण्यासाठी मोबाईल ॲप्लिकेशन्स हे कृषी उत्पादनांच्या डिजिटलायझेशनचे उदाहरण आहे
2059,709727,D1,Banking,17.409,स्वामित्व भांडवल उधार घेतलेलं भांडवल आणि प्राधान्य शेअर्सच्या माध्यमातना एकत्र करतत,"स्वामित्व भांडवल, उधार घेतलेले भांडवल आणि शेअर्सच्या प्राधान्याच्या माध्यमांना एकत्र करत आहेत."
2060,724698,D2,Banking,17.5,"लोक आयकर आणि संपत्ती कर देण्यापासून स्वतःला वाचवतात , म्हणूनच सरकार आय योजनेच एच्छिक प्रकटीकरण योजना घेऊन येते",लोक आयकर आणि संपत्ती कर देण्यापासून स्वतःला वाचवतात म्हणूनच सरकार आय योजनेच ऐच्छिक प्रकटीकरण योजना घेऊन येते
2061,718903,D4,Banking,17.0,"फीस एंड इफेक्टिव मधून जमा झालेल्या पैशातून सरकार रस्ते , पूल इत्यादींची निर्मिती करते","फीस अँड इफेक्टिव मधून जमा झालेल्या पैशातून सरकार रस्ते, पूल इत्यादींची निर्मिती करते"
2062,709427,D1,Agriculture,17.409,ग्रासेरी फ्लेचेरी मॅटिन मॅटिन पेब्रिन इत्यादी रेशीमच्या किड्याक होणारे रोग असत,ग्रासेरी फ्लेचेरी मॅटिन मॅटिन पेब्रिन इत्यादी रेशीमच्या किड्याक होणारे रोग होते
2063,724781,D2,Agriculture,17.5,भारताने विकसित केलेल्या प्रगतीचा आणि कौशल्याचा वापर करून जैविक शेतीस अजून चांगल्या प्रकारे बनवले आहे,भारताने विकसित केलेल्या प्रगतीचा आणि कौशल्याचा वापर करून जैविक शेती अजून चांगल्या प्रकारे बनवली आहे
2064,720179,D4,Agriculture,17.0,दुधापासून पनीर बनवल्यानंतर उरलेले पाणी उपपदार्थांमध्ये प्रोटीन पावडर म्हणून वापरले जाते,दुधापासून पनीर बनवल्यानंतर उरलेले पाणी उपपदार्थांमध्ये प्रोटीन पावडर म्हणून वापरले जाते
2065,708067,D1,Agriculture,17.409,संकरीत नसलेल्या बियाण्यांका खुले परागकण बियाणा किंवा वंशपरंपरागत बियाणा असाही म्हणतत,संकरीत नसलेल्या बियाण्यांका खुले परागकण बियाणा किंवा वंशपरंपरागत बियाणा असाही म्हटले जाते
2066,713571,D2,Agriculture,17.5,वावरेस्ना करता आखेल देशन्या योजनास्नं परमुख माहिती केंद्र कोठे शे ?,वावरेसाठी आखलेल्या देशाच्या योजनांची परमुख माहिती केंद्र कोठे आहे?
2067,719474,D4,Agriculture,17.0,शेतकऱ्यांचा विरोध सप्टेंबर दोन हजार वीस मध्ये संसद द्वारे मंजूर केलेल्या बिलच्या प्रति होता,शेतकऱ्यांचा विरोध सप्टेंबर दोन हजार दोन मध्ये संसद द्वारे मंजूर केलेल्या विधेयकाच्या प्रतीचा होता.
2068,706730,D1,Banking,17.4,"डेरिव्हेटिव्ह मार्केट ह्यो डेरिव्हेटिव्ह्ज , आर्थिक साधनांसाठी आर्थिक बाजार असा","डेरिव्हेटिव्ह मार्केट हे डेरिव्हेटिव्ह्ज, आर्थिक साधनांसाठी आर्थिक बाजार आहे."
2069,724716,D2,Banking,17.5,"म्युचल फंड मध्ये गुंतवणूक करण्याआधी मी दलाला कडे जाऊन त्याच्याशी बोललो , त्यामुळे मला खूप फायदा झाला","म्युच्युअल फंडमध्ये गुंतवणूक करण्याआधी मी दलाला जाऊन त्याच्याशी बोललो, त्यामुळे मला खूप फायदा झाला."
2070,720795,D4,Agriculture,17.0,मातीच्या आरोग्याची व्याख्या मातीची सतत क्षमता अशी केली जाते,मातीच्या आरोग्याची व्याख्या मातीची सतत क्षमता अशी केली जाते
2071,709875,D1,Agriculture,17.4,गोड्या पाणयातल्या कोळंबी शेतयेद्वारे अनेक प्रकारची कोळंबी तयार केली जाता,गोड्या पाणयातल्या कोळंबी शेतीद्वारे अनेक प्रकारची कोळंबी तयार केली जाते
2072,724788,D2,Banking,17.5,खरेदीदार आणि विक्रेता वित्त व्यवसाय अंतर्गत असलेल्या वित्तीय संस्थेद्वारे परस्पर व्यवहारात प्रवेश करतात,खरेदीदार आणि विक्रेता वित्त व्यवसाय अंतर्गत असलेल्या वित्तीय संस्थेद्वारे परस्पर व्यवहारात प्रवेश करतात
2073,720864,D4,Agriculture,17.0,"बीजाणूंनी दूषित अन्न , पाणी किंवा माती खाल्ल्याने शेळ्यांना संसर्ग होतो","बीजाणूंनी दूषित अन्न, पाणी किंवा माती खाल्ल्याने शेळ्यांना संसर्ग होतो."
2074,710377,D1,Agriculture,17.389,मरीन मासो खाऱ्या पाण्यातलो मासो हा तो समुद्रात मिळता,मरीन मासे खाऱ्या पाण्यात असतात आणि ते समुद्रात मिळतात
2075,724768,D2,Banking,17.5,"पहिल्यांदा क्यू.आर कोड स्कॅन करून पेमेंट करायला भीती वाटत होती पण , आता तर दोन सेकंदांमध्ये काम होऊन जातं",पहिल्यांदा क्यूआर कोड स्कॅन करून पेमेंट करायला भीती वाटत होती पण आता तर दोन सेकंदांमध्ये काम होते.
2076,720500,D4,Banking,17.0,भारताची मध्यवर्ती बँक अमेरिकन सिक्युरिटीज खरेदी करते कारण त्यासाठी सहज पैसे दिले जातात,भारताची मध्यवर्ती बँक अमेरिकन सिक्युरिटीज खरेदी करते कारण त्यासाठी सहज पैसे दिले जातात
2077,710477,D1,Banking,17.375,सामाजिक विकासासाठी सांस्कृतीक कलांचो वापर सांस्कृतीक उद्योजगता असा,सामाजिक विकासासाठी सांस्कृतिक कलांचा वापर सांस्कृतिक उद्योजगता असावा.
2078,717606,D2,Agriculture,17.441,दूधाचा व्यवसायास पशू खरेदीसाठी शासकीय कर्ज व अनुदान उपलब्ध आहे का ? त्याचे पूर्ततेचे निकष कोणते ?,दूधाच्या व्यवसायासाठी पशू खरेदीकरिता शासकीय कर्ज व अनुदान उपलब्ध आहे का? त्याचे पूर्ततेचे निकष कोणते?
2079,718876,D4,Banking,17.0,तुमच्या बचत खात्याचे के.वाय.सी अपडेट करण्यासाठी बँकेच्या शाखेत जाण्याचीही गरज नाही,तुमच्या बचत खात्याचे के.वाय.सी अपडेट करण्यासाठी बँकेच्या शाखेत जाण्याचीही गरज नाही
2080,724941,D1,Agriculture,17.375,जैविक कीटक नियंत्रण ह्या नैसर्गिक परजीवी आणि भक्षक यांच्या नियंत्रण आणि व्यवस्थापन करुन साध्य केला जाता,जैविक कीटक नियंत्रण नैसर्गिक परजीवी आणि भक्षक यांच्या नियंत्रणाचे आणि व्यवस्थापनाचे करून साध्य केले जाते.
2081,724750,D2,Agriculture,17.441,"शेतकरी शेतात पिके घेतात , पिकाचे अवशेष शिल्लक राहतात , त्याचा उपयोग जनावरांसाठी चारा म्हणून केला जातो","शेतकरी शेतात पिके घेतात, पिकाचे अवशेष शिल्लक राहतात, त्यांचा उपयोग जनावरांसाठी चारा म्हणून केला जातो."
2082,719503,D4,Banking,17.0,सांख्यिकी मध्ये सर्वेक्षण आणि प्रयोगांच्या रचनेनुसार डेटा संकलनाचे नियोजन करणे समाविष्ट आहे,सांख्यिकीमध्ये सर्वेक्षण आणि प्रयोगांच्या रचनेनुसार डेटा संकलनाचे नियोजन करणे समाविष्ट आहे
2083,724920,D1,Banking,17.375,"डिजिटल फायनान्शियल सर्व्हिसेस पेमेंट , क्रेडिट , बचत यासह डिजिटल चॅनेलद्वारा प्रवेश आणि वितरित केल्या जातत","डिजिटल फायनान्शियल सर्व्हिसेस पेमेंट, क्रेडिट, बचत यासह डिजिटल चॅनेलद्वारे प्रवेश आणि वितरण केले जात आहे."
2084,714978,D2,Banking,17.438,तुला माहित पडल का ? सुमित त्याच्या आवर्ती जमा खात्यात दर महीन्याला विशिष्ट रक्कम जमा करतो,तुला माहिती आहे का? सुमित त्याच्या आवर्ती जमा खात्यात दर महिन्याला विशिष्ट रक्कम जमा करतो.
2085,721036,D4,Agriculture,17.0,खेड्यापाड्यांत आणि शहरांमध्ये ग्रामीण कवितेची साधना आजही अत्यंत महत्त्वाची भूमिका बजावत आहे,खेड्यापाड्यांत आणि शहरांमध्ये ग्रामीण कवितेची साधना आजही अत्यंत महत्त्वाची भूमिका बजावत आहे
2086,707088,D1,Banking,17.357,स्टॉक ब्रोकर आर्थिक सल्लोगार आणि गुंतवणूक व्यवस्थापन सेवा प्रदान करतत आणि व्यवहार पूर्ण करतत,स्टॉक ब्रोकर आर्थिक सल्लागार आणि गुंतवणूक व्यवस्थापन सेवा प्रदान करत आहेत आणि व्यवहार पूर्ण करत आहेत
2087,716921,D2,Banking,17.438,म्युच्युअल सेविंग्स बँक ही एक वित्तीय संस्था आहे जी केंद्र आणि राज्य सरकारच्या यादीत समाविष्ट आहे,म्युच्युअल सेविंग्स बँक ही एक वित्तीय संस्था आहे जी केंद्र आणि राज्य सरकारच्या यादीत समाविष्ट आहे
2088,720421,D4,Banking,17.0,कमोडिटी मार्केट मध्ये स्पॉट किंमती आणि फ्युचर्सवरील शारीरिक व्यापार समाविष्ट असू शकतात,कमोडिटी बाजारात स्पॉट किंमती आणि फ्युचर्सवरील शारीरिक व्यापार समाविष्ट असू शकतात
2089,710485,D1,Agriculture,17.357,"सूजी ड्युरम गव्हापासना बनलेला एक मोठा पीठ हा , गव्हाचो एक कठीण प्रकार हा","सूजी ड्युरम गव्हापासना बनलेला एक मोठा पीठ आहे, गहू एक कठीण प्रकार आहे"
2090,724789,D2,Agriculture,17.438,"कृषी मंत्रालय , पशुसंवर्धन , दुग्धव्यवसाय आणि मत्स्यव्यवसाय विभाग हे दिल्ली दूध योजनेचे अधीनस्थ कार्यालय आहे","कृषी मंत्रालय, पशुसंवर्धन, दुग्धव्यवसाय आणि मत्स्यव्यवसाय विभाग हे दिल्ली दूध योजनेचे अधीनस्थ कार्यालय आहे."
2091,721706,D4,Banking,17.0,कर्जमाफी साठी पात्र असलेल्यांनाही कर्जमाफीचा कायदा मिळत नाही अशांना कठोर शिक्षेची तरतूद करतो,कर्जमाफीसाठी पात्र असलेल्यांनाही कर्जमाफीचा कायदा मिळत नाही अशांना कठोर शिक्षेची तरतूद करतो
2092,706774,D1,Banking,17.357,तरलता जोखीम ह्या एक आर्थिक जोखीम असा ज्या विशिष्ट कालावधीसाठी दिलेल्यो आर्थिक मालमत्तेक असता,तरलता जोखीम ही एक आर्थिक जोखीम आहे जी विशिष्ट कालावधीसाठी दिलेल्या आर्थिक मालमत्तेशी संबंधित असते.
2093,724648,D2,Banking,17.438,"अल्प मुदतीचे कर्ज देण्याचे पर्याय , एन.बी.एफ.सी वापरणाऱ्या व्यक्ती किंवा व्यवसायांसाठी कर्ज घेऊ शकते का ?",अल्प मुदतीचे कर्ज देण्याचे पर्याय एन.बी.एफ.सी वापरणाऱ्या व्यक्ती किंवा व्यवसायांसाठी कर्ज घेऊ शकतात का?
2094,722423,D4,Agriculture,17.0,द्विवार्षिक वनस्पतीला त्याचे जीवनचक्र पूर्ण करण्यासाठी दोन वर्षे लागतात,द्विवार्षिक वनस्पतीला त्याचे जीवनचक्र पूर्ण करण्यासाठी दोन वर्षे लागतात
2095,706979,D1,Banking,17.346,किंमत मक्तेदाराद्वारा निर्धारित केली जाऊ शकता किंवा बाजार परिस्थितीनुसार फर्मवर लादली जाऊ शकता,किंमत मक्तेदाराद्वारे निर्धारित केली जाऊ शकते किंवा बाजार परिस्थितीनुसार फर्मवर लादली जाऊ शकते
2096,712578,D2,Agriculture,17.433,"प्राकृतिक सामग्रीमा कोणताबी उत्पादन होऊ शकस , जे माणूसले रोपे , जनावरं नैते जमीनमाईन भेटतस","नैसर्गिक सामग्रीमधून कोणते उत्पादन होऊ शकते, जे लोक लावतात, आणि प्राणी जमिनीवर मिळवतात."
2097,719512,D4,Banking,17.0,"खाते क्रमांक मल्टीफॅक्टर आयडेंटिफिकेशन , इतर सुरक्षा उपाय पासवर्ड ओळख क्रमांकासह संरक्षित करतो",खाते क्रमांक मल्टीफॅक्टर आयडेंटिफिकेशन इतर सुरक्षा उपाय पासवर्ड ओळख क्रमांकासह संरक्षित करतो
2098,708976,D1,Banking,17.346,गुंतवणूक कोष एक सामूहीक गुंतवणूक उपक्रम हा जो कित्येक गुंतवणूकदारांच्या पैशासून बनलो हा,गुंतवणूक कोष एक सामूहिक गुंतवणूक उपक्रम आहे जो अनेक गुंतवणूकदारांच्या पैशातून बनला आहे.
2099,713208,D2,Banking,17.433,"पुस्तके , ट्युशन फी , मेस यासारखा खर्च ना करता गरजू विद्यार्थ्यांसले विद्यार्थी लोन भेटस","पुस्तके, ट्युशन फी, मेस यासारखा खर्च न करता गरजू विद्यार्थ्यांना विद्यार्थी कर्ज मिळते."
2100,722064,D4,Banking,17.0,म्युच्युअल सेव्हिंग्ज बँकेचा मोबाइल एप आपल्याला आपल्या फंडापर्यंत पोहोचण्याची परवानगी देतो,म्युच्युअल सेव्हिंग्ज बँकेचा मोबाइल ॲप आपल्याला आपल्या फंडापर्यंत पोहोचण्याची परवानगी देतो
2101,707206,D1,Banking,17.346,किंमत किंवा सेवेचो पैसो देऊन ताबा किंवा मालकी पुनर्प्राप्त करणा म्हणजे पूर्तता करणा,किंमत किंवा सेवेचे पैसे देऊन ताबा किंवा मालकी पुनर्प्राप्त करणे म्हणजे पूर्तता करणे
2102,718309,D2,Banking,17.433,मला लोकांचे पैसे देण्यासाठी बँकेतून कर्ज तारणसाठी कोणता पर्याय आहे ? सांगू शकता का ?,मला लोकांचे पैसे देण्यासाठी बँकेतून कर्ज तारणसाठी कोणता पर्याय आहे सांगू शकता का?
2103,719115,D4,Agriculture,17.0,ठिबक सिंचन पद्धतीमध्ये मुळाशी असलेल्या छोट्या पाईपद्वारे संथ गतीने पिकाला पाणी दिले जाते,ठिबक सिंचन पद्धतीमध्ये मुळाशी असलेल्या छोट्या पाईपद्वारे संथ गतीने पिकाला पाणी दिले जाते
2104,707244,D1,Banking,17.346,अटल पेन्शन योजना भारतातलो नागरिकांसाठी एक पेन्शन योजना असंघटित क्षेत्रातला कामगारांवर केंद्रित असा,अटल पेन्शन योजना भारतातील नागरिकांसाठी एक पेन्शन योजना असंघटित क्षेत्रातला कामगारांवर केंद्रित आहे.
2105,717423,D2,Agriculture,17.433,औषधी वनस्पती लागवडीकरिता शासन अनुदानित कर्ज पुरवठा करते का ? त्यासाठी काय करावे लागेल ?,औषधी वनस्पती लागवडीकरिता शासन अनुदानित कर्ज पुरवठा करते का? त्यासाठी काय करावे लागेल?
2106,722404,D4,Agriculture,17.0,"ट्रॅक्टरचा वापर शेत नांगरण्यासाठी , मेंढ्या बनवण्यासाठी केला जातो","ट्रॅक्टरचा वापर शेत नांगरण्यासाठी, मेंढ्या बनवण्यासाठी केला जातो."
2107,708503,D1,Banking,17.333,"वस्तू खरेदी करुच्यासाठी कर्ज वापरला जाता , रोखीन खरेदी करणा म्हाग जाता","वस्तू खरेदी करण्यासाठी कर्ज वापरले जाते, रोख खरेदी करण्यासाठी मला जायचे आहे."
2108,713381,D2,Agriculture,17.433,झिंगा आनी खेकडास्नं उत्पन्न वाढावा करता परशिक्षने देतस म्हने ? कोन देस हायी परशिक्षन ?,झिंगा आणि इतर गोष्टींमुळे उत्पन्न वाढावे असे वाटत असल्यास तुम्ही मला पुढील शिक्षण देता का? कोणाकडून शिक्षण मिळते?
2109,721202,D4,Banking,17.0,बँकिंग गुंतवणूक सेवांसारख्या इतर मार्गांनी स्वतंत्रपणे विकसित करण्यात खर्च केला आहे,बँकिंग गुंतवणूक सेवांसारख्या इतर मार्गांनी स्वतंत्रपणे विकसित करण्यात खर्च केला आहे
2110,707190,D1,Banking,17.333,"तुमचा क्रेडिट युटिलायझेशन रेट , ज्याका काहीवेळा तुमचो क्रेडिट युटिलायझेशन रेशो म्हणतत",तुमचा क्रेडिट युटिलायझेशन रेट जो काहीवेळा क्रेडिट युटिलायझेशन रेशो म्हणून म्हटले जाते.
2111,715279,D2,Banking,17.433,"आगाऊ पेमेंट , क्रेडिट कार्ड आणि पैसे परत मिळवण्यासाठीचे बिल ह्या पेमेंट च्या पद्धती आहे","आगाऊ पेमेंट, क्रेडिट कार्ड आणि पैसे परत मिळवण्यासाठीचे बिल या पेमेंटची पद्धत आहे."
2112,720325,D4,Agriculture,17.0,फर फार्मिंग म्हणजे विशिष्ट प्रकारचे प्राणी त्यांच्या फरसाठी प्रजनन किंवा वाढवण्याची प्रथा,फर फार्मिंग म्हणजे विशिष्ट प्रकारचे प्राणी त्यांच्या फरसाठी प्रजनन किंवा वाढवण्याची प्रथा
2113,709391,D1,Banking,17.324,काय तुमका माहित हा पी.टू.पी मध्ये काही लोका कर्ज घेऊक आणि काही लोका कर्ज देऊक इच्छुक असतत,तुम्हाला माहीत आहे का की पी.टू.पी मध्ये काही लोक कर्ज घेऊ इच्छित आहेत आणि काही लोक कर्ज देऊ इच्छित आहेत?
2114,724681,D2,Agriculture,17.433,कागद उत्पादन भारतामध्ये प्रत्यक्ष रुपाने तीन लाख आणि अप्रत्यक्ष रूपामध्ये दहा लाख लोकांना रोजगार देतो,कागद उत्पादन भारतामध्ये प्रत्यक्षपणे तीन लाख आणि अप्रत्यक्षपणे दहा लाख लोकांना रोजगार देते
2115,719127,D4,Agriculture,17.0,कापणी ही सर्व पोषक तत्त्वे विकसित झाल्यावर वनस्पतीचे उपयुक्त भाग गोळा करण्याची क्रिया आहे,कापणी ही सर्व पोषक तत्त्वे विकसित झाल्यावर वनस्पतीचे उपयुक्त भाग गोळा करण्याची क्रिया आहे
2116,708645,D1,Agriculture,17.324,"चवळी मध्ये प्रोटीन , फायबर बरोबर फोलेट , कॉपर , थायमिन , सुक्ष्म पोषक तत्त्व जास्तं असतत","चवळीत प्रोटीन, फायबर बरोबर फोलेट, कॉपर, थायमिन आणि सूक्ष्म पोषक तत्वे जास्त आहेत."
2117,724754,D2,Banking,17.433,"आंतरराष्ट्रीय वित्त संस्थेतील भांडवलाचा प्रवाह , विनिमय दरातील चढ उतार , व्यापाराचे संतुलन इत्यादी आहे","आंतरराष्ट्रीय वित्त संस्थेतील भांडवलाचा प्रवाह, विनिमय दरातील चढ-उतार, व्यापाराचे संतुलन इत्यादी आहे."
2118,720336,D4,Agriculture,17.0,"भारतामध्ये तामिळनाडू , उत्तर प्रदेशमधील फारुखाबाद आणि गाझीपूर जिल्ह्यात चमेलीची लागवड केली जाते","भारतामध्ये तामिळनाडू, उत्तर प्रदेशमधील फारुखाबाद आणि गाझीपूर जिल्ह्यात चमेलीची लागवड केली जाते."
2119,707449,D1,Agriculture,17.312,"कृषी अधिकारी सांगा होतो , विस्तृत कृषी किंवा विस्तृत शेती ही येक कृषी उत्पादन प्रणाली आसा","कृषी अधिकारी सांगा होतो, विस्तृत कृषी किंवा विस्तृत शेती ही एक कृषी उत्पादन प्रणाली आहे."
2120,724814,D2,Banking,17.433,अर्थशास्त्र आर्थिक एजंट्सचे वर्तन आणि परस्परसंवाद तसेच अर्थव्यवस्था कशी काम करते यावर लक्ष केंद्रित करते,अर्थशास्त्र आर्थिक एजंट्सचे वर्तन आणि परस्परसंवाद तसेच अर्थव्यवस्था कशी काम करते यावर लक्ष केंद्रित करते
2121,720124,D4,Agriculture,17.0,फोरेटचा वापर शेतातील कीटकांपासून संरक्षण करण्यासाठी देखील केला जातो,जंगलाचा वापर शेतातील कीटकांपासून संरक्षण करण्यासाठी देखील केला जातो
2122,706688,D1,Banking,17.269,पीक विम्याच्यो दोन सामान्य श्रेणींका पीक उत्पन्न विमो आणि पीक महसूल विमो म्हणतत,पीक विम्याचे दोन सामान्य श्रेणींका पीक उत्पन्न विमा आणि पीक महसूल विमा म्हणत आहेत.
2123,717111,D2,Agriculture,17.429,"मधमाश्या वनस्पतीतील साखरेचा स्राव , एन्झाइमॅटिक क्रिया , पाण्याचे बाष्पीभवन यातून मध तयार करतात","मधमाश्या वनस्पतींमधील साखरेचा स्राव, एन्झाइमॅटिक क्रिया आणि पाण्याचे बाष्पीभवन यातून मध तयार करतात."
2124,720641,D4,Agriculture,17.0,ॲरोरूट राईझोमपासून स्टार्च काढणे अगदी सोप्या पद्धतीचा अवलंब करून घरांमध्येही करता येते,ॲरोरूट राईझोमपासून स्टार्च काढणे अगदी सोप्या पद्धतीचा अवलंब करून घरांमध्येही करता येते
2125,706877,D1,Banking,17.188,"चार विविध प्रकारचो पैसो म्हणजे व्यावसायिक पैसो , विश्वासू पैसो , फियाट मनी , कमोडिटी मनी","चार विविध प्रकारचे पैसे म्हणजे व्यावसायिक पैसे, विश्वासू पैसे, फियाट मनी, कमोडिटी मनी"
2126,714875,D2,Banking,17.429,कर्ज खात्याचा तपशिल माहित करुन घेण्यासाठी मी बँकच्या ई मेल आय.डी वर मेल पाठवला,कर्ज खात्याचा तपशील जाणून घेण्यासाठी मी बँकेच्या ई-मेल आय.डीवर मेल पाठवला
2127,722581,D4,Agriculture,17.0,हा पेपर सर्वप्रथम चीनमधील लेई यांग येथील चिनी न्यायालयातील अधिकारी त्साई लुन यांनी तयार केला होता,हा पेपर सर्वप्रथम चीनमधील लेई यांग येथील चिनी न्यायालयातील अधिकारी त्साई लुन यांनी तयार केला होता
2128,725011,D1,Agriculture,17.184,"झाडा आवश्यक तत्त्व , कार्बन , हायड्रोजन , ऑक्सिजन , नायट्रोजन , फॉस्फरस , पोटॅशियम , कॅल्शिअम इत्यादी देतत","झाडे आवश्यक तत्त्वे, कार्बन, हायड्रोजन, ऑक्सिजन, नायट्रोजन, फॉस्फरस, पोटॅशियम, कॅल्शिअम इत्यादी देतात."
2129,715861,D2,Agriculture,17.429,"बायोगॅस च उत्पादन , ऑक्सिजन गॅस च्या संपूर्ण अनुपस्थितीमध्ये , जैविक पदार्थांच्या कुजल्याने होतं",बायोगॅसचे उत्पादन ऑक्सिजन गॅसच्या संपूर्ण अनुपस्थितीमध्ये जैविक पदार्थांच्या कुजल्याने झाले.
2130,722537,D4,Banking,17.0,ही योजना सत्तावीस राज्ये आणि तीन केंद्रशासित प्रदेशांमध्ये राबविण्यात येत आहे,ही योजना सत्तावीस राज्ये आणि तीन केंद्रशासित प्रदेशांमध्ये राबविण्यात येत आहे
2131,706959,D1,Banking,17.0,आय.बी.पी.एस सर्वो सार्वजनिक क्षेत्रातला बँकांसाठी प्रोबेशनरी ऑफिसर्सचो भरतीसाठी परीक्षा घेता,आय.बी.पी.एस. सार्वजनिक क्षेत्रातील बँकांसाठी प्रोबेशनरी ऑफिसर्सच्या भरतीसाठी परीक्षा घेते.
2132,715651,D2,Agriculture,17.429,तुम्हाला माहिती आहे का हरभऱ्याची डाळ दक्षिण भारताचा एक महत्वाचं पीक आहे ते ?,तुम्हाला माहिती आहे का हरभऱ्याची डाळ दक्षिण भारताचा एक महत्त्वाचे पीक आहे ते?
2133,724392,D4,Banking,17.0,"असुरक्षित कर्जाच्या विविध प्रकारांवर लागू होणारे व्याजदर सावकार , कर्जदार यांच्यावर अवलंबून बदलू शकतात",असुरक्षित कर्जाच्या विविध प्रकारांवर लागू होणारे व्याजदर सावकार आणि कर्जदार यांच्यावर अवलंबून बदलू शकतात.
2134,707902,D1,Agriculture,17.0,माती संवर्धन म्हणजे मातीच्या वरच्या थराचा धूपामुळे होणारा नुकसान रोखणा होय,माती संवर्धन म्हणजे मातीच्या वरच्या थराचा धूपामुळे होणारा नुकसान रोखणा होय
2135,724740,D2,Banking,17.429,वित्तीय संस्थानसनी तयार करेल बँकासना स्टेटमेंटले नंबर देल राहस आणि स्टेटमेंट कालावधी देखाडिदेल राहस,वित्तीय संस्था स्टेटमेंट तयार करतील आणि बँकांना स्टेटमेंटचे क्रमांक देतील तसेच स्टेटमेंटचा कालावधी दाखवतील.
2136,719771,D4,Banking,17.0,गरिबांचे बिगर लाभार्थीकडे हस्तांतरण करण्यासाठी बँक व्यवस्थापकाने आय.एफ.एस.सी.एम.एम आय.डी दाखल केली,गरिबांचे बिगर लाभार्थीकडे हस्तांतरण करण्यासाठी बँक व्यवस्थापकाने आय.एफ.एस.सी.एम.एम आय.डी दाखल केली
2137,708947,D1,Banking,17.0,पोरांनो सांगा मागच्या दिवसांत मौद्रिक सुधारांसाठी कोणते उपाय केल्यानी ?,मागच्या दिवसांत मौद्रिक सुधारणांसाठी कोणते उपाय केले?
2138,716242,D2,Agriculture,17.423,"साबुदाणा मुख्यत्वे कर्बोदकांपासुन बनतो आणि प्रथिने , फायबर आणि जीवनसत्त्वे त्यात कमी असतात","साबुदाणा मुख्यत्वे कर्बोदकांपासून बनतो आणि प्रथिने, फायबर आणि जीवनसत्त्वे त्यात कमी असतात"
2139,724368,D4,Banking,16.947,"पेटीएम ऍप वर पोस्ट पेड आणि प्रीपेड मोबाइल रिचार्ज करण्यापूर्वी , तुम्ही कंपनीच्या ऑफर आणि पॅक पाहणे आवश्यक आहे",पेटीएम ॲपवर पोस्ट पेड आणि प्रीपेड मोबाईल रिचार्ज करण्यापूर्वी तुम्हाला कंपनीच्या ऑफर आणि पॅक पाहणे आवश्यक आहे
2140,710457,D1,Banking,17.0,शेतीत योग्य वेळेक खयसर केवढे पैशे घालायचे ह्या सगळा तुका कृषीअर्थशास्त्रामुळे समजता,शेतीत योग्य वेळेत किती पैसे खर्च करायचे हे सगळं तुला कृषीअर्थशास्त्रामुळे समजते
2141,724719,D2,Banking,17.423,"उद्योजकतेचे प्रकार म्हणजे लहान व्यवसाय , स्केलेबल स्टार्टअप्स , मोठी कंपनी किंवा इंट्राप्रेन्योरशिप","उद्योजकतेचे प्रकार म्हणजे लहान व्यवसाय, स्केलेबल स्टार्टअप्स, मोठी कंपनी किंवा इंट्राप्रेन्योरशिप"
2142,719951,D4,Banking,16.944,ज्या बिस्कीट चा पुडा पाच रुपयाला शंभर ग्राम मिळत होता तोच इंफ्लेसन मुळे आता फक्त अंसी ग्राम भेटते,"ज्या बिस्किटाचा पुडा पाच रुपयाला शंभर ग्रॅम मिळत होता, तोच इन्फ्लेसनमुळे आता फक्त अंसी ग्रॅम मिळते."
2143,708147,D1,Banking,17.0,ह्या काळात व्हिडीओवरसून पण के.वाई.सी म्हणजेच ग्रहांकांची माहिती मिळवण्याचो पर्याय आसा,या काळात व्हिडिओवरून पण के.वाई.सी म्हणजेच ग्रहांकांची माहिती मिळवण्याचा पर्याय होता.
2144,713505,D2,Banking,17.417,फिक्स भांडवल आनी खेयतं भांडवल वापरीस्नी शेअर मार्केटना फायदा उठाडता येवाले जोयजे,फिक्स भांडवल आणि शेतीचे भांडवल वापरून शेअर बाजारातून फायदा मिळवता येईल.
2145,724432,D4,Banking,16.933,"ऑपरेशनल जोखीम मुळे ग्राहकांचे समाधान , प्रतिष्ठा आणि शेअरहोल्डर चे मूल्य , व्यवसायातील अस्थिरता वाढतात","ऑपरेशनल जोखमीमुळे ग्राहकांचे समाधान, प्रतिष्ठा आणि शेअरहोल्डरचे मूल्य तसेच व्यवसायातील अस्थिरता वाढतात."
2146,707077,D1,Banking,17.0,पासबुक ह्या एक कागदी पुस्तक असा ज्या बँक किंवा बिल्डिंग सोसायटी व्यवहार रेकॉर्ड करुक वापरला जाता,पासबुक हे एक कागदी पुस्तक आहे ज्या बँक किंवा बिल्डिंग सोसायटीचे व्यवहार नोंदवले जातात.
2147,717105,D2,Agriculture,17.417,कॉफी बेरी आणि त्यांच्या बिया परिचित भाजलेली कॉफी बनण्यापूर्वी अनेक प्रक्रियांमधून जातात,कॉफी बेरी आणि त्यांच्या बिया भाजलेल्या कॉफी बनण्यापूर्वी अनेक प्रक्रियांमधून जातात
2148,721630,D4,Agriculture,16.929,"गायीचे दूध डोळा , टीबी , कर्करोग यासारख्या भयानक आजारांशी लढण्यास देखील मदत करते","गायीचे दूध डोळा, टीबी, कर्करोग यासारख्या भयानक आजारांशी लढण्यास देखील मदत करते."
2149,706498,D1,Banking,17.0,भाड्यान खरेदी करणा ह्या व्यवस्थेत ग्राहक पयलो हप्तो भरून मालमत्ता मिळवूच्या कराराक सहमती देता,भाड्यान खरेदी करण्याच्या या व्यवस्थेत ग्राहक हप्तो भरून मालमत्ता मिळवण्याच्या कराराला सहमती देतो.
2150,715796,D2,Banking,17.417,"प्रत्येक वित्तीय संस्थान , प्रत्येक प्रकारच्या खात्यासाठी नियम आणि अटी निर्धारित करतात",प्रत्येक वित्तीय संस्थान प्रत्येक प्रकारच्या खात्यासाठी नियम आणि अटी निर्धारित करतात
2151,720347,D4,Agriculture,16.929,हिरवी मिरची खूप तिखट असतेः हिरव्या मिरच्या वाळवल्या जातात आणि लाल मिरच्यांमध्ये वापरल्या जातात,हिरवी मिरची खूप तिखट असते; हिरव्या मिरच्या वाळवल्या जातात आणि लाल मिरच्यांमध्ये वापरल्या जातात.
2152,709844,D1,Banking,17.0,कितीतरी मध्यम वर्गीय कंपनी आपलो व्यापार वाढवूसाठी ऋणपत्रांपासून रक्कम एकत्रित करतत,कितीतरी मध्यम वर्गीय कंपन्या आपले व्यापार वाढवण्यासाठी ऋणपत्रांपासून रक्कम एकत्रित करत आहेत
2153,715406,D2,Banking,17.409,कर स्पर्धेअंतर्गत करामध्ये कमी अधिकृत व्यापाऱ्यांना कर जमा करण्यासाठी प्रोत्साहित करते,कर स्पर्धेअंतर्गत करामध्ये कमी अधिकृत व्यापाऱ्यांना कर जमा करण्यासाठी प्रोत्साहित करते
2154,722453,D4,Banking,16.929,बँकेने प्राप्त केलेला नेट बँकिंग फॉर्म भरून तुम्ही नेट बँकिंगसाठी नोंदणी देखील करू शकता,बँकेने प्राप्त केलेला नेट बँकिंग फॉर्म भरून तुम्ही नेट बँकिंगसाठी नोंदणी देखील करू शकता
2155,710917,D1,Banking,17.0,मायक्रो फायनान्समध्ये मालमत्तेची किंमत कमी असली तरीपण गुंतवणुकदाराक फायदो होता,मायक्रो फायनान्समध्ये मालमत्तेची किंमत कमी असली तरी गुंतवणूकदारांना फायदा झाला
2156,712872,D2,Banking,17.389,पैले भेटेल पैसासनं मूल्य नंतर भेटेल पैसासपक्सा जास्त रहास,पहिले भेटेल पैशाचे मूल्य नंतर जास्त पैसे मिळतील
2157,722500,D4,Agriculture,16.929,रामू यांनी स्पष्ट केले की एफ फॉरेस्ट हायब्रीड बिया पहिल्या पिढीतील संकरित बिया आहेत,रामू यांनी स्पष्ट केले की एफ फॉरेस्ट हायब्रीड बिया पहिल्या पिढीतील संकरित बिया आहेत
2158,710939,D1,Agriculture,17.0,मुद्रा स्वास्थ्य कार्ड योजनेचो उद्देश्य शेतकऱ्यांचा उत्पन्न वाढवणा ह्यो असा,मुद्रा स्वास्थ्य कार्ड योजनेचा उद्देश शेतकऱ्यांचे उत्पन्न वाढवणे हा आहे
2159,712974,D2,Agriculture,17.382,"कृषीचक्रमा वावरनी नांगरनी , बिया टोपान्या , पाणी देवानं , धान्य कापानं या बठ्ठा कामसना समावेश व्हस","कृषीचक्रासाठी नांगरणी, बिया तोपाणे, पाणी देणे, धान्य कापणे या कामांमध्ये भठ्ठ्याच्या कामाचा समावेश होतो."
2160,718686,D4,Agriculture,16.929,तुम्हाला माहिती आहे का की आशिया हा जगातील सर्वात मोठा रेशीम उत्पादक प्रदेश आहे,तुम्हाला माहिती आहे का की आशिया हा जगातील सर्वात मोठा रेशीम उत्पादक प्रदेश आहे
2161,708131,D1,Agriculture,17.0,"सोपान्याक ठाऊक आसा , रेँचिंग क्षेत्र प्रामुख्याने पशुपालनासाठी दिला जाता","सोपान्याक कुठे आहे, रेँचिंग क्षेत्र प्रामुख्याने पशुपालनासाठी दिला जातो."
2162,724709,D2,Banking,17.375,स्टेट बँकेने एक लाखापर्यंतच्या रकमेवर व्याजदर दोन पूर्णांक पंच्याहत्तर वरून घटवून दोन पूर्णांक सात केल आहे,स्टेट बँकेने एक लाखापर्यंतच्या रकमेवर व्याजदर दोन पूर्णांक पंच्याहत्तर वरून दोन पूर्णांक सात केला आहे.
2163,722691,D4,Banking,16.929,इलेक्ट्रॉनिक क्लिअरिंग सेवा ही क्रेडिटपू सुविधा किंवा एक ते अनेक सुविधा म्हणून ओळखली जाते,इलेक्ट्रॉनिक क्लिअरिंग सेवा ही क्रेडिट सुविधा किंवा एक ते अनेक सुविधा म्हणून ओळखली जाते
2164,711223,D1,Agriculture,17.0,नारळाच्या झाडांना नारळ जास्त लागा व्हाये तर काय करूचा ?,नारळाच्या झाडांना नारळ जास्त लागा व्हाये तर काय करावे?
2165,713510,D2,Agriculture,17.367,"शेतीमातीमा , बजारमा , मशीनमा , पानी साठाडा करता गनज नवीन परकारनी टेकनीक वापरायी राह्यन्यात","शेतीमध्ये, बाजारामध्ये, मशीनमध्ये, पाणी साठाड करताना अनेक नवीन गरजांसाठी तंत्रज्ञान वापरावे लागते."
2166,720250,D4,Banking,16.923,तुम्ही तुमच्या क्रेडिट कार्डची कमाल मर्यादा किती वापरता ते तुम्ही ऑनलाइन तपासू शकता,तुम्ही तुमच्या क्रेडिट कार्डची कमाल मर्यादा किती वापरता ते तुम्ही ऑनलाइन तपासू शकता
2167,706535,D1,Banking,17.0,समान आकाराचा पर्यायी गुंतवणुकीक रँक करण्यासाठी भांडवली बजेटात याचो वापर केलो जाता,समान आकाराच्या पर्यायी गुंतवणुकीचा रँक करण्यासाठी भांडवली बजेटमध्ये याचचा वापर केला जातो.
2168,724694,D2,Agriculture,17.278,"रबर तांत्रिक उत्पादनात ऑटोमोबाईल , टायर , रबर मॅट , व्यायाम रबर स्ट्रेचिंग बँड यांच्या परिवर्तनाची संबंधित आहे","रबर तांत्रिक उत्पादनांमधील ऑटोमोबाईल, टायर, रबर मॅट आणि व्यायाम रबर स्ट्रेचिंग बँड यांच्या परिवर्तनाशी संबंधित आहे."
2169,720441,D4,Banking,16.923,सेंट्रल बँक रिझर्व्ह बँक ही राज्य व्यावसायिक बँकिंग प्रणालीवर देखरेख करणारी संस्था आहे,सेंट्रल बँक रिझर्व्ह बँक ही राज्य व्यावसायिक बँकिंग प्रणालीवर देखरेख करणारी संस्था आहे
2170,710964,D1,Banking,17.0,यू.पी.आय वेगवेगळ्या बँक खात्यांपर्यंत पोहचण्यासाठी मोबाईल ॲप्लिकेशनची परवानगी घेता,यू.पी.आय वेगवेगळ्या बँक खात्यांपर्यंत पोहोचण्यासाठी मोबाईल ॲप्लिकेशनची परवानगी घ्यावी लागते.
2171,724778,D2,Agriculture,17.273,"भारतामध्ये तास ए गणेश , गुलाबी , पेर्लेट , भोकरी , साजा , बीज रहित , दिलखुश आणि बंगलोर ब्लू द्राक्ष आहेत","भारतामध्ये तास ए गणेश, गुलाबी, पेर्लेट, भोकरी, साजा, बीज रहित, दिलखुश आणि बंगलोर ब्लू द्राक्ष आहेत."
2172,720782,D4,Agriculture,16.923,"सुपरमार्केट मध्ये , वस्तू शेल्फवर सजवल्या जातात आणि त्यांच्या किंमती वस्तूंवर लिहिल्या जातात",सुपरमार्केटमध्ये वस्तू शेल्फवर सजवल्या जातात आणि त्यांच्या किंमती वस्तूंवर लिहिल्या जातात
2173,709792,D1,Banking,17.0,आंतरराष्ट्रीय मानांकन संस्थेद्वारा बावीस हजार मानंक प्रकाशित केले गेले असत,आंतरराष्ट्रीय मानांकन संस्थेद्वारे बावीस हजार मानके प्रकाशित झाले होते.
2174,715259,D2,Banking,17.0,अँड्रॉइड वर एकापेक्षा जास्त गुगल अकाउंट ला कशा पद्धतीने व्यवस्थापित करता ?,अँड्रॉइडवर एकापेक्षा जास्त गुगल खाती कशा पद्धतीने व्यवस्थापित करता?
2175,724050,D4,Banking,16.917,मले माह्या मोबाईलवर माह्या खात्याची पुरी मायती डाऊनलोड करता येते का ?,मला माझ्या मोबाईलवर माझ्या खात्याची पुरी माहिती डाउनलोड करता येते का?
2176,706409,D1,Banking,17.0,ऑपरेशनल जोखीम म्हणजे वास्तविक नुकसानीमुळे झालेलो मूल्यातला बदलाचो धोको,ऑपरेशनल जोखीम म्हणजे वास्तविक नुकसानीमुळे झालेला मूल्याचा बदलच धोका
2177,715904,D2,Agriculture,17.0,भारतामध्ये कोरडे क्षेत्र देशाच्या भौगोलिक क्षेत्राच्या जवळपास बारा टक्के आहे,भारतामध्ये कोरडे क्षेत्र देशाच्या भौगोलिक क्षेत्राच्या जवळपास बारा टक्के आहे
2178,724274,D4,Agriculture,16.917,नव्या शेतीच्या परकारामंधी संकरित बियान्याचे जे उत्पादन रायते त्याले ज्यादा महत्त्व रायते,"नवीन शेतीसाठी संकरित बियाण्यांचे जे उत्पादन आहे, त्याचे अधिक महत्त्व आहे."
2179,711031,D1,Agriculture,17.0,शास्त्रज्ञ माती आरोग्य पत्रिका बघुन बीयाणा निवडण्याची शिफारस करतत,शास्त्रज्ञ माती आरोग्य पत्रिका पाहून बीयाणा निवडण्याची शिफारस करत आहेत
2180,715643,D2,Agriculture,17.0,"तार एक प्रकारचं प्राण्यांकडून मिळणारा नैसर्गिक फायबर आहे , याला जनावरांच्या डोळ्यांमधून मिळवल जात","तार एक प्रकारचा प्राण्यांकडून मिळणारा नैसर्गिक फायबर आहे, त्याला जनावरांच्या डोळ्यांमधून मिळते."
2181,721008,D4,Agriculture,16.917,"विशेषतः , एखादी व्यक्ती दोषांमध्ये गुंतलेली किंवा लैंगिक संयमाचा अभाव असणारी व्यक्ती",विशेषतः एखादी व्यक्ती दोषांमध्ये गुंतलेली किंवा लैंगिक संयमाचा अभाव असणारी व्यक्ती
2182,710375,D1,Agriculture,17.0,मधुमाश्या अनेक फुलांच्या झाडांच्या परागणात महत्त्वाची भुमिका बजावतत,मधुमाश्या अनेक फुलांच्या झाडांच्या परागणात महत्त्वाची भूमिका बजावत आहेत
2183,716581,D2,Banking,17.0,किमतीतील अस्थिरता हे फ्युचर्स मार्केटच्या मूलभूत वैशिष्ट्यांपैकी एक आहे,किमतीतील अस्थिरता हे फ्युचर्स मार्केटच्या मूलभूत वैशिष्ट्यांपैकी एक आहे
2184,720978,D4,Agriculture,16.917,शहरी वनीकरणाचे उद्दीष्ट शहरी सेटिंग्जमधील वृक्षांच्या लोकसंख्येची काळजी आणि व्यवस्थापन करणे आहे,शहरी वनीकरणाचे उद्दीष्ट शहरी वातावरणातील वृक्षांच्या लोकसंख्येची काळजी आणि व्यवस्थापन करणे आहे
2185,707652,D1,Banking,17.0,त्येच्यामुळे ते डायरेक्ट डेबिटद्वारे केलेल्या पेमेंटबरोबर सर्व पेमेंटसाठी पण जबाबदार आसंत,त्याच्यामुळे ते डायरेक्ट डेबिटद्वारे केलेल्या पेमेंटबरोबर सर्व पेमेंटसाठी पण जबाबदार आहेत.
2186,716394,D2,Agriculture,17.0,भारतीय कृषी संशोधन परिषदेने भारतातील मातीचे आठ प्रकारांमध्ये विभाजण केले आहे,भारतीय कृषी संशोधन परिषदेने भारतातील मातीचे आठ प्रकारांमध्ये विभाजन केले आहे
2187,719948,D4,Banking,16.917,दीनदयाळ उपाध्याय ग्रामीण कौशल्य योजना कौशल्य विकास आणि उद्योजकता द्वारे राबविली जाते,दीनदयाळ उपाध्याय ग्रामीण कौशल्य योजना कौशल्य विकास आणि उद्योजकता द्वारे राबविली जाते
2188,709457,D1,Banking,17.0,ज्यामध्ये कर्जदार कर्जासाठी तारणा साठी काही मालमत्ता गहाण ठेवता,ज्यामध्ये कर्जदार कर्जासाठी तारणाकरिता काही मालमत्ता गहाण ठेवतो
2189,717066,D2,Banking,17.0,देवाणघेवाणीचे माध्यम म्हणून वस्तूंचा वापर केल्याने मूल्य साठवणे कठीण झाले,देवाणघेवाणीचे माध्यम म्हणून वस्तूंचा वापर केल्याने मूल्य साठवणे कठीण झाले
2190,722878,D4,Agriculture,16.917,शाश्वत शेती ही वनस्पती आणि प्राणी यांच्या उत्पादनाची एकात्मिक शेती प्रणाली आहे,शाश्वत शेती ही वनस्पती आणि प्राणी यांच्या उत्पादनाची एकात्मिक शेती प्रणाली आहे
2191,707658,D1,Banking,17.0,"दादानं सांगल्यान , त्यांनी अनेक वर्षा सरकारी बाँड व्यापाराच्या रूपात काम केल्यानी असा",त्यांनी सांगितले की त्यांनी अनेक वर्षा सरकारी बाँड व्यापाराच्या रूपात काम केले.
2192,713403,D2,Agriculture,17.0,गहू आनी कापूसनं उत्पन्न चीनपेक्षा भी भारतमा जास्त व्हवाले लागी गयी,गहू आणि कापूसचे उत्पन्न चीनपेक्षाही भारतात जास्त झाले.
2193,719241,D4,Agriculture,16.917,"राय धान्यापासून तयार केलेले मद्य पीठ , वोडका , पशुखाद्यासाठी वापरले जाते","धान्यापासून तयार केलेले मद्य पीठ, वोडका पशुखाद्यासाठी वापरले जाते."
2194,709766,D1,Banking,17.0,"याक दान वेगवेगळ्या रुपात घेऊ शकतव ज्याच्यात धन , भिक्षा सेवा किंवा कापडाची खेळण्यांचो समावेश असा","या दान वेगवेगळ्या रूपात घेतले जाऊ शकते ज्यामध्ये धन, भिक्षा सेवा किंवा कापडाचा समावेश असतो."
2195,714401,D2,Banking,17.0,भारतमझार मौर्य साम्राज्यना कायमा चाणक्यनी आर्थिक व्यवस्थानं हातेवरी पुस्तक लिखेल व्हतं,भारताच्या मौर्य साम्राज्याबद्दल चाणक्यांनी आर्थिक व्यवस्थेवर पुस्तक लिहिणार आहेत.
2196,718918,D4,Agriculture,16.9,प्राण्यांचे प्रजनन हे नियोजित प्रजननासाठी वापरले जाणारे प्राण्यांचे समूह आहे,प्राण्यांचे प्रजनन हे नियोजित प्रजननासाठी वापरले जाणारे प्राण्यांचे समूह आहे
2197,712120,D1,Banking,17.0,माका माझा खाता दुसऱ्या मानसाच्या खात्याक लिंक करूचा हा ता कसा ?,मला माझा खाता दुसऱ्या माणसाच्या खात्याशी लिंक कसा करायचा?
2198,716053,D2,Banking,17.0,"योजना अठरा ते सत्तर वर्षा पर्यंतच्या लोकांसाठी उपलब्ध आहे , त्यांच्याकडे बँकेचे खाते असायला हवे","योजना अठरा ते सत्तर वर्षांपर्यंतच्या लोकांसाठी उपलब्ध आहे, त्यांच्याकडे बँकेचे खाते असायला हवे."
2199,720672,D4,Banking,16.889,कृषी अर्थशास्त्र वाचणारे अर्थ शास्त्रज्ञ कृषी व्यवस्था विचारात घेतात,कृषी अर्थशास्त्र वाचणारे अर्थशास्त्रज्ञ कृषी व्यवस्था विचारात घेतात
2200,709352,D1,Agriculture,17.0,उष्णकटीबंधीय अमेरिकेचे मूळ निवासी अतिरिक्त लांब स्टेपन कापसाचा उत्पादन करतत,उष्णकटिबंधीय अमेरिकेचे मूळ निवासी अतिरिक्त लांब राज्यांचे कापूस उत्पादन करत आहेत
2201,716600,D2,Banking,17.0,लक्ष्मी विलास बँकेच्या बचावासाठी डी.बी.एस बँकेला पाचारण करण्यात आले आहे,लक्ष्मी विलास बँकेच्या बचावासाठी डी.बी.एस बँकेला पाचारण करण्यात आले आहे
2202,719143,D4,Agriculture,16.889,सोयाबीन तेल हे सोयाबीनच्या बियाण्यांपासून काढलेले वनस्पती तेल आहे,सोयाबीन तेल हे सोयाबीनच्या बियाण्यांपासून काढलेले वनस्पती तेल आहे
2203,711401,D1,Agriculture,17.0,ग्रामस्तरावर शेतकरी गटाचो किंवा उत्पादक कंपन्याचो मार्फत बिजोत्पादन कार्यक्रम राबायचो ?,ग्रामस्तरावर शेतकरी गट किंवा उत्पादक कंपन्या मार्फत बिजोत्पादन कार्यक्रम राबवतात का?
2204,715560,D2,Agriculture,17.0,"छाटणीमध्ये झाडांच्या काही फांद्या , कळ्या किंवा मूळ निवडून बाजूला काढणे समाविष्ट आहे","छाटणीमध्ये झाडांच्या काही फांद्या, कळ्या किंवा मूळ निवडून बाजूला काढणे समाविष्ट आहे"
2205,719461,D4,Agriculture,16.882,"फवारणी यंत्राचा वापर पाणी सोडणे , तणनाशक , पीक प्रदर्शन सामग्री , कीटक देखभाल यासाठी केला जातो","फवारणी यंत्राचा वापर पाणी सोडणे, तणनाशक, पीक प्रदर्शन सामग्री आणि कीटक देखभाल यासाठी केला जातो."
2206,710481,D1,Agriculture,17.0,सिंचन प्रकल्पांवरचा अनुदान कृषी क्षेत्रातल्या सरकारच्या धोरणांमध्ये उत्कृष्टता सांगता,कृषी क्षेत्रातील सरकारच्या धोरणांमध्ये सिंचन प्रकल्पांसाठीच्या अनुदानातील उत्कृष्टतेबद्दल सांगणे
2207,717221,D2,Agriculture,17.0,"भाऊ , तुम्हाला माहीत आहे की व्हिनेगर द्राक्षापासून बनते",भाऊ तुम्हाला माहीत आहे की व्हिनेगर द्राक्षापासून बनते
2208,721678,D4,Banking,16.882,"हे तुकडा वेतनाच्या विरुद्ध आहे , जेथे प्रत्येक काम , तास , इतर युनिट स्वतंत्रपणे दिले जाते","हा तुकडा वेतनाच्या विरुद्ध आहे, जिथे प्रत्येक काम, तास, इतर युनिट स्वतंत्रपणे दिले जाते."
2209,711056,D1,Banking,17.0,सब्सीडाइज्ड लोनसाठी अर्ज करताना तुझा वय अठरा किंवा त्यापेक्षा जास्त हव्या,सबसिडाइज्ड लोनसाठी अर्ज करताना तुमचे वय अठरा किंवा त्यापेक्षा जास्त हवे.
2210,718435,D2,Banking,17.0,माझ्या डेबिट कार्डचा पिन विसरले आहे त्यासाठी मला काय करावे लागेल ?,"माझ्या डेबिट कार्डचा पिन विसरला आहे, त्यासाठी मला काय करावे लागेल?"
2211,720067,D4,Agriculture,16.867,"द्विवार्षिक वनस्पती पहिल्या वर्षी वाढतात आणि दुसऱ्या वर्षी फुले , फळे आणि बिया देऊन मरतात","द्विवार्षिक वनस्पती पहिल्या वर्षी वाढतात आणि दुसऱ्या वर्षी फुले, फळे आणि बिया देऊन मरतात."
2212,710076,D1,Banking,17.0,वित्तीय संस्थांमध्ये प्रवेशासाठी सचिन त्यांच्या मुख्य परीक्षेक बसलो होतो,वित्तीय संस्थांमध्ये प्रवेशासाठी सचिन त्यांच्या मुख्य परीक्षेत बसले होते.
2213,717364,D2,Agriculture,17.0,"अननसाच्या लागवडीविषयी माहिती द्या , ति कोणत्या महिन्यात करायला हवी ?","अननसाच्या लागवडीविषयी माहिती द्या, ती कोणत्या महिन्यात करायला हवी?"
2214,722012,D4,Banking,16.867,"अर्थ मंत्रालय करआकारणी , वित्तीय कायदा , वित्तीय संस्था आणि भांडवली बाजार यांच्याशी संबंधित आहे","अर्थ मंत्रालय करआकारणी, वित्तीय कायदा, वित्तीय संस्था आणि भांडवली बाजार यांच्याशी संबंधित आहे."
2215,709005,D1,Banking,17.0,सगळ्या कर्जाचा प्रबंधन एक व्यक्ति किंवा समूहाच्या माध्यमातना होता,सगळ्या कर्जाचे व्यवस्थापन एक व्यक्ती किंवा समूहाच्या माध्यमातून होते.
2216,717443,D2,Agriculture,17.0,फेसबुकवरुन मार्केटिंग केल्यास माल विकला जाईल का ?,फेसबुकवरून मार्केटिंग केल्यास माल विकला जाईल का?
2217,720197,D4,Agriculture,16.857,"गहू , तांदूळ , ज्वारी , बाजरी इत्यादी पिके कापण्यासाठी विळ्याचा वापर केला जातो","गहू, तांदूळ, ज्वारी, बाजरी इत्यादी पिके कापण्यासाठी विळ्याचा वापर केला जातो."
2218,706948,D1,Banking,17.0,आंतरराष्ट्रीय वित्त ह्या दोन किंवा अधिक देशांमधलो आर्थिक परस्परसंवादाचो अभ्यास असा,आंतरराष्ट्रीय वित्त हे दोन किंवा अधिक देशांमधील आर्थिक परस्परसंवादाचा अभ्यास आहे.
2219,714668,D2,Banking,17.0,खेडामझारल्या बाईसले नवा यवसाय सुरु कराना व्हयी ते त्यासले माहिती कोठे भेटी ?,"खेडामझारल्या बाईसले नवा व्यवसाय सुरू करायचा आहे, त्याची माहिती कोठे मिळेल?"
2220,722061,D4,Banking,16.833,गहाण कर्जे रिअल इस्टेटच्या खरेदी दाराद्वारे रिअल इस्टेट खरेदी करण्यासाठी वापरली जातात,गहाण कर्जे रिअल इस्टेटच्या खरेदी दाराद्वारे रिअल इस्टेट खरेदी करण्यासाठी वापरली जातात
2221,708889,D1,Banking,17.0,सामुहीक विकास बैंकेक अमेरिकेतल्या खजान्यातना खूप कमी दरांवर पैशे मिळतत,सामुहिक विकास बँकेच्या अमेरिकेतील खजान्याला खूप कमी दरांवर पैसे मिळत आहेत
2222,716255,D2,Agriculture,17.0,सुरण उष्णकटिबंधीय प्रदेशांमध्ये शेती केली जाणार बारमाही औषधी वनस्पतीच्या वेली आहे,सुरण उष्णकटिबंधीय प्रदेशांमध्ये बारमाही औषधी वनस्पतीच्या वेलींची शेती केली जाते.
2223,722493,D4,Agriculture,16.818,मेंढ्या निरोगी व निरोगी राहण्यासाठी स्वच्छता व पोषणाची काळजी घेतली पाहिजे,मेंढ्या निरोगी राहण्यासाठी स्वच्छता व पोषणाची काळजी घेतली पाहिजे
2224,709653,D1,Banking,17.0,विज्ञान क्षेत्रातील संशोधनासाठी निधीच्या निधीक संशोधन निधी म्हणतत,विज्ञान क्षेत्रातील संशोधनासाठी निधीचा संशोधन निधी म्हटले जाते.
2225,716359,D2,Agriculture,17.0,मृदा विज्ञान अंतर्गत शेती ही मातीचा नैसर्गिक स्त्रोत म्हणून अभ्यासली जाते,मृदा विज्ञानाअंतर्गत शेती मातीचा नैसर्गिक स्रोत म्हणून अभ्यासली जाते
2226,721638,D4,Banking,16.786,"वित्त तीन भागांमध्ये विभागले गेले आहेः वैयक्तिक वित्त , कॉर्पोरेशन फायनान्स , सार्वजनिक वित्त","वित्त तीन भागांमध्ये विभागले गेले आहे: वैयक्तिक वित्त, कॉर्पोरेशन फायनान्स, सार्वजनिक वित्त"
2227,709429,D1,Agriculture,17.0,ग्रीनहाऊस बहुतेकदा फुला भाज्यो फळा आणि प्रत्यारोपण वाढविण्यासाठी वापरतत,ग्रीनहाऊस बहुतेकदा फुले आणि फळे तसेच प्रत्यारोपण वाढविण्यासाठी वापरले जाते.
2228,714061,D2,Banking,17.0,कोणताबी कंपनीमझार येकपक्सा जास्त शेअरहोल्डर राहू शकतस,कोणत्या कंपनीमध्ये जास्त शेअरहोल्डर राहू शकतात?
2229,724391,D4,Banking,16.773,"संपत्ती कर , रक्कम , बँक ठेव , शेअर्स , रिअल इस्टेट , वैक्तिक गाडी , स्थावर मालमत्ता व ताब्यात घेतलेले ट्रस्ट","संपत्ती कर, रक्कम, बँक ठेव, शेअर्स, रिअल इस्टेट, वैयक्तिक गाडी, स्थावर मालमत्ता व ताब्यात घेतलेले ट्रस्ट"
2230,709586,D1,Banking,17.0,मागच्या गर्मीत गुप्ताजींनी सुट्टीत फिरूक जाउच्या आधी यात्रा विमा केलो हुतो,मागील उन्हाळ्यात गुप्ताजींनी सुट्टीत फिरूच्या आधी यात्रा विमा किती केला?
2231,718526,D2,Banking,17.0,सामाजिक योजनेचा लाभ घेण्यास मी पात्र आहे का हे कसे व कुठे पाहता येईल ?,सामाजिक योजनेचा लाभ घेण्यास मी पात्र आहे का हे कसे व कुठे पाहता येईल?
2232,724444,D4,Agriculture,16.75,"कॉर्न कर्नलचे सहा प्रकार आहेत ज्यात फ्लिंट कॉर्न , पॉड कॉर्न , फ्लोअर कॉर्न आणि पॉप कॉर्न यांचा समावेश आहे","कॉर्न कर्नलचे सहा प्रकार आहेत ज्यात फ्लिंट कॉर्न, पॉड कॉर्न, फ्लोअर कॉर्न आणि पॉप कॉर्न यांचा समावेश आहे"
2233,707279,D1,Banking,17.0,या योजनेमुळे आयकर थकबाकीदारांका त्यांचो अघोषित उत्पन्न प्रचलित कर दरांनुसार उघड करण्याची संधी मिळतली,या योजनेमुळे आयकर थकबाकीदारांना त्यांचे अघोषित उत्पन्न प्रचलित कर दरांनुसार उघड करण्याची संधी मिळाली.
2234,718433,D2,Banking,17.0,"माझे वार्षिक उत्त्पन्न दोन लाखांपेक्षा कमी आहे , मला क्रेडिट कार्ड मिळेल का ?","माझे वार्षिक उत्पन्न दोन लाखांपेक्षा कमी आहे, मला क्रेडिट कार्ड मिळेल का?"
2235,724485,D4,Banking,16.714,"कर्ज घेणे , गुंतवणूक करणे , निधी जमा करणे , जोखमीचे वाटप करणे , माहिती प्रदान करणे व समस्या सामोरे जाणे","कर्ज घेणे, गुंतवणूक करणे, निधी जमा करणे, जोखमीचे वाटप करणे, माहिती प्रदान करणे व समस्या सामोरे जाणे."
2236,708405,D1,Banking,17.0,बँकिंग एजंट बँकेचो विकास करुच्यासाठी एक महत्त्वाची भूमिका निभावता,बँकिंग एजंट बँकेच्या विकासासाठी एक महत्त्वाची भूमिका निभावते
2237,717119,D2,Agriculture,17.0,खतांच्या अतिवापरामुळे माती तसेच पृष्ठभागावरील पाणी आणि भूजलावर परिणाम होऊ शकतो,खतांच्या अतिवापरामुळे माती तसेच पृष्ठभागावरील पाणी आणि भूजलावर परिणाम होऊ शकतो
2238,723024,D4,Agriculture,16.5,सोयाबीनच्या पिकाले लागनारी खोड किड थांबवासाठी उपाय कोनचे ?,सोयाबीनच्या पिकांवरील खोडांवर किड थांबवण्यासाठी उपाय कोणते?
2239,710152,D1,Agriculture,17.0,आमच्या गावात हायड्रोपोनिक्सच्या वापरासाठी तंबु बांधले जात असत,आमच्या गावात हायड्रोपोनिक्सच्या वापरासाठी तंबू बांधले जात होते.
2240,716649,D2,Banking,17.0,डेट टू इक्विटी रेशो हा एक आर्थिक गुणोत्तर आहे जो भागधारकांच्या इक्विटीचे सापेक्ष प्रमाण दर्शवतो,डेट टू इक्विटी रेशो हा एक आर्थिक गुणोत्तर आहे जो भागधारकांच्या इक्विटीचे सापेक्ष प्रमाण दर्शवतो
2241,723991,D4,Banking,16.5,म्या बारावीत शिकत हाय तर मले शिकासाठी किती रुपयान कर्ज भेटन ?,मी बारावीत शिकत आहे तर मला शिक्षणासाठी किती रुपयांचे कर्ज मिळेल?
2242,709107,D1,Agriculture,17.0,माझ्या गावचे सगळे बायो हासडुच्या प्रक्रियेन धान्य साफ करतत,माझ्या गावाचे सर्व बायो हासडुच्या प्रक्रियेने धान्य साफ करत आहेत
2243,715197,D2,Agriculture,17.0,शेतातील कीटकांना मारण्यासाठी कीटकनाशकांचा वापर केला जातो,शेतातील कीटकांना मारण्यासाठी कीटकनाशकांचा वापर केला जातो.
2244,721756,D4,Banking,16.5,"रेडिओ बटण वापरून लाभार्थीचे नाव निवडा , खात्यातून काढून टाकण्यासाठी डिलीट दाबा","रेडिओ बटण वापरून लाभार्थीचे नाव निवडा, खात्यातून काढून टाकण्यासाठी डिलीट दाबा"
2245,710478,D1,Banking,17.0,सार्वजनिक बँकांच्या माध्यमातून आर्थिक समावेशाचा उद्दीष्ट साध्य करण्यात सरकाराक यश इला हा,सार्वजनिक बँकांच्या माध्यमातून आर्थिक समावेशाचे उद्दिष्ट सरकारांनी साध्य केले आहे
2246,717862,D2,Agriculture,17.0,ऊसाचे वजन वाढवण्यासाठी त्याची लागवड कोणत्या दर्जाच्या मातीत करावी ?,ऊसाचे वजन वाढवण्यासाठी त्याची लागवड कोणत्या दर्जाच्या मातीत करावी?
2247,720011,D4,Agriculture,16.5,आमच्या शाळेच्या मैदानाला पाणी देण्यासाठी स्प्रिंकलर चा वापर केला जातो,आमच्या शाळेच्या मैदानाला पाणी देण्यासाठी स्प्रिंकलरचा वापर केला जातो
2248,711155,D1,Agriculture,17.0,वेगवेगल्या किडीपासून किवा रोगापासून रोपाक वाचउच्या खातीर काय करूचा ?,वेगवेगळ्या कीड आणि रोग यांच्यापासून संरक्षण करण्यासाठी काय करावे?
2249,717038,D2,Banking,17.0,बँकिंगचा विशेष विभाग म्हणजे गुंतवणूक बँकिंग जी व्यक्तींना भांडवल उभारण्यास मदत करते,बँकिंगचा विशेष विभाग म्हणजे गुंतवणूक बँकिंग जी व्यक्तींना भांडवल उभारण्यास मदत करते
2250,723904,D4,Banking,16.5,आर.टी.जी.एस करतांनी मले जास्तीचे पैसे भरा लागन का ?,मला आर.टी.जी.एस साठी जास्तीचे पैसे भरावे लागतील का?
2251,710079,D1,Agriculture,17.0,वॉटर फ्रेमचा नाव स्पिनिंग फ्रेमेक चालना देण्यासाठी पाणयाच्या वापरावरसून इला हा,वॉटर फ्रेमचे नाव स्पिनिंग फ्रेम चालवण्यासाठी पाण्याच्या वापरावरून आहे.
2252,715589,D2,Agriculture,17.0,जास्तकरून डेअरी फार्म मध्ये गर्भधारणे करिता कृत्रिम प्रजनन केलं जातं,जास्तकरून डेअरी फार्ममध्ये गर्भधारणेसाठी कृत्रिम प्रजनन केले जाते.
2253,723590,D4,Banking,16.5,मले वावराच्या कामासाठी कृषी कर्ज पायजे असनं त काय कराव लागन ?,मला वावराच्या कामासाठी कृषी कर्ज घ्यायचे असेल तर काय करावे लागेल?
2254,707162,D1,Banking,17.0,कर्जाक प्राधान्य देणा ह्या सुद्धा एक स्मार्ट मार्ग असा की तुम्ही त्या लवकर परत करता,कर्जांना प्राधान्य देणे हा सुद्धा एक स्मार्ट मार्ग आहे की तुम्ही ते लवकर परत करता
2255,716172,D2,Agriculture,17.0,"शेतकरी मित्राने सांगितलं की , धान्याच्या शेती करिता वातावरणामध्ये आर्द्रता असणे गरजेचे आहे",शेतकरी मित्राने सांगितले की धान्याच्या शेतीसाठी वातावरणात आर्द्रता असणे गरजेचे आहे
2256,724196,D4,Banking,16.5,मले बँक खात्याची मायती डाऊनलोड करासाठी बँकेत जा लागन का ?,मला बँक खात्याची माहिती डाऊनलोड करण्यासाठी बँकेत जावे लागेल का?
2257,708409,D1,Agriculture,17.0,बहुतेक संशोधक राळ आधारित मिश्र सामानाच्या उत्पादनात देठाच्या दोराचो उपयोग करतत,बहुतेक संशोधक राळ आधारित मिश्र सामानाच्या उत्पादनात देठाच्या दोराचा उपयोग करत आहेत
2258,715989,D2,Agriculture,17.0,"मातीची झीज , जमिनीची धूप शेती मधील माती शरण पावल्याचा प्रकार आहे","मातीची झीज, जमिनीची धूप आणि शेतीमधील माती शरण पावल्याचा प्रकार आहे."
2259,723602,D4,Banking,16.5,मले कर्जासाठी थे कागदी अर्ज कराचा असन तर कुंते कागद जोडा लागन ?,मला कर्जासाठी ते कागदी अर्ज करायचा असेल तर किती कागद जोडला लागतील?
2260,708003,D1,Banking,17.0,लाभार्थीचो जर नैसर्गिक किंवा आकस्मिक मरण इल्यास तर त्येच्या वारसाक दोन लाख मिळतत,लाभार्थीचे जर नैसर्गिक किंवा आकस्मिक मृत्यू झाल्यास तर त्याच्या वारसांना दोन लाख मिळतात.
2261,714256,D2,Agriculture,17.0,अमेरिलिडासी जात म्हाईन येणारं डैफोडील फुल्वसंत ऋतूमझारलं बारमाही फुल शे,"अमेरिलिडासी जातीचे मला येतील, डॅफोडील फुल्वसंत ऋतूमझारलं बारमाही फुल शे"
2262,723996,D4,Banking,16.5,माया लहान भावाले सिमेंट फॅक्टरीसाठी कितीक रुपयावरी कर्ज भेटनं ?,माया लहान वडिलांसाठी सिमेंट फॅक्टरीसाठी किती रुपयांचे कर्ज मिळते?
2263,710771,D1,Agriculture,17.0,दहलिया ही सुंदर फुला असत जी उन्हाळ्याच्या मध्यापासना शरद ऋतुपर्यंत फुलतत,दहलिया ही सुंदर फुले होती जी उन्हाळ्याच्या मध्यापासून शरद ऋतूपर्यंत फुलत.
2264,714116,D2,Banking,17.0,माइक्रोक्रेडिट ना द्वारे लघु व्यावसायिकसले सूक्ष्म कर्जाद्वारे कर्ज देतस,माइक्रोक्रेडिटद्वारे लघु व्यावसायिकसले सूक्ष्म कर्जाद्वारे कर्ज देते
2265,723735,D4,Banking,16.5,खातं चालू ठेवासाठी माया खात्यात कितीक रुपये असनं जरुरीच हाय ?,चालू ठेवण्यासाठी खात्यात किती रुपये असणे आवश्यक आहे?
2266,707394,D1,Agriculture,17.0,"ऑयस्टर पालन जास्तकरून मोती आणि मांसासाठी केला जाता , असा म्या ऐकलंय","ऑयस्टर पालन जास्त करून मोती आणि मांसासाठी केले जाते, असे मला ऐकले आहे."
2267,714165,D2,Banking,17.0,बराचसा देश त्यासना थेट विदेशमा गुंतवणूक वाढावासाठे स्पर्धात्मक युक्त्या काढतंस,अनेक देश त्याकरिता थेट परदेशात गुंतवणूक वाढवण्यासाठी स्पर्धात्मक युक्त्या काढत आहेत
2268,724031,D4,Banking,16.5,बिमा भराची तारीख भरली असनं त मले जास्तचे पैसे द्या लागन का ?,बिमा भरण्याची तारीख भरली असेल तर मला जास्त पैसे द्यावे लागतील का?
2269,710493,D1,Agriculture,17.0,हवामान ऍप कृषी उत्पादकांका मुख्य तापमानाचो मागोवो घेण्यास मदत करता,हवामानाचा ॲप कृषी उत्पादकांचे मुख्य तापमान घेण्यास मदत करतो
2270,717501,D2,Agriculture,17.0,पिकाच्या व माझ्या स्वत:च्या विम्यासाठी मी कुणाला भेटू ?,पिकाच्या व माझ्या स्वतःच्या विम्यासाठी मी कोणाला भेटू?
2271,720152,D4,Agriculture,16.5,बुरशीनाशक याचा उपयोग शेतीला संसर्गापासून वाचवण्यासाठी केला जातो,बुरशीनाशकाचा उपयोग शेतीला संसर्गापासून वाचवण्यासाठी केला जातो
2272,706691,D1,Banking,17.0,जामीन बाँडची व्याख्या किमान तीन पक्षांमधलो करार म्हणून केली जाता,जामीन बाँडची व्याख्या किमान तीन पक्षांमध्ये करार म्हणून केली जाते
2273,716555,D2,Banking,17.0,नोटाबंदीच्या काळात लोकांकडे असलेल्या नोटा बेकायदेशीर मानल्या जातात,नोटाबंदीच्या काळात लोकांकडे असलेल्या नोटा बेकायदेशीर मानल्या जातात
2274,720225,D4,Agriculture,16.5,रोबोटिक शेतीमध्ये रोबोट मातीचे आरोग्य तपासतात आणि उत्पादनाच्या प्रमाणात अंदाज करतात,रोबोटिक शेतीमध्ये रोबोट मातीचे आरोग्य तपासतात आणि उत्पादनाच्या प्रमाणात अंदाज करतात
2275,710520,D1,Banking,17.0,अर्थशास्त्राचो अभ्यास करून गरिबी नष्ट करुसाठी खुप उपाय केले जाउ शकतत,अर्थशास्त्राचा अभ्यास करून गरिबी नष्ट करण्यासाठी खूप उपाय केले जाऊ शकतात
2276,715128,D2,Banking,17.0,महीण्याभारत केलेल्या खर्चाचा हिशोब लावण्यासाठी मी खात्याच सारांश विवरण बघितले,महीण्याभारत केलेल्या खर्चाचा हिशोब लावण्यासाठी मी खात्याचे सारांश विवरण पाहिले
2277,723192,D4,Agriculture,16.5,संत्र्याच्या पिकावर मायतीसाठी कोनचा फवारा मारा लागन ?,संत्र्याच्या पिकावर मायतीसाठी कोनचा फवारा मारावा लागेल का?
2278,708660,D1,Agriculture,17.0,"भारतातल्या शेतीची अर्थ व्यवस्था ही सामाजिक , सांस्कृतिकदृष्ट्या अनुकूल बनलेली हा",भारतातील शेतीची अर्थ व्यवस्था ही सामाजिक आणि सांस्कृतिकदृष्ट्या अनुकूल बनलेली आहे
2279,718374,D2,Banking,17.0,जर मला एखाद्या महिन्यात हफ्ता भरता आला नाही तर जास्त व्याज भरावे लागेल का ?,जर मला एखाद्या महिन्यात हप्ता भरता आला नाही तर जास्त व्याज भरावे लागेल का?
2280,723664,D4,Banking,16.5,एक लाखाचे आर.टी.जी.एस करासाठी मले कितीक रुपये जास्तीचे लागतीनं ?,एक लाखाचे आर.टी.जी.एस करासाठी मला किती अतिरिक्त रुपये लागतील?
2281,711114,D1,Banking,17.0,ह्या मार्केट एजंटच्या व्यवहाराचा संख्यात्मक अंदाजांमध्ये भाषांतर करण्याबाबत असा,या मार्केट एजंटच्या व्यवहाराच्या संख्यात्मक अंदाजांचे भाषांतर करण्याबाबत असा
2282,714747,D2,Banking,17.0,दारिद्र्य रेषानाखाल ज्यानी परिस्थिती शे त्याले भुविकास बँका कर्ज देतीस का ?,दारिद्र्य रेषेखाली ज्यांची परिस्थिती आहे त्यांना भुविकास बँका कर्ज देतात का?
2283,723037,D4,Agriculture,16.5,मोसंबीवरच्या कोळशी रोगाले दूर करासाठी कोनचं औषध किती वापरा लागन ?,कोळीशी रोगाला दूर करण्यासाठी किती औषध वापरावे लागते?
2284,709888,D1,Banking,17.0,चेक स्टेटस तुम्हाला निर्दिष्ट चेकची पूर्ण स्थिती पाहण्याची परवानगी देते,चेकची स्थिती तुम्हाला निर्दिष्ट चेकची पूर्ण स्थिती पाहण्याची परवानगी देते
2285,718520,D2,Banking,17.0,अपघात विमा योजनेचा लाभ घेण्यासाठी विम्याच्या कोणत्या अटी पूर्ण कराव्या लागतात ?,अपघात विमा योजनेचा लाभ घेण्यासाठी विम्याच्या कोणत्या अटी पूर्ण कराव्या लागतात?
2286,721297,D4,Banking,16.5,गुंतवणूकीचा जोखीम विशेष गुंतवणूकीवर सापेक्ष परतावा मिळण्याची शक्यता मानली जाते,गुंतवणूकीचा जोखीम विशेष गुंतवणूकीवर सापेक्ष परतावा मिळण्याची शक्यता मानली जाते
2287,707505,D1,Banking,17.0,"चव्हाण सर सांगत होते , जाणूनबुजून जी चलनवाढ करतत ना तीका महागाई म्हणतत",चव्हाण सर सांगत होते की जाणूनबुजून चलनवाढ करत ना तीका महागाई म्हणत.
2288,713192,D2,Banking,17.0,वाॅर बाॅन्डले सर्वसामान्य लोके आणि आर्थिक संस्था ईकत लेवू शकतस,वॉर बॉन्ड्स सर्वसामान्य लोक आणि आर्थिक संस्था घेऊ शकतात.
2289,718976,D4,Banking,16.5,बँक ऑफ इंडिया आपल्या ग्राहकांना याद्वारे सुरक्षित आणि सुलभ निधी हस्तांतरण सुविधा प्रदान करते,बँक ऑफ इंडिया आपल्या ग्राहकांना याद्वारे सुरक्षित आणि सुलभ निधी हस्तांतरण सुविधा प्रदान करते
2290,707281,D1,Banking,17.0,"महिला आणि एस.सी , एस.टी समुदायांमधलो उद्योजकतेला पाठिंबा देण्याकरता स्टँड अप इंडिया सुरू करण्यात ईला","महिला आणि एससी, एसटी समुदायांमध्ये उद्योजकतेला पाठिंबा देण्याकरिता स्टँड अप इंडिया सुरू करण्यात आले."
2291,717286,D2,Agriculture,17.0,माझ्या जमिनीमधील बुरशीचे प्रमाण कमी होण्यासाठी काय करावे लागेल ?,माझ्या जमिनीमधील बुरशीचे प्रमाण कमी होण्यासाठी काय करावे लागेल?
2292,718914,D4,Agriculture,16.5,मेंढ्या तयार करण्यासाठी त्यांचे मांस मटण बनवण्यासाठी कापले जाते,मेंढ्या तयार करण्यासाठी त्यांचे मांस मटण बनवण्यासाठी कापले जाते
2293,708720,D1,Agriculture,17.0,"फलोत्पादनात खूप जास्त शक्यता असत , ता करणाऱ्याक भविष्यात भरपूर पैसो मिळवुचा साधन बनू शकता","फलोत्पादनात खूप जास्त शक्यता आहे, जे लोक करत आहेत त्यांना भविष्यात भरपूर पैसे मिळवण्याचे साधन बनू शकतात."
2294,715598,D2,Agriculture,17.0,जेवणासाठी मगरीच मास मिळाव म्हणून मगरीची शेती केली जाते,जेवणासाठी मगरीचा महिना मिळाल्यामुळे मगरीची शेती केली जाते.
2295,719953,D4,Banking,16.5,"आंतरराष्ट्रीय सीमा किंवा प्रदेशांद्वारे भांडवल , वस्तू आणि सेवांची देवाण घेवाण आहे","आंतरराष्ट्रीय सीमा किंवा प्रदेशांद्वारे भांडवल, वस्तू आणि सेवांची देवाणघेवाण आहे."
2296,706529,D1,Banking,17.0,संकरित सिक्युरिटीज डेब्ट आणि इक्विटी सिक्युरिटीजच्या काही वैशिष्ट्या एकत्र करतत,संकरित सिक्युरिटीज डेब्ट आणि इक्विटी सिक्युरिटीजच्या काही वैशिष्ट्ये एकत्र करत आहेत
2297,715599,D2,Banking,17.0,"जेव्हा पण कोणत्याही प्रकारचा पैसा जोखिम मध्ये असेल , तेव्हा आपल्याला त्याच्यावर रिटन किती मिळतो ?","जेव्हा कोणताही पैसा जोखमीत असेल, तेव्हा आपल्याला त्यावर किती परतावा मिळतो?"
2298,719045,D4,Agriculture,16.5,सरकारने मातीचा खारटपणा पासून वाचवण्यासाठी फारशी पावले उचलली आहेत,सरकारने मातीचा खारटपणा पासून वाचवण्यासाठी फारशी पावले उचलली आहेत
2299,709610,D1,Banking,17.0,मोबाईल बॅन्किंग मधना राहूलका काढल्यार तो लाभार्थींच्या स्किमचो फायदो घेऊ शकना नाय,मोबाईल बँकिंगमधून राहूलका काढल्यास तो लाभार्थींच्या स्कीमचे फायदे घेऊ शकत नाही.
2300,715660,D2,Agriculture,17.0,तुम्हाला माहिती आहे का ? रेशमाचे किडे फुलपाखराच्या जातीचे आहेत,तुम्हाला माहिती आहे का? रेशमाचे किडे फुलपाखराच्या जातीचे आहेत.
2301,720781,D4,Agriculture,16.5,निसर्गातील मातीचे बहुतेक अनुभवजन्य ज्ञान मृदा सर्वेक्षणाच्या प्रयत्नांतून मिळते,निसर्गातील मातीचे बहुतेक अनुभवजन्य ज्ञान मृदा सर्वेक्षणाच्या प्रयत्नांतून मिळते
2302,706453,D1,Banking,17.0,दिवाळखोरी ही येक कायदेशीर प्रक्रिया असा ज्याद्वारा लोक किंवा इतर संस्था जी कर्ज फेडू शकत नाही,दिवाळखोरी ही एक कायदेशीर प्रक्रिया आहे ज्याद्वारे लोक किंवा इतर संस्था कर्ज फेडू शकत नाहीत
2303,715971,D2,Agriculture,17.0,माझे वडील पिक वाचवण्यासाठी सेंद्रिय किड नियंत्रण पद्धतीचा वापर करतात,माझे वडील पिक वाचवण्यासाठी सेंद्रिय किड नियंत्रण पद्धतीचा वापर करतात
2304,719958,D4,Banking,16.5,उत्पादनांची वैशिष्ट्ये आणि किंमतींच्या तुलनात्मक अभ्यासातील साधेपणा,उत्पादनांची वैशिष्ट्ये आणि किंमतींच्या तुलनात्मक अभ्यासातील साधेपणा
2305,708083,D1,Agriculture,17.0,"संध्या सांगा होता , अनुवांशिक अभियांत्रिकी ह्यो एक आधुनिक जैवतंत्रज्ञानाचो प्रकार आसा","संध्याकाळी सांगितले होते, हे एक आधुनिक जैवतंत्रज्ञानाचा प्रकार आहे."
2306,713577,D2,Agriculture,17.0,"मासास्नी शेतीमा आंध्र परदेस राज्य एक नंबरवर शे , त्यानंतर गुजरातना नंबर लागस","माशांच्या शेतीमध्ये आंध्र प्रदेश राज्य एक नंबरवर आहे, त्यानंतर गुजरातचा नंबर लागतो."
2307,719650,D4,Agriculture,16.5,"राजू , आमच्या पावसावर अवलंबून असलेल्या भागासाठी सरकारने शेतकऱ्यांना आर्थिक मदत केली आहे","राजू, आमच्या पावसावर अवलंबून असलेल्या भागासाठी सरकारने शेतकऱ्यांना आर्थिक मदत केली आहे."
2308,706587,D1,Banking,17.0,बोनस संस्कृती सहसा बँकांच्या फ्रंट ऑफिस किंवा गुंतवणूक बँकिंग विभागांशी संबंधित असता,बोनस संस्कृती सहसा बँकांच्या फ्रंट ऑफिस किंवा गुंतवणूक बँकिंग विभागांशी संबंधित असते.
2309,713582,D2,Agriculture,17.0,आख्खा जगमा दर वरीसले एकशे तेरेचायीस मिलियन टन आन्न समुद्र मायीन उपेगमा येस,आख्खा जगामध्ये दर एकशे तीस मिलियन टन अन्न समुद्रामध्ये आहे.
2310,722208,D4,Agriculture,16.5,बर्याच प्रगत वैज्ञानिक पद्धतींमुळे भारताच्या चहाच्या संपत्तीमध्ये अभूतपूर्व वाढ झाली आहे,बऱ्याच प्रगत वैज्ञानिक पद्धतींमुळे भारताच्या चहाच्या संपत्तीमध्ये अभूतपूर्व वाढ झाली आहे
2311,711104,D1,Agriculture,17.0,स्पुतनिक फोर आणि डिस्कव्हर सेव्हनटीन या मोहिमेत पहिल्यांदा वनस्पतीक कक्षेत नेला जाता,स्पुतनिक फोर आणि डिस्कव्हर सेव्हनटीन या मोहिमेत पहिल्यांदा वनस्पतीक कक्षेत नेले गेले
2312,715194,D2,Agriculture,17.0,शेतकरी त्यांच्या शेतासाठी माती विश्लेषण सेन्सर देखील वापरत आहेत,शेतकरी त्यांच्या शेतासाठी माती विश्लेषण सेन्सर देखील वापरत आहेत
2313,719506,D4,Banking,16.5,संशोधन निधी म्हणजे स्पर्धात्मक प्रक्रियेद्वारे मिळालेल्या निधीचा संदर्भ,संशोधन निधी म्हणजे स्पर्धात्मक प्रक्रियेद्वारे मिळालेल्या निधीचा संदर्भ
2314,710355,D1,Agriculture,17.0,ब्रॉड बीन्स वेगवेगळ्या प्रकारच्या मातीत वाढतत ते डोंगराळ भागात उगवतत,ब्रॉड बीन्स वेगवेगळ्या प्रकारच्या मातीत वाढत आहेत आणि ते डोंगराळ भागात उगवत आहेत
2315,714733,D2,Agriculture,17.0,ड्रॅगन फ्रुट मानुसन्या शरीरमझारल्या लाल पेशी वाढावानं काम करस,ड्रॅगन फ्रुटामुळे मानवी शरीरातील लाल पेशी वाढावी लागते.
2316,719674,D4,Agriculture,16.5,माझ्या वडिलांनी मला मोठ्या जाळ्याने मासे पकडायला शिकवले,माझ्या वडिलांनी मला मोठ्या जाळ्याने मासे पकडायला शिकवले
2317,706996,D1,Banking,17.0,जागतिक बौद्धिक संपदा संघटना ह्या संयुक्त राष्ट्रांच्यो पंधरा विशेष संस्थांपैकी एक असा,जागतिक बौद्धिक संपदा संघटना संयुक्त राष्ट्रांच्या पंधरा विशेष संस्थांपैकी एक आहे.
2318,713661,D2,Banking,17.0,काही जन पुढे जाईसन प्रश्न ईचारतस की पैसाना अर्थशास्त्रमा समस्या काय शेतीस तेनावर तुमनं मत द्या,"काही जण पुढे येऊन असे प्रश्न विचारत आहेत की पैशाच्या अर्थशास्त्रात समस्या शेतीवर आहेत, त्यावर तुमचे मत द्या."
2319,722346,D4,Banking,16.5,"आंतरबँक कर्ज बाजारात बँकांना निधीच्या कमतरतेचा त्रास होत नाही , असेही ते म्हणाले","आंतरबँक कर्जाबद्दल बाजारात बँकांना निधीच्या कमतरतेचा त्रास होत नाही, असेही ते म्हणाले"
2320,706727,D1,Banking,17.0,शेतकऱ्यांन कमोडिटी मार्केटात डेरिव्हेटिव्ह ट्रेडिंगचो एक सोपो प्रकार वापरलो असा,शेतकऱ्यांकडून कमोडिटी मार्केटमध्ये डेरिव्हेटिव्ह ट्रेडिंगचा एक सोपा प्रकार वापरला असा.
2321,713528,D2,Banking,17.0,रिटायर व्हयेल मास्तरनी आपला नाववर कर्ज लेव्हाना भानगडमा पडो न्हयी,रिटायर झाल्यावर मास्तरनी आपल्या नावावर कर्ज न घेतल्यास भानगड पडणार नाही.
2322,722321,D4,Banking,16.5,एखाद्या व्यक्तीला जीवनात काही जोखीम आणि अपघाती घटनांच्या वजनापासून संरक्षण मिळते,एखाद्या व्यक्तीला जीवनातील काही जोखीम आणि अपघाती घटनांच्या वजनापासून संरक्षण मिळते
2323,708226,D1,Banking,17.0,कर दिवच्यापासून वाचूच्यासाठी विदेशात ऑफशोअर बँकेत पैशे ठेयतत,कर दिवच्यापासून वाचण्यासाठी विदेशात ऑफशोअर बँकेत पैसे ठेवत आहोत.
2324,716997,D2,Agriculture,17.0,"खोबरेल तेलातील अनेक पोषक घटक तुमच्या आरोग्यासाठी , उत्तम आहारासाठी योगदान देऊ शकतात","खोबरेल तेलातील अनेक पोषक घटक तुमच्या आरोग्यासाठी, उत्तम आहारासाठी योगदान देऊ शकतात."
2325,721536,D4,Agriculture,16.5,सफरचंद ही मालस प्रजातीतील सर्वात जास्त प्रमाणात वाढणारी प्रजाती आहे,सफरचंद ही मालस प्रजातीतील सर्वात जास्त प्रमाणात वाढणारी प्रजाती आहे
2326,710392,D1,Agriculture,17.0,मृदा कंडिशनरचो उपयोग मातीच्या पुनर्निर्माणासाठी करतत,मृदा कंडिशनरचा उपयोग मातीचे पुनर्निर्माण करण्यासाठी करत आहे
2327,717138,D2,Banking,17.0,मर्यादित साधनांसह मनुष्याच्या अमर्याद इच्छांच्या पूर्ततेला अर्थशास्त्र म्हणतात,मर्यादित साधनांसह मनुष्याच्या अमर्याद इच्छांच्या पूर्ततेला अर्थशास्त्र म्हणतात
2328,719731,D4,Banking,16.5,माझ्या मुलाच्या प्रवेशासाठी मला माझी एफ.डी तोडावी लागली,माझ्या मुलाच्या प्रवेशासाठी मला माझी एफ.डी तडगाडायला लागली
2329,707417,D1,Banking,17.0,"कर्जाची परतफेड केल्यान की माणूस निर्धास्त होता , असा अण्णा कायम म्हनतत","कर्जाची परतफेड केल्यामुळे माणूस निर्धास्त झाला, असे अण्णा नेहमी म्हणत होते."
2330,714836,D2,Banking,17.0,"आपल्या ग्राहकाला जाणे या पर्यायाचा उपयोग करून , ग्राहक आपली माहिती पे.टी.एममध्ये भरतो",आपल्या ग्राहकाला जाणे या पर्यायाचा उपयोग करून ग्राहक आपली माहिती पी.टी.एममध्ये भरतो
2331,720058,D4,Agriculture,16.5,झेंडूच्या फुलांची अतिशय सुंदर माळ तयार केली जाते आणि ती विकून पैसे कमावले जातात,झेंडूच्या फुलांची अतिशय सुंदर माळ तयार केली जाते आणि ती विकून पैसे कमावले जातात
2332,711083,D1,Banking,17.0,सांस्कृतीक उद्योजक हे ज्ञानशास्त्रीय केंद्रबिंदूचे निर्माते असत,सांस्कृतिक उद्योजक हे ज्ञानशास्त्रीय केंद्रबिंदूचे निर्माते होते.
2333,713467,D2,Agriculture,17.0,"पेपरनं महत्त्व कमी व्हनारं नही शे , दरोजना पेपरनी सर टी.व्ही न्या बातम्यास्ले येवाऊ नहीं","कागदांचे महत्त्व कमी नाही आहे, त्याबद्दल पेपरच्या सर्व टीव्ही बातम्या पाहू नयेत."
2334,722461,D4,Agriculture,16.5,भाजीपाला हा सहसा काही औषधी वनस्पतीं च्या ताज्या खाद्य भागांचा संदर्भ घेतो,भाजीपाला सहसा काही औषधी वनस्पतींचे ताज्या खाद्य भागांचा संदर्भ घेतो
2335,706670,D1,Banking,17.0,भारताचो रेल्वे बजेट ह्यो सरकारी मालकीच्यो भारतीय रेल्वेचो वार्षिक आर्थिक विवरण होता,भारताचे रेल्वे बजेट हे सरकारी मालकीचे भारतीय रेल्वेचे वार्षिक आर्थिक विवरण होते
2336,716543,D2,Banking,17.0,पेमेंट केल्याने मार्केटमधील प्रतिपक्ष डिफॉल्ट होण्याचा धोका कमी होतो,पेमेंट केल्याने मार्केटमधील प्रतिपक्ष डिफॉल्ट होण्याचा धोका कमी होतो
2337,721755,D4,Banking,16.5,"आर्थिक गुन्हे व्यक्ती , कॉर्पोरेशन किंवा संघटित गुन्हेगारी गटांद्वारे केले जाऊ शकतात","आर्थिक गुन्हे व्यक्ती, कॉर्पोरेशन किंवा संघटित गुन्हेगारी गटांद्वारे केले जाऊ शकतात."
2338,707613,D1,Agriculture,17.0,"तुमका ठाऊक आसा काय , गांधीजींका चरख्याविषयी पयल्यांदा सुचला तेव्हा ते इंग्लंडमध्ये होते","तुम्हाला माहिती आहे का, गांधीजींच्या चरख्याविषयी विचार केला तेव्हा ते इंग्लंडमध्ये होते."
2339,716656,D2,Banking,17.0,बडोद्याचे महाराज सयाजीराव गायकवाड यांनी गुजरातमधील बडोदा या संस्थानात बी.ओ.बी ची स्थापना केली,बडोद्याचे महाराज सयाजीराव गायकवाड यांनी गुजरातमधील बडोदा या संस्थानात बी.ओ.बी ची स्थापना केली
2340,720188,D4,Agriculture,16.5,ज्यासाठी डेअरी क्षेत्रातील खेळत्या भांडवलावरील व्याज माफ केले जाईल,ज्यासाठी डेअरी क्षेत्रातील खेळत्या भांडवलावरील व्याज माफ केले जाईल
2341,708107,D1,Banking,17.0,सामाजिक उद्योजकता अनेक क्षेत्रांमधसून जास्तीचा लक्ष वेधून घेत आसा,सामाजिक उद्योजकता अनेक क्षेत्रांमधून जास्त लक्ष वेधून घेत आहे
2342,714430,D2,Agriculture,17.0,मातीपेक्षा पौष्टिक द्रावणमा पिकेस्नी लागवड कशी करतस आणि ती करनं कोणता शेतकरीले परवडी ?,मातीपेक्षा पौष्टिक द्रावणमध्ये पिकांसाठी लागवड कशी केली जाते आणि ती कार्य कोणते शेतकरी मिळवतो?
2343,719272,D4,Banking,16.5,लोकांना त्यांचा व्यवसाय सुरू करण्यासाठी परवडणाऱ्या व्याजदरावर कर्ज उपलब्ध करून देते,लोकांना त्यांचा व्यवसाय सुरू करण्यासाठी परवडणाऱ्या व्याजदरावर कर्ज उपलब्ध करून देते
2344,711109,D1,Agriculture,17.0,हायड्रोपोनिक्स ह्या पोषक द्रावणाच्या मदतीन झाडा चांगली वाढू शकतत,हायड्रोपोनिक्स या पोषक द्रावणाच्या मदतीने झाडे चांगली वाढू शकतात
2345,713042,D2,Agriculture,17.0,जैविक शेती हाई एक विज्ञान शे ज्याना मान फूल फय भाज्या आणि औषधीसना रोपे तयार करतस,"जैविक शेती हे एक विज्ञान आहे ज्याने मान फुले, भाज्या आणि औषधी वनस्पती तयार करतात."
2346,722773,D4,Agriculture,16.5,इथिलीन हे सर्वात जास्त वापरले जाणारे वनस्पती वाढीचे नियामक आहे,इथिलीन हे सर्वात जास्त वापरले जाणारे वनस्पती वाढीचे नियामक आहे
2347,710243,D1,Agriculture,17.0,जलीय कृषि लवणीकरणाच्यामुळे मातीच्या भू रासायनिक गुणांत परिवर्तन बघूक मिळता,जलीय कृषी लवणीकरणाच्या मुळे मातीच्या भूरासायनिक गुणांत परिवर्तन दिसून येते.
2348,717350,D2,Agriculture,17.0,मदर इंडिया तांदळातील जास्त प्रमाणात उत्पादन देणारे प्रकार सांगा,मदर इंडिया तांदळातील जास्त प्रमाणात उत्पादन देणारे प्रकार सांगा
2349,720830,D4,Agriculture,16.5,पायर किंवा पायल नावाच्या झाडाच्या फळाच्या बियांपासून चिरोंजी मिळतात,पायर किंवा पायल नावाच्या झाडाच्या फळाच्या बियांपासून चिरोंजी मिळतात
2350,706410,D1,Banking,17.0,कंपनी तिच्यो कामकाजासाठी वित्तपुरवठा करुक विविध प्रकारची कर्जा वापरू शकता,कंपनी त्याच्या कामकाजासाठी वित्तपुरवठा विविध प्रकारची कर्जे वापरू शकते
2351,715993,D2,Banking,17.0,मालाच उत्पादन कशा प्रकारे झालं पाहिजे हे सगळं पण आर्थिक प्रणाली मध्ये बघितलं जातं,उत्पादन कशा प्रकारे झाले पाहिजे हे सर्व आर्थिक प्रणालीमध्ये पाहिले जाते.
2352,721693,D4,Banking,16.5,"सामाजिक विज्ञान क्षेत्रात वैज्ञानिक संशोधन हा सहसा , निधी कव्हर करणारा शब्द आहे",सामाजिक विज्ञान क्षेत्रात वैज्ञानिक संशोधन हा सहसा निधी कव्हर करणारा शब्द आहे
2353,724960,D1,Agriculture,17.0,कोलेजन ह्या एक संरचनात्मक प्रथिन आसा जा शरीरातल्या अनेक उतींका आधार दिता आणि आवश्यक कामात सहभागी पण आसता,कोलेजन ही एक संरचनात्मक प्रथिन आहे जी शरीरातील अनेक अवयवांना आधार देते आणि आवश्यक कामात सहभागी असते
2354,713758,D2,Agriculture,17.0,भात शेतीना पध्दतीनामुळे मासामारी घटक बनी जायल शे,शेतीची पद्धत असल्यामुळे मासामारीचे घटक बनतील.
2355,721557,D4,Agriculture,16.5,एकात्मिक शेती हा एक गतिशील दृष्टीकोन आहे जो जगभरातील कोणत्याही कृषी प्रणालीवर लागू केला जाऊ शकतो,एकात्मिक शेती हा एक गतिशील दृष्टिकोन आहे जो जगभरातील कोणत्याही कृषी प्रणालीवर लागू केला जाऊ शकतो
2356,708622,D1,Agriculture,17.0,राष्ट्रीय कृषि बाजारच्या निमित्तान शेतकरी आणि व्यापार्यांका एका नेटवर्क मध्ये जोडला आसा,राष्ट्रीय कृषी बाजारपेठेच्या निमित्ताने शेतकरी आणि व्यापाऱ्यांचे एका नेटवर्कमध्ये जोडले गेले.
2357,716179,D2,Banking,17.0,शेती अर्थशास्त्रामध्ये आपण शेतीच्या उत्पादनात वाढ झाली आहे की नुकसान हे पण जाणून घेऊ शकतो,शेती अर्थशास्त्रामध्ये शेतीच्या उत्पादनात वाढ झाली आहे की नुकसान हे पण जाणून घेऊ शकतो
2358,722026,D4,Banking,16.5,गुंतवणुकीची किंमत किती आहे हे निर्धारित करण्यासाठी एन.पी.वी चा वापर केला जातो,गुंतवणुकीची किंमत किती आहे हे निर्धारित करण्यासाठी एन.पी.वी चा वापर केला जातो
2359,724980,D1,Banking,17.0,नोंदणीकृत शेअर इश्यू करणाऱ्याक नेहमी ह्या महिती करुचो लाभ मिळता की प्रत्यक्षात तेंचे शेअरधारक कोण असत,नोंदणीकृत शेअर जारी करणाऱ्यांना नेहमी ही माहिती मिळता की प्रत्यक्षात त्यांचे शेअरधारक कोण असतात
2360,716737,D2,Agriculture,17.0,माझ्या मावशीने तिच्या बागेत कंदयुक्त फुलझाडे लावली आहेत,माझ्या मावशीने तिच्या बागेत कंदयुक्त फुलझाडे लावली आहेत
2361,718839,D4,Agriculture,16.5,डेअरी फार्मिंग मार्केट मध्ये सुक्या दुधाची मोठ्या प्रमाणात विक्री होते,डेअरी फार्मिंग मार्केटमध्ये सुक्या दुधाची मोठ्या प्रमाणात विक्री होते
2362,724924,D1,Banking,17.0,बिग फोर ह्यो टोपणनाव चार सर्वात मोठ्यो व्यावसायिक सेवा नेटवर्कचो एकत्रितपणान संदर्भ देवूक वापरलो जाता,बिग फोर हे चार सर्वात मोठे व्यावसायिक सेवा नेटवर्क एकत्रितपणे संदर्भ देऊन वापरले जाते.
2363,712780,D2,Banking,17.0,नवा मोठा उद्योग सीड मनीकडथून जास्ती परमाणमा चालावू शकतस,नवीन मोठा उद्योग सीड मनीमधून जास्तीत जास्त चालवू शकतो.
2364,722607,D4,Banking,16.5,वैयक्तिक कर्ज घेताना तुम्हाला तुमचे घर किंवा इतर मौल्यवान वस्तू गहाण ठेवाव्या लागतात,वैयक्तिक कर्ज घेताना तुम्हाला तुमचे घर किंवा इतर मौल्यवान वस्तू गहाण ठेवाव्या लागतात
2365,707276,D1,Banking,17.0,प्रधानमंत्री सुरक्षा विमा योजना अठरा ते सत्तर वर्षे वयोगटातील बँक खाता असलेल्या लोकांकरता उपलब्ध असा,प्रधानमंत्री सुरक्षा विमा योजना अठरा ते सत्तर वर्षे वयोगटातील बँक खाते असलेल्या लोकांसाठी उपलब्ध आहे.
2366,714453,D2,Agriculture,17.0,"रासायनिक खते टाकीन जमिननी सुपीकता कमी व्हयी रायनी , शेणखत आणि सोनखतना बगेर इलाज नयी शे","रासायनिक खते टाकल्यामुळे जमिनीची सुपीकता कमी झाली आहे, शेणखत आणि सोनखतना वगळता उपचार नवीन आहेत."
2367,722747,D4,Banking,16.5,अंतिम विषय संशोधन ज्याने विविध सामाजिक विज्ञानांच्या पद्धती स्वीकारल्या आहेत,अंतिम विषय संशोधन ज्याने विविध सामाजिक विज्ञानांच्या पद्धती स्वीकारल्या आहेत
2368,707197,D1,Banking,16.947,"एखादो कार्ड हरवला , चोरीक गेला किंवा खराब झाला की , त्या ताबडतोब ब्लॉक करून पुन्हा जारी केला जावा","एक कार्ड हरवले आहे, चोरी गेले किंवा खराब झाले तर ते तातडीने ब्लॉक करून पुन्हा जारी केले जावे."
2369,715887,D2,Agriculture,17.0,भारताच्या वाढत्या लोकसंख्येमुळे सिंचनाची कार्यक्षमता झपाट्याने महत्वाची होत चालली आहे,भारताच्या वाढत्या लोकसंख्येमुळे सिंचनाची कार्यक्षमता झपाट्याने महत्त्वाची होत चालली आहे
2370,720607,D4,Agriculture,16.5,दुग्ध व्यवसायातील गुरेढोरे व्यवस्थापनासाठी सर्वप्रथम घरांचे व्यवस्थापन करणे आवश्यक आहे,दुग्ध व्यवसायातील गुरेढोरे व्यवस्थापनासाठी सर्वप्रथम घरांचे व्यवस्थापन करणे आवश्यक आहे
2371,706734,D1,Banking,16.938,"क्रिप्टोकरन्सी , ह्या एक डिजिटल चलन असा ज्या एक्सचेंजचो माध्यम म्हणून काम करूक डिझाइन केलेला असा",क्रिप्टोकरन्सी हे एक डिजिटल चलन आहे जे एक्सचेंज माध्यम म्हणून काम करण्यासाठी डिझाइन केले आहे
2372,716028,D2,Agriculture,17.0,मेंढ्या चारनं म्हणजे एक मोठ्या क्षेत्रात फिरणाऱ्या जनावरांच्या घोळक्या ची देखरेख करणे होय,मेंढ्या चारनं म्हणजे एक मोठ्या क्षेत्रात फिरणाऱ्या जनावरांच्या कळपाची देखरेख करणे होय
2373,720673,D4,Banking,16.5,कृषी अर्थशास्त्र हे देखील भूमीशी संबंधित अर्थ शास्त्राचा एक भाग आहे,कृषी अर्थशास्त्र हे देखील भूमीशी संबंधित अर्थ शास्त्राचा एक भाग आहे
2374,706859,D1,Banking,16.933,"गुंतवणुकीसाठी काही वर्तमान मालमत्तेचो त्याग करावा लागता , जसा की वेळ , पैसो किंवा मेहनत","गुंतवणुकीसाठी काही वर्तमान मालमत्ता त्याग करावा लागतो, जसे की वेळ, पैसे किंवा मेहनत."
2375,717199,D2,Banking,17.0,पी.एफ ही अर्थशास्त्राची एक शाखा आहे जी अर्थव्यवस्थेतील सरकारच्या कार्यांवर प्रकाश टाकते,पी.एफ ही अर्थशास्त्राची एक शाखा आहे जी अर्थव्यवस्थेतील सरकारच्या कार्यांवर प्रकाश टाकते
2376,724290,D4,Agriculture,16.5,कर्ज घ्यासाठी प्रयत्न करणाऱ्या कास्तकाराइसाठी विशेष फायदे मिळते का ?,कर्ज घेण्यासाठी प्रयत्न करणाऱ्या कामगारांसाठी विशेष फायदे मिळतात का?
2377,712121,D1,Banking,16.933,माझ्या खात्यात जेवढी रक्कम हा त्यावर माका तो इंटरेस्ट मिळता ना तो किती मिळतलो ?,"माझ्या खात्यात जेवढी रक्कम आहे, त्यावर किती व्याज मिळते?"
2378,717037,D2,Banking,17.0,कुबलाई खान ह्याला पहिला फियाट पैसा निर्माता मानले जाते,कुबलाई खानला पहिला फियाट पैसा निर्माता मानले जाते
2379,719331,D4,Banking,16.5,गुंतवणूक बँकिंग हे प्रामुख्याने सरकार आणि इतर संस्थांना भांडवल करण्यासाठी आहे,गुंतवणूक बँकिंग हे प्रामुख्याने सरकार आणि इतर संस्थांना भांडवल करण्यासाठी आहे
2380,708175,D1,Banking,16.933,आपल्या क्लस्टर आय.डी चो उपेग हय करून आपल्या खात्यात नेट बँकिंग सुरू करूच्यासाठी नोंदणी करा,आपल्या क्लस्टर आय.डी वापरून आपल्या खात्यात नेट बँकिंग सुरू करण्यासाठी नोंदणी करा
2381,712975,D2,Banking,17.0,रामकुमारनी त्याना नातू जागिंदरले सोनाना सिक्कासना बारामा सांगं,रामकुमारनी त्या नातूचे सोने-सिक्के बारा सांग
2382,724327,D4,Banking,16.5,"मले माया पुढच्या शिक्षणासाठी शैक्षणिक कर्ज पायजे , मी लायक हाय का ?","मला पुढच्या शिक्षणासाठी शैक्षणिक कर्ज मिळेल का, मी लायक आहे का?"
2383,712374,D1,Banking,16.933,माका दुसऱ्या शहरात नवीन खाता तयार करूचा असा त्याच्यासाठी काय काय करू चा लागात ?,"मला दुसऱ्या शहरात नवीन खाते तयार करायचे आहे, त्यासाठी काय काय करावे लागेल?"
2384,716589,D2,Banking,17.0,"व्यष्टि अर्थशास्त्राचे निर्णय वेगळे असतात , पण या निर्णयांचा बाजारावर मोठा प्रभाव पडतो",व्यष्टि अर्थशास्त्राचे निर्णय वेगळे असतात पण या निर्णयांचा बाजारावर मोठा प्रभाव पडतो
2385,720885,D4,Agriculture,16.5,शेतकरी दरवर्षी पंतप्रधान किसन मानधन योजना पासून छत्तीस हजार रुपयांचा फायदा घेतात,शेतकरी दरवर्षी पंतप्रधान किसान मानधन योजनेपासून छत्तीस हजार रुपयांचा फायदा घेतात.
2386,710306,D1,Agriculture,16.933,"पशू फायबर नैसर्गिक फायबर असा आणि जनावरांचे केस , तेंच्यापासून बनलेला कपडा इत्यादीत वापर होता","पशू फायबर नैसर्गिक फायबर आहे आणि जनावरांचे केस, तेंच्यापासून बनलेला कपडा इत्यादीत वापर होता"
2387,716237,D2,Agriculture,17.0,साठवणूकीने शेतकऱ्यांना त्यांचं शेत फायद्यामध्ये चालवण्यासाठी खूप मदत केली आहे,साठवणूकीने शेतकऱ्यांचे शेत फायद्यामध्ये चालवण्यासाठी खूप मदत केली आहे
2388,720992,D4,Agriculture,16.5,"काकडी फुलांपासून वाढते आणि त्यात बिया असतात , ते वनस्पति दृष्ट्या एक फळ आहे","काकडी फुलांपासून वाढते आणि त्यात बिया असतात, ते वनस्पती दृष्ट्या एक फळ आहे."
2389,707388,D1,Agriculture,16.929,एरंडेल तेल ह्या येक बहुउद्देशीय वनस्पती तेल आसा जा हजारो वर्षांपासून लोक वापरत आसत,एरंडेल तेल हे एक बहुउद्देशीय वनस्पती तेल असे हजारो वर्षांपासून लोक वापरत होते.
2390,716106,D2,Banking,17.0,लेखा संशोधनाने संघटना आणि समाजामधील लेखांकनाच्या भूमिकांचा अभ्यास केला आहे,लेखा संशोधनाने संघटना आणि समाजामधील लेखांकनाच्या भूमिकांचा अभ्यास केला आहे
2391,719780,D4,Banking,16.5,नॅशनल इलेक्ट्रॉनिक फंड ट्रान्सफर ची निधी पाठविण्याची मर्यादा रिअल टाइम सकल सेटलमेंट पेक्षा कमी आहे,नॅशनल इलेक्ट्रॉनिक फंड ट्रान्सफरची निधी पाठवण्याची मर्यादा रिअल टाइम सेटलमेंटपेक्षा कमी आहे
2392,707254,D1,Banking,16.929,यू.पी.आय ऍप यू.पी.आय शी लिंक केलेल्या सोताचो खात्यात त्वरित निधी हस्तांतरित करण्याची परवानगी देता,यू.पी.आय ऍप यू.पी.आयशी लिंक केलेल्या स्वतःच्या खात्यात त्वरित निधी हस्तांतरित करण्याची परवानगी देतो.
2393,716607,D2,Banking,17.0,बचत खाते उघडण्यापूर्वी तुम्ही त्यापेक्षा जास्त व्यवहार करू शकत नाही,बचत खाते उघडण्यापूर्वी तुम्ही त्यापेक्षा जास्त व्यवहार करू शकत नाही
2394,720988,D4,Agriculture,16.5,पुरामुळे झालेल्या नुकसानीचा शेतीच्या कामांवर अनेक प्रकारे परिणाम होऊ शकतो,पुरामुळे झालेल्या नुकसानीचा शेतीच्या कामांवर अनेक प्रकारे परिणाम होऊ शकतो.
2395,707900,D1,Agriculture,16.929,माझ्याकडे रेशीमपासून बनविलेला येक अतिशय सुंदर ब्लँकेट हा ता खूप मऊ आणि सुंदर आसा,"माझ्याकडे रेशीमपासून बनवलेला एक ब्लँकेट आहे, तो खूप मऊ आणि सुंदर आहे."
2396,716787,D2,Agriculture,17.0,साठवलेले धान्य कीटकांपासून वाचवण्यासाठी विनिंगचा वापर केला जातो,साठवलेले धान्य कीटकांपासून वाचवण्यासाठी विनिंगचा वापर केला जातो
2397,719523,D4,Banking,16.5,कोणत्याही वेळी जारी केलेल्या चेकच्या स्थितीची चौकशी करण्यास अनुमती देते,कोणत्याही वेळी जारी केलेल्या चेकच्या स्थितीची चौकशी करण्यास अनुमती देते
2398,711105,D1,Banking,16.929,"हप्तो ह्यो साप्ताहिक , मासिक , वार्षिक किंवा नियमित ठरावीक वेळेवर भरलो जाउ शकता","हप्तो साप्ताहिक, मासिक, वार्षिक किंवा नियमित ठरावीक वेळेवर भरता येऊ शकते."
2399,716134,D2,Agriculture,17.0,विनोवर पंखे किंवा कटोरीच स्वरूप आहे ज्याचा उपयोग धान्य वेगळे करण्यासाठी केला जातो,विनोवर पंखे किंवा कटोरीचे स्वरूप आहे ज्याचा उपयोग धान्य वेगळे करण्यासाठी केला जातो
2400,720118,D4,Agriculture,16.5,पशुपालनातील अधिक उत्पादनासाठी आणी कोणत्याही रोगांसाठी पशुवैद्यकीय उपचार आवश्यक आहेत,पशुपालनातील अधिक उत्पादनासाठी आणि कोणत्याही रोगांसाठी पशुवैद्यकीय उपचार आवश्यक आहेत
2401,707478,D1,Banking,16.929,खयच्याव बँकेत न जाता आपल्याक आपल्या फोनवरचं आपल्या खात्यावर उरलेल्या पैशाची माहिती मिळू शकता,खरेदीच्या बँकेत न जाता आपल्या फोनवर आपल्या खात्यावर उरलेल्या पैशांची माहिती मिळू शकते.
2402,716074,D2,Agriculture,17.0,राष्ट्रीय खाद्य सुरक्षा मिशन अंतर्गत लाभार्थी शेतकरी यासाठी बँकेतून कर्ज मिळवू शकता,राष्ट्रीय खाद्य सुरक्षा मिशन अंतर्गत लाभार्थी शेतकरी यासाठी बँकेतून कर्ज मिळवू शकतात
2403,721898,D4,Banking,16.5,शेवटच्या दहा व्यवहारांच्या मिनी स्टेटमेंट मुळे ग्राहकांना बरीच सुविधा मिळाली आहे,शेवटच्या दहा व्यवहारांच्या मिनी स्टेटमेंटमुळे ग्राहकांना बरीच सुविधा मिळाली आहे
2404,706468,D1,Banking,16.923,पीअर टू पीअर निधी उभारणी धर्मादाय किंवा ना नफा संस्थेच्या समर्थकांक प्रोत्साहन देता,पीअर टू पीअर निधी उभारणी धर्मादाय किंवा नफा संस्थेच्या समर्थकांना प्रोत्साहन देतो
2405,716018,D2,Agriculture,17.0,मुद्दू किंवा मद्दा सिंचन प्रणाली एक अतिप्राचीन विचित्र प्रकाराची कालवा चॅनलींग पद्धती आहे,मुद्दू किंवा मद्दा सिंचन प्रणाली एक अतिप्राचीन विचित्र प्रकारची कालवा चॅनलींग पद्धती आहे
2406,720600,D4,Agriculture,16.5,माझ्या वडिलांनी कापूस लागवडीमध्ये कीटकनाशकांच्या वापरामुळे उत्पादन वाढवले आहे,माझ्या वडिलांनी कापूस लागवडीमध्ये कीटकनाशकांच्या वापरामुळे उत्पादन वाढवले आहे
2407,710293,D1,Agriculture,16.923,द्राक्षा ह्या आईच्या दुधासमान अत्यंत पौष्टिक फळ असा ह्या वेलीवर मोठ्या गुच्छांमध्ये वाढता,द्राक्षा ह्या आईच्या दुधासारखे अत्यंत पौष्टिक फळ ह्या वेलीवर मोठ्या गुच्छांमध्ये वाढते.
2408,716736,D2,Agriculture,17.0,समुद्र शेवाळापासुन चेन्नईला लागून असलेल्या समुद्रात बरीच स्वच्छता झाल्याचे वाचले,समुद्रापासून चेन्नईला लागून असलेल्या समुद्रात बरीच स्वच्छता झाल्याचे वाचले
2409,720323,D4,Agriculture,16.5,शेतीमधील संबंधित आणि जैव अर्थ व्यवस्था मूल्य साखळींच्या अभ्यासाचा संदर्भ देते,शेतीमधील संबंधित आणि जैव अर्थ व्यवस्था मूल्य साखळींच्या अभ्यासाचा संदर्भ देते
2410,710678,D1,Agriculture,16.923,"चरण्याच्या गवतातला सेल्युलोजचा मांस , दूध , लोकर अश्या प्राणीजन्य पदार्थांमध्ये रुपांतर होता",चरण्याच्या गवतातला सेल्युलोजचा मांस दूध लोकर अशा प्राणीजन्य पदार्थांमध्ये रूपांतर होता
2411,724802,D2,Banking,17.0,व्याजदराची जोखीम संवेदनशीलता दोन घटकांवर अवलंबून असते ते म्हणजे बॉण्डची मुदतपूर्तीची वेळ व बॉण्डचा कूपन दर,व्याजदराची जोखीम संवेदनशीलता दोन घटकांवर अवलंबून असते ते म्हणजे बॉण्डची मुदतपूर्तीची वेळ व बॉण्डचा कूपन दर
2412,720835,D4,Agriculture,16.5,शेतीबरोबरच इतर कामांचा अवलंब केल्यास वेतनाची मागणी निर्माण होते,शेतीबरोबरच इतर कामांचा अवलंब केल्यास वेतनाची मागणी निर्माण होते
2413,710757,D1,Banking,16.923,तुमका माहित हा संशोधन निधी वाणिज्य आणि बिगर वाणिज्य क्षेत्रांमध्ये विभागलो जाउ शकता,तुम्हाला माहीत आहे हा संशोधन निधी वाणिज्य आणि बिगर वाणिज्य क्षेत्रांमध्ये विभागला जाऊ शकतो.
2414,715169,D2,Banking,17.0,लियाकत अली खान हे भारताचे पहिले अर्थमंत्री असल्यामुळे त्यांनी पहिला अर्थसंकल्प सादर केला होता,लियाकत अली खान हे भारताचे पहिले अर्थमंत्री असल्यामुळे त्यांनी पहिला अर्थसंकल्प सादर केला होता
2415,721808,D4,Agriculture,16.5,रखरखीत वातावरणात आणि वाळवंटात गवताचे आच्छादन स्थापित करण्यासाठी लँड इंप्रिंटर हे एक साधन आहे,रखरखीत वातावरणात आणि वाळवंटात गवताचे आच्छादन स्थापित करण्यासाठी लँड इंप्रिंटर हे एक साधन आहे
2416,707774,D1,Agriculture,16.923,"फर्निचर , कागद , पुस्तके एवढ्यासाठी लाकडाचो वापर करतत ह्या आपल्याक माहीतच आसा","फर्निचर, कागद, पुस्तके एवढ्यासाठी लाकड वापरत आहे हे आपल्याला माहीतच आहे."
2417,714464,D2,Agriculture,17.0,लाकडीमालना उत्पादनना करता कच्चा माल बेलारुसना उत्तर भागमाथून लयतंस,लाकडी वस्तूंचे उत्पादन करण्यासाठी कच्चा माल बेलारुसना उत्तर भागातून घ्यावा लागेल.
2418,719299,D4,Banking,16.5,मोठ्या व्यापाऱ्यांना पाहण्यासाठी दैनिक पेमेंट मर्यादा अनिवार्य आहे,मोठ्या व्यापाऱ्यांना पाहण्यासाठी दैनिक पेमेंट मर्यादा अनिवार्य आहे
2419,707879,D1,Banking,16.923,"माका विचारुचा आसा की , आंतरराष्ट्रीय वित्त मध्ये कोणकोणत्या धोक्याची संभावना आसा ?",मला विचारण्याचा असा की आंतरराष्ट्रीय वित्तमध्ये कोणकोणत्या धोक्याची शक्यता आहे?
2420,712629,D2,Agriculture,16.941,लाकूड ना मझारना भाग मान काही वलय रहातस त्या वलय वरतीन च झाड न वय समजी जास,लाकडाचे मझारना भाग मान काही वलय राहतात त्या वलयांवरतीचे झाड किती आहेत हे समजले आहे.
2421,720848,D4,Agriculture,16.5,पशुसंवर्धन ही कृषी विज्ञानाची शाखा असून तिची सुरुवात कृषिमंत्री जे.पी दलालाने केले,पशुसंवर्धन ही कृषी विज्ञानाची शाखा असून तिची सुरुवात कृषिमंत्री जे.पी. दलालाने केली
2422,706484,D1,Banking,16.923,बँकिंगमध्ये डायरेक्ट डिपॉझिट म्हणजे पैसो देणारो व्यक्तीच्या बँक खात्यात थेट पैसो जमा करता,बँकिंगमध्ये डायरेक्ट डिपॉझिट म्हणजे पैसे देणाऱ्या व्यक्तीच्या बँक खात्यात थेट पैसे जमा करणे
2423,717817,D2,Agriculture,16.938,ज्वारी आणि बाजरी या शेतातील उभ्या पिकांची तोडणी ऊस तोडणी यंत्राच्या सहाय्याने करु शकतो का ?,ज्वारी आणि बाजरी या शेतातील उभ्या पिकांची तोडणी ऊस तोडणी यंत्राच्या सहाय्याने करता येते का?
2424,721255,D4,Banking,16.5,दिवसा व्यापारी सहसा मार्जिन कर्जासारख्या लीव्हरेजचा वापर करतात,दिवसा व्यापारी सहसा मार्जिन कर्जासारख्या लीव्हरेजचा वापर करतात
2425,710625,D1,Banking,16.917,काही वेळेक बँकवाली काही माणसा तुझ्या रिकाम्या चेकचो चुकीचो वापर करू शकतत,काही वेळा बँक संबंधित काही माणसे तुझ्या रिकाम्या चुकीच्या चेकचा वापर करू शकतात.
2426,717906,D2,Agriculture,16.938,"मला शेतीसाठी ट्रॅक्टर घ्यायचा आहे , मी कोणत्या योजने अंतर्गत व कोणत्या कार्यालयाशी संपर्क साधू ?","मला शेतीसाठी ट्रॅक्टर घ्यायचा आहे, मी कोणत्या योजनेअंतर्गत व कोणत्या कार्यालयाशी संपर्क साधू?"
2427,719942,D4,Banking,16.5,डाक बचतीचे व्याज दरमहा तुमच्या खात्यात जमा होत नाही हे तुम्हाला माहीत आहे का ?,डाक बचतीचे व्याज दरमहा तुमच्या खात्यात जमा होत नाही हे तुम्हाला माहीत आहे का?
2428,707271,D1,Banking,16.917,राष्ट्रीय निवृत्ती वेतन प्रणाली ह्या भारतातलो स्वैच्छिक परिभाषित योगदान पेन्शन प्रणाली असा,राष्ट्रीय निवृत्ती वेतन प्रणाली ही भारतातील स्वैच्छिक परिभाषित योगदान पेन्शन प्रणाली आहे.
2429,715736,D2,Agriculture,16.933,"पाऊस एका ठराविक वेळ क्षेत्रांमध्ये , कव्हरेज च्या एका काल्पनिक खोलीच्या रूपात व्यक्त केला जातो",पाऊस एका ठराविक वेळ क्षेत्रांमध्ये कव्हरेजच्या एका काल्पनिक खोलीच्या रूपात व्यक्त केला जातो
2430,721578,D4,Agriculture,16.5,अहमद ने चिकन कोप किंवा कोंबड्यांचे घर ही कोंबडी आणी इतर पक्षी सुरक्षित पाल्ण्याकरिता विकत घेतले,अहमदेनने चिकन कोप किंवा कोंबड्यांचे घर ही कोंबडी आणि इतर पक्षी सुरक्षित पाळण्यासाठी विकत घेतले.
2431,709573,D1,Agriculture,16.917,मगरीच्या चामड्याच्यो वस्तू लय महागड्यो विकल्यो जातत त्यामुळे मगरीच्या चामड्याची तस्करी होता,"मगरीच्या चामड्याची वस्तू खूप महाग विकल्या जात होत्या, त्यामुळे मगरीच्या चामड्याची तस्करी होत होती."
2432,713462,D2,Agriculture,16.933,"तुम्हले हायी माहित शे का , भारत देश कापूसनी शेतीमा आख्खा जगमा दोन नंबरवर शे","तुम्हाला माहिती आहे का, भारत देशात कापूस शेतीमध्ये जगामध्ये दोन नंबरवर आहे?"
2433,722228,D4,Agriculture,16.5,"काका म्हणाले की , आजही गावात काढणीपश्चात साठवणुकीची समस्या सर्वात जास्त आहे",काका म्हणाले की आजही गावात काढणीपश्चात साठवणुकीची समस्या सर्वात जास्त आहे
2434,706988,D1,Banking,16.909,परदेशी थेट गुंतवणूक ह्या व्यवसायात नियंत्रित मालकीच्यो स्वरूपात केलेला गुंतवणूक असा,परदेशी थेट गुंतवणूक ह्या व्यवसायात नियंत्रित मालकीच्या स्वरूपात केली जाते.
2435,716085,D2,Agriculture,16.929,"रोटेटर मशीन ने रस्त्यांवर , बागांमध्ये , बगीच्यामध्ये पाण्याचा शिडकावा तसेच सिंचन केले जाते","रोटेटर मशीनने रस्त्यांवर, बागांमध्ये, बगीच्यामध्ये पाण्याचा शिडकावा तसेच सिंचन केले जाते"
2436,722845,D4,Agriculture,16.5,न्यूट्रिएंट सोल्युशन हायड्रोपोनिक्स पोषक द्रावणाद्वारे थेट वितरित केले जातात,न्यूट्रिएंट सोल्युशन हायड्रोपोनिक्स पोषक द्रावणाद्वारे थेट वितरित केले जातात
2437,709119,D1,Agriculture,16.909,पेरूच्या बियांचा तेल पेरूच्या फळापासून बनता आणि जेवणात त्येचा वापर करतत,पेरूच्या बियाण्यांपासून तेल पेरूच्या फळापासून बनते आणि जेवणात त्याचा वापर केला जातो.
2438,715799,D2,Agriculture,16.929,प्रधानमंत्री आवास योजना वर्ष दोन हजार पंधरा मध्ये प्रधानमंत्री न द्वारे सुरू करण्यात आली,प्रधानमंत्री आवास योजना वर्ष दोन हजार पंधरा मध्ये प्रधानमंत्रीने सुरू केली.
2439,719720,D4,Banking,16.5,राजू बेटा प्रधान मंत्री ज्योती विमा योजना खरेदी करण्यासाठी कोणते पेपर आवश्यक असतील ?,राजू बेटा पंतप्रधान ज्योति विमा योजना खरेदी करण्यासाठी कोणते कागदपत्रे आवश्यक असतील?
2440,710758,D1,Banking,16.909,तुमच्या मासिक क्रेडिट कार्डवर तुमची क्रेडिट कार्ड बिलींग सायकल तपासता येता,तुमच्या मासिक क्रेडिट कार्डवर तुमची क्रेडिट कार्ड बिलींग सायकल तपासता येते का?
2441,714522,D2,Agriculture,16.929,"सॅलड म्हनीसन कच्च्या फय भाज्यास्मा बीट , काकडी , गाजर आणि टमाटाले मागणी शे","सॅलड म्हणून कच्च्या भाज्यांमध्ये बीट, काकडी, गाजर आणि टोमॅटोची मागणी आहे."
2442,722298,D4,Banking,16.5,बँकेच्या व्यवस्थापकाने मला व्याज दराच्या कालावधीच्या संरचनेबद्दल माहिती दिली,बँकेच्या व्यवस्थापकाने मला व्याज दराच्या कालावधीच्या संरचनेबद्दल माहिती दिली
2443,712519,D1,Agriculture,16.9,संकरित बियाणा हवामानातलो तीव्र बदलांका प्रतिरोधक आणि रोग प्रतिरोधक आसात,संकरित बियाणे हवामानात तीव्र बदलांना आणि रोगांना प्रतिरोधक आहेत
2444,714382,D2,Banking,16.929,बँक ऑफ इंडिया ना टोल फ्री ना नंबर वरतीन सुदीक यानी माहिती लेवू शकतस,बँक ऑफ इंडियाचे टोल फ्री नंबरवरून माहिती मिळू शकत नाही
2445,718775,D4,Agriculture,16.5,ग्रीन हाउसच्या छतावरील सूर्य किरणांमध्ये उपस्थित हानिकारक प्रकाश शोषून घेतो,ग्रीन हाउसच्या छतावरील सूर्य किरणांमध्ये उपस्थित हानिकारक प्रकाश शोषून घेतो
2446,712557,D1,Banking,16.889,माका माझ्या शहराबाहेर रव्हनाऱ्या माझ्या भावाक पैसे पाठवुचे आसा,मला माझ्या शहराबाहेर रव्हनाऱ्या माझ्या भावांना पैसे पाठवायचे आहेत.
2447,716272,D2,Agriculture,16.923,"सौर ऊर्जा सूर्यापासून मिळणारी ऊर्जा आहे , जी विद्युत ऊर्जेमध्ये परिवर्तित होऊन जाते","सौर ऊर्जा सूर्यापासून मिळणारी ऊर्जा आहे, जी विद्युत ऊर्जेमध्ये परिवर्तित होते."
2448,722015,D4,Banking,16.5,जेव्हा पैसे घरात किंवा त्याच्या मुक्कामात नेले जातात तेव्हा मनी ऑर्डर येते,जेव्हा पैसे घरात किंवा त्याच्या मुक्कामात नेले जातात तेव्हा मनी ऑर्डर येते
2449,707986,D1,Banking,16.882,"रिअल इस्टेटमध्ये खनिजे , पाणी , जमीन अश्या नैसर्गिक संसाधनांचो समावेश होता , असा रामू सांगा होतो","रिअल इस्टेटमध्ये खनिजे, पाणी, जमीन अशा नैसर्गिक संसाधनांचा समावेश होतो, असा रामू सांगतो."
2450,714237,D2,Agriculture,16.923,दोन हजार एकोणाविसमा ब्राझील देश जगमझारला पंधरा टक्का काॅफी निर्यात करणारा देश शे,दोन हजार एकोणाविसमा ब्राझील देश पंधरा टक्का कॉफी निर्यात करणारा देश आहे
2451,718697,D4,Agriculture,16.5,शेंगदाण्यांमध्ये प्रोटीनचे प्रमाण मांसापेक्षा दीड पट जास्त आहे,शेंगदाण्यांमध्ये प्रोटीनचे प्रमाण मांसापेक्षा दीड पट जास्त आहे
2452,706543,D1,Banking,16.875,सार्वत्रिक बँक ही व्यावसायिक बँक आणि गुंतवणूक बँक तसाच विमा सारखा इतर वित्तीय सेवा प्रदान करतत,सार्वत्रिक बँक ही व्यावसायिक बँक आणि गुंतवणूक बँक तसाच विमा सारखी इतर वित्तीय सेवा प्रदान करते
2453,713187,D2,Banking,16.923,आरर्थिक तज्ञ असं म्हनतस की सांस्कृतिक येवसाय करनारास पेक्शा व्यवस्थात्मक येवसाय चांगला शे,आर्थिक तज्ञ असे म्हणतात की सांस्कृतिक व्यवसाय व्यवस्थात्मक व्यवसायापेक्षा चांगला आहे.
2454,722270,D4,Banking,16.5,पोस्टल सेव्हिंग्ज बँकेची पेन्शन योजना ही वृद्धापकाळातील लोकांचे मुख्य आर्थिक पाठबळ आहे,पोस्टल सेव्हिंग्ज बँकेची पेन्शन योजना ही वृद्धापकाळातील लोकांचे मुख्य आर्थिक पाठबळ आहे
2455,710560,D1,Agriculture,16.867,"आहारात मधाचो समावेश केक , बिस्किटा , ब्रेड , स्प्रिट्स आणि दुधाच्या पदार्थांमध्ये केलो जाता","आहारात केक, बिस्किटे, ब्रेड, स्पिरिट्स आणि दुधाच्या पदार्थांमध्ये काय जाते"
2456,715302,D2,Banking,16.917,"आम्ही कुठल्याही कार्यक्रमाची सुरुवात करतो तेव्हा , लोकांना किंवा संस्थेला अनुदान करतो",आम्ही कोणत्याही कार्यक्रमाची सुरुवात करतो तेव्हा लोकांना किंवा संस्थेला अनुदान देतो.
2457,722533,D4,Agriculture,16.5,"सेंद्रिय खते व्यावसायिक रित्या उपलब्ध , अनेकदा पॅकेज केलेल्या उत्पादनांचे देखील वर्णन करू शकतात","सेंद्रिय खते व्यावसायिक मार्गाने उपलब्ध आहेत, अनेकदा पॅकेज केलेल्या उत्पादनांचे देखील वर्णन करू शकतात."
2458,724840,D1,Banking,16.867,बॉण्डाक किती व्याजदराचो जोखीम असता त्या त्याची किंमत व्याजदराक किती संवेदनशील असता यावर अवलंबून असा,"बॉन्डचे किती व्याजदराचे जोखीम आहे, त्याची किंमत व्याजदराच्या किती संवेदनशीलतेवर अवलंबून असते."
2459,715329,D2,Banking,16.917,"इंटरनेट बँक देवाणघेवाणीसाठी तुम्हाला काही बँकांमध्ये , काही फी पण द्यावी लागते",इंटरनेट बँक देवाणघेवाणीसाठी तुम्हाला काही बँकांमध्ये काही फी पण द्यावी लागते
2460,718716,D4,Banking,16.5,पी.एम.जे.जे.बी योजनेतील पॉलिसी प्लॅन घेण्यासाठी किमान वय अठरा वर्षे असावे,पी.एम.जे.जे.बी योजनेतील पॉलिसी प्लॅन घेण्यासाठी किमान वय अठरा वर्षे असावे
2461,709954,D1,Banking,16.857,"पी.एफ प्रक्रियेत मूल्यांकन , लक्ष्य निर्धारण , योजना निर्माण , निष्पादन काळ्जीचो समावेश हा","पी.एफ प्रक्रियेत मूल्यांकन, लक्ष्य निर्धारण, योजना निर्माण आणि निष्पादन यांचा समावेश आहे."
2462,716910,D2,Banking,16.917,बँक स्टेटमेंट हा वित्तीय संस्थेसह वैयक्तिक बँक खात्याच्या व्यवहारांचा अधिकृत सारांश आहे,बँक स्टेटमेंट हा वित्तीय संस्थेसह वैयक्तिक बँक खात्याच्या व्यवहारांचा अधिकृत सारांश आहे
2463,718958,D4,Banking,16.5,सोने किंवा चांदी सारख्या मौल्यवान वस्तूचे प्रतिनिधित्व करणारे कमोडिटी मनी,सोने किंवा चांदी सारख्या मौल्यवान वस्तूचे प्रतिनिधित्व करणारे कमोडिटी मनी
2464,710697,D1,Agriculture,16.857,जलस्त्रोत ह्या पाण्याचा असा स्त्रोत असा जा माणूस आणि झाडांका दोघांका पण उपयोगी असा,जलस्त्रोत ह्या पाण्याचा असा स्त्रोत माणूस आणि झाडांका दोघांसाठी पण उपयोगी आहे.
2465,715586,D2,Banking,16.909,जास्त गुंतवणूक एकाच फंड मध्ये किंवा बॉण्ड मध्ये करणे जोखिमीचे असते,जास्त गुंतवणूक एकाच फंडात किंवा बॉण्डमध्ये करणे जोखमीचे असते
2466,722853,D4,Agriculture,16.5,समशीतोष्ण प्रदेशात बियाण्यांपासून वार्षिक वाण म्हणून उगवलेल्या गांजाची लागवड,समशीतोष्ण प्रदेशात बियाण्यांपासून वार्षिक वाण म्हणून उगवलेल्या गांजाची लागवड
2467,706614,D1,Banking,16.846,कार फायनान्स विविध आर्थिक उत्पादनांचो संदर्भ देतत ज्या एखाद्याक कार घेण्यास परवानगी देतत,कार फायनान्स विविध आर्थिक उत्पादनांचा संदर्भ देत आहे ज्याला एखाद्याला कार घेण्याची परवानगी मिळते.
2468,714251,D2,Agriculture,16.889,वनस्पती पोषन हाऊ वनस्पती वाढना आणि पुनरुत्पादना आभ्यास शे,वनस्पती पोषन हाऊ वनस्पती वाढना आणि पुनरुत्पादना आभ्यास शे
2469,721841,D4,Agriculture,16.5,आजकाल अनेक विद्यार्थ्यांना पशुवैद्यकशास्त्राचा अभ्यास करायचा असतो,आजकाल अनेक विद्यार्थ्यांना पशुवैद्यकशास्त्राचा अभ्यास करायचा असतो.
2470,709528,D1,Agriculture,16.846,फेंगशुई बांबू ह्यो चायनीज फाउंटन बांबू ब्लॅक बांबू ह्या बांबूच्या एक प्रजाताचो असा,"फेंगशुई बांबू, चायनीज फाउंटन बांबू आणि ब्लॅक बांबू ह्या बांबूच्या एक प्रजातीचे आहेत."
2471,724738,D2,Banking,16.889,"आणूपातिक , प्रगतिशील , प्रतिगामी , एकमुश्त कर जमा कराणी एक महत्वानं वैशिष्ठ शेत म्हंजी बोझनी टक्केवारी शे","अनुपातिक, प्रगतिशील, प्रतिगामी, एकमुश्त कर जमा करा, एक महत्त्वाची विशिष्ट शेत जमिनीवरील बोजा किती टक्के आहे?"
2472,719672,D4,Agriculture,16.5,भाऊ वालुकामय जमीन आणि साडेसहा ते साडेसात पी.एच.ची माती लौकीच्या लागवडीसाठी योग्य आहे,भाऊ मालकीची जमीन आणि साडेसहा ते साडेसात पी.एच.ची माती लौकीच्या लागवडीसाठी योग्य आहे
2473,724861,D1,Agriculture,16.842,"तुका तर ठाऊकच हा , जैवइंधन वनस्पतींपासना , कृषी , घरगुती , औद्योगिक जैव कचऱ्यापासना तयार केला जाऊ शकता","जैवइंधन वनस्पतींपासना, कृषी, घरगुती आणि औद्योगिक जैव कचऱ्यापासना तयार केले जाऊ शकतात."
2474,713177,D2,Banking,16.882,बँक मा खात उघडी गये की उघडामा टाईम लागाव शे हाई बँक मा जाइसन तपास करता येस,"बँक खाते उघडायचे आहे की उघडायला वेळ लागावा, आणि बँक मध्ये कसे तपासता येईल?"
2475,720801,D4,Agriculture,16.5,जेव्हा पाण्याच्या पातळीत विरघळलेले क्षार जमिनीच्या पृष्ठभागावर येतात तेव्हा लवणीकरण होते,जेव्हा पाण्याच्या पातळीत विरघळलेले क्षार जमिनीच्या पृष्ठभागावर येतात तेव्हा लवणीकरण होते
2476,706752,D1,Banking,16.833,"संस्थात्मक गुंतवणूकदारांत व्यावसायिक बँका , केंद्रीय बँका , पतसंस्था यांचो समावेश होता","संस्थात्मक गुंतवणूकदारांमध्ये व्यावसायिक बँका, केंद्रीय बँका आणि पतसंस्था यांचा समावेश होता."
2477,716121,D2,Agriculture,16.875,"वातावरण आणि हवामान यांना अक्षांश , उंची , वाऱ्याचा दाब , पवन प्रणाली हे प्रभावित करतात","वातावरण आणि हवामान यांना अक्षांश, उंची, वाऱ्याचा दाब, पवन प्रणाली हे प्रभावित करतात."
2478,721927,D4,Agriculture,16.5,"बीटरूटमध्ये अँटिऑक्सिडेंट गुणधर्म असतात , याचा उपयोग कर्करोग बरा करण्यासाठी केला जातो","बीटरूटमध्ये अँटिऑक्सिडेंट गुणधर्म असतात, याचा उपयोग कर्करोग बरा करण्यासाठी केला जातो."
2479,710718,D1,Agriculture,16.833,"डाळिंबात लाभदायक प्रोटीन , कार्बोहायड्रेट , फायबर , विटामिन आणि खनिजा असतत","डाळिंबात लाभदायक प्रोटीन, कार्बोहायड्रेट, फायबर, विटामिन आणि खनिजे असतात."
2480,714828,D2,Banking,16.875,आंतरराष्ट्रीय वित्त संशोधनाद्वारे आंतरराष्ट्रीय वित्ताचा अभ्यास केला जातो,आंतरराष्ट्रीय वित्त संशोधनाद्वारे आंतरराष्ट्रीय वित्ताचा अभ्यास केला जातो
2481,720285,D4,Banking,16.5,मनी मार्केट हा वित्तीय बाजाराचा एक भाग आहे जो अल्प मुदतीच्या साधनांमध्ये कार्य करतो,मनी मार्केट हा वित्तीय बाजाराचा एक भाग आहे जो अल्प मुदतीच्या साधनांमध्ये कार्य करतो
2482,707705,D1,Banking,16.833,न्यूयॉर्क शेअर बाजार सारख्या शेअर बाजारामधसून शेअर खरेदी आणि विक्री केली जाता,न्यूयॉर्क शेअर बाजार सारख्या शेअर बाजारातून शेअर खरेदी आणि विक्री केली जाते
2483,716712,D2,Banking,16.846,क्रेडिट कार्ड पेमेंट देय तारीख तुमच्या क्रेडिट कार्ड स्टेटमेंट तारखेनंतर एकवीस दिवसांनी आहे,क्रेडिट कार्ड पेमेंट देय तारीख तुमच्या क्रेडिट कार्ड स्टेटमेंट तारखेनंतर एकवीस दिवसांनी आहे
2484,719934,D4,Banking,16.5,तुम्हाला माहीत आहे का की विद्यार्थी कर्जाचे व्याजदर खूप महत्त्वाचे आहेत ?,तुम्हाला माहीत आहे का की विद्यार्थी कर्जाचे व्याजदर खूप महत्त्वाचे आहेत?
2485,706584,D1,Banking,16.818,किरकोळ बँकिंग देखील गुंतवणूक बँकिंग किंवा व्यावसायिक बँकिंग पासून वेगळो असा,वर्तमान बँकिंग देखील गुंतवणूक बँकिंग किंवा व्यावसायिक बँकिंग पासून वेगळे आहे का?
2486,716181,D2,Agriculture,16.846,"शेती आणि शेतकरी मंत्रालयामध्ये शेती सिंचन योजना , शेतकरी सन्मान निधी हे येते",शेती आणि शेतकरी मंत्रालयामध्ये शेती सिंचन योजना आणि शेतकरी सन्मान निधी अस्तित्वात आहेत.
2487,721188,D4,Banking,16.5,नैतिक बँका पारंपारिक बँकांसारख्याच प्राधिकरणांद्वारे नियंत्रित केल्या जातात,नैतिक बँका पारंपारिक बँकांसारख्याच प्राधिकरणांद्वारे नियंत्रित केल्या जातात
2488,708019,D1,Banking,16.818,वित्त मंत्री वित्तीय कायदो ह्यो वित्तीय संस्थांच्या वित्तीय बाजाराशी संबंधित आसा,वित्त मंत्री वित्तीय संस्थांच्या वित्तीय बाजाराशी संबंधित आहेत.
2489,714701,D2,Banking,16.846,"जमीन विकास बँकना हेतू जमीन , शेतीना विकास कशा व्हई यानीकरता हावू शे","जमीन विकास बँकेचा हेतू जमीन, शेतीचा विकास कशा प्रकारे करता येईल?"
2490,720216,D4,Agriculture,16.5,"परमाकल्चरमध्ये , मातीचा वापर अशा प्रकारे केला जातो की त्याची परिसंस्था राखली जाते",परमाकल्चरमध्ये मातीचा वापर अशा प्रकारे केला जातो की त्याची परिसंस्था राखली जाते
2491,709831,D1,Agriculture,16.8,"कातला मासे , रोहू , मृगल मासे मुख्यकरून भारतात आढळतत","कातला मासे, रोहू, मृगल मासे मुख्य करून भारतात आढळतात."
2492,716886,D2,Agriculture,16.846,डबाबंद शिकारमध्ये जिवंत प्राणी आणि पाळीव प्राणी म्हणून ठेवलेले प्राणी यांचा समावेश होतो,डबाबंद शिकारमध्ये जिवंत प्राणी आणि पाळीव प्राणी म्हणून ठेवलेले प्राणी यांचा समावेश होतो
2493,720623,D4,Agriculture,16.5,झारखंडचे शेतकरी मत्स्यपालनासोबतच मोती मासेमारी करतात,झारखंडचे शेतकरी मत्स्यपालनासोबतच मोती मासेमारी करतात
2494,708110,D1,Banking,16.733,"सांस्कृतिक , वांशिक , स्त्रीवादी , संस्थात्मक , बायोस्फियर , सहस्राब्दी असे उद्योजकतेचे प्रकार आसत","सांस्कृतिक, वांशिक, स्त्रीवादी, संस्थात्मक, बायोस्फियर, सहस्राब्दी असे उद्योजकतेचे प्रकार आहेत."
2495,713866,D2,Banking,16.833,धाकला व्यवसाय हाऊ सरकारी मदत लेवू शकतस आणि धोरणेसना फायदा लेवू शकतस,धाकला व्यवसायाला सरकारी मदत कशी मिळू शकते आणि धोरणांचा फायदा कसा मिळू शकतो
2496,720167,D4,Agriculture,16.5,रस्ते खोदण्यासाठी आणि कचरा भरण्याच्या कामात मी बॅकबोनचा उपयोग पाहिले आहेत,रस्ते खोदण्यासाठी आणि कचरा भरण्याच्या कामात मी बॅकबोनचा उपयोग पाहिले आहे.
2497,724886,D1,Agriculture,16.722,"वन आणि संवर्धन शास्त्रज्ञ , तंत्रज्ञ , वन आणि संवर्धन कर्मचारी , लांबरजॅक हे वनीकरण व्यवसायात गुंतलेले असत","वन आणि संवर्धन शास्त्रज्ञ, तंत्रज्ञ, वन आणि संवर्धन कर्मचारी, लांबरजॅक हे वनीकरण व्यवसायात गुंतलेले होते."
2498,713739,D2,Banking,16.818,डेबिट नैते क्रेडिट कार्डनी देवानी तारीख आल्लग आल्लग कार्डसनासाठे आल्लग रहास,डेबिट आणि क्रेडिट कार्डची तारीख काय आहे आणि तुमच्याकडे ते आहेत का?
2499,722374,D4,Banking,16.5,कुशल कारागिरांसाठी छोटे उद्योग उभारण्यासाठी सरकारने असुरक्षित कर्जही दिले आहे,कुशल कारागिरांसाठी छोटे उद्योग उभारण्यासाठी सरकारने असुरक्षित कर्जही दिले आहे
2500,707890,D1,Agriculture,16.5,माझ्या घरात माझी आई सुपानं धान्य हासडून पेंढो वेगळो करता,माझ्या घरात माझी आई सुपानं धान्य हासडून पेंढो वेगळे करते
2501,724714,D2,Agriculture,16.778,"द्राक्षाचे उत्पादक इटली , फ्रान्स , स्पेन , संयुक्त राज्य अमेरिका , तुर्की , चीन आणि अर्जेंटिना आहे","द्राक्षाचे उत्पादक इटली, फ्रान्स, स्पेन, संयुक्त राज्य अमेरिका, तुर्की, चीन आणि अर्जेंटिना आहेत."
2502,722385,D4,Agriculture,16.5,"चांगल्या पिकासाठी शेतकरी रात्रंदिवस एक करतो , मग त्याला त्याच्या मेहनतीचे फळ मिळते","चांगल्या पिकांसाठी शेतकरी रात्रंदिवस एक करतो, मग त्याला त्याच्या मेहनतीचे फळ मिळते."
2503,706646,D1,Banking,16.5,अनेक अधिकार क्षेत्रा कॉर्पोरेशनसह व्यक्ती आणि व्यावसायिक घटकांच्यो उत्पन्नावर कर लावतत,अनेक अधिकार क्षेत्रा आणि कॉर्पोरेशनसोबत व्यक्ती आणि व्यावसायिक घटकांचे उत्पन्नावर कर लावले जात आहे
2504,724734,D2,Agriculture,16.762,"गहू , दायीसायी , मक्की , बाजरी , जुवार , दादर , सोयाबीन आनी भाजीपाला ह्या समद्या गोष्टी सधन शेतीमा येतीस","गहू, दायीसायी, मक्की, बाजरी, जुवार, दादर, सोयाबीन आणि भाजीपाला ह्या सर्व गोष्टी शेतीमध्ये येतात."
2505,722705,D4,Banking,16.5,व्याज हे मालमत्तेच्या वापरासाठी कर्जदाराला आकारले जाणारे शुल्क आहे,व्याज हे मालमत्तेच्या वापरासाठी कर्जदाराला आकारले जाणारे शुल्क आहे
2506,708407,D1,Banking,16.5,बँकेच्या कर्मचाऱ्यांनी ग्राहकांची पासबुका बनवच्या कामाक विरोध केल्यानी,बँकेच्या कर्मचाऱ्यांनी ग्राहकांची पासबुका बनवण्याचे कामाला विरोध केला.
2507,712635,D2,Agriculture,16.692,धाकला प्राणीसना संगोपनले सूक्ष्म पशुधन म्हणतंस आणि मोठ्ठा प्राणीसना संगोपनले मॅक्रो पशुधन म्हणतंस,धाकला प्राणीसना संगोपनले सूक्ष्म पशुधन म्हणतंस आणि मोठ्ठा प्राणीसना संगोपनले मॅक्रो पशुधन म्हणतंस
2508,721327,D4,Banking,16.5,वायर ट्रान्सफर सिस्टीम ऑपरेटरच्या इलेक्ट्रॉनिक खात्यांच्या विरूद्ध एकूण एंट्री पोस्ट करतात,वायर ट्रान्सफर सिस्टीम ऑपरेटरच्या इलेक्ट्रॉनिक खात्यांच्या विरुद्ध एकूण नोंदी पोस्ट केल्या जातात
2509,710462,D1,Agriculture,16.5,सतत कृषि हेतूसाठी राष्ट्रीय मिशन जलवायू परिवर्तनाच्या प्रभावाक कमी करुचो प्रयत्न करता,सतत कृषी हेतूसाठी राष्ट्रीय मिशन जलवायू परिवर्तनाच्या प्रभावाक कमी करण्याचा प्रयत्न करता
2510,714969,D2,Agriculture,16.5,डैफोडिल्स च्या रोपांना नेहमी दहा किंवा त्यापेक्षा अधिक या प्रमाणात एकसाथ लावले जाते,डॅफोडिल्सच्या रोपांना नेहमी दहा किंवा त्यापेक्षा अधिक या प्रमाणात एकसाथ लावले जाते
2511,721878,D4,Banking,16.5,सापेक्ष परतावा सकारात्मक पोर्टफोलिओ बेंचमार्कपेक्षा चांगली कामगिरी करतात असे म्हटले जाते,सापेक्ष परतावा सकारात्मक पोर्टफोलिओ बेंचमार्कपेक्षा चांगली कामगिरी करतात असे म्हटले जाते
2512,710732,D1,Banking,16.5,डेव्हिस पयल्यांदा कॉर्पोरेट फायनान्सचो उपाध्यक्ष आणि डेल मध्ये मुख्य अकाउंटींग ऑफिसर होते,डेव्हिस पयल्यांदा कॉर्पोरेट फायनान्सचे उपाध्यक्ष आणि डेलमध्ये मुख्य अकाऊटिंग ऑफिसर होते
2513,718298,D2,Banking,16.5,सामाजिक योजनेचे लाभार्थी बनण्यासाठी नागरिकत्व गरजेचे आहे का ?,सामाजिक योजनेचे लाभार्थी बनण्यासाठी नागरिकत्व गरजेचे आहे का?
2514,718945,D4,Banking,16.5,इंटरनॅशनल ऑर्गनायझेशन फॉर स्टँडर्डायझेशन मध्ये कोणाला काही समस्या असल्यास तो तक्रार करू शकतो,इंटरनॅशनल ऑर्गनायझेशन फॉर स्टँडर्डायझेशनमध्ये कोणाला काही समस्या असल्यास तो तक्रार करू शकतो
2515,707507,D1,Banking,16.5,"चार्टर्ड अकाउंटंट अनुपालन समस्या आणि लेखा सेवा हेच्यामध्ये मदत करू शकतंत , असा जोशी काका सांगत होते","चार्टर्ड अकाउंटंट अनुपालन समस्या आणि लेखा सेवा यांच्यामध्ये मदत करू शकत होते, असे जोशी काका सांगत होते."
2516,714749,D2,Banking,16.5,दीनदयाल उपाध्याय ग्रामीण कौशल योजनाना फायदा आदिवासी विद्यार्थीस्ले व्हयी का ?,दीनदयाल उपाध्याय ग्रामीण कौशल योजना आदिवासी विद्यार्थ्यांना फायदा होईल का?
2517,724349,D4,Banking,16.5,"चालू खाते आजच्या काळाची गरज पूर्ण करते , आपण एका दिवसात आपल्याला पाहिजे तितक्या वेळा पैसे काढू शकतो","चालू खाते आजच्या काळाची गरज पूर्ण करते, आपण एका दिवसात आपल्याला पाहिजे तितक्या वेळा पैसे काढू शकतो."
2518,710451,D1,Banking,16.5,शेतकऱ्यांच्या कर्जावरील व्याजही व्यावसायिक कर्जापेक्षा जास्त असा,शेतकऱ्यांच्या कर्जावरील व्याजही व्यावसायिक कर्जापेक्षा जास्त आहे.
2519,715428,D2,Banking,16.5,कायद्याची अंमलबजावणी करणाऱ्या अधिकाऱ्यांसाठी काउंटी दायित्व विमा रद्द केला गेला आहे,कायद्याची अंमलबजावणी करणाऱ्या अधिकाऱ्यांसाठी काउंटी दायित्व विमा रद्द केला गेला आहे
2520,718699,D4,Agriculture,16.5,तुम्हाला माहित आहे का की जांभळ्या रताळ्यामध्ये अँटिऑक्सिडेंट असतात ?,तुम्हाला माहित आहे का की जांभळ्या रताळ्यामध्ये अँटिऑक्सिडेंट असतात?
2521,707441,D1,Agriculture,16.5,"कीटक ह्यो येक असो जीव आसा जो वनस्पती , मानव संरचना आणि इतर प्राण्यांचा नुकसान करू शकता","कीटक हे एक असे जीव आहेत जे वनस्पती, मानव संरचना आणि इतर प्राण्यांचे नुकसान करू शकतात"
2522,716979,D2,Agriculture,16.5,पिकांच्या भावात झालेल्या वाढीमुळे अशा शेतकऱ्यांना विशेष आनंद झाला आहे,पिकांच्या भावात झालेल्या वाढीमुळे अशा शेतकऱ्यांना विशेष आनंद झाला आहे
2523,724459,D4,Banking,16.5,"एन.ई.एफ.टी कडून पैसे पाठवित असताना , आपल्याला माझ्या बँकेचा आई.एफ.एस.सी कोड देखील प्रविष्ट करावा लागेल",एन.ई.एफ.टी कडून पैसे पाठवताना आपल्याला माझ्या बँकेचा आई.एफ.एस.सी कोड देखील प्रविष्ट करावा लागेल
2524,711966,D1,Banking,16.5,माका माझ्या बँकेच्या अकाऊंटची माहिती मोबाईलार बगुक मेळतली काय ?,मला माझ्या बँकेच्या अकाऊंटची माहिती मोबाईलवर बघून मिळाली काय?
2525,716071,D2,Agriculture,16.5,"राफ्ट नाव ही दोन किंवा दोनपेक्षा अधिक लोकांसोबत मिळून , काही जाड लाकडांना कापून बनवली जाते",राफ्टचे नाव दोन किंवा दोनपेक्षा अधिक लोकांसोबत मिळून काही जाड लाकडांना कापून बनवले जाते
2526,720180,D4,Agriculture,16.5,दुधाचे प्रमाण वाढविण्यासाठी गुरांच्या संप्रेरकांचा वापर केला जातो,दुधाचे प्रमाण वाढविण्यासाठी गुरांच्या संप्रेरकांचा वापर केला जातो
2527,712116,D1,Banking,16.5,मी माझ्या खात्याच्या ऱ्हवलेल्या रकमेवर माका किती कर्ज मिळात ता सांगा ?,मी माझ्या खात्याच्या राहिलेल्या रकमेवर किती कर्ज मिळू शकते ते सांगा.
2528,715594,D2,Banking,16.5,जुन्या काळात मेसोपोटामिया मध्ये सात हजार वर्षांपूर्वीचे लेखा रेकॉर्ड मिळाले आहे,जुन्या काळात मेसोपोटामियामध्ये सात हजार वर्षांपूर्वीचे लेखा रेकॉर्ड मिळाले आहेत
2529,720332,D4,Agriculture,16.5,माती ही पृथ्वीची नाजूक त्वचा आहे जी पृथ्वीवरील सर्व जीवसृष्टीला नांगरून टाकते,माती ही पृथ्वीची नाजूक त्वचा आहे जी पृथ्वीवरील सर्व जीवसृष्टीला नांगरून टाकते
2530,706427,D1,Banking,16.5,क्रेडिट समुपदेशन ह्या शिक्षणाद्वारा कर्जा सेटलमेंटसह वैयक्तिक कर्जदारांका मदत करुक वापरला जाता,क्रेडिट समुपदेशन या शिक्षणाद्वारे कर्जा समाप्तीसह वैयक्तिक कर्जदारांना मदत करण्यासाठी वापरले जाते.
2531,713168,D2,Banking,16.5,काही क्रेडिट कार्ड जारीकर्ता तुमनं व्याज शुल्क माफ करू शकतस,काही क्रेडिट कार्ड जारीकर्ता तुम्हाला व्याज शुल्क माफ करू शकत.
2532,724445,D4,Agriculture,16.447,"चहा उत्पादनाच्या बाबतीत भारत हा जगातील सर्वात मोठा चहा उत्पादक देश आहे , जिथे चहाची लागवड खूप केली जाते","चहा उत्पादनाच्या बाबतीत भारत हा जगातील सर्वात मोठा चहा उत्पादक देश आहे, जिथे चहाची लागवड खूप केली जाते."
2533,710574,D1,Banking,16.5,उत्पादनांचा कायदेशीर स्वरूप खुप वेगळा असा आणि डेरिव्हेटिव्ह मार्केट ट्रेडिंग पण,उत्पादनांचा कायदेशीर स्वरूप खूप वेगळा असा आणि डेरिव्हेटिव्ह मार्केट ट्रेडिंग पण
2534,717298,D2,Agriculture,16.5,माझ्या गव्हाच्या पिकात बुरशी दिसल्यास काय करायला हवे ?,माझ्या गव्हाच्या पिकात बुरशी दिसल्यास काय करायला हवे?
2535,724521,D4,Banking,16.441,बँक ऑफ बडोदा ही भारतातील चौथी सर्वात मोठी राष्ट्रीयीकृत बँक आहे ज्याचे ग्राहक एकशे बत्तीस दशलक्ष आहेत,बँक ऑफ बडोदा ही भारतातील चौथी सर्वात मोठी राष्ट्रीयीकृत बँक आहे ज्याचे ग्राहक एकशे बत्तीस दशलक्ष आहेत
2536,707936,D1,Agriculture,16.5,मोठ्या पाईपासून दूध बाटल्यांमध्ये भरला जाता पाईप दुधाच्या टाकीक जोडलेलो असता,मोठ्या पाईपपासून दूध बाटल्यांमध्ये भरले जाते आणि पाईप दुधाच्या टाकीशी जोडलेला असतो.
2537,717432,D2,Agriculture,16.5,इंटरनेटच्या माध्यमातून विक्री केल्यास त्याचा फायदा होईल का ?,इंटरनेटच्या माध्यमातून विक्री केल्यास त्याचा फायदा होईल का?
2538,724346,D4,Banking,16.441,तुम्ही तुमच्या इंटरनेट बँकिंग लॉगिन आय.डी ने लॉग इन करून तुमच्या कर्ज खात्याचे तपशील देखील पाहू शकता,तुम्ही तुमच्या इंटरनेट बँकिंग लॉगिन आय.डीने लॉग इन करून तुमच्या कर्ज खात्याचे तपशील देखील पाहू शकता
2539,709655,D1,Banking,16.5,वित्त मंत्रालयान डिजीटल आणि सोशल मिडीया मार्केटींगका सुरक्षित करूक नवे नियम बनवल्यानी,वित्त मंत्रालयाने डिजिटल आणि सोशल मीडिया मार्केटिंगचे सुरक्षित नियम बनवले.
2540,718618,D2,Agriculture,16.5,सेंद्रिय पद्धतीने उगवलेल्या पिकांना बाजारात जास्त भाव आहे,सेंद्रिय पद्धतीने उगवलेल्या पिकांना बाजारात जास्त भाव आहे
2541,721346,D4,Banking,16.438,"पगार आणि बचत खाते उघडल्यावर , आम्ही मोबाइल बँकिंग द्वारे कुठेही आणि केव्हाही पैसे देऊ शकतो",पगार आणि बचत खाते उघडल्यावर आम्ही मोबाइल बँकिंगद्वारे कुठेही आणि केव्हाही पैसे देऊ शकतो
2542,709911,D1,Agriculture,16.5,तणनाशकांचो वापर पिकाच्या शेजाराक उगवणाऱ्या गरजेच्या वनस्पती नायसे करूक केलो जाता,तणनाशकांचा वापर पिकाच्या शेतातील उगवणाऱ्या वनस्पतींसाठी आवश्यक आहे.
2543,714811,D2,Banking,16.5,अमीषाकडे देण्याघेण्याचा हिशोबची सर्व माहिती व्यक्तिगत खात्यात उपलब्ध आहे,अमीषाकडे देण्याघेण्याचा हिशोबची सर्व माहिती व्यक्तिगत खात्यात उपलब्ध आहे
2544,724454,D4,Banking,16.438,"वकील , लेखापाल , दंतचिकित्सक व वैद्यकीय व्यावसायिक ही स्वतः चा व्यवसाय चालविणाऱ्या व्यावसाय उदाहरण आहे","वकील, लेखापाल, दंतचिकित्सक व वैद्यकीय व्यावसायिक हे स्वतःचा व्यवसाय चालवणाऱ्या व्यावसायियांचे उदाहरण आहेत."
2545,708610,D1,Agriculture,16.5,जौ आणि फलिया सारखा धान्य जनावरांका चारो म्हणान वापरता येता तर तेचा उत्पन्न अजून घेऊ शकतास,जौ आणि फल्यासारखे धान्य जनावरांसाठी चार प्रकार वापरता येत असल्यास तुमचे उत्पन्न अजून घेऊ शकता.
2546,713648,D2,Banking,16.5,"सुरेशनी आपली आख्खी कमाई घर बांधाले वापरी टाकी , त्यानापक्सा त्यानी घरवर ईमा काढाले जोयजे व्हता","सुरेशची आपली संपूर्ण कमाई घर आणि पाण्याची टाकी बांधण्यासाठी वापरली, त्यावरून त्यांनी त्या घरातून काय काढले आहे?"
2547,721559,D4,Agriculture,16.433,"सागरी कृषी प्रजातीं च्या प्रमुख श्रेणी म्हणजे समुद्री शैवाल , मोलस्क , क्रस्टेशियन आणि फिनफिश","सागरी कृषी प्रजातींची प्रमुख श्रेणी म्हणजे समुद्री शैवाल, मोलस्क, क्रस्टेशियन आणि फिनफिश"
2548,708115,D1,Agriculture,16.5,"सिंचन फवारणीचो वापर निवासी , औद्योगिक आणि कृषी वापरासाठी केलो जाऊ शकता","सिंचन फवारणीचा वापर निवासी, औद्योगिक आणि कृषी वापरासाठी किती होऊ शकतो"
2549,715635,D2,Agriculture,16.5,"तंबाखू निकॉटीयाना जातीच्या झाडाच्या पानांना सुकवून , नशा करण्याची वस्तू बनवली जाते",तंबाखू निकॉटीयानाच्या जातीच्या झाडाच्या पानांना सुकवून नशा करण्याची वस्तू बनवली जाते
2550,719156,D4,Agriculture,16.433,तिळाचे तेल हे व्हिटॅमिन ई चा एक उत्तम स्रोत आहे हे तुम्हाला माहित असले पाहिजे,तिळाचे तेल हे व्हिटॅमिन ई चा एक उत्तम स्रोत आहे हे तुम्हाला माहित असले पाहिजे
2551,708371,D1,Agriculture,16.5,"पिकाच्या काढणीनंतर पीकात शिल्लक रवणारा बी , भाजी आणि पाणी हेच्यामुळे पिकाचा नुकसान जाता","पिकाच्या काढणीनंतर पीकात शिल्लक राहिलेला बी, भाजी आणि पाणी यामुळे पिकाचे नुकसान होते."
2552,716765,D2,Agriculture,16.5,माझ्या गावातील अनेक शेतकरी परंपरेगत कृषी विकास योजनेचा लाभ घेत आहेत,माझ्या गावातील अनेक शेतकरी परंपरेगत कृषी विकास योजनेचा लाभ घेत आहेत
2553,721754,D4,Banking,16.433,"वितरित डेटा स्टॉक एक्सचेंज फीड , ब्रोकर्स , डीलर डेस्क फाइलिंग स्त्रोतांकडून गोळा केला जातो","वितरित डेटा स्टॉक एक्सचेंज फीड, ब्रोकर्स, डीलर डेस्क फाइलिंग स्त्रोतांकडून गोळा केला जातो"
2554,707844,D1,Agriculture,16.5,"भारतात बिहार , पश्चिम बंगालमध्ये लाल डाळीची लागवड केली जाता",भारतातील बिहार आणि पश्चिम बंगालमध्ये लाल डाळीची लागवड केली जाते
2555,716733,D2,Agriculture,16.5,माझे बाबूजी पूर्वीच्याकाळी बैलाच्या सहाय्याने नांगरणी करायचे,माझे बाबूजी पूर्वीच्याकाळी बैलाच्या सहाय्याने नांगरणी करायचे
2556,722739,D4,Banking,16.429,"हुंडी ब्रोकर स्टॉक , कमोडिटी , मनी आणि म्युच्युअल फंडाशी संबंधित माहिती प्रदान करतो","हुंडी ब्रोकर स्टॉक, कमोडिटी, मनी आणि म्युच्युअल फंडाशी संबंधित माहिती प्रदान करतो."
2557,706999,D1,Banking,16.5,एका देशाच्यो चलनाचो मू्ल्य दुसऱ्या चलनाच्यो संदर्भात विनिमय दर सुद्धा मानला जाता,एका देशाचे चलन मूल्य दुसऱ्या चलनाच्या संदर्भात विनिमय दर सुद्धा मानला जातो
2558,716400,D2,Banking,16.5,जेव्हा एखादी वस्तू खरेदी किंवा विकली जाते तेव्हा गुंतवणूकदारावर बाजाराचा प्रभाव पडतो,जेव्हा एखादी वस्तू खरेदी किंवा विकली जाते तेव्हा गुंतवणूकदारावर बाजाराचा प्रभाव पडतो
2559,722616,D4,Banking,16.429,यामध्ये केवळ खरेदी आणि विक्रीच नाही तर ग्राहकांसाठी सेवा आणि व्यापार यांचाही समावेश आहे,यामध्ये केवळ खरेदी आणि विक्रीच नाही तर ग्राहकांसाठी सेवा आणि व्यापार यांचाही समावेश आहे
2560,707572,D1,Banking,16.5,"डिमांड ड्राफ्टमध्ये फसवणूक होऊची खूप शक्यता असता , त्येच्यासाठी आपण सावध रेव्हूक हव्या","डिमांड ड्राफ्टमध्ये फसवणूक होण्याची खूप शक्यता आहे, त्यासाठी आपण सावधगिरी बाळगावी."
2561,713323,D2,Banking,16.5,एकोनिसशेना दशकमझार सरकारले आपला कर ठरावाना करता जास्त स्वातंत्र्य व्हतं,एकोणिसशेना दशकमझार सरकार आपला कर ठरावानं करत जास्त स्वातंत्र्य मिळते.
2562,720423,D4,Banking,16.429,डाव्या बाजूच्या टॅबवर एक नवीन पृष्ठ दिसेल तुम्हाला चौकशी पर्याय दिसेल त्यावर क्लिक करा,"डाव्या बाजूच्या टॅबवर तुम्हाला एक नवीन पृष्ठ दिसेल, तिथे चौकशी पर्याय दिसतील, त्यावर क्लिक करा."
2563,710077,D1,Banking,16.5,विश्व बौद्धिक संपदा संघटनेशी शैक्षणिक हालचाली कशाप्रकारे जोडले गेलेले आसत ?,विश्व बौद्धिक संपदा संघटनेशी शैक्षणिक हालचाली कशाप्रकारे जोडलेल्या आहेत?
2564,715024,D2,Banking,16.5,पी.एन.बी खात्यात लॉगिन करुन रोशनीने आपल्या खात्याची सारांश माहिती बघितली,पी.एन.बी खात्यात लॉगिन करून रोशनीने आपल्या खात्याची सारांश माहिती पाहिली
2565,718710,D4,Banking,16.429,"प्रधानमंत्री सुरक्षा विमा योजनेअंतर्गत , धारकाला दोन लाख रुपयांचा अपघाती जीवन विमा दिला जाईल",प्रधानमंत्री सुरक्षा विमा योजनेअंतर्गत धारकाला दोन लाख रुपयांचा अपघाती जीवन विमा दिला जाईल
2566,706599,D1,Banking,16.5,सुरक्षित कर्जात कर्जदाराक कर्ज मिळूक मालमत्ता किंवा सुरक्षा गहाण ठेवण्याची आवश्यकता असता,सुरक्षित कर्जात कर्जदारांना कर्ज मिळणे किंवा मालमत्ता किंवा सुरक्षा गहाण ठेवण्याची आवश्यकता असते.
2567,715546,D2,Banking,16.5,"चिंटू माहिती आहे का ? कार्यरत जोखीमीला बघूनच , कुठे पण गुंतवणूक केली पाहिजे",चिंटू माहिती आहे का? कार्यरत जोखीमीला बघूनच कुठे पण गुंतवणूक केली पाहिजे.
2568,721753,D4,Banking,16.429,"कर्ज आहार खर्चाचे नियोजन , उत्पन्न वाढविणे , खर्चाच्या समस्या समजून घेण्याची माहिती देणे","कर्ज आहार खर्चाचे नियोजन, उत्पन्न वाढवणे आणि खर्चाच्या समस्या समजून घेण्याची माहिती देणे."
2569,709759,D1,Agriculture,16.5,एरोपोनिक्स तंत्रज्ञानाचो वापर करून नासा द्वारे अंतराळात रोपे वाढवतत,एरोपोनिक्स तंत्रज्ञानाचा वापर करून नासा द्वारे अंतराळात रोपे वाढवत आहे
2570,717132,D2,Agriculture,16.5,जैवभौतिक वातावरणाचे मूल्य जमिनीवरील मानववंशीय कार्यामुळे प्रभावित होते,जैवभौतिक वातावरणाचे मूल्य जमिनीवरील मानववंशीय कार्यामुळे प्रभावित होते
2571,722033,D4,Banking,16.423,जेव्हा फायदेशीर कंपनी असलेली एखादी कंपनी लाभांश स्टॉक देऊन भागधारकांना उत्पन्नाचे वितरण करते,जेव्हा फायदेशीर कंपनी लाभांश स्टॉक देऊन भागधारकांना उत्पन्नाचे वितरण करते
2572,707278,D1,Banking,16.5,स्वेच्छेने उत्पन्न योजना ह्या भारतीय आर्थिक धोरणांमधलो एक अत्यंत अपारंपरिक परंतु यशस्वी पाऊल होता,स्वेच्छेने उत्पन्न योजना ह्या भारतीय आर्थिक धोरणांमधलो एक अत्यंत अपारंपरिक परंतु यशस्वी पाऊल होता
2573,716699,D2,Agriculture,16.5,पर्यावरणीय संस्था घटक समजून घेण्यासाठी कृषी विज्ञान विविध विज्ञानांना एकत्र करते,पर्यावरणीय संस्था घटक समजून घेण्यासाठी कृषी विज्ञान विविध विज्ञानांना एकत्र करते
2574,721102,D4,Banking,16.423,"स्टॉक प्रमाणपत्रामध्ये मालकीच्या समभागांची संख्या , खरेदीची तारीख , एक ओळख क्रमांक असतो","स्टॉक प्रमाणपत्रामध्ये मालकीच्या समभागांची संख्या, खरेदीची तारीख आणि एक ओळख क्रमांक असतो."
2575,709561,D1,Agriculture,16.5,भारतात मोलस्कास उत्पादन किनारी क्षेत्रांत जास्ती होता,भारतात मोलस्कास उत्पादन किनारी क्षेत्रांत जास्त होते
2576,716010,D2,Agriculture,16.5,मी माझ्या मेंढ्यांवर लक्ष ठेवण्यासाठी कुत्रा पाळला आहे,मी माझ्या मेंढ्यांवर लक्ष ठेवण्यासाठी कुत्रा पाळला आहे
2577,722267,D4,Agriculture,16.423,बाजार मूल्य म्हणजे वस्तू किंवा सेवांची खरेदी किंवा विक्री करता येणारी वर्तमान किंमत,बाजार मूल्य म्हणजे वस्तू किंवा सेवांची खरेदी किंवा विक्री करता येणारी वर्तमान किंमत
2578,706900,D1,Banking,16.5,"फायनान्सात , मालमत्ता कमी असणा म्हणजे गुंतवणूकदाराक नफा होतला अशा प्रकारान गुंतवणूक करुची","फायनान्सात मालमत्ता कमी असणे म्हणजे गुंतवणूकदारांना नफा होतो, अशा प्रकारची गुंतवणूक करावी."
2579,716731,D2,Agriculture,16.5,प्रीतम कांगणी मार्केटचे बियाणे पेरण्यापूर्वी पाच किलो खत शेतात पसरावे,प्रीतम कांगणी मार्केटचे बियाणे पेरण्यापूर्वी पाच किलो खत शेतात पसरावे
2580,718719,D4,Banking,16.423,"कुठेही हॉटलिस्ट कार्ड वापरले जाते , त्याची माहिती बँक नेटवर्कवरून ट्रॅक केली जाते","कुठेही हॉटलिस्ट कार्ड वापरले जाते, त्याची माहिती बँक नेटवर्कवरून ट्रॅक केली जाते."
2581,710380,D1,Agriculture,16.5,माझ्या घरात जूट पासून बनलेली दोरी हा जिच्यावर माझी आउस रोज कपडे सुकवता,माझ्या घरात जूटपासून बनलेली दोरी ज्यावर माझे कपडे रोज सुकवता.
2582,715416,D2,Agriculture,16.5,"कल्टीवेटर शेती उपकरण हा एक तुकडा आहे , ज्याचा उपयोग माध्यमिक नांगरणीसाठी केला जातो","कल्टीवेटर शेती उपकरण हा एक तुकडा आहे, ज्याचा उपयोग माध्यमिक नांगरणीसाठी केला जातो."
2583,720425,D4,Banking,16.423,अपघात विम्यामध्ये सागरी जहाजांसाठी समुद्री हमी विमा भूकंप विमा मध्ये नुकसान समाविष्ट आहे,अपघात विम्यामध्ये सागरी जहाजांसाठी समुद्री हमी विमा आणि भूकंप विमा नुकसान समाविष्ट आहे.
2584,709172,D1,Agriculture,16.5,पी.एम.एफ.बी.वाय मधना नैसर्गिक संकटांमुळे खराब झालेल्या पिकांसाठी करणाऱ्याक मदत मिळता,पी.एम.एफ.बी.वाय मुळे नैसर्गिक संकटांमुळे खराब झालेल्या पिकांसाठी करणाऱ्यांना मदत मिळते.
2585,717921,D2,Agriculture,16.5,स्वत:चा शेतीमाल विकण्यासाठी मी कंपनीची स्थापना करु शकतो का ?,स्वत:चा शेतीमाल विकण्यासाठी मी कंपनीची स्थापना करू शकतो का?
2586,721104,D4,Banking,16.423,स्टॉक मार्केट ग्रोथ स्टॉक्स हे असे स्टॉक्स आहेत जे तुम्ही लाभांशाऐवजी खरेदी करता,स्टॉक मार्केट ग्रोथ स्टॉक्स हे असे स्टॉक्स आहेत जे तुम्ही लाभांशाऐवजी खरेदी करता
2587,707208,D1,Banking,16.5,क्रेडिट कार्ड बॅलन्सवर वेळोवेळी आकारल्यो जाणाऱ्या टक्केवारीवर सुद्धा व्याजदर लागू होता,क्रेडिट कार्ड बॅलन्सवर वेळोवेळी आकारल्या जाणाऱ्या टक्केवारीवर सुद्धा व्याजदर लागू होतो
2588,716399,D2,Banking,16.5,आर्थिक सिक्युरिटीज खरेदी आणि विक्रीसाठी लागणाऱ्या पैशाला प्रातिनिधिक पैसा म्हणतात,आर्थिक सिक्युरिटीज खरेदी आणि विक्रीसाठी लागणाऱ्या पैशाला प्रातिनिधिक पैसा म्हणतात
2589,724402,D4,Banking,16.423,आम्ही सी.आय.बी.आय.एल आणि एक्सपेरियन सारख्या क्रेडिट रेटिंग एजन्सीमध्ये क्रेडिट वापर गुणोत्तर पाहू शकतो,आम्ही सी.आय.बी.आय.एल आणि एक्सपेरियन सारख्या क्रेडिट रेटिंग एजन्सीमध्ये क्रेडिट वापर गुणोत्तर पाहू शकतो
2590,706568,D1,Banking,16.5,गुंतवणूक बँक विलीनीकरण आणि अधिग्रहणामध्ये गुंतलेल्या कंपन्यांका सुद्धा मदत करू शकतत,गुंतवणूक बँक विलीनीकरण आणि अधिग्रहणामध्ये गुंतलेल्या कंपन्यांना सुद्धा मदत करू शकतात.
2591,716707,D2,Agriculture,16.5,बुरशीनाशके ही रसायने आहेत जी बुरशीच्या वाढीस मारतात किंवा प्रतिबंधित करतात,बुरशीनाशके ही रसायने आहेत जी बुरशीच्या वाढीस मारतात किंवा प्रतिबंधित करतात
2592,719478,D4,Agriculture,16.417,हिरवी वेलची श्वासोच्छवास सुधारू शकते आणि वजन कमी करण्यास मदत करू शकते,हिरवी वेलची श्वासोच्छवास सुधारू शकते आणि वजन कमी करण्यास मदत करू शकते
2593,708461,D1,Agriculture,16.5,माशे स्फोटाच्या हालात मारले जातत आणि वरवर तरांगतत,मासे स्फोटाच्या परिस्थितीत मारले जात आहेत आणि वरवर तणाव येत आहे
2594,715402,D2,Banking,16.5,कमी पैशांमध्ये जास्त सामान हे आहे एक परवडणार दुकान,"कमी पैशांमध्ये जास्त सामान हे आहे, एक दुकान परवडेल."
2595,721703,D4,Banking,16.417,खुल्या जोखमीमध्ये नुकसानाची सर्व कारणे समाविष्ट असतात जी पॉलिसीमध्ये विशेषतः समाविष्ट नसतात,जोखीमीमध्ये नुकसानाची सर्व कारणे समाविष्ट असतात जी पॉलिसीमध्ये विशेषतः समाविष्ट नसतात
2596,710406,D1,Banking,16.5,युनियन बँकेसंबधी जोडलेली बरीचशी माहिती तु ह्या बँकेच्या वेबसाईटवरना पण घेउ शकतस,युनियन बँकेशी जोडलेली बरीच माहिती तुम्हाला या बँकेच्या वेबसाइटवरून पण घेऊ शकता
2597,715340,D2,Agriculture,16.5,उत्पन्नाच्या देशांमध्ये अन्नद्रव्यांच्या कमतरतेच जास्त ओझ आहे,उत्पन्नाच्या देशांमध्ये अन्नद्रव्यांच्या कमतरतेचा जास्त ओझ आहे.
2598,721606,D4,Agriculture,16.409,वनस्पतीं च्या बियांपासून गोळा केलेले फायबर बीज फायबर म्हणून ओळखले जातात,वनस्पतींच्या बियांपासून गोळा केलेले फायबर बीज फायबर म्हणून ओळखले जातात
2599,711092,D1,Banking,16.5,सेवांमधना डेबीट कार्ड कायमस्वरूपी कमी वापरतत त्याका हॉटलिस्टिंग म्हणतत,"सेवेमध्ये डेबिट कार्ड कायमस्वरूपी कमी वापरले जात आहे, त्याला हॉटलिस्टिंग म्हणतात."
2600,717833,D2,Agriculture,16.5,कडधान्य जास्त काळ साठवून ठेवण्यासाठी काही उपाय सुचवा ?,कडधान्य जास्त काळ साठवून ठेवण्यासाठी काही उपाय सुचवा?
2601,723772,D4,Banking,16.409,मले पैसा गुंतवाचा हाय तर मले याबाबतीची मायती कुनाकडून भेटन ?,मला पैसा गुंतवायचा आहे तर मला याबाबतीची माहिती कुणाकडून मिळेल?
2602,707200,D1,Banking,16.5,मुदत ठेवी गुंतवणुकीत साधारणपणे एक महिन्यापासना ता काही वर्षांपर्यंत अल्पकालीन मुदतपूर्ती असता,मुदत ठेवी गुंतवणुकीत साधारणपणे एक महिन्यापासून काही वर्षांपर्यंत अल्पकालीन मुदतपूर्ती असते.
2603,718669,D2,Banking,16.5,उच्च शिक्षणासाठी कर्ज मिळविण्यासाठी मी योग्य विद्यार्थी आहे का ?,उच्च शिक्षणासाठी कर्ज मिळविण्यासाठी मी योग्य विद्यार्थी आहे का?
2604,722334,D4,Agriculture,16.409,अँथ्रॅकनोज अँथ्रॅकनोज हा झाडे आणि झुडुपांमधील प्रमुख वनस्पती रोगांपैकी एक आहे,अँथ्रॅकनोज हा झाडे आणि झुडुपांमधील प्रमुख वनस्पती रोगांपैकी एक आहे
2605,710534,D1,Agriculture,16.5,आपल्या सदस्यांमधे पध्दतशीर जोखीम व्यवस्थापन आणि सुरक्षित व्यवहाराच्या फायद्यांका महत्त्व देवा,आपल्या सदस्यांमध्ये पद्धतशीर जोखीम व्यवस्थापन आणि सुरक्षित व्यवहाराच्या फायद्यांचे महत्त्व देवा
2606,715689,D2,Banking,16.5,दीनदयाल उपाध्याय ग्रामीण कौशल्य योजने चा सराव अठरा डिसेंबर दोन हजार वीस पासून सुरू झाला,दीनदयाल उपाध्याय ग्रामीण कौशल्य योजनेचा सराव अठरा डिसेंबर दोन हजार वीस पासून सुरू झाला
2607,719339,D4,Banking,16.4,आंतरराष्ट्रीय मानकीकरण संस्था ही राष्ट्रीय मानक आणि तंत्रज्ञान संस्था आहे,आंतरराष्ट्रीय मानकीकरण संस्था ही राष्ट्रीय मानक आणि तंत्रज्ञान संस्था आहे
2608,708322,D1,Banking,16.5,तुमी मोबिक्विक ऍप वापरून खयसूनय वायच येळात तुमच्या खात्यात पैशे मागवक नायतर पाठवक शकतास,तुम्ही मोबिक्विक ॲप वापरून तुमच्या खात्यात पैसे मागून पाठवू शकता.
2609,715525,D2,Agriculture,16.5,"चपटा तांदूळ दक्षिण भारतामध्ये नाष्ट्यासाठी वापरला जातो , याला पोहे असं म्हणतात","चपटा तांदूळ दक्षिण भारतात नाश्त्यासाठी वापरला जातो, त्याला पोहे असे म्हणतात."
2610,720877,D4,Agriculture,16.4,भारतात एकोणिसाव्या शतकात कापूस कातणाऱ्या यंत्राद्वारे कापूस उद्योगाला चालना मिळाली,भारतात एकोणिसाव्या शतकात कापूस कातणाऱ्या यंत्राद्वारे कापूस उद्योगाला चालना मिळाली
2611,706751,D1,Banking,16.5,संस्थात्मक गुंतवणूकदार ह्या एक संस्था असा ज्या सिक्युरिटीज खरेदी करुक पैसा जमा करतत,संस्थात्मक गुंतवणूकदार हे एक संस्था आहे ज्या सिक्युरिटीज खरेदी करून पैसा जमा करत आहेत
2612,714829,D2,Banking,16.5,आंतरराष्ट्रीय वित्त संस्थांच्या आणि स्पर्धेमुळे चांगल्या बँकिंग सुविधा मिळतात,आंतरराष्ट्रीय वित्त संस्थांच्या आणि स्पर्धेमुळे चांगल्या बँकिंग सुविधा मिळतात
2613,719751,D4,Agriculture,16.4,रेशीम किड्यांच्या संगोपनात रेशीम किड्यांना तुतीच्या पानांचा आहार दिला जातो,रेशीम किड्यांच्या संगोपनात रेशीम किड्यांना तुतीच्या पानांचा आहार दिला जातो
2614,706467,D1,Banking,16.5,परिपूर्ण परतावो ह्यो गुंतवणूक पोर्टफोलिओवरलो नफो किंवा तोटो मोजण्याचा येक माप असा,परिपूर्ण परतावा ही गुंतवणूक पोर्टफोलिओवरलो किंवा तो मोजण्याचा एक माप असा
2615,717848,D2,Agriculture,16.5,शेततळ्यात मासे उत्पादन केल्यास चांगला भाव मिळतो का ?,शेततळ्यात मासे उत्पादन केल्यास चांगला भाव मिळतो का?
2616,720909,D4,Agriculture,16.4,द्विवार्षिक वनस्पती ही फुलांची वनस्पती आहे ज्याला दोन वर्षे लागतात,द्विवार्षिक वनस्पती ही फुलांची वनस्पती आहे ज्याला दोन वर्षे लागतात
2617,706991,D1,Banking,16.5,मालाच्यो निर्यातीसाठी अनेकदा सीमाशुल्क अधिकाऱ्यांचो सहभाग आवश्यक असता,निर्यातसाठी अनेकदा सीमाशुल्क अधिकाऱ्यांचा सहभाग आवश्यक असतो
2618,714326,D2,Agriculture,16.5,पंतप्रधान शेतकरी सन्मान योजना मा नाव नोंदानी टाईमले के.वाय.सी करनं बंधनकारक शे का ?,पंतप्रधानांच्या शेतकरी सन्मान योजनेत नाव नोंदवण्यासाठी किती वेळ केवायसी करणे बंधनकारक आहे का?
2619,721721,D4,Banking,16.389,"उत्पादनाच्या कोणत्याही साधनासाठी बदलण्यायोग्य नाहीत , भांडवलात परिवर्तनीय नाहीत","उत्पादनाच्या कोणत्याही साधनांसाठी बदलण्यायोग्य नाहीत, भांडवलात परिवर्तनीय नाहीत."
2620,706461,D1,Banking,16.5,निश्चित उत्पन्न विश्लेषण ह्या कर्ज सुरक्षिततेचा मू्ल्य निर्धारित करण्याची प्रक्रिया असा,निश्चित उत्पन्न विश्लेषण हे कर्ज सुरक्षिततेचे मूल्य निर्धारित करण्याची प्रक्रिया आहे.
2621,716261,D2,Agriculture,16.5,सूक्ष्म सिंचनाला प्रत्येक रोपा जवळ छोट्याशा निर्वाहाच्या रूपात सोडलं जातं,सूक्ष्म सिंचनाला प्रत्येक रोपाजवळ छोट्याशा निर्वाहाच्या रूपात सोडले जाते.
2622,719941,D4,Banking,16.375,फेडरल बँक ही खासगी क्षेत्रातील एक अतिशय प्रसिद्ध बँक आहे हे तुम्हाला माहीत आहे का ?,फेडरल बँक ही खासगी क्षेत्रातील एक अतिशय प्रसिद्ध बँक आहे हे तुम्हाला माहीत आहे का?
2623,707987,D1,Agriculture,16.5,रेल्वेचो एक खुला डबा ज्येच्यामधसून सामान किंवा जनावरांका नेतत वॅगन म्हणतत,रेल्वेचा एक खुला डबा ज्येच्या आतून सामान किंवा जनावरे घेऊन जात आहे वॅगन म्हणत आहे
2624,716938,D2,Agriculture,16.5,जगातील बहुतेक धान्याची मागणी उष्णकटिबंधीय शेतीद्वारे पूर्ण केली जाते,जगातील बहुतेक धान्याची मागणी उष्णकटिबंधीय शेतीद्वारे पूर्ण केली जाते
2625,723592,D4,Banking,16.367,"कराच रक्कम पाहासाठी मले का करावं लागन , ते मले ऑनलाईन पायता येईन का ?","मला ही रक्कम पाहण्यासाठी का करावी लागते, आणि मी ऑनलाईन जाऊ शकेन का?"
2626,708078,D1,Banking,16.5,"संदेश सांगत होतो , तीन ते सहा महिने मनी मार्केट खात्यात पैसे ठेवुचे लागतत","संदेश सांगत होतो, तीन ते सहा महिने मनी मार्केट खात्यात पैसे ठेवणे लागत आहे."
2627,716192,D2,Agriculture,16.5,शेती वैज्ञानिक सजीवांचा सर्वप्रकारे झाडे सोबत असलेल्या संबंधाचा अभ्यास करतात,शेती वैज्ञानिक सजीवांचा सर्वप्रकारे झाडे सोबत असलेल्या संबंधाचा अभ्यास करतात
2628,720159,D4,Agriculture,16.357,ट्रॅक्टर च्या मागील बाजूस खत स्प्रिंकलर स्थापित केले जाते आणि शेतात खत शिंपडले जाते,ट्रॅक्टरच्या मागील बाजूस खत स्प्रिंकलर स्थापित केले जाते आणि शेतात खत शिंपडले जाते
2629,709933,D1,Agriculture,16.5,नद्यांचे किनारे आणि माती घट करण्यासाठी मोकळ्या जमिनीर झाडे लावली जातत,नद्यांच्या किनाऱ्यांवर आणि माती कमी करण्यासाठी मोकळ्या जमिनीवर झाडे लावली जात आहेत.
2630,715077,D2,Banking,16.5,भांडवल बाजाराच्या मदतीने आंतरराष्ट्रीय वित्त भारतासाठी अर्थ व्यवस्थेस वाढीस मदत करते,भांडवल बाजाराच्या मदतीने आंतरराष्ट्रीय वित्त भारतासाठी अर्थ व्यवस्थेस वाढीस मदत करते
2631,722532,D4,Banking,16.357,सेक्टर विशिष्ट फंड हे म्युच्युअल फंड आहेत जे बँकिंग सारख्या विशिष्ट क्षेत्रात गुंतवणूक करतात,सेक्टर विशिष्ट फंड हे म्युच्युअल फंड आहेत जे बँकिंग सारख्या विशिष्ट क्षेत्रात गुंतवणूक करतात
2632,706558,D1,Banking,16.5,ह्या ठेवी लोकांका त्यांच्यो खात्यात दर महिन्याक येक निश्चित रक्कम जमा करून व्याज मिळवून देतत,या ठेवी लोकांच्या खात्यात दर महिन्याला एक निश्चित रक्कम जमा करून व्याज मिळवून देत आहेत.
2633,717566,D2,Agriculture,16.5,सीताफळाचे पानांवर आढळणारी सफेद बुरशी घालवण्यासाठी कोणत्या औषधांची फवारणी करावी ?,सीताफळाच्या पानांवर आढळणारी पांढरी बुरशी घालवण्यासाठी कोणत्या औषधांची फवारणी करावी?
2634,721580,D4,Agriculture,16.346,"जाळीच्या मटेरियलसाठी नायलॉन , पॉलिएस्टर , पॉलिप्रॉपिलीन , पॉलिथिलीन यांचा वापर केला जातो","जाळीच्या साहित्यासाठी नायलॉन, पॉलिएस्टर, पॉलिप्रॉपिलीन, पॉलिथिलीन यांचा वापर केला जातो."
2635,707982,D1,Banking,16.5,राष्ट्रीय पेंशन प्रणाली मध्ये सरकार पेन्शनच्या जबाबदारीपासून स्वतःक मुक्त ठेवता,राष्ट्रीय पेन्शन प्रणालीमध्ये सरकार पेन्शनच्या जबाबदारीपासून स्वतःला मुक्त ठेवते
2636,715534,D2,Agriculture,16.5,चांगली बागेची माती आणि मजबूत रोप यांच्यासाठी ओले गवत गरजेचे असते,चांगल्या बागेची माती आणि मजबूत रोपांसाठी ओले गवत गरजेचे असते.
2637,720956,D4,Agriculture,16.333,"कृषी अभियांत्रिकी , ज्याला कृषी आणि बायोसिस्टम अभियांत्रिकी म्हणून देखील ओळखले जाते",कृषी अभियांत्रिकी ज्याला कृषी आणि बायोसिस्टम अभियांत्रिकी म्हणून देखील ओळखले जाते
2638,708586,D1,Banking,16.5,हेजेसचो उपेग जवळच्या क्षेत्रापासून रस्तो वेगळो करुच्यासाठी जाता,मला जवळच्या क्षेत्रापासून रस्त्याची व्यवस्था करायची आहे.
2639,718121,D2,Banking,16.5,मला माझ्या कर्जाची परतफेड करण्यासाठी किती दिवसांची मुदत मिळेल ?,मला माझ्या कर्जाची परतफेड करण्यासाठी किती दिवसांची मुदत मिळेल?
2640,719944,D4,Banking,16.333,आपल्याला माहित आहे की सार्वजनिक वित्त वास्तविक विज्ञान तसेच आदर्श विज्ञान आहे,आपल्याला माहित आहे की सार्वजनिक वित्त वास्तविक विज्ञान तसेच आदर्श विज्ञान आहे
2641,709537,D1,Banking,16.5,बाजारात असे कित्येक क्षेत्र हत ज्येंका सांस्कृतिक उद्योजिकतेच्या रुपात मोठा करता येईत,बाजारात असे किती क्षेत्र सांस्कृतिक उद्योजिकतेच्या रूपात मोठे होऊ शकत होते
2642,715941,D2,Agriculture,16.5,मधमाशांचे सर्व प्रकारचे आजार हे कोणत्याही मधमाशी पाळणाऱ्या ची वास्तविक समस्या आहे,मधमाशांचे सर्व प्रकारचे आजार हे कोणत्याही मधमाशी पाळणाऱ्याची वास्तविक समस्या आहे
2643,724508,D4,Agriculture,16.312,वाढण्याची प्रक्रिया म्हणजे मोठा पांढरा हरभरा काबुली हरभरा आणि लहान हरभरा देसी हरभरा म्हणून ओळखला जातो,"वाढण्याची प्रक्रिया म्हणजे मोठा पांढरा हरभरा, काबुली हरभरा आणि लहान हरभरा देसी हरभरा म्हणून ओळखला जातो."
2644,711837,D1,Banking,16.5,जर मी माझ्या खात्यात एक लाख रुपये जमा केलय तर माका महिन्याक कितक्या क्रेडिट मेलतला ?,जर मी माझ्या खात्यात एक लाख रुपये जमा केले तर मला महिन्याला किती क्रेडिट मिळेल?
2645,717900,D2,Agriculture,16.5,द्राक्षावर जास्त थंडी व गारांच्या पावसाचा काय परिणाम होऊ शकतो ?,द्राक्षांवर जास्त थंडी व गारांच्या पावसाचा काय परिणाम होऊ शकतो?
2646,720488,D4,Banking,16.286,"रिअल इस्टेटला रिअल इस्टेट , जमीन मालमत्ता किंवा जमीन मालमत्ता म्हणून देखील ओळखले जाते",रिअल इस्टेटला रिअल इस्टेट जमीन मालमत्ता किंवा जमीन मालमत्ता म्हणून देखील ओळखले जाते
2647,712551,D1,Banking,16.5,माका माझ्या आर.डी वरची माझी परिपक्वता विषयची सूचना जाणून घेवुची आसा,मला माझ्या आर.डी. वरची माझी परिपक्वता विषयची सूचना जाणून घ्यायची आहे.
2648,718155,D2,Banking,16.5,सामाजिक क्षेत्रातील योजनांचा लाभ घेण्यास मी पात्र आहे का ?,मी सामाजिक क्षेत्रातील योजनांचा लाभ घेण्यास पात्र आहे का?
2649,721597,D4,Agriculture,16.269,"अरबी चमेली , सुवासिक फुले , चमेली चहा , लेसमध्ये वापरण्यासाठी प्रसिद्ध आहेत","अरबी चमेली, सुवासिक फुले, चमेली चहा लेसमध्ये वापरण्यासाठी प्रसिद्ध आहेत."
2650,708197,D1,Banking,16.5,"उद्योगशील देशात लोक घर , कार आणि वस्तू खरेदी करुच्यासाठी ग्राहक कर्जाचो उपयोग करतत","उद्योगशील देशात लोक घर, कार आणि वस्तू खरेदी करण्यासाठी ग्राहक कर्जाचा उपयोग करत आहेत"
2651,718640,D2,Agriculture,16.5,कोणत्या प्रकारच्या जमिनीत ओलावा हा जास्त प्रमाणात टिकून राहतो ?,कोणत्या प्रकारच्या जमिनीत ओलावा जास्त प्रमाणात टिकून राहतो?
2652,721349,D4,Banking,16.0,मनी मार्केट खाते आम्हाला आमच्या पैशासाठी अधिक पैसे देते,मनी मार्केट आम्हाला आमच्या पैशासाठी अधिक पैसे देते
2653,709253,D1,Banking,16.5,आवडत्या स्टॉकचा मुल्यांकन प्रमुख क्रेडीट रेटींग एजेंसीच्या माध्यमातना होता,आवडत्या स्टॉकचे मूल्यांकन प्रमुख क्रेडिट रेटिंग एजन्सीच्या माध्यमातून झाले होते.
2654,717031,D2,Banking,16.5,जातीय उद्योजकता विद्वान परस्पर संबंधांमधून निर्माण होणारी संसाधने सुचवतात,जातीय उद्योजकता विद्वान परस्पर संबंधांमधून निर्माण होणारी संसाधने सुचवतात
2655,718962,D4,Banking,16.0,स्थिर भांडवल वाढवण्यासाठी राकेश ने दहा लाखाची मशीने विदेशातून विकत घेतले आहे,स्थिर भांडवल वाढवण्यासाठी राकेशने दहा लाखाची मशीन विदेशातून विकत घेतली आहे
2656,708127,D1,Agriculture,16.5,सेंद्रिय उत्पादनापासून खत तयार करतत त्येका कंपोस्टिंग म्हणतत,सेंद्रिय उत्पादनापासून खत तयार करत आहेत आणि ते कंपोस्टिंग म्हणत आहेत
2657,716697,D2,Agriculture,16.5,चमेली फुलझाडाची वाढ उष्ण हवामानात आणि आम्लीय स्वरूपाच्या मृदेमध्ये होते,चमेली फुलझाडाची वाढ उष्ण हवामानात आणि आम्लीय स्वरूपाच्या मृदेमध्ये होते
2658,721047,D4,Agriculture,16.0,पाणी हे केवळ माणसांसाठीच नव्हे तर प्राणी आणि वनस्पतीं साठीही आवश्यक आहे,पाणी हे केवळ माणसांसाठीच नव्हे तर प्राणी आणि वनस्पतींसाठीही आवश्यक आहे
2659,709886,D1,Agriculture,16.5,"चिटिन ह्या एक मोठा , स्ट्रक्चरल पॉलिसेकेराइड हा जा सुधारित ग्लुकोजच्या साखळ्यांनी बनला आसा",चिटिन हा एक मोठा स्ट्रक्चरल पॉलिसेकेराइड सुधारित ग्लुकोजच्या साखळ्यांनी बनला असा.
2660,716913,D2,Banking,16.5,पेमेंट वॉरंटमध्ये एखाद्या व्यक्तीने अधिकृत व्यक्तीला पैसे देण्याची तरतूद केली जाते,पेमेंट वॉरंटमध्ये एखाद्या व्यक्तीने अधिकृत व्यक्तीला पैसे देण्याची तरतूद केली जाते
2661,722287,D4,Banking,16.0,माझ्या व्यवस्थापकाने मला राष्ट्रीय पेन्शन प्रणालीबद्दल माहिती दिली,माझ्या व्यवस्थापकाने मला राष्ट्रीय पेन्शन प्रणालीबद्दल माहिती दिली
2662,706710,D1,Banking,16.5,इक्विटी धारक त्याच्यो मालकीचो हिस्सो किंवा जारीकर्त्याचो अंशात्मक भाग असता,इक्विटी धारक त्याच मालकीचा हिस्सा किंवा जारीकर्त्याचा अंशात्मक भाग असतो
2663,715341,D2,Banking,16.5,उत्पादन संशोधन किरकोळ आणि हीशेबासाठी लागणाऱ्या एका खर्चाच्या पैशाचे मूल्य आहे,उत्पादन संशोधन किरकोळ आणि हीशेबासाठी लागणाऱ्या एका खर्चाच्या पैशाचे मूल्य आहे
2664,724230,D4,Banking,16.0,क्रेडिट कार्ड घ्यासाठी मले खात्यात किती पैसे ठेवा लागन ?,क्रेडिट कार्ड घेण्यासाठी मला खात्यात किती पैसे ठेवावे लागतील?
2665,710769,D1,Agriculture,16.5,दरवर्षी भेंडीद्वारे उत्पादित लँबिंगच्या संख्येक लँबिंग पर्सेंटेज म्हणून ओळखला जाता,दरवर्षी भेंडीद्वारे उत्पादित लँबिंगच्या संख्येला लँबिंग टक्के म्हणून ओळखले जाते.
2666,716799,D2,Agriculture,16.5,लाल माती हा भारतात आढळणारा दुसरा सर्वात मोठा मातीचा वर्ग आहे,लाल माती हा भारतात आढळणारा दुसरा सर्वात मोठा मातीचा वर्ग आहे
2667,723828,D4,Banking,16.0,कर्जाचा फारम भरासाठी मले बँकेतून पुरी मायती भेटन का ?,कर्जाचा फॉर्म भरण्यासाठी मला बँकेतून पूर्ण माहिती मिळेल का?
2668,709765,D1,Agriculture,16.5,"मेंढ्यांपाना मिळणारे गोष्टी लय हळूहळू कुजतत , ज्याचो थेट परिणाम पर्यावरणावर होता","मेंढ्यांपासून मिळणाऱ्या गोष्टी हळूहळू तयार होत होत्या, ज्याचा थेट परिणाम पर्यावरणावर होता."
2669,718483,D2,Banking,16.5,माझ्या बँक खात्यातील तपशील बघून मला किमान किती कर्ज उपलब्ध होऊ शकते ?,माझ्या बँक खात्यातील तपशील बघून मला किमान किती कर्ज उपलब्ध होऊ शकते?
2670,723815,D4,Banking,16.0,आर.टी.जी.एस न दुसऱ्या बँकेमंधून माया बँक खात्यामंधी कितीक वेळातं पैसे येतीनं ?,आर.टी.जी.एस न दुसऱ्या बँकेतून माया बँकेच्या खात्यात किती वेळात पैसे येतील?
2671,706843,D1,Banking,16.5,चक्रवाढ व्याजात पूर्वी जमा झालेल्यो व्याजावर मिळणारा व्याजाचो समावेश होता,चक्रवाढ व्याजात पूर्वी जमा झालेल्या व्याजावर मिळणारे व्याजच समावेश होते.
2672,715344,D2,Banking,16.5,उद्योजकतेच्या क्षेत्रामध्ये अनेक महिला स्वताला उद्योजकाच्या रूपामध्ये परिभाषित करत नाही,उद्योजकतेच्या क्षेत्रामध्ये अनेक महिला स्वतःला उद्योजकाच्या रूपात परिभाषित करत नाहीत
2673,723992,D4,Banking,16.0,मले शिकासाठी कर्ज घ्याचं असल्यास कोंते कागद लागन ?,मला शिक्षणासाठी कर्ज घ्यायचे असल्यास कोणते कागद लागतील?
2674,710012,D1,Banking,16.5,भारतासारख्या देशात शेअर होल्डर यांची संख्या खूप जास्त असा,भारतासारख्या देशात शेअर होल्डर यांची संख्या खूप जास्त आहे.
2675,712636,D2,Banking,16.5,जोगिंदरनी ब्यांकमा पैसा टाकाणा फैले पैसासनं सामायिक मूल्य काढं,जोगिंदरने बँकेत पैसा टाकावा आणि पैशाचे सामायिक मूल्य काढणे.
2676,723993,D4,Banking,16.0,मले शिकासाठी कर्ज घ्याचे असल्यास ऑनलाईन फारम कसा भरा लागन ?,मला शिक्षणासाठी कर्ज घ्यायचे असल्यास ऑनलाईन फॉर्म कसा भरायला लागेल?
2677,711052,D1,Agriculture,16.5,सदाहरित वनस्पती विविध रंगांच्या फुलांनी आणि औषधी गुणधर्मान परिपुर्ण असता,शाश्वत वनस्पती विविध रंगांच्या फुलांनी आणि औषधी गुणधर्मांनी परिपूर्ण असतात.
2678,715642,D2,Agriculture,16.5,"तामिळनाडू भारतामध्ये तांदळाचा सगळ्यात मोठा उत्पादक आहे , तिथे खूप मोठ्या प्रमाणात पाऊस होतो","तामिळनाडू भारतामध्ये तांदळाचा सर्वात मोठा उत्पादक आहे, तिथे खूप मोठ्या प्रमाणात पाऊस होतो."
2679,723259,D4,Agriculture,16.0,सोल्याचं पिक चांगलं व्हासाठी फवारणी भरनं जरुरी हाये का ?,सोल्याचं पिक चांगले व्हावे यासाठी फवारणी करणे जरुरी आहे का?
2680,709495,D1,Agriculture,16.5,पशुपालन ही शेतीची शाखा असा जी प्राण्यांशी संबंधित असलेला मांस आणि दुग्धजन्य पदार्थ वाढवता,पशुपालन ही शेतीची शाखा आहे जी प्राण्यांशी संबंधित मांस आणि दुग्धजन्य पदार्थ वाढवते.
2681,715082,D2,Agriculture,16.5,भारत आणि जगातील अनेक देश शाश्वत विकासाचे उद्दिष्ट साध्य करण्याच्या दिशेने वाटचाल करत आहेत,भारत आणि जगातील अनेक देश शाश्वत विकासाचे उद्दिष्ट साध्य करण्याच्या दिशेने वाटचाल करत आहेत
2682,720016,D4,Agriculture,16.0,"बाजारात माणूस ज्या गोष्टींचा वापर करतो , त्या सर्व वस्तूंना उत्पादने असे म्हणतात",बाजारात माणूस ज्या गोष्टींचा वापर करतो त्या सर्व वस्तूंना उत्पादने असे म्हणतात
2683,710969,D1,Agriculture,16.5,रस्त्याच्या बाजूक असलेल्या झाडांची मोजणी नागरी वनीकरणातना केली जाता,रस्त्याच्या बाजूला असलेल्या झाडांची मोजणी नगर वनविभागाने केली जाते
2684,714860,D2,Banking,16.5,एस.बी.आय ने ट्वीट केल कीआता पासबुक प्रिंटींगसाठी लांबलचक रंगांमध्ये उभे राहण्याची गरज नाही पडणार,एस.बी.आयने ट्वीट केले की आता पासबुक प्रिंटिंगसाठी लांबलचक रंगांमध्ये उभे राहण्याची गरज पडणार नाही
2685,718999,D4,Banking,16.0,भारतातील करांच्या मूल्यांकनासाठी जी.एस.टी परिषदेची स्थापना करण्यात आली आहे,भारतातील करांच्या मूल्यांकनासाठी जी.एस.टी परिषदेची स्थापना करण्यात आली आहे
2686,707915,D1,Banking,16.5,"मी वाचलंय कि , आंतरराष्ट्रीय व्यापार दोन किंवा त्येच्यापेक्षा अधिक देशांमध्ये होता",मी वाचले की आंतरराष्ट्रीय व्यापार दोन किंवा त्यापेक्षा अधिक देशांमध्ये होता.
2687,714599,D2,Banking,16.5,एक माणूसले एकच बँकना दोन शाखास्मा खातं उघाडता यस का ?,"एका माणसाला एकाच बँकेसाठी दोन शाखा आहेत, ते का?"
2688,720311,D4,Agriculture,16.0,नायट्रोजन खते अमोनिया पासून हॅबरबॉश प्रक्रियेद्वारे तयार केली जातात,नायट्रोजन खते अमोनियापासून हॅबरबॉश प्रक्रियेद्वारे तयार केली जातात
2689,707368,D1,Banking,16.5,"उमेदवाराकडे खयच्याव चांगल्या विद्यापीठाची ग्रॅज्युएटची पदवी असणा गरजेचा आसा , असा म्या वाचलंय","उमेदवाराकडे चांगल्या विद्यापीठाची पदवी असणे गरजेचा आहे, असे मी वाचले आहे."
2690,715343,D2,Agriculture,16.5,उंदीरनाशक चारा उंदरांच्या संक्रमणापासून काही काळाकरता नियंत्रण मिळवून देऊ शकते,उंदीरनाशक चारा उंदरांच्या संक्रमणापासून काही काळाकरिता नियंत्रण मिळवून देऊ शकते
2691,720014,D4,Agriculture,16.0,फळबाग बागकाम प्रक्रियेद्वारे वनस्पतीं च्या वाणांमध्ये जनुकीय बदल केले जातात,फळबागेतील बागकामाच्या प्रक्रियेद्वारे वनस्पतींच्या वाणांमध्ये जनुकीय बदल केले जातात
2692,711059,D1,Agriculture,16.5,समुद्री शेतीक वाढवुसाठी फिश जिनोमचा संशोधन सहस्त्राबधी वर्षांपासून चालू असा,समुद्री शेती वाढवण्यासाठी फिश जीनोमचे संशोधन सहस्त्रावधी वर्षांपासून चालू आहे.
2693,717218,D2,Agriculture,16.5,राजू दालचिनीचे बियाणे पेरण्यापूर्वी पन्नास सें.मी चा खड्डा खणावा लागतो,राजू दालचिनीचे बियाणे पेरण्यापूर्वी पन्नास सें.मीचा खड्डा करावा लागतो.
2694,721846,D4,Banking,16.0,वाहन विम्याचा प्राथमिक उपयोग शारीरिक नुकसानापासून आर्थिक संरक्षण प्रदान करणे हा आहे,वाहन विम्याचा प्राथमिक उपयोग शारीरिक नुकसानापासून आर्थिक संरक्षण प्रदान करणे हा आहे
2695,707582,D1,Agriculture,16.5,तागाची लागवड उष्ण व सौम्य हवामानात केली जाता असा सुधीर सांगा होतो,सुधीर सांगतो की तागाची लागवड उष्ण व सौम्य हवामानात केली जाते.
2696,715654,D2,Agriculture,16.5,तुम्हाला माहिती आहे का ? कोनफळाची चव बटाट्यासारखी असते,तुम्हाला माहिती आहे का? कोनफळाची चव बटाट्यासारखी असते.
2697,721945,D4,Agriculture,16.0,नर्सरी ही अशी जागा आहे जिथे वनस्पतींचा प्रचार आणि विकास केला जातो,नर्सरी ही अशी जागा आहे जिथे वनस्पतींचा प्रचार आणि विकास केला जातो
2698,710487,D1,Agriculture,16.5,सोयाबीनचा तेल ह्या मोठ्या प्रमाणावर वापरल्या जाणाऱ्या स्वयंपाकाच्या तेलापैकी एक असा,सोयाबीनचे तेल ह्या मोठ्या प्रमाणावर वापरल्या जाणाऱ्या स्वयंपाकाच्या तेलापैकी एक आहे
2699,712812,D2,Agriculture,16.5,अनैसर्गिक पद्धतवरी मासासनी नवीन जाती पैदा करणार शेतस,अनैसर्गिक पद्धतीवर माशांनी नवीन जाती पैदा करणार आहे शेत.
2700,720511,D4,Banking,16.0,ऑफशोअर बँकांचा वापर लोक आणि कंपन्या त्यांचे पैसे सुरक्षित ठेवण्यासाठी करतात,लोक आणि कंपन्या त्यांचे पैसे सुरक्षित ठेवण्यासाठी ऑफशोअर बँकांचा वापर करतात.
2701,710270,D1,Banking,16.5,तुका माहित असा सीड मनी पर्यायांमध्ये मित्र आणि परिवाराच्या निधीचो समावेश होता,मला माहित आहे की सीड मनी पर्यायांमध्ये मित्र आणि परिवाराच्या निधीचा समावेश होता
2702,714455,D2,Agriculture,16.5,राहुल त्याना बाबा मांगेरामना सोबत हिमाचलमझारली डोंगरनी शेती दखाले गया,राहुलने बाबा मांगेराम सोबत हिमाचलच्या डोंगरांवर शेती दाखवली.
2703,722220,D4,Agriculture,16.0,डॉक्टरांनी स्मरणशक्ती वाढवण्यासाठी चिया बिया खाण्याची शिफारस केली आहे,डॉक्टरांनी स्मरणशक्ती वाढवण्यासाठी चिया बिया खाण्याची शिफारस केली आहे
2704,709893,D1,Agriculture,16.5,जलकृषी संशोधन मत्स्य क्षेत्रातील निरानिराळ्या संशोधनांची सगळी माहिती देता,जलकृषी संशोधन मत्स्य क्षेत्रातील निरानिराळ्या संशोधनांची संपूर्ण माहिती द्या
2705,714839,D2,Banking,16.5,आपल्या वाया जाणाऱ्या पैशाला वाचविण्यासाठी बँक खाते नियंत्रित करणे आवश्यक आहे,आपल्या वाया जाणाऱ्या पैशाला वाचविण्यासाठी बँक खाते नियंत्रित करणे आवश्यक आहे
2706,722602,D4,Banking,16.0,"व्यापारी बँकांचे प्राथमिक कार्य म्हणजे पैसे सुरक्षित ठेवणे , क्रेडिट कार्ड जारी करणे इ","व्यापारी बँकांचे प्राथमिक कार्य म्हणजे पैसे सुरक्षित ठेवणे, क्रेडिट कार्ड जारी करणे इ."
2707,710367,D1,Agriculture,16.5,भारतात कुक्कुट पालनातना आहारात मांस आणि अंड्यांची पुर्तता केली जाता,भारतात कुक्कुट पालनातून आहारात मांस आणि अंड्यांची पूर्तता केली जाते
2708,717044,D2,Banking,16.5,मार्केटिंगमध्ये कूपन तिकिटे आहेत जी आर्थिक सवलतींसाठी रिडीम केली जाऊ शकतात,मार्केटिंगमध्ये कूपन तिकिटे आहेत जी आर्थिक सवलतींसाठी रिडीम केली जाऊ शकतात
2709,718720,D4,Banking,16.0,डिजिटल खात्यासाठी बारा महिन्यांत के.वाय.सी औपचारिकता पूर्ण करणे अनिवार्य आहे,डिजिटल खात्यासाठी बारा महिन्यांत के.वाय.सी औपचारिकता पूर्ण करणे अनिवार्य आहे
2710,710645,D1,Banking,16.5,क्राउडफंडिंग म्हणजे मोठ्या संख्येन लोकांकडुन पैशे गोळा करून प्रकल्पाक निधी देवची प्रथा,क्राउडफंडिंग म्हणजे मोठ्या संख्येने लोकांकडून पैसे गोळा करून प्रकल्पाचा निधी देण्याची प्रथा.
2711,713001,D2,Agriculture,16.5,पेरूनी लागवड ओलावाना हवामानमा आणि उष्ण हवामानमझार पीक म्हणीसन करतंस,पेरूनी लागवडीसाठी ओलावा आणि हवामान तसेच उष्ण हवामानमझार पीक याबद्दल म्हणीने सांगितले जाते.
2712,720931,D4,Agriculture,16.0,काही खेड्यांमध्ये कापणीनंतर जमीन नांगरणी करण्यासाठी आणखी एक सल्ला देण्यात आला,काही खेड्यांमध्ये कापणीनंतर जमीन नांगरणी करण्यासाठी आणखी एक सल्ला देण्यात आला
2713,707506,D1,Agriculture,16.5,चहाच्या पिशव्या बनवूसाठी वापरलो जाणारो फिल्टर पेपर ह्यो प्रामुख्याने अबका फायबरचो बनलेलो असता,चहाच्या पिशव्या बनवण्यासाठी वापरले जाणारे फिल्टर पेपर प्रामुख्याने फायबरचे बनलेले असते.
2714,713398,D2,Agriculture,16.5,परतेक मानूसना शरीरमा परथिनेस्नं जायं रास त्याले कोलेजन आशे नाव शे,"प्रत्येक माणसाच्या शरीरात प्रथिने जाते, त्याचे कोलेजन आहे."
2715,720536,D4,Agriculture,16.0,उसाचा रस काढल्यानंतर उरलेल्या साहित्याचा वापर नेचुरल गैस बनवण्यासाठी केला जातो,उसाचा रस काढल्यानंतर उरलेल्या साहित्याचा वापर नैसर्गिक वायू बनवण्यासाठी केला जातो.
2716,708229,D1,Banking,16.5,कर्ज किंवा क्रेडिट कार्डचा पेमेंटसूद्दा इलेक्ट्रॉनिक क्लिअरिंग सिस्टीमने होता,कर्ज किंवा क्रेडिट कार्डचा पेमेंट इलेक्ट्रॉनिक क्लिअरिंग सिस्टीमने झाले
2717,715544,D2,Agriculture,16.5,चिकणी माती शेती साठी सगळ्यात जास्त उपजाऊ जमीन आहे,चिकणी माती शेतीसाठी सर्वात जास्त उपजाऊ जमीन आहे
2718,721379,D4,Banking,16.0,त्यापासून सुटका करून घेण्याचे सूत्र तुम्हाला कोणी शिकवले आहे का ?,त्यापासून सुटका करून घेण्याचे सूत्र तुम्हाला कोणी शिकवले आहे का?
2719,707102,D1,Banking,16.5,इनव्हॉइस म्हणजे साधारणपणान किंमत आणि विक्रीच्यो अटी निर्दिष्ट करणारा वस्तूंची सूची,इनव्हॉइस म्हणजे साधारणपणे किंमत आणि विक्रीच्या अटी निर्दिष्ट करणारी वस्तूंची सूची
2720,713588,D2,Agriculture,16.5,मासामारी ना अशा कोनकोनता फायदा व्हनारा शेतस ?,मासामारीने अशा किती फायद्याचे शेत आहे का?
2721,721424,D4,Banking,16.0,देणग्या गोळा करण्यासाठी मंदिरांमध्येही गुल्लकांचा वापर केला जातो,देणग्या गोळा करण्यासाठी मंदिरांमध्येही गुल्लकांचा वापर केला जातो
2722,710727,D1,Banking,16.5,डे ट्रेडर हे व्यावसायिक असु शकतत जे मोठ्या वित्तीय संस्थांसाठी काम करतत,डे ट्रेडर हे व्यावसायिक असू शकतात जे मोठ्या वित्तीय संस्थांसाठी काम करत आहेत
2723,715015,D2,Agriculture,16.5,पशुसंवर्धन उत्पादने लस किंवा अँटीसेरम बनवण्यासाठी औषधनिर्मितीमध्ये वापरलेली जातात,पशुसंवर्धन उत्पादने लस किंवा अँटीसेरम बनवण्यासाठी औषधनिर्मितीमध्ये वापरली जातात
2724,721579,D4,Agriculture,16.0,"मेंढ्यांना चांगल्या वाढीसाठी आणि उत्पादनासाठी पाणी , ऊर्जा आवश्यक असते","मेंढ्यांना चांगल्या वाढीसाठी आणि उत्पादनासाठी पाणी, ऊर्जा आवश्यक असते."
2725,708876,D1,Banking,16.5,ऑनलाईन पासबूक आपल्या खात्यातल्या देवाण घेवाणीचो इतिहास बघुचा एक उपकरण हा,ऑनलाईन पासबुक आपल्या खात्यातील देवाणघेवाणीचा इतिहास पाहणारे एक उपकरण आहे
2726,713307,D2,Banking,16.5,मॅक्रो इकॉनॉमिक्समा एक मानुसना नै ते बठ्ठा लोकेस्ना इचार रहास,मॅक्रो इकॉनॉमिक्समध्ये एक व्यक्तीचे ते लोकांचे जीवन आहे
2727,721457,D4,Banking,16.0,वस्तू तारण ठेवून घेतलेल्या कर्जाचे मुद्दल कसे फेडायचे हे त्यांना माहीत आहे का ?,वस्तू तारण ठेवून घेतलेल्या कर्जाची मुद्दल कशी फेडायची हे त्यांना माहीत आहे का?
2728,711976,D1,Banking,16.5,माका जास्तीत जास्त कितक्या कर्ज मेलाक शकता ?,मला जास्तीत जास्त किती कर्ज मिळू शकते?
2729,716991,D2,Agriculture,16.5,भारतातील कृषी यंत्रसामग्री उत्पादक शाखा यंत्र उद्योगाचा एक भाग मानली जाते,भारतातील कृषी यंत्रसामग्री उत्पादक शाखा यंत्र उद्योगाचा एक भाग मानली जाते
2730,721165,D4,Banking,16.0,भांडवलाची रचना ही कंपनीच्या व्यवस्थापकाने घेतलेल्या महत्त्व पूर्ण निर्णयांपैकी एक आहे,भांडवलाची रचना ही कंपनीच्या व्यवस्थापकाने घेतलेल्या महत्त्वाच्या निर्णयांपैकी एक आहे
2731,707256,D1,Banking,16.5,यू.पी.आय ह्या एक अशी प्रणाली असा ज्या एकाच मोबाईल ऍप्लिकेशनात एकाधिक बँक खात्यांका सामर्थ्य देता,यू.पी.आय ही एक अशी प्रणाली आहे जी एकाच मोबाईल ऍप्लिकेशनमध्ये अनेक बँक खात्यांना सामर्थ्य देते.
2732,716837,D2,Agriculture,16.5,"मला चमेलीच्या फुलांचा सुगंध खूप आवडतो , जुईच्या फुलांपासून परफ्यूमही बनवले जातात","मला चमेलीच्या फुलांचा सुगंध खूप आवडतो, जुईच्या फुलांपासून परफ्यूमही बनवले जातात."
2733,718726,D4,Banking,16.0,तुम्हाला माहीत आहे का पे.टी.एम ॲपमध्ये आम्ही दैनिक पेमेंट मर्यादा बदलू शकतो ?,तुम्हाला माहीत आहे का पे.टी.एम ॲपमध्ये आम्ही दैनिक पेमेंट मर्यादा बदलू शकतो?
2734,711090,D1,Agriculture,16.5,सुसंस्कृत मोती मानवी हस्तक्षेपान सुसंकृत मोत्या मोत्याच्या थैलीत तयार होता,सुसंस्कृत मोती मानवी हस्तक्षेपामुळे सुसंकृत मोत्याच्या थैलीत तयार झाले
2735,714426,D2,Banking,16.5,मनी एसटी कॅटेगरी शे माले सोताना धंदा उभा कराले स्टॅण्डअप योजना कित्ल कर्ज दी ?,"पैशाची एसटी श्रेणीमध्ये मी सोताना व्यवसाय उभा केला, स्टँडअप योजनेसाठी किती कर्ज दिले?"
2736,721525,D4,Banking,16.0,तुम्ही वॉशिंग्टन मधील आंतरराष्ट्रीय नाणेनिधीच्या मुख्यालयाला कधी भेट दिली आहे का ?,तुम्ही वॉशिंग्टन मधील आंतरराष्ट्रीय नाणेनिधीच्या मुख्यालयाला कधी भेट दिली आहे का?
2737,710886,D1,Banking,16.5,भारतातल्या कर महसुलाचो मोठो भाग पेट्रोलियम उत्पादनांवर लावल्या जाणाऱ्या करांमधुन येता,भारताचे कर महसुलाचा मोठा भाग पेट्रोलियम उत्पादनांवर लावले जाणार करांमधून येतो
2738,714792,D2,Banking,16.5,यु.पी आयमुये कोणतंबी पैसास्नं देनं टाईमवर देवाई जास,यु.पी. यांना कोणती रक्कम वेळेवर दिली?
2739,722442,D4,Banking,16.0,प्रकल्प वित्त हा पायाभूत सुविधा आणि औद्योगिक प्रकल्पांसाठी दीर्घकालीन वित्तपुरवठा आहे,प्रकल्प वित्त हा पायाभूत सुविधा आणि औद्योगिक प्रकल्पांसाठी दीर्घकालीन वित्तपुरवठा आहे
2740,707087,D1,Banking,16.5,पिगी बँक ह्या नाण्यांचा कंटेनरचो पारंपारिक नाव असा ज्या साधारणपणान मुला वापरतत,पिगी बँकेच्या नाण्यांचा कंटेनरच एक पारंपारिक नाव आहे जे साधारणपणे मुले वापरतात
2741,715424,D2,Agriculture,16.5,कापणी पूर्व काळामध्ये सिंचन वारंवारतेचा पिकाच्या उत्पादनामध्ये महत्त्वपूर्ण योगदान असते,कापणी पूर्व काळात सिंचन वारंवारतेचा पिकाच्या उत्पादनामध्ये महत्त्वपूर्ण योगदान असते
2742,720084,D4,Agriculture,16.0,"ड्रम स्टिक्स हा एक प्रकारचा शेंगा आहे , त्या भाज्या बनवण्यासाठी वापरल्या जातात","ड्रम स्टिक्स हा एक प्रकारचा शेंगा आहे, ज्या भाज्या बनवण्यासाठी वापरल्या जातात."
2743,709726,D1,Banking,16.5,स्पॉट मार्केट ती जागा असा जिकडे लगेच डिलीवरीक वित्त साधनांचो व्यापार करतत,स्पॉट मार्केट ती जागा आहे जिथे लगेच डिलिव्हरीचे वित्त साधन व्यापार केले जाते.
2744,714431,D2,Agriculture,16.5,मातीमा जर सेंद्रिय घटक मिसळतात ते तिनी सुपीकता आणि पाणी धरी ठेवानी ताकद वाढस का ?,मातीमध्ये जर सेंद्रिय घटक मिसळतात तर त्याची सुपीकता आणि पाणी धरून ठेवण्याची ताकद वाढते का?
2745,722184,D4,Banking,16.0,रमेश सांगतात की विकसनशील देशासाठी सामाजिक उद्योजकता खूप महत्त्वाची आहे,रमेश सांगतात की विकसनशील देशांसाठी सामाजिक उद्योजकता खूप महत्त्वाची आहे
2746,709043,D1,Banking,16.5,मुद्रा बाजार खात्याक सामान्य बचत खात्याच्या नियमांमध्येच विनियमित करतत,मुद्रा बाजार खात्यांवर सामान्य बचत खात्याच्या नियमांनुसारच नियमन केले जात आहे
2747,716158,D2,Banking,16.5,व्यावसायिक बँक विदेशी चलनाची देवाण घेवाण करून आंतरराष्ट्रीय व्यापाराला वाढवण्याचं काम करते,व्यावसायिक बँक विदेशी चलनाची देवाणघेवाण करून आंतरराष्ट्रीय व्यापाराला वाढवण्याचे काम करते.
2748,724291,D4,Agriculture,16.0,लहान कास्तकाराइले शेतजमीन घ्याची असन तर त्याईले त्यासाठी कर्ज भेटते का ?,लहान कष्टकऱ्यांनी शेतजमीन घ्यायची असेल तर त्यासाठी कर्ज मिळते का?
2749,706717,D1,Banking,16.5,वॉर बॉण्ड्स ह्यो युद्धाच्या काळात लष्करी ऑपरेशन्स आणि इतर खर्चासाठी वित्तपुरवठा करता,वॉर बॉण्ड्स हे युद्धाच्या काळात लष्करी ऑपरेशन्स आणि इतर खर्चासाठी वित्तपुरवठा करत.
2750,715672,D2,Banking,16.5,तुला हवं असेल तर तू मिनी स्टेटमेंट काढून मागच्या दहा देवाण घेवाणीना बघू शकते,तुला हवे असेल तर तू मिनी स्टेटमेंट काढून मागच्या दहा देवाण घेवाणीना बघू शकते
2751,718948,D4,Banking,16.0,संयुक्त खाती सहसा विवाहित जोडप्यासारख्या जवळच्या नातेवाईकांकडून उघडली जातात,संयुक्त खाती सहसा विवाहित जोडप्यासारख्या जवळच्या नातेवाईकांकडून उघडली जातात
2752,710269,D1,Banking,16.5,तुका आठवता मागच्यावेळेक आपण यु.पी.आय ऍप मध्ये डिटेल जोडण्याचो खूप प्रयत्न केवल पण नाय झाला,"आपल्याला आठवत असेल, मागच्या वेळेस आपण यु.पी.आय ऍप मध्ये तपशील जोडण्याचा खूप प्रयत्न केला पण तो झाला नाही."
2753,716313,D2,Agriculture,16.5,हे फोर्क चा उपयोग शेतीमध्ये ओझ एका जागेवरून दुसऱ्या जागेवर ठेवण्यासाठी केला जातो,या फोर्कचा उपयोग शेतीमध्ये ओझ एका जागेवरून दुसऱ्या जागेवर ठेवण्यासाठी केला जातो.
2754,718911,D4,Agriculture,16.0,होल्म टॉपर हे एक कृषी यंत्र आहे जे बटाट्याची कापणी करण्यापूर्वी त्यांची देठ कापून टाकते,होल्म टॉपर हे एक कृषी यंत्र आहे जे बटाट्याची कापणी करण्यापूर्वी त्यांची देठ कापून टाकते
2755,707146,D1,Banking,16.5,इंट्रा बँक फंड ट्रान्सफर सुविधा ए.टी.एम कार्डांपुरतो मर्यादित असा ज्याचाशी अनेक खाती लिंक आसत,इंट्रा बँक फंड ट्रान्सफर सुविधा एटीएम कार्डांपुरते मर्यादित आहे ज्याशी अनेक खाती लिंक आहेत.
2756,713126,D2,Banking,16.5,उत्तोलन कर्जमा सामान्य कर्जस पेक्शा जास्त याज लागस,उत्तोलन कर्जामा सामान्य कर्जापेक्षा जास्त लागते
2757,719975,D4,Banking,16.0,भांडवली बाजार विकास दर टिकवून ठेवण्यात आणि वाढविण्यात महत्त्व पूर्ण भूमिका बजावतात,भांडवली बाजार विकास दर टिकवून ठेवण्यात आणि वाढविण्यात महत्त्वपूर्ण भूमिका बजावतात
2758,709250,D1,Banking,16.5,आंतराष्ट्रीय कराधान म्हणजे कोणती पण व्यक्ती वेगवेगळ्या देशांच्या कर कायद्यांच्या अधीन हा,आंतरराष्ट्रीय कराधान म्हणजे कोणतीही व्यक्ती वेगवेगळ्या देशांच्या कर कायद्यांच्या अधीन असते.
2759,716774,D2,Banking,16.5,बचत खात्यात मासिक किमान शिल्लक ठेवण्याची गरज नाही,बचत खात्यात मासिक किमान शिल्लक ठेवण्याची गरज नाही
2760,719445,D4,Agriculture,16.0,कंद ही लांबलचक रचना आहेत जी काही वनस्पतीं मध्ये पोषक घटकांसाठी साठवण अवयव म्हणून वापरली जातात,कंद ही लांबलचक रचना आहेत जी काही वनस्पतींमध्ये पोषक घटकांसाठी साठवण अवयव म्हणून वापरली जातात
2761,710562,D1,Banking,16.5,इंटरनॅशनल फायनान्शियल रिपोर्टिंग स्टँडर्ड्स फाउंडेशन इनकॉर्पोरेटेड ही ना नफा कॉर्पोरेशन असा,इंटरनॅशनल फायनान्शियल रिपोर्टिंग स्टँडर्ड्स फाउंडेशन इनकॉर्पोरेटेड ही ना नफा कॉर्पोरेशन असा
2762,715671,D2,Agriculture,16.5,तुला माहिती आहे का राहुल ? पाम पासून शाम्पू सुद्धा बनवला जातो,तुला माहिती आहे का राहुल? पाम पासून शाम्पू सुद्धा बनवला जातो.
2763,721098,D4,Banking,16.0,सिक्युरिटीज सार्वजनिक आणि खाजगी बाजारात भांडवल उभारण्यासाठी वापरल्या जातात,सिक्युरिटीज सार्वजनिक आणि खाजगी बाजारात भांडवल उभारण्यासाठी वापरल्या जातात.
2764,707443,D1,Agriculture,16.5,कीटकशास्त्रज्ञ कीटक कसा खातत ह्येच्यावरून बऱ्याचयेळा त्येंचा वर्गीकरण करतत,कीटकशास्त्रज्ञ कीटक कसे खातात यावरून बऱ्याच वेळा त्यांचा वर्गीकरण करत आहेत
2765,716665,D2,Agriculture,16.5,जाळे हे मासेमारीच्या भांडयापैकी एक आहे,जाळे हे मासेमारीच्या भांडयांपैकी एक आहे
2766,718773,D4,Agriculture,16.0,कॉन्ट्रॅक्ट फार्मिंग हा पीक खरेदीदार आणि विक्रेता यांच्यातील कराराचा एक प्रकार आहे,कॉन्ट्रॅक्ट फार्मिंग हा पीक खरेदीदार आणि विक्रेता यांच्यातील कराराचा एक प्रकार आहे
2767,709357,D1,Banking,16.5,एक दान प्रत्यारोपणाक रक्त किंवा अंगासारख्या चिकित्सा आवश्यकतांका पुरा करू शकता,एक दान प्रत्यारोपणाक रक्त किंवा अंगासारख्या चिकित्सा आवश्यकतांका पुरा करू शकता
2768,716055,D2,Agriculture,16.5,रताळ्याच्या फुगलेल्या मुळांमध्ये खूप प्रमाणात कार्बोहायड्रेट साठलेलं असतं,रताळ्याच्या फुगलेल्या मुळांमध्ये खूप प्रमाणात कार्बोहायड्रेट साठलेलं असतं
2769,722262,D4,Agriculture,16.0,"अंगोरा लोकर , स्वेटरपासून मिटन्स आणि टोपीपर्यंत सर्व गोष्टींमध्ये वापरली जाते",अंगोरा लोकर स्वेटरपासून मिटन्स आणि टोपीपर्यंत सर्व गोष्टींमध्ये वापरली जाते
2770,706393,D1,Banking,16.5,"आधुनिक काळातलो मूल्याचो सर्वात सामान्य भांडार म्हणजे पैसो , चलन किंवा एखादी वस्तू","आधुनिक काळात मूल्याचा सर्वात सामान्य ठेवा म्हणजे पैसे, चलन किंवा एखादी वस्तू"
2771,714369,D2,Banking,16.5,बाजूले ठीयेल कमाईना वाटा कंपनीना भागधारकस्ले देवानं का नै याना निर्णय कंपनी व्ययस्थापन लेस,बाजूला ठेवलेल्या कमाईचा वाटा कंपनीला भागधारकांकडे देण्याचा निर्णय कंपनीच्या व्ययस्थापनाबाबत का आहे?
2772,721144,D4,Banking,16.0,आर्थिक परिस्थिती वैयक्तिकरित्या योग्य ठेवण्यासाठी वैयक्तिक वित्त आवश्यक आहे,आर्थिक परिस्थिती वैयक्तिकरित्या योग्य ठेवण्यासाठी वैयक्तिक वित्त आवश्यक आहे
2773,708187,D1,Banking,16.5,आर्थिक साधनांच्या ठराविक प्रमाणात खरेदी नायतर विक्रीसाठी डेरीव्हेटिव कॉन्ट्रॅक्टस् आसत,आर्थिक साधनांच्या ठराविक प्रमाणात खरेदी नाही तर विक्रीसाठी डेरिव्हेटिव्ह कॉन्ट्रॅक्ट्स होते.
2774,712598,D2,Banking,16.5,लघु उद्योगमा मायक्रो फायनान्सना जास्ती उपेग करतस,लघु उद्योगांसाठी मायक्रो फायनान्सचा जास्त उपयोग केला जातो
2775,722491,D4,Agriculture,16.0,मृदा आरोग्य कार्ड योजनेंतर्गत शेतातील मातीची तज्ज्ञांकडून चाचणी केली जाते,मृदा आरोग्य कार्ड योजनेंतर्गत शेतातील मातीची तज्ज्ञांकडून चाचणी केली जाते
2776,709915,D1,Banking,16.5,तीस लाखाच्यावर असणाऱ्या शुद्ध संपत्तीवर एक टक्क्याच्या दराने संपत्ती कराचो हिशेब लावलो जाता,तीस लाखांवर असणाऱ्या शुद्ध संपत्तीवर एक टक्क्याच्या दराने संपत्तीचे हिशेब लावावा.
2777,715387,D2,Banking,16.5,ऑनलाइन पेमेंट सुविधांमुळे अनेक वेळा तुम्हाला काही आर्थिक धोके पण सहन करावे लागू शकतात,ऑनलाइन पेमेंट सुविधांमुळे तुम्हाला काही आर्थिक धोके सहन करावे लागू शकतात.
2778,720297,D4,Banking,16.0,"व्यक्ती घर बांधण्यासाठी , कार खरेदी करण्यासाठी सावधि कर्जचा वापर करते","व्यक्ती घर बांधण्यासाठी, कार खरेदी करण्यासाठी सावधि कर्जाचा वापर करते."
2779,724865,D1,Agriculture,16.5,"पट्टीवर लीफ सेन्सर बसवलेलो असता , जो पानाच्या आतल्या पाण्याच्या प्रमाणावर आधारित पाण्याची कमतरता ओळखता",पट्टीवर लीफ सेन्सर बसवलेलो असता जो पानाच्या आतल्या पाण्याच्या प्रमाणावर आधारित पाण्याची कमतरता ओळखता
2780,714627,D2,Banking,16.5,कर मुक्त क्षेत्र मा पैसा गुताडानं हातावर ज्यास्न पोट शे त्यानी गोट नै,करमुक्त क्षेत्रात पैसा हातात ज्यासारखा पोट शात्रीने नै
2781,721645,D4,Banking,16.0,प्रीपेड ही सेवा आहे ज्यासाठी तुम्हाला आगाऊ पैसे द्यावे लागतील,प्रीपेड ही सेवा आहे ज्यासाठी तुम्हाला आगाऊ पैसे द्यावे लागतील
2782,707543,D1,Agriculture,16.444,"ज्या झाडांची उंची दोन मीटर ते सहा मीटर पर्यंत असता त्येंका झुडपा म्हणतत , समझला ना तुका ?","ज्या झाडांची उंची दोन मीटर ते सहा मीटर पर्यंत असते, त्या झुडपाला म्हणतात, समजले का तुला?"
2783,717168,D2,Agriculture,16.5,पशु किसान क्रेडिट कार्ड योजना हरियाणाच्या पशुसंवर्धन आणि कृषी मंत्र्यांनी सुरू केली,पशु किसान क्रेडिट कार्ड योजना हरियाणाच्या पशुसंवर्धन आणि कृषी मंत्र्यांनी सुरू केली
2784,719763,D4,Agriculture,16.0,माध्यान्ह भोजन योजनेमुळे गावातील प्राथमिक शाळेत मुलांची उपस्थिती वाढली आहे,माध्यान्ह भोजन योजनेमुळे गावातील प्राथमिक शाळेत मुलांची उपस्थिती वाढली आहे
2785,707999,D1,Agriculture,16.441,"लसूण एलियम सैटिवम ही एलियम वंशातील बल्बस फुलांच्या वनस्पतीची एक प्रजाती आसा , असा मी खयतरी वाचलंय","लसूण एलियम सैटिवम ही एलियम वंशातील बल्ब फुलांच्या वनस्पतीची एक प्रजाती आहे, असे मी वाचले आहे."
2786,716956,D2,Banking,16.5,फ्युचर्स मार्केटला सामान्य भाषेत बेटिंग असेही म्हणतात,फ्युचर्स मार्केटला सामान्य भाषेत बेटिंग असेही म्हणतात
2787,722391,D4,Agriculture,16.0,जनावरांना योग्य आहार देण्यासाठी वेळोवेळी जनजागृती मोहीम राबविली जाते,जनावरांना योग्य आहार देण्यासाठी वेळोवेळी जनजागृती मोहीम राबविली जाते
2788,707180,D1,Banking,16.441,बँकांका फसवणूक किंवा कार्ड तपशील लीक झाल्याची शंका इली तर त्या ए.टी.एम कार्ड सुद्धा ब्लॉक करू शकता,बँकाची फसवणूक किंवा कार्ड तपशील लीक झाल्याची शंका असल्यास त्या एटीएम कार्डला सुद्धा ब्लॉक करता येते.
2789,714506,D2,Agriculture,16.5,सयेरमा सेंद्रिय भाजीपालासाठे सावठा पैसा मोजाले गिराईक तयार रहास,"सयेरमा सेंद्रिय भाजीपालासाठ्यासाठी पैसे जमा केले आहेत, ते तयार ठेव."
2790,722123,D4,Agriculture,16.0,मी वाचतो की दिल्ली आणि जवळपासच्या भागात वायू प्रदूषण वाढन्याचा एक कारण शेतांमध्ये आग लावणे पण आहे,मी वाचतो की दिल्ली आणि जवळपासच्या भागात वायू प्रदूषण वाढण्याचे एक कारण शेतांमध्ये आग लावणे पण आहे
2791,707492,D1,Banking,16.438,"गृह कर्ज आणि कर कर्ज ह्ये सुरक्षित कर्जाचे सगळ्यात साधारण उदाहरणा आसात , असा कुणाल म्हणालो","गृह कर्ज आणि कर कर्ज हे सुरक्षित कर्जाचे सर्वात सामान्य उदाहरणे आहेत, असे कुणाल म्हणाला."
2792,712950,D2,Banking,16.5,डिजीटल सोशल मिडिया मार्केटिंगमुये राहुलना ट्रेडिंग हीडिओ युटुबवर शे,राहुलचे ट्रेडिंगचे व्हिडिओ युट्यूबवर डिजिटल सोशल मीडिया मार्केटिंगसाठी आहेत.
2793,721041,D4,Agriculture,16.0,बाजारपेठेतील यंत्र साधनांमुळे नवीन साधनांचे उत्पादन एकाएकी मोठ्या प्रमाणावर वाढले आहे,बाजारपेठेतील यंत्र साधनांमुळे नवीन साधनांचे उत्पादन एकाएकी मोठ्या प्रमाणावर वाढले आहे
2794,708849,D1,Banking,16.433,नगदी प्रवाह एक व्यावसायिक योजना किंवा आर्थिक उत्पादनात किंवा तेच्या बाहेर पैशे भरुचा वर्णन असा,नगदी प्रवाह म्हणजे एक व्यावसायिक योजना किंवा आर्थिक उत्पादनात किंवा तेच्या बाहेर पैशाचे वर्णन आहे.
2795,715795,D2,Agriculture,16.5,प्रत्येक बाळाच्या जन्मावर एक झाड लावल्याने पण वृक्षांच्या संख्येत वाढ होईल,प्रत्येक बाळाच्या जन्मावर एक झाड लावल्याने वृक्षांच्या संख्येत वाढ होईल
2796,721430,D4,Banking,16.0,मेसोपोटेमिया मध्ये लेखासंबंधीचे खूप जुने रेकॉर्ड सापडले आहेत,मेसोपोटेमियामध्ये लेखासंबंधीचे खूप जुने रेकॉर्ड सापडले आहेत
2797,706454,D1,Banking,16.433,दीनदयाल अंत्योदय योजना ह्या कौशल्य प्रशिक्षण देऊन गरिबांका मदत करणारी भारत सरकारची येक योजना असा,दीनदयाल अंत्योदय योजना हे कौशल्य प्रशिक्षण देऊन गरिबांना मदत करणारी भारत सरकारची एक योजना आहे.
2798,716319,D2,Agriculture,16.5,भारतीय घरांमध्ये फर्निचर बनवण्यासाठी वेगवेगळया प्रकारच्या लाकडाचा वापर केला जातो,भारतीय घरांमध्ये फर्निचर बनवण्यासाठी वेगवेगळ्या प्रकारच्या लाकडाचा वापर केला जातो
2799,719837,D4,Agriculture,16.0,माझ्या गावात तणनियंत्रणासाठी कृषिविज्ञान पद्धती वापरल्या जातात,माझ्या गावात तणनियंत्रणासाठी कृषिविज्ञान पद्धती वापरल्या जातात
2800,707012,D1,Banking,16.433,भारत सरकारान देना बँक आणि विजया बँकेचो पूर्वीच्यो बँक ऑफ बडोदात विलीनीकरण करण्याचो प्रस्ताव दिलान,भारत सरकाराने देना बँक आणि विजया बँकेची पूर्वीची बँक ऑफ बडोदाची विलीनीकरण करण्याचा प्रस्ताव दिला.
2801,716396,D2,Banking,16.5,आपल्या अर्थव्यवस्थेवर अर्थसंकल्पाचा परिणाम समजून घेण्यासाठी सार्वजनिक वित्त उपयुक्त आहे,आपल्या अर्थव्यवस्थेवर अर्थसंकल्पाचा परिणाम समजून घेण्यासाठी सार्वजनिक वित्त उपयुक्त आहे
2802,722317,D4,Banking,16.0,"एन.पी.एस खाते ऑफलाइन उघडण्यासाठी , एखाद्या व्यक्तीस प्रथम उपस्थितीचा बिंदू शोधणे आवश्यक आहे",एन.पी.एस खाते ऑफलाइन उघडण्यासाठी एखाद्या व्यक्तीला प्रथम उपस्थितीचा बिंदू शोधणे आवश्यक आहे
2803,707823,D1,Banking,16.429,ब्रोकर ह्यो भांडवली व्यापारात गुंतवणूकदारांका येक सिस्टम देऊ साठी येक दुवा म्हणान काम करता,ब्रोकर हे भांडवली व्यापारात गुंतवणूकदारांना एक सिस्टम देण्यासाठी एक दुवा म्हणून काम करतो
2804,724801,D2,Banking,16.5,रिअल इस्टेट ट्रेंडवरील संशोधन व्यवसाय आणि उद्योगावर परिणाम करणाऱ्या संरचनात्मक बदलांवर लक्ष केंद्रित करते,रिअल इस्टेट ट्रेंडवरील संशोधन व्यवसाय आणि उद्योगावर परिणाम करणाऱ्या संरचनात्मक बदलांवर लक्ष केंद्रित करते
2805,720930,D4,Agriculture,16.0,सेंद्रिय शेती अर्थशास्त्रज्ञासाठी खूप हानिकारक आहे,सेंद्रिय शेती अर्थशास्त्रज्ञासाठी खूप हानिकारक आहे
2806,708243,D1,Banking,16.429,किती लोकांनी सांगल्यानी की तेंचा पीक आणि बाजारातली विविधता हीच तेंचो पीक विमो आसत,किती लोकांनी सांगितले की त्याचे पीक आणि बाजारातील विविधता तेच पीक अस्तित्व होते
2807,724744,D2,Banking,16.5,जर कुणालाही लाभार्थी म्हणून आपल्या खात्याशी न जोडता पैसे पाठवायचे असतील तर एम.एम.आय.डी सेवेचा उपयोग करता येईल,जर कुणालाही लाभार्थी म्हणून आपल्या खात्याशी न जोडता पैसे पाठवायचे असतील तर एम.एम.आय.डी सेवेचा उपयोग करता येईल
2808,722130,D4,Agriculture,16.0,खेड्यापासून शहरापर्यंत कोल्ड स्टोरेजची व्यवस्था नसल्याने आमचा माल सडतो,खेड्यापासून शहरापर्यंत कोल्ड स्टोरेजची व्यवस्था नसल्याने आमचा माल सडतो
2809,709752,D1,Banking,16.429,आवडीनुसार कायतरी काम करणा जसा की नृत्य गायनाचा आवडीचो अभ्यास करणा ज्यामध्ये समाविष्ट आसा,"आवडीनुसार काहीतरी काम करा, जसे की नृत्य आणि गायनाचा अभ्यास ज्यामध्ये समाविष्ट आहे."
2810,713202,D2,Banking,16.5,इंडेक्स आर्बिट्रेज आनी पोर्टफोलिओ इंश्योरेंस ह्या प्रोग्राम ट्रेडिंग दोन प्रकार शेत,इंडेक्स आर्बिट्रेज आणि पोर्टफोलिओ इन्शुरन्स या प्रोग्राम ट्रेडिंगचे दोन प्रकार आहेत.
2811,719675,D4,Agriculture,16.0,मी गेल्या वर्षी मायक्रो न्युट्रिट्रेटिव्ह खतातून चांगले शेती केली आहे,मी गेल्या वर्षी मायक्रो न्युट्रिट्रेटिव्ह खातून चांगले शेती केले आहे
2812,709210,D1,Agriculture,16.429,"मेंढ्यांपासून कापड बनवूक कार्डिंग , कातरना , विणना आणि फिनिशिंग ही सगळी कामा येतत","मेंढ्यांपासून कापड बनवण्याचे कार्डिंग, कातरना, विणना आणि फिनिशिंग ही सगळी कामे येतात."
2813,724722,D2,Banking,16.5,स्टेट बँक ऑफ इंडियाचा एक लाख रुपयांपर्यंतच्या रकमेवरचा जुना व्याजदर दोन दशांश पंच्याहत्तर टक्के आहे,स्टेट बँक ऑफ इंडियाच्या एक लाख रुपयांपर्यंतच्या रकमेवरचा जुना व्याजदर दोन दशांश पंच्याहत्तर टक्के आहे
2814,719153,D4,Agriculture,16.0,जंगलातील प्राण्यांची फिरती चराई ही प्राण्यांच्या संरक्षणासाठी असते,जंगलातील प्राण्यांची फिरती चराई प्राण्यांच्या संरक्षणासाठी असते
2815,710642,D1,Banking,16.429,कोणपण बँकेच्या ईमेल आय.डी वर मेल पाठवु शकता आणि त्यांच्याकडून कर्जाचा ईस्टेटमेंट मागवु शकता,तुम्ही बँकेच्या ईमेल आय.डी वर मेल पाठवू शकता आणि त्यांच्याकडून कर्जाचा स्टेटमेंट मागवू शकता
2816,713587,D2,Agriculture,16.5,उन्हायाना कडक ऊनपाशीन पिके वाचाडाना करता ग्रीन हाऊस काममा येस,उन्हाळ्यातील कडक ऊनपाशीन असताना पिके वाटाताना ग्रीन हाऊस कामाचे आहे.
2817,720799,D4,Agriculture,16.0,हँगिंग प्लांटर्स तुमच्या आतील किंवा बाहेरील भागामध्ये सजावटीसाठी एक उत्तम विकल्प असू शकतात,हँगिंग प्लांटर्स तुमच्या आतील किंवा बाहेरील भागामध्ये सजावटीसाठी एक उत्तम पर्याय असू शकतात.
2818,710855,D1,Agriculture,16.423,बीया नसलेली द्राक्षा फिकट हिरवी अंडाकृती आकाराची आणि सौम्य गोड द्राक्षा तयार करतत,बीज नसलेली द्राक्षा फिकट हिरवी अंडाकृती आकाराची आणि सौम्य गोड द्राक्षा तयार करत आहेत
2819,718046,D2,Banking,16.444,"पाच वर्षांसाठी मला दहा हजार रुपये गुंतवायचे आहेत , गुंतवणूक कशी करु व त्याची मॅच्युरिटी कशी असेल ?","पाच वर्षांसाठी मला दहा हजार रुपये गुंतवायचे आहेत, गुंतवणूक कशी करावी आणि त्याची परिपक्वता कशी असेल?"
2820,719125,D4,Agriculture,16.0,याम जीनस डायओस्कोरिया मध्ये काही वनस्पती प्रजातींचे सामान्य नाव आहे,याम जीनस डायओस्कोरिया मध्ये काही वनस्पती प्रजातींचे सामान्य नाव आहे
2821,707535,D1,Agriculture,16.423,जुन्या पद्धतीं मध्ये सेंद्रिय शेती आणि नैसर्गिक आणि पीकांचा चक्र ह्यांचो समावेश आसा,जुन्या पद्धतींमध्ये सेंद्रिय शेती आणि नैसर्गिक तसेच पीक चक्र यांचा समावेश आहे.
2822,713312,D2,Banking,16.444,"मोबाईल ॲप चेक जमा कराना बराबर लेन देन आणि देखरेख करस , या कामेसबराबर आखो गनच कामे करस","मोबाईल ॲप चेक जमा करणे, तसेच लेन-देणे आणि देखरेख करणे, या कामांसाठी अनेक कामे करा."
2823,720890,D4,Agriculture,16.0,लिमा बीन्स शरद ऋतूपासून हिवाळ्याच्या उत्तरार्धापर्यंत वाजवी प्रमाणात उपलब्ध असतात,लिमा बीन्स शरद ऋतूपासून हिवाळ्याच्या उत्तरार्धापर्यंत वाजवी प्रमाणात उपलब्ध असतात
2824,708578,D1,Agriculture,16.423,"हळदीची पाना पचनक्रिया वाढवक , पोटफुगी , सुजीसारख्या त्रासांका कमी करुक मदत करतत","हळदीची पाने पचनक्रिया वाढवतात, पोटदुखी आणि सुजीसारख्या त्रासांका कमी करण्यास मदत करतात."
2825,716021,D2,Agriculture,16.441,"मुर्रा ला पण चांगले दूध देणाऱ्या गाईच्या रुपात ओळखता , जी दिल्ली , हरियाणा मध्ये बघायला मिळते","मुर्राला पण चांगले दूध देणाऱ्या गाईच्या रूपात ओळखता, ज्या दिल्ली, हरियाणात बघायला मिळतात."
2826,721629,D4,Agriculture,16.0,अन्नकचऱ्याच्या पुनर्वापरासाठी कंपोस्टिंग ही सर्वात शिफारस केलेली पद्धत आहे,अन्नकचऱ्याच्या पुनर्वापरासाठी कंपोस्टिंग ही सर्वात शिफारस केलेली पद्धत आहे
2827,708957,D1,Banking,16.423,सुरजने सांगितल्यान की बॅन्का पण पिअर टू पिअर लेंडींगच्या ऑनलाईन माध्यमातना उधार देता,सुरजने सांगितले की बँक पण पीअर टू पीअर लेंडिंगच्या ऑनलाईन माध्यमांतून उधार देते
2828,724732,D2,Agriculture,16.441,लाकडेस्ना कितला उपेग शेतस फर्निचर कागद घरेदारेस करता गनज लाकूड लागस म्हनीन झाडे लायीन झाडे जगाडाले जोयजे,"मला किती उपयोग आहे, शेतस फर्निचर कागद घरे दारेस करता अनेक लाकूड लागते म्हणून झाडे लावून झाडे जगाडावे लागतील."
2829,721054,D4,Agriculture,16.0,"लहान , परजीवी कीटकांना मारण्यासाठी नेमॅटिकाइड्सचा वापर केला जातो",लहान परजीवी कीटकांना मारण्यासाठी नेमॅटिकाइड्सचा वापर केला जातो
2830,724942,D1,Banking,16.423,"डब्ल्यू.आई.पी.ओ जगभरात बाह्यबाहेरची कार्यालया आसत , जिनेव्हा , स्वित्झर्लंड हय त्यांचा मुख्यालय आसा","डब्ल्यू.आय.पी.ओची कार्यालये जगभरात आहेत, जिनेव्हा, स्वित्झर्लंड त्यांचे मुख्यालय आहे."
2831,718558,D2,Banking,16.433,"मी कुटुंबातील एकमेव कमावती सदस्य आहे , तर मी कर्जासाठी पात्र ठरु शकतो का ?","मी कुटुंबातील एकमेव कमावती सदस्य आहे, तर मी कर्जासाठी पात्र ठरू शकतो का?"
2832,719683,D4,Agriculture,16.0,"मुलांनो , कागदाच्या जास्त वापरामुळे आपली पृथ्वी विस्कळीत होत आहे","मुलांनो, कागदाच्या जास्त वापरामुळे आपली पृथ्वी विस्कळीत होत आहे."
2833,709064,D1,Agriculture,16.417,"घोंगडा , टोप्यो , हातमोजे बनवूक दक्षिण अमेरिकेतल्या अल्पाका फायबरचो उपयोग होता","घोंगडा, टोपी, हातमोजे बनवण्याचे दक्षिण अमेरिकेतील अल्पाका फायबरचा उपयोग होता."
2834,717114,D2,Agriculture,16.433,"रीपर बाईंडर , एक आधुनिक कृषी साधन आहे जे सामान्य कापणी यंत्रा पेक्षा श्रेष्ठ आहे",रीपर बाइंड्हर एक आधुनिक कृषी साधन आहे जे सामान्य कापणी यंत्रापेक्षा श्रेष्ठ आहे
2835,719835,D4,Agriculture,16.0,कृषी रसायनांचा अनियंत्रित वापर जमिनीच्या आरोग्यास हानी पोहोचवतो,कृषी रसायनांचा अनियंत्रित वापर जमिनीच्या आरोग्यास हानी पोहोचवतो
2836,708123,D1,Agriculture,16.417,सुपरमार्केट मध्ये येगयेगळ्या प्रकारच्ये खाऊचे आणि पिऊचे पदार्थ आणि घरगुती उत्पादना असतत,सुपरमार्केटमध्ये वेगवेगळ्या प्रकारचे खाऊचे आणि पिऊचे पदार्थ आणि घरगुती उत्पादने असतात.
2837,715265,D2,Agriculture,16.429,"अभ्यासात बघितल गेल आहे की , शेतीत रसायनांमुळे कॅन्सर होण्याच्या शक्यतेत वाढ झाली आहे",अभ्यासात पाहिले गेले आहे की शेतीत रसायनांमुळे कर्करोग होण्याच्या शक्यतेत वाढ झाली आहे
2838,720326,D4,Agriculture,16.0,उत्पादन मुख्य उत्पादनाची विक्री हरित विक्रेते आणि शेतकऱ्यांच्या बाजारात केली जाते,उत्पादन मुख्य उत्पादनाची विक्री हरित विक्रेते आणि शेतकऱ्यांच्या बाजारात केली जाते
2839,710808,D1,Agriculture,16.417,"पूर्वीच्या मोहिमेत गहु , वाटाणो अंतराळात गेलो नंतरच्या मोहिमेत क्लोरेला पेशी गेले","पूर्वीच्या मोहिमेत गहू, वाटाण अंतराळात गेलो, नंतरच्या मोहिमेत क्लोरेला पेशी गेले."
2840,713738,D2,Banking,16.429,तुम्हले हायब्रीड फंड माहित शे का ? म्युच्युअल फंड भी तेणाच एक प्रकार से,तुम्हाला हायब्रीड फंड माहीत आहे का? म्युच्युअल फंड देखील एक प्रकार आहे.
2841,718735,D4,Banking,16.0,तुम्हाला माहिती आहे का सामाजिक उद्योजक हे ना नफा कमावणारे आहेत,तुम्हाला माहिती आहे का सामाजिक उद्योजक हे नफा कमावणारे आहेत
2842,708951,D1,Banking,16.417,"अल्गोरिदमचो अभ्यास , वित्तीय मोडेल , सिस्टमची जाणीव देणारे कॉम्प्युटर प्रोग्रॅम असत","अल्गोरिदमचा अभ्यास, वित्तीय मॉडेल, सिस्टमची जाणीव देणारे कॉम्प्युटर प्रोग्राम असतात."
2843,717758,D2,Agriculture,16.429,"महाराष्ट्रातून केरळ , गोवा , गुजरात येथे शेतीमाल खरेदी विक्री करता येतो का ?","महाराष्ट्रातून केरळ, गोवा, गुजरात येथे शेतीमाल खरेदी-विक्री करता येते का?"
2844,722410,D4,Agriculture,16.0,डोंगराळ भागात थंडी असल्याने जनावरांसाठी चाऱ्याची टंचाई निर्माण झाली आहे,डोंगराळ भागात थंडी असल्याने जनावरांसाठी चाऱ्याची टंचाई निर्माण झाली आहे
2845,707963,D1,Agriculture,16.417,योग्य जमिनीसाठी योग्य ता पीक निवडणा लय महत्वाचा आसाह्या ध्यानात ठेवूक हव्या,योग्य जमिनीसाठी योग्य पीक निवडणे लक्षात ठेवणे महत्त्वाचे आहे.
2846,713615,D2,Banking,16.429,नवीन पेन्शन योजना हाई येक अंशदान योजना शे जी सेवानिवृत्तीसले बजारशी संबंधित परतावा देस,नवीन पेन्शन योजना ही एक अंशदान योजना जी सेवानिवृत्तीशी संबंधित बाजारशी संबंधित परतावा देते.
2847,722618,D4,Banking,16.0,जेव्हा आरोग्य निरोगीपणाचा विचार केला जातो तेव्हा यशाचे रहस्य संतुलित पोषणामध्ये आहे,जेव्हा आरोग्य निरोगीपणाचा विचार केला जातो तेव्हा यशाचे रहस्य संतुलित पोषणामध्ये आहे
2848,706561,D1,Banking,16.409,कॉर्पोरेट फायनान्स ह्यो वित्त क्षेत्र असा ज्यो निधीच्या स्त्रोतांशी संबंधित असा,कॉर्पोरेट फायनान्स हे वित्त क्षेत्र ज्या निधीच्या स्त्रोतांशी संबंधित आहे.
2849,717563,D2,Agriculture,16.429,टोमॅटो व मिरची एकत्रित लावल्यावर अळी व कीड नियंत्रणासाठी कोणत्या प्रकारचे औषध फवारावे ?,टोमॅटो आणि मिरची एकत्रित लावल्यावर अळी व कीड नियंत्रणासाठी कोणते औषध फवारवे?
2850,720636,D4,Agriculture,16.0,मुलांच्या आरोग्यासाठी राजमाला एक दिवस शाळां मध्येही खायला दिले जाते,मुलांच्या आरोग्यासाठी राजमाला एक दिवस शाळांमध्येही खायला दिले जाते
2851,710277,D1,Agriculture,16.409,तुमका माहित असा हायसिंथ मुळात हलक्या निळा किंवा जांभळा फुल असा,तुमचे माहीत आहे की हायसिंथ मुळात हलका निळा किंवा जांभळा फूल असते
2852,715839,D2,Agriculture,16.429,बटाट्यात बांगड्या रोग आणि मक्याच्या पानावर पांढरे डाग पडणे हे कीटकांमुळे होणारे रोग आहे,बटाट्यात बांगड्या रोग आणि मक्याच्या पानांवर पांढरे डाग पडणे हे कीटकांमुळे होणारे रोग आहेत.
2853,722575,D4,Agriculture,16.0,कृत्रिम साखळीची संकल्पना पुनरुत्पादनाच्या नियंत्रण आणि व्यवस्थापनामध्ये वापरली जाते,कृत्रिम साखळीची संकल्पना पुनरुत्पादनाच्या नियंत्रण आणि व्यवस्थापनामध्ये वापरली जाते
2854,706773,D1,Banking,16.409,व्याजदराची जोखीम म्हणजे बॉण्ड मालकांका व्याजदरांत चढ उतारामुळे उद्भवणारी जोखीम असा,व्याजदराची जोखीम म्हणजे बॉण्ड मालकांका व्याजदरांत चढ-उतारांमुळे उद्भवणारी जोखीम आहे.
2855,713775,D2,Banking,16.429,कोणता भी व्यवसायले पैसा हाऊ आवश्यक साधन शे हाई तुमले माहीत शे का ?,"कोणत्या व्यवसायासाठी कोणते आवश्यक साधन आहे, तुम्हाला माहीत आहे का?"
2856,719467,D4,Agriculture,16.0,अनुवांशिक बदल म्हणजे अनुवांशिकरित्या इंजिनियर केलेले वनस्पती आणि प्राणी वगळणे,अनुवांशिक बदल म्हणजे अनुवांशिकरित्या इंजिनियर केलेले वनस्पती आणि प्राणी वगळणे
2857,706745,D1,Banking,16.409,"स्टॉक एक्स्चेंज , याका सिक्युरिटीज एक्स्चेंज किंवा बोर्स असा सुद्धा म्हणतत","स्टॉक एक्स्चेंज, याचा सिक्युरिटीज एक्स्चेंज किंवा बोर्स असा सुद्धा म्हणत आहे."
2858,717021,D2,Banking,16.429,भारताच्या केंद्रीय अर्थसंकल्पाचे दोन घटकांमध्ये वर्गीकरण केले जाऊ शकते महसूल बजेट आणि भांडवली बजेट,भारताच्या केंद्रीय अर्थसंकल्पाचे दोन घटकांमध्ये वर्गीकरण केले जाऊ शकते महसूल बजेट आणि भांडवली बजेट
2859,719289,D4,Banking,16.0,विविध देशांकडून प्राप्त झालेल्या करमुक्त झोनची रक्कम उलट क्रमांकित केली जाते,विविध देशांकडून प्राप्त झालेल्या करमुक्त झोनची रक्कम उलट क्रमांकित केली जाते
2860,724824,D1,Banking,16.395,"केंद्रीय बँक , रिझर्व्ह बँक , ही येक संस्था असा जी एखाद्या राज्याचा चलन आणि चलनविषयक धोरण व्यवस्थापित करता",केंद्रीय बँक आणि रिझर्व्ह बँक ही एक संस्था आहे जी एखाद्या राज्याचे चलन आणि चलनविषयक धोरण व्यवस्थापित करते
2861,715792,D2,Banking,16.429,प्रत्यक्ष कर आणि अप्रत्यक्ष कर दोन्ही करांमध्ये मुख्य अंतर त्यांच्या अंमलबजावणी मध्ये समाविष्ट आहे,प्रत्यक्ष कर आणि अप्रत्यक्ष कर दोन्ही करांमध्ये मुख्य अंतर त्यांच्या अंमलबजावणीत समाविष्ट आहे
2862,720114,D4,Agriculture,16.0,कृत्रिम त्वचा अधिक छान राहावी यासाठी संशोधक नवीन तंत्र विकसित केले आहे,कृत्रिम त्वचा अधिक छान राहावी यासाठी संशोधकांनी नवीन तंत्र विकसित केले आहे
2863,708036,D1,Banking,16.389,व्यावसायिक बँकिंग त्या व्यावसायिक ग्राहकांमधील कॉर्पोरेट बँकिंगपेक्षा येगळा आसा,व्यावसायिक बँकिंग व्यावसायिक ग्राहकांमधील कॉर्पोरेट बँकिंगपेक्षा हे आहे.
2864,715714,D2,Agriculture,16.423,निरज तुला माहिती आहे का ? कुळिथच्या शेतीसाठी जांभी मृदा खुप उपयोगी आहे,निरज तुला माहिती आहे का ? कुळिथच्या शेतीसाठी जमीन खूप उपयोगी आहे
2865,719186,D4,Agriculture,16.0,व्हीडी फॉलो आणि स्वयंसेवी पिके जमिनीतील कीड़े तयार करण्यास प्रोत्साहन देतात,व्हीडी फॉलो आणि स्वयंसेवी पिके जमिनीतील कीटक तयार करण्यास प्रोत्साहन देतात
2866,710379,D1,Agriculture,16.375,माझ्या काकांनी माझ्या कमजोर डोळ्यांसाठी आवळो खाऊक सांगितल्यानी,माझ्या काकांनी माझ्या कमजोर डोळ्यांसाठी काय खाऊक सांगितली.
2867,716659,D2,Banking,16.423,वित्तिय इंजिनियर नवीन गुंतवणूक उपकरण आणि विश्लेषणाच्या पद्धतींचे परीक्षण आणि त्यांना लागू करतात,वित्तिय इंजिनियर नवीन गुंतवणूक उपकरण आणि विश्लेषणाच्या पद्धतींचे परीक्षण करून त्यांना लागू करतात.
2868,722301,D4,Banking,16.0,सांस्कृतिक उद्योजकता कला आणि संस्कृतीच्या माध्यमातून अर्थ व्यवस्था सुधारते,सांस्कृतिक उद्योजकता कला आणि संस्कृतीच्या माध्यमातून अर्थ व्यवस्था सुधारते
2869,707163,D1,Banking,16.375,तुमच्यो कर्जाची स्थिती जाणून घेऊक तुम्ही ग्राहक सेवो विभागाक कॉल करू शकता किंवा ईमेल करू शकता,तुम्ही तुमच्या कर्जाची स्थिती जाणून घेण्यासाठी ग्राहक सेवा विभागाला कॉल करू शकता किंवा ईमेल करू शकता
2870,716178,D2,Agriculture,16.423,"शेती अर्थशास्त्र खाद्य , फायबरचे उत्पादन , वितरण यातील आर्थिक सिद्धांतानशी संबंधित आहे","शेती अर्थशास्त्र खाद्य, फायबरचे उत्पादन, वितरण यातील आर्थिक सिद्धांतानशी संबंधित आहे"
2871,720272,D4,Banking,16.0,आकडेवारीचा अभ्यास करून निष्कर्ष काढण्यासाठी आकडेवारी वापरली जाते,आकडेवारीचा अभ्यास करून निष्कर्ष काढण्यासाठी आकडेवारी वापरली जाते
2872,724938,D1,Banking,16.375,"खायच्याव कर्मचाऱ्याच्या भविष्य निधीसाठी , सरकार पगारातसून जितकी रक्कम कापता , तितकीच रक्कम स्वतः कडसून भरता","कर्मचाऱ्याच्या भविष्य निधीसाठी सरकार पगारातून जी रक्कम कापते, तीच रक्कम स्वतःच्या खिशातून भरतो."
2873,717877,D2,Agriculture,16.417,सोनखतापासून जमिनीची धूप थांबेल का ? त्यासाठी आणखी कोणती खते वापरावीत ?,सोनखतापासून जमिनीची धूप थांबेल का? त्यासाठी आणखी कोणती खते वापरावीत?
2874,719380,D4,Banking,16.0,मिलेनियल एंटरप्रेन्योरशिप तुम्हाला तुमचे एंटरप्राइझचे स्वप्न साकार करण्यात मदत करू शकते,मिलेनियल एंटरप्रेन्योरशिप तुम्हाला तुमचे एंटरप्राइझचे स्वप्न साकार करण्यात मदत करू शकते
2875,707924,D1,Agriculture,16.357,"मृदा संवर्धन , माती दुरुस्ती आणि योग्य मृदा आरोग्य ह्या सगळा मृदा व्यवस्थापनेत येता","मृदा संवर्धन, माती दुरुस्ती आणि योग्य मृदा आरोग्य ह्या सर्व मृदा व्यवस्थापनात येतात."
2876,716815,D2,Banking,16.417,तुम्हाला विम्याची रक्कम मुदतीच्या प्रीमियममध्ये परत मिळेल परंतु कमी वाढ दराने मिळेल,तुम्हाला विम्याची रक्कम मुदतीच्या प्रीमियममध्ये परत मिळेल परंतु कमी वाढ दराने मिळेल.
2877,721672,D4,Banking,16.0,नफ्याच्या तत्त्वानुसार व्यापारातील अडथळे जागतिक अर्थ व्यवस्थेसाठी हानिकारक आहेत,नफ्याच्या तत्त्वानुसार व्यापारातील अडथळे जागतिक अर्थ व्यवस्थेसाठी हानिकारक आहेत
2878,706432,D1,Banking,16.346,गहाणखत फसवणूक म्हनजे जी फसवणूक सावकाराच्या एजंटद्वारा ग्राहकाची दिशाभूल किंवा फसवणूक केल्यावर होता,गहाणखत फसवणूक म्हणजे ती फसवणूक जी सावकाराच्या एजंटद्वारे ग्राहकाची दिशाभूल किंवा फसवणूक केल्यावर होते.
2879,716435,D2,Banking,16.417,सहकारी बँकिंग युनियन बचत बँका निर्माण समिती आणि सहकारी संस्थांनी बनवल्या आहेत,सहकारी बँकिंग युनियन बचत बँका निर्माण समिती आणि सहकारी संस्थांनी बनवल्या आहेत
2880,720217,D4,Agriculture,16.0,पर्माकल्चर शेतीमध्ये वापरल्या जाणाऱ्या जमिनीच्या पर्यावरणावर लक्ष केंद्रित करते,पर्माकल्चर शेतीमध्ये वापरल्या जाणाऱ्या जमिनीच्या पर्यावरणावर लक्ष केंद्रित करते
2881,709350,D1,Banking,16.346,उच्च मिळकत असणाऱ्या देशांत मध्यम मिळकत असणाऱ्या देशांच्या तुलनेत कमी व्यापारी समस्या असतत,उच्च उत्पन्न असणाऱ्या देशांमध्ये मध्यम उत्पन्न असणाऱ्या देशांच्या तुलनेत कमी व्यापारी समस्या आहेत.
2882,715852,D2,Banking,16.417,"बाजारामध्ये मिळणाऱ्या सामानावर एक लेबल लावलेले असत , त्याला वर्णनात्मक लेबल म्हणतात","बाजारामध्ये मिळणाऱ्या सामानावर एक लेबल लावलेले असते, त्याला वर्णनात्मक लेबल म्हणतात."
2883,722484,D4,Agriculture,16.0,माझ्या मित्राने सांगितले की लसूण खाल्ल्याने पोटातील वायु दोष दूर होतो,माझ्या मित्राने सांगितले की लसूण खाल्ल्याने पोटातील वायू दोष दूर होतो
2884,709957,D1,Banking,16.333,पैशाची अधिक गुंतवणूक विशेष रूपातले व्यक्तिगत पैशै मालमत्तेतील अधिक गुंतवणूक दाखवून देतत,पैशाची अधिक गुंतवणूक विशेष रूपातले व्यक्तिगत मालमत्तेतील अधिक गुंतवणूक दाखवून देत आहे
2885,714669,D2,Banking,16.409,गनज दाव मॉडल चुकीनाकर व्हवामुये मॉडल जोखीम निर्माण व्हवानी शक्यता रहास,अनेक दावे मॉडेल चुकीचे वामुयये मॉडेल जोखीम निर्माण करण्याची शक्यता आहे का?
2886,722101,D4,Agriculture,16.0,राजू रबराच्या झाडाची उंची त्रेचाळीस मीटर असून सहा ते सात वर्षांनी झाड पहिले उत्पादन देते,राजूच्या रबराच्या झाडाची उंची त्रेचाळीस मीटर असून सहा ते सात वर्षांनी झाड पहिले उत्पादन देते
2887,709193,D1,Agriculture,16.333,माझ्या गावात द्राक्षांची मोप बागा हत मिया गावात गेल्यार मोप द्राक्षा खातंय,"माझ्या गावात द्राक्षांची मोप बागा आहेत, माझ्या गावात गेल्यार मोप द्राक्षा खात आहेत."
2888,715314,D2,Banking,16.409,आर्थिक जोखिम वित्तपुरवठ्याशी जोडल्या गेलेल्या अनेक प्रकारांच्या जोखिमिमधून एक जोखिम आहे,आर्थिक जोखिम वित्तपुरवठ्याशी जोडल्या गेलेल्या अनेक प्रकारांच्या जोखिमिमधून एक जोखिम आहे
2889,722807,D4,Agriculture,16.0,नेमाटोड्स मारण्यासाठी परजीवी नेमाटाइड्स वापरतात,नेमाटोड्स मारण्यासाठी परजीवी नेमाटाइड्स वापरतात
2890,706573,D1,Banking,16.324,"एक नैतिक बँक , ज्याका सामाजिक , पर्यायी , नागरी किंवा शाश्वत बँक म्हणून सुद्धा ओळखला जाता","एक नैतिक बँक जी सामाजिक, पर्यायी, नागरी किंवा शाश्वत बँक म्हणून सुद्धा ओळखली जाते"
2891,713776,D2,Agriculture,16.409,लिग्नोसेल्यूलोसिक बायोमास एक जैविक इंधन शे ते एक सभव्य स्त्रोत म्हणतस,लिग्नोसेल्यूलोसिक बायोमास एक जैविक इंधन आणि तो एक संभव्य स्त्रोत आहे
2892,718829,D4,Agriculture,16.0,हे फोर्क उपकरण गवताची पेंढा सहज उचलण्यासाठी आणि फेकण्यासाठी वापरली जातात,हे फोर्क उपकरण गवताची टोक सहज उचलण्यासाठी आणि फेकण्यासाठी वापरली जातात
2893,710002,D1,Banking,16.324,"भारत बँकांच्या यादीत एकोणपन्नासव्या नंबरावर हा , भारताची स्टेट बँक ऑफ इंडिया ही बँक एका नंबरावर हा",भारताच्या बँकांच्या यादीत पंचवीस क्रमांकावर भारताची स्टेट बँक ऑफ इंडिया ही बँक एका क्रमांकावर आहे.
2894,718281,D2,Banking,16.409,माझ्या ठेवीची अंतिम रक्कम परस्पर माझ्या खात्यात जमा होईल का ?,माझ्या ठेवीची अंतिम रक्कम परस्पर माझ्या खात्यात जमा होईल का?
2895,722613,D4,Banking,16.0,बँक स्टेटमेंट हा दिलेल्या कालावधीत होणाऱ्या आर्थिक व्यवहारांचा अधिकृत सारांश असतो,बँक स्टेटमेंट हा दिलेल्या कालावधीत होणाऱ्या आर्थिक व्यवहारांचा अधिकृत सारांश असतो
2896,707104,D1,Banking,16.318,भारतीय लेखा मानक ह्या लेखा मानक मंडळाच्यो देखरेखीखाली जारी केला जाता,भारतीय लेखा मानक हे लेखा मानक मंडळाच्या देखरेखीखाली जारी केले जातात
2897,713060,D2,Banking,16.409,आर.टी.जी.एस नी किमान रक्कम दोन लाख शे हाई राहुलले माहीत शे,आर.टी.जी.एस. ची किमान रक्कम दोन लाख राहुलला माहीत आहे.
2898,719803,D4,Agriculture,16.0,गोबर गॅस प्लांट बायोगॅस जीवाश्म इंधन किंवा मृत जैव पदार्थांपासून बनवता येतो,गोबर गॅस प्लांट बायोगॅस जीवाश्म इंधन किंवा मृत जैव पदार्थांपासून बनवता येतो
2899,707072,D1,Banking,16.3,मनी मार्केट खात्याक मनी मार्केट डिपॉझिट खाता असा सुद्धा म्हणतत,मनी मार्केट खात्याचे मनी मार्केट डिपॉझिट खाते असे सुद्धा म्हणत आहेत
2900,715477,D2,Banking,16.409,"क्रिप्टोकरेंसी , आभासी मुद्रा आणि केंद्रीय बँक डिजिटल मुद्रा समाविष्ट आहेत","क्रिप्टोकरन्सी, आभासी मुद्रा आणि केंद्रीय बँक डिजिटल मुद्रा समाविष्ट आहेत"
2901,722497,D4,Agriculture,16.0,"युनायटेड नेशन्सच्या फूड ॲग्रीकल्चर ऑर्गनायझेशननुसार , रशिया हा बार्लीचा सर्वात मोठा उत्पादक आहे",युनायटेड नेशन्सच्या फूड ॲग्रीकल्चर ऑर्गनायझेशननुसार रशिया हा बार्लीचा सर्वात मोठा उत्पादक आहे
2902,710989,D1,Banking,16.3,"लक्झेंबर्ग , मोनाको , हाँगकाँग , सिंगापूर , आर्यलंड आणि लेबनॉनमध्ये बँकिंग गुप्तता प्रचलित असा","लक्झेंबर्ग, मोनाको, हाँगकाँग, सिंगापूर, आर्यलंड आणि लेबनॉनमध्ये बँकिंग गुप्तता प्रचलित आहे."
2903,717004,D2,Agriculture,16.4,गार्डन ग्रीनहाऊस उबदार हंगामातील वनस्पतींसाठी वर्षभर उबदार वातावरण तयार करतात,गार्डन ग्रीनहाऊस उबदार हंगामातील वनस्पतींसाठी वर्षभर उबदार वातावरण तयार करतात
2904,722890,D4,Agriculture,16.0,माझ्या मित्राने मला सांगितले की शालॉट्स ही कांद्याची सुधारित जात आहे,माझ्या मित्राने मला सांगितले की शालॉट्स ही कांद्याची सुधारित जात आहे
2905,706853,D1,Banking,16.3,रिअल इस्टेट अर्थशास्त्र म्हणजे रिअल इस्टेट मार्केटात आर्थिक तंत्रांचो वापर,रिअल इस्टेट अर्थशास्त्र म्हणजे रिअल इस्टेट मार्केटमध्ये आर्थिक तंत्राचा वापर
2906,716361,D2,Agriculture,16.4,तुरडाळ सांबर बनवण्यासाठी तर चनाडाळ स्वादिष्ट चाट बनवण्यासाठी वापरली जाते,तुरडाळ सांबर बनवण्यासाठी तर चनाडाळ स्वादिष्ट चाट बनवण्यासाठी वापरली जाते
2907,722801,D4,Agriculture,16.0,मेंढ्यांना प्रभावित करणारे सर्वात सामान्य क्लोस्ट्रिडियल रोग आहेत,मेंढ्यांना प्रभावित करणारे सर्वात सामान्य क्लोस्ट्रिडियल रोग आहेत
2908,708938,D1,Banking,16.286,"योजनेचो लाभ अनुसुचित जाती , जन जाती , महिला , दिव्यांग आणि अल्पसंख्यांकाका मिळतलो","या योजनेचा लाभ अनुसुचित जाती, जन जाती, महिला, दिव्यांग आणि अल्पसंख्यांकांना मिळत होता."
2909,716802,D2,Banking,16.4,व्यापार वित्तपुरवठा पारंपारिक वित्तपुरवठा किंवा क्रेडिट जारी करण्यापेक्षा वेगळा आहे,व्यापार वित्तपुरवठा पारंपारिक वित्तपुरवठा किंवा क्रेडिट जारी करण्यापेक्षा वेगळा आहे
2910,722122,D4,Agriculture,16.0,इंग्रजांनी भारतात चहाचा वापर वाढवण्यासाठी इंडियन टी असोसिएशनची स्थापना केली,इंग्रजांनी भारतात चहाचा वापर वाढवण्यासाठी इंडियन टी असोसिएशनची स्थापना केली
2911,706796,D1,Banking,16.269,"व्यवसायाचो स्वरूप , व्यवसायाचो आकार , मालकांन गुंतवलेला भांडवल ह्या निश्चित भांडवल असा","व्यवसायाचे स्वरूप, व्यवसायाचा आकार, मालकांनी गुंतवलेले भांडवल हे निश्चित भांडवल आहे."
2912,717258,D2,Banking,16.357,"जोडलेल्या कर्जांमध्ये , कर्ज अर्जदार आणि बँका आणि कर्ज देणाऱ्या बँकांमध्ये नियमित संबंध असतो",जोडलेल्या कर्जांमध्ये कर्ज अर्जदार आणि बँका तसेच कर्ज देणाऱ्या बँकांमध्ये नियमित संबंध असतो.
2913,718924,D4,Agriculture,16.0,कोडो बाजरीचा पेरणीचा हंगाम जूनच्या मध्यापासून ते जुलैच्या शेवट पर्यंत असतो,बाजरीच्या पेरणीचा हंगाम जूनच्या मध्यापासून ते जुलैच्या शेवटी असतो.
2914,709365,D1,Banking,16.269,"एक्सचेंजचा माध्यम कमोडीटी मनी , रिप्रेझेंटेटिव मनी , क्रिप्टोकरंसी आणि फिएट मनी असा","एक्सचेंजचे माध्यम कमोडिटी मनी, रिप्रेझेंटेटिव्ह मनी, क्रिप्टोकरन्सी आणि फिएट मनी असे आहे."
2915,716302,D2,Agriculture,16.333,"हायड्रोपोनिक्स पद्धतीमध्ये फॉस्फरस , झिंक , सल्फर , कॅल्शियम इत्यादी पोषकतत्व असतात","हायड्रोपोनिक्स पद्धतीमध्ये फॉस्फरस, झिंक, सल्फर, कॅल्शियम इत्यादी पोषकतत्व असतात"
2916,720819,D4,Agriculture,16.0,हॉल्म टॉपर हे एक कृषी यंत्र आहे जे बटाट्याची कापणी करण्यापूर्वी बटाट्याचे दांडे कापते,हॉल्म टॉपर हे एक कृषी यंत्र आहे जे बटाट्याची कापणी करण्यापूर्वी बटाट्याचे दांडे कापते
2917,710302,D1,Agriculture,16.25,नैसर्गिक रबर झाडांपासून तयार होता तर कृत्रिम रबर वेगवेगळ्या प्रक्रियांनी तयार होता,नैसर्गिक रबर झाडांपासून तयार होते तर कृत्रिम रबर वेगवेगळ्या प्रक्रियांनी तयार होते
2918,716900,D2,Banking,16.312,बँक खाते हे एक आर्थिक खाते आहे ज्यामध्ये बँक आणि ग्राहक यांच्यातील आर्थिक व्यवहार नोंदवले जातात,बँक खाते हे एक आर्थिक खाते आहे ज्यामध्ये बँक आणि ग्राहक यांच्यातील आर्थिक व्यवहार नोंदवले जातात
2919,721005,D4,Agriculture,16.0,उत्तर रबराची लागवड साधारणपणे वृक्षारोपणासारख्या मोठ्या क्षेत्रात केली जाते,उत्तर रबराची लागवड साधारणपणे वृक्षारोपणासारख्या मोठ्या क्षेत्रात केली जाते
2920,708027,D1,Banking,16.222,"वैयक्तिक वित्त , कॉर्पोरेट वित्त , सार्वजनिक वित्त , ह्ये वित्ताचे तीन प्रकार आसत , ह्या ध्यानात ठेव","वैयक्तिक वित्त, कॉर्पोरेट वित्त, सार्वजनिक वित्त हे वित्ताचे तीन प्रकार आहेत, या ध्यानात ठेवा."
2921,715321,D2,Banking,16.25,"आर्थिक सेवांमध्ये क्रेडिट युनियन , बँक , क्रेडिट कार्ड कंपनी , विमा कंपनी इत्यादी समाविष्ट आहे","आर्थिक सेवांमध्ये क्रेडिट युनियन, बँक, क्रेडिट कार्ड कंपनी, विमा कंपनी इत्यादी समाविष्ट आहे."
2922,722643,D4,Banking,16.0,फ्रान्समधील जवळपास सर्व एटीएम व्हिसा आणि मास्टरकार्ड स्वीकारतात,फ्रान्समधील जवळपास सर्व एटीएम व्हिसा आणि मास्टरकार्ड स्वीकारतात
2923,707193,D1,Banking,16.0,देय बिल ह्या सुनिश्चित करता की प्रलंबित लाभांश देयका विशिष्ट पक्षास पात्र असता,देय बिल असे सुनिश्चित करा की प्रलंबित लाभांश देयका विशिष्ट पक्षास पात्र आहे
2924,714927,D2,Agriculture,16.0,"गांज्याचे पीक तयार झाल्यावर गांज्याची काढणी केली जाते , त्याचा उपयोग औषधात केला जातो","गांज्याचे पीक तयार झाल्यावर गांज्याची काढणी केली जाते, त्याचा उपयोग औषधांमध्ये केला जातो."
2925,718728,D4,Banking,16.0,पी.एम.ए.वाई एकतीस मार्च हजार बावीस पर्यंत दोन कोटी घरे बांधण्याचे या योजनेचे उद्दिष्ट आहे,पी.एम.ए.वाई एकतीस मार्च हजार बावीस पर्यंत दोन कोटी घरे बांधण्याचे या योजनेचे उद्दिष्ट आहे
2926,710672,D1,Agriculture,16.0,गुरांच्या पालनपोषण आणि प्रजननासाठी हराची शेती केली जाता,गुरांच्या पालनपोषण आणि प्रजननासाठी हिरवी शेती केली जाते
2927,715972,D2,Agriculture,16.0,माझे वडील प्रत्येक वर्षी वेगळ्या प्रकारच्या डाळी सेंद्रिय शेती करतात,माझे वडील प्रत्येक वर्षी वेगळ्या प्रकारच्या डाळींची सेंद्रिय शेती करतात
2928,722526,D4,Banking,16.0,"संवेदनशीलता दोन गोष्टींवर अवलंबून असते , बॉण्डची मॅच्युरिटी होण्याची वेळ आणि बाँडचा कूपन दर","संवेदनशीलता दोन गोष्टींवर अवलंबून असते, बॉण्डची मॅच्युरिटी होण्याची वेळ आणि बाँडचा कूपन दर"
2929,706833,D1,Banking,16.0,त्यांचा लक्ष मागील पिढ्यांनी आकांक्षा असलेला कार्य जीवन संतुलन उलथून टाकणा असा,त्यांच्या लक्षामुळे मागील पिढ्यांनी आकांक्षा असलेले कार्य-जीवन संतुलन उलथून टाकले आहे.
2930,716443,D2,Banking,16.0,"अटल पेन्शन योजनेसाठी आधार कार्ड आणि मोबाईल क्रमांक आवश्यक आहे , ज्याद्वारे लाभ सुनिश्चित केला जाईल","अटल पेन्शन योजनेसाठी आधार कार्ड आणि मोबाईल क्रमांक आवश्यक आहे, ज्याद्वारे लाभ सुनिश्चित केला जाईल."
2931,722474,D4,Banking,16.0,भारतीय अर्थव्यवस्थेतील नाणेनिधी हे विलंबित पेमेंटसाठी मानक व्यवस्थेचे उदाहरण आहे,भारतीय अर्थव्यवस्थेतील नाणेनिधी हे विलंबित पेमेंटसाठी मानक व्यवस्थेचे उदाहरण आहे
2932,710376,D1,Agriculture,16.0,मरीकल्चरमध्ये चांगलो मानवी आहार आणि अस्थिर मत्स्य पालनाचा क्रमाक्रमान निर्मूलन होता,मरीकल्चरमध्ये चांगला मानवी आहार आणि अस्थिर मत्स्य पालनाचा क्रम निर्मूलन झाला.
2933,715301,D2,Agriculture,16.0,"आम्हा शेतकऱ्यांना पाण्याचा योग्य उपयोग , पर्यावरणाची काळजी घेऊन शेती करण्याचे सांगितले","आम्ही शेतकऱ्यांना पाण्याचा योग्य उपयोग करून, पर्यावरणाची काळजी घेऊन शेती करण्याचे सांगितले."
2934,721553,D4,Agriculture,16.0,एपिलॉजी सुपरफॅमिली अपोइडियामधील क्लेड अँथोफिला मध्ये आढळणाऱ्या प्रजातींचा समावेश करते,एपिलॉजी सुपरफॅमिली अपोइडियामधील क्लेड अँथोफिलामध्ये आढळणाऱ्या प्रजातींचा समावेश करते
2935,708893,D1,Banking,16.0,कोणत्या पण देशाच्या अर्थव्यवस्थेक नीट ठेऊक वेळेवेळेवर पैसो येत रव्हाक व्हयो,कोणत्या पण देशाच्या अर्थव्यवस्थेत नीट वेळेवर पैसे येत आहेत.
2936,716430,D2,Banking,16.0,आरोग्य विमा ज्यामध्ये वैद्यकीय खर्च करणाऱ्या व्यक्तीच्या संपूर्ण जोखमीचा समावेश होतो,आरोग्य विमा ज्यामध्ये वैद्यकीय खर्च करणाऱ्या व्यक्तीच्या संपूर्ण जोखमीचा समावेश होतो
2937,724383,D4,Banking,16.0,"निधी हस्तांतरण इतर आर्थिक उत्पादनांसाठी आवश्यक समर्थन कार्य आहे जसे कर्जाची परतफेड , व्यवसाय बिल पुर्तता होय ई","निधी हस्तांतरण इतर आर्थिक उत्पादनांसाठी आवश्यक समर्थन कार्य आहे जसे कर्जाची परतफेड, व्यवसाय बिल पूर्ण होते."
2938,706653,D1,Banking,16.0,"उत्तरदायित्व सर्वसाधारणपणे वजा केला जाता , म्हणून त्याका कधीकधी निव्वळ संपत्ती कर म्हणतत","उत्तरदायित्व सर्वसाधारणपणे वजा केले जाते, म्हणून ते कधीकधी निव्वळ संपत्ती म्हणते."
2939,716784,D2,Agriculture,16.0,फ्युमिगंट नेमॅटिकाइड्स मातीच्या जागेत गॅसच्या रुपता वेगाने पसरतात,फ्युमिगंट नेमॅटिकाइड्स मातीच्या जागेत गॅसच्या रूपात वेगाने पसरतात
2940,718847,D4,Agriculture,15.933,"मारवाडी मेंढ्या राजस्थानात आढळतात , तिचे पाय लांब , तोंड काळे आणि शरीर पांढरे असते","मारवाडी मेंढ्या राजस्थानात आढळतात, त्यांचे पाय लांब, तोंड काळे आणि शरीर पांढरे असते."
2941,709428,D1,Agriculture,16.0,ग्रीनहाऊस धूळ बर्फाच्या वादळापासून वनस्पतींचा संरक्षण करतत,ग्रीनहाऊस धूळ बर्फाच्या वादळापासून वनस्पतींचे संरक्षण करत आहे
2942,716297,D2,Agriculture,16.0,"हाऊल टॉपर एक प्रकारचं शेतीच मशीन आहे , याचा वापर हलकेसे गवत कापण्यासाठी केला जातो","हाऊल टॉपर एक प्रकारचं शेतीचे मशीन आहे, याचा वापर हलकेसे गवत कापण्यासाठी केला जातो."
2943,720228,D4,Agriculture,15.933,"पेन आणि बिया दोन्ही वापरून गुलाब लावता येतो , घरीही गुलाब लावायला प्राधान्य दिले जाते","पेन आणि बिया दोन्ही वापरून गुलाब लावला जातो, घरीही गुलाब लावायला प्राधान्य दिले जाते."
2944,709882,D1,Banking,16.0,चक्रवाढ पद्धतीच्या व्याजाने वेळे बरोबर छोटीशी गुंतवणूकही संपत्तीच्या स्वरूपात बदलू शकता,चक्रवाढ पद्धतीच्या व्याजाने वेळेनुसार छोटीशी गुंतवणूकही संपत्तीच्या स्वरूपात बदलू शकते.
2945,715037,D2,Banking,16.0,पे रोल ची सर्व माहिती कंपनीच्या मनुष्य बळ व विकास विभागाकडे असते,पे रोलची सर्व माहिती कंपनीच्या मनुष्यबळ व विकास विभागाकडे असते
2946,719437,D4,Banking,15.929,"तुम्ही सरकारी बॉण्ड्स मध्ये गुंतवणूक करू शकता , हे बॉण्ड्स अगदी सुरक्षित मानले जातात","तुम्ही सरकारी बॉण्ड्समध्ये गुंतवणूक करू शकता, हे बॉण्ड्स अगदी सुरक्षित मानले जातात."
2947,707921,D1,Agriculture,16.0,"मुळात दोन प्रकारची जाळी असतत , नदी किंवा भरती ओहोटीच्या क्षेत्रात कायमस्वरूपी रचना","मुळात दोन प्रकारची जाळी अस्तित्वात आहेत, नदी किंवा भरती ओहोटीच्या क्षेत्रात कायमस्वरूपी रचना."
2948,715910,D2,Agriculture,16.0,भारतामध्ये पिक ऋतुमानानुसार गहू रब्बीच्या पिकांचे मुख्य उत्पादन आहे,भारतामध्ये पिक ऋतुमानानुसार गहू रब्बीच्या पिकांचे मुख्य उत्पादन आहे
2949,721759,D4,Banking,15.929,"अपघात , वैद्यकीय खर्च , अपंगत्व किंवा अपघाती मृत्यू यांसारख्या नुकसानीचा विमा समाविष्ट आहे","अपघात, वैद्यकीय खर्च, अपंगत्व किंवा अपघाती मृत्यू यांसारख्या नुकसानीचा विमा समाविष्ट आहे."
2950,707588,D1,Agriculture,16.0,"तुका ठाऊक हा , उष्णतेमुळे गव्हाचा पीक उन्हाळ्यात पिकता",उष्णतेमुळे गव्हाचा पीक उन्हाळ्यात पिकते
2951,713598,D2,Banking,16.0,जवा जास्त पैसा एका टाईम ला देता येस नई तवा चेक वापरतस,जास्त पैसा एका वेळी देता येता नाही तवा चेक वापरतास
2952,720313,D4,Agriculture,15.929,"पशुधनामध्ये म्हैस , दक्षिण अमेरिकन कॅमेलिड्स , अल्पाका आणि लामा या प्रजातींचा समावेश होतो","पशुधनामध्ये म्हैस, दक्षिण अमेरिकन कॅमेलिड्स, अल्पाका आणि लामा या प्रजातींचा समावेश होतो."
2953,709017,D1,Banking,16.0,विकास आणि अन्य उपायांनी आजिविकेच्या संधींमध्ये वाढ करून गरिबी कमी करुची हा,विकास आणि अन्य उपायांनी आजिविकेच्या संधींमध्ये वाढ करून गरिबी कमी केली.
2954,716999,D2,Agriculture,16.0,आजकाल शास्त्रज्ञांनी लाकूड उत्पादनाचे नवीन मार्ग शोधले आहेत,आजकाल शास्त्रज्ञांनी लाकूड उत्पादनाचे नवीन मार्ग शोधले आहेत
2955,720975,D4,Agriculture,15.929,"पेरू हा भूमध्य , ओरिएंटल , मेक्सिकन आणि कॅरिबियन फळांच्या माश्यांचा प्रमुख यजमान आहे","पेरू हा भूमध्य, ओरिएंटल, मेक्सिकन आणि कॅरिबियन फळांच्या माश्यांचा प्रमुख यजमान आहे"
2956,709851,D1,Agriculture,16.0,कृषी भौतिकशास्त्रामार्फत मातीची गुणवत्ता तपासली जाता,कृषी भौतिकशास्त्रामार्फत मातीची गुणवत्ता तपासली जाते
2957,714095,D2,Banking,16.0,"एन.आय.सी ना फायदामझार मातृत्व भत्ता , शोकलाभ आणि मूलभूत राज्य निवृतीना पगार भी भेटस","एनआयसीचे फायदामझार मातृत्व भत्ता, शोकलाभ आणि मूलभूत राज्य निवृत्तीचे पगार देखील मिळतात."
2958,721038,D4,Agriculture,15.929,"कृषी व्यवस्थेतील जमीन , श्रम , भांडवलशाही संसाधनांची उपलब्धता शेतीच्या व्यवस्थेवर अवलंबून असू शकते","कृषी व्यवस्थेतील जमीन, श्रम आणि भांडवलशाही संसाधनांची उपलब्धता शेतीच्या व्यवस्थेवर अवलंबून असू शकते."
2959,709983,D1,Banking,16.0,बँक खात्याचे के.वाय.सी याच्यासाठीच केले जाता कि गिरायकांची ओळख पटोक व्हयी,बँक खात्याच्या के.वाय.सीसाठीच ग्राहकांची ओळख पटवण्यासाठी केले जाते.
2960,714748,D2,Banking,16.0,दीनदयाल उपाध्याय अंतोदय योजना द्वारे खेडामझारल्या बायास्लेबी प्रशिक्षण भेटस,दीनदयाल उपाध्याय अंतोदय योजनेद्वारे खेडामझारल्या बायास्लेबी प्रशिक्षण मिळते
2961,723745,D4,Banking,15.923,मले गहान न ठेवता कर्ज कस भेटन त्यासाठी मले का करा लागन ?,"मला गहाण न ठेवता कर्ज कसे मिळते, त्यासाठी मला का करावे लागते?"
2962,707622,D1,Agriculture,16.0,"तुमका माहीत आसा का , मिरीस्टिकाच्या झाडाच्या बियांका जायफळ म्हणतत ?","तुमचे माहीत आहे का, मिरीस्टिकाच्या झाडाच्या बियांका जायफळ म्हणत आहेत?"
2963,713562,D2,Agriculture,16.0,जास्तीना दूधदुभता जनावरेस्नं दूध काढाले पाइपलाइन वापरतंस का ?,जास्तीचे दूध देणाऱ्या जनावरांकडून दूध काढण्यासाठी पाइपलाइन वापरत आहात का?
2964,719348,D4,Banking,15.923,"एन्युटी फायनान्स च्या शब्दात , एन्युटी म्हणजे खात्यात किंवा बाहेर रोखीचा नियमित प्रवाह","एन्युटी फायनान्सच्या शब्दांत, एन्युटी म्हणजे खात्यात किंवा बाहेर रोखीचा नियमित प्रवाह."
2965,706612,D1,Banking,16.0,गहाण कर्जाची रचना सामान्यतः दीर्घकालीन कर्जा म्हणून केली जाता,गहाण कर्जाची रचना सामान्यतः दीर्घकालीन कर्जा म्हणून केली जाते
2966,716520,D2,Agriculture,16.0,पर्यवेक्षण दुग्धालय उत्पादन व्यापार ताज्या दुधाच्या कराराच्या कामगिरीची पुर्तता करते,पर्यवेक्षण दुग्धालय उत्पादन व्यापार ताज्या दुधाच्या कराराच्या कामगिरीची पूर्तता करते
2967,721999,D4,Banking,15.923,"पी.एम.जे.डी.वाई पात्रता भारताच्या नागरिकाकडे , किमान दहा वर्षे , कोणतेही खाते असू नये","पी.एम.जे.डी.वाई पात्रतेसाठी भारताच्या नागरिकांकडे किमान दहा वर्षे, कोणतेही खाते असू नये."
2968,707405,D1,Banking,16.0,कमोडिटी मार्केट उत्पादित उत्पादनांऐवजी प्राथमिक आर्थिक क्षेत्रात व्यापार करता,कमोडिटी मार्केट उत्पादित उत्पादनांऐवजी प्राथमिक आर्थिक क्षेत्रात व्यापार करता
2969,716428,D2,Banking,16.0,नियमित बचत बँक खात्याच्या तुलनेत एफ.डी वर दिलेला व्याजदर खूप जास्त आहे,नियमित बचत बँक खात्याच्या तुलनेत एफ.डी वर दिलेला व्याजदर खूप जास्त आहे
2970,719566,D4,Banking,15.923,पंचावन्न टक्क्यांहून अधिक नवीन कार आणि अर्ध्या वापरलेल्या गाड्या कार कर्जावर घेतल्या जातात,पंचावन्न टक्क्यांहून अधिक नवीन कार आणि अर्ध्या वापरलेल्या गाड्या कर्जावर घेतल्या जातात
2971,710728,D1,Banking,16.0,डे ट्रेडर्स सामान्यतः मार्जिन लोनसारख्या लीव्हरेजचो वापर करतत,डे ट्रेडर्स सामान्यतः मार्जिन लोनसारख्या लीव्हरेजचा वापर करत आहेत
2972,715318,D2,Banking,16.0,आर्थिक संस्थानांना जे त्या बाजारांमध्ये मध्यस्थांच्या रूपामध्ये कार्य करत आहे,आर्थिक संस्थानांना जे त्या बाजारांमध्ये मध्यस्थांच्या रूपामध्ये कार्य करत आहेत
2973,718843,D4,Agriculture,15.923,"फायबर , मांस आणि चामडे मिळविण्यासाठी भारतात आणि जगभरात शेळ्यांचे पालन केले जाते","फायबर, मांस आणि चामडे मिळविण्यासाठी भारतात आणि जगभरात शेळ्यांचे पालन केले जाते"
2974,709618,D1,Agriculture,16.0,युनायटेड स्टेट्सच्या उत्तरेकडील भागात वसंत ऋतूच्या सुरुवातीक पॅन्सीचा झाड दिसून येता,युनायटेड स्टेट्सच्या उत्तरेकडील भागात वसंत ऋतूच्या सुरुवातीला पॅन्सीचे झाड दिसत आहे.
2975,716343,D2,Banking,16.0,आय.बी.ए.एन तुम्हाला कोणतेही देणी द्यायची किंवा घ्यायची असल्यास आवश्यक आहे,आय.बी.ए.एन तुम्हाला कोणतीही देणी द्यायची किंवा घ्यायची असल्यास आवश्यक आहे
2976,723102,D4,Agriculture,15.917,पाच एच.पी च्या मोटारीवर किती तुषार सिंचनाच्या किती चिमन्या लावा लागन ?,पाच एचपीच्या ट्रॅक्टरवर किती सिंचनाच्या चिमण्या लावल्या लागतील?
2977,708161,D1,Banking,16.0,अधिकृत मोबाईल नंबराक जोडलो जाता आणि आपले खात्यातले पैशे म्हायती करून घेता,अधिकृत मोबाईल नंबर जोडला जातो आणि आपल्या खात्यातील पैसे हस्तांतरित केले जातात
2978,718156,D2,Banking,16.0,सामाजिक योजनांचा लाभ मिळविण्यासाठी अर्ज करावा लागेल का ?,सामाजिक योजनांचा लाभ मिळविण्यासाठी अर्ज करावा लागेल का?
2979,720926,D4,Agriculture,15.917,"सर्वसाधारणपणे , उगवत्या वेली सैल , चांगल्या निचरा झालेल्या जमिनीत लावल्या जातात",सर्वसाधारणपणे उगवत्या वेली सैल चांगल्या निचरा झालेल्या जमिनीत लावल्या जातात
2980,709506,D1,Banking,16.0,पेरोल किंवा मगे कर्यबल कराच्या मध्ये कर्मचारी आणि कंपनी दोघवले फंडासाठी जबाबदार आसत,पेरोल किंवा इतर गोष्टींमध्ये कर्मचारी आणि कंपनी दोघेही फंडासाठी जबाबदार होते
2981,718037,D2,Banking,16.0,माझ्या बचत खात्याची मला ई मेलद्वारे माहिती मिळेल का ?,माझ्या बचत खात्याची मला ई-मेलद्वारे माहिती मिळेल का?
2982,719851,D4,Agriculture,15.917,कारंबोला चवीला आंबट असतो आणि कॅरंबोलाचे सॉस आणि लोणचे बनवण्यासाठी वापरला जातो,कारंबोला चवीला आंबट असतो आणि कॅरंबोलाचे सॉस व लोणचे बनवण्यासाठी वापरले जाते.
2983,707819,D1,Banking,16.0,"बेकायदेशीर व्यवहारांमध्ये रोख रकमेतच देवाणघेवाण केली जाता , ह्या लय घातक असता","बेकायदेशीर व्यवहारांमध्ये रोख रकमेतच देवाणघेवाण केले जाते, हे खूप घातक असते."
2984,717580,D2,Agriculture,16.0,लहरी पावसाळी वातावरणात पिकांचे रक्षण करण्यासाठी सुलभ व परवडणारी कोणती यंत्रणा उपलब्ध आहे ?,पावसाळी वातावरणात पिकांचे रक्षण करण्यासाठी सुलभ व परवडणारी कोणती यंत्रणा उपलब्ध आहे?
2985,720388,D4,Banking,15.909,अर्थशास्त्र आणि लेखा मध्ये भांडवलाची किंमत ही कंपनीच्या निधीची किंमत आहे,अर्थशास्त्र आणि लेखांमध्ये भांडवलाची किंमत ही कंपनीच्या निधीची किंमत आहे
2986,712012,D1,Banking,16.0,मी माजा इंटरनेटचा बिल ऑनलाइन भरला तर माका डिस्काउंट मिलाच्या खातीर काय करुचा ?,मी माझ्या इंटरनेटचे बिल ऑनलाइन भरले तर मला डिस्काउंट मिळाल्यामुळे काय करावे?
2987,716143,D2,Agriculture,16.0,"वेगवेगळ्या कामांसाठी उपयोगात आणल्या जाणाऱ्या कागदांचे प्रकार , जाडी आणि वजन यामध्ये फरक असतो","वेगवेगळ्या कामांसाठी उपयोगात आणल्या जाणाऱ्या कागदांचे प्रकार, जाडी आणि वजन यामध्ये फरक असतो."
2988,722140,D4,Banking,15.909,शेअर मार्केट मध्ये गुंतवणूक करण्यापूर्वी मार्केट समजून घेणे अत्यंत आवश्यक आहे,शेअर मार्केटमध्ये गुंतवणूक करण्यापूर्वी बाजार समजून घेणे अत्यंत आवश्यक आहे
2989,706571,D1,Banking,16.0,पोस्टल बचत प्रणाली अशा ठेवीदारांका प्रदान करतत ज्यांका बँकांमध्ये प्रवेश नसता,पोस्टल बचत प्रणाली अशा ठेवीदारांना प्रदान करते ज्यांचे बँकांमध्ये प्रवेश नाही.
2990,716146,D2,Banking,16.0,व्यक्ती त्याच्या मागच्या ई.एम.आय ची माहिती जाणून घेऊ शकतो,व्यक्ती त्याच्या मागील ई.एम.आयची माहिती जाणून घेऊ शकतो
2991,718766,D4,Banking,15.909,इंट्रा बँक हस्तांतरण म्हणजे दुसऱ्या बँक खात्याच्या लाभार्थ्याला हस्तांतरित करणे आहे,इंट्रा बँक हस्तांतरण म्हणजे दुसऱ्या बँक खात्याच्या लाभार्थ्याला हस्तांतरित करणे आहे
2992,707866,D1,Agriculture,16.0,मध्यान्ह भोजन योजना ही देशभरातल्या शाळेच्या वयाच्या मुलाचो पोषण स्तर सुधारुसाठी बनवली आसा,मध्यान्ह भोजन योजना ही देशभरातील शाळेच्या वयाच्या मुलांचे पोषण स्तर सुधारण्यासाठी बनवली होती.
2993,715679,D2,Agriculture,16.0,तूर पाण्याच्या प्रति संवेदनशील असते आणि जास्त तापमानात वाढते,तूर पाण्याच्या प्रति संवेदनशील असते आणि जास्त तापमानात वाढते
2994,722608,D4,Banking,15.9,तरलतेचे दोन मुख्य प्रकार म्हणजे मार्केट लिक्विडिटी आणि अकाउंटिंग लिक्विडिटी,तरलतेचे दोन मुख्य प्रकार म्हणजे मार्केट लिक्विडिटी आणि अकाउंटिंग लिक्विडिटी
2995,710382,D1,Agriculture,16.0,मातीतल्या पोषक तत्त्वांचो स्तर तपासुसाठी आपण तज्ञांचो सल्लो घेउक हवो,मातीतील पोषक तत्वांचा स्तर तपासण्यासाठी आपण तज्ञांचा सल्ला घ्यावा.
2996,713928,D2,Banking,16.0,सुरक्षितता म्हंजी व्यापार करानासाठे आर्थिक मालमत्ता शे,सुरक्षिततेसाठी व्यापार आणि आर्थिक मालमत्ता आवश्यक आहे.
2997,720940,D4,Agriculture,15.889,बार्ली जास्त रुपात पेरीस मध्ये त्यानंतर मायेन मध्ये होते,बार्ली जास्त रूपात पेरिसमध्ये त्यानंतर मायेनमध्ये होते
2998,706741,D1,Banking,16.0,ज्या देशांत कंपनीचो अधिवास असा त्या देशानुसार स्टॉकचो वर्गीकरण केला जाऊ शकता,"ज्या देशात कंपनीचा अधिवास आहे, त्या देशानुसार स्टॉकचे वर्गीकरण केले जाऊ शकते."
2999,714032,D2,Banking,16.0,अल्प मुदतना डेट फंड गुंतवणुकमझार मनी मार्केट काम करस,अल्प मुदतीसाठी डेट फंड गुंतवणूक मनी मार्केटचे काम करायचे आहे का?
3000,721991,D4,Agriculture,15.889,कीड नियंत्रणात ठेवण्यासाठी आपल्याला वेळोवेळी शेतातून कीड काढावी लागते,कीड नियंत्रणात ठेवण्यासाठी आपल्याला वेळोवेळी शेतातून कीड काढायला लागते
