id,text_id,dialect,domain,distortion_score,dialect_text,standard_text
6001,707768,D1,Banking,13.5,"प्रीतम , तुझ्याकडे माझा बँक खाता नंबर नाही हाय काय ?","प्रीतम, तुझ्याकडे माझा बँक खाते क्रमांक नाही का?"
6002,713258,D2,Banking,13.4,यात्रा ईमा घरगुती यात्रा कराना टाईमले अप्रत्यक्ष नुकसानले कवर करस,प्रवासासाठी घरगुती प्रवास केल्याने वेळेनुसार अप्रत्यक्ष नुकसान कव्हर होते.
6003,723423,D4,Agriculture,13.0,संत्र्याचा बगीचा लावायचा रायल्यास कोनची जमीन योग्य राहीन ?,संत्र्याचा बगीचा लावला तर कोणाची जमीन योग्य राहील?
6004,709956,D1,Banking,13.5,पेन्शन आयुष्याच्या शेवटी पैशे वेगळे ठेवण्यासाठी एक कर कुशल पद्धत हा,पेन्शन आयुष्याच्या शेवटी पैसे वेगळे ठेवण्यासाठी एक कुशल पद्धत आहे.
6005,717772,D2,Agriculture,13.4,"उन्हाळी बाजरीसोबत , उन्हाळी ज्वारीचे पीक घेता येते का ?",उन्हाळी बाजरीसोबत उन्हाळी ज्वारीचे पीक घेता येते का?
6006,723821,D4,Banking,13.0,मले बँकेमंधून कर्ज घ्यासाठी फारम कसा भरा लागन ?,मला बँकेमधून कर्ज घेण्यासाठी काय फॉर्म भरायला लागेल?
6007,709825,D1,Banking,13.5,कंपनी मधल्या कर्मचाऱ्यांच्या मजुरीची भरपाई करण्याची प्रक्रिया पॅरोल आसा,कंपनीतील कर्मचाऱ्यांच्या मजुरीची भरपाई करण्याची प्रक्रिया पॅरोल आहे.
6008,717263,D2,Agriculture,13.4,बदामाच्या झाडाला कोणता कलम केल्यावर झाडाला चांगले फळ येईल ?,बदामाच्या झाडाला कोणते कलम केल्यावर झाडाला चांगले फळ मिळेल?
6009,723660,D4,Banking,13.0,नेट बँकिंगनं मले माह्या खाल्ल पैसा कितीक उरला थे पायता यीन काय ?,नेट बँकिंगमुळे मला किती पैसे शिल्लक राहिले ते काय?
6010,708902,D1,Banking,13.5,वित्तीय विवरण माहिती एक नीट पद्धतीन अशी मांडतत की समजूक सोपा होईत,वित्तीय माहिती एक नीट पद्धतीमध्ये अशी मांडली पाहिजे की समजायला सोपे होईल
6011,717237,D2,Agriculture,13.4,प्रधानमंत्री कृषी सिंचन योजनेमुळे अनेक गावांमध्ये सिंचन सुलभ झाले आहे,प्रधानमंत्री कृषी सिंचन योजनेमुळे अनेक गावांमध्ये सिंचन सुलभ झाले आहे
6012,724048,D4,Banking,13.0,माया जनधन खात्यात कितीक पैसे बाकी हाय हे पाहून द्यान का ?,माया जनधन खात्यात किती पैसे बाकी आहेत हे पाहून दिले का?
6013,707587,D1,Banking,13.5,"तुका आठवता हा ना , नोटबंदीच्या काळात आमका नोट बदलूसाठी खूप धावपळ करुची लागली होती","तुम्हाला आठवते का, नोटबंदीच्या काळात आम्हाला नोट बदलण्यासाठी खूप धावपळ करावी लागली होती."
6014,713959,D2,Agriculture,13.4,किवी जम्मुमा लावतास आणि ती गरम आणि दमाट हवामानमा लेतस,तुम्ही ते लावता आणि ते गरम व दमट हवामान असते.
6015,723299,D4,Agriculture,13.0,शेतीला पूरक असणारी अवजारे खरेदी करण्यासाठी सरकार सब्सिडी देईन का ?,शेतीला पूरक असणारी अवजारे खरेदी करण्यासाठी सरकार सबसिडी देईल का?
6016,709439,D1,Banking,13.5,चेक फसवणूकीच्या पद्धतीत बऱ्याचदा ह्या रकमेक काढूक फ्लोटचा फायदा घेना सामील असा,चेक फसवणुकीच्या पद्धतीत बऱ्याचदा या रकमेत फ्लोटचा फायदा घेण्यास सामील असणे
6017,713961,D2,Agriculture,13.389,केळमा कॅल्शियम भलत ह्रास म्हणीसण ते खावानं चांगल ह्रास,कॅल्शियमचा ह्रास चांगले आहे म्हणून ते खाणे चांगले आहे
6018,723412,D4,Agriculture,13.0,चांगल्या तरीक्यानं कोनच्या हंगामात भाजीपाला घेता येईन ?,चांगल्या हंगामात भाजीपाला घेता येईन का?
6019,708401,D1,Banking,13.5,"फी तपासून बघा , अर्ज सादर करुच्या आधी आपला कर्ज रेकॉर्ड तपासा","फी तपासून पहा, अर्ज सादर करण्यापूर्वी आपला कर्ज रेकॉर्ड तपासा"
6020,715917,D2,Banking,13.389,भारतामध्ये संपत्ती कर सगळ्यात जास्त जमा होणार कर आहे,भारतामध्ये संपत्तीवर सर्वात जास्त कर जमा होणार आहे.
6021,724205,D4,Banking,13.0,माया कपड्याच्या दुकानावर मले कितीक व्याज भेटन ?,माया कपड्याच्या दुकानावर मला किती व्याज मिळेल?
6022,710676,D1,Agriculture,13.5,ग्रीनहाऊसची संकल्पना झाडांमध्ये तसाच नेदरलँड आणि इंग्लंड मध्ये पण दिसुन इली हा,ग्रीनहाऊसची संकल्पना झाडांमध्ये तसाच नेदरलँड आणि इंग्लंडमध्ये पण दिसली आहे.
6023,716926,D2,Agriculture,13.389,एकाच प्रकारच्या वनस्पतींमध्ये काही ना काही समानता दिसून येते,एकाच प्रकारच्या वनस्पतींमध्ये काही समानता दिसून येते.
6024,720590,D4,Agriculture,13.0,कोळ्याने कोळी रेशीमचे जाळे बनवून आपली भक्ष्य माशी गुंडाळली,कोळ्याने कोळी रेशीमचे जाळे बनवून आपली भक्ष्य माशी गुंडाळली
6025,708257,D1,Agriculture,13.5,कॉफीचे कंपने आपल्या मालाच्या जाहीरातीर लय पैसो खर्च करतत,कॉफीची कंपने आपल्या मालाच्या जाहिरातीवर पैसे खर्च करत आहेत.
6026,716675,D2,Agriculture,13.375,भारताच्या विविध प्रदेशात मातीचे विविध प्रकार आढळून येतात,भारताच्या विविध प्रदेशात मातीचे विविध प्रकार आढळून येतात
6027,723061,D4,Agriculture,13.0,कापनी यंत्र घ्याचं असन त कस घ्याव ? त्याच्या वापराची मायती सांगा,कापनी यंत्र घ्यायचे असेल तर कसे घ्यावे? त्याच्या वापराची माहिती सांगा
6028,710805,D1,Banking,13.5,पी.पी.आय का क्रेडिट वीमा किंवा कर्ज दुरूस्ती विमो म्हणून देखील ओळखला जाता,पी.पी.आय क्रेडिट विमा किंवा कर्ज दुरूस्ती विमो म्हणून देखील ओळखला जातो
6029,716278,D2,Banking,13.375,स्टॉक बाजारामध्ये मोठ्या मोठ्या कंपन्या त्यांचे स्टॉक्स विकतात,स्टॉक बाजारामध्ये मोठ्या कंपन्या त्यांचे स्टॉक्स विकतात
6030,720162,D4,Agriculture,13.0,कन्व्हेयर बेल्ट हा रबरापासून बनवलेला एक अतिशय वैयक्तिक आणि मजबूत पट्टा आहे,कन्व्हेयर बेल्ट हा रबरापासून बनवलेला एक अतिशय वैयक्तिक आणि मजबूत पट्टा आहे
6031,708432,D1,Banking,13.5,भारताच्या एकूण संरक्षण बजेटाच्या निम्म्याहून अधिक भाग भारतीय स्थलसेनेचोच आसा,भारताच्या एकूण संरक्षण बजेटाच्या निम्म्याहून अधिक भाग भारतीय सैन्यात आहे.
6032,714502,D2,Agriculture,13.375,शेतीमा गोगलगाय गोळ्या टाक्यात का गोगलगाय नियंत्रणमा येस,शेतीमध्ये गोगलक्यांचे गोळ्या टाक्यांमध्ये का नियंत्रण केले जाते?
6033,724049,D4,Banking,13.0,"माया खात्यात कितीक बाकी हाय , हे मले मेसेजन पायता येईन का ?","माया खात्यात किती बाकी आहे, हे मला मेसेज पाहता येईल का?"
6034,708799,D1,Agriculture,13.5,मध्य प्रदेश देशांतला एकंच असा राज्य हा जेच्यात लाल एलुवियल माती दिसता,मध्य प्रदेश देशातील एकच असा राज्य आहे जिच्यात लाल एलुवियल माती दिसते
6035,716370,D2,Agriculture,13.375,पीक विमा योजनेद्वारे अनिश्चिततेविरुद्ध उत्पादनाचा विमा काढला जातो,पीक विमा योजनेद्वारे अनिश्चिततेविरुद्ध उत्पादनाचा विमा काढला जातो
6036,723484,D4,Agriculture,13.0,संत्र्याचा पिकाचा कमीतकमी किती रुपये भाव कास्तकाराइले परवडन ?,संत्र्याच्या पिकाचा कमीतकमी किती रुपये भाव कास्तकारायला परवडेल?
6037,709874,D1,Agriculture,13.5,गुराढोरांका पोषक चारो आवश्यक हा तेव्हाच ती निरोगी रवतली,"गुराढोरांका पोषक चारही आवश्यक आहेत, तेव्हाच ती निरोगी राहते."
6038,715867,D2,Agriculture,13.367,"बेल रॅपर तीन मुख्य स्वरूपांना मध्ये येते टर्नटेबल प्रकार , उपग्रह प्रकार आणि इनलाईन प्रकार","बेल रॅपर तीन मुख्य स्वरूपांमध्ये येते, टर्नटेबल प्रकार, उपग्रह प्रकार आणि इनलाईन प्रकार."
6039,723723,D4,Banking,13.0,क्यू.आर कोड स्कॅन करून मले माय नास्त्याच बिल देता येईन का ?,क्यूआर कोड स्कॅन करून मला माझे बिल देता येईल का?
6040,707488,D1,Agriculture,13.5,"गणेश सांगा होतो , समोच्च रेषेन नांगरणी केलव तर मातीयेचा संरक्षण होऊ शकता","गणेश सांगा होतो, समोच्च रेषेने नांगरणी केल्यास मातीचे संरक्षण होऊ शकते."
6041,713483,D2,Banking,13.357,कोणती भी बँक नी काम नी माहिती बाहेर निगनी तर बँक ले नुकसान हुई,कोणत्याही बँकेचे काम आणि माहिती बाहेर नजाणली तर बँकेचे नुकसान झाले
6042,724226,D4,Banking,13.0,के.वाय.सी म्हंजे काय त्याची मायती मले भेटन का ?,के.वाय.सी म्हणजे काय त्याची माहिती मला भेटत नाही का?
6043,710883,D1,Banking,13.5,भारतात विविध वस्तू आणि सेवांसाठीचो जी.एस.टी दर चार स्लॅबमध्ये विभागलेलो असा,भारतात विविध वस्तू आणि सेवांसाठी जी.एस.टी दर चार स्लॅबमध्ये विभागले आहेत.
6044,713309,D2,Banking,13.357,शेअर होल्डर्सना फंड हाऊ मालकेसना फंड रहास,शेअरहोल्डर्सना फंड कसे मालकेसना आहे?
6045,723840,D4,Banking,13.0,माया खात्यात कितीक पैसे बाकी हाय हे मले मॅसेजन समजनं का ?,माया खात्यात किती पैसे बाकी आहेत हे मला मेसेज समजला का?
6046,709158,D1,Agriculture,13.5,"अंत्योदय अन्न योजनेत लोकांका कार्डा देतत , तेच्यान लोका राशन घेऊ शकतत","अंत्योदय अन्न योजनेत लोकांचे कार्ड देत आहेत, त्यांना राशन घेऊ शकत आहेत."
6047,713525,D2,Agriculture,13.357,"गुलाबना फूलनी सर कोणताच फुलले येवाऊ नहीं , म्हनीसन पोरीसले गुलाबना फूलनी उपमा देतस","गुलाबना फुलांनी काहीही फुलले जात नाही, कारण मुली गुलाबना फुलांची उपमा देतात."
6048,720977,D4,Agriculture,13.0,देशांच्या बँकांकडून कृषी मुदत कर्ज घेण्यासाठी जाऊ शकतो,देशांच्या बँकांकडून कृषी मुदत कर्ज घेण्यासाठी जाऊ शकतो
6049,708557,D1,Banking,13.5,सार्वजनिक वित्त ह्या सरकारी महसूल उत्पन्न किंवा खर्च यांच्याशी संबंधित आसा,सार्वजनिक वित्त हे सरकारी महसूल उत्पन्न किंवा खर्च यांच्याशी संबंधित आहे.
6050,724679,D2,Agriculture,13.35,"कठोरता , प्रजनन क्षमता , आज्ञाकारिता , जलद वाढ दर , चांगले उत्पन्न आणि उत्तम फायबर हे गुण समाविष्ट आहे","कठोरता, प्रजनन क्षमता, आज्ञाकारिता, जलद वाढ दर, चांगले उत्पन्न आणि उत्तम फायबर हे गुण समाविष्ट आहेत."
6051,720903,D4,Agriculture,13.0,हवामानाचे अलर्ट आम्हाला नैसर्गिक आपत्तींबद्दल सांगतात,हवामानाचे अलर्ट आम्हाला नैसर्गिक आपत्तींबद्दल सांगतात
6052,711054,D1,Banking,13.5,संपत्तीच्या बाबतीत केलेल्या गुन्ह्यांका आर्थिक अपराध म्हणतत,संपत्तीच्या बाबतीत केलेल्या गुन्ह्यांना आर्थिक अपराध म्हणतात
6053,716096,D2,Agriculture,13.346,"लाकडाचा उपयोग दरवाजा , घर , टेबल , खुर्ची इत्यादी बनवण्यासाठी केला जातो","लाकडाचा उपयोग दरवाजा, घर, टेबल, खुर्ची इत्यादी बनवण्यासाठी केला जातो."
6054,719347,D4,Banking,13.0,"कर विलंबित ऍन्युइटीमध्ये , करपात्र खात्यापेक्षा पैसा खूप वेगाने वाढतो",कर विलंबित ऍन्युइटीमध्ये करपात्र खात्यापेक्षा पैसा खूप वेगाने वाढतो
6055,709268,D1,Banking,13.5,ऑस्ट्रेलियाचो गुंतवणूक कोष संघ आपल्या वार्षिक संमेलनाची खातिरदारी करता,ऑस्ट्रेलियाचा गुंतवणूक कोष संघ आपल्या वार्षिक संमेलनाची खातिरदारी करतो
6056,715542,D2,Agriculture,13.346,"चारोळी चे झाड नीरज ची आहे , नीरज स्थानिक बाजारांमध्ये चारोळी विकून टाकतो","चारोळीचे झाड नीरजचे आहे, नीरज स्थानिक बाजारांमध्ये चारोळी विकतो."
6057,719298,D4,Banking,13.0,उत्पादनाचे अनेक प्रकार आहेत आणि उत्पादनाच्या प्रकारानुसार गणना तंत्र बदलू शकतात,उत्पादनाचे अनेक प्रकार आहेत आणि उत्पादनाच्या प्रकारानुसार गणना तंत्र बदलू शकते.
6058,710569,D1,Banking,13.5,"ई.सी.एस चो वापर बिला आणि बाकीचा शुल्क जसा कि टेलिफोन , वीजबील भरुसाठी केलो जाता","ई.सी.एस चा वापर बिल आणि बाकीचे शुल्क टेलिफोन, वीजबिल भरण्यासाठी किती जाता"
6059,717762,D2,Agriculture,13.346,ई कॉमर्स माध्यम फायद्याचे आहे का ? त्याचा खरोखर फायदा होतो का ?,ई-कॉमर्स माध्यम फायद्याचे आहे का? त्याचा खरोखर फायदा होतो का?
6060,721581,D4,Agriculture,13.0,सिंचन व्यवस्थापन म्हणजे योजनेच्या पातळीवर पाण्याचे कृत्रिम शोषण आणि वितरण होय,सिंचन व्यवस्थापन म्हणजे योजनेच्या पातळीवर पाण्याचे कृत्रिम शोषण आणि वितरण होय
6061,708564,D1,Agriculture,13.5,सेंद्रिय खतांचो वापर ह्या माती संरक्षणातला एक महत्त्वाचा पाऊल आसा,सेंद्रिय खतांचा वापर माती संरक्षणासाठी एक महत्त्वाचे पाऊल आहे
6062,713209,D2,Banking,13.346,"निधी ह्या जास्त काय , मध्यम काय आनी कमी काय ना करता रातस","निधी किती जास्त, मध्यम आणि कमी करता येईल?"
6063,720343,D4,Agriculture,13.0,ऊसाचे उत्पादन भारतातील पंजाब हरियाणा मध्य प्रदेश या राज्यांमध्ये होते,"ऊसाचे उत्पादन भारतातील पंजाब, हरियाणा आणि मध्य प्रदेश या राज्यांमध्ये होते."
6064,709141,D1,Agriculture,13.5,सजावटीक म्हणान घरात आणि ऑफिसातल्यानी हाऊसप्लांट करतत,सजावटीसाठी घरात आणि ऑफिसमध्ये हाऊसप्लांट करत आहेत
6065,715359,D2,Banking,13.346,"एक नवोदित उद्योजक तो आहे , जो एक व्यावसायिक उपक्रम स्थापण्याच्या प्रक्रियेमध्ये आहे",एक नवोदित उद्योजक तो आहे जो एक व्यावसायिक उपक्रम स्थापण्याच्या प्रक्रियेमध्ये आहे
6066,719473,D4,Agriculture,13.0,निवास स्थानाचे स्वरूप ठरवते की कोणत्या प्रकारचे तण समुदाय प्रबळ बनतात,निवासस्थानाचे स्वरूप ठरवते की कोणत्या प्रकारचे तण समुदाय प्रबळ बनतात
6067,707606,D1,Banking,13.5,"तुका सांगतंय , मेरिकेचो डॉलर ह्यो अमेरिकेचो आणि इतर अनेक देशांचो अधिकृत चलन आसा","तुका सांगत आहे, डॉलर ही अमेरिकेची आणि इतर अनेक देशांची अधिकृत चलन आहे."
6068,716279,D2,Banking,13.346,"स्टॉक ब्रोकर एक अधिकृत ब्रोकर , ब्रोकर डीलर किंवा नोंदणीकृत गुंतवणूक सल्लागार आहे","स्टॉक ब्रोकर एक अधिकृत ब्रोकर, ब्रोकर डीलर किंवा नोंदणीकृत गुंतवणूक सल्लागार आहे"
6069,721190,D4,Banking,13.0,काही आर्थिक विश्लेषकांना भीती वाटत होती की युरोपीय लोक किमतीत कमी पडतील,काही आर्थिक विश्लेषकांना भीती वाटत होती की युरोपीय लोक किमतीत कमी पडतील
6070,708650,D1,Agriculture,13.5,कार्बंडाईऑक्साईडच्या उत्सर्जानाचो पेट्रोलियम ह्यो एक मोठो स्त्रोत असा,कार्बन डायऑक्साइडच्या ऊर्जेमुळे पेट्रोलियम एक मोठा स्रोत आहे.
6071,717486,D2,Agriculture,13.333,द्राक्ष तोडण्यासाठी कोणते यंत्र वापरावे ? हे यंत्र उपलब्ध आहे का ?,द्राक्ष तोडण्यासाठी कोणते यंत्र वापरावे? हे यंत्र उपलब्ध आहे का?
6072,724153,D4,Banking,13.0,माये दोन बचत खाते असन तर दोन्हीचा के.वाय.सी करा लागन का ?,माझे दोन बचत खाते असतील तर दोन्हीचे के.वाय.सी करावे लागेल का?
6073,706552,D1,Banking,13.5,स्टॉक फंडाची तुलना बाँड फंड आणि मनी फंडाशी केली जाता,स्टॉक फंडाची तुलना बाँड फंड आणि मनी फंडाशी केली जाते
6074,713635,D2,Agriculture,13.333,"मठ , मूंग , चवयी , उडीद आल्लग परकारनी माटीमा उगाडता येस","मठ, मूंग, चवयी, उडीद, आल्लग परकारण्यासाठी मातीतून उगाडता येतील का?"
6075,722620,D4,Banking,13.0,तुम्ही स्टोअरमध्ये संपर्करहित पेमेंटसाठी व्हर्च्युअल कार्ड वापरू शकता,तुम्ही स्टोअरमध्ये संपर्करहित पेमेंटसाठी व्हर्च्युअल कार्ड वापरू शकता
6076,710828,D1,Agriculture,13.5,फळांका सुकवून खूप वेळ ठेवला जाता सुखवलेली फळा सुखेमेवे म्हणून असतत,फळे सुकवून खूप वेळ ठेवले जाता सुखवलेली फळे सुखेमवी म्हणून होते.
6077,717259,D2,Banking,13.318,मुद्रा कर्ज योजना ही लहान भाजी विक्रेत्यांसाठी वैयक्तिक कर्ज योजना आहे,मुद्रा कर्ज योजना ही लहान भाजी विक्रेत्यांसाठी वैयक्तिक कर्ज योजना आहे
6078,722394,D4,Agriculture,13.0,जमिनीतील पोषक द्रव्ये वाढविण्याच्या उद्देशाने हिरवळीचे खत केले जाते,जमिनीतील पोषक द्रव्ये वाढविण्याच्या उद्देशाने हिरवळीचे खत केले जाते
6079,708280,D1,Agriculture,13.5,गुरांचा नीट नियोजन करताना पहिल्यांदा विणारे गायी बाजुक उभे केले जातत,गुरांचे नीट नियोजन करताना पहिल्यांदा विणारी गायी उभे केली जात आहेत
6080,713910,D2,Banking,13.312,"भारत नी अर्थव्यवस्था अमेरिका , चीन , जपान , जर्मनी आणि ब्रिटन नंतरनी सहावी अर्थव्यवस्था शे","भारताची अर्थव्यवस्था अमेरिका, चीन, जपान, जर्मनी आणि ब्रिटन नंतरची सहावी अर्थव्यवस्था आहे"
6081,721542,D4,Agriculture,13.0,कीटकनाशके हे कीटकांवर नियंत्रण ठेवण्यासाठी असलेले पदार्थ आहेत,कीटकनाशके हे कीटकांवर नियंत्रण ठेवण्यासाठी असलेले पदार्थ आहेत
6082,711080,D1,Banking,13.5,सामान्य शेयर धारकांका कॉर्पोरेशनच्या धोरणांवर मत देवचो अधिकार असता,सामान्य शेअरधारकांचे कॉर्पोरेशनच्या धोरणांवर मत देण्याचा अधिकार आहे.
6083,716335,D2,Banking,13.3,पैशाचे सध्याचे मूल्य म्हणजे भविष्यात मिळणाऱ्या पैशाचे वर्तमान मूल्य आहे,पैशाचे सध्याचे मूल्य म्हणजे भविष्यात मिळणाऱ्या पैशाचे वर्तमान मूल्य आहे
6084,721646,D4,Banking,13.0,"वर्चुअल कार्ड चा उपयोग केल्यावर , खात्याचे तपशील व्यापाऱ्याला कळवले जात नाहीत",व्हर्च्युअल कार्डचा उपयोग केल्यावर खात्याचे तपशील व्यापाऱ्याला कळवले जात नाहीत
6085,709185,D1,Agriculture,13.5,पुढच्या वर्षाक रोपा लाऊक आपल्या बागेतल्या भाज्यांच्या बिया वापरू शकतंस,पुढच्या वर्षात आपल्या बागेतील भाज्यांच्या बिया वापरता येतील.
6086,715021,D2,Agriculture,13.278,पाळीव प्राणी मुक्त शेती करणारे पाळीव प्राणी पाळत नाहीत,मुक्त शेती करणारे पाळीव प्राणी पाळत नाहीत
6087,723342,D4,Agriculture,13.0,मक्याले वाढ झाली पाहिजे म्हनून कोनचे खतं वापराले लागन ?,मक्याची वाढ झाली पाहिजे म्हणून कोणते खत वापरावे लागेल?
6088,707542,D1,Banking,13.5,ज्या खात्यासून तुमका तुमचो प्रीमियम भरायचो आसा ता खाता निवडा,"ज्या खात्यातून तुमचा प्रीमियम भरावा लागतो आहे, तो निवडा"
6089,716657,D2,Banking,13.265,"कर्जाची रक्कम एकूण व्याज मुद्दल रक्कम , व्याज दर , चक्रवाढ वारंवारता , कालावधी यावर अवलंबून असते","कर्जाची रक्कम एकूण व्याज मुद्दल रक्कम, व्याज दर, चक्रवाढ वारंवारता, कालावधी यावर अवलंबून असते."
6090,723489,D4,Agriculture,13.0,शेतीच्या विहीरीवर सौर ऊर्जेची मोटार बसवासाठी सबसीडी मिळन का ?,शेताच्या छतावर सौर ऊर्जेची मोटर बसवण्यासाठी सबसिडी मिळते का?
6091,706679,D1,Banking,13.5,वाहन विमा अतिरिक्तपणे वाहनाच्यो चोरीपासून आर्थिक संरक्षण देऊ शकता,वाहन विमा अतिरिक्तपणे वाहनाचे चोरीपासून आर्थिक संरक्षण देऊ शकतो
6092,715029,D2,Agriculture,13.25,"पी.एम कृषी सिंचन योजना , किसान कॉल सेंटर , ऑनलाइन कीट नोंदणी , ई नेम योजना इ कृषी योजना आहेत","पी.एम कृषी सिंचन योजना, किसान कॉल सेंटर, ऑनलाइन कीट नोंदणी, ई नेम योजना ही सर्व कृषी योजना आहेत."
6093,719113,D4,Agriculture,13.0,ओव्हरहेड सिंचनापेक्षा सूक्ष्म सिंचन कमी दाब आणि पाण्याचा प्रवाह वापरतो,ओव्हरहेड सिंचनापेक्षा सूक्ष्म सिंचनासाठी कमी दाब आणि पाण्याचा प्रवाह वापरला जातो.
6094,710533,D1,Banking,13.5,आपण हायब्रीड सिक्युरिटीज किती काळासाठी घेऊ शकतव,आपण हायब्रीड सिक्युरिटीज किती काळासाठी घेऊ शकता?
6095,713640,D2,Agriculture,13.0,बाईमानूसले परधान मंत्री उज्वला योजनाना फायदा लेता येस,विमानूसले प्रधान मंत्री उज्ज्वला योजनेचा फायदा घेतो.
6096,720893,D4,Agriculture,13.0,"मधमाश्या हे आकर्षक प्राणी आहेत , ते अशा प्रकारे सहकार्य करतात जे आपल्याला समजणे कठीण आहे",मधमाश्या हे आकर्षक प्राणी आहेत ते अशा प्रकारे सहकार्य करतात जे आपल्याला समजणे कठीण आहे
6097,708015,D1,Banking,13.5,वापरकर्ता मालमत्ता मालकाद्वारे भाड्यानं दिली जाता,वापरकर्त्याकडून मालकाला भाडे दिले जाते.
6098,713318,D2,Banking,13.0,बँकिंग क्षेत्रमा खाता माईन पैसा काढाले डेबिट म्हणतस,"बँकिंग क्षेत्रात मी पैसा काढले, डेबिट म्हणता आहे का?"
6099,721139,D4,Banking,13.0,लाभार्थी तपशील तपासा आणि हस्तांतरित करावयाची रक्कम प्रविष्ट करा,लाभार्थी तपशील तपासा आणि हस्तांतरित करावयाची रक्कम प्रविष्ट करा
6100,711089,D1,Banking,13.5,सुरेश घाबराचा कारण नाय हा तु तुझ्या उत्पन्नाचो हिस्सो सरकाराक दे,सुरेश घाबरल्यामुळे तुझे उत्पन्नाचे हिस्सा सरकारला देऊ नकोस
6101,714805,D2,Agriculture,13.0,अपियोलॉजी मध्ये मधमाश्यांविषयी अभ्यास व संशोधन केले जाते,अपियोलॉजीमध्ये मधमाश्यांविषयी अभ्यास व संशोधन केले जाते
6102,719507,D4,Banking,13.0,बचत हे डिस्पोजेबल उत्पन्नातून ग्राहकाचे खर्च कमी केल्यावर सोडलेला पैसा आहे,बचत हे डिस्पोजेबल उत्पन्नातून ग्राहकाचे खर्च कमी केल्यावर सोडलेला पैसा आहे
6103,706694,D1,Banking,13.5,बहुतेक पेमेंट प्रोटेक्शन इन्शुरन्स पॉलिसी ग्राहकांकडसून शोधल्यो जात नसता,बहुतेक पेमेंट प्रोटेक्शन इन्शुरन्स पॉलिसी ग्राहकांकडून शोधले जात नव्हते.
6104,714719,D2,Agriculture,13.0,टेकडीवर शेती करनारा शेतकरीस्ले त्यास्नं राज्य सरकार अनुदान देस,टेकडीवर शेती करणारा शेतकरी त्यांना राज्य सरकार अनुदान देते
6105,718861,D4,Agriculture,13.0,मासळी बाजारात मत्स्य उत्पादनांची खरेदी विक्री केली जाते,मासळी बाजारात मत्स्य उत्पादनांची खरेदी विक्री केली जाते
6106,708804,D1,Agriculture,13.5,सरकारचे नितींचो उद्देश्य कृषि क्षेत्राक थेट लाभ देणारो व्यवसाय बनवुचा हा,सरकारचा उद्देश कृषी क्षेत्राला थेट लाभ देऊन व्यवसाय बनवण्याचा हा आहे.
6107,713374,D2,Agriculture,13.0,केंद्रना लेव्हल वर सुरू करेल राष्ट्रीय कुरशी योजना राज्यले भी लागू शे,केंद्र पातळीवर राष्ट्रीय कुरशी योजना सुरू केली जाईल आणि राज्य पातळीवर देखील लागू होईल.
6108,722728,D4,Banking,13.0,खाते उघडण्याच्या वेळी ग्राहकाची ओळख पडताळण्याची एक अनिवार्य प्रक्रिया आहे,खाते उघडण्याच्या वेळी ग्राहकाची ओळख पडताळण्याची एक अनिवार्य प्रक्रिया आहे
6109,706470,D1,Banking,13.5,पेन्शनचो पैसो तुमचा नंतरच्या आयुष्यासाठी बाजूक ठेवलो जाता,तुमचे पेन्शनचे पैसे नंतरच्या आयुष्यासाठी बाजूला ठेवा.
6110,717374,D2,Agriculture,13.0,"रेती मिक्स असलेल्या मातीत कंदमुळे , गाजर रताळी होतील का ?",रेती मिसळलेल्या मातीत कंदमुळे आणि गाजर उगवतील का?
6111,721809,D4,Agriculture,13.0,डुक्करांच्या जातींची यादी पाहून आपण जाती तयार करण्याचा विचार करू शकतो,डुक्करांच्या जातींची यादी पाहून आपण जाती तयार करण्याचा विचार करू शकतो
6112,710242,D1,Agriculture,13.5,"जलीय कृषि लवणीकरण कार्बनडायॉक्साईड समुद्राच्या पाण्याबरोबर मिळता , ॲसिड तयार होता","जलीय शेतीचे लवणीकरण कार्बन डायऑक्साइड समुद्राच्या पाण्याबरोबर मिळते, ज्यामुळे ॲसिड तयार होते."
6113,718308,D2,Banking,13.0,अल्प मुदतीच्या दहा हजार रुपयांच्या कर्जाचा हफ्ता किती पर्यंत येवू शकतो ?,अल्प मुदतीसाठी दहा हजार रुपयांच्या कर्जाचा हफ्ता कितीपर्यंत देता येतो?
6114,719995,D4,Banking,13.0,ईकॉमर्सची फसवणूक ग्राहकांना विविध स्वरूपात समान प्रमाणात मारू शकते,ई-कॉमर्सची फसवणूक ग्राहकांना विविध स्वरूपात समान प्रमाणात मारू शकते
6115,711417,D1,Agriculture,13.433,ठिबक सिंचन पद्धतीद्वारे पिकाक पाण्याचा बराबर ती गरज काडूक तसा ठिबक संच कसा चालवुचा ?,ठिबक सिंचन पद्धतीद्वारे पिकांसाठी पाण्याची गरज कशी काढायची आणि तो ठिबकसंच कसा चालवायचा?
6116,717816,D2,Agriculture,13.0,चिंच व आंबा हि फळे तोडण्यासाठी बाजारात कोणते यंत्र उपलब्ध आहे ?,चिंच व आंबा फळे तोडण्यासाठी बाजारात कोणते यंत्र उपलब्ध आहे?
6117,719625,D4,Banking,13.0,संदेश प्राप्त झाल्यानंतर तीस मिनिटांच्या आत आर.टी.जी.एस फंड ट्रान्सफर होते,संदेश प्राप्त झाल्यानंतर तीस मिनिटांच्या आत आर.टी.जी.एस फंड ट्रान्सफर होते
6118,707475,D1,Banking,13.433,खयचे खयचे साइट्स तुमका थयसून तुमच्या पहिल्या खरेदीवर काही टक्के सूट देऊसाठी कूपन पण देतत,या साइट्स तुमच्या पहिल्या खरेदीवर काही टक्के सूट देण्यासाठी कूपन देत आहेत.
6119,718509,D2,Banking,13.0,अल्पमुदतीच्या ठेवींसाठी किमान कालावधी किती आहे ?,अल्पमुदतीच्या ठेवींसाठी किमान कालावधी किती आहे?
6120,718842,D4,Agriculture,13.0,बटाट्यावर एम.एस.पी निश्चित केल्याने आम्हाला चांगले भाव मिळाले,बटाट्यावर एम.एस.पी निश्चित केल्याने आम्हाला चांगले भाव मिळाले
6121,707173,D1,Banking,13.433,के.वाय.सी तपशील ऑनलाइन अपडेट करणा फारच दुर्मिळ असा कारण तस करणा ह्या सामान्य गोष्ट नसा,केवायसी तपशील ऑनलाइन अद्ययावत करणे फारच दुर्मिळ आहे कारण तसे करणे ही सामान्य गोष्ट नाही
6122,717889,D2,Agriculture,13.0,"द्राक्ष , टोमॅटोवर रोगाचा प्रादुर्भाव होऊ नये म्हणून काय खबरदारी घ्यावी ?",द्राक्षावर आणि टोमॅटोवर रोगाचा प्रादुर्भाव होऊ नये म्हणून काय खबरदारी घ्यावी?
6123,720407,D4,Banking,13.0,आंतरराष्ट्रीय नाणेनिधी जगभरातील गरिबी कमी करण्यासाठी काम करत आहे,आंतरराष्ट्रीय नाणेनिधी जगभरातील गरिबी कमी करण्यासाठी काम करत आहे
6124,708196,D1,Banking,13.433,"उदाहरणात सरळ रोकड उत्पन्न , भाड्याचा एकूण उत्पन्न आणि परताव्याचो अंतर्गत दर हेंचो समावेश आसा","उदाहरणात सरळ रोकड उत्पन्न, भाड्याचा एकूण उत्पन्न आणि परताव्याचे अंतर्गत दर समावेश आहेत."
6125,714670,D2,Agriculture,13.0,गनज बाया सोतानी श्रीमंती मिरावानी करता मगरना कातडीपाईन बनाडेल वस्तू वापरतीस,अनेक स्त्रिया श्रीमंती मिळवण्यासाठी काही वस्तू वापरतात.
6126,719999,D4,Banking,13.0,बँक स्टेटमेंट मधून महिन्याच्या व्यवहारांची माहिती मिळते,बँक स्टेटमेंटमधून महिन्याच्या व्यवहारांची माहिती मिळते
6127,706945,D1,Banking,13.433,व्यवसाय बँक खाता असल्यान तुमका तुमचो वैयक्तिक आणि व्यवसाय पैसो वेगळा ठेवूक मदत होऊ शकता,व्यवसाय बँक खाते असल्यास तुमचे वैयक्तिक आणि व्यवसाय पैसे वेगळे ठेवण्यास मदत होऊ शकते
6128,714437,D2,Agriculture,13.0,मिक्सरमुये नवकरीवाल्या बायास्ना सैपाकना मुक्ला येय वाचस,मिक्सरमुये नवकरीवाल्या यांना त्यांच्या कामाच्या कालावधीबद्दल माहिती बघायची आहे.
6129,719103,D4,Banking,13.0,दर महिन्याला शाळेतील मुलींच्या वैयक्तिक खात्यात शंभर रुपये जमा होतात,दर महिन्याला शाळेतील मुलींच्या वैयक्तिक खात्यात शंभर रुपये जमा होतात.
6130,709297,D1,Banking,13.429,"आपले सगळे व्यवहार ऑनलाईन बुकिंग मोबाईल बील , टी.वी बील डिजिटल माध्यमातना भरू शकताव","आपले सर्व व्यवहार ऑनलाईन बुकिंग मोबाईल बिल, टीव्ही बिल डिजिटल माध्यमांत भरता येतात."
6131,713702,D2,Banking,13.0,दोन हजार सोळा नंतर भारतीय रेल्वे अर्थसंकल्प साधारण अर्थसंकल्पमा समायी जायेल शे,दोन हजार सोळा नंतर भारतीय रेल्वे अर्थसंकल्प साधारण अर्थसंकल्पात समाविष्ट होईल.
6132,720359,D4,Agriculture,13.0,पेरणीपूर्वी जमिनीची नांगरणी आणि मशागत केल्याने किडीचा भार कमी होतो,पेरणीपूर्वी जमिनीची नांगरणी आणि मशागत केल्याने किडीचा भार कमी होतो
6133,708703,D1,Agriculture,13.429,"कागद उत्पादनाचो पर्यावरणावर होणारो परिणाम लक्षात घेउचो लागात , तेचे मोप वाईट परिणाम हत","कागद उत्पादनांचे पर्यावरणावर होणारे परिणाम लक्षात घ्यावेत, त्यांचे वाईट परिणाम आहेत."
6134,716175,D2,Agriculture,13.0,शेतकऱ्यांची काही पिक सरकारद्वारे बाजाराच्या किंमती वर घेतली जातात,शेतकऱ्यांची काही पिके सरकारद्वारे बाजाराच्या किंमतीनुसार घेतली जातात
6135,720985,D4,Agriculture,13.0,आर्थिक विकासाचा वेग वाढवण्यात कृषी विपणन उपभोगाची भूमिका असते,आर्थिक विकासाचा वेग वाढवण्यात कृषी विपणन उपभोगाची भूमिका असते
6136,706489,D1,Banking,13.429,बाजार आधारित अर्थ व्यवस्था अशे हत झय वस्तू आणि सेवांचा उत्पादन आणि देवाणघेवाण होता,बाजार आधारित अर्थ व्यवस्था वस्तू आणि सेवांच्या उत्पादन आणि देवाणघेवाणीवर आधारित होती.
6137,716680,D2,Banking,13.0,दीर्घ स्थितीतील धारकाला आर्थिक साधनाचे मूल्य वाढण्याची अपेक्षा असते,दीर्घ स्थितीतील धारकाला आर्थिक साधनाचे मूल्य वाढण्याची अपेक्षा असते
6138,720902,D4,Agriculture,13.0,वनस्पतीं च्या खोडात व मुळांमध्ये लाकडाचे भौतिक गुणधर्म आढळतात,वनस्पतींच्या खोडांमध्ये व मुळांमध्ये लाकडाचे भौतिक गुणधर्म आढळतात
6139,706583,D1,Banking,13.429,बँक स्टेटमेंट ह्यो महत्त्वाचो दस्तऐवज असता आणि त्यो सहसा ऑडिटकरता राखून ठेवणा आवश्यक असता,बँक स्टेटमेंट हे महत्त्वाचे दस्तऐवज असते आणि ते सहसा ऑडिटसाठी राखून ठेवणे आवश्यक असते
6140,715425,D2,Agriculture,13.0,कापणीनंतर राहुल कडून पेरणी केलेल्या गव्हाचे वजन दहा क्विंटल होते,कापणीनंतर राहुल कडून पेरणी केलेल्या गव्हाचे वजन दहा क्विंटल होते
6141,719489,D4,Agriculture,13.0,भारतातील बावीस राज्यांमध्ये दीडशे सामुदायिक बियांचे बँका आहेत,भारतातील बावीस राज्यांमध्ये दीडशे सामुदायिक बियांचे बँका आहेत
6142,710240,D1,Agriculture,13.429,"जनावरांका ताप , जुलाब , तोंडातना लाळ पडना हि सगळी जनावरांमध्ये आजाराची लक्षणा असत","जनावरांचा ताप, जुलाब आणि तोंडात लाळ पडणे ही सर्व जनावरांमध्ये आजाराची लक्षणे असत."
6143,715901,D2,Agriculture,13.0,भारतामध्ये किरकोळ विक्रीसाठी ठिकठिकाणी छोटी दुकाने बघायला मिळतात,भारतामध्ये किरकोळ विक्रीसाठी ठिकठिकाणी छोटी दुकाने बघायला मिळतात.
6144,721495,D4,Banking,13.0,पूर्वीच्या पसंतीच्या स्टॉकमध्ये क्रेडिट जोखीम कमी असल्याचे दिसते,पूर्वीच्या पसंतीच्या स्टॉकमध्ये क्रेडिट जोखीम कमी असल्याचे दिसते
6145,707555,D1,Agriculture,13.423,"झुंड ह्या मधमाशी वसाहतीचा प्रजननाचा नैसर्गिक साधन आसा , ह्या मी पुस्तकात वाचलंय","झुंड ह्या मधमाशी वसाहतीचा प्रजननाचा नैसर्गिक साधन आहे, हे मी पुस्तकात वाचले आहे."
6146,714613,D2,Banking,13.0,एफ.डी ना फॉर्म भरानी टाईमले साक्षीदारनं दुसरी बँकमा खातं व्हयी ते चालस का,"एफ.डीचा फॉर्म भरण्याची वेळ आहे, साक्षीदारांना दुसरी बँकेत खाते आहे का, ते चालणार का?"
6147,721654,D4,Banking,13.0,एक्सेल स्प्रेडशीट चा वापर करून ई.एम.आय ची गणना करण्याचा सर्वात सोपा मार्ग आहे,एक्सेल स्प्रेडशीटचा वापर करून ई.एम.आयची गणना करण्याचा सर्वात सोपा मार्ग आहे
6148,706397,D1,Banking,13.423,"आर्थिक विश्लेषक म्युच्युअल आणि पेन्शन फंड , हेज फंड द्वारा नियुक्त केलो जाता","आर्थिक विश्लेषक म्युच्युअल आणि पेन्शन फंड, हेज फंडद्वारे नियुक्त केले जातात."
6149,715509,D2,Banking,13.0,गुंतवणुकीसाठी आपल्याला कोणत्या प्रकारच्या अनुदानाची आवश्यकता लागेल ?,गुंतवणुकीसाठी आपल्याला कोणत्या प्रकारच्या अनुदानाची आवश्यकता लागेल?
6150,721073,D4,Banking,13.0,यावेळी आधुनिकीकरण आणि उपकरणांच्या खरेदीसाठी संरक्षण बजेटमध्ये मोठी वाढ होईल,यावेळी आधुनिकीकरण आणि उपकरणांच्या खरेदीसाठी संरक्षण बजेटमध्ये मोठी वाढ होईल
6151,711119,D1,Agriculture,13.423,हया बिया कितक्या मैन्यानी फळ दिता कीवा की मैन्यानी लागाक सर्वात जाता ?,हे बिया किती फळ देतात की कोणते लावणे सर्वात चांगले आहे?
6152,713437,D2,Banking,13.0,कस्तुरबा गांधी हाई पोरीसले योजना भारत सरकारनी ऑगस्ट मा सुरु करेल शे,कस्तुरबा गांधीची हाई पोलीस योजना भारत सरकारकडून ऑगस्टमध्ये सुरू होईल.
6153,719613,D4,Banking,13.0,एकोणीस डिसेंबर रोजी सायंकाळी सात वाजता व्ही.डी.आय.सी योजना बंद करण्यात आली,एकोणीस डिसेंबर रोजी सायंकाळी सात वाजता व्ही.डी.आय.सी योजना बंद करण्यात आली
6154,707951,D1,Banking,13.423,याक आर्थिक मॉडेल आसा जा एम.एस एक्सेल सारख्या स्प्रेडशीट सॉफ्टवेअरमधसून तयार केलेला आसा,हे आर्थिक मॉडेल एम.एस एक्सेल सारख्या स्प्रेडशीट सॉफ्टवेअरमधून तयार केलेला आहे.
6155,716292,D2,Agriculture,13.0,हरभरे सहसा शिर्या सोबत काही धार्मिक कार्यक्रमानंतर प्रसाद म्हणून वाटले जातात,हरभरे सहसा शिर्या सोबत काही धार्मिक कार्यक्रमानंतर प्रसाद म्हणून वाटले जातात
6156,719968,D4,Banking,13.0,सहकार्याच्या मर्यादेपर्यंत कोणतीही मर्यादा नाही जी कधीही मिळू शकेल,सहकार्याच्या मर्यादेपर्यंत कोणतीही मर्यादा कधीही मिळू शकेल नाही
6157,712119,D1,Banking,13.417,माका माझा खात्याक आधार कार्ड जोडूचा हा ता कसा करुचा हा ?,मला माझे आधार कार्ड खात्याशी कसे जोडायचे आहे?
6158,717023,D2,Banking,13.0,इंटरनेटद्वारे बँकिंग व्यवहार करण्याचा डिजिटल मार्ग आहे,इंटरनेटद्वारे बँकिंग व्यवहार करण्याचा डिजिटल मार्ग आहे
6159,722757,D4,Agriculture,13.0,दार्जिलिंग टेकडीच्या पायथ्याशी असलेले हे चहा उत्पादकांचे यजमान आहे,दार्जिलिंग टेकडीच्या पायथ्याशी असलेले हे चहा उत्पादकांचे यजमान आहे
6160,707465,D1,Agriculture,13.417,कोरडी चामडी टाळूसाठी साठ टक्के सापेक्ष आर्द्रता ही आदर्श आर्द्रता पातळी आसा,कोरडी चामडी टाळूसाठी साठ टक्के सापेक्ष आर्द्रता ही आदर्श आर्द्रता पातळी आहे
6161,714006,D2,Agriculture,13.0,ओवा आनी जिरे हाई एकाच कुटुंबमझारली वार्षिक वनस्पती शे,एकाच कुटुंबाचे वार्षिक वनस्पती शेत ज्यात ओवा आणि जिरे आहेत.
6162,720100,D4,Agriculture,13.0,भारतातील शेतीमध्ये उत्पादनाच्या प्रत्येक टप्प्यात महिलांचा सहभाग असतो,भारतातील शेतीमध्ये उत्पादनाच्या प्रत्येक टप्प्यात महिलांचा सहभाग असतो
6163,708488,D1,Agriculture,13.417,"रताळ्याक वांगी याम , उबे नायतर तेच्यापेक्षा मोठो याम म्हणान सगळे ओळखतत","रताळ्यामध्ये वांगी आहेत, ते त्यापेक्षा मोठे सगळे ओळखत आहेत."
6164,715755,D2,Agriculture,13.0,पिकाच्या उरलेल्या भागांना हे टेडर च्या मदतीने बारीक भुसा मध्ये बदलल जात,पिकाच्या उरलेल्या भागांना हे टेडरच्या मदतीने बारीक भुसामध्ये बदलले जाते.
6165,720948,D4,Agriculture,13.0,"तत्त्वज्ञान , धोरणे आणि पद्धतींनी या उद्दिष्टांमध्ये योगदान दिले आहे",तत्त्वज्ञान धोरणे आणि पद्धतींनी या उद्दिष्टांमध्ये योगदान दिले आहे
6166,712161,D1,Banking,13.417,जास्त वेळाक पैशे साठवूचे काय मार्ग आसत काय ते कसे हत ?,जास्त पैसे साठवण्यासाठी काय मार्ग आहेत आणि ते कसे करायचे?
6167,715186,D2,Banking,13.0,वैयक्तिक अर्थशास्त्र छोट्या स्तरावरील अर्थव्यवस्था दर्शविते,वैयक्तिक अर्थशास्त्र छोट्या स्तरावरील अर्थव्यवस्था दर्शविते
6168,722025,D4,Banking,13.0,गुंतवणूक बँकिंग कंपन्यांचे विविध उद्दीष्टे असलेले अनेक विभाग आणि गट आहेत,गुंतवणूक बँकिंग कंपन्यांचे विविध उद्दिष्टे असलेले अनेक विभाग आणि गट आहेत
6169,709620,D1,Agriculture,13.417,येगयेगळे समुद्री गैस्ट्रोपोड्स मधना कोणते पण एक पेरिविंकल केच्यात एक सर्पिल असता,येगयेगळे समुद्री गैस्ट्रोपोड्समध्ये कोणतेही एक पेरिविंकलमध्ये एक सर्पिल असतो
6170,714313,D2,Agriculture,13.0,फलोत्पादन बागकामनं येक काम शे ज्यानामा वनस्पतीसनी वाढ आणि लागवड करतंस,फलोत्पादन बागकाम हे एक काम आहे ज्यामध्ये वनस्पतींची वाढ आणि लागवड केली जाते.
6171,719701,D4,Banking,13.0,"पिंकी , माझेपण जन धन खाते उघडण्यासाठी तुमची काही मदत लागेल","पिंकी, माझेपण जन धन खाते उघडण्यासाठी तुमची काही मदत लागेल."
6172,707829,D1,Banking,13.409,भांडवलाची किंमत म्हणजे कंपनीच्या निधीची किंमत असता ह्या आपल्याक समजाक हव्या,भांडवलाची किंमत म्हणजे कंपनीच्या निधीची किंमत असते हे आपल्याला समजायला हवे.
6173,713691,D2,Banking,13.0,यू.पी.आय सर्विस हाई डिजिटल इंडिया मिशननी देन मानतंस,यू.पी.आय सर्विस आणि डिजिटल इंडिया मिशनमुळे असे मानले जाते.
6174,720204,D4,Agriculture,13.0,युरिया हे सर्वात जास्त वापरले जाणारे नायट्रोजन खत आहे,युरिया हे सर्वात जास्त वापरले जाणारे नायट्रोजन खत आहे
6175,706840,D1,Banking,13.409,"व्याज ह्या नफ्यापेक्षा वेगळा असता , त्यात व्याज सावकाराकडसून प्राप्त होता","व्याज नफ्यापेक्षा वेगळे असते, त्यात व्याज सावकाराकडून प्राप्त झाले होते."
6176,715420,D2,Agriculture,13.0,काका भाज्यांच्या सालान पासून मस्त खताची उत्पत्ती होऊ शकते,काका भाज्यांच्या सालान पासून चांगल्या खताची उत्पत्ती होऊ शकते
6177,720731,D4,Banking,13.0,विद्यमान खात्याला पगार खात्यात रूपांतरित केल्याने सर्व अडचणी दूर होतात,विद्यमान खात्याला पगार खात्यात रूपांतरित केल्याने सर्व अडचणी दूर होतात
6178,706553,D1,Banking,13.409,स्त्रीवादी उद्योजक ही अशी व्यक्ती असता जी स्त्रीवादी मूल्या लागू करता,स्त्रीवादी उद्योजक ही अशी व्यक्ती असते जी स्त्रीवादी मूल्ये लागू करते
6179,715164,D2,Agriculture,13.0,रेडच्या तेलाचा वापर हायस्पीड इंजिनमध्ये वंगण म्हणून केला जातो,लाल तेलाचा वापर हायस्पीड इंजिनमध्ये इंधन म्हणून केला जातो.
6180,722695,D4,Banking,13.0,भैया सरकार गुंतवणूक आकर्षित करण्यासाठी करमुक्त क्षेत्र लागू करते,सरकार गुंतवणूक आकर्षित करण्यासाठी करमुक्त क्षेत्र लागू करते
6181,707393,D1,Banking,13.4,ऑफशोर बँक ही आंतरराष्ट्रीय बँकिंग परवान्याअंतर्गत नियंत्रित केलेली बँक आसा,ऑफशोर बँक ही आंतरराष्ट्रीय बँकिंग परवान्याअंतर्गत नियंत्रित केलेली बँक आहे.
6182,717950,D2,Banking,13.0,उद्योग सुरु करण्यासाठी मी ऑनलाईन अर्ज केला तर चालेल ना ?,उद्योग सुरू करण्यासाठी मी ऑनलाईन अर्ज केला तर चालेल का?
6183,721313,D4,Banking,13.0,योग्य वेळी समभागांची विक्री केल्याने बाजारातील जोखीम दूर होते,योग्य वेळी समभागांची विक्री केल्याने बाजारातील जोखीम दूर होते
6184,712284,D1,Banking,13.4,गृह कर्ज पात्रतेचो अर्ज भरुच्यासाठी खयचे खयचे कागदपत्र लागतत ?,गृह कर्जासाठी पात्रतेचा अर्ज भरण्यासाठी कागदपत्रे लागतात का?
6185,717449,D2,Agriculture,13.0,पिकाचे चांगले भरण पोषण होण्यासाठी कोणता हंगाम चांगला असतो ?,पिकाचे चांगले पोषण होण्यासाठी कोणता हंगाम चांगला असतो?
6186,721885,D4,Banking,13.0,भांडवलाच्या खर्चामध्ये कर्ज आणि इक्विटी या दोन्हींचा समावेश होतो,भांडवलाच्या खर्चामध्ये कर्ज आणि इक्विटी या दोन्हींचा समावेश होतो
6187,709897,D1,Banking,13.4,जेव्हा बचत करूची असता तेव्हा प्रत्येक माणसाची आपापली प्राथमिकता असता,जेव्हा बचत करायची असते तेव्हा प्रत्येक माणसाची आपापली प्राथमिकता असते
6188,718398,D2,Banking,13.0,आधार कार्डशी माझा खाते क्रमांक कशाप्रकारे जोडता येईल ?,आधार कार्डशी माझा खाते क्रमांक कशाप्रकारे जोडता येईल?
6189,718901,D4,Banking,13.0,"अठरा ते सत्तर वर्षे वयोगटातील कोणतीही व्यक्ती एन.पी.एस खात्याचा लाभ घेऊ शकते , मग तो एन.आर.आई असो","अठरा ते सत्तर वर्षांच्या वयोगटातील कोणतीही व्यक्ती एन.पी.एस खात्याचा लाभ घेऊ शकते, मग तो एन.आर.आय असो."
6190,707074,D1,Banking,13.4,कॉर्पोरेशनचो राखून ठेवलेला कमाई ह्या कॉर्पोरेशनचो संचित निव्वळ उत्पन्न असता,कॉर्पोरेशनने राखून ठेवलेली कमाई ती कॉर्पोरेशनची संचित निव्वळ उत्पन्न असते.
6191,717569,D2,Agriculture,13.0,द्राक्ष पिकावर फवारणी करण्यासाठी कोणती आधुनिक व सुलभ यंत्रणा आहे ?,द्राक्ष पिकावर फवारणी करण्यासाठी कोणती आधुनिक व सुलभ यंत्रणा आहे?
6192,721605,D4,Agriculture,13.0,फॉक्सटेल बाजरी ही दुसरी सर्वात मोठ्या प्रमाणात लागवड केलेली प्रजाती आहे,फॉक्सटेल बाजरी ही दुसरी सर्वात जास्त लागवड केलेली प्रजाती आहे
6193,707471,D1,Banking,13.4,क्रेडिट कार्ड तुमका बँकेन ठरवलेल्या केलेल्या क्रेडिट लाइनमध्ये प्रवेश देतत,क्रेडिट कार्ड तुमच्या बँकेने ठरवलेल्या क्रेडिट लाइनमध्ये प्रवेश देत आहे.
6194,717420,D2,Agriculture,13.0,"शेतीसाठी कोणत्या केंद्रिय योजना आहेत , त्याचा फायदा मला कसा मिळू शकतो ?","शेतीसाठी कोणत्या केंद्रीय योजना आहेत, त्याचा फायदा मला कसा मिळू शकतो?"
6195,719185,D4,Agriculture,13.0,खोबऱ्याचे तेल ओल्या किंवा कोरड्या प्रक्रियेद्वारे काढले जाऊ शकते,खोबऱ्याचे तेल ओल्या किंवा कोरड्या प्रक्रियेद्वारे काढले जाऊ शकते
6196,710210,D1,Agriculture,13.4,कृषि इंजिनीयर एका कृषि परियोजनेत इंजिनियरिंग डिझाईन आणि योजना बनवतत,कृषि इंजिनीयर एका कृषि परियोजनेत इंजिनियरिंग डिझाईन आणि योजना बनवत आहे
6197,718491,D2,Banking,13.0,कोणत्या वेबसाईटद्वारे कर्ज उपलब्धतेबाबत माहिती मिळू शकते ?,कोणत्या वेबसाईटद्वारे कर्ज उपलब्धतेबाबत माहिती मिळू शकते?
6198,721564,D4,Agriculture,13.0,सी.एफ.सी चा जास्त वापर झाल्यामुळे पाऊस दरवर्षी कमी होत आहे,सी.एफ.सी चा जास्त वापर झाल्यामुळे पाऊस दरवर्षी कमी होत आहे
6199,706566,D1,Banking,13.389,व्यावसायिक बँक म्हणजे ज्याका सामान्यतः बँक म्हणून संबोधला जाता,व्यावसायिक बँक म्हणजे जो सामान्यतः बँक म्हणून संबोधला जातो
6200,717907,D2,Agriculture,13.0,शासकीय योजनेचा फायदा घेण्यासाठी शेतीची गुणवत्ता काय असते ?,शासकीय योजनेचा फायदा घेण्यासाठी शेतीची गुणवत्ता काय असते?
6201,719738,D4,Agriculture,13.0,न पिकलेली केळी लवकर पिकवण्यासाठी फळ विक्रेते रसायनांचा वापर करतात,न पिकलेली केळी लवकर पिकवण्यासाठी फळ विक्रेते रसायनांचा वापर करतात.
6202,709130,D1,Agriculture,13.389,राहूलान लावलेले भोपळ्याचे बियो प्रमाणित एजेंसीने प्रमाणित केलेले हत,राहूलान लावलेले भोपळ्याचे बियो प्रमाणित एजन्सीने प्रमाणित केलेले पत्र
6203,718595,D2,Banking,13.0,विम्याचा हफ्ता सहामाही किंवा वार्षिक भरता येईल का ?,विम्याचा हफ्ता सहामाही किंवा वार्षिक भरता येईल का?
6204,720847,D4,Agriculture,13.0,जगातील विविध विद्यापीठांमध्ये पशुसंवर्धन हा विषय म्हणून अभ्यासला जात आहे,जगातील विविध विद्यापीठांमध्ये पशुसंवर्धन हा विषय म्हणून अभ्यासला जात आहे
6205,709871,D1,Banking,13.389,गुंतवणूक ही काही महिन्यापासून काही वर्षापर्यंत केली जाऊ शकता,गुंतवणूक काही महिन्यांपासून काही वर्षांपर्यंत केली जाऊ शकते.
6206,718456,D2,Banking,13.0,कोणकोणत्या सामाजिक योजना आहेत हे सांगाल का ?,कोणकोणत्या सामाजिक योजना आहेत हे सांगाल का?
6207,722180,D4,Banking,13.0,आवश्यक माहितीनंतर कस्टमर केअरने माझे डेबिट कार्ड ब्लॉक केले,आवश्यक माहितीनंतर कस्टमर केअरने माझे डेबिट कार्ड ब्लॉक केले
6208,706911,D1,Banking,13.375,भविष्यातला मू्ल्य ह्या विशिष्ट तारखेक मालमत्तेचो मू्ल्य असता,भविष्यातील मूल्य ह्या विशिष्ट तारखेची मालमत्तेचे मूल्य असते.
6209,718638,D2,Agriculture,13.0,बकऱ्यांची कोणती जात सर्वात जास्त दूध देते ?,बकऱ्यांची कोणती जात सर्वात जास्त दूध देते?
6210,718841,D4,Agriculture,13.0,गाय चघळत असेल तर त्याला त्रास देऊ नये याकडे शेतकऱ्यांनी लक्ष द्यावे,गाय चघळत असेल तर त्याला त्रास देऊ नये याकडे शेतकऱ्यांनी लक्ष द्यावे
6211,706473,D1,Banking,13.367,"प्रधान मंत्री जन धन योजना , प्रधानमंत्री जीवन ज्योती विमा योजना अशा बऱ्याच योजना असत","प्रधान मंत्री जन धन योजना, प्रधानमंत्री जीवन ज्योती विमा योजना अशा बऱ्याच योजना होत्या."
6212,718535,D2,Banking,13.0,बँकेशिवाय इतर कुठल्या मार्गाने कर्ज मिळविता येऊ शकते का ?,बँकेशिवाय इतर कुठल्या मार्गाने कर्ज मिळविता येऊ शकते का?
6213,722383,D4,Agriculture,13.0,गोड्या पाण्याची परिसंस्था म्हणजे ती तलाव आणि नदीचे जलस्रोत जे वापरात आहेत,गोड्या पाण्याच्या परिसंस्थेचा अर्थ ती तलाव आणि नदीचे जलस्रोत आहेत जे वापरात आहेत.
6214,709531,D1,Banking,13.367,"बचत बॅन्कांचा प्राथमिक उद्देश बचत जमा स्विकार करुची , जमा रकमेवर व्याज देऊचा ह्या असता",बचत बँकांचा प्राथमिक उद्देश बचत जमा स्वीकारणे आणि जमा रकमेवर व्याज देणे हा असतो.
6215,717783,D2,Agriculture,13.0,द्राक्षे कोणत्या मातीत चांगल्या प्रकारे येऊ शकतात ?,द्राक्षे कोणत्या मातीत चांगल्या प्रकारे येऊ शकतात?
6216,719547,D4,Agriculture,13.0,बुरशीनाशके रोगांपासून वनस्पतींचे संरक्षण करतात,बुरशीनाशके रोगांपासून वनस्पतींचे संरक्षण करतात
6217,706856,D1,Banking,13.346,वार्षिक टक्केवारी दर ह्या शब्द वार्षिक दर म्हणून व्यक्त केलेला वित्त शुल्क असा,वार्षिक टक्केवारीचा दर म्हणजे वार्षिक दर म्हणून व्यक्त केलेला वित्त शुल्क आहे.
6218,718472,D2,Banking,13.0,माझ्या खात्यातून एका दिवसात किती पैसे काढता येऊ शकतात ?,माझ्या खात्यातून एका दिवसात किती पैसे काढता येतात?
6219,720293,D4,Banking,13.0,आयकरासाठी किमान वार्षिक उत्पन्न स्लॅब देशाचे सरकार ठरवते,आयकरासाठी किमान वार्षिक उत्पन्न स्लॅब देशाचे सरकार ठरवते
6220,706421,D1,Banking,13.346,"कायदयानुसार , फसवणूक ही अयोग्य किंवा बेकायदेशीर फायदो मिळवणा , हेतुपुरस्सर फसवणूक असा",कायदयानुसार फसवणूक ही अयोग्य किंवा बेकायदेशीर फायदा मिळवणे हेतुपुरस्सर फसवणूक आहे
6221,714563,D2,Agriculture,13.0,आदिवासी पट्टामा सागना झाडे तोडीन पैसा कमावाना धंदा बराच जण करतस,आदिवासी जमिनीवर झाडे तोडून पैसा कमावण्याचा धंदा बरेच लोक करत आहेत
6222,721838,D4,Agriculture,13.0,परागकणच्या प्रकारात इतर काही प्राण्यांचा समावेश करण्याचा सरकार विचार करीत आहे,सरकार परागकणच्या प्रकारात इतर काही प्राण्यांचा समावेश करण्याचा विचार करत आहे
6223,707144,D1,Banking,13.346,कर्ज खाता ह्या असा खाता असा ज्याद्वारा ग्राहक बँकेचा कर्जाचो परतफेड करू शकता,कर्ज खाते हे असे खाते आहे ज्याद्वारे ग्राहक बँकेचे कर्ज फेडू शकतात.
6224,713119,D2,Banking,13.0,सी.ए.पी.एम येवसायले अपेक्षित परतावाना आधारवर गुंतवनुकनी किंमत लावानी परवानगी शे,सी.ए.पी.एम येवसायला अपेक्षित परताव्यावर आधारित गुंतवण्याची किंमत लावण्यासाठी परवानगी हवी
6225,718890,D4,Banking,13.0,एखाद्या वस्तूच्या विक्री किंवा खरेदीमधील फरकाला बाजार परिणाम म्हणतात,एखाद्या वस्तूच्या विक्री किंवा खरेदीमधील फरकाला बाजार परिणाम म्हणतात
6226,712085,D1,Banking,13.333,पैसे ठेवल्याची मुदत सोपली काय पैसे माझ्या खात्यात जमा होतात काय ?,पैसे ठेवल्याची मुदत काय आहे आणि माझे पैसे माझ्या खात्यात जमा होतात का?
6227,713220,D2,Banking,13.0,डेबिट कार्ड ना सूचना वर जायीसन तुम्ही लेनदेन नी लिमिट ठरावाना करता सुचना यी,"डेबिट कार्डवरील सूचनेवर जाऊन तुम्ही व्यवहाराची मर्यादा ठरवता, हे सूचना आहे."
6228,721903,D4,Banking,13.0,मुदतीपूर्वीच बँकेच्या बॅलन्समध्ये जाऊन फिक्स्ड डिपॉझिट मोडता येते,मुदतीपूर्वीच बँकेच्या शिल्लक रकमेत जाऊन फिक्स्ड डिपॉझिट मोडता येते
6229,708494,D1,Banking,13.318,"रिटेल बँकिंग , जेका ग्राहक बँकिंग नायतर वैयक्तिक बँकिंग असाय म्हणतत",रिटेल बँकिंग ज्या ग्राहकांना बँकिंग किंवा वैयक्तिक बँकिंग असे म्हटले जाते
6230,714964,D2,Banking,13.0,ट्रॅव्हलर्स चेक द्वारे दोन लोकांना त्यांचे फंड एकत्र करणे सोपे जाते,ट्रॅव्हलर्स चेकद्वारे दोन लोकांना त्यांचे फंड एकत्र करणे सोपे जाते
6231,721881,D4,Banking,13.0,बँकिंग एजंट असू शकते फार्मसी सुपरमार्केट सुविधा स्टोअर लॉटरी आउटलेट पोस्ट ऑफिस,बँकिंग एजंट फार्मसी सुपरमार्केट सुविधा स्टोअर लॉटरी आउटलेट पोस्ट ऑफिस
6232,706570,D1,Banking,13.318,सहकारी बँकिंग ह्या सहकारी तत्त्वावर आयोजित किरकोळ आणि व्यावसायिक बँकिंग असा,सहकारी बँकिंग सहकारी तत्त्वावर आयोजित किरकोळ आणि व्यावसायिक बँकिंग आहे
6233,715634,D2,Agriculture,13.0,तणाच्या परिस्थितीचा सरळ संबंध वनस्पती समुदायाच्या रचनेशी असतो,त्याच्या परिस्थितीचा वनस्पती समुदायाच्या रचनेशी सरळ संबंध असतो.
6234,719673,D4,Agriculture,13.0,"नीरज , माहित आहे का एरोपोनिक्स मुळे ऑक्सिजन थेट मुळांवर वापरला जातो","नीरज, माहित आहे का एरोपोनिक्समुळे ऑक्सिजन थेट मुळांवर वापरला जातो?"
6235,707032,D1,Banking,13.318,"लेबर चेक याका लेबर व्हाउचर , लेबर नोट्स असा सुद्धा म्हणतत","लेबर चेक आणि लेबर व्हाउचर, लेबर नोट्स असेही म्हणत आहेत."
6236,714971,D2,Agriculture,13.0,तलाश च्या युद्धात कागद बनवण्याची प्रक्रिया माहित झाली,तलाशच्या युद्धात कागद बनवण्याची प्रक्रिया माहीत झाली
6237,719796,D4,Banking,13.0,कोणत्याही देशाची अर्थ व्यवस्था एका मर्यादेपर्यंतच असुरक्षित कर्ज वाढवू शकते,कोणत्याही देशाची अर्थ व्यवस्था एका मर्यादेपर्यंतच असुरक्षित कर्ज वाढवू शकते
6238,709634,D1,Banking,13.318,रिचार्ज करूक सारखा सारखा दुकानार जाण्यापेक्षा घरात बसान पेटीएमवरना रिचार्ज कर,रिचार्ज करण्यासाठी दुकानदाराकडे जाण्यापेक्षा घरात बसून पेटीएमवर रिचार्ज कर
6239,715131,D2,Banking,13.0,"महेशने सांगितले की , ट्रान्सफरमध्ये प्रत्यक्ष पैसे ट्रान्सफर करता येत नाहीत",महेशने सांगितले की ट्रान्सफरमध्ये प्रत्यक्ष पैसे ट्रान्सफर करता येत नाहीत
6240,719239,D4,Agriculture,13.0,द्विवार्षिक वनस्पती त्यांचे जीवनचक्र दोन वर्षांत पूर्ण करतात,द्विवार्षिक वनस्पती त्यांचे जीवनचक्र दोन वर्षांत पूर्ण करतात
6241,710708,D1,Agriculture,13.318,झाडाचा दुध ह्या काही झाडांचा विषारी तर काही झाडांचा फायदेशीर असता,झाडाचा दुध काही झाडांचा विषारी तर काही झाडांचा फायदेशीर असतो
6242,713734,D2,Banking,13.0,राष्ट्रीय ग्रामीण आजीविका मिशन योजना नुसार सगळासम्हा पहिले सगळासले एकत्र करावस,राष्ट्रीय ग्रामीण आजीविका मिशन योजनेनुसार सर्व गोष्टी प्रथम एकत्र करा.
6243,721875,D4,Banking,13.0,ऐतिहासिकदृष्ट्या पैसा ही एक उदयोन्मुख बाजारपेठ आहे,ऐतिहासिकदृष्ट्या पैसा ही एक उदयोन्मुख बाजारपेठ आहे
6244,708594,D1,Agriculture,13.3,"अमरनाथ बाजरीक राजगिरा , रामदाना , चोला , लाल साग किंवा लाल भाजी असापन म्हणतत","अमरनाथ बाजरीक राजगिरा, रामदाना, चोला, लाल साग किंवा लाल भाजी असापन म्हणत आहे"
6245,712757,D2,Banking,13.0,राष्ट्रीय इलेक्ट्रॉनिक्स फंड ट्रान्स्फरनी सुरवात दोन हजार पाचमझार व्हयनी,राष्ट्रीय इलेक्ट्रॉनिक्स फंड ट्रान्सफरची सुरुवात दोन हजार पाच महिन्यांनी झाली आहे
6246,719560,D4,Agriculture,13.0,मी भारतातील राज्यानुसार फुलांच्या उत्पादनाची यादी तयार केली आहे,मी भारतातील राज्यानुसार फुलांच्या उत्पादनाची यादी तयार केली आहे
6247,707816,D1,Agriculture,13.286,"बुरशीनाशका , तण , कीटकनाशका , विषाणूजन्य कीटकनाशका अश्ये सगळे कृषी रसायनांचे प्रकार आसत","बुरशीनाशके, तण, कीटकनाशके, विषाणूजन्य कीटकनाशके हे सगळे कृषी रसायनांचे प्रकार आहेत."
6248,715668,D2,Agriculture,13.0,तुरीच्या डाळीला सामान्य भाषेत पण तुरीची डाळ च म्हणतात,तुरीच्या डाळीला सामान्य भाषेत पण तुरीची डाळ म्हणतात
6249,720287,D4,Banking,13.0,सिक्युरिटीज हा एक प्रकारचा आर्थिक भांडवल आहे ज्याचा व्यापार केला जाऊ शकतो,सिक्युरिटीज हा एक प्रकारचा आर्थिक भांडवल आहे ज्याचा व्यापार केला जाऊ शकतो
6250,707108,D1,Banking,13.269,महसूल ह्या साधारणपणान उत्पन्नाचो संदर्भ घेऊ शकता किंवा त्या रकमेचा संदर्भ घेऊ शकता,महसूल ह्या साधारणपणे उत्पन्नाचा संदर्भ घेऊ शकता किंवा त्या रकमेचा संदर्भ घेऊ शकता
6251,716976,D2,Agriculture,13.0,बटाट्याची शेती ही भुसभुशीत जमिनीत अधिक चांगल्या प्रकारे केली जाते,बटाट्याची शेती ही भुसभुशीत जमिनीत अधिक चांगल्या प्रकारे केली जाते
6252,721388,D4,Banking,13.0,डिजिटल मार्केटिंग मध्ये काही वेळा फसवणूक होण्याची शक्यता असते,डिजिटल मार्केटिंगमध्ये काही वेळा फसवणूक होण्याची शक्यता असते
6253,707057,D1,Banking,13.269,"एक व्यवहार खाता , ज्याका चेकिंग खाता , चालू खाता असा सुद्धा म्हणतत","एक व्यवहार खाते, ज्याचे चेकिंग खाते, चालू खाते असे सुद्धा म्हणतात."
6254,715597,D2,Agriculture,13.0,जेवणामध्ये मसाल्यांच्या व्यतिरिक्त ओवा पोट दुखी वर चा घरगुती औषधी उपाय आहे,जेवणामध्ये मसाल्यांच्या व्यतिरिक्त ओवा पोटदुखीवरचे घरगुती औषध उपाय आहे.
6255,719639,D4,Agriculture,13.0,पिंकी तुला माहीत आहे की आजकाल शहरातील बहुतेक ऑटो एल.पी.जी गॅसने चालत आहेत,पिंकी तुम्हाला माहीत आहे की आजकाल शहरातील बहुतेक ऑटो एल.पी.जी गॅसने चालत आहेत
6256,709974,D1,Agriculture,13.233,"प्रूनिंग कट्स , थिनिंग कट्स , रिडक्शन कट्स आणि हेडिंग कट्स कपातीचे प्राथमिक प्रकार हत","प्रूनिंग कट्स, थिनिंग कट्स, रिडक्शन कट्स आणि हेडिंग कट्स कपातीचे प्राथमिक प्रकार आहेत."
6257,716599,D2,Banking,13.0,तुम्ही कमी किमतीत सुध्दा मालाची निर्यात करू शकता का,तुम्ही कमी किमतीत सुद्धा मालाची निर्यात करू शकता का
6258,720976,D4,Agriculture,13.0,खताचा वापर सामान्यतः सिंचित वृक्षारोपणापुरता मर्यादित असतो,खताचा वापर सामान्यतः सिंचित वृक्षारोपणापुरता मर्यादित असतो
6259,706575,D1,Banking,13.227,थेट बँक कधी कधी तिका शाखारहित बँक किंवा आभासी बँक म्हणतत,थेट बँक कधी कधी तिका शाखारहित बँक किंवा आभासी बँक म्हणते
6260,715889,D2,Agriculture,13.0,भारताच्या स्वयंपाक घरात तमालपत्रा चा वापर मसाल्याच्या रूपात केला जातो,भारताच्या स्वयंपाकघरात तमालपत्राचा वापर मसाल्याच्या रूपात केला जातो
6261,722205,D4,Agriculture,13.0,सुपरसेटेशन नियंत्रित करण्याचा सीडिंग हा सर्वात सोपा मार्ग आहे,सुपरसेटेशन नियंत्रित करण्याचा सीडिंग हा सर्वात सोपा मार्ग आहे
6262,706462,D1,Banking,13.227,नॅशनल इलेक्ट्रॉनिक फंड ट्रान्सफर ह्या येक इलेक्ट्रॉनिक फंड ट्रान्सफर सिस्टम असा,नॅशनल इलेक्ट्रॉनिक फंड ट्रान्सफर ही एक इलेक्ट्रॉनिक फंड ट्रान्सफर सिस्टम आहे
6263,718418,D2,Banking,13.0,कर्ज मिळविण्यासाठी ऑनलाइन माहिती मिळेल का ?,कर्ज मिळविण्यासाठी ऑनलाइन माहिती मिळेल का?
6264,720126,D4,Agriculture,13.0,आजकाल नांगरणीसाठी ट्रॅक्टरचा जास्त वापर केला जात आहे,आजकाल नांगरणीसाठी ट्रॅक्टरचा जास्त वापर केला जात आहे.
6265,709971,D1,Banking,13.0,प्रबंधकान कशाही पद्धतीने विभागाक पुन्हा एकत्र करूसाठी ब्लँक चेक दिल्यान,प्रबंधकांना कशा पद्धतीने विभाग पुन्हा एकत्र करण्यासाठी ब्लँक चेक दिला.
6266,717468,D2,Agriculture,13.0,रासायनिक खतांच्या अतिवापराने जमिनीवर व पिकावर काय परिणाम होऊ शकतो ?,रासायनिक खतांच्या अतिवापराने जमिनीवर व पिकावर काय परिणाम होऊ शकतो?
6267,722738,D4,Banking,13.0,व्याज हे कर्ज घेतलेल्या मालमत्तेसाठी आकारले जाणारे शुल्क आहे,व्याज हे कर्ज घेतलेल्या मालमत्तेसाठी आकारले जाणारे शुल्क आहे
6268,707373,D1,Banking,13.0,"एक नियमित क्रेडिट कार्ड चार्ज कार्डपेक्षा वेगळा असता , असा सुनीता समजावत होता",सुनीता समजावत होती की एक नियमित क्रेडिट कार्ड चार्ज कार्डपेक्षा वेगळे असते
6269,717375,D2,Agriculture,13.0,कमी खर्चात जास्त उत्पाद देणारी पिके कोणती ?,कमी खर्चात जास्त उत्पादन देणारी पिके कोणती?
6270,722188,D4,Banking,13.0,राजूने त्याच्या पसंतीची योजना निवडल्यानंतर रद्द केलेला चेक अपलोड केला,राजूने त्याच्या पसंतीची योजना निवडल्यानंतर रद्द केलेला चेक अपलोड केला
6271,708972,D1,Banking,13.0,कर राजस्व ती मिळकत असा जी सरकारच्या माध्यमातना करांतून एकत्र केलेली हा,कर राजस्व ती मिळकत आहे जी सरकारच्या माध्यमातून करांतून एकत्र केलेली आहे
6272,718010,D2,Banking,13.0,किती रुपयांपर्यंत माझ्या खात्यात मला रक्कम जमा करता येईल ?,माझ्या खात्यात मला किती रक्कम जमा करता येईल?
6273,720908,D4,Agriculture,13.0,एक्वाकल्चर जेनेटिक मॉडिफिकेशन सर्व फील्ड प्रजातींसाठी वापरता येत नाही,एक्वाकल्चर जेनेटिक मॉडिफिकेशन सर्व फील्ड प्रजातींसाठी वापरता येत नाही
6274,707682,D1,Banking,13.0,"ध्यानात ठेव , कर्ज ह्या नेयमी मोठ्या काळासाठी घेतला पायजे","लक्ष द्या, कर्ज मोठ्या काळासाठी घेतले आहे."
6275,718561,D2,Banking,13.0,कर्जासाठीचा अर्ज मला कोणत्या शाखेत मिळेल ?,कर्जासाठीचा अर्ज मला कोणत्या शाखेत मिळेल?
6276,718998,D4,Banking,13.0,सरकार कोणत्याही कंपनीच्या नियोक्त्याकडून पी.एफ मध्ये योगदान देखील घेते,सरकार कोणत्याही कंपनीच्या नियोक्त्याकडून पी.एफ मध्ये योगदान देखील घेते
6277,708119,D1,Agriculture,13.0,"सुका मेवा मिठाई , खीर अश्ये पदार्थ बनवण्यासाठी वापरतत",सुका मेवा मिठाई खीर पदार्थ बनवण्यासाठी वापरलेत
6278,717417,D2,Agriculture,13.0,उष्ण तसेच कोरड्या हवामानात काकडी व टरबूज हे पीक घेता येते का ?,उष्ण तसेच कोरड्या हवामानात काकडी व टरबूज हे पीक घेता येते का?
6279,721180,D4,Banking,13.0,डायरेक्ट डिपॉझिट चेक हरवण्याची आणि चोरीला जाण्याची शक्यता नाहीशी करते,डायरेक्ट डिपॉझिट चेक हरवण्याची आणि चोरीला जाण्याची शक्यता नाहीशी होते
6280,710940,D1,Banking,13.0,मुलभूत जोखमीक कोणत्यापण प्रकारच्या जोखमीशी गोंधळुन नाय टाकला जाउ शकत,मूलभूत जोखमीचे कोणतेही प्रकारच्या जोखमीशी गोंधळून टाळता येत नाही
6281,716225,D2,Banking,13.0,सरकारी बजेटला सहसा विधिमंडळाच्या मान्यतेची आवश्यकता असते,सरकारी बजेटला सहसा विधिमंडळाच्या मान्यतेची आवश्यकता असते
6282,718898,D4,Banking,13.0,खाजगी गुंतवणूकदार असे असतात जे त्यांचे पैसे एखाद्या संस्थेत गुंतवतात,खाजगी गुंतवणूकदार असे असतात जे त्यांचे पैसे एखाद्या संस्थेत गुंतवतात
6283,710063,D1,Agriculture,13.0,रोज सकाळ आणि संध्याकाळ अननसाचो रस पिलो की पोटदुखीपासना आराम मिळता,रोज सकाळ आणि संध्याकाळ अननसाचा रस पिले की पोटदुखीपासून आराम मिळतो?
6284,717193,D2,Agriculture,13.0,कोळंबी शेती म्हणजे कोळंबीची लागवड आणि त्याचा वापर अन्न म्हणून केला जातो,कोळंबी शेती म्हणजे कोळंबीची लागवड आणि त्याचा वापर अन्न म्हणून केला जातो
6285,722139,D4,Banking,13.0,पासबुकमधून तुमच्या खात्यातील खर्च आणि पैशांची माहिती मिळते,पासबुकमधून तुमच्या खात्यातील खर्च आणि पैशांची माहिती मिळते
6286,710363,D1,Banking,13.0,भारत सरकारचे योजना सगळ्यांची साथ सगळ्यांचो विकास ह्यावर काम करता,भारत सरकारची योजना सर्वांच्या विकासावर काम करते.
6287,714002,D2,Banking,13.0,महेशनी चांगली समझदारीना मुळे फुलेसनी बजारम्हा आबिदेस ना फायदा लि लिदा,महेशच्या चांगल्या समजुतीमुळे बाजारात फायदा होईल.
6288,719134,D4,Agriculture,13.0,मुरमुरे हा तांदूळ पासून बनलेला एक प्रकारचा पफ केलेला धान्य आहे,मुरमुरे हा तांदूळ पासून बनलेला एक प्रकारचा धान्य आहे
6289,710684,D1,Agriculture,13.0,चीन मधले शेळे जगातल्या शेळींच्या एकूण लोक संख्येच्या अठरा पॉइंट एक नऊ टक्के असत,चीनमधील शेतजमीन जगातील शेळ्यांच्या एकूण लोकसंख्येच्या २८.१९ टक्के होती.
6290,716173,D2,Agriculture,13.0,शेतकरी विधायक भारतीय शेती नियम दोन हजार वीस मध्ये लोकसभा आणि राज्यसभेत मंजूर केलं,शेतकरी विधायक भारतीय शेती नियम दोन हजार वीस मध्ये लोकसभा आणि राज्यसभेत मंजूर केले.
6291,721930,D4,Agriculture,13.0,पालक अत्यंत पौष्टिक आहे आणि बंडल किंवा पॉलिथिनच्या पिशव्यात विकला जातो,पालक अत्यंत पौष्टिक आहे आणि बंडल किंवा पॉलिथिनच्या पिशवीत विकला जातो
6292,711006,D1,Banking,13.0,विकसनशील देश पश्चिम देशांच्या आणि चीनच्या कर्जाच्या ओझ्याखाली दबलेले असत,विकसनशील देश पश्चिम देशांच्या आणि चीनच्या कर्जाच्या ओझ्याखाली दबलेले असत
6293,716730,D2,Agriculture,13.0,अजुन सुध्दा कपडे धुण्यासाठी आणि आंघोळीसाठी पाणी वापरत आहे,अजून कपडे धुण्यासाठी आणि आंघोळीसाठी पाणी वापरत आहे.
6294,719305,D4,Banking,13.0,आर्थिक कारकीर्दीत पदवीशिवाय सर्वाधिक पगाराची नोकरी म्हणजे व्यावसायिक पायलट,आर्थिक कारकीर्दीत पदवीशिवाय सर्वाधिक पगाराची नोकरी म्हणजे व्यावसायिक पायलट
6295,710801,D1,Agriculture,13.0,पावसाच्या पाण्याक एकत्र केल्यामुळा ह्या वर्षी सिंचनाक फायदो झालो,पावसाचे पाणी एकत्र केल्यामुळे ह्या वर्षी सिंचनाचे फायदे झाले.
6296,716809,D2,Banking,13.0,आजच्या आर्थिक जगात भौतिक वाटा प्रमाणपत्रे क्वचितच जारी केली जातात,आजच्या आर्थिक जगात भौतिक वाटा प्रमाणपत्रे क्वचितच जारी केली जातात
6297,718762,D4,Banking,13.0,आर्थिक बाजार मुख्यतः सरकारच्या वित्तीय संस्था आणि बँकांच्या अधीन असतात,आर्थिक बाजार मुख्यतः सरकारच्या वित्तीय संस्था आणि बँकांच्या अधीन असतात
6298,708844,D1,Banking,13.0,पैशाची कमी हुती म्हणान गुड्डून आपला पानांचा दुकान भाड्यार दिल्यान,पैशाची कमतरता असल्यामुळे गुड्डूनने आपला माल भाड्याने दिला.
6299,715992,D2,Banking,13.0,मार्क मूल्य मुद्दलीला चक्रवाढ व्याजाने गुणिले करते,मार्क मूल्य मुद्दलीला चक्रवाढ व्याजाने गुणले जाते.
6300,722762,D4,Agriculture,13.0,बदलत्या जागतिक वातावरणात कृषी कायद्यांचे पुनरावलोकन आणि सुधारणा करणे आवश्यक आहे,बदलत्या जागतिक वातावरणात कृषी कायद्यांचे पुनरावलोकन आणि सुधारणा करणे आवश्यक आहे
6301,708464,D1,Agriculture,13.0,मिया जमीन आरोग्य कार्ड योजनेअंतर्गत माझ्या शेताची तपासणी केलंय,मी जमीन आरोग्य कार्ड योजनेअंतर्गत माझ्या शेताची तपासणी केली आहे.
6302,715242,D2,Agriculture,13.0,हाइड्रोपोनिक्स मध्ये मिनरल पोषक तत्व व पानी रोपांना दिले जाते,हायड्रोपोनिक्समध्ये मिनरल पोषक तत्व व पाणी रोपांना दिले जाते
6303,722227,D4,Agriculture,13.0,जंगलतोड आणि पर्यावरणीय असंतुलनामुळे वनीकरण अभियंत्यांची जबाबदारी वाढली आहे,जंगलतोड आणि पर्यावरणीय असंतुलनामुळे वनीकरण अभियंत्यांची जबाबदारी वाढली आहे
6304,706647,D1,Banking,13.0,प्राप्तिकर प्रणाली अनेकदा वजावट उपलब्ध करून देतत ज्यामुळा एकूण कर दायित्व कमी होता,प्राप्तिकर प्रणाली अनेकदा वजावट उपलब्ध करून देते ज्यामुळे एकूण कर दायित्व कमी होते
6305,713019,D2,Agriculture,13.0,जैविक शेतीमा मातीले पोषक गुण आणि किड वर अभ्यास करतस,जैविक शेतीमध्ये मातीचे पोषक गुण आणि किडींवर अभ्यास करत आहे.
6306,719202,D4,Agriculture,13.0,नेरियम ऑलिंडरच्या लागवडीत रासायनिक खतांचा वापर केला जात नाही,नेरियम ऑलिंडरच्या लागवडीत रासायनिक खतांचा वापर केला जात नाही
6307,710907,D1,Agriculture,13.0,माझ्या गावात काटेरी करवंदाचो वापर चविष्ट पदार्थ बनवुक केलो जाता,माझ्या गावात काटेरी पदार्थांचा वापर चविष्ट पदार्थ बनवण्यासाठी केला जातो.
6308,715505,D2,Agriculture,13.0,गिलक वजन कमी करण्यासाठी सगळ्यात चांगल्या खाद्य पदार्थांमधून एक आहे,गिलक वजन कमी करण्यासाठी सर्वात चांगल्या खाद्य पदार्थांमधून एक आहे
6309,719381,D4,Banking,13.0,यू.पी.आय सध्या सर्वात जास्त वापरलेला फंड ट्रान्सफर मोड आहे,यू.पी.आय सध्या सर्वात जास्त वापरला जाणारा फंड ट्रान्सफर मोड आहे
6310,707721,D1,Agriculture,13.0,पश्मिना म्हणजे कातलेल्या कश्मीरीच्या उत्कृष्ट आवृत्तीचो संदर्भ आसा,पश्मिना म्हणजे कातलेल्या कश्मीरीच्या उत्कृष्ट आवृत्तीचा संदर्भ आहे.
6311,716806,D2,Banking,13.0,यु.पी.आई रिझर्व्ह बँक ऑफ इंडियाने ऑनलाइन पेमेंटची नवीन प्रणाली सुरू केली आहे,यु.पी.आय रिझर्व्ह बँक ऑफ इंडियाने ऑनलाइन पेमेंटची नवीन प्रणाली सुरू केली आहे
6312,722255,D4,Agriculture,13.0,हलगर्जी लाकूड बर्याचदा लाकडाची टाइल्स बनवण्यासाठी वापरली जाते,हलगर्जी लाकूड बऱ्याचदा लाकडाची टाइल्स बनवण्यासाठी वापरले जाते
6313,706998,D1,Banking,13.0,जागतिक व्यापार संघटना आंतरराष्ट्रीय व्यापाराचो नियमन आणि सुविधा देता,जागतिक व्यापार संघटना आंतरराष्ट्रीय व्यापाराचे नियमन आणि सुविधा देते
6314,715696,D2,Agriculture,13.0,दोडक पावसाळ्याच्या ऋतू मध्ये उगवतं आणि दोडक्याला पूर्ण भारतामध्ये उगवल जाता,दोडक पावसाळ्याच्या ऋतूमध्ये उगवते आणि ते पूर्ण भारतात उगवते
6315,719568,D4,Banking,13.0,ए.टी.एम हे एक विद्युत उपकरण आहे जे ग्राहकांना आर्थिक व्यवहार करण्यास सक्षम करते,ए.टी.एम हे एक विद्युत उपकरण आहे जे ग्राहकांना आर्थिक व्यवहार करण्यास सक्षम करते
6316,711198,D1,Agriculture,13.0,पशूंची बऱ्या प्रकारे वाढ जायच्या खाती त्यांका कसला पशुखाद्य दिऊचा ?,"पशूंची वाढ बऱ्याच प्रकारे होते, तर तुम्हाला कोणते पशुखाद्य द्यावे?"
6317,716268,D2,Agriculture,13.0,सेंद्रीय बियाणं इतर बियाणांच्या तुलनेने सुरक्षित पिक मिळवून देते,सेंद्रीय बियाणे इतर बियाणांच्या तुलनेत सुरक्षित पीक मिळवून देतात
6318,722109,D4,Agriculture,13.0,"चांगल्या काळजीने , प्रवाळ चमेली तुम्हाला वर्षभर फुले देईल राजू",चांगल्या काळजीने प्रवाळ चमेली तुम्हाला वर्षभर फुले देईल राजू
6319,711196,D1,Agriculture,13.0,पशुसंवर्धन चा धंदा सुरू करूच्या खाती पशू खईसून हाडूचे ?,पशुसंवर्धनचा व्यवसाय सुरू करायचा असेल तर पशू खायला काय करावे लागेल?
6320,713378,D2,Agriculture,13.0,शहरमा गायी म्हशीस्ना गोठा राह्यना ते ताजं दूध इकता येस,"शहरात गायी आणि म्हशींचे गोठे राहतात, ते ताजे दूध पुरेसे असते."
6321,719496,D4,Banking,13.0,"व्याज दराची गणना करा , शून्य टक्के ई.एम.आय योजना देखील विचारात घेतल्या जाणार नाहीत","व्याज दराची गणना करा, शून्य टक्के ई.एम.आय योजना देखील विचारात घेतल्या जाणार नाहीत."
6322,711649,D1,Agriculture,13.0,भारताच्या खयच्या भागात जास्त पशुसंवर्धन केला जाता ?,भारताच्या त्या भागात जास्त पशुसंवर्धन केले जाते का?
6323,715602,D2,Agriculture,13.0,"जैविक खाद्य खाणे म्हणजे , निरोगी स्थिती मानले जाते",जैविक खाद्य खाणे म्हणजे निरोगी स्थिती मानली जाते
6324,720998,D4,Agriculture,13.0,गावातील शेतकऱ्यांनी फुलांची लागवड करण्यास सुरवात केली आहे,गावातील शेतकऱ्यांनी फुलांची लागवड करण्यास सुरुवात केली आहे
6325,711768,D1,Agriculture,13.0,किसान सन्मान निधी योजनेत पन्नास ते अंयशी टक्के सवलत आसा काय ?,किसान सन्मान निधी योजनेत पन्नास ते ऐंशी टक्के सवलत आहे का?
6326,718465,D2,Banking,13.0,यू.पी.आय वरुन माझ्या बँक खात्याचा व्यवहार पाहता येतो का ?,UPI वरून माझ्या बँक खात्याचा व्यवहार पाहता येतो का?
6327,722658,D4,Banking,13.0,"लिक्विड फंडांसह , तुम्हाला कमी कालावधीत वाजवी परतावा मिळू शकेल",लिक्विड फंडांसह तुम्हाला कमी कालावधीत वाजवी परतावा मिळू शकेल
6328,711902,D1,Banking,13.0,माका तुम्ही माझ्या खात्याचो अकाउंट नंबर सांगा ?,तुम्ही माझ्या खात्याचा अकाउंट नंबर सांगा?
6329,717536,D2,Agriculture,13.0,लाल मातीत केलेल्या भुईमूगाला किती पाणी द्यावे ?,लाल मातीत केलेल्या भुईमूगाला किती पाणी द्यावे?
6330,719821,D4,Agriculture,13.0,जनावरांच्या खाद्यामध्ये कीटकांचा वापर पशुखाद्य म्हणून केला जातो,जनावरांच्या खाद्यामध्ये कीटकांचा वापर पशुखाद्य म्हणून केला जातो
6331,712084,D1,Banking,13.0,जास्त काळासाठी पैसे ठेवले तर काय फायदे आसत ?,जास्त काळासाठी पैसे ठेवले तर काय फायदे असतात?
6332,718474,D2,Banking,13.0,माझ्या खात्यातून एक महिन्यापूर्वी किती रक्कम काढली ?,माझ्या खात्यातून एक महिन्यापूर्वी किती रक्कम काढली?
6333,720288,D4,Banking,13.0,कोणतीही व्यक्ती सुरक्षा प्रतिज्ञेची खरेदी किंवा विक्री करू शकते,कोणतीही व्यक्ती सुरक्षा प्रतिज्ञेची खरेदी किंवा विक्री करू शकते
6334,711961,D1,Banking,13.0,माजो मोबाईल नंबर माझ्या बँक खात्याक जोडून दितल्यात काय ?,माझा मोबाईल नंबर माझ्या बँक खात्याला जोडून दिले काय?
6335,718511,D2,Banking,13.0,चार लाख रुपयांच्या ठेवीवर तीन महिन्यांसाठी किती टक्के व्याजदर मिळेल ?,चार लाख रुपयांच्या ठेवीवर तीन महिन्यांसाठी किती टक्के व्याजदर मिळेल?
6336,720010,D4,Agriculture,13.0,जीव नियंत्रित करण्यासाठी चित्र कीटकांचा वापर केला जाऊ शकतो,जीव नियंत्रित करण्यासाठी कीटकांचे चित्र वापरले जाऊ शकते
6337,709628,D1,Banking,13.0,राजू एकतीस मेक तुझ्या खात्यासून तीनशे तीस रुपये कापून जातले,राजू एकवीस रुपये तुझ्या खात्यातून तीनशे तीस रुपये कापून गेले.
6338,716011,D2,Agriculture,13.0,मी सिंचन करण्याआधी पंचायत ऑफिसमध्ये शेती वैज्ञानिकांशी बोलून घेतो,मी सिंचन करण्याआधी पंचायत ऑफिसमध्ये शेती वैज्ञानिकांशी बोलून घेतो
6339,722431,D4,Agriculture,13.0,परमाकल्चर शेती आणि सामाजिक रचना तत्त्वांची एक प्रणाली व्यवस्था आहे,परमाकल्चर शेती आणि सामाजिक रचना तत्त्वांची एक प्रणाली व्यवस्था आहे
6340,710452,D1,Agriculture,13.0,शेतकऱ्यांनी आपल्या शेतात पिक प्रक्रिया करुन उत्पन्न दुप्पट केल्यांनी,शेतकऱ्यांनी आपल्या शेतात पिक प्रक्रिया करून उत्पन्न दुप्पट केले
6341,717072,D2,Banking,13.0,तुम्हाला एकूण वार्षिकी भत्त्यावर किती व्याज द्यावे लागले,तुम्हाला एकूण वार्षिक व्याजावर किती व्याज द्यावे लागले
6342,722231,D4,Agriculture,13.0,संजयला शेतातील काढणीनंतरच्या तंत्रज्ञानाची माहिती नाही,संजयाला शेतातील काढणीनंतरच्या तंत्रज्ञानाची माहिती नाही
6343,707024,D1,Banking,13.0,संकटात सापडलेल्यो येस बँकेक वाचवूक आर.बी.आय ना एस.बी.आय ची नोंदणी केल्यान,संकटात सापडले म्हणून येश बँकेला वाचवून आर.बी.आय आणि एस.बी.आयची नोंदणी केली.
6344,713926,D2,Banking,13.0,व्यक्ति आपला घर नी मरम्मत आणि मोठी गाडी लेवासाठे असुरक्षित कर्ज लीऊ शकस,व्यक्ती आपले घर आणि दुरुस्ती तसेच मोठी गाडी घेण्यासाठी असुरक्षित कर्ज घेऊ शकतो.
6345,722268,D4,Agriculture,13.0,स्टोरेज ही एक प्रक्रिया आहे जी संगणकीयद्वारे डिजिटल डेटा जतन करते,स्टोरेज ही एक प्रक्रिया आहे जी संगणकीयद्वारे डिजिटल डेटा जतन करते
6346,706781,D1,Banking,13.0,लवाद म्हणजे दोन किंवा अधिक बाजारपेठेतलो किमतीतला फरकाचो फायदा घेऊची प्रथा,लवाद म्हणजे दोन किंवा अधिक बाजारपेठेतला किमतीतील फरकाचा फायदा घेण्याची प्रथा
6347,712693,D2,Agriculture,13.0,अन्नप्रणालीमा शेतपाशीन तै कृषी विपनननन्या सरव्या प्रक्रियासना समावेश व्हस,अन्न प्रणालीमध्ये शेतपाशीन ते कृषी विपणन सर्व प्रक्रियांमध्ये समावेश आहे
6348,721848,D4,Banking,13.0,जामीन बाँड लाभार्थ्याचे नुकसान होण्यापासून संरक्षण करते,जामीन बाँड लाभार्थ्याचे नुकसान होण्यापासून संरक्षण करते
6349,707846,D1,Agriculture,13.0,भारतातली मोहरी प्रामुख्याने भारताच्या उत्तर मैदानी भागात पिकवली जात,भारतातली मोहरी प्रामुख्याने भारताच्या उत्तर मैदानी भागात पिकवली जाते
6350,714963,D2,Banking,13.0,ट्रॅव्हलर्स चेक चा वापर करून राहुलने त्याचा प्रवास सोपा केला,ट्रॅव्हलर्स चेकचा वापर करून राहुलने त्याचा प्रवास सोपा केला
6351,718752,D4,Banking,13.0,पी.एन.बी व्यवसायाच्या व्हॉल्यूम आणि नेटवर्कच्या बाबतीत दोन्ही मोठे आहे,पी.एन.बी व्यवसायाच्या व्हॉल्यूम आणि नेटवर्कच्या बाबतीत दोन्ही मोठे आहेत.
6352,706826,D1,Banking,13.0,जातीय उद्योजकता ह्यो शब्द स्वयंरोजगार व्यवसाय मालकांका सूचित करता,जातीय उद्योजकता हे शब्द स्वयंरोजगार व्यवसाय मालकांना सूचित करतात
6353,717210,D2,Banking,13.0,स्टॉक एक्सचेंज हे कंपन्या आणि गुंतवणूकदार यांच्यात मध्यस्थ म्हणून काम करते,स्टॉक एक्सचेंज हे कंपन्या आणि गुंतवणूकदार यांच्यात मध्यस्थ म्हणून काम करते
6354,722487,D4,Banking,13.0,मायक्रो क्रेडिट हे एक लहान कर्ज आहे जे ते स्वतःचा व्यवसाय सुरू करू शकतात,मायक्रो क्रेडिट हे एक लहान कर्ज आहे जे ते स्वतःचा व्यवसाय सुरू करू शकतात
6355,710162,D1,Banking,13.0,इक्वीटी सिक्युरिटीज ह्यो एखाद्या घटकातील इक्विटी व्याजाचो भाग हा,इक्विटी सिक्युरिटीज हा एखाद्या घटकातील इक्विटी व्याजाचा भाग आहे
6356,713597,D2,Banking,13.0,क्रेडीट कार्ड कस्टमर केयर नंबर हाऊ आपण ऑनलाईन माध्यमापण भेटू शकस,आपण ऑनलाईन माध्यमाद्वारे कस्टमर केयर नंबर कसे भेटू शकता?
6357,721616,D4,Agriculture,13.0,टरबूजच्या बियांमध्ये आढळणारे झिंक वृद्धत्वाची प्रक्रिया कमी करू शकते,टरबूजच्या बियांमध्ये आढळणारे झिंक वृद्धत्वाची प्रक्रिया कमी करू शकते
6358,707179,D1,Banking,13.0,जवळपास सर्व बँका नेटबँकिंगद्वारा ए.टी.एम पिन त्वरित रीसेट करूची ऑफर देतत,जवळपास सर्व बँका नेटबँकिंगद्वारे एटीएम पिन त्वरित रीसेट करण्याची ऑफर देत आहेत
6359,713633,D2,Agriculture,13.0,हेला आनी बैल दूधदूभताना जनावरेसनी पैदास वाढावा करता बी काम पडतंस,हेला आणि बैल दूधदूभताना जनावरांचे उत्पादन वाढवायचे असेल तर काम पडते.
6360,722507,D4,Agriculture,13.0,वनस्पतीच्या दुधापासून अनेक प्रकारची औषधे बनवली जातात,वनस्पतीच्या दुधापासून अनेक प्रकारची औषधे बनवली जातात
6361,710507,D1,Banking,13.0,अधिकाऱ्यांका निधीचे बाकीचे स्त्रोत माहित नसतत,अधिकाऱ्यांचे निधीचे बाकीचे स्रोत माहित नाहीत
6362,716264,D2,Agriculture,13.0,"सेंद्रिय खतामध्ये , रासायनिक खताच्या तुलनेने कमी खर्च येतो",सेंद्रिय खतांमध्ये रासायनिक खताच्या तुलनेत कमी खर्च येतो.
6363,721030,D4,Agriculture,13.0,शेणापासून तयार केलेले खत हे वनस्पतीं साठी उत्तम आहे,शेणापासून तयार केलेले खत वनस्पतींसाठी उत्तम आहे
6364,711720,D1,Agriculture,13.0,एक हेक्टर मक्याच्या पिकांका गरजेच्या खतांचो प्रमाण कसो वापरतत ?,एक हेक्टर मक्याच्या पिकांसाठी गरजेच्या खतांचे प्रमाण कसे वापरत आहात?
6365,715084,D2,Agriculture,13.0,भारत सरकारने कुक्कुटपालनासाठी पशुधन प्रहरी योजना सुरू केली आहे,भारत सरकारने कुक्कुटपालनासाठी पशुधन प्रहरी योजना सुरू केली आहे
6366,720561,D4,Agriculture,13.0,जापानने मोत्याच्या उत्पादनातील सर्व देशांना मागे टाकले,जापानने मोत्याच्या उत्पादनातील सर्व देशांना मागे टाकले
6367,708208,D1,Banking,13.0,एक्सिस बँकेत युथ खात्यात शंभर रुपये चेकबुकची फी म्हणान दिवचे लागतत,एक्सिस बँकेत युथ खात्यात शंभर रुपयांची चेकबुकची फी लागते.
6368,715052,D2,Agriculture,13.0,फुलकोबी पिकाची पेरणी सप्टेंबर ते फेब्रुवारी महिन्यात केली जाते,फुलकोबी पिकाची पेरणी सप्टेंबर ते फेब्रुवारी महिन्यात केली जाते
6369,720800,D4,Agriculture,13.0,पेरणी यंत्र हे कॉम्पॅक्ट प्लांटर भांडी कमीतकमी बागे म्हणून कार्य करतात,पेरणी यंत्र हे कॉम्पॅक्ट प्लांटर भांडी कमीतकमी बागे म्हणून कार्य करतात
6370,712548,D1,Banking,13.0,म्या माझ्या कर्जाची मैहिना ऐवजी हप्तासून परतफेड करत आसा,मी माझ्या कर्जाची महिन्याऐवजी हप्त्यावरून परतफेड करत आहे
6371,714543,D2,Banking,13.0,पेंशनधारक जर परदेसमा राहत व्हयी ते त्याना हायातीना दाखला जमा कशा करवा ?,पेंशनधारक जर परदेसमा राहत असेल तर त्यांना हायातीना दाखला जमा कशा करावा?
6372,719907,D4,Banking,13.0,बेरोजगार युवकांना दीनदयाल उपाध्याय योजनेअंतर्गत प्रशिक्षण दिले जाणार आहे,बेरोजगार युवकांना दीनदयाल उपाध्याय योजनेअंतर्गत प्रशिक्षण दिले जाणार आहे
6373,708921,D1,Banking,13.0,शेअर बाजार एकोणीसशे सत्त्याण्णव मध्ये बनलेलो हिंदी भाषेतलो सिनेमा हा,शेअर बाजार एकशे सत्तावीस मध्ये बनवलेला हिंदी भाषेतील सिनेमा हा
6374,715236,D2,Agriculture,13.0,स्पिनिंग म्यूल हे एक मशीन आहे ज्याद्वारे कापूस फायबर आणि इतर तंतू कातले जातात,स्पिनिंग म्यूल ही एक मशीन आहे ज्याद्वारे कापूस फायबर आणि इतर तंतू कातले जातात
6375,722295,D4,Banking,13.0,वस्तूची मागणी व पुरवठा बाजाराच्या परिणामानुसार असतो,वस्तूची मागणी व पुरवठा बाजाराच्या परिणामानुसार असतो
6376,712065,D1,Banking,13.0,माझ्या बँक खात्यासून डायरेक्ट पैसे कट करूक मेलतले काय ?,माझ्या बँक खात्यातून थेट पैसे कापले गेले का?
6377,715495,D2,Agriculture,13.0,गठ्ठ्याला रॅपर ची काठी किंवा टेबलावर ठेवून एक धक्का देऊन पुढे पाठवले जाते,गठ्ठ्याला रॅपरची काठी किंवा टेबलावर ठेवून एक धक्का देऊन पुढे पाठवले जाते
6378,720242,D4,Agriculture,13.0,कीड असलेली झाडे पिकाच्या मधोमध उपटून जमिनीत गाडली पाहिजेत,कीड असलेली झाडे पिकाच्या मधोमध उपटून जमिनीत गाडली पाहिजेत
6379,712572,D1,Banking,13.0,कर्जा मेळाक साठी पुरावो म्हणून माका खयचो कागदपत्र दाखवुची लागतली ?,कर्जाच्या मेळासाठी पुराव्या म्हणून मला कागदपत्र दाखवावे लागतील का?
6380,718401,D2,Banking,13.0,एकावेळी माझ्या खात्यातून कितीवेळा रक्कम काढता येईल ?,एकावेळी माझ्या खात्यातून कितीवेळा रक्कम काढता येईल?
6381,721302,D4,Banking,13.0,"कर्जाची परतफेड न झाल्यास , कर्जदार कर्जदाराचा माल घेऊन जाऊ शकतो",कर्जाची परतफेड न झाल्यास कर्जदार कर्जदाराचा माल घेऊन जाऊ शकतो
6382,708990,D1,Banking,13.0,गुंतवणूक प्रदर्शनाक एका विशिष्ट काळात आणि मुद्रेत मापतत,गुंतवणूक प्रदर्शनाचे एका विशिष्ट काळात आणि मुद्रेत मापन
6383,715366,D2,Banking,13.0,एखाद्या अर्थव्यवस्थेला सक्रिय ठेवण्यासाठी बँकेची खूप गरज असते,एखाद्या अर्थव्यवस्थेला सक्रिय ठेवण्यासाठी बँकेची खूप गरज असते
6384,719277,D4,Banking,13.0,महापालिका बंधपत्रे राज्यात योग्य सुविधा आणण्यासाठी आहेत,महापालिका बंधपत्रे राज्यात योग्य सुविधा आणण्यासाठी आहेत
6385,708667,D1,Agriculture,13.0,प्रधानमंत्री उज्ज्वला योजनेतना घरांमध्ये एल.पी.जी सिलेंडर दिले हुते,प्रधानमंत्री उज्ज्वला योजनेमुळे घरांमध्ये एल.पी.जी सिलेंडर देण्यात आले आहेत.
6386,712962,D2,Banking,13.0,भारतमझारला गनच लोकेसले करोडपती उद्योजकताना बारामा माहित नयी,भारतमझारला अनेक लोक असलेले करोडपती उद्योजकताना बारामा माहीत नाही
6387,719857,D4,Agriculture,13.0,कॉफी झाडाच्या भाजलेल्या बियाण्यापासून बनविली जाते,कॉफी झाडाच्या भाजलेल्या बियाण्यापासून बनविली जाते
6388,710510,D1,Banking,13.0,"अनुभव , आर्थिक भांडवल जलद गुंतवणूक विकासाच्या वापराक प्रोत्साहन देईत",अनुभव आर्थिक भांडवल जलद गुंतवणूक विकासाच्या वापरावर प्रोत्साहन देते
6389,715946,D2,Agriculture,13.0,"मर्सराइज कापड एका विशेष प्रकारचे असते , ह्याला कमी घड्या पडतात आणि हे रंगाला बरोबर पकडते","मर्सराइज कापड एका विशेष प्रकारचा असते, त्याला कमी घड्या पडतात आणि ते रंगाला बरोबर पकडते."
6390,720797,D4,Agriculture,13.0,काढणीनंतरच्या ऑपरेशनमध्ये अन्न सुरक्षा आणि गुणवत्तेसाठी अतिरिक्त जोखीम असते,काढणीनंतरच्या ऑपरेशनमध्ये अन्न सुरक्षा आणि गुणवत्तेसाठी अतिरिक्त जोखीम असते
6391,709550,D1,Agriculture,13.0,भाजीपालो पिकवूसाठी मातीत नांगरून मग त्यात बियो पेरल्यो जातत,भाजीपाला पिकवण्यासाठी मातीत नांगरून मग त्यात बियाणे लावले जात आहे.
6392,717281,D2,Agriculture,13.0,सेंद्रिय शेतीमध्ये कमीत कमी खर्चात कोणता भाजीपाला करता येईल ते सांगा,सेंद्रिय शेतीमध्ये कमीत कमी खर्चात कोणता भाजीपाला करता येईल ते सांगा
6393,720738,D4,Banking,13.0,आर्थिक बाजारात समभाग व रोखे यांचा प्रामुख्याने व्यापार केला जातो,आर्थिक बाजारात समभाग व रोखे यांचा प्रामुख्याने व्यापार केला जातो
6394,707176,D1,Banking,13.0,डेबिट कार्ड तुमका बँकेत जमा केलेल्यो निधीवर पैसो काढूची परवानगी देता,डेबिट कार्डने बँकेत जमा केलेला निधीवर पैसे काढण्याची परवानगी दिली जाते.
6395,715173,D2,Agriculture,13.0,वनस्पतींच्या परागीभवनात मधमाश्या महत्त्वाची भूमिका बजावतात,वनस्पतींच्या परागीभवनात मधमाश्या महत्त्वाची भूमिका बजावतात
6396,721769,D4,Banking,13.0,आर्थिक संस्था संगणक आधारित सिस्टममध्ये किंवा त्याद्वारे केली जाते,आर्थिक संस्था संगणक आधारित प्रणालीमध्ये किंवा त्याद्वारे केली जाते
6397,709515,D1,Banking,13.0,प्रत्येक देशाच्या पैशांची किंमत वेगळी असा ती तिकडची अर्थ व्यवस्था बनवता,प्रत्येक देशाच्या पैशांची किंमत वेगळी असते आणि ती तिकडची अर्थ व्यवस्था बनवते
6398,716876,D2,Banking,13.0,जागतिक बौद्धिक संपदा संघटना जगातील ज्ञानाशी संबंधित समस्यांवर लक्ष ठेवते,जागतिक बौद्धिक संपदा संघटना जगातील ज्ञानाशी संबंधित समस्यांवर लक्ष ठेवते
6399,718836,D4,Agriculture,13.0,"जीचा पिंजरा लोखंडाचा बनलेला आहे , ज्यामध्ये सर्व बाजूंनी हवा येते","ज्याचा पिंजरा लोखंडाचा बनलेला आहे, ज्यामध्ये सर्व बाजूंनी हवा येते."
6400,709894,D1,Agriculture,13.0,जलीय पारिस्थितिकी तंत्र वेगवेगळ्या प्रकारचे पाण्याचे स्रोत तयार करता,जलीय परिसंस्था वेगवेगळ्या प्रकारचे पाण्याच्या स्रोत तयार करते
6401,713372,D2,Agriculture,13.0,गोड आनी खारा पानीमधला गनज परकारना मासा भारतमा मियतस,गोड आणि खारट पाण्यातील अनेक प्रकारचे मासे भारतात आहेत
6402,719549,D4,Agriculture,13.0,शेतजमिनीच्या मोजमापाच्या एककांविषयी माहिती असली पाहिजे,शेतजमिनीच्या मोजमापाच्या एककांविषयी माहिती असली पाहिजे
6403,709568,D1,Agriculture,13.0,भारतातील कृषी आधारित सहकारी संस्थांमधून शेतकऱ्यांका भरपूर लाभ मिळता हा,भारतातील कृषी आधारित सहकारी संस्थांमधून शेतकऱ्यांना भरपूर लाभ मिळतो.
6404,715047,D2,Banking,13.0,पैसे परत करण्यासाठी अनिलने पेमेंट वॉरंटवर सही करून ते रमेशला पाठवले,पैसे परत करण्यासाठी अनिलने पेमेंट वॉरंटवर सही करून ते रमेशला पाठवले
6405,721015,D4,Agriculture,13.0,सीव्हीड वास्तविकपणे जलीय वनस्पतींचा संदर्भ देते,सीव्हीड वास्तविकपणे जलीय वनस्पतींचा संदर्भ देते
6406,711809,D1,Banking,13.0,जर मी माझ्या मोबाईल मधन रिचार्ज केलय तर माका कितके कॅशबॅक मेळतले ?,जर मी माझ्या मोबाईलमधून रिचार्ज केले तर मला किती कॅशबॅक मिळाले?
6407,715614,D2,Agriculture,13.0,टणक लाकूड रुंद पट्ट्याच्या समशीतोष्ण आणि उष्णकटिबंधीय जंगलांमध्ये मिळतात,टणक लाकूड रुंद पट्ट्यातील समशीतोष्ण आणि उष्णकटिबंधीय जंगलांमध्ये मिळतात
6408,719221,D4,Agriculture,13.0,सर्व गोड पाण्यातील आणि खार्या पाण्याच्या अँलिंगमध्ये वापरले जातात,सर्व गोड पाणी आणि खारट पाण्याच्या अँलिंगमध्ये वापरले जातात
6409,710688,D1,Agriculture,13.0,चेन्नईत मिया वाचलय की सरकारना माश्यांसाठी लस मोहिम सुरू केली हा,चेन्नईत वाचले की सरकारांनी माश्यांसाठी लस मोहिम सुरू केली.
6410,717681,D2,Agriculture,13.0,"मका , बाजरी व गव्हासाठी मळणी यंत्राची किंमत किती आहे ?",बाजरी आणि गव्हासाठी मळणी यंत्राची किंमत किती आहे?
6411,722274,D4,Banking,13.0,एफ.डी मध्ये पैसे टाकण्या पूर्वी राजतने ठेवींवर व्याज मोजले,एफ.डी मध्ये पैसे टाकण्यापूर्वी राज्याने ठेवींवर व्याज मोजले.
6412,708939,D1,Banking,13.0,पाच हजार रुपये टाकूक आपल्या खात्याचो नंबर सांग असा रोहितने सांगितल्यान,रोहितने सांगितले की पाच हजार रुपये आपल्या खात्याचा नंबर सांग.
6413,713315,D2,Banking,13.0,कुलदिपनी त्याना मित्रले स्वताना पैसा आनी उधारना पैसासमझारला फरक सांगा,कुलदिपनी आणि त्यांच्या मित्रांचे स्वतःचे पैसे आणि उधारलेले पैसे यांचा फरक सांगा
6414,722430,D4,Agriculture,13.0,पंतप्रधान किसान मानधन योजना ही अल्प आणि अल्पभूधारक शेतकऱ्यांसाठी आहे,पंतप्रधान किसान मानधन योजना अल्प आणि अल्पभूधारक शेतकऱ्यांसाठी आहे
6415,711103,D1,Banking,13.0,स्थिर मालमत्ता सध्याच्या मालमत्तेपेक्षा वेगळी असा,स्थिर मालमत्ता सध्याच्या मालमत्तेपेक्षा वेगळी आहे
6416,715101,D2,Agriculture,13.0,भारतात मांस उत्पादनासाठी ब्रॉयलर मीट पोल्ट्री पाळली जाते,भारतात मांस उत्पादनासाठी ब्रॉयलर मीट पोल्ट्री पाळली जाते
6417,720626,D4,Agriculture,13.0,कृषी वानिकाच्या वापराचा सामान्य लोकांना फायदा झाला,कृषी वानिकाच्या वापराचा सामान्य लोकांना फायदा झाला
6418,708449,D1,Agriculture,13.0,मध ह्यो फक्त एक गोड पदार्थ मानलो जायत होतो जो लोकांसाठी फायदेशीर आसा,हे फक्त एक गोड पदार्थ मानला जात होता जो लोकांसाठी फायदेशीर होता
6419,714157,D2,Agriculture,13.0,प्रधानमंत्री पीक विमा योजना हाई शेतकरिसना साठे सरकारनी बनायले शे,प्रधानमंत्री पीक विमा योजना सरकारकडून शेतकऱ्यांसाठी बनवली गेली आहे.
6420,721113,D4,Banking,13.0,मॅच्युरिटी रकमेची अचूक गणना ठेवीसाठी योग्य कालावधी निश्चित करण्यात मदत करते,मॅच्युरिटी रकमेची अचूक गणना ठेवीसाठी योग्य कालावधी निश्चित करण्यात मदत करते
6421,707222,D1,Banking,13.0,पोस्टपेड कनेक्शन म्हणजे तुम्ही तुमच्यो फोनची सेवा वापरलानंतर पैसो देता,पोस्टपेड कनेक्शन म्हणजे तुम्ही तुमच्या फोनची सेवा वापरल्यानंतर पैसे देता
6422,715785,D2,Agriculture,13.0,पोषकतत्व आगर चा वापर खाद्यपदार्थ बनवण्यासाठी केला जातो,पोषकतत्वांचा वापर खाद्यपदार्थ बनवण्यासाठी केला जातो.
6423,720968,D4,Agriculture,13.0,विजेते म्हणून वापरल्या जाणाऱ्या पंख्याचे किंवा टोपलीचे स्वरूप,विजेते म्हणून वापरल्या जाणाऱ्या पंख्याचे किंवा टोपलीचे स्वरूप
6424,711039,D1,Agriculture,13.0,शेती विस्तार औपचारिकरित्या शाळा आणि विश्व विद्यालयांत शिकवलो जाता,शेती विस्तार औपचारिकरित्या शाळा आणि विश्व विद्यालयांत शिकवले गेले
6425,713862,D2,Agriculture,13.0,जंगल सर्वात जास्त औद्योगीकरना काळ मा नष्ट व्हयनात,जंगलावर औद्योगिकीकरण काळात सर्वात जास्त विनाश झाला.
6426,720061,D4,Agriculture,13.0,"ट्यूलिप एक अतिशय सुंदर फूल आहे , ते पार्ट्यांमध्ये सजावटीसाठी वापरले जाते","ट्यूलिप एक अतिशय सुंदर फूल आहे, ते पार्ट्यांमध्ये सजावटीसाठी वापरले जाते."
6427,709723,D1,Agriculture,13.0,स्ट्रॉबेरी त्याच्या मनोरंजक गोड आणि आंबट चवमुळा स्वयंपाकात पण लोकप्रिय असता,स्ट्रॉबेरी त्याच्या मनोरंजक गोड आणि आंबट चवीमुळे स्वयंपाकात पण लोकप्रिय आहे
6428,717180,D2,Banking,13.0,निधीचे मुख्य स्त्रोत म्हणजे राखून ठेवलेले कमाईचे कर्ज भांडवल आणि भागभांडवल,निधीचे मुख्य स्त्रोत म्हणजे राखून ठेवलेले कमाईचे कर्ज भांडवल आणि भागभांडवल
6429,719464,D4,Agriculture,13.0,व्यापक सिंचन हवामान बदल हे सिंचनाचे तांत्रिक आव्हान आहे,व्यापक सिंचन हवामान बदल हे सिंचनाचे तांत्रिक आव्हान आहे
6430,708374,D1,Agriculture,13.0,पीकबदलामुळे मातीचो कस आणि आवश्यक ती सेंद्रिय संयुगा टिकवन ठेवक मदत जाता,पीक बदलामुळे मातीचे कसे आणि आवश्यक ती सेंद्रिय संयुगे टिकवून ठेवण्यासाठी मदत मिळते
6431,713129,D2,Banking,13.0,शेअर बाजार मा पैसा लावाना करता पहिला पयीन माहिती पायजे,शेअर बाजारामध्ये पैसा कमावण्यासाठी पहिले माहिती पाहावी लागेल.
6432,721531,D4,Agriculture,13.0,एफ.ए.ओ ही संयुक्त राष्ट्रांच्या अन्न आणि कृषी संघटनेची एक विशेष संस्था आहे,एफ.ए.ओ ही संयुक्त राष्ट्रांच्या अन्न आणि कृषी संघटनेची एक विशेष संस्था आहे
6433,708598,D1,Agriculture,13.0,आमच्याकडे खेळूक मोठा मैदान हा जेच्यात पाच केंद्र धुरी सिंचन उपकरणा लावली हत,आमच्याकडे मोठे मैदान आहे जिथे पाच केंद्र धुरी सिंचन उपकरणे लावली आहेत
6434,716098,D2,Agriculture,13.0,लाकडाचा उपयोग सरपणासाठी तसेच वस्तू निर्मिती साठी केला जातो,लाकडाचा उपयोग सरपणासाठी तसेच वस्तू निर्मितीसाठी केला जातो
6435,722360,D4,Banking,13.0,एन.पी.व्ही तंत्रज्ञान सामान्यतः भांडवली बजेटमध्ये वापरले जाते,एन.पी.व्ही तंत्रज्ञान सामान्यतः भांडवली बजेटमध्ये वापरले जाते
6436,708808,D1,Agriculture,13.0,"तुतीचा पाणी , प्रोटीन आणि कार्बोहायड्रेटने भरपूर असता",तुझे पाणी प्रोटीन आणि कार्बोहायड्रेटने भरपूर आहे
6437,715913,D2,Agriculture,13.0,भारतामध्ये भाज्या उगवून आणि त्यांना विकून अनेक लोकांना रोजगार मिळतो,भारतामध्ये भाज्या उगवून आणि त्यांना विकून अनेक लोकांना रोजगार मिळतो
6438,722675,D4,Banking,13.0,स्पॉट मार्केट मध्ये सिक्युरिटीज चे पेमेंट आणि वितरण त्वरित आहे,स्पॉट मार्केटमध्ये सिक्युरिटीजचे पेमेंट आणि वितरण त्वरित आहे
6439,708232,D1,Agriculture,13.0,कागद तयार करुच्यासाठी जगभरातल्या भरपुर झाडांची तोड करुची लागता,कागद तयार करण्यासाठी जगभरातील भरपूर झाडे तोडण्याची गरज लागते
6440,714001,D2,Agriculture,13.0,दुधना चांगला उत्पादनसाठे गायले आरामनी जरुरत ह्रास,चांगले उत्पादनसाठे असल्याने आरामणाची गरज कमी झाली
6441,721334,D4,Banking,13.0,यू.पी.आई सेवांद्वारे काही मिनिटांत पैसे हस्तांतरित केले जाऊ शकतात,यू.पी.आय सेवांद्वारे काही मिनिटांत पैसे हस्तांतरित केले जाऊ शकतात
6442,707521,D1,Agriculture,13.0,जमिनीचो उपयोग विविध प्रकारची पिके घेण्यासाठीपण केलो जाता,जमिनीचा उपयोग विविध प्रकारची पिके घेण्यासाठी केला जातो.
6443,714870,D2,Agriculture,13.0,ओव्हरहार्वेस्टिंग म्हणजे प्राणी आणि वनस्पतींचे अतिवापर होय,ओव्हरहार्वेस्टिंग म्हणजे प्राणी आणि वनस्पतींचे अतिवापर होय
6444,721357,D4,Banking,13.0,स्त्रीवादी उद्योजकता दर्शविते की कोणतीही स्त्री स्वतः साठी सक्षम आहे,स्त्रीवादी उद्योजकता दर्शविते की कोणतीही स्त्री स्वतःसाठी सक्षम आहे
6445,708510,D1,Banking,13.0,विमा आणि सार्वजनिक क्षेत्रातले योजना विमाधारकाक फायदे मिळवन दितत,विमा आणि सार्वजनिक क्षेत्रातील योजना विमाधारकांना फायदे मिळवून देतात
6446,715891,D2,Agriculture,13.0,भारतात तांदूळ उत्पादनासाठी जगभरात दुसरा सगळ्यात मोठा उत्पादक आहे,भारतात तांदूळ उत्पादनासाठी जगभरात दुसरा सर्वात मोठा उत्पादक आहे
6447,720330,D4,Agriculture,13.0,फिनफिश हे थंड रक्ताचे जलीय कशेरुक आहेत ज्यांना गिल किरणांसह पंख आणि स्केल असतात,फिनफिश हे थंड रक्ताचे जलीय कशेरुक आहेत ज्यांना गिल किरणांसह पंख आणि स्केल असतात
6448,707662,D1,Agriculture,13.0,दुग्ध व्यवसाय ह्यो दुधाच्या उत्पादनासाठी शेतीचोच एक भाग आसा,दुग्ध व्यवसाय हे दुधाच्या उत्पादनासाठी शेतीचाच एक भाग आहे.
6449,714826,D2,Banking,13.0,आठ टक्के व्याज दरावर वैयक्तिक कर्ज मिळविण्यासाठी मी ऑनलाइन अर्ज केला,आठ टक्के व्याज दरावर वैयक्तिक कर्ज मिळविण्यासाठी मी ऑनलाइन अर्ज केला
6450,719449,D4,Agriculture,13.0,प्लुमेरिया हे एक झाड आहे ज्याला फ्रँगीपानी अस्या नावानी ओळखले जाते,प्लुमेरिया हे एक झाड आहे ज्याला फ्रँगीपानी म्हणून ओळखले जाते
6451,707642,D1,Banking,13.0,तुम्ही बँकेकडसून किती येळाक कर्ज घेतला आसास ?,तुम्ही बँकेकडून किती कर्ज घेतले असे?
6452,714491,D2,Banking,13.0,वैयक्तिक आणि कायदेशीर संस्थास्नी येयवर सरकारी कर भरा नै ते दंड भरना पडस,वैयक्तिक आणि कायदेशीर संस्थांवर सरकारी कर भरावे आणि ते दंड भरावा लागेल.
6453,718949,D4,Banking,13.0,"काळ्याबाजारात , सरकारच्या नियमांच्या विरोधात कारवाई करून अवैध धंदे करतात",काळ्याबाजारात सरकारच्या नियमांच्या विरोधात कारवाई करून अवैध धंदे करतात
6454,707719,D1,Agriculture,13.0,पर्यावरणशास्त्रीय तंत्रामध्ये कृषीचा एक महत्वाचा स्थान आसा,पर्यावरणशास्त्रीय तंत्रामध्ये कृषीचे एक महत्त्वाचे स्थान आहे
6455,714359,D2,Agriculture,13.0,फवारा माराना मोठल्ला मशने ऑस्ट्रेलियामा सावठा शेतस,मोठले मशीन ऑस्ट्रेलियात सावठा शेतस फवारा माराना
6456,719873,D4,Banking,12.938,"चेक बँकेद्वारे दिले जाते , जे आपले बँक तपशील नाव , खाते क्रमांक इ मुद्रित करते","चेक बँकेद्वारे दिले जाते, जे आपले बँक तपशील नाव आणि खाते क्रमांक इ मुद्रित करते."
6457,707908,D1,Agriculture,13.0,मी आपल्या गायिंका आजारांपासून वाचवूसाठी लस दिलेली आसा,मी आपल्या गायिंका आजारांपासून वाचवण्यासाठी लस दिली आहे
6458,715129,D2,Banking,13.0,महेश ने ॲमेझॉन पे चा उपयोग करुन दिवसाला किती देणी देता येईल याची मर्यादा ठरवली,महेशने ॲमेझॉनचा उपयोग करून दिवसाला किती देणी देता येईल याची मर्यादा ठरवली
6459,722357,D4,Agriculture,12.938,"ऊस उद्योगाचे चार मुख्य उप उत्पादने म्हणजे उसाचे शेंडे , बगॅस , फिल्टर मड आणि मोलॅसिस","ऊस उद्योगाचे चार मुख्य उपउत्पादने म्हणजे उसाचे शेंडे, बगॅस, फिल्टर मड आणि मोलॅसिस"
6460,710126,D1,Agriculture,13.0,आजूबाजूच्या शेतात गव्हाची पेरणी केल्यानी होती,आजूबाजूच्या शेतात गव्हाची पेरणी केली होती
6461,715377,D2,Agriculture,13.0,"एम पिकांच्या अंतर्गत सगळे फळ , अक्रोड आणि ऑलिव्ह इत्यादींची झाडं समाविष्ट आहेत","आणि पिकांच्या अंतर्गत सर्व फळे, अक्रोड आणि ऑलिव्ह इत्यादींची झाडे समाविष्ट आहेत."
6462,722354,D4,Agriculture,12.929,उत्पादन सॉर्टर्सचा अर्थ असा आहे की आम्ही तयार वस्तू विकण्याची योजना कशी तयार करतो,उत्पादन सॉर्टर्सचा अर्थ असा आहे की आम्ही तयार वस्तू विकण्याची योजना कशी तयार करतो
6463,707856,D1,Agriculture,13.0,"भूषण सांगा होतो , मोठ्या पीक प्रक्रिया कंपन्या कृषी विपणन करतत","भूषण सांगा, मोठ्या पीक प्रक्रिया कंपन्या कृषी विपणन करत आहेत."
6464,712781,D2,Banking,13.0,संदर्भ दरना बारामा रामकुमारनी त्याना पोरसले सांगं,संदर्भ दरना बारामा रामकुमारनी यांना सांगितले.
6465,722035,D4,Banking,12.929,उत्पन्न वक्र हा आलेख असतो ते दाखवते की बॉण्ड्ससारख्या कर्ज साधनांवर उत्पन्न कसे आहे,उत्पन्न वक्र हा आलेख असतो तो दाखवतो की बॉण्ड्ससारख्या कर्ज साधनांवर उत्पन्न कसे आहे
6466,710295,D1,Agriculture,13.0,धान्यावर लागणाऱ्या किडेक मारूक किटकनाशकांचा उपयोग करतत,धान्यावर लागणाऱ्या कीटकनाशकांचा उपयोग करत आहेत
6467,713920,D2,Agriculture,13.0,महासागर आणि किनाराना परिसंस्थांसनी प्रक्रिया जवयजवय सारखीच राहस,महासागर आणि किनारांच्या परिसंस्थांची प्रक्रिया सारखीच राहते.
6468,722482,D4,Agriculture,12.923,"माझ्या गावात पेरूची मोठी झाडे लावली आहेत , हे पेरू खूप चवदार आहेत","माझ्या गावात पेरूची मोठी झाडे लावली आहेत, हे पेरू खूप चवदार आहेत."
6469,712373,D1,Banking,13.0,माझा पहिला जोडखाता आसा त्याका वैयक्तिक करूचा असा ता मी कसा करू ?,मी माझा पहिला संबंध कसा वैयक्तिक करू?
6470,716285,D2,Agriculture,13.0,स्थानांतरीत शेती करण्यासाठी जंगलांची सफाई केली जाते,स्थानांतरीत शेती करण्यासाठी जंगलांची सफाई केली जाते
6471,721757,D4,Banking,12.923,गृह विमा हा एक प्रकारचा मालमत्ता विमा आहे जो खाजगी घरांना कव्हर करतो,गृह विमा हा एक प्रकारचा मालमत्ता विमा आहे जो खाजगी घरांना कव्हर करतो
6472,711962,D1,Banking,13.0,माजा डेबिट कार्ड यवस्तीत वापराच्याखाती बरो मार्ग कसलो ?,मला डेबिट कार्ड व्यवस्तीत वापराच्या खात्यात बरोबर मार्ग कसा आहे?
6473,713976,D2,Banking,13.0,दूसरा देशम्हाई पैसा धाडाण काम हाई जोखीम वाढावना परकार शे,"दुसऱ्या देशात पैसा धाडणे काम आहे, त्यामुळे जोखीम वाढते, म्हणून गरज आहे."
6474,719513,D4,Banking,12.917,व्यवहार खाते हे बँक किंवा इतर वित्तीय संस्थेमध्ये ठेवलेले ठेव खाते आहे,व्यवहार खाते हे बँक किंवा इतर वित्तीय संस्थेमध्ये ठेवलेले खाते आहे
6475,711185,D1,Agriculture,13.0,गोदामातल्या पिकाक बुरशी पासून कसा सुरक्षित ठेऊचा ?,गोदामातील पिकाक बुरशीपासून कसे सुरक्षित ठेवायचे?
6476,712631,D2,Banking,13.0,रवीनी त्याना मोठा भाऊना पुसतकमा रिलेटिव्ह रिटर्नना बारामा वाचेल शे,रवीनीला मोठा भाऊ रिलेटिव्ह रिटर्नचा बारापट वाचेल.
6477,720463,D4,Banking,12.917,आजकाल बँका वैयक्तिक कर्ज देण्यास पुढे आहेत जेणेकरून लोक अर्ज करीत आहेत,आजकाल बँका वैयक्तिक कर्ज देण्यास पुढे आहेत जेणेकरून लोक अर्ज करत आहेत
6478,710160,D1,Banking,13.0,आवश्यक आणि हव्या असलेल्या वस्तूंसाठी उर्वरीत पैशे चेकिंग खात्यात ठेवा,आवश्यक आणि हव्या असलेल्या वस्तूंसाठी उर्वरित पैसे चेकिंग खात्यात ठेवा
6479,716054,D2,Banking,13.0,रजिस्टर मोबाईल नंबर वरून मेसेज करून डेबिट कार्ड ला चालू किंवा बंद केलं जाऊ शकता,नोंद मोबाईल नंबरवरून मेसेज करून डेबिट कार्ड चालू किंवा बंद केले जाऊ शकते.
6480,719402,D4,Banking,12.917,"आतापर्यंत पेट्रोलवर जी.एस.टी लावला नाही , तो कधी लागू होईल माहीत नाही","आतापर्यंत पेट्रोलवर जी.एस.टी लावला नाही, तो कधी लागू होईल माहीत नाही."
6481,708005,D1,Banking,13.0,लीव्हरेज युनायटेड किंगडम आणि ऑस्ट्रेलियामध्ये गियरिंग म्हणून ओळखला जाता,लीव्हरेज युनायटेड किंगडम आणि ऑस्ट्रेलियामध्ये गियरिंग म्हणून ओळखला जातो
6482,716108,D2,Banking,13.0,लॉगिन पोर्टलच्या माध्यमाने कर्ज खात्याचं तपशील बघू शकतो,लॉगिन पोर्टलच्या माध्यमातून कर्ज खात्याचे तपशील पाहता येतात.
6483,719914,D4,Banking,12.917,"आपल्याला व्हेंचर कॅपिटल माहित आहे , हा एक प्रकारचा खाजगी इक्विटी आहे","आपल्याला व्हेंचर कॅपिटल माहीत आहे, हा एक प्रकारचा खासगी इक्विटी आहे."
6484,706871,D1,Banking,13.0,चलन ह्या सर्वात सामान्यपणान वापरला जाणारो विनिमय माध्यम असा,चलन हे सर्वात सामान्यपणे वापरले जाणारे विनिमय माध्यम आहे.
6485,712729,D2,Banking,13.0,अमिशानी आपला यापार चांगला चालाना करता अल्प मुदतनं कर्ज ल्हिदं,आपल्या कामाची व्यवस्था चांगल्या प्रकारे केली तर कमी कालावधीत कर्ज घ्या
6486,719784,D4,Banking,12.909,जतिनने प्रतिष्ठित संस्थेकडून पीअर टू पीअर लेंडिंग द्वारे ऑनलाइन कर्ज घेतले,ज्यांनी प्रतिष्ठित संस्थांकडून पीअर टू पीअर लेंडिंगद्वारे ऑनलाइन कर्ज घेतले
6487,709761,D1,Banking,13.0,खातेधारकांन परिपक्व राशी विकल्प ची निवड केल्यावर लगेच पैसे खात्यात जातले,खातेधारकांनी परिपक्व रकमेचे पर्याय निवडल्यावर लगेच पैसे खात्यात गेले.
6488,712901,D2,Agriculture,13.0,मधमाश्या पायनार मालक मधमाशासले एक लाकडी खोकामा ठीसन तेसले पायस,मधमाशांच्या पायनार मालकाने एक लाकडी खोकामा केली.
6489,719678,D4,Agriculture,12.909,नीरजला माहीत आहे की डोंगराळ भागात ठिबक सिंचनाची भरपूर व्यवस्था आहे,नीरजला माहीत आहे की डोंगराळ भागात ठिबक सिंचनाची भरपूर व्यवस्था आहे
6490,710742,D1,Banking,13.0,तु बँकेत आपला खाता उघडलस की क्रेडिट कार्डासाठी अर्ज करू शकतस,तुम्ही बँकेत आपले खाते उघडले तर क्रेडिट कार्डासाठी अर्ज करू शकता.
6491,715207,D2,Banking,13.0,सगळ्या यू.पी.आय एप्स मध्ये दिवसाला किती देणी एतील याची मर्यादा बघता येन शक्य आहे,सर्व यूपीआय ॲप्समध्ये दिवसाला किती शुल्क आहे याची मर्यादा बघता येणे शक्य आहे
6492,722197,D4,Banking,12.909,"त्यानंतर जमा केलेली सूचना निवडल्यानंतर , एफ.डी पैसे काढण्याचे सूचना दिले",त्यानंतर जमा केलेली सूचना निवडल्यानंतर एफडी पैसे काढण्याचे सूचना दिले
6493,711587,D1,Agriculture,13.0,पावसात धान्यांची साठवण कशी करूक होई म्हंजे धान्यात कीटक जाउचे नाय ?,"पावसात धान्याची साठवण कशी करावी, म्हणजे धान्यात कीटक जाऊचे नाहीत?"
6494,718515,D2,Banking,13.0,माझे बिल मला दुसऱ्यांच्या बँक खात्यातून भरता येईल का ?,माझे बिल मला दुसऱ्यांच्या बँक खात्यातून भरता येईल का?
6495,720002,D4,Banking,12.909,त्या अशा बँका आहेत ज्यांची स्थापना आणि क्रियाकलाप सहकारी तत्त्वावर आहेत,त्या अशा बँका आहेत ज्यांची स्थापना आणि क्रियाकलाप सहकारी तत्त्वावर आहेत
6496,708481,D1,Agriculture,13.0,म्हशीक बरा नसल्याकारणान रमेशान तिका बाजूच्या पशुकल्याण ऑफिसात न्हेल्यान,म्हशीक बरा नसल्यामुळे रमेश तिका बाजूच्या पशुकल्याणाच्या ऑफिसमध्ये गेले नाही.
6497,714745,D2,Agriculture,13.0,दामुतात्यानी येयवर चाळ बांधी नै मंग पाऊसमा बठा खांडेल कांदा सडी गया,"दामुतात्यानी येण्यावर चाल बांधली, मंग पाऊसमा बठा खंडेल कांदा सडी गेला."
6498,720368,D4,Banking,12.909,कंपनीतील ऑडिटर कंपनीचाच असतो पण बाहेरचा ऑडिटर बाहेरच्या मोठ्या कंपनीतून येतो,कंपनीतील ऑडिटर कंपनीचाच असतो पण बाहेरील ऑडिटर बाहेरच्या मोठ्या कंपनीतून येतो
6499,707552,D1,Agriculture,13.0,"झाडाच्या चांगल्या वाढीसाठी नायट्रोजन , फॉस्फरस आणि पोटॅश हये मुख्य पोषक घटक आसत","झाडाच्या चांगल्या वाढीसाठी नायट्रोजन, फॉस्फरस आणि पोटॅश हे मुख्य पोषक घटक आहेत."
6500,716652,D2,Banking,13.0,परवाना शुल्क व व्यवसाय कर हा व्यवसायात गुंतलेले व्यावसायिकांवर आकारले जाऊ शकते,परवाना शुल्क व व्यवसाय कर हा व्यवसायात गुंतलेल्या व्यावसायिकांवर आकारले जाऊ शकते
6501,722245,D4,Agriculture,12.909,अन्न प्रणाली ही अन्न मूल्य साखळीतील अभिनेते आणि परस्परसंवादांची बेरीज आहे,अन्न प्रणाली ही अन्न मूल्य साखळीतील अभिनेते आणि परस्परसंवादांची बेरीज आहे
6502,711319,D1,Agriculture,13.0,मीया सेंद्रिय खताचो वापर जास्त प्रमाणात केलय तर चलात काय ?,मी सेंद्रिय खताचा वापर जास्त प्रमाणात केला तर काय होईल?
6503,716350,D2,Banking,13.0,सध्या सायबर गुन्ह्यांमध्ये बँकेशी संबंधित फसवणुकीचे प्रमाण वाढले आहे,सध्या सायबर गुन्ह्यांमध्ये बँकेशी संबंधित फसवणुकीचे प्रमाण वाढले आहे
6504,719309,D4,Banking,12.909,"सात वर्षांपर्यंत बँक स्टेटमेंट पहा , जतन करा किंवा प्रिंट करा","सात वर्षांपर्यंत बँक स्टेटमेंट पहा, जतन करा किंवा प्रिंट करा"
6505,710117,D1,Banking,13.0,स्थावर मालमत्ते विषयी सगळी माहिती मी पुस्तकातून शिकलंय,मी पुस्तकातून स्थावर मालमत्तेबद्दल सगळी माहिती शिकले आहे
6506,716974,D2,Agriculture,13.0,सिंचन व्यवस्थापन म्हणजे पिकाच्या मुळापर्यंत पाण्याचा कृत्रिम वापर आहे,सिंचन व्यवस्थापन म्हणजे पिकाच्या मुळापर्यंत पाण्याचा कृत्रिम वापर आहे
6507,720594,D4,Agriculture,12.9,पिकाला दिलेले पाणी आणि पिकाने वापरलेले पाणी यांचे गुणोत्तर आहे,पिकाला दिलेले पाणी आणि पिकाने वापरलेले पाणी यांचे गुणोत्तर आहे
6508,708683,D1,Agriculture,13.0,परंपरागत कृषि विकास ही कृषी मंत्रालयाची चांगली योजना असा,परंपरागत कृषी विकास ही कृषी मंत्रालयाची चांगली योजना आहे
6509,713877,D2,Banking,13.0,केंद्रीय बँकसना कल्पना हाई चलनवाद मतप्रणालीना मुख्य मुद्दा बनेल शे,केंद्रीय बँकेची कल्पना ही चलनवादाच्या प्रणालीचा मुख्य मुद्दा बनेल.
6510,719518,D4,Banking,12.9,इंडियन बँक ही भारत सरकारच्या मालकीची प्रमुख राष्ट्रीयीकृत बँक आहे,इंडियन बँक ही भारत सरकारच्या मालकीची प्रमुख राष्ट्रीयीकृत बँक आहे
6511,710591,D1,Agriculture,13.0,एम.एस.पी सुनिश्चित करूसाठी कॉर्पोरेट किंमती नियंत्रित करू नाय शकणत,एम.एस.पी सुनिश्चित करण्यासाठी कॉर्पोरेट किंमती नियंत्रित करता येत नाही.
6512,715193,D2,Agriculture,13.0,शेतकरी कल्याण आणि कृषी विभाग प्रमाणित बियाणांचा वापर करण्याची शिफारस करतो,शेतकरी कल्याण आणि कृषी विभाग प्रमाणित बियाणांचा वापर करण्याची शिफारस करतो
6513,720921,D4,Agriculture,12.9,तेलबियां मध्ये नेहमीच काही ना काही खराब झालेले बिया असतात,तेलामध्ये नेहमीच काही ना काही खराब झालेले बिया असतात
6514,712335,D1,Banking,13.0,सामाजिक क्षेत्रांतले योजना कोणा मार्फत दिले जातत ?,सामाजिक क्षेत्रातील योजना कोणा मार्फत दिल्या जातात?
6515,716521,D2,Agriculture,13.0,जवसाच्या बिया आणि इतर तेलकट धान्ये हे देखील व्यापाराचे महत्त्वाचे लेख आहेत,जवसाच्या बिया आणि इतर तेलकट धान्ये हे देखील व्यापाराचे महत्त्वाचे लेख आहेत
6516,719836,D4,Agriculture,12.9,"खुरपी , फावडे , उत्खनन इ माती नियंत्रणासाठी वापरले जातात","खुरपी, फावडे, उत्खनन इत्यादी माती नियंत्रणासाठी वापरले जातात."
6517,711652,D1,Agriculture,13.0,सूर्यफूलाचा पीक खयच्या खंडात जास्त पिकवतत ?,सूर्यफूलाचे पीक खयच्या खंडात जास्त पिकवले जात आहे का?
6518,716378,D2,Agriculture,13.0,मांस मिळविण्यासाठी विविध प्रकारचे प्राणी पाळले जातात,मांस मिळविण्यासाठी विविध प्रकारचे प्राणी पाळले जातात
6519,722481,D4,Agriculture,12.9,माझ्या गावात केळीची अनेक झाडे आहेत ज्यांवर केळीचे गुच्छ आहेत,माझ्या गावात केळीची अनेक झाडे आहेत ज्यांवर केळीचे गुच्छ आहेत
6520,709176,D1,Agriculture,13.0,कृषि कर्जा वेगवेगळ्या प्रकारची शेतीच्या संबधित कामांसाठी मिळता,कृषी कर्जा वेगवेगळ्या प्रकारची शेतीच्या संबधित कामांसाठी मिळतात
6521,714541,D2,Agriculture,13.0,परतिकुल हवामानमा झाडे वाचाडाना करता पोटॅशियमना उपेग व्हस,परतिकूल हवामानामध्ये झाडे वाचून पाहिल्याने पोटॅशियमचा उपयोग कसा करायचा
6522,721626,D4,Agriculture,12.9,कंपोस्ट खत हे प्राण्यांचे खत आहे जे सडण्यासाठी सोडले जाते,कंपोस्ट खत हे प्राण्यांचे खत आहे जे सडण्यासाठी सोडले जाते
6523,710324,D1,Agriculture,13.0,प्रभाव अंतरराष्ट्रीय स्तरावर मगरेच्या दोन प्रजातींची शेती करतत,प्रभाव आंतरराष्ट्रीय स्तरावर मगरेच्या दोन प्रजातींची शेती करत आहेत
6524,714606,D2,Banking,13.0,एखादी कंपनीमा पैसा गुताडानी टाईमलेच नफानी बरोबर तोटानीबी शक्यता ठेवनी पडस,एखाद्या कंपनीत पैसा खर्च केल्यावर फक्त नफा किंवा तोटा ठेवण्याची शक्यता आहे.
6525,718968,D4,Banking,12.889,कर्ज देणाऱ्या संस्थांच्या कर्मचाऱ्यांना सवलतीचे कर्ज दिले जाऊ शकते,कर्ज देणाऱ्या संस्थांच्या कर्मचाऱ्यांना सवलतीचे कर्ज दिले जाऊ शकते
6526,710760,D1,Agriculture,13.0,तुम्ही तुमच्या शेतीक विहिरीच्या पाण्यान सिंचन करतास काय ?,तुम्ही तुमच्या शेताच्या विहिरीच्या पाण्याने सिंचन करता का?
6527,713515,D2,Agriculture,13.0,धान्यनी वाहतूक करता बैलगाडी ना जास्त वापर व्हस,धान्य वाहतुकीसाठी बैलगाडीचा जास्त वापर होतो का?
6528,723870,D4,Banking,12.875,बिमा काढासाठी मले कोनची कोनची कागदपत्र लागन ?,विम्यासाठी मला कोणती कागदपत्रे लागतील?
6529,712555,D1,Banking,13.0,माका माझो डेबिट कार्ड गहाळ झाल्याची तक्रार करुची आसा,मला माझे डेबिट कार्ड गहाळ झाल्याची तक्रार करायची आहे.
6530,713643,D2,Agriculture,13.0,सुरेशनी कपाशीना पिक मायीन चांगला फायदा करी ल्हिना,सुरेशना कपाशीच्या पिकामधून चांगला फायदा होईल.
6531,723017,D4,Agriculture,12.875,रासायनिक खतामंदी सर्वात चांगले रासायनिक खत कोनचे ?,रासायनिक खतामंदीपैकी सर्वात चांगले रासायनिक खत कोणते?
6532,709198,D1,Agriculture,13.0,शेतीत पाळीव प्राण्यांचो उपयोग वेगवेगळ्या कामांसाठी करतत,शेतीत पाळीव प्राण्यांचा उपयोग वेगवेगळ्या कामांसाठी केला जातो.
6533,715317,D2,Banking,13.0,"आर्थिक लेखामध्ये लाभ परिस्थिती , घटना किंवा देवाणघेवाणीचा परिणाम आहे","आर्थिक लेखामध्ये लाभ परिस्थिती, घटना किंवा देवाणघेवाणीचा परिणाम आहे"
6534,720244,D4,Banking,12.875,"तुम्ही तुमचा आयकर जमा केला नसेल , तर तुमचा इन्कम टॅक्स ऐच्छिक प्रकटीकरण योजनेअंतर्गत जमा करा",तुम्ही तुमचा आयकर जमा केला नसेल तर तुमचा इन्कम टॅक्स ऐच्छिक प्रकटीकरण योजनेअंतर्गत जमा करा
6535,711164,D1,Agriculture,13.0,भात कापूच्या खाती कसले यांत्रा आसत आणि तेतुत भाताची नाशादी जाता काय ?,भात कापूच्या खात्याची कोणती यंत्रणा आहे आणि त्यामध्ये भाताची नाशादी काय होते?
6536,715811,D2,Agriculture,13.0,"प्रीतम च्या भावाला भाग काम करण्याची खूप आवड आहे , कालच राजूने चमेलीचं रोप लावलं","प्रीतमच्या भावाला काम करण्याची खूप आवड आहे, कालच राजूने चमेलीचे रोप लावले."
6537,722238,D4,Agriculture,12.875,"सुविधा शेतकरी कुंपण इतर सुविधा जसे की पाणी , खाद्य , वाहतूक आणि कीटक नियंत्रण करतात",सुविधा शेतकरी कुंपण इतर सुविधा जसे की पाणी खाद्य वाहतूक आणि कीटक नियंत्रण करतात
6538,707093,D1,Banking,13.0,घसारा म्हणजे मालमत्तेचो मू्ल्य कमी होणा आणि पुनर्वाटप करूची पद्धत,घसारा म्हणजे मालमत्तेचे मूल्य कमी होणे आणि पुनर्वाटप करण्याची पद्धत
6539,715797,D2,Banking,13.0,प्रत्येक शेअर बाजारांमध्ये वेगळ्या प्रकारचा स्टॉक व्यापारी मिळतो,प्रत्येक शेअर बाजारांमध्ये वेगळ्या प्रकारचा स्टॉक व्यापारी मिळतो
6540,722859,D4,Agriculture,12.875,विविध प्रकारच्या हवामानामुळे भारतात विविध प्रकारची झाडे आढळतात,विविध प्रकारच्या हवामानामुळे भारतात विविध प्रकारची झाडे आढळतात
6541,711612,D1,Agriculture,13.0,मका कमी खर्चात पोषक पीक मिळण्यासाठी मी खैयच्या खतांचो वापर करू ?,मी कमी खर्चात पोषक पीक मिळवण्यासाठी खताचा वापर करू का?
6542,713105,D2,Banking,13.0,मनी ग्रामीण बँक मयीन मायक्रो क्रेडिट नी सुविधा लेल शे,ग्रामीण बँकेकडून मायक्रो क्रेडिटची सुविधा शेतीसाठी मिळू शकते.
6543,720790,D4,Agriculture,12.867,"यामध्ये ऑनलाइन लिलाव साइट , इंटरनेट बँकिंग , ऑनलाइन तिकिटे आणि आरक्षण यांचा समावेश आहे","यामध्ये ऑनलाइन लिलाव साइट, इंटरनेट बँकिंग, ऑनलाइन तिकिटे आणि आरक्षण यांचा समावेश आहे."
6544,711161,D1,Agriculture,13.0,ट्रॅक्टर कितक्या किमती मरेन मेळाक शकता आनी सरकारचे कसले योजना आसत त्याच्याखाती ?,ट्रॅक्टर किती किमतीत मिळतात आणि सरकारची कोणत्या योजना आहेत त्याच्याशी?
6545,716658,D2,Banking,13.0,भविष्यात देय असलेल्या पेमेंटचे वर्णन करण्यासाठी वापरले जाते,भविष्यात देय असलेल्या पेमेंटचे वर्णन करण्यासाठी वापरले जाते
6546,720207,D4,Agriculture,12.867,"बुसरा , कडकनाथ , असिल चितगाव , झारसिम आणि कामरूपा या पोल्ट्रीच्या भारतीय जाती आहेत","बुसरा, कडकनाथ, असिल चितगाव, झारसिम आणि कामरूपा या पोल्ट्रीच्या भारतीय जाती आहेत."
6547,711404,D1,Agriculture,13.0,जमिनीतील स्फुदरमुक्त होऊसाठीक स्फुदर वीरघळनारो जिवाणू खताचो वापर कसो करायचो ?,जमिनीतील स्फुदरमुक्त होऊसाठीक स्फुदर वीरघळनारो जिवाणूचा वापर कसा करायचा?
6548,713995,D2,Agriculture,13.0,गावठी खतसना वापर शेतकरी रोपसना सांभाय करासाठे करस,शेतकऱ्यांनी खताचा वापर करून रोपांची काळजी घ्यावी.
6549,718862,D4,Agriculture,12.867,"कोबी गवत , भांग , गवत या तणांमुळे शेतातील संतुलन बिघडते आणि पिकाचे नुकसान होते","कोबी गवत, भांग आणि गवत या तणांमुळे शेतातील संतुलन बिघडते आणि पिकांचे नुकसान होते"
6550,707133,D1,Banking,13.0,तुम्ही तुमचा चेकिंग खात्यात नियमितपणान संतुलन ठेवूची योजना आखुक व्हया,तुम्ही तुमचे चेकिंग खात्यात नियमित संतुलन ठेवण्याची योजना करा
6551,716547,D2,Banking,13.0,स्टैंडअप इंडिया योजना ही कमीत कमी एक अनुसूचित जाती जमाती साठी उधारकर्ता आहे,स्टैंडअप इंडिया योजना ही कमीत कमी एक अनुसूचित जाती जमातीसाठी उधारकर्ता आहे
6552,724074,D4,Banking,12.857,के.वाय.सी करासाठी कोंते कोंते कागद लागन ?,केवायसीसाठी किती कागद लागतात?
6553,709144,D1,Agriculture,13.0,बांबूची शेती करान कित्येक प्रकारच्या व्यावसायिक वस्तू बनवतत,बांबूची शेती अनेक प्रकारच्या व्यावसायिक वस्तू बनवत आहे
6554,716424,D2,Banking,13.0,आपले खाते विवरण पाहून बँकेकडून आपल्याला चांगल्या टक्केवारीत कर्ज मिळू शकते,आपले खाते विवरण पाहून बँकेकडून आपल्याला चांगल्या टक्केवारीत कर्ज मिळू शकते
6555,719862,D4,Agriculture,12.857,"भारतात गहू , हरभरा , बटाटा , वाटाणा ही रब्बीची मुख्य पिके मानली जातात","भारतात गहू, हरभरा, बटाटा, वाटाणा ही रब्बीची मुख्य पिके मानली जातात."
6556,709943,D1,Agriculture,13.0,नॅशनल मिशन फॉर सस्टेनेबल ऍग्रीकल्चर संसाधनांच्या योग्य वापराशी संबंधित आसा,नॅशनल मिशन फॉर सस्टेनेबल ऍग्रीकल्चर संसाधनांच्या योग्य वापराशी संबंधित आहे.
6557,716905,D2,Banking,13.0,महानगरपालिकेच रोखे महानगरपालिका स्थानिक सरकारद्वारे परिभाषित केले जातात,महानगरपालिकेचे कर स्थानिक सरकारद्वारे परिभाषित केले जातात
6558,719533,D4,Banking,12.857,"ए.टी.एम ठेव , रोख पैसे काढणे , निधी हस्तांतरण , चौकशी केव्हाही करता येते","एटीएम ठेवणे, रोख पैसे काढणे, निधी हस्तांतरण, चौकशी केव्हाही करता येते."
6559,707568,D1,Agriculture,13.0,डाळिंबाचो रस रक्त वाढूसाठी उपयोगी आसा असा डाक्टरांनी सांगल्यानी,डाळिंबाचा रस रक्त वाढवण्यासाठी उपयोगी आहे असे डॉक्टरांनी सांगितले.
6560,715521,D2,Agriculture,13.0,"गोगलगाय आमिष , गोळ्या किंवा स्लॅग गोळ्यांच्या स्वरूपात ओळखल्या जाता","गोगलगाय ओळखली जाते, गोळ्या किंवा स्लॅग गोळ्यांच्या स्वरूपात."
6561,722329,D4,Banking,12.833,जिल्हा उद्योग केंद्रात एक जिल्हा एक उत्पादन योजनेअंतर्गत अनुदानित कर्ज उपलब्ध आहे,जिल्हा उद्योग केंद्रात एक जिल्हा एक उत्पादन योजनेअंतर्गत अनुदानित कर्ज उपलब्ध आहे
6562,709814,D1,Agriculture,13.0,एक माणूस जो जमिनीवर पिकांची शेती करता नायतर गुराढोरांका पाळता,एक माणूस जो जमिनीवर पिकांची शेती करतो तर गुराढोरांका पाळता
6563,715627,D2,Agriculture,13.0,डेलिया च्या रंगीत फुलांचा मोठा झुडूप तीन ते चार फुटापर्यंत उंच असतं,डेलियाच्या रंगीत फुलांचा मोठा झुडूप तीन ते चार फुटांपर्यंत उंच असतो
6564,720305,D4,Agriculture,12.833,पृथ्वीवरील सत्त्याण्णव टक्के पाणी खारे आणि फक्त तीन टक्के गोडे पाणी आहे,पृथ्वीवरील सत्तावन्न टक्के पाणी खारे आणि फक्त तीन टक्के गोडे पाणी आहे
6565,706990,D1,Banking,13.0,आयात आणि निर्यात ह्या आंतरराष्ट्रीय व्यापाराचो परिभाषित आर्थिक व्यवहार आसत,आयात आणि निर्यात ह्या आंतरराष्ट्रीय व्यापाराचे परिभाषित आर्थिक व्यवहार आहेत.
6566,715604,D2,Banking,13.0,जॉर्जटाउन ने दोन परीसर स्थान सोडून सगळ्यांवर निष्पक्ष व्यापार वर स्विच केलं आहे,जॉर्जटाऊनने दोन परिसर स्थान सोडून सर्वांवर निष्पक्ष व्यापार वर स्विच केले आहे
6567,721622,D4,Agriculture,12.833,"फ्रेंच बीन्स , स्ट्रिंग बीन्स आणि स्नॅप बीन्स किंवा फक्त स्नॅप्स असतात","फ्रेंच बीन्स, स्ट्रिंग बीन्स आणि स्नॅप बीन्स किंवा फक्त स्नॅप्स असतात."
6568,707086,D1,Banking,13.0,पिगी बँकेक कधीकधी पेनी बँक किंवा मनी बॉक्स असो सुद्धा म्हणतत,पिगी बँकेत कधीकधी पेनी बँक किंवा मनी बॉक्स असो सुद्धा म्हणतात
6569,717123,D2,Agriculture,13.0,हा देश जगातील सर्वात मोठा मासळी उत्पादक देशांपैकी एक आहे,हा देश जगातील सर्वात मोठा मासे उत्पादक देशांपैकी एक आहे
6570,720947,D4,Agriculture,12.833,काश्मिरी म्हणजे काश्मिरी शेळ्यांपासून मिळणारे फायबर,काश्मिरी म्हणजे काश्मिरी शेळ्यांपासून मिळणारे फायबर
6571,707194,D1,Banking,13.0,देय बिल ह्या स्टॉक विक्रेत्याचो प्रलंबित लाभांश देण्याचा बंधन ठरवता,देय बिल ह्या स्टॉक विक्रेत्यांसाठी प्रलंबित लाभांश देण्याचे बंधन ठरवते
6572,714379,D2,Agriculture,13.0,बिहारमा रसभंगा आणि समस्तीपुरमझार शिंघाडानी मोठा परमाणमा लागवड करतंस,बिहारमध्ये रसभंगा आणि समस्तीपुरमझार शिंघाडानी मोठा परमारमा लागवड करत आहेत.
6573,721854,D4,Banking,12.818,नोंदणीकृत शेअर हा एक स्टॉक असतो जो मालकाच्या नावावर नोंदणीकृत असतो,नोंदणीकृत शेअर हा एक स्टॉक असतो जो मालकाच्या नावावर नोंदणीकृत असतो
6574,708911,D1,Banking,13.0,लोकप्रिय हेजिंग तंत्रात डेरीवेटीवमध्ये ओफसेटिंग पोझिशन घेउची लागता,लोकप्रिय हेजिंग तंत्रात डेरिव्हेटिव्हमध्ये ऑफसेटिंग पोझिशन घ्यावी लागते.
6575,716604,D2,Banking,13.0,सागरी जहाजाने मोठ्या प्रमाणात माल पाठवणे थोडे कठीण आहे,सागरी जहाजाने मोठ्या प्रमाणात माल पाठवणे थोडे कठीण आहे
6576,723091,D4,Agriculture,12.5,संत्रा पिकाच्या फटाफट वाढीसाठी कोनचे उपाव करा लागन ?,संत्रा पिकाच्या जलद वाढीसाठी कोणते उपाय करावे लागतील?
6577,710772,D1,Banking,13.0,देशाच्या अर्थ व्यवस्थेवर आर्थिक संकट इल्यावर बँक महत्त्व पूर्ण भूमिका निभावता,देशाच्या अर्थव्यवस्थेवर आर्थिक संकट आल्यावर बँक पूर्ण भूमिका निभावते.
6578,715960,D2,Agriculture,13.0,मागच्या वर्षी पिक विविधतेमुळे मला खूप फायदा झाला आहे,मागच्या वर्षी पिक विविधतेमुळे मला खूप फायदा झाला आहे
6579,723034,D4,Agriculture,12.5,पांढऱ्या माशी च्या नाशा साठी कोनचं अस किती औषध वापरा लागते ?,पांढऱ्या माशांच्या नाशासाठी किती औषध वापरावे लागते?
6580,710936,D1,Banking,13.0,मी वाचलय कि गहाणखत फसवणुक केल्यावर तीस वर्षांपर्यंत तुरुंगवास होउ शकता,मी वाचले की गहाणखत फसवणूक केल्यावर तीस वर्षांपर्यंत तुरुंगवास होऊ शकतो.
6581,715154,D2,Banking,13.0,रमेश कंपनीमध्ये वस्तु बनावायला लागणाऱ्या घटकांची रक्कम कमी करून फायदा मिळवतो,रमेश कंपनीमध्ये वस्तू विकण्यासाठी लागणाऱ्या घटकांची रक्कम कमी करून फायदा मिळवतो.
6582,723138,D4,Agriculture,12.5,कास्तकाराइच्या मालाची किंमत यकसारखी काऊन राहत नाई ?,कास्तकाराइच्या मालाची किंमत इतकी सारखी का आहे?
6583,709120,D1,Agriculture,13.0,पिकांच्या उत्पादनाचो चांगल्या स्तर ठेऊक रानावर नियंत्रण ठेऊचा लागता,पिकांच्या उत्पादनाचे चांगले स्तर रानावर नियंत्रण ठेवणे लागते.
6584,713116,D2,Banking,13.0,एक बैंक मईन दुसरा बॅकमा स्मार्टफोनवरी पैसा ट्रान्सफर करता येतस,एका बँकेतून दुसऱ्या बँकेत स्मार्टफोनवरून पैसे ट्रान्सफर करता येतात.
6585,724011,D4,Banking,12.5,क्रेडिट कार्ड घ्यासाठी मले का करा लागन ?,मला क्रेडिट कार्ड का घ्यावे लागेल?
6586,706736,D1,Banking,13.0,स्पॉट मार्केटाक कॅश मार्केट सुद्धा म्हणतत,स्पॉट मार्केट कॅश मार्केट सुद्धा म्हणते
6587,716694,D2,Agriculture,13.0,"खसखस उष्मांक प्रदान करते आणि थियामीन , फोलेट व अन्य आवश्यक खनिज यांचा एक समृद्ध स्त्रोत आहे","खसखस उष्मांक प्रदान करते आणि थियामीन, फोलेट व इतर आवश्यक खनिजांचा एक समृद्ध स्रोत आहे"
6588,723600,D4,Banking,12.5,कर्ज काढासाठी मले ऑनलाईन फारम कोठून भरावा लागन ?,कर्ज काढण्यासाठी मला ऑनलाईन फॉर्म कोठून भरावा लागेल?
6589,711032,D1,Agriculture,13.0,शास्त्रज्ञांनी बोराचे तीनशेहुन अधिक जाती विकसीत केले हत,शास्त्रज्ञांनी बोराचे तीनशेहून अधिक जाती विकसित केल्यात
6590,713407,D2,Banking,13.0,"सोनाले मरन नही , कदय भी ईकं तरी चांगला भाव मियी जास","सोने मरत नाही, कधीही एक तरी चांगला भाव मिळेल."
6591,722971,D4,Agriculture,12.5,ट्रॅक्टर घ्यायले सरकारच्या योजनेतून किती सबसिडी भेटन ?,ट्रॅक्टर घेतल्यावर सरकारच्या योजनेतून किती सबसिडी मिळते?
6592,710647,D1,Banking,13.0,क्राउडफंडिंग ह्यो क्राउडसोर्सिंग आणि पर्यायी वित्ताचो प्रकार असा,क्राउडफंडिंग हे क्राउडसोर्सिंग आणि पर्यायी प्रकारचे असतात
6593,712739,D2,Banking,13.0,मार्केट रिस्क टायाना करता रमेशनी धोखा मुक्त याजदर लिना,मार्केट रिस्क टाळल्यास रमेश धोक्यापासून मुक्त आहे
6594,723732,D4,Banking,12.5,"माया खात्यात किती पैसे बाकी हाय , हे मले कस पायता येईन ?","माया खात्यात किती पैसे बाकी आहेत, हे मला कसे कळेल?"
6595,708309,D1,Agriculture,13.0,तलाव आणि टाकयेतला मत्स्यपालन ह्या चांगल्या दर्जाचा मानला जाता,तलाव आणि टाकयेतील मत्स्यपालन चांगल्या दर्जाचे मानले जाते
6596,716249,D2,Banking,13.0,सी.आर.ई.डी एक विशेष सदस्य फक्त क्रेडिट कार्ड व्यवस्थापन आणि बिल पेमेंट प्लॅटफॉर्म आहे,सी.आर.ई.डी एक विशेष सदस्य फक्त क्रेडिट कार्ड व्यवस्थापन आणि बिल पेमेंट प्लॅटफॉर्म आहे
6597,724152,D4,Banking,12.5,के.वाय.सी म्हंजे काय याची मायती मले भेटन का ?,"केवायसी म्हणजे काय, मला त्याची माहिती कशी मिळेल?"
6598,706487,D1,Banking,13.0,बहुतेक आंतरबँक कर्ज येक आठवडो किंवा त्यापेक्षा कमी मुदतीसाठी असतत,बहुतेक आंतरबँक कर्ज एक आठवड्याची किंवा त्यापेक्षा कमी मुदतीसाठी असते.
6599,714175,D2,Agriculture,13.0,"पक्षीस्ले , जनावरस्ले आन्नं खाऊ घालेल फायदानं रहास",पक्षी आणि जनावर अन्न खाऊन फायदान राहतील का?
6600,723719,D4,Banking,12.5,सामाजिक योजना घेतल्यावर मले दावा कसा करा लागन ?,सामाजिक योजना घेतल्यावर मला दावा कसा करायचा?
6601,709771,D1,Banking,13.0,हायपरइन्फ्लेशनच्या बाबतीत उच्च चलनवाढ गंभीरपणे व्यत्यय आणणारी आसा,हायपरइन्फ्लेशनच्या बाबतीत उच्च चलनवाढ गंभीरपणे व्यत्यय आणणारी आहे.
6602,713008,D2,Agriculture,13.0,बाजरीनी लागवड कोरडवाहू शेतमझार आराममा व्हयी जास,बाजरीची लागवड कोरडवाहू शेतजमिनीवर शेतमझारासाठी आरामदायकपणे करता येते.
6603,719804,D4,Agriculture,12.5,आजकाल शेतीच्या यंत्र सामग्रीच्या मदतीने शेतकरी आपली सर्व कामे अगदी सहज करू शकतो,आजकाल शेतीच्या यंत्र सामग्रीच्या मदतीने शेतकरी आपली सर्व कामे अगदी सहज करू शकतो
6604,708605,D1,Banking,13.0,ऑफशोअर बॅन्कांच्या खात्याचो उपयोग बऱ्याचदा अघोषित मिळकत लपवूक वापरतत,ऑफशोअर बँकांच्या खात्याचा उपयोग बऱ्याचदा अघोषित मिळकत लपवूक वापरतत
6605,714432,D2,Agriculture,13.0,"माय शिंगाडानं लोणचं भारी बनाडस , ते आंबट रहास","माझे लोणचे खूप चविष्ट आहेत, ते आंबट राहतात का?"
6606,719032,D4,Agriculture,12.5,मारवाडी मेंढ्यांची जात राजस्थान च्या शेतकऱ्याकडे आहे,मारवाड़ी मेंढ्यांची जात राजस्थानच्या शेतकऱ्यांकडे आहे
6607,707563,D1,Banking,13.0,ठराइक येळेपर्यंत पैसो जमा करुचो असलो तर मुदत ठेव खाता उघडण्याचो सल्लो दिलो जाता,"जर मी येळेपर्यंत पैसे जमा करायचे असतील, तर मुदत ठेव खाते उघडण्याची परवानगी दिली जाईल."
6608,716273,D2,Banking,13.0,स्कॅन केल्यावर पासवर्ड टाकून लगेचच मी दुकानदाराला पैशाचं पेमेंट केलं,स्कॅन केल्यानंतर पासवर्ड टाकून मी लगेच दुकानदाराला पैशाचे पेमेंट केले
6609,719213,D4,Agriculture,12.5,नदीच्या प्रवाहाखाली बरेच मासे पोहतात,नदीच्या प्रवाहाखाली बरेच मासे पोहतात
6610,707574,D1,Banking,13.0,डेबिट कार्ड पिन ऑनलाइन रिसेट करण्यासाठीक बरीच मोठी प्रक्रिया आसा,डेबिट कार्ड पिन ऑनलाइन रिसेट करण्यासा ठीक बरीच मोठी प्रक्रिया आहे.
6611,716045,D2,Banking,13.0,यु.पी.आय पिन बनवण्यासाठी तुम्हाला पे.टी.एम ओपन करावा लागेल,युपीआय पिन बनवण्यासाठी तुम्हाला पीटीएम ओपन करावे लागेल
6612,720840,D4,Agriculture,12.5,"जे शेतीचे काम करतात त्यांना शेतकरी म्हणतात , शेतकर्याच्या आयुष्य फारच अवघड आहे","जे शेतीचे काम करतात त्यांना शेतकरी म्हणतात, शेतकऱ्याचे आयुष्य फारच अवघड आहे."
6613,707161,D1,Banking,13.0,ई.एम.आय चा गणना करण्याचो सर्वात सोपो मार्ग म्हणजे एक्सेल स्प्रेडशीट वापरणा,ई.एम.आय ची गणना करण्याचा सर्वात सोपा मार्ग म्हणजे एक्सेल स्प्रेडशीट वापरणे
6614,712716,D2,Agriculture,13.0,शेतसमा पाणी देवाना टाइमलेबी किटकनाशकेसनी फवारणी करता येस,शेतमागे पाणी देताना टाइमलेबी कीटकनाशकेची फवारणी करता येते का?
6615,720101,D4,Agriculture,12.5,भारतात देशांतर्गत वापरासोबत चहाची निर्यातही केली जाते,भारतात देशांतर्गत वापरासोबत चहाची निर्यातही केली जाते
6616,708178,D1,Agriculture,13.0,आमच्या गावातल्या सुरेशान सोताच येका म्हयन्यात ट्रॉलीवालो पंप बनयल्यान,आमच्या गावातील सुरेशने ट्रॉलीचा पंप बनवला
6617,717156,D2,Banking,13.0,कर्ज करारा चे विविध परस्पर वचनांद्वारे पक्षांद्वारे दस्तऐवजीकरण केले जातात,कर्ज कराराचे विविध परस्पर वचनांद्वारे पक्षांद्वारे दस्तऐवजीकरण केले जाते
6618,721271,D4,Banking,12.5,एथिकल बँक आपल्या ग्राहकांना वस्तूंमध्ये पैसे न गुंतवण्याचे वचन देते,एथिकल बँक आपल्या ग्राहकांना वस्तूंमध्ये पैसे न गुंतवण्याचे वचन देते
6619,707303,D1,Banking,13.0,अर्थ मंत्रालय देशातील्या व्यापाराशी संबंधित बाबींचो विचार करता,अर्थ मंत्रालय देशांतर्गत व्यापाराशी संबंधित बाबींचा विचार करता
6620,716691,D2,Banking,13.0,नॅशनल पेन्शन सिस्टिमच्या अंमलबजावणीमुळे सरकारी पैशांची मोठी बचत झाली आहे,नॅशनल पेन्शन सिस्टिमच्या अंमलबजावणीमुळे सरकारी पैशांची मोठी बचत झाली आहे
6621,722335,D4,Agriculture,12.5,अनुवांशिक बियाणे अधिक उत्पादन देतात परंतु दरवर्षी नवीन विकत घ्यावे लागतात,अनुवांशिक बियाणे अधिक उत्पादन देतात परंतु दरवर्षी नवीन विकत घ्यावे लागतात
6622,708553,D1,Agriculture,13.0,साठवणुकीच्या खोलयेत हवामानातल्या उष्णता आणि थंडायर लय नियंत्रण आसता,साठवणुकीच्या खोल्यांमध्ये हवामानातली उष्णता आणि थंडीचा लय नियंत्रण असतो.
6623,715139,D2,Banking,13.0,मी लगेच डिजिटल पगार आणि बचत खाते उघडण्यासाठी एच.डी.एफ.सी बँकेची निवड केली,मी लगेच डिजिटल पगार आणि बचत खाते उघडण्यासाठी एच.डी.एफ.सी बँकेची निवड केली
6624,723823,D4,Banking,12.5,बँकेतून कर्ज घ्याचे टायमाले मले साक्षीदार अन लागन का ?,बँकेतून कर्ज घेताना मला साक्षीदार लागणे आवश्यक नाही का?
6625,707406,D1,Banking,13.0,कर गणना एकूण आवक च्या टक्केवारी मध्ये रूपांतरित केली जाता,कर गणनाची एकूण आवकच्या टक्केवारीत रूपांतरित केली जाते
6626,712659,D2,Agriculture,13.0,गावसकडल्या गरीब बायीसनी सन्मानकन जगाना करता पी.एम.यु योजना येल शे,गावसकडल्या गरीब कुटुंबांना सन्मानाने जगण्यासाठी पीएम.यु योजना आली आहे.
6627,723420,D4,Agriculture,12.5,पपईची लागवड करायची रायल्यास कोनची जमीन निवडा लागन ?,पपईची लागवड करायची असल्यास कोणती जमीन निवडावी लागेल?
6628,708181,D1,Banking,13.0,आर.टी.जी.एस मुळे जास्तीची रक्कम भरतानाचो धोको कमी जाता,आर.टी.जी.एस मुळे जास्तीची रक्कम भरताना धोका कमी होतो
6629,716506,D2,Agriculture,13.0,गवताच्या काट्यासारख्या असणारे हे उपकरण शेतीमध्ये उपयोगात येते,हे उपकरण गवताच्या काट्यांसारखे असणारे शेतीमध्ये उपयोगात येते
6630,723715,D4,Banking,12.5,मले सामाजिक योजनेची मायती कशी भेटन ?,मला सामाजिक योजनेची माहिती कशी मिळेल?
6631,710894,D1,Agriculture,13.0,मंडी प्रणाली ही भारतातल्या राज्य सरकारांनी स्थापन केलेला विपणन मंडळ असा,मंडी प्रणाली ही भारतातील राज्य सरकारांनी स्थापन केलेले विपणन मंडळ आहे.
6632,716301,D2,Agriculture,13.0,"हानीकारक तणा ची कापणी केली नाही तर , आपल्याला शेतीमध्ये नुकसान होऊ शकत",हानीकारक तणाची कापणी केली नाही तर आपल्याला शेतीमध्ये नुकसान होऊ शकते
6633,723067,D4,Agriculture,12.5,कोनच्या कोंबडीचं आंडे मायासाठी बेस राहीन ?,कोणाच्या कोंबडीचे अंडे मायेसाठी राहील?
6634,707444,D1,Agriculture,13.0,कीटकांची नावा माहीत असली तर त्येंच्यानुसार औषधाची फवारणी करू शकतव,कीटकांची नावे माहीत असल्यास त्यानुसार औषधाची फवारणी करता येते
6635,713399,D2,Agriculture,13.0,"अहो , आख्खी जगदुन्यामा दराक्शेस्नं भलतं भारी उत्पन्न निंघाले लागेल शे",अहो संपूर्ण जगामध्ये दरांच्या हिसाबून चांगले उत्पन्न लागेल.
6636,723177,D4,Agriculture,12.5,शेणखताचा वापर केलेल्या जमीनीमंदी रासायनिक खत टाकता येईन का ?,शेणखताचा वापर केलेल्या जमिनीमंदी रासायनिक खत टाकता येईन का?
6637,709199,D1,Agriculture,13.0,हेच्या सुगंधाच्या कारणान प्लुमेरियाचो उपयोग परफ्यूम बनवूक करतत,या सुगंधाच्या कारणामुळे प्लुमेरियाचा उपयोग परफ्यूम बनवण्यासाठी केला जात आहे
6638,716793,D2,Agriculture,13.0,तुम्हाला माहीत आहे का की फ्रीबीज दंश करत नाही,तुम्हाला माहीत आहे का की फ्रीबीज दंश करत नाही
6639,723918,D4,Banking,12.5,कर्ज काढासाठी मले मायती कशी भेटन ?,कर्ज काढण्यासाठी मला माहिती कशी मिळेल?
6640,708354,D1,Agriculture,13.0,पट्टी नांगरणी विशेष यंत्रांच्या मदतीन केली जाता,पट्टी नांगरणी विशेष यंत्रांच्या मदतीने केली जाते
6641,717805,D2,Agriculture,12.933,"ज्वारी , बाजरी , गहू व मका या पिकांसाठी कोणत्या सिंचन पद्धतीचा उपयोग करावा ?","ज्वारी, बाजरी, गहू व मका या पिकांसाठी कोणत्या सिंचन पद्धतीचा उपयोग करावा?"
6642,722999,D4,Agriculture,12.5,संत्र्याच्या पीकाले रासायनिक पद्धतीनं कस संभाळता येईन ?,संत्र्याच्या पिकाला रासायनिक पद्धतीने कसे सांभाळता येतील?
6643,707159,D1,Banking,13.0,थकबाकी असलेला कर्जा म्हणजे ज्याचो अद्याप पूर्ण परतफेड झालेली नसा,थकबाकी असलेला कर्जाचा अर्थ असा आहे की तो अद्याप पूर्ण परतफेड झालेला नाही.
6644,714629,D2,Banking,12.933,कर्ज ना बाबतमा काही शंका ईचार न्या झायात ते क्रेडिट समुपदेशन न्या एजंसी मदत करतीस,कर्जाबद्दल काही शंका असल्यास ते क्रेडिट समुपदेशन एजन्सी मदत करते
6645,723826,D4,Banking,12.5,"मी शाळा शिकतो , मले शिकासाठी कर्ज भेटन का ?","मी शाळा शिकतो, मला शिक्षणासाठी कर्ज मिळेल का?"
6646,707027,D1,Banking,13.0,चेक लिहून त्यावर स्वाक्षरी करणारा व्यक्ती ड्रॉवर म्हणून ओळखलो जाता,चेक लिहून त्यावर स्वाक्षरी करणारा व्यक्ती ड्रॉवर म्हणून ओळखला जातो
6647,715479,D2,Banking,12.929,"क्रेडिट जोखिम प्राथमिक जोखिम आहे , ज्याचा सामना आज काल व्यावसायिक बँका करत आहेत","क्रेडिट जोखिम प्राथमिक जोखिम आहे, ज्याचा सामना आज काल व्यावसायिक बँका करत आहेत."
6648,724161,D4,Banking,12.5,डेबिट कार्डचा पिन बदलासाठी फारम कसा भरा लागन ?,डेबिट कार्डचा पिन बदलण्यासाठी फॉर्म कसा भरायला लागेल?
6649,708589,D1,Banking,13.0,ह्या देशी आणि आंतरराष्ट्रीय व्यापार देवघेव दोन्हींशी संबंधित आसा,हे देशी आणि आंतरराष्ट्रीय व्यापार देवघेवाणा दोन्हींशी संबंधित आहेत.
6650,717709,D2,Agriculture,12.929,पीक रोटेशन केल्याने फायदा होतो का ? त्याने जमिनीची धूप होणार नाही ना ?,पीक रोटेशन केल्याने फायदा होतो का? त्याने जमिनीची धूप होणार नाही का?
6651,723262,D4,Agriculture,12.5,चाळीस किलोग्रॅम गवासाठी यूरिया च प्रमान किती असलं पायजे ?,चाळीस किलोग्रॅम गाईंसाठी युरियाचे प्रमाण किती असायला हवे?
6652,711174,D1,Agriculture,13.0,थंडीच्या दिवसानी झाडावरती धुक्याचे किंवा दवाचो परिणाम जाता काय ?,थंडीच्या दिवसांमध्ये झाडांवर धुक्याचे किंवा वाफेचे परिणाम होतात का?
6653,715955,D2,Banking,12.929,"मसाले , सोन , रोजच्या दैनंदिन वापरातल्या वस्तू आपण कमोडिटी बाजार मधूनच खरेदी करतो","मसाले, सोन, रोजच्या दैनंदिन वापरातील वस्तू आपण कमोडिटी बाजारमधूनच खरेदी करतो."
6654,724013,D4,Banking,12.5,माय क्रेडिट कार्ड हारवलं तर काय करा लागन ?,माझे क्रेडिट कार्ड हरवले तर काय करावे लागेल?
6655,710454,D1,Agriculture,13.0,शेतातल्या तयार झालेल्या पिकाक एकत्र करुचा काम म्हणजे कापणी असता,शेतातील तयार झालेल्या पिकाक एकत्र करण्याची काम म्हणजे कापणी असते.
6656,717470,D2,Agriculture,12.929,ठिबक सिंचनाचे किती प्रकार आहेत ? आपल्या जिल्ह्यात याचा उपयोग केला जातो का ?,ठिबक सिंचनाचे किती प्रकार आहेत? आपल्या जिल्ह्यात याचा उपयोग केला जातो का?
6657,724238,D4,Banking,12.5,मले माये पैसे एक वर्षासाठी बँकेत कसे गुंतवता येईन ?,मला पैसे एक वर्षासाठी बँकेत कसे गुंतवता येतील?
6658,708477,D1,Agriculture,13.0,मोतीची शेती केल्यार आत्मनिर्भर सेनेकडसून मदत केली जाता,मोतीची शेती केल्यामुळे आत्मनिर्भर होऊन मदत केली जाते
6659,713735,D2,Banking,12.929,वयक्तिक बँकमा खाजगी बँकना सहभाग शे पैसा जमा करात तर त्याना साठे जिम्मेदार शे,वैयक्तिक बँकेमध्ये खाजगी बँकांमध्ये सहभाग असेल तर त्यासंबंधी पैसे जमा करणे जबाबदार आहे.
6660,723856,D4,Banking,12.5,म्या बँकेत दोन तोळे सोनं ठुलं तर मले किती पैसे भेटन,जर माझ्याकडे बँकेत दोन सोन्याचे तोळे असतील तर मला किती पैसे मिळतील
6661,706563,D1,Banking,13.0,वैयक्तिक वित्त ह्यो एक व्यक्ती किंवा कुटुंबाचो आर्थिक व्यवस्थापन असा,वैयक्तिक वित्त हे एक व्यक्ती किंवा कुटुंबाचे आर्थिक व्यवस्थापन असते.
6662,715705,D2,Banking,12.923,"धोका , खोटे सल्ले , सत्याच्या दडपणाने किंवा इतर अनैतिक पद्धतीने केले जाते","धोका, खोटे सल्ले सत्याच्या दडपणाने किंवा इतर अनैतिक पद्धतीने केले जातात."
6663,723774,D4,Banking,12.5,पैसे गुंतवासाठी मले ऑनलाईन फारम भरा लागन का ?,पैसे गुंतवण्यासाठी मला ऑनलाईन फॉर्म भरायला लागते का?
6664,709602,D1,Banking,13.0,मूलभूत निर्देशक दृष्टिकोन वित्तीय संस्थेच्या वार्षिक कमाईवर आधारित असा,मूलभूत निर्देशक दृष्टिकोन वित्तीय संस्थेच्या वार्षिक कमाईवर आधारित आहे.
6665,716000,D2,Agriculture,12.923,मिश्रणाला हवेत फेकले जाते जेणेकरून भुसा हवेत उडून जातो आणि धान्य खाली पडते,मिश्रणाला हवेत फेकले जाते जेणेकरून भुसा हवेत उडून जातो आणि धान्य खाली पडते
6666,723789,D4,Banking,12.5,ॲक्सिडंटचा बिमा काढा साठी मले किती रूपे भरा लागन ?,ॲक्सिडंटचा विमा काढण्यासाठी मला किती रुपये भरावे लागतील?
6667,707232,D1,Banking,13.0,"चेकबुक सेवेच्यो संदर्भात , आर्थिक वर्षात पहिली दहा चेक पाने मोफत आसतत","चेकबुक सेवेच्या संदर्भात, आर्थिक वर्षात पहिली दहा चेक पाने मोफत आहेत."
6668,716579,D2,Banking,12.923,बाजार देखरेख ती मर्यादा आहे जी बाजार मूल्ये उपलब्ध सूचनांचा सहभाग करून घेते,बाजार नियंत्रणाची ती मर्यादा आहे जी बाजार मूल्ये आणि उपलब्ध माहितीचा सहभाग करून घेते.
6669,723251,D4,Agriculture,12.5,पाण्याचा सोकत नसन अशा काळ्या जमिनीत पावसाळ्यात कोनचं पीक घ्याले पायजे ?,पाण्याचा सोकत नसन अशा काळ्या जमिनीत पावसाळ्यात कोणते पीक घ्यावे लागेल?
6670,710171,D1,Agriculture,13.0,ऋतू आणि पिकांच्या पाण्याच्या मागणीनुसार सिंचन करूक व्हया,ऋतू आणि पिकांच्या पाण्याच्या मागणीनुसार सिंचन करावे
6671,714570,D2,Banking,12.923,आपला खातामझारला पैसा ट्रांसफर करानी येय शे दिनना आठ वाज्यापायीन रातना आठ पावत,"आपल्या खात्यात पैसे ट्रान्सफर करायचे आहेत, ते दिवसातून आठ वाजता आणि रात्री आठ वाजता करायचे आहेत."
6672,723802,D4,Banking,12.5,कमी वेळेचं कर्ज घ्यासाठी मले का करा लागन ?,मला कमी वेळेचे कर्ज घेण्यासाठी का करावे लागते?
6673,709437,D1,Banking,13.0,चीनच्या दृढ विश्वासान विश्व जींस बाजारातलो कल कमी केलो हा,चीनचे दृढ विश्वास आहे की जगाच्या बाजारात किती कमी आहे?
6674,713894,D2,Banking,12.923,बंधक धोखाधडी म्हा तथ्यासले चुकीना तरीकाथून नईतर चुकीना तथ्य पेश करान शामिल शे,बंधक धोखाधडी मी चुकीच्या पद्धतीने खोटे तथ्य सादर करून समाविष्ट केले.
6675,722979,D4,Agriculture,12.5,कुक्कुटपालन करायले आता घडीले सरकारची कोनची योजना सुरू हाये का ?,कुक्कुटपालन करायचे आता सरकारची कोणती योजना सुरू आहे का?
6676,708109,D1,Banking,13.0,सार्वजनिक वित्त मधसून आपल्याक सरकारचा उत्पन्न आणि खर्चाची माहिती मिळता,सार्वजनिक वित्तमधून आपल्या सरकारचा उत्पन्न आणि खर्चाची माहिती मिळते
6677,717597,D2,Agriculture,12.917,पीक प्रतवारी व योग्य पीक किंमत यांची माहिती उपलब्ध असते का ?,पीक प्रतवारी व योग्य पीक किंमत यांची माहिती उपलब्ध असते का?
6678,723511,D4,Agriculture,12.5,यांत्रिकीकरण जास्त खर्चाचं हाये का ?,यांत्रिकीकरणाचा खर्च जास्त आहे का?
6679,707490,D1,Agriculture,13.0,गांजा आरोग्यासाठी अत्यंत हानिकारक आसा,गांजा आरोग्यासाठी अत्यंत हानिकारक आहे
6680,713962,D2,Banking,12.917,व्याजदर मोजानं आवश्यक शे तवय सर्वा मूल्ये घालिसंन तुम्हले तुमनं व्याजदर भेटी,व्याजदर मोजण्यासाठी आवश्यक सर्व मूल्ये घाला आणि तुम्हाला व्याजदर भेटे
6681,723540,D4,Agriculture,12.5,संत्र्याच्या बगीच्यामंदी फुलाले आल्यावर तननाशक फवाराले पायजे का ?,संत्र्याच्या बागेत फुले आल्यावर तणनाशक फवाराले का?
6682,708384,D1,Banking,13.0,प्रत्येक देशाच्या सी.ए साठी वेगवेगळ्या प्रकारची परीक्षा ठेयली जाता,प्रत्येक देशाच्या सी.ए साठी वेगवेगळ्या प्रकारची परीक्षा घेतल्या जातात
6683,713469,D2,Banking,12.917,भारत सरकार टॅक्स पाईन मियेल पैसाना उपेग मेन मेन कामेस्ना करता करस,भारत सरकार टॅक्स फाइनचा पैसा कामांसाठी वापरते
6684,724176,D4,Banking,12.5,बिमा पुरा भरून झाल्यावर मले त्याचा दावा कसा करा लागन ?,विमा फॉर्म भरून झाल्यावर मला त्याचा दावा कसा करायला लागेल?
6685,707704,D1,Banking,13.0,न्यू यॉर्क स्टॉक एक्सचेंजमध्ये तू संध्याकाळी चार नंतर जाऊ नको ता बंद असता,न्यू यॉर्क स्टॉक एक्सचेंजमध्ये तू संध्याकाळी चार नंतर जाऊ नको ते बंद असते.
6686,713808,D2,Banking,12.909,सरकारनी वित्तीय समावेशन ले ध्यान म्हणीसनी वित्तीय योजनासले सुरू करी व्हती,सरकारने वित्तीय समावेशन यावर लक्ष ठेवून वित्तीय योजना सुरू केल्या आहेत
6687,723042,D4,Agriculture,12.5,अवकाळी पावसामुळे संत्र्याच्या अंबीया बहारावर कोनचा परिणाम होतो ?,अवकाळी पावसामुळे संत्र्याच्या अंबीया बहारावर कोणता परिणाम होतो?
6688,711172,D1,Agriculture,13.0,जास्त गर्मी जाली तर काजीच्या पीकार काय परिणाम जतालो ?,जास्त गर्मी झाली तर काजीच्या परिणामाचे काय परिणाम झाले?
6689,717551,D2,Agriculture,12.909,"गव्हाच्या वाढीसाठी नत्र , स्फुरद , पोटॅश किती प्रमाणात वापरावे ?","गव्हाच्या वाढीसाठी नायट्रोजन, स्फुरद, पोटॅश किती प्रमाणात वापरावे?"
6690,723525,D4,Agriculture,12.5,परकारं हे साधन सगळ्या पिकासाठी चांगलं हाये का ?,हे साधन सगळ्या पिकांसाठी चांगले आहे का?
6691,712547,D1,Banking,13.0,म्या माझा घर कर्ज काडुच्या साठी तारण किंवा गहाण म्हणून वापरलो आसा,माझे घर कर्जासाठी तारण किंवा गहाण म्हणून वापरले असे.
6692,715753,D2,Agriculture,12.909,पिकाच्या आधीची कापणी आणि कापणी नंतरच्या कामांनमध्ये धान्य गमावलं जाऊ शकत,पिकाच्या आधीची कापणी आणि कापणी नंतरच्या कामांमध्ये धान्य गमावलं जाऊ शकत
6693,724010,D4,Banking,12.5,क्रेडिट कार्डात किती रक्कम शिल्लक राहानं जरुरी हाय ?,"क्रेडिट कार्डात किती रक्कम शिल्लक आहे, ती आवश्यक आहे का?"
6694,710224,D1,Agriculture,13.0,खरबूज्यात पाण्याची जास्त मात्रा मिळता,खरबूज्यात पाण्याची जास्त मात्रा मिळते
6695,715404,D2,Banking,12.909,कर आणि कपाती नंतर मिळालेले उत्पन्न म्हणजे निव्वळ वार्षिक उत्पन्न होय,कर आणि कपाती नंतर मिळालेले उत्पन्न म्हणजे निव्वळ वार्षिक उत्पन्न होय
6696,723838,D4,Banking,12.5,माया खात्यात कितीक पैसे बाकी हाय हे मले कस पायता येईन ?,माया खात्यात किती पैसे बाकी आहेत आणि मला कसे मिळतील?
6697,709994,D1,Banking,13.0,बेंगलोराक रव्हत असल्यामुळें माझ्याकडे पैशे वाचत नाय,बेंगलोरात राहिल्यामुळे माझ्याकडे पैसे वाचत नाहीत.
6698,716855,D2,Agriculture,12.909,"डायरी , रजिस्टर , प्रत इत्यादी बनवण्यासाठी कागदाचा वापर केला जातो","डायरी, रजिस्टर, प्रत इत्यादी बनवण्यासाठी कागदाचा वापर केला जातो."
6699,723678,D4,Banking,12.5,कापडाच्या दुकानासाठी कितीक कर्ज भेटन ?,कापड्यांच्या दुकानासाठी किती कर्ज मिळेल?
6700,710275,D1,Agriculture,13.0,तुमका ठाउक असा काय कोकोचे शेंगे हातान पिकवतत,तुमचे माहीत आहे का की कोकोचे हाताने पिकवायचे असते?
6701,713164,D2,Banking,12.909,ट्रॅव्हल चेक पर्यटन कार्यालयना संगे संबंधित शे जे पर्यटन शहरेसमा रास,ट्रॅव्हल चेक पर्यटन कार्यालयांसोबत संबंधित पर्यटन शहरे आहेत का
6702,724239,D4,Banking,12.5,मॅच्युरिटी झाल्यावर पुरे पैसे माया खात्यावर जमा होईन का ?,मॅच्युरिटी झाल्यावर पुरेसे पैसे खात्यावर जमा होतील का?
6703,707050,D1,Banking,13.0,डिमांड ड्राफ्ट ह्या बिल ऑफ एक्सचेंज सारखाच एक निगोशिएबल इन्स्ट्रुमेंट असा,डिमांड ड्राफ्ट बिल ऑफ एक्सचेंजसारखाच एक निगोशिएबल इन्स्ट्रुमेंट आहे
6704,713290,D2,Banking,12.909,मालमत्ता ना व्यवहार करा ना करता रियल इस्टेट एजंटनी नियुक्ती करतस,मालमत्ता व्यवहार न करता रियल इस्टेट एजंटची नियुक्ती करत आहेस
6705,719725,D4,Banking,12.5,प्रथम राजूने आपला पॅन क्रमांक आणि पत्त्याचा पुरावा जन्मतारीख सादर केला,प्रथम राजूने आपला पॅन क्रमांक आणि पत्त्याचा पुरावा जन्मतारीख सादर केला
6706,709914,D1,Agriculture,13.0,तिळाच्या बियांचा रक्षनासाठी राजू बाविस्टीन वापर करता,राजू तिलाच्या बियांच्या रक्षणासाठी बाविस्टीन वापरतो
6707,717194,D2,Agriculture,12.9,"मेंढीपालनासाठी पाणी , ऊर्जा , कर्बोदके आणि चरबीची आवश्यकता असते","मेंढीपालनासाठी पाणी, ऊर्जा, कर्बोदके आणि चरबीची आवश्यकता असते."
6708,720072,D4,Agriculture,12.5,माझी आई बिर्याणी बनवण्यासाठी मोठी वेलची वापरते,माझी आई बिर्याणी बनवण्यासाठी मोठी वेलची वापरते
6709,707975,D1,Agriculture,13.0,"राजू तुका माहित हा काय , पूर्वीच्या काळात घर शेणानं सारवायचे","राजू तुला हे काय माहीत आहे, पूर्वीच्या काळात घर शेणामध्ये सारवायचे."
6710,713685,D2,Agriculture,12.9,एकात्मिक पिकेस्नी शेती आनी एकच पिकनी शेती दोन्हीस्मा फरक रहास,एकात्मिक पिके आणि एकच पिकनी शेतीमध्ये दोन्हीत फरक आहे.
6711,720261,D4,Banking,12.5,जगातील इतर कोणत्याही चलनापेक्षा डॉलरची विश्वास अर्हता अधिक आहे,जगातील इतर कोणत्याही चलनापेक्षा डॉलरची विश्वासार्हता अधिक आहे
6712,709103,D1,Agriculture,13.0,तणनाशक अवांच्छित वनस्पतींका नियंत्रणात आणूक वापरणारो पदार्थ हा,मी तणनाशक वापरून अवांछित वनस्पतींचे नियंत्रण करणार आहे हा पदार्थ आहे.
6713,716839,D2,Agriculture,12.9,डॅफोडिलचे फुल हे नवीन सुरुवात आणि नवीन प्रतीक मानले जाते,डॅफोडिलचे फुल हे नवीन सुरुवात आणि नवीन प्रतीक मानले जाते
6714,718722,D4,Banking,12.5,के.वाय.सी चेकिंग खाते उघडताना तुमच्या ग्राहकाची ओळख पडताळणे अनिवार्य आहे,केवायसी चेकिंग खाते उघडताना तुमच्या ग्राहकाची ओळख पडताळणे अनिवार्य आहे
6715,707480,D1,Banking,13.0,खाजगी गुंतवणूकदार त्येंच्या गुंतवणुकेचा मू्ल्य कमावतत,खाजगी गुंतवणूकदार त्यांच्या गुंतवणुकीचे मूल्य कमावत आहेत
6716,714908,D2,Agriculture,12.9,केळीच्या झाडात केळीच्या फुलाचे थ्रीप्स आणि केळी थ्रिप्स कीटक आढळतात,केळीच्या झाडात केळीच्या फुलांवर थ्रीप्स आणि केळी थ्रिप्स या कीटकांचा आढळतो.
6717,723998,D4,Banking,12.5,"मायावर कितीक कर्ज बाकी हाय , हे मले सांगान का ?","मायावर किती कर्ज बाकी आहे, हे मला सांगायचे का?"
6718,708653,D1,Agriculture,13.0,फुलांच्या शेतीतून जास्त पैशे मिळतत,फुलांच्या शेतीतून जास्त पैसे मिळतात
6719,712587,D2,Banking,12.9,नवा उद्योगमा शेअर खरेदी करीसन भांडवल लावानं शेअर भांडवलमा येस,नव्या उद्योगात शेअर खरेदी केल्यास भांडवल शेअर भांडवलात येईल.
6720,723062,D4,Agriculture,12.5,दामीनी ॲप कस वापरा लागते ? अन त्याच्या वापराची मायती मले सांगा,दामीनी ॲप कसे वापरावे लागते? आणि त्याच्या वापराची माहिती मला सांगा.
6721,710422,D1,Agriculture,13.0,"रेशम उत्पादन विभाग आसाम , बंगाल आणि तामिळनाडुत ज्यादा काम करता","रेशम उत्पादन विभाग आसाम, बंगाल आणि तामिळनाडूत जास्त काम करतो."
6722,716572,D2,Banking,12.9,कोणत्याही आधुनिक अर्थसंकल्पात कोणत्याही एका वर्षात समतोल साधणे दुर्मिळ आहे,कोणत्याही आधुनिक अर्थसंकल्पात कोणत्याही एका वर्षात समतोल साधणे दुर्मिळ आहे
6723,723182,D4,Agriculture,12.5,ठिबक सिंचन पद्धतीने संत्रा पिकाले पाणी देणे शक्य हाये का ?,ठिबक सिंचन पद्धतीने संत्रा पिकाले पाणी देणे शक्य आहे का?
6724,706952,D1,Banking,13.0,आर्थिक वाढ ह्या सकल देशांतर्गत उत्पादनातलो वार्षिक टक्का बदल म्हणून मोजला जाता,आर्थिक वाढ ही सकल देशांतर्गत उत्पादनातील वार्षिक टक्का बदल म्हणून मोजली जाते.
6725,713364,D2,Agriculture,12.889,जलशेती हायी समुंदरले नवं नवं काही देवानं काम करस,जलशेती आहे समुद्राने नवं नवं काही देवांसाठी काम करते.
6726,723110,D4,Agriculture,12.5,मक्यावर फवारनी करतांनी सायफर मेथ्रीनचं प्रमान किती रायलं पायजे ?,मक्यावर फवारणी केल्यानंतर सायफर मेथ्रीनचे प्रमाण किती लिटरचे असेल?
6727,709138,D1,Agriculture,13.0,जगात वीस हजारांपेक्षा मधमाश्यांचे माहिती असलेले प्रजाती हत,जगात वीस हजारांपेक्षा मधमाश्यांची माहिती असलेली प्रजाती आहेत
6728,714909,D2,Agriculture,12.889,केळीच्या झाडाला नर फुले आणि मादी फुले वेगवेगळी असतात,केळीच्या झाडाला नर फुले आणि मादी फुले वेगवेगळी असतात
6729,723464,D4,Agriculture,12.5,कोराजेन औषध विस लिटर पंपामंदी किती मिलीमिटर घ्या लागन ?,कोराजेन औषधासाठी किती मिलीमीटर घ्यावे लागतील?
6730,707896,D1,Agriculture,13.0,माझ्या मित्रान सांगल्यान की तोंडली खाऊक छान लागतत,माझ्या मित्रांनी सांगितले की तोंडली खाणे छान लागत आहे.
6731,716266,D2,Agriculture,12.889,सेंद्रिय पद्धतीने उगवलेल्या भाज्या सेंद्रिय खाद्य म्हणून ओळखले जाते,सेंद्रिय पद्धतीने उगवलेल्या भाज्या सेंद्रिय खाद्य म्हणून ओळखले जातात
6732,723910,D4,Banking,12.5,मले वावरासाठी किती रुपयापर्यंत कर्ज भेटन ?,मला वावरासाठी किती रुपयांपर्यंत कर्ज मिळते?
6733,710866,D1,Banking,13.0,भविष्यातील मुल्ल्यावर खयच्या शेयरचो जास्त प्रभाव पडता ?,भविष्यातील मूल्यावर खऱ्या शेअर्सचा जास्त प्रभाव पडतो का?
6734,717823,D2,Agriculture,12.889,"अतिप्रमाणात पाऊस पडला तर भुईमूग , गाजर , मुळा , बटाटा या पिकांवर काही परिणाम होतो का ?","अतिप्रमाणात पाऊस पडला तर भुईमूग, गाजर, मुळा, बटाटा या पिकांवर काही परिणाम होतो का?"
6735,721567,D4,Agriculture,12.5,प्लांटर उपकरणे सहसा ट्रॅक्टर च्या मागील बाजूस वाहून नेली जातात,प्लांटर उपकरणे सहसा ट्रॅक्टरच्या मागील बाजूस वाहून नेली जातात
6736,712255,D1,Banking,13.0,माका जरा ठेव आणि गुंतवणूकी बद्दल वायचं माहिती सांगशात ?,मला जरा ठेव आणि गुंतवणुकीबद्दल माहिती सांगता?
6737,713002,D2,Banking,12.889,रिझर्व्ह बँकेनी अर्थव्यवस्थामा सुधारणा कराना करता आर्थिक सुधारणा कऱ्यात,रिझर्व्ह बँकेने अर्थव्यवस्थेत सुधारणा करण्यासाठी आर्थिक सुधारणा करत आहे.
6738,720454,D4,Banking,12.5,समजा तुमचे क्रेडिट स्टेटमेंटचे चक्र हे दर महिन्याच्या तीन तारखेचे असते,समजा तुमचे क्रेडिट स्टेटमेंटचे चक्र दर महिन्याच्या तीन तारखेचे असते
6739,712314,D1,Banking,13.0,मुदत ठेवीत पैसे गुंतवक आमच्यासारख्यांका परवडतला की नाय ?,मुदत ठेवीत पैसे गुंतवणे आमच्यासारख्यांना परवडेल का?
6740,712653,D2,Banking,12.889,रामकुमारनी रियल टाइम ग्रास सेट करी रकम हस्तांतर करी,रामकुमारनी रियल टाइम ग्रास सेट करून रक्कम हस्तांतरित करते
6741,719828,D4,Agriculture,12.5,तुम्हाला माहित आहे का की कामगार मधमाश्या देखील मध बनवतात ?,तुम्हाला माहित आहे का की कामगार मधमाश्या देखील मध बनवतात?
6742,709384,D1,Agriculture,13.0,करांद्याची झाडा डोंगराळ देशांत जास्ती होतत,करांद्याची झाडे डोंगराळ देशांमध्ये वाढत आहेत
6743,716830,D2,Agriculture,12.889,रेशीम विभागाकडूनही रेशीम उत्पादनासाठी आवश्यक ती मदत केली जाते,रेशीम विभागाकडूनही रेशीम उत्पादनासाठी आवश्यक ती मदत केली जाते
6744,720916,D4,Agriculture,12.5,गवत कापण्यासाठी आजकाल मोवर माचीनीचा वापर केला जातो,गवत कापण्यासाठी आजकाल मोवर मशीनचा वापर केला जातो
6745,707863,D1,Agriculture,13.0,"मध काढण्याच्या प्रक्रियेत लाकडी फळीचो वापर करतत , असा सोनम सांगत होता","मध काढण्याच्या प्रक्रियेत लाकडी फळी वापरत होते, असा सोनम सांगत होती."
6746,714885,D2,Agriculture,12.889,कापूस सूत यंत्रात कापसापासून सूत किंवा धागे बनविले जातात,कापूस सूत यंत्रातून कापसापासून सूत किंवा धागे बनवले जातात
6747,721774,D4,Agriculture,12.5,माणसाचे शरीराचे वजन आणि मापांमध्ये एकसमानता असणे आवश्यक आहे,माणसाचे शरीर वजन आणि मापांमध्ये एकसमानता असणे आवश्यक आहे
6748,707498,D1,Agriculture,13.0,"घरगुती शेतीमध्ये गच्चीतली शेती , बागकाम अश्या गोष्टींचो समावेश होता",घरगुती शेतीमध्ये गच्चीवरची शेती आणि बागकाम या गोष्टींचा समावेश होता
6749,712648,D2,Agriculture,12.875,बास्ट फायबर हायी वनस्पतीस कडथून भेटणारं फायबर शे,बास्ट फायबर आणि वनस्पतींकडून फायबर मिळेल.
6750,722226,D4,Agriculture,12.5,राजस्थान मध्ये ठिबक सिंचन प्रणालीची स्थापना हे आधुनिक शेतीचे उदाहरण आहे,राजस्थानमध्ये ठिबक सिंचन प्रणालीची स्थापना हे आधुनिक शेतीचे उदाहरण आहे
6751,707735,D1,Agriculture,13.0,पी.एम किसान योजनेचो जवळजवळ तीन कोटी शेतकऱ्यांका फायदो झालेलो आसा,पी.एम किसान योजनेला जवळजवळ तीन कोटी शेतकऱ्यांना फायदा झाला आहे.
6752,713531,D2,Banking,12.875,गनज बँकास्ना नव्या नव्या गोष्टी सरवासले फायद्यान्या शेतीस,अनेक बँकांचे नवीन नवीन गोष्टी फायद्यासाठी शेतीसाठी पसरवले.
6753,721556,D4,Agriculture,12.5,रासायनिक खते आणि कीटकनाशके कृषी प्रणाली अंतर्गत घेतले जातात,रासायनिक खते आणि कीटकनाशके कृषी प्रणाली अंतर्गत घेतले जातात
6754,708631,D1,Agriculture,13.0,दिल्ली कृषि विपणन बोर्डाची माहिती उपयोगकर्ता घेऊ शकतत,दिल्ली कृषी विपणन बोर्डाची माहिती उपयोगकर्ता घेऊ शकतो.
6755,713361,D2,Agriculture,12.875,आते आते भारतनी शेतीमा नवीन तंत्रज्ञान येवाले लागनं,नवीन तंत्रज्ञान शेतीमध्ये येणे आवश्यक आहे
6756,721724,D4,Banking,12.5,या योजनेंतर्गत मजुरांना एकशे पंचवीस दिवसांचा रोजगार दिला जाणार आहे,या योजनेनुसार मजुरांना एकशे पंचवीस दिवसांचा रोजगार दिला जाणार आहे
6757,707770,D1,Agriculture,13.0,"प्रीतम तुका ठाऊक हा काय की , सरकार आमच्या उसाच्या रसापासून इथेनॉल बनवत आसा",प्रीतम तुला काय ठाऊक आहे की सरकार आमच्या उसाच्या रसापासून इथेनॉल बनवत आहे
6758,714754,D2,Agriculture,12.833,द्विवार्षिक वनस्पती एक फुली वनस्पती रहास,द्विवार्षिक वनस्पती एक फुली वनस्पती आहे
6759,721087,D4,Banking,12.5,मालमत्तेचा विमा नैसर्गिक जोखामोला गोपनीयता देखील देतो,मालमत्तेचा विमा नैसर्गिक जोखमीला गोपनीयता देखील देतो
6760,706567,D1,Banking,13.0,गुंतवणूक बँक ह्या वित्तीय सेवा कंपन्यो किंवा कॉर्पोरेट विभाग असा,गुंतवणूक बँक ह्या वित्तीय सेवा कंपन्या किंवा कॉर्पोरेट विभाग आहे
6761,712691,D2,Agriculture,12.818,"फ्लुमेरीयाले फ्रेंजीपानी , पैगोडा ट्री , टेंपल ट्री ना नावकनबी वयखतस","फ्लुमेरीया आणि फ्रेंजीपानी, पॅगोडा ट्री, टेम्पल ट्री कधी आहेत?"
6762,718886,D4,Banking,12.5,पेन्शनसाठी जमा केलेल्या पैशावर कोणताही कर आकारला जात नाही,पेन्शनसाठी जमा केलेल्या पैशावर कोणताही कर आकारला जात नाही
6763,707360,D1,Banking,13.0,"इनव्हॉयसिस म्हणजे एक पत्र आसा , ज्येच्यात पाठवलेल्या वस्तूंची यादी आणि रक्कम असता","इनव्हॉइस म्हणजे एक पत्र आहे, पाठवलेल्या वस्तूंची यादी आणि रक्कम असते."
6764,716276,D2,Banking,12.818,स्टॉक प्रभुत्व असणाऱ्या शेअर्स च किंवा इक्विटी शेअर्स च प्रतिनिधित्व करतात,स्टॉक प्रभुत्व असणाऱ्या शेअर्स किंवा इक्विटी शेअर्स प्रतिनिधित्व करतात
6765,719592,D4,Agriculture,12.5,"मेथीची पाने भाजी , औषधी वनस्पती आणि मसाला मध्ये वापरली जातात","मेथीची पाने भाजी, औषधी वनस्पती आणि मसाल्यामध्ये वापरली जातात."
6766,712545,D1,Banking,13.0,बचत खाता काडुच्या साठी के.वाय.सी पुरावो म्हणून आधार आणि पॅन कार्ड चा गरज आसा काय ?,बचत खाते कशासाठी? के.वाय.सी पुरावा म्हणून आधार आणि पॅन कार्डची गरज आहे का?
6767,713657,D2,Agriculture,12.812,"पिस्ता , काजू , बदाम , मनोका , खजूर ह्या सुकामेवा मुये शरीरले चांगलं पोशन भेटस","पिस्ता, काजू, बदाम, मनुका, खजूर हे सुकामेवा शरीराला चांगले पोषण मिळते."
6768,718942,D4,Agriculture,12.5,"शेतकऱ्यांना बाजारात कमी भाव मिळतो , बाजारवाले दुप्पट भावाने विकतात","शेतकऱ्यांना बाजारात कमी भाव मिळतो, बाजारवाले दुप्पट भावाने विकतात"
6769,706994,D1,Banking,13.0,व्यापार वित्त ह्या व्यापारासाठी वित्तपुरवठा सूचित करता,व्यापार वित्त हा व्यापारासाठी वित्तपुरवठा सूचित करतो
6770,715529,D2,Banking,12.8,"चलन कर्ज , स्टॅन्ड अप इंडिया , स्टार्ट अप इंडिया इत्यादी आर्थिक सुधारणा योजना आहे","चलन कर्ज, स्टॅन्ड अप इंडिया, स्टार्ट अप इंडिया इत्यादी आर्थिक सुधारणा योजना आहेत."
6771,723306,D4,Agriculture,12.5,बाजार समितीतले पैशे किती दिवसानं कास्तकाराइले मिळते ?,बाजार समितीचे पैसे किती दिवसांत मिळतात?
6772,710358,D1,Banking,13.0,भांडवली संरचनेनुसार तुम्ही तुमच्या कंपनीची जोखीम ठरवु शकतास,भांडवली संरचनेनुसार तुम्ही तुमच्या कंपनीची जोखीम ठरवू शकता
6773,717128,D2,Agriculture,12.778,मोहरीच्या बिया वेगवेगळ्या मोहरीच्या रोपांच्या लहान गोल बिया असतात,मोहरीच्या बिया वेगवेगळ्या मोहरीच्या रोपांच्या लहान गोल बिया असतात
6774,722351,D4,Banking,12.5,आर्थिक साधनाचे मूल्यांकन करण्यासाठी संदर्भ दर वापरला जातो,आर्थिक साधनाचे मूल्यांकन करण्यासाठी संदर्भ दर वापरला जातो
6775,707508,D1,Banking,13.0,चालू खाता पगार खात्यात बदलूंसाठी मॅनेजरने माझी मदत केल्यानं,चालू खाते पगार खात्यात बदलण्यासाठी मॅनेजरने माझी मदत केल्यामुळे
6776,717407,D2,Agriculture,12.75,नारळे उतरविण्यासाठी कोणते यंत्र आहे ? बाजारात हे यंत्र आहे का ?,नारळे उतरविण्यासाठी कोणते यंत्र आहे? बाजारात हे यंत्र आहे का?
6777,719439,D4,Banking,12.5,डायरेक्ट बँक तुम्हाला ए.टी.एम वापरण्याची सुविधा देखील देते,डायरेक्ट बँक तुम्हाला ए.टी.एम वापरण्याची सुविधा देखील देते
6778,710503,D1,Banking,13.0,अटल पेंशन योजनेत अर्ज दाखल करणाऱ्याक दर महिन्याक प्रीमियम जमा करुचो लागता,अटल पेन्शन योजनेत अर्ज दाखल केल्यास दर महिन्याला प्रीमियम जमा करावा लागतो.
6779,713306,D2,Banking,12.733,"कर्जना आल्लग आल्लग प्रकार शेतंस जसं गोल्ड लोन , प्रॉपर्टी लोन , स्टुडंट लोन इत्यादी","कर्जाचे विविध प्रकार जसे गोल्ड लोन, प्रॉपर्टी लोन, स्टुडंट लोन इत्यादी"
6780,719492,D4,Banking,12.5,डिपॉझिट काढणे म्हणजे तुमचे पैसे बँकेला समजून घेऊन प्रभावीपणे कर्ज देणे,डिपॉझिट काढणे म्हणजे तुमचे पैसे बँकेला समजून घेऊन प्रभावीपणे कर्ज देणे
6781,707769,D1,Agriculture,13.0,प्रीतम तु तुझ्या पिकाबरोबर शेतात माडाची झाडा पण लावू शकतस,प्रीतम तू तुझ्या पिकांसोबत शेतात झाड पण लावू शकतोस
6782,717015,D2,Banking,12.636,देयक संरक्षण विमा ज्याला क्रेडिट विमा क्रेडिट संरक्षण विमा असेही म्हणतात,देयक संरक्षण विमा ज्याला क्रेडिट विमा आणि क्रेडिट संरक्षण विमा असेही म्हणतात
6783,720834,D4,Agriculture,12.5,फॉस्फेट खताचा वापर जमिनीत उत्पादन वाढवण्यासाठी केला जातो,फॉस्फेट खताचा वापर जमिनीत उत्पादन वाढवण्यासाठी केला जातो
6784,708515,D1,Banking,13.0,व्यवसायाक भांडवल पुरवच्यासाठी कॉर्पोरेट वित्त वापरला जाता,व्यवसायाचे भांडवल पुरवठ्यासाठी कॉर्पोरेट वित्त वापरला जातो.
6785,713574,D2,Banking,12.5,यू.पी.आय नंबर मोबाइल वरथून पैसा लेवा देवा करता कामंमा येस,यू.पी.आय नंबर मोबाईलवरून पैसे घेणे शक्य आहे.
6786,719051,D4,Agriculture,12.5,हरियाणा आणि पंजाबमधील शेतकऱ्यांनी शेतकरी बिलला सर्वाधिक विरोध केला,हरियाणा आणि पंजाबमधील शेतकऱ्यांनी शेतकरी बिलला सर्वाधिक विरोध केला
6787,708320,D1,Banking,13.0,तुमी तुमच्या घर आणि बाकीच्या गरजांसाठी असुरक्षित कर्ज घेवक शकतास,तुम्ही तुमच्या घर आणि बाकीच्या गरजांसाठी असुरक्षित कर्ज घेऊ शकता.
6788,717249,D2,Banking,12.5,तुमची थकबाकी बिले भरल्याने तुमच्या क्रेडिट स्कोअरवर फारसा प्रभाव पडत नाही,तुमची थकबाकी बिले भरल्याने तुमच्या क्रेडिट स्कोअरवर फारसा प्रभाव पडत नाही
6789,722363,D4,Banking,12.5,एस.जी.आर.वाय जिल्हा पंचायत आणि ग्रामपंचायतींद्वारे लागू केले जाते,एस.जी.आर.वाय जिल्हा पंचायत आणि ग्रामपंचायतींद्वारे लागू केले जाते
6790,709966,D1,Banking,13.0,प्रत्येक खाद्य व्यवसाय करणाऱ्याक आपल्यासाठी एक ऑडिटर ठेवूचो लागता,प्रत्येक खाद्य व्यवसाय करणाऱ्याला आपल्यासाठी एक ऑडिटर ठेवणे आवश्यक आहे
6791,715263,D2,Banking,12.5,"अनेक देश सार्वजनिक स्वरूपात निधी निवृत्ती , आरोग्य देखरेख प्रणाली देतात",अनेक देश सार्वजनिक स्वरूपात निधी निवृत्ती आरोग्य देखरेख प्रणाली देतात
6792,723569,D4,Agriculture,12.5,"संत्रे , मोसंबी विकल्यावर दलाल लोकं त्याच्यावर एक क्विंटल काट काऊन घेते ?",संत्रे आणि मोसंबी विकल्यावर दलाल लोकं त्यावर एक क्विंटल काऊन घेतात का?
6793,708350,D1,Agriculture,13.0,नैसर्गिक सुत सगळ्या प्रकारच्या उत्पादनात महत्त्वाचो घटक म्हणान वापरतत,नैसर्गिक सूत सगळ्या प्रकारच्या उत्पादनात महत्त्वाचा घटक म्हणून वापरतात.
6794,714500,D2,Agriculture,12.5,शेतीना बरोबर मत्स्यपालन हावू जोडधंदा बराच जण कराले लागनात,"शेतीसोबत मत्स्यपालन हा जोडधंदा चांगला आहे, लोकांनी तो करावा लागला."
6795,719520,D4,Banking,12.5,चीन आपल्या निर्यातीमुळे जगात आर्थिक शक्ती म्हणून उदयास आला आहे,चीन आपल्या निर्यातीमुळे जगात आर्थिक शक्ती म्हणून उदयास आला आहे
6796,709651,D1,Banking,13.0,वर्तमान मध्ये अपेक्षित उत्पन्न भविष्यातीला कार्यशक्ती वापरण्याचा साधन असा,वर्तमानमध्ये अपेक्षित उत्पन्न भविष्यासाठी कार्यशक्ती वापरण्याचे साधन आहे.
6797,717508,D2,Agriculture,12.5,शेतमालाच्या भावाविषयी मला माहिती कोठे मिळेल ?,शेतमालाच्या भावाविषयी मला माहिती कोठे मिळेल?
6798,721413,D4,Banking,12.5,स्वस्ताच्या लालसेपोटी लोक काळ्या बाजारातून माल घेतात,स्वस्त असल्यामुळे लोक काळ्या बाजारातून माल घेतात
6799,707153,D1,Banking,13.0,तुमचो नोंदणीकृत मोबाईल क्रमांक इनपुट करून पाठवलेलो ओ.टी.पी वापरून प्रमाणीकरण करा,तुमचा नोंदणीकृत मोबाईल क्रमांक इनपुट करून पाठवलेल्या ओ.टी.पीने प्रमाणीकरण करा
6800,717334,D2,Agriculture,12.5,मी माझा माल कोणत्या ॲप वरुन विकू शकतो ?,मी माझा माल कोणत्या ॲपवरून विकू शकतो?
6801,720356,D4,Agriculture,12.5,पशुधन किंवा गुरांना दररोज योग्य वेळी पौष्टिक चारा दिला पाहिजे,पशुधन किंवा गुरांना दररोज योग्य वेळी पौष्टिक चारा दिला पाहिजे
6802,708184,D1,Banking,13.0,आर्थिक व्यवहार हे बरेचदा जागतिक वित्तीय प्रणालीत एका आंतरराष्ट्रीय पातळीवर होतत,आर्थिक व्यवहार हे बरेचदा जागतिक वित्तीय प्रणालीत एका आंतरराष्ट्रीय पातळीवर होत आहेत
6803,714847,D2,Agriculture,12.5,आसाम राज्यात पिक काढल्या नंतर भोगाली बिहू सण साजरा केला जातो,आसाम राज्यात पिक काढल्यानंतर भोगाली बिहू सण साजरा केला जातो.
6804,721619,D4,Agriculture,12.5,ब्रोकोली वजन कमी करण्यासाठी देखील उत्तम आहे कारण त्यात भरपूर फायबर असते,ब्रोकोली वजन कमी करण्यासाठी देखील उत्तम आहे कारण त्यात भरपूर फायबर असते
6805,708522,D1,Agriculture,13.0,शेतमाल विक्रीसाठी अपेक्षित ग्राहकाची ओळख केली जाता,शेतमाल विक्रीसाठी अपेक्षित ग्राहकाची ओळख केली गेली
6806,716114,D2,Banking,12.5,"वरच्या वर कोणीही समजू शकतो की , एका देशासाठी विदेशी उत्पन्न होत",सर्व काही समजते की एका देशासाठी विदेशी उत्पन्न होते.
6807,721768,D4,Banking,12.5,प्रथम बँकर्सची बँक एकोणीसशे पंच्याहत्तर ला मिन्सोटा मध्ये स्थापन झाली,प्रथम बँकर्सची बँक एकशे सत्तावीस मिनेसोटामध्ये स्थापन झाली
6808,708471,D1,Agriculture,13.0,मुसावर्गीय एक घटक जेचा शास्त्रीय नाव मुसा पॅराडिसिका असा आसा,मुसावर्गीय एक घटक ज्याचे शास्त्रीय नाव मुसा पॅराडिसिका आहे असे आहे
6809,715582,D2,Banking,12.5,जापानी आर्थिक बाजार शुक्रवारी राष्ट्रीय सुट्टीमुळे बंद होता,जापानी आर्थिक बाजार शुक्रवारी राष्ट्रीय सुट्टीमुळे बंद होता
6810,722304,D4,Banking,12.5,ट्रस्टच्या विश्वासाचा तपशील ट्रस्टचा कोषाध्यक्ष बनवितो,ट्रस्टच्या विश्वासाचा तपशील ट्रस्टचा कोषाध्यक्ष बनवतो
6811,710042,D1,Agriculture,13.0,मोठ्या टाकयेच्या आकाराचा नायतर घडणावळीच्या हिशेबात खरेदी करतत,मोठ्या टाकयेच्या आकाराचा आणि घडणावळीच्या हिशेबात खरेदी करत आहेत
6812,713092,D2,Agriculture,12.5,"पानी , ऑक्सिजन झाडेसना मुयासले पोषक तत्व ना माध्यमतीन देतस","पाणी, ऑक्सिजन झाडे माध्यम म्हणून पोषक तत्वे देतात."
6813,720980,D4,Agriculture,12.5,सर्वोत्तम नैसर्गिक मार्गाने भाज्या आणि फळे उगवणे संदर्भित करते,सर्वोत्तम नैसर्गिक मार्गाने भाज्या आणि फळे उगवतात.
6814,708509,D1,Banking,13.0,विद्यार्थ्यांसाठी आपल्या देशात पैशाच्या पुरवठ्यात लय सवलती दिले जातत,विद्यार्थ्यांसाठी आपल्या देशात पैशाच्या पुरवठ्यात काही सवलती दिल्या जात आहेत
6815,716321,D2,Agriculture,12.5,उत्तर भारतात ऑक्टोबर नोव्हेंबर दरम्यान रब्बी पिकांची पेरणी केली जाते,उत्तर भारतात ऑक्टोबर नोव्हेंबर दरम्यान रब्बी पिकांची पेरणी केली जाते
6816,722852,D4,Agriculture,12.5,"ग्रेपफ्रूट हे संत्र्याच्या प्रजातीचे फळ आहे , ज्याची चव आंबट आणि गोड असते","ग्रेपफ्रूट हे संत्र्याच्या प्रजातीचे फळ आहे, ज्याची चव आंबट आणि गोड असते."
6817,707611,D1,Banking,13.0,"तुमका ठाऊक हा काय , बचत खात्यात तुम्ही फक्त थोडकोचं पैसो ठेवू शकतास ?","तुमचा ठावधा काय, बचत खात्यात तुम्ही फक्त थोडे पैसे ठेवू शकता?"
6818,714140,D2,Banking,12.5,पैसा कंपनीना मालमत्ता लेवासाठे वापरतस,कंपनी पैसे वापरून मालमत्ता घेते
6819,719624,D4,Banking,12.5,पेपाल लहान आणि मध्यम व्यवसायांना भांडवलासाठी निधी पुरवते,पेपाल लहान आणि मध्यम व्यवसायांना भांडवलासाठी निधी पुरवते
6820,709595,D1,Banking,13.0,माझ्यो भावजींचो व्यापार प्रतिधरीत कमाई नसल्याकारणान बंद झालो,माझ्या व्यवसायाची प्रतिधारे कमाई नसल्यामुळे ते बंद झाले.
6821,717030,D2,Banking,12.5,उद्योजक वांशिक गट त्यांचे नेटवर्क एकत्रित करण्यासाठी वापरतात,उद्योजक वांशिक गट त्यांचे नेटवर्क एकत्रित करण्यासाठी वापरतात
6822,721197,D4,Banking,12.5,इंटेक्स सोल्यूशन्स इंक एक स्वतंत्र वित्तीय मॉडेलिंग कॉर्पोरेशन आहे,इंटेक्स सोल्यूशन्स इंक एक स्वतंत्र वित्तीय मॉडेलिंग कॉर्पोरेशन आहे
6823,710689,D1,Agriculture,13.0,चेस्टनट ह्या फॅगेसी कुटुंबातला पानझडी झाड किंवा झुडुप स्वरूपात आढळता,चेस्टनट हा फॅगेसी कुटुंबातील पानझडी झाड किंवा झुडुप स्वरूपात आढळतो.
6824,716562,D2,Banking,12.5,खात्यांचा तक्ता तयार करण्यासाठी अकाउंटंटची आवश्यकता असते,खात्यांचा तक्ता तयार करण्यासाठी अकाउंटंटची आवश्यकता असते
6825,722509,D4,Banking,12.5,वार्षिकी ही एक निश्चित रक्कम आहे जी आपल्याला आयुष्यभर प्रत्येक वर्षी मिळेल,वार्षिकी ही एक निश्चित रक्कम आहे जी आपल्याला आयुष्यभर प्रत्येक वर्षी मिळेल
6826,710187,D1,Banking,13.0,कंपनी किंवा वित्तीय संस्था व्यक्तिक मुदत ठेव खात्यावर उच्च व्याजदर देता,कंपनी किंवा वित्तीय संस्था व्यक्तीच्या मुदत ठेव खात्यावर उच्च व्याजदर देते
6827,713386,D2,Agriculture,12.5,तुम्हले उंट पाशीन बनेल फायबर ना बद्दल काही माहिती शे का ?,तुम्हाला फायबर बद्दल काही माहिती का?
6828,719540,D4,Agriculture,12.5,कल्टीपॅकर वापरल्याने माती आणि दरम्यान परिपूर्ण स्पर्श कायम राहतो,कल्टीपॅकर वापरल्याने माती आणि दरम्यानचा परिपूर्ण स्पर्श कायम राहतो
6829,708311,D1,Agriculture,13.0,तांदळाचा पीक वर्षाक भरपूर पावस असणाऱ्या भागात मोठ्या प्रमाणात घेतला जाता,भरपूर पाऊस असणाऱ्या भागात तांदळाचा पीक मोठ्या प्रमाणात घेतला जातो
6830,717045,D2,Banking,12.5,वर्तमानपत्रे व भ्रमणध्वनीद्वारे मोठ्या प्रमाणावर कूपन वितरित केले जातात,वर्तमानपत्रे व भ्रमणध्वनीद्वारे मोठ्या प्रमाणावर कूपन वितरित केले जातात
6831,718758,D4,Banking,12.5,विशिष्ट कालावधीसाठी समान दराने मुद्दलावर आकारले जाणारे साधे व्याज,विशिष्ट कालावधीसाठी समान दराने मुद्दलावर आकारले जाणारे साधे व्याज
6832,707354,D1,Banking,13.0,आवर्ती ठेवींवर उच्च व्याज दर असता आणि कोणतोच दंड नसता असा माका काळाला आसा,आवर्ती ठेवींवर उच्च व्याज दर असता आणि कोणताही दंड नसता असा मला काळाला असे.
6833,713716,D2,Banking,12.5,आजकाल नेटबँकिंग आणि यु.पी.आय नी मदतवरी आपण पैसा कोठेबी धाडू शकतस,आजकाल नेटबँकिंग आणि यु.पी.आयमुळे आपण पैसा कोठेही काढू शकतो
6834,720446,D4,Banking,12.5,सहकारी बँकिंग संस्था ठेवी घेतात आणि जगातील बहुतेक भागात पैसे देतात,सहकारी बँकिंग संस्था ठेवी घेतात आणि जगातील बहुतेक भागात पैसे देतात
6835,708691,D1,Agriculture,13.0,शिकलेले शेतकरी कृषि नितींचो अभ्यास करान शेती करतत,शिक्षण घेतलेले शेतकरी कृषी धोरणाचा अभ्यास करून शेती करत आहेत
6836,713646,D2,Banking,12.5,कंपनी आपला माल खपाडा करता बिगरव्याजी कर्ज देवाले तयार शेतस,कंपनी आपला माल देत आहे बिगरव्याजी कर्ज देणारे तयार आहेत
6837,721088,D4,Banking,12.5,भविष्य निर्वाह निधी म्हणजे मासिक बचत जी दरमहा जमा होते,भविष्य निर्वाह निधी म्हणजे मासिक बचत जी दरमहा जमा होते
6838,707756,D1,Banking,13.0,"प्रकल्प उद्योजकता ह्यावर्षी पाच टक्क्यांन वाढली आसा , असा माका समजला",प्रकल्प उद्योजकता ह्यावर्षी पाच टक्क्यांनी वाढली असे मला समजले.
6839,713269,D2,Agriculture,12.5,मासा पकडा ना येवसाय दिवस मा भी चाली रायना,"मासा पकडा, दिवस मा चालले."
6840,720836,D4,Agriculture,12.5,"कृषी वनीकरण ही एक जमीन वापर प्रणाली आहे जी वृक्ष , पशुसंवर्धन अशा प्रकारे एकत्रित करते",कृषी वनीकरण ही एक जमीन वापर प्रणाली आहे जी वृक्ष आणि पशुसंवर्धन अशा प्रकारे एकत्रित करते
6841,710750,D1,Banking,13.0,तुझ्या बँकेच्या साईटवर लाॅगिन करुन थयना तु तुझे लाभार्थी बघु शकतस,तुमच्या बँकेच्या साईटवर लॉगिन करून तुम्हाला तुमचे लाभार्थी दिसत आहेत
6842,717169,D2,Agriculture,12.5,पी.एम किसान योजनेअंतर्गत शेतकऱ्यांना आतापर्यंत दहा हप्ते पाठवण्यात आले आहेत,पी.एम किसान योजनेअंतर्गत शेतकऱ्यांना आतापर्यंत दहा हप्ते पाठवण्यात आले आहेत
6843,719848,D4,Agriculture,12.5,संपूर्ण सूर्य प्रकाशामध्ये स्क्वॅश प्लांट चांगला विकसित होतो,संपूर्ण सूर्य प्रकाशात स्क्वॅश प्लांट चांगला विकसित होतो
6844,707481,D1,Banking,13.0,खाजगी फाउंडेशन व्यक्ती किंवा कुटुंबासोबत स्थापन होता,खाजगी फाउंडेशन व्यक्ती किंवा कुटुंबासोबत स्थापन झाले होते
6845,715268,D2,Banking,12.5,अमेरिका सारख्या देशाची अर्थव्यवस्था सेवा क्षेत्रावर टिकलेली आहे,अमेरिकेसारख्या देशाची अर्थव्यवस्था सेवा क्षेत्रावर टिकलेली आहे
6846,719623,D4,Banking,12.5,मूल्य म्हणजे वस्तू किंवा सेवांच्या बदल्यात पक्षाने दिलेली रक्कम,मूल्य म्हणजे वस्तू किंवा सेवांच्या बदल्यात पक्षाने दिलेली रक्कम
6847,707520,D1,Banking,13.0,जमा खात्याशी संबंधित सगळी माहिती रोहितान लक्ष देऊन ऐकुन घेतल्यान,जमा खात्याशी संबंधित सगळी माहिती रोहितान लक्ष देऊन ऐकून घेतली आहे.
6848,713729,D2,Agriculture,12.5,"समुद्रमझार बेटससारखा दमट हवामानमा लॉरेल झाडसनं पान , तमालपत्र सापडस",समुद्रमझार बेटासारखे दमट हवामान आहे जिथे लॉरेल झाडाचे पान आणि तमालपत्र सापडते.
6849,719234,D4,Agriculture,12.5,सबसॉयलर किंवा फ्लॅट लिफ्टर हे ट्रॅक्टर माउंट केलेले शेती उपकरण आहे,सबसॉयलर किंवा फ्लॅट लिफ्टर हे ट्रॅक्टरवर लावलेले शेतीचे उपकरण आहे
6850,706819,D1,Banking,13.0,"बहुतेक संशोधन निधी ह्या दोन प्रमुख स्त्रोतांकडसून येतत , कॉर्पोरेशन आणि सरकार","बहुतेक संशोधन निधी हे दोन प्रमुख स्त्रोतांकडून येतात, कॉर्पोरेशन आणि सरकार."
6851,715204,D2,Banking,12.5,श्रीमती निर्मला सीतारामन या भारताच्या सध्याच्या अर्थमंत्री आहेत,श्रीमती निर्मला सीतारामन या भारताच्या सध्याच्या अर्थमंत्री आहेत
6852,721625,D4,Agriculture,12.5,जमीन अवनतीची दोन कारणे म्हणजे जंगलतोड आणि रासायनिक खतांचा अतिवापर,जमिनीच्या अवनतीची दोन कारणे म्हणजे जंगलतोड आणि रासायनिक खतांचा अतिवापर
6853,708029,D1,Banking,13.0,व्यवसायाच्या बाबतीत नेट वर्थ म्हनज्ये तुमची निव्वळ संपत्ती आणि पैशाची रक्कम,व्यवसायाच्या बाबतीत नेट वर्थ म्हणजे तुमची निव्वळ संपत्ती आणि पैशाची रक्कम
6854,715513,D2,Banking,12.5,"गुप्ता जी च वय पंचवीस वर्ष आहे , त्यांनी कालच अटल पेन्शन योजनेसाठी अप्लाय केलं","गुप्ताजीचे वय पंचवीस वर्षे आहे, त्यांनी कालच अटल पेन्शन योजनेसाठी अर्ज केला."
6855,719413,D4,Banking,12.5,यावेळी दुकानातील सर्व कपडे दोनशे रुपयांनी अधिक विकून व्यवसाय वाढवला आहे,यावेळी दुकानातील सर्व कपडे दोनशे रुपयांनी अधिक विकून व्यवसाय वाढवला आहे
6856,710258,D1,Agriculture,13.0,डाळिंब ह्या पौष्टिकतेन समृध्द असलेला फळ असा जा जगातल्या उष्ण भागात उगवला जाता,डाळिंब हे पौष्टिकता समृद्ध असलेले फळ जगातील उष्ण भागात उगवले जाते
6857,716567,D2,Banking,12.5,"न्यूयॉर्कमध्ये , नियमांना विधानसभेच्या मंजुरीची आवश्यकता नाही",न्यूयॉर्कमध्ये नियमांना विधानसभेच्या मंजुरीची आवश्यकता नाही
6858,721836,D4,Agriculture,12.5,मी शाळेत भारतातील सर्व प्रकारच्या माशांचे वर्णन केले होते,मी शाळेत भारतातील सर्व प्रकारच्या माशांचे वर्णन केले होते
6859,708953,D1,Banking,13.0,वैयक्तिक कार्डार लावलेल्या व्याजाच्या तुलनेत कमी व्याजदर असतत,वैयक्तिक कार्डवर लावलेल्या व्याजाच्या तुलनेत कमी व्याजदर आहे.
6860,717533,D2,Agriculture,12.5,भुईमूगासाठी अल्कधर्मी किंवा आम्लधर्मी जमीन योग्य असते का ?,भुईमूगासाठी अल्कधर्मी किंवा आम्लधर्मी जमीन योग्य असते का?
6861,719901,D4,Banking,12.5,तुम्हाला माहित आहे का की यु.पी.आई आंतर बँक व्यवहार सुलभ करते ?,तुम्हाला माहित आहे का की यु.पी.आय आंतरबँक व्यवहार सुलभ करते?
6862,710335,D1,Agriculture,13.0,फॉस्फेट खता शेतीत सगळ्यात जास्तं वापरला जाणारा खत हा,फॉस्फेट खता शेतीत सर्वात जास्त वापरले जाणारे खत हे आहे
6863,715853,D2,Banking,12.5,बाजूच्या गावामध्ये एका परिवाराने कर्ज मुक्ती साठी आपली जमीन विकली,बाजूच्या गावामध्ये एका परिवाराने कर्जमुक्तीसाठी आपली जमीन विकली
6864,719458,D4,Agriculture,12.5,घरगुती मेंढ्या इतर सस्तन प्राण्यांप्रमाणे लैंगिक पुनरुत्पादन करतात,घरगुती मेंढ्या इतर सस्तन प्राण्यांप्रमाणे लैंगिक पुनरुत्पादन करतात
6865,709773,D1,Banking,13.0,इक्विटी क्राउड फंडिंग परंपरागत उद्योग भांडवल पर्याय स्वरूपात पुढे येता हा,इक्विटी क्राउड फंडिंग परंपरागत उद्योग भांडवल पर्याय स्वरूपात पुढे येतो
6866,714987,D2,Agriculture,12.5,दुग्धउद्योजकता विकास योजना पशुपालनाला प्रोत्साहन देते,दुग्धउद्योजकता विकास योजना पशुपालनाला प्रोत्साहन देते
6867,721897,D4,Banking,12.5,आर्थिक व्यवस्था सामाजिक व्यवस्थेचा भाग मानली जाते,आर्थिक व्यवस्था सामाजिक व्यवस्थेचा भाग मानली जाते
6868,709557,D1,Agriculture,13.0,भारतात आणि जगभरात व्यवसायासाकारता मोत्यांची लागवड करतत,भारतात आणि जगभरात व्यवसायासाकारता मोत्यांची लागवड केली जात आहे
6869,717200,D2,Banking,12.5,"वीज , पाणी गॅस डी.टी.एच आणि विमा भरण्यासाठी बिल पे वापरला जातो","वीज, पाणी, गॅस डी.टी.एच आणि विमा भरण्यासाठी बिल पे वापरला जातो."
6870,721026,D4,Agriculture,12.5,मका हे अन्नधान्य आहे जे स्वयंपाकात स्टार्चचा स्रोत म्हणून वापरले जाते,मका हे अन्नधान्य आहे जे स्वयंपाकात स्टार्चचा स्रोत म्हणून वापरले जाते
6871,706916,D1,Banking,13.0,परताव्याचा सुधारित अंतर्गत दर ह्या गुंतवणुकीच्यो आकर्षकतेचो आर्थिक उपाय असा,परताव्याचा सुधारित अंतर्गत दर ह्या गुंतवणुकीचे आकर्षकतेचा आर्थिक उपाय आहे.
6872,715782,D2,Banking,12.5,पोर्टफोलिओ मधील फरकाचा वापर जोखीमीच्या व्याख्या साठी पण केला जातो,पोर्टफोलिओमधील फरकाचा वापर जोखीमीच्या व्याख्येसाठी पण केला जातो
6873,720418,D4,Banking,12.5,त्याची किंमत बाजारातील व्याजदरातील बदलांसाठी अत्यंत संवेदनशील आहे,त्याची किंमत बाजारातील व्याजदरातील बदलांसाठी अत्यंत संवेदनशील आहे
6874,708077,D1,Banking,12.933,"संदीप सांगा होतो की , सुरक्षित कर्ज आणि असुरक्षित कर्ज अशे कर्जाचे दोन प्रकार आसत","संदीप सांगतो की, सुरक्षित कर्ज आणि असुरक्षित कर्ज अशा कर्जाचे दोन प्रकार आहेत."
6875,717538,D2,Agriculture,12.5,मातीच्या जमिनीवर भुईमूगाला किती पाणी द्यावे ?,मातीच्या जमिनीवर भुईमूगाला किती पाणी द्यावे?
6876,719761,D4,Agriculture,12.5,रबर प्रक्रिया तांत्रिकदृष्ट्या कापणीच्या टप्प्यावर सुरू होते,रबर प्रक्रिया तांत्रिकदृष्ट्या कापणीच्या टप्प्यावर सुरू होते
6877,706502,D1,Banking,12.933,मुदत कर्ज ह्या येक आर्थिक कर्ज असा जा ठराविक येळेत नियमित पेमेंट्स करान फेडली जातत,मुदत कर्ज हे एक आर्थिक कर्ज ठराविक काळात नियमित पेमेंट फेडली जात आहे
6878,717759,D2,Agriculture,12.5,ई कॉमर्सच्या माध्यमातून दिवस रात्र व्यवसाय करता येतो का ?,ई-कॉमर्सच्या माध्यमातून दिवस रात्र व्यवसाय करता येतो का?
6879,724273,D4,Agriculture,12.5,पावसाळ्याच्या सुरुवातीले एप्रिल अन मे मंधी खरीप पिकाची पेरनी करते,पावसाळ्याच्या सुरुवातीला एप्रिल आणि मे महिन्यात खरीप पिकांची पेरणी केली जाते.
6880,707416,D1,Banking,12.933,"कर्जदारानं तारण म्हणून खरेदी केलेला वाहन , घर गहाण ठेवल्यावर ता कर्ज सुरक्षित कर्ज होईत","कर्जदारासाठी तारण म्हणून खरेदी केलेले वाहन, घर गहाण ठेवल्यावर ते कर्ज सुरक्षित होते."
6881,717837,D2,Agriculture,12.5,माझा तयार माल मी शहरात जाऊन विकू शकतो का ?,माझा तयार माल मी शहरात जाऊन विकू शकतो का?
6882,724330,D4,Banking,12.5,मुलींले फायदा होईन अशा काही सामाजिक योजना हाय का ?,मुलींना फायदा होण्यासाठी अशा काही सामाजिक योजना आहेत का?
6883,708073,D1,Banking,12.933,सगळ्यात आधी मी ऍप डाउनलोड करतय मगे माझे क्रेडेन्शियल्स एंटर करतय आणि कर्ज सूचना निवडतय,"सर्वात आधी मी ॲप डाउनलोड करत आहे, नंतर माझे क्रेडेन्शियल्स एंटर करत आहे आणि कर्ज सूचना निवडत आहे."
6884,718413,D2,Banking,12.5,तीन महिन्यासाठी सोने तारण ठेवले तर किती टक्के व्याजदर राहिल ?,तीन महिन्यांसाठी सोने तारण ठेवले तर किती टक्के व्याजदर राहील?
6885,721500,D4,Banking,12.5,खाजगी गुंतवणूकदार म्हणून कंपनी तुम्हाला किती पैसे देते ?,खाजगी गुंतवणूकदार म्हणून कंपनी तुम्हाला किती पैसे देते?
6886,709762,D1,Banking,12.929,फोन पे ह्या भारतातला येक नंबरचा अँप आसा जा भारतीय हा आणि भारतीयांसाठी आसा,"फोन पे या भारतातील एका नंबरचा अँप आहे, भारतीय हा आणि भारतीयांसाठी आहे."
6887,718523,D2,Banking,12.5,नुकसान भरपाई विम्याची माहिती कोणत्या वेबसाईटवर बघता येईल ?,नुकसान भरपाई विम्याची माहिती कोणत्या वेबसाईटवर बघता येईल?
6888,722081,D4,Agriculture,12.5,कीड लागू नये म्हणून राजूने इतर झाडे शेतापासून दूर लावली आहेत,कीड लागू नये म्हणून राजूने इतर झाडे शेतापासून दूर लावली आहेत
6889,709845,D1,Agriculture,12.923,"किसान मंडी शेतकरी , दुकानदार , समुदाय यांच्यातील परस्पर फायद्याचे बंधन सुलभ करते","किसान, मंडी, शेतकरी, दुकानदार आणि समुदाय यांच्यातील परस्पर फायद्याचे बंधन सुलभ करते."
6890,717721,D2,Agriculture,12.5,"ठिबक , स्प्रिंकल सिंचन पद्धतीचा वापर केल्याने उत्पादन चांगले निघते का ?",ठिबक आणि स्प्रिंकल सिंचन पद्धतीचा वापर केल्याने उत्पादन चांगले होते का?
6891,722872,D4,Agriculture,12.5,उसाच्या प्रक्रियेत आवश्यकतेनुसार रोटाव्हेटर व पाटा चालवून शेत तयार करावे,उसाच्या प्रक्रियेत आवश्यकतेनुसार रोटाव्हेटर व पाटा चालवून शेत तयार करावे
6892,710434,D1,Agriculture,12.923,वनीकरण एक अशी प्रक्रिया असा जी पूर्वी झाडा नसलेल्या ठिकाणी झाडा लावली जातत,वनीकरण एक अशी प्रक्रिया आहे जी पूर्वी झाडा नसलेल्या ठिकाणी झाडे लावली जातात
6893,717609,D2,Agriculture,12.5,गव्हासाठी हवामान कसे पाहिजे ?,गव्हासाठी हवामान कसे पाहिजे?
6894,722124,D4,Agriculture,12.5,"कृषी माती विज्ञान , अन्न आणि फायबरच्या उत्पादनाशी संबंधित आहेत",कृषी माती विज्ञान अन्न आणि फायबरच्या उत्पादनाशी संबंधित आहेत
6895,712063,D1,Banking,12.923,मिया घेतलेले कर्ज मला परत फेडूचा असा त्यासाठी काय काय करून होया ?,"मी घेतलेले कर्ज मला परत फेडायचे आहे, त्यासाठी काय काय करावे?"
6896,717871,D2,Agriculture,12.5,द्राक्षाचे मणी पोसण्यासाठी कोणत्या खताचा वापर करावा ?,द्राक्षाचे मणी पोसण्यासाठी कोणत्या खताचा वापर करावा?
6897,722670,D4,Banking,12.5,ॲक्सिस बँकेत मुलांसाठी पिगी बँक बचत ठेव खात्याची योजना सुरू केली,ॲक्सिस बँकेने मुलांसाठी पिगी बँक बचत ठेव खात्याची योजना सुरू केली
6898,711234,D1,Agriculture,12.923,मिरचांका पाणी दिवचा आसा माका तर मी पाणी बायचा दिव काय तळ्याचा ?,मिर्चाचे पाणी दिव्याचा असा तर मी पाणी बायचा दिव काय तळ्याचा
6899,718071,D2,Banking,12.5,दवाखान्याचे बिल भरण्यासाठी मला अल्पमुदतीचे कर्ज मिळेल का ?,दवाखान्याचे बिल भरण्यासाठी मला अल्पमुदतीचे कर्ज मिळेल का?
6900,719366,D4,Banking,12.5,एच.डी.एफ.सी बँक भारतात सर्वांत उत्तम आणि लवकर काम करणारी मानली जाते,एच.डी.एफ.सी बँक भारतात सर्वात उत्तम आणि लवकर काम करणारी मानली जाते
6901,707219,D1,Banking,12.923,तुम्ही तुमची सर्व बिला सेकंदात भरू शकता आणि उशीरा पेमेंट शुल्क टाळू शकता,तुम्ही तुमची सर्व बिले सेकंदात भरू शकता आणि उशिरा पेमेंट शुल्क टाळू शकता
6902,717988,D2,Banking,12.5,विम्याच्या माध्यमातून आपल्याला लाभ कसा मिळू शकेल ?,विम्याच्या माध्यमातून आपल्याला लाभ कसा मिळू शकेल?
6903,720508,D4,Banking,12.5,लक्ष्य बाजार आपल्या ग्राहकांना चांगली सेवा आणि उत्पादने प्रदान करते,लक्ष्य बाजार आपल्या ग्राहकांना चांगली सेवा आणि उत्पादने प्रदान करते
6904,706768,D1,Banking,12.923,"आर्थिक जगात , जोखीम व्यवस्थापन ह्या ओळख , विश्लेषण आणि स्वीकृतीच्या प्रक्रिया आसत","आर्थिक जगात जोखीम व्यवस्थापन ही ओळख, विश्लेषण आणि स्वीकृतीच्या प्रक्रिया आहेत."
6905,718519,D2,Banking,12.5,भारतीय जीवन विमा योजनेचा लाभ घेण्यासाठी मी पात्र आहे का ?,भारतीय जीवन विमा योजनेचा लाभ घेण्यासाठी मी पात्र आहे का?
6906,722798,D4,Agriculture,12.5,"टरबूज हे उन्हाळी हंगामातील फळ आहे , त्यात शेकडो बिया असतात","टरबूज हे उन्हाळी हंगामातील फळ आहे, त्यात शेकडो बिया असतात."
6907,710783,D1,Banking,12.917,नेट बँकिंग साठी लोगिन आय.डी आणि पासवर्ड घेवा आणि त्यांका सुरक्षित ठेवा,नेट बँकिंगसाठी लॉगिन आय.डी आणि पासवर्ड घ्या आणि त्यांना सुरक्षित ठेवा
6908,718549,D2,Banking,12.5,माझ्या झिरो बॅलन्स खात्याचा क्रमांक कळू शकेल का ?,माझ्या झिरो बॅलन्स खात्याचा क्रमांक कळू शकेल का?
6909,719244,D4,Agriculture,12.5,अफूच्या लागवडीसाठी कृषी परवाना आवश्यक असल्याचे मोहन यांनी सांगितले,अफूच्या लागवडीसाठी कृषी परवाना आवश्यक असल्याचे मोहन यांनी सांगितले
6910,707126,D1,Banking,12.917,"आर्थिक प्रणाली म्हणजे उत्पादन , संसाधनांचो वाटप आणि वस्तू आणि सेवांचो वितरण","आर्थिक प्रणाली म्हणजे उत्पादन, संसाधनांचे वाटप आणि वस्तू व सेवांचे वितरण"
6911,712770,D2,Agriculture,12.5,ग्राउंड मशीनना वापर करी शेतसमा किटकनाशके नी फवारणी करता येस,ग्राउंड मशीनने वापरून शेतावर कीटकनाशके फवारता येते.
6912,719694,D4,Banking,12.5,तसेच भारतातील काही म्युच्युअल सेव्हिंग बँकांची नावे सांगा,तसेच भारतातील काही म्युच्युअल सेव्हिंग बँकांची नावे सांगा
6913,710237,D1,Banking,12.917,चेक स्टॉप पेमेंट लेटर ह्या चेक जारी केलेल्या व्यक्तिन लिहलेला पत्र हा,हा चेक स्टॉप पेमेंट लेटर हा चेक जारी केलेल्या व्यक्तीने लिहिलेला पत्र आहे.
6914,715144,D2,Banking,12.5,मुलांना लहानपणापासून पिगी बँक मध्ये पैसे साठवायची सवय असते,मुलांना लहानपणापासून पिगी बँकेत पैसे साठवण्याची सवय असते.
6915,722667,D4,Banking,12.5,"इतकेच काय , सर जी भारताच्या पहिल्या महिला अर्थमंत्री निर्मला सीतारामन आहेत",इतकेच काय सर जी भारताच्या पहिल्या महिला अर्थमंत्री निर्मला सीतारामन आहेत
6916,710142,D1,Banking,12.909,आंतराष्ट्रीय कर आकारणी बाह्य उत्पन्नाशी संबंधित कर आकारणीसाठी ऑफसेट प्रदान करता,आंतरराष्ट्रीय कर आकारणी बाह्य उत्पन्नाशी संबंधित कर आकारणीसाठी ऑफसेट प्रदान करते
6917,713074,D2,Banking,12.5,प्रातिनिधिक धनले मौल्यवान धातूसना मायक भौतिक आधार शे,प्रतिनिधीक धनले मौल्यवान धातूसना भौतिक आधार शे
6918,721110,D4,Banking,12.5,पावती चलन विशिष्ट विनंतीनुसार आणि निश्चित रक्कम कर भरल्यावर जारी केले जाते,पावती चलन विशिष्ट विनंतीनुसार आणि निश्चित रक्कम कर भरल्यावर जारी केले जाते
6919,707677,D1,Agriculture,12.909,दोनशे साठ दशलक्ष थरांपासून सुमारे तीन दशलक्ष टन अंडी तयार होतत,दोनशे साठ दशलक्ष थरांपासून सुमारे तीन दशलक्ष टन अंडी तयार होत आहेत
6920,714042,D2,Banking,12.5,एस.बी.आय ब्यांककडथून दुसरा ब्यांकले पैसा देयेलवर त्याले इंटर बँकिंग म्हणतस,"एस.बी.आय बँकेकडून दुसरा बँक पैसे देईल, त्याले इंटर बँकिंग म्हणतात."
6921,720599,D4,Agriculture,12.5,शेतकरी रामूने आपल्या मुलाला सर्व शेतकऱ्यांच्या सणाबद्दल सांगितले,शेतकरी रामूने आपल्या मुलाला सर्व शेतकऱ्यांच्या सणांबद्दल सांगितले
6922,706450,D1,Banking,12.909,"डेब्ट सिक्युरिटीजका डिबेंचर्स , बॉण्ड्स , डिपॉझिट्स असा म्हटला जाऊ शकता","डेब्ट सिक्युरिटीजचे डिबेंचर्स, बॉण्ड्स, डिपॉझिट्स असे म्हटले जाऊ शकते"
6923,714456,D2,Banking,12.5,रीटर्नना फॉर्म आपण सोताबी भरु शकतस पण नियम बदलत रहातस तधय सी.ए कडथून भरेल चांगलं,"आपण फॉर्म भरू शकता पण नियम बदलत आहेत, तधल्याने सी.ए. कडून भरेल चांगले."
6924,721772,D4,Agriculture,12.5,पाण्याच्या अतिशोषणामुळे आपल्या जमिनीची पाणीपातळी खालावली आहे,पाण्याच्या अतिशोषणामुळे आपल्या जमिनीची पाणीपातळी खालावली आहे
6925,709041,D1,Banking,12.909,बचत बॅकेत पैशे जमा करणार्यांका जमा पैशांवर एक निश्चित व्याज मिळता,बचत बँकेत पैसे जमा करणाऱ्यांना जमा पैशांवर एक निश्चित व्याज मिळते.
6926,715554,D2,Banking,12.5,"चेक क्लिअरिंग ची स्थिती बघण्यासाठी , आपलं पासबुक पण अपडेट करू शकतो",चेक क्लिअरिंगची स्थिती बघण्यासाठी आपले पासबुक पण अपडेट करू शकतो
6927,720515,D4,Agriculture,12.5,प्रधानमंत्री किसान सन्मान निधी ही केंद्र सरकारची योजना आहे,प्रधानमंत्री किसान सन्मान निधी ही केंद्र सरकारची योजना आहे
6928,710155,D1,Banking,12.909,आर्थिक इंजिनीयरिंगना दोन हजार आठच्या आर्थिक संकटात आपली भूमिका पार पाडल्यान,आर्थिक इंजिनीयरिंगने दोन हजार आठच्या आर्थिक संकटात आपली भूमिका पार पाडली.
6929,713348,D2,Agriculture,12.5,झाडेस्नी शेती करानं केंद्र सरकारना धोरनमा संपत्तीनं मोठं पाऊल शे,झाडे आणि शेती करण्याबाबत केंद्र सरकारच्या धोरणांमध्ये संपत्तीबाबत मोठे पाऊल उचलले आहे.
6930,723241,D4,Agriculture,12.5,रब्बी हंगामामंदी मका पिकाची वाढ चांगल्या परकारे होईन का ?,रब्बी हंगामामंदीमुळे पिकाची वाढ चांगल्या परिस्थितीत होईल का?
6931,710197,D1,Agriculture,12.909,कागद आणि लगदो उद्योग पर्यावरणावर परिणाम करतत आणि जंगलतोडीचा कारण बनतत,कागद आणि लगदो उद्योग पर्यावरणावर परिणाम करत आहेत आणि जंगलतोडीचे कारण बनत आहेत
6932,717576,D2,Agriculture,12.5,गव्हाची काढणी केल्यानंतर त्याची सुरक्षित साठवणूक कशी करावी ?,गव्हाची काढणी केल्यानंतर त्याची सुरक्षित साठवणूक कशी करावी?
6933,722840,D4,Agriculture,12.5,चेस्टनटचे उत्पादन थंड हवामानात जास्त होते,चेस्टनटचे उत्पादन थंड हवामानात जास्त होते
6934,707055,D1,Banking,12.909,डिपॉझिट खाता ज्यात ग्राहक पैसो जमा करू शकतत आणि काढू शकतत,डिपॉझिट खात्यात ज्यात ग्राहक पैसे जमा करू शकतात आणि काढू शकतात
6935,717608,D2,Agriculture,12.5,खरीप हंगामामध्ये कोणत्या प्रकारचे पीक घेतले जाते ?,खरीप हंगामामध्ये कोणत्या प्रकारचे पीक घेतले जाते?
6936,720181,D4,Agriculture,12.5,शेळी हे प्रामुख्याने दूध उत्पादनासाठी पाळले जाते,शेळी हे प्रामुख्याने दूध उत्पादनासाठी पाळले जाते
6937,709503,D1,Agriculture,12.9,पी.एम किसान योजना ही केंद्र सरकाराची शेतकऱ्यांच्या हिताची योजना असा,पी.एम किसान योजना ही केंद्र सरकाराची शेतकऱ्यांच्या हिताची योजना आहे.
6938,714709,D2,Banking,12.5,जुना कायमा सोना चांदीचा शिक्का पैसास्नं काम करेत,जुना सोने चांदीचा शिक्का पैसा काम करत
6939,722239,D4,Agriculture,12.5,महत्त्वाचे जिवाणू रोग जे झुनोटिक आणि आर्थिक दृष्ट्या महत्वाचे आहेत,महत्त्वाचे जिवाणू रोग जे झुनोटिक आणि आर्थिक दृष्ट्या महत्त्वाचे आहेत
6940,707148,D1,Banking,12.9,चौकशी विभागातलो लाभार्थी पहा या पर्यायात लाभार्थी पाहिलो जाऊ शकता,चौकशी विभागातले लाभार्थी या पर्यायात लाभार्थी पाहता येऊ शकतात.
6941,714146,D2,Agriculture,12.5,सागनं लाकूड भलत महाग जास ते फकस्त फर्निचरना करता वापरतस,"सांगित लाकूड खूप महाग आहे, ते फक्त फर्निचर बनवण्यासाठी वापरत आहे."
6942,724309,D4,Banking,12.5,माया चालू खात्यात किती पैसे हाय ते मले सांगा,माया चालू खात्यात किती पैसे आहेत ते मला सांगा
6943,710983,D1,Banking,12.9,रीसेट त्वरीत होता आणि रीसेट झाल्यावर तुम्ही पैशे काढु शकतास,रीसेट त्वरीत झाला आणि रीसेट झाल्यावर तुम्ही पैसे काढू शकता
6944,715373,D2,Banking,12.5,"एन.जी.ओ खूप चांगले काम करतात , आपण सगळ्यांनी त्यांना पाठिंबा द्यायला हवा","एन.जी.ओ खूप चांगले काम करतात, आपण सर्वांनी त्यांना पाठिंबा द्यायला हवा."
6945,720256,D4,Banking,12.5,आपण येथे क्लिक करून आपल्या खात्याची दररोज देय मर्यादा तपासू शकता,आपण येथे क्लिक करून आपल्या खात्याची दररोज देय मर्यादा तपासू शकता
6946,708372,D1,Banking,12.9,पिगी बँकेत जी बचत केली जाता तेका बचत खाता म्हणतत,बँकेत जी बचत केली जाते ते बचत खाते म्हणते
6947,714174,D2,Agriculture,12.5,"रेशीम उद्योगमा रेसिपी क्रिकेटस मधमाशा , बुलडॉग मुंग्यासना समावेश व्हस","रेशीम उद्योगात रेसिपी, मधमाशा आणि बुलडॉग मुंग्यांमध्ये समावेश आहे"
6948,720855,D4,Agriculture,12.5,भारताने स्वातंत्र्यानंतर कृषी क्षेत्रात मोठी प्रगती केली आहे,भारताने स्वातंत्र्यानंतर कृषी क्षेत्रात मोठी प्रगती केली आहे
6949,712286,D1,Banking,12.9,आपल्या कर्ज पात्रतेत सुधारणा करुच्यासाठी काय काय करूचा लागता ?,आपल्या कर्ज पात्रतेत सुधारणा करण्यासाठी काय काय करावे लागते?
6950,716330,D2,Banking,12.5,डेबिट कार्ड ब्लॉक झाल्यावर तुम्ही नेट बँकिंगद्वारे वेवहार करू शकता,डेबिट कार्ड ब्लॉक झाल्यावर तुम्ही नेट बँकिंगद्वारे व्यवहार करू शकता
6951,721090,D4,Banking,12.5,नूतनीकरणाचा वापर हा गृहकर्ज आणि तारणासाठी सर्वोत्तम व्याज दर आहे,नूतनीकरणाचा वापर हा गृहकर्ज आणि तारणासाठी सर्वोत्तम व्याज दर आहे
6952,708060,D1,Agriculture,12.9,"शेतात रोटाव्हेटर , कल्टिव्हेटर , प्लांटर अशी उपकरणा शेतीसाठी लागतत","शेतात रोटाव्हेटर, कल्टिव्हेटर, प्लांटर अशी उपकरणे शेतीसाठी लागतात."
6953,714775,D2,Banking,12.5,फिराले जावाना पयले वीमा काढाले सांगतस ते आपला फायदानं का तोटानं,"फिराले जवानांनी पयले विमा काढले, सांगत आहे ते आपल्या फायदानं का तोटानं."
6954,720762,D4,Agriculture,12.5,बांबूची झपाट्याने वाढ होत असल्यामुळे वर्षभरात तीस टन उत्पादन घेता येते,बांबूची झपाट्याने वाढ होत असल्यामुळे वर्षभरात तीस टन उत्पादन घेता येते
6955,708173,D1,Banking,12.9,आपणाक आपल्या शेअरची सद्याची किंमत वायच वायच दिसांनी तपासुची आसता,आपणाक आपल्या शेअरची सद्यस्थितीची किंमत सतत नजरेने तपासत आहे.
6956,712808,D2,Banking,12.5,रेफरल रेटना बारामा माहिती कराना करता इंटरनेटनी मदत लीधी,रेफरल रेट आणि माहिती इंटरनेटने मदत हवी आहे
6957,722243,D4,Agriculture,12.5,इंडियन डेअरी मार्केट ही सर्वात वेगाने वाढणारी बाजारपेठ आहे,इंडियन डेअरी मार्केट ही सर्वात वेगाने वाढणारी बाजारपेठ आहे
6958,710080,D1,Banking,12.9,व्यवसायिक कर्ज ह्या मुख्य करून मोठ्या मोठ्या कंपन्यांका दिला जाता,व्यवसायिक कर्ज मुख्यत्वे मोठ्या कंपन्यांना दिले जाते
6959,715699,D2,Banking,12.5,दोन्ही इतर कॉफी सोबत फेअर ट्रेड बीन्स चे सुरुवातीचे विक्रेते होते,दोन्ही इतर कॉफी सोबत फेअर ट्रेड बीन्सचे सुरुवातीचे विक्रेते होते
6960,721416,D4,Banking,12.5,या वर्षी मला माझ्या व्यवसायात दोन लाख रुपयांचा नफा झाला आहे,या वर्षी मला माझ्या व्यवसायात दोन लाख रुपयांचा नफा झाला आहे
6961,709173,D1,Agriculture,12.9,भारतात वेगवेगळ्या प्रकारचे हवमान असल्या कारणान वेगवेगळ्या प्रकारची पिका होतत,भारतात वेगवेगळ्या प्रकारचे हवामान असल्या कारण वेगवेगळ्या प्रकारची पिके होत आहेत
6962,717863,D2,Agriculture,12.5,"पोयटा मातीत कोणती पिके घेतली जातात , किंवा घेऊ शकतो ?",पोयले मातीत कोणती पिके घेतली जातात किंवा घेऊ शकतो?
6963,720526,D4,Agriculture,12.5,"वाढती लोकसंख्या , जमिनीची मागणी हे देखील जंगलतोडीचे कारण आहे","वाढती लोकसंख्या, जमिनीची मागणी हे देखील जंगलतोडीचे कारण आहे"
6964,706689,D1,Banking,12.889,"गृह विमो , ज्याका सर्वोसाधारणपणे घरमालकाचा विमो सुद्धा म्हणतत","घराचा विमो, ज्याचा सर्वसाधारणपणे घरमालकाचा विमो सुद्धा होतो."
6965,716868,D2,Agriculture,12.5,"तांदळाचे तेल स्वयंपाक , सौंदर्य उत्पादने आणि औषधांमध्ये वापरले जाते","तांदळाचे तेल स्वयंपाकामध्ये, सौंदर्य उत्पादने आणि औषधांमध्ये वापरले जाते."
6966,718730,D4,Banking,12.5,डब्ल्यू.टी.ओ व्यापार संबंधित मुद्द्यांवर चर्चेसाठी मंच प्रदान करते,डब्ल्यू.टी.ओ व्यापार संबंधित मुद्द्यांवर चर्चेसाठी मंच प्रदान करते
6967,711071,D1,Banking,12.889,सर्वात सामान्य कर्ज पेमेंट प्रकार पूर्णपणे परिशोधित पेमेंट असा,सर्वात सामान्य कर्ज पेमेंट प्रकार पूर्णपणे परिशोधित पेमेंट आहे
6968,715146,D2,Agriculture,12.5,"मेकॅनिकल , सिव्हिल आणि इलेक्ट्रिकल इत्यादींचा शेतीमध्ये वापर होत आहे","मेकॅनिकल, सिव्हिल आणि इलेक्ट्रिकल इत्यादींचा शेतीमध्ये वापर होत आहे."
6969,719071,D4,Agriculture,12.5,प्राचीन काळी शेतकरी दगडाच्या साहाय्याने वजन व माप करीत असत,प्राचीन काळी शेतकरी दगडाच्या साहाय्याने वजन व माप करीत असत
6970,711043,D1,Banking,12.889,"शेयर बाजाराची माहिती वर्तमानपत्र , टी.वी , इंटरनेटमधना मिळवतत","शेयर बाजाराची माहिती वर्तमानपत्र, टीव्ही आणि इंटरनेटमधून मिळवत आहे"
6971,712756,D2,Banking,12.5,नाबार्ड ब्यांककडथून एन.जी.ओ आनी सामाजिक एजन्सीसले कर्ज भेटस,नाबार्ड बँकेकडून एन.जी.ओ आणि सामाजिक एजन्सीज कर्ज मिळवतात
6972,721079,D4,Banking,12.5,जागतिक बँकेद्वारे गुंतवणूकीद्वारे अंशतः मदत प्राप्त केली जाते,जागतिक बँकेद्वारे गुंतवणूकीद्वारे अंशतः मदत प्राप्त केली जाते
6973,706886,D1,Banking,12.889,डिमांड डिपॉझिट म्हणजे कमर्शियल बँकांमधलो डिमांड खात्यात ठेवलेलो फंड,डिमांड डिपॉझिट म्हणजे कमर्शियल बँकांमध्ये डिमांड खात्यात ठेवलेले फंड
6974,717039,D2,Banking,12.5,संयुक्त खाती सामान्य खात्यांप्रमाणेच काम करतात,संयुक्त खाती सामान्य खात्यांप्रमाणेच काम करतात
6975,719570,D4,Banking,12.5,दोन हजार पंधरा पर्यंत जगभरात सुमारे पस्तीस कोटी ए.टी.एम स्थापित होते,दोन हजार पंधरा पर्यंत जगभरात सुमारे पस्तीस कोटी एटीएम स्थापित झाले होते
6976,706445,D1,Banking,12.889,डिजिटल वित्तीय सेवात वित्तीय सेवांची विस्तृत श्रेणी समाविष्ट असा,डिजिटल वित्तीय सेवांमध्ये वित्तीय सेवांची विस्तृत श्रेणी समाविष्ट आहे
6977,716035,D2,Banking,12.5,"मोबाईल वर ॲप ऑनलाइन , वैयक्तिक रूपाने संपर्क रहित खरेदीकरिता विकसित केला गेला आहे",मोबाईलवर ॲप ऑनलाइन वैयक्तिक स्वरूपात संपर्क रहित खरेदीकरिता विकसित केला गेला आहे
6978,720645,D4,Agriculture,12.5,ब्रोकोलीचे वैज्ञानिक नाव देखील ब्रासिका ओलेरा आहे,ब्रोकोलीचे वैज्ञानिक नाव देखील ब्रासिका ओलेरा आहे
6979,706955,D1,Banking,12.889,भारत सरकारच्यो सामाजिक कल्याण आणि सामाजिक सुरक्षा योजना आसत,भारत सरकारची सामाजिक कल्याण आणि सामाजिक सुरक्षा योजना आहे
6980,715791,D2,Agriculture,12.5,प्रतीकात्मक पर्यावरणीय परिस्थिती चा परिणाम म्हणून सहसा असंसर्गजन्य रोग होतात,प्रतीकात्मक पर्यावरणीय परिस्थितीचा परिणाम म्हणून सहसा संसर्गजन्य रोग होतात
6981,719634,D4,Banking,12.5,जॉन मथाई यांनी स्वातंत्र्यानंतर पहिला रेल्वे अर्थसंकल्प सादर केला,जॉन मथाई यांनी स्वातंत्र्यानंतर पहिला रेल्वे अर्थसंकल्प सादर केला
6982,707059,D1,Banking,12.889,चेकिंग अकाउंट याका डिमांड डिपॉझिट अकाउंट असा सुद्धा म्हणतत,चेकिंग अकाउंट डिमांड डिपॉझिट अकाउंट असे सुद्धा म्हणते
6983,718501,D2,Banking,12.5,ऑनलाईन प्रक्रियेद्वारे बँक खात्यास आधार कार्ड जोडता येईल का ?,ऑनलाईन प्रक्रियेद्वारे बँक खात्यास आधार कार्ड जोडता येईल का?
6984,720582,D4,Agriculture,12.5,अन्न शिंपडण्याचे उपकरण ट्रॅक्टर च्या साहाय्याने चालवले जाते,अन्न शिंपडण्याचे उपकरण ट्रॅक्टरच्या साहाय्याने चालवले जाते
6985,706506,D1,Banking,12.889,म्युच्युअल फंड ह्यो व्यावसायाकरता व्यवस्थापित केलेलो गुंतवणूक फंड असा,म्युच्युअल फंड हा व्यावसायिकांसाठी व्यवस्थापित केलेला गुंतवणूक फंड आहे
6986,715633,D2,Agriculture,12.5,तणनाशकाचा वापर घातक तणांना काढून टाकण्यासाठी केला जातो,तणनाशकाचा वापर घातक तणांना काढून टाकण्यासाठी केला जातो
6987,720034,D4,Agriculture,12.5,दक्षिण भारतात भारतीय सलमान फिश मोठ्या उत्साहाने खाल्ले जाते,दक्षिण भारतात भारतीय सॅल्मन मासे मोठ्या उत्साहाने खाल्ले जातात.
6988,712076,D1,Banking,12.875,ऑनलाइन नाय तर ऍपचो वापर करून आम्ही क्रेडिट नाय तर डेबिट कार्ड घेऊ शकतो का ?,ऑनलाइन ऍप वापरून आम्ही क्रेडिट किंवा डेबिट कार्ड घेऊ शकतो का?
6989,718079,D2,Banking,12.5,मी भरत असलेल्या कर्जाची तपशीलवार माहिती ऑनलाइन पाठवता येईल का ?,मी भरत असलेल्या कर्जाची तपशीलवार माहिती ऑनलाइन पाठवता येईल का?
6990,718845,D4,Agriculture,12.5,अन्नासाठी पाळलेल्या मेंढ्यांची कतरणी केली जाते,अन्नासाठी पाळलेल्या मेंढ्यांची कतरणी केली जाते
6991,708128,D1,Agriculture,12.875,सेंद्रिय शेती ही अर्थशास्त्रातली सगळ्यात महागडी शेती आसा,सेंद्रिय शेती ही अर्थशास्त्रातील सर्वात महागडी शेती आहे
6992,715392,D2,Agriculture,12.5,कच्च्या फणसाचा उपयोग भाजी बनवण्यासाठी सुद्धा केला जातो,कच्च्या फणसाचा उपयोग भाजी बनवण्यासाठी सुद्धा केला जातो
6993,721282,D4,Banking,12.5,"निधीचे मुख्य स्त्रोत म्हणजे राखून ठेवलेली कमाई , कर्ज भांडवल आणि भागभांडवल","निधीचे मुख्य स्त्रोत म्हणजे राखून ठेवलेली कमाई, कर्ज भांडवल आणि भागभांडवल"
6994,707435,D1,Agriculture,12.875,काश्मीर मध्ये आढळणाऱ्या अंगोरा सशापासून अंगोरा लोकर मिळते,काश्मीरमध्ये आढळणाऱ्या अंगोरा शशापासून अंगोरा लोकर मिळते
6995,717018,D2,Banking,12.5,भारतीय कर कायदे व नियमावली सरकारी अधिकाऱ्यांच्या सल्ल्याने ठरवली जातात,भारतीय कर कायदे व नियमावली सरकारी अधिकाऱ्यांच्या सल्ल्याने ठरवली जातात
6996,719375,D4,Banking,12.5,सुधारित अंतर्गत परताव्याचा दर बदलला आहे हे अजूनही रामला माहीत नाही,सुधारित अंतर्गत परताव्याचा दर बदलला आहे हे अजूनही रामला माहीत नाही
6997,709375,D1,Banking,12.875,कठीण ते कठीण कार्यवाही नियमनाच्या माध्यमातना करू शकतास,कठीण ते कठीण कार्यवाही नियमांच्या माध्यमातून करू शकता.
6998,717188,D2,Agriculture,12.5,मिरची हे मसालेदार फळ असून उष्ण दमट हवामानात वाढते,मिरची हे मसालेदार फळ असून उष्ण दमट हवामानात वाढते
6999,718777,D4,Agriculture,12.5,"रोटेशनल ग्राझिंगमध्ये , जनावरांना कुरणाच्या काही भागात हलवले जाते",रोटेशनल ग्राझिंगमध्ये जनावरांना कुरणाच्या काही भागात हलवले जाते
7000,706668,D1,Banking,12.875,केंद्रीय अर्थसंकल्प ह्या भारतीय प्रजासत्ताकाचो वार्षिक अर्थसंकल्प असा,केंद्रीय अर्थसंकल्प ही भारतीय प्रजासत्ताकाची वार्षिक अर्थसंकल्प आहे.
