id,text_id,dialect,domain,distortion_score,dialect_text,standard_text
1001,715618,D2,Banking,19.5,"ट्रांजेक्शन ची लिमिट सेट केल्याने , जास्त पैशांचा वापर करण्यामध्ये अडथळा येतो",ट्रान्झॅक्शनची मर्यादा सेट केल्यामुळे जास्त पैशांचा वापर करण्यामध्ये अडथळा येतो.
1002,724389,D4,Banking,19.0,भविष्य निर्वाह निधीचा उद्देश कर्मचाऱ्यांना नोकरीच्या ठिकाणाहून बाहेर पडताना एकरकमी पेमेंट प्रदान करणे आहे,भविष्य निर्वाह निधीचा उद्देश कर्मचाऱ्यांना नोकरीच्या ठिकाणाहून बाहेर पडताना एकरकमी पेमेंट प्रदान करणे आहे
1003,712075,D1,Banking,19.429,माका तुमच्या बँकेचा क्रेडिट कार्ड किंवा डेबिट कार्ड घेऊचा असल्यास काय करूचा लागताला ?,मला तुमच्या बँकेचा क्रेडिट कार्ड किंवा डेबिट कार्ड घ्यायचे असल्यास काय करावे लागेल?
1004,718603,D2,Banking,19.5,यू.पी.आय द्वारे व्यक्ती किंवा संस्थेला पैसे देण्याच्या पद्धतींबाबत माहिती हवी आहे,यू.पी.आय द्वारे व्यक्ती किंवा संस्थेला पैसे देण्याच्या पद्धतींबाबत माहिती हवी आहे
1005,724409,D4,Agriculture,19.0,"लहान डेअरी फार्ममध्ये ज्यामध्ये दुधाळ प्राण्यांची संख्या शंभरपेक्षा कमी असते , तेथे पाईपलाईन्स उभ्या करतात","लहान डेअरी फार्ममध्ये जिथे दुधाळ प्राण्यांची संख्या शंभरपेक्षा कमी असते, तिथे पाईपलाईन्स उभ्या करतात."
1006,706626,D1,Banking,19.429,कर आकारणीचो दुष्परिणाम आणि कर कसा सर्वोत्तम करायचा याविषयीचो सिद्धांत ह्या सूक्ष्म अर्थशास्त्रात असा,कर आकारणीचे दुष्परिणाम आणि कर कसा सर्वोत्तम करायचा याविषयीचे सिद्धांत ह्या सूक्ष्म अर्थशास्त्रात आहेत.
1007,717905,D2,Agriculture,19.5,शासनाच्या योजनेचा फायदा घेण्यासाठी माझ्याकडे साधारण किती एकर जमीन असणे गरजेचे आहे ?,शासनाच्या योजनेचा फायदा घेण्यासाठी माझ्याकडे साधारण किती एकर जमीन असणे गरजेचे आहे?
1008,724417,D4,Banking,19.0,"बँक व्यवस्था सांगितले की , पंतप्रधान जीवन ज्योती बिमा योजना नेतृत्वात विमा व्यक्ती मृत्यूवर दोन लाख मीडते","बँक व्यवस्था म्हणाले की, पंतप्रधान जीवन ज्योती विमा योजनेअंतर्गत व्यक्तीच्या मृत्यूवर दोन लाख मिळते."
1009,706684,D1,Banking,19.423,अपघाती विमो ह्यो निष्काळजी कृत्यो किंवा चुकांसाठी व्यक्ती किंवा संस्थेचो दायित्व कव्हरेज असा,अपघाती किंवा निष्काळजी कृत्यांसाठी व्यक्ती किंवा संस्थेचे दायित्व कव्हरेज आहे
1010,716849,D2,Agriculture,19.5,समुद्र आणि नद्या मुबलक असल्यामुळे भारतात मासेमारी अधिक केली जाते,समुद्र आणि नद्या मुबलक असल्यामुळे भारतात मासेमारी अधिक केली जाते
1011,724428,D4,Banking,19.0,नाविन्यपूर्ण उद्योजकांमध्ये व्यवसाय संस्था आणि व्यवस्थापनाच्या नवीन कल्पनांचा विचार करण्याची क्षमता असते,नाविन्यपूर्ण उद्योजकांमध्ये व्यवसाय संस्था आणि व्यवस्थापनाच्या नवीन कल्पनांचा विचार करण्याची क्षमता असते
1012,706722,D1,Banking,19.409,फायनान्शियल मार्केट म्हणजे एक मार्केट ज्यात लोका आर्थिक सिक्युरिटीजचो व्यापार करतत,फायनान्शियल मार्केट म्हणजे एक मार्केट ज्यात लोकांचे आर्थिक सिक्युरिटीजचा व्यापार करत आहेत
1013,712863,D2,Banking,19.5,ब्यांक देयेल कर्जावरल्या रकमपक्शा जास्तीनी मालमत्ता गहाण ठीलेस,बँकेने दिलेल्या कर्जाच्या रकमेवर जास्त मालमत्ता गहाण ठेवली आहे.
1014,724429,D4,Banking,18.938,सार्वभौम राज्य किंवा देश स्थानिक सरकारी कंपनी किंवा वैयक्तिक स्टॉक ट्रेडर यांच्याकडून कर्ज देणे शक्य आहे,सार्वभौम राज्य किंवा देश स्थानिक सरकारी कंपनी किंवा वैयक्तिक स्टॉक ट्रेडर यांच्याकडून कर्ज देणे शक्य आहे
1015,711102,D1,Banking,19.346,"स्थिर मालमत्ता जिका दीर्घकाळ टिकणारी मालमत्ता , मूर्त मालमत्ता म्हणून देखील ओळखला जाता","स्थिर मालमत्ता जी दीर्घकाळ टिकणारी मालमत्ता, ती मूर्त मालमत्ता म्हणून देखील ओळखली जाते."
1016,717260,D2,Banking,19.5,खाजगी बँकेची स्थिती त्यांच्या ग्राहकांनी संभाव्य ग्राहकांशी केलेल्या संवादावरून ठरवली जाते,खाजगी बँकेची स्थिती त्यांच्या ग्राहकांनी संभाव्य ग्राहकांशी केलेल्या संवादावरून ठरवली जाते
1017,718738,D4,Banking,18.933,तुम्हाला माहीत आहे का की कमी मानवी सहभाग असलेल्या उद्योगांना कमी परिचालन धोका असतो ?,तुम्हाला माहीत आहे का की कमी मानवी सहभाग असलेल्या उद्योगांना कमी परिचालन धोका असतो?
1018,711607,D1,Agriculture,19.346,गव्हाच्या पीक वाढीच्या अवस्थेत मिया गव्हाक खैयचा खैयचा अवस्थेत पाणी देउक शकताव ?,गव्हाच्या पिकाच्या वाढीच्या अवस्थेत पाणी देता शकता का?
1019,717238,D2,Agriculture,19.5,मी वर्तमानपत्रात वाचले की भोपळ्याच्या बियांमध्ये व्हिटॅमिन ए सर्वात जास्त आढळते,मी वर्तमानपत्रात वाचले की भोपळ्याच्या बियांमध्ये व्हिटॅमिन ए सर्वात जास्त आढळते
1020,722629,D4,Banking,18.929,"संलग्न कर्जे सावकारांच्या गटाद्वारे प्रदान केली जातात आणि त्यांची रचना , व्यवस्था केली जाते",संलग्न कर्जे सावकारांच्या गटाद्वारे प्रदान केली जातात आणि त्यांची रचना व्यवस्था केली जाते
1021,724889,D1,Banking,19.342,"ह्या योजनेचो उद्देश बँक खाती , पैशे पाठवणा , क्रेडिट , वीमो , पेंशन वित्तीय सेवांमध्ये प्रवेशाचो विस्तार करणा","या योजनेचा उद्देश बँक खाती, पैसे पाठवणे, क्रेडिट, वीमो, पेंशन वित्तीय सेवांमध्ये प्रवेशाचा विस्तार करणे आहे."
1022,712588,D2,Banking,19.5,जास्तीना फायदाना करता जोगिंदर दुकानना माल घाऊक इक्रेताकडथून लेस,जास्तीचा फायदा घेता जोगिंदरच्या दुकानातून घाऊक माल विक्रेत्याकडून घ्या.
1023,724295,D4,Agriculture,18.929,कास्तकाराइले जर त्यांचा माल ऑनलाइन इकाचा असन तर त्यासाठी ऑनलाइन बाजार हाय का ?,कास्तकाराइले जर त्यांचा माल ऑनलाइन असेल तर त्यासाठी ऑनलाइन बाजार आहे का?
1024,707591,D1,Agriculture,19.0,"तुका ठाऊक हा काय , रेशीम किड्याचो सर्वात महत्वाचा रोग नोसेमा बॉम्बिसिस नावाच्या प्रोटोझोआमुळे होता","तुम्हाला माहीत आहे का, रेशीम किड्यांचा सर्वात महत्त्वाचा रोग नोसेमा बॉम्बिसिस नावाच्या प्रोटोझोआमुळे होता."
1025,714406,D2,Banking,19.5,भारतमा मामुली बचत करणारस्नी संख्या जास्ती शे,भारतात किती बचत केली जाते याची संख्या जास्त आहे.
1026,719638,D4,Banking,18.929,सार्वजनिक बँका नवीन तंत्र ज्ञानाचा अवलंब करण्यास आणि जुन्या प्रक्रियेवर काम करण्यास मंद आहेत,सार्वजनिक बँका नवीन तंत्रज्ञानाचा अवलंब करण्यास आणि जुन्या प्रक्रियेवर काम करण्यास मंद आहेत
1027,708058,D1,Agriculture,19.0,शेतजमीन म्हणजे जमिनीचो येक भाग आसा जो प्रामुख्यान अन्न आणि इतर पिकांच्या उत्पादनासाठी उपयोगाग येता,शेतजमीन म्हणजे जमिनीचा एक भाग आहे जो प्रामुख्याने अन्न आणि इतर पिकांच्या उत्पादनासाठी उपयोगी पडते.
1028,713819,D2,Banking,19.5,यु.पी.आय सेवामा तुम्ही खाता मालिकनासाठे फंड ट्रान्सफर करू शकतस का,तुम्ही यु.पी.आय प्रणालीद्वारे मालिकनासाठे फंड ट्रान्सफर करू शकता का
1029,719632,D4,Banking,18.929,"स्टॉक्स , बाँड्स , प्रीफर्ड शेअर्स आणि ई.टी.एफ ही मार्केटेबल सिक्युरिटीजची सामान्य उदाहरणे आहेत","स्टॉक्स, बाँड्स, प्रीफर्ड शेअर्स आणि ई.टी.एफ ही मार्केटेबल सिक्युरिटीजची सामान्य उदाहरणे आहेत"
1030,708236,D1,Agriculture,19.0,"काल मी शेतीसाठी स्त्री बीटल किडो आणलय , ही कीड बाकीच्या त्रासदायक किड्यांपासून शेतीचा रक्षण करतली","काल मी शेतीसाठी स्त्री बीटल किडो आणले, ही कीड बाकीच्या त्रासदायक किड्यांपासून शेतीचे रक्षण करतले."
1031,715336,D2,Banking,19.5,ई.सी.एस ने तुम्ही जास्तीत जास्त किती पैसे पाठवू शकतात ?,ई.सी.एस ने तुम्ही जास्तीत जास्त किती पैसे पाठवू शकता?
1032,719139,D4,Agriculture,18.923,"मेंढ्यांची कत्तल लहान वनस्पतीं मध्ये केली जाते , त्यांना पेनमध्ये गटांमध्ये नेले जाते","मेंढ्यांची कत्तल लहान वनस्पतींमध्ये केली जाते, त्यांना पेन्समध्ये गटांमध्ये नेले जाते."
1033,706434,D1,Banking,19.0,गुंतवणूक दाराच्या अपेक्षेनुसार परतावा मिळवण्याच्या अनिश्चिततेच्या पातळीचा ह्या येक माप असा,गुंतवणुकीच्या अपेक्षेनुसार परतावा मिळवण्याच्या अनिश्चिततेची ही एक पातळीचे माप आहे
1034,713059,D2,Agriculture,19.5,जगमा बठासमा जास्ती मासासनं उतपादन चीन करस,जगभरात जास्तीचे मासे उत्पादन चीनमध्ये केले जाते.
1035,721441,D4,Banking,18.923,प्रत्येक वेळी मी माझ्या लेनची गणना करताना माझ्या ऑनलाइन पासबुकमधून सर्व माहिती घेतो,प्रत्येक वेळी मी माझ्या खात्याची गणना करताना माझ्या ऑनलाइन पासबुकमधून सर्व माहिती घेतो
1036,708672,D1,Agriculture,19.0,युरोपात खाद्य निर्यातीत गोणीयेंच्या मोठ्या मागणीमुळे जूटच्या शेतीक प्रोत्साहन दिला,युरोपमध्ये खाद्य निर्यातीची मोठी मागणी असल्यामुळे जूट शेतीला प्रोत्साहन मिळाले
1037,713867,D2,Agriculture,19.5,जी जमीन पाणी धरी ठेवस नही तीनी सुपीक रहस नाही तीनामा आम्ल नाहीतर आल्क जास्त रहास,जी जमीन पाणी धरून ठेवता नाही ती सुपीक राहत नाही तीना आम्ल नाहीतर अधिक राहशील
1038,724500,D4,Agriculture,18.923,शंकरने कृषी विभागाच्या वेबसाइटवरून कीटकनाशके आणि कीटकनाशके लागू करण्याच्या पद्धतीची योग्य रूपरेषा पाहिली,शंकरने कृषी विभागाच्या वेबसाइटवरून कीटकनाशके आणि कीटकनाशके लागू करण्याच्या पद्धतीची योग्य रूपरेषा पाहिली
1039,709266,D1,Banking,19.0,प्राचीन संस्कृतीचो अंदाज लेखांकन किंवा लेखाच्या इतिहासातून लागता,प्राचीन संस्कृतीचा अंदाज लेखांकन किंवा लेखाच्या इतिहासातून लागता
1040,715661,D2,Banking,19.5,तुम्हाला माहिती आहे का ? स्टोक्स ची खरेदी आणि विक्री स्टॉक एक्सचेंज वर केली जाते,तुम्हाला माहिती आहे का? स्टॉक्सची खरेदी आणि विक्री स्टॉक एक्सचेंजवर केली जाते.
1041,724438,D4,Agriculture,18.923,रोपांच्या योग्य वाढीसाठी आवश्यक असलेल्या सतरापैकी चौदा पोषकद्रव्ये जमिनीतून योग्य प्रकारे शोषली जातात,रोपांच्या योग्य वाढीसाठी आवश्यक असलेल्या सतरापैकी चौदा पोषकद्रव्ये जमिनीतून योग्य प्रकारे शोषली जातात
1042,709770,D1,Agriculture,19.0,शेतात नायतर बागेत ग्रीन हाऊस तयार करूसाठी प्लास्टिकच्या चादरीचो वापर केलो जाता,शेतात नाहीतर बागेत ग्रीन हाऊस तयार करण्यासाठी प्लास्टिकच्या चादरीचा वापर केला जातो.
1043,715846,D2,Agriculture,19.5,बहू पोषक खत मातीमध्ये मिळवल्याने पीक जास्त चांगल्या प्रमाणात उगवते,खूप पोषक खत मातीमध्ये मिळवल्याने पीक जास्त चांगल्या प्रमाणात उगवते
1044,721003,D4,Agriculture,18.917,मेंढी सुरुवातीपासूनच मानवांशी संबंधित आहे आणि मेंढीपालन हा एक प्राचीन व्यवसाय आहे,मेंढी सुरुवातीपासूनच मानवांशी संबंधित आहे आणि मेंढीपालन हा एक प्राचीन व्यवसाय आहे
1045,708530,D1,Agriculture,19.0,शेतीतले शास्त्रज्ञ सांगा होते की अरारोटची शेती माडांच्या मुळाक केली जावक शकता,शेतीतले शास्त्रज्ञ म्हणाले की अरारोटची शेती माडांच्या मुळाक केली जाऊ शकते.
1046,717215,D2,Agriculture,19.5,तुम्हाला माहिती आहेच की अक्रोड बहुतेक सिक्कीम आणि दार्जिलिंगमध्ये घेतले जाते,तुम्हाला माहिती आहेच की अक्रोड बहुतेक सिक्कीम आणि दार्जिलिंगमध्ये घेतले जातात.
1047,721296,D4,Banking,18.917,आंतरराष्ट्रीय कर आकारणी म्हणजे एखाद्या व्यक्ती किंवा व्यवसायावरील कराचा अभ्यास किंवा निर्धारण,आंतरराष्ट्रीय कर आकारणी म्हणजे एखाद्या व्यक्ती किंवा व्यवसायावरील कराचा अभ्यास किंवा निर्धारण
1048,708277,D1,Agriculture,19.0,गीता करडईचे तेलबिये लावच्यासाठी बरी पाणी व्हावन जाणारी माती लागता,गीता तेल लावण्यासाठी योग्य पाणी जाणारी माती लागते
1049,715515,D2,Agriculture,19.5,गुरांच्या डॉक्टरांनी त्यांच्या मागण्या पूर्ण करण्यासाठी आमरण उपोषण केले,गुरांच्या डॉक्टरांनी त्यांच्या मागण्या पूर्ण करण्यासाठी आमरण उपोषण केले
1050,720051,D4,Agriculture,18.909,भारतात कृषी शिक्षणाला चालना देण्यासाठी विविध कृषी विद्यापीठांची स्थापना करण्यात आली,भारतात कृषी शिक्षणाला चालना देण्यासाठी विविध कृषी विद्यापीठांची स्थापना करण्यात आली
1051,708054,D1,Agriculture,19.0,शेतकऱ्यांचा कर्जदार आणि बाकी मध्यस्थांकडसून होणारा शोषण रोखण्यासाठी ए.पी.एम.सी सुरू केलेला आसा,शेतकऱ्यांचे कर्जदार आणि बाकी मध्यस्थांकडून होणारे शोषण रोखण्यासाठी ए.पी.एम.सी सुरू केलेला असावा.
1052,714979,D2,Banking,19.5,तुला माहित पडल का सुरेशने नवीन क्रेडीट कार्ड बनविण्यासाठी ऑनलाइन अर्ज पाठविला आहे म्हणे,तुम्हाला माहीत आहे का सुरेशने नवीन क्रेडिट कार्ड बनविण्यासाठी ऑनलाइन अर्ज पाठवला आहे?
1053,721563,D4,Agriculture,18.909,"फलोत्पादनात , माती सैल करण्यासाठी आणि स्तरीय करण्यासाठी दंताळे वापरला जातो",फलोत्पादनात माती सैल करण्यासाठी आणि स्तरीय करण्यासाठी दंताळे वापरले जातात.
1054,709410,D1,Agriculture,19.0,कोळी लोका माश्ये पकडूक आपलो गळ पाण्यात टाकान तेच्यात मासो अडकुची वाट बघतत,"कोळी लोक मासे पकडतात आणि ते पाण्यात टाकतात, तिथे मांस वाट बघत आहे."
1055,713115,D2,Banking,19.5,सामान्य शेअर मालक ना जोडे कंपनीनी कोणतीच महत्वानी संपत्ती नही रास,सामान्य शेअर मालकांकडे कंपनीची कोणतीच संपत्ती नाही.
1056,724458,D4,Banking,18.882,"डब्लू.आय.पी.ओ बौद्धिक कार्यालय , वापरकर्ते व इतर सामायिक आय.पी साधने , सेवा , मानके प्लॅटफॉर्म विकसित होते","डब्लू.आय.पी.ओ बौद्धिक कार्यालय वापरकर्ते व इतर सामायिक आय.पी साधने, सेवा, मानके प्लॅटफॉर्म विकसित होते"
1057,712137,D1,Banking,19.0,माका माझा शिक्षणाक जास्ती कर्ज कितीचा देऊ शकतास तुम्ही ?,मला माझ्या शिक्षणासाठी जास्तीचे कर्ज किती देऊ शकता तुम्ही?
1058,715685,D2,Agriculture,19.5,दारू तयार करण्यासाठी वापरले जाणारे द्राक्ष पश्चिमी देशांमध्ये मागवले जातात,दारू तयार करण्यासाठी वापरले जाणारे द्राक्ष पश्चिमी देशांमध्ये मागवले जातात
1059,719922,D4,Banking,18.875,"तुम्हाला माहीत आहे का की स्पॉट ट्रेडमध्ये दलाल , डीलर्स , व्यापारी , गुंतवणूकदार सहभागी होतात","तुम्हाला माहीत आहे का की स्पॉट ट्रेडमध्ये दलाल, डीलर्स, व्यापारी, गुंतवणूकदार सहभागी होतात"
1060,707548,D1,Banking,19.0,"ज्येष्ठ नागरिकांकडसून पाच लाखांच्या उत्पन्नावर कर आकारलो जात नाय , असा संगीतानं सांगल्यान","ज्येष्ठ नागरिकांकडून पाच लाखांच्या उत्पन्नावर कर आकारला जात नाही, असे सांगितले."
1061,716888,D2,Agriculture,19.5,हायड्रोपोनिक ज्याला पारंपारिक मातीपासून पोषक तत्वांची आवश्यकता असते,हायड्रोपोनिक ज्याला पारंपारिक मातीपासून पोषक तत्वांची आवश्यकता असते
1062,724481,D4,Banking,18.875,"मॉर्टगेज लोन , ज्याला हायपोथेकेट लोन असेही म्हणतात , हे फक्त नागरी कायद्याच्या अधिकारक्षेत्रात गहाण आहे","मॉर्टगेज लोन, ज्याला हायपोथेकेट लोन असेही म्हणतात, हे फक्त नागरी कायद्याच्या अधिकारक्षेत्रात गहाण आहे."
1063,706447,D1,Banking,19.0,डेफर्ड पेमेंटचो मानक ह्यो कर्जाची किंमत मोजण्याचो येक व्यापकपणान स्वीकारलेलो मार्ग असा,डेफर्ड पेमेंटचा मानक ही कर्जाची किंमत मोजण्याचा एक व्यापकपणे स्वीकारलेला मार्ग आहे
1064,724670,D2,Banking,19.5,सार्वजनिक वित्त हाई अर्थशास्त्रनं एक आंग शे जे अर्थव्यवस्था मझारलं सरकारनं म्हननं आणि कामबद्दल नेमबन सांगस,सार्वजनिक वित्त आणि अर्थशास्त्रात जे अर्थव्यवस्था सरकाराने विचारली आणि कामाबद्दल नेमके काय सांगणार आहे
1065,720863,D4,Agriculture,18.857,"निम्फिया नौचाली वर कॅरुला नावाची निळ्या पाण्याची लिली , ज्याला निम्फिया कॅरुला देखील म्हणतात","निम्फिया नौचालीवर करूला नावाची निळी पाण्याची लिली, ज्याला निम्फिया करूला देखील म्हणतात."
1066,707954,D1,Banking,19.0,युद्ध बॉण्ड हे युद्धाच्या काळात लष्करी कारवायांसाठी सरकारद्वारे जारी केलेले कर्ज रोखे असतत,युद्ध बॉण्ड हे युद्धाच्या काळात लष्करी कारवायांसाठी सरकारद्वारे जारी केलेले कर्ज रोखे होते.
1067,724710,D2,Banking,19.5,"आर्थिक उद्योगाच्या कर्मचाऱ्यांना , बँकेमध्ये काम करणाऱ्या लोकांना बोनस कोणत्या रूपामध्ये दिला जातो ?",आर्थिक उद्योगाच्या कर्मचाऱ्यांना बँकेमध्ये काम करणाऱ्या लोकांना बोनस कोणत्या रूपामध्ये दिला जातो?
1068,721591,D4,Agriculture,18.846,"सायनाइड फिशिंग , बॉटम ट्रोलिंग , ब्लास्ट फिशिंग इत्यादी विनाशकारी तंत्रज्ञानाची उदाहरणे आहेत","सायनाइड फिशिंग, बॉटम ट्रोलिंग, ब्लास्ट फिशिंग इत्यादी विनाशकारी तंत्रज्ञानाची उदाहरणे आहेत."
1069,708198,D1,Agriculture,19.0,उपसा सिंचन ही अशी पद्धत आसा जेच्यात पानी पाटासारख्या व्हावान नाय जाणा,उपसा सिंचन ही अशी पद्धत आहे ज्यात पाणी पाटासारखे वर जात नाही
1070,714049,D2,Banking,19.5,हॉटेल मालकनी धंदा वाढावानासाठे सरवासमा मोठी हाटेल चांगली करी लिधी,हॉटेल मालकाचा धंदा वाढल्यास परिसरात मोठी हॉटेल चांगली करेल.
1071,722772,D4,Agriculture,18.846,"सिंचन कार्यक्षमता , क्षेत्राची पाण्याची कार्यक्षमता , पिकाद्वारे बाष्पीभवन होणारे पाणी शेतात होते","सिंचन कार्यक्षमता, क्षेत्राची पाण्याची कार्यक्षमता, पिकाद्वारे बाष्पीभवन होणारे पाणी शेतात होते."
1072,709730,D1,Agriculture,19.0,हायड्रोपोनिक सोल्युशनात सूक्ष्म पोषक आणि मॅक्रोन्यूट्रिएंट्स दोन्हीपण असतत,हायड्रोपोनिक सोल्युशनात सूक्ष्म पोषक आणि मॅक्रोन्यूट्रिएंट्स दोन्ही असतात
1073,724711,D2,Banking,19.5,मन्हा आजोबाना करता ज्येष्ठ नागरिकनं बॅक खातं खोलनं पडी तवय त्यासले म्हतारपनन्या योजनास्ना फायदा भेटी,मन्हा आजोबाना करता ज्येष्ठ नागरिक त्यांच्यासाठी निवृत्तीवेतन योजनांचा फायदा घेतात.
1074,724431,D4,Banking,18.733,"निश्चित उत्पन्नाच्या सिक्युरिटीज , साधारण स्टॉक , पसंतीचा स्टॉक , कन्व्हर्टिबल स्टॉक इत्यादींवर उत्पन्न मिळते","निश्चित उत्पन्नाच्या सिक्युरिटीज, साधारण स्टॉक, पसंतीचा स्टॉक, कन्व्हर्टिबल स्टॉक इत्यादींवर उत्पन्न मिळते."
1075,706832,D1,Banking,19.0,"सहस्राब्दी उद्योजकांका पारंपारिक कार्यालयो , समोरासमोर बैठका आणि कामाच्यो ठिकाणी कमी अडचण येता","सहस्राब्दी उद्योजकांचे पारंपारिक कार्यालय, समोरासमोर बैठका आणि कामाच्या ठिकाणी कमी अडचणी येतात."
1076,713545,D2,Agriculture,19.5,हवामानना अंदाज हाऊ मांगला आनी चालूनी परिस्थिती दखीन सांगता येस,हवामानाचा अंदाज परिस्थिती दक्षिण सांगता येतो का?
1077,724132,D4,Banking,18.5,"मले दुसऱ्या बँकेचा लाभार्थी कसा जोडता येते , त्यासाठी कोंते कागद लागन ?","मला दुसऱ्या बँकेचा लाभार्थी कसा जोडता येतो, त्यासाठी कोणते कागद लागतात?"
1078,709808,D1,Banking,19.0,उधारी पेक्षा स्वतः जमा केलेल्या रकमेचो उपयोग केलास तर बाहेरच्या गोष्टींचों दबाव बनत नाय,उधारी पेक्षा स्वतः जमा केलेल्या रकमेचा उपयोग केलास तर बाहेरील गोष्टींचा दबाव बनत नाही
1079,724668,D2,Agriculture,19.441,"राष्ट्रीय कृषी बजार ए.पी.एम.सी बजारशी जोडेल शेतस , येक ठिकाणथून दुसरा ठिकाणे कृषी उत्पादन ली जाता येस","राष्ट्रीय कृषी बाजार ए.पी.एम.सी बाजारशी जोडेल शेत आहे, एक ठिकाणून दुसरे ठिकाणे कृषी उत्पादन केले जाते."
1080,723510,D4,Agriculture,18.5,कोनच्या शेतीच्या पद्धतीपायी जास्तीत जास्त उत्पादन घेता येईल ?,कोणाच्या शेतीच्या पद्धतीपायी जास्तीत जास्त उत्पादन घेता येईल?
1081,707034,D1,Banking,19.0,ट्रॅव्हलर्स चेक ह्या एक्सचेंजचो एक माध्यम असा ज्या हार्ड चलनाच्यो जागी वापरला जाऊ शकता,ट्रॅव्हलर्स चेक एक माध्यम आहे ज्याचा वापर हार्ड चलनाच्या जागी केला जाऊ शकतो.
1082,715973,D2,Agriculture,19.433,"माझे वडील म्हणत होते की , तंबाखू सेवन थांबविण्यासाठी सरकारने तंबाखू वरचा कर वाढवला आहे",माझे वडील म्हणत होते की तंबाखू सेवन थांबविण्यासाठी सरकारने तंबाखू वरचा कर वाढवला आहे
1083,719245,D4,Agriculture,18.5,"प्रोसो बाजरी मानवी वापरासाठी , पशुधन पक्षी बियाण्यासाठी वापरली जाऊ शकते","प्रोसो बाजरी मानवी वापरासाठी, पशुधन पक्षी बियाण्यासाठी वापरली जाऊ शकते."
1084,707464,D1,Agriculture,19.0,"कोबीमध्ये भरपूर पोषकतत्वा आसत , खासकारान जीवनसत्व सी आणि के जास्त प्रमाणात असतत","कोबीमध्ये भरपूर पोषक तत्वे आहेत, विशेषतः जीवनसत्व सी आणि के जास्त प्रमाणात आहेत."
1085,724721,D2,Banking,19.433,बाजारातील मूल्य स्टॉक असा स्टॉक असतो की ज्यांची किंमत त्यांच्या मूलभूत गोष्टींच्या संदर्भात कमी असते,बाजारातील मूल्य स्टॉक असा स्टॉक असतो की ज्यांची किंमत त्यांच्या मूलभूत गोष्टींच्या संदर्भात कमी असते
1086,723509,D4,Agriculture,18.5,जास्त चुनखडी असलेल्या शेतामंदी संत्रा लिंबूवर्गीय बाग लावणे चांगलं राहिन का ?,जास्त चुनखडी असलेल्या शेतामंदी संत्रा लिंबूवर्गीय बाग लावणे चांगले राहील का?
1087,709527,D1,Agriculture,19.0,फुलाच्या नमुन्याच्या टोकाक एक फूल जोडलेला असता पण फुला पाण्याच्या पृष्ठभागावर थंड प्रतिरोधक तरंगतत,"फुलाच्या नमुन्याच्या टोकावर एक फूल जोडलेले आहे, पण ते फुलाच्या पाण्याच्या पृष्ठभागावर थंड प्रतिरोधामुळे तरंगत आहे."
1088,716727,D2,Agriculture,19.433,"मुलांनो तुम्हाला माहित आहे का , की चीन हा सोयाबिन तेलाचा सर्वात मोठा उत्पादक आहे",मुलांनो तुम्हाला माहित आहे का की चीन हा सोयाबीन तेलाचा सर्वात मोठा उत्पादक आहे
1089,723607,D4,Banking,18.5,कर्ज वापस करतांनी माया खात्यातून जास्तीचे पैसे काटल्या जाईन का ?,कर्ज परत केल्यास मी खात्यातून जास्त पैसे काढू शकेन का?
1090,711154,D1,Agriculture,19.0,झाडांच्या मूनात कीड पडाप थामाउच्या खाती आणि किडीक मारूच्याखाती कसला किटकनाशक वापराचा ?,झाडांच्या मुळांमध्ये कीड नियंत्रण आणि किडीमारण्यासाठी कोणते कीटकनाशक वापरावे?
1091,714688,D2,Agriculture,19.433,"घरमा लावाना नैते ठेवना रोपेस्ले योग्य प्रमाणमा तापमान , माटीना वल्लावा , आणि सूर्यप्रकाश लागस","घरात लावताना बी ठेवण्यासाठी योग्य प्रमाणात तापमान, पाणी आणि सूर्यप्रकाश लागणे आवश्यक आहे."
1092,723246,D4,Agriculture,18.5,कमी पान्यात गव्हाचं पीक घ्यासाठी कोनच्या जातीचा गहू निवडा लागन ?,कमी क्षेत्रात गव्हाचे पीक घेण्यासाठी कोणत्या जातीचे गहू निवडावे लागेल?
1093,707784,D1,Banking,19.0,बँक खात्याशी जोडलेल्या डेबिट कार्डाची तुलना क्रेडिट कार्डाशी करताना फी आणि फायद्याचो विचार करूक हवो,बँक खात्याशी जोडलेल्या डेबिट कार्डची तुलना क्रेडिट कार्डशी करताना फी आणि फायद्याचा विचार करावा.
1094,715277,D2,Banking,19.429,"असुरक्षित कर्जांचे सर्वसामान्य उदाहरण म्हणजे क्रेडिट कार्ड , वैयक्तिक कर्ज आणि विद्यार्थी कर्ज आहे","असुरक्षित कर्जांचे सर्वसामान्य उदाहरण म्हणजे क्रेडिट कार्ड, वैयक्तिक कर्ज आणि विद्यार्थी कर्ज आहे."
1095,719367,D4,Banking,18.5,"मागणी कर्जाच्या बाबतीत , ते सावकार आणि कर्जदार यांच्याकडून सुरुवातीपासूनच समजले जाते",मागणी कर्जाच्या बाबतीत ते सावकार आणि कर्जदार यांच्याकडून सुरुवातीपासूनच समजले जाते
1096,707617,D1,Banking,19.0,"तुमका डॉलरच्या बदल्यात भारतीय रुपयांत रूपांतरीत करून पैसे दिले जातील , असा बँकेवाल्यानी सांगितल्यानी","तुमचे डॉलरच्या बदल्यात भारतीय रुपयांत रूपांतरित करून पैसे दिले जातील, असे बँकेवाल्याने सांगितले."
1097,713003,D2,Agriculture,19.429,"कृषी शास्त्रमझार निसर्गना बराबर माणूसन्या गरजा ध्यानमा लिसन रस्ता , पुल , सुरुंग बनाडतंस","कृषी शास्त्र आणि निसर्गाप्रमाणे माणसाच्या गरजा समजून घेऊन रस्त्याचा मार्ग ऐका, पुल, सुरुंग बना."
1098,723934,D4,Banking,18.5,क्रेडिट कार्डाच्या व्यवहाराची मायती घ्यासाठी मले का करा लागन ?,क्रेडिट कार्डाच्या व्यवहाराची माहिती घेण्यासाठी मला का करावे लागेल?
1099,708424,D1,Banking,19.0,भाडे खरेदी करारानुसार तू तुझ्या मालकाक केव्हाय माल पाटी देवक शकतस,भाडे खरेदी करारानुसार तू तुझ्या मालकाला केव्हा मालपाटी देऊ शकतस?
1100,713897,D2,Banking,19.429,विमा कंपन्यासकडथून वाहन ईमा सुविधा देवावस त्यानासाठे ईमा ना उपेग करणारसले पैसा देना पडतस,विमा कंपन्याकडून वाहन सुविधा देवास त्यानासाठे असल्यास त्याचा उपयोग करणार आणि पैसे देणे पडत असेल.
1101,721376,D4,Banking,18.5,जर तुम्हाला महिना संपण्यापूर्वी बँक तपशील तपासायचा असेल तर तुमच्या बँकेला विनंती करा,जर तुम्हाला महिना संपण्यापूर्वी बँक तपशील तपासायचा असेल तर तुमच्या बँकेला विनंती करा
1102,709050,D1,Banking,19.0,वर्च्युअल कार्ड आभासी असता पण तुम्ही त्या कार्डान सगळे घेण्या देण्याचे व्यवहार करू शकतास,वर्च्युअल कार्ड आभासी असले तरी तुम्ही त्या कार्डांत सर्व व्यवहार करू शकता.
1103,713652,D2,Agriculture,19.429,जशा तलावमा मासा जतन करतस तशी आते मगरीस्ले जतन कराना धंदा सुरू व्हयेल शे,"जसे तलावातील मासे जतन केले जातात, तसेच मगरमाशा जतन करण्याचा व्यवसाय सुरू करायला हवा."
1104,719971,D4,Banking,18.5,"अकादमी , शिक्षण मंत्रालय किंवा संस्था एखाद्या विशिष्ट विषयावरील संशोधनासाठी अनुदान देतात","अकादमी, शिक्षण मंत्रालय किंवा संस्था एखाद्या विशिष्ट विषयावरील संशोधनासाठी अनुदान देतात."
1105,707100,D1,Banking,19.0,अकाऊंटिंग किंवा अकाउंटन्सीचो इतिहास प्राचीन संस्कृतींत शोधला जाऊ शकता,अकाऊंटिंग किंवा अकाउंटन्सीचा इतिहास प्राचीन संस्कृतींमध्ये शोधला जाऊ शकतो.
1106,716525,D2,Agriculture,19.429,काश्मिरी आणि मेरिनो मेंढ्यांची उत्पत्ती गड्डीपासून झाली आहे जी भारतीय मेंढीची एक जात आहे,काश्मिरी आणि मेरिनो मेंढ्यांची उत्पत्ती गड्डीपासून झाली आहे जी भारतीय मेंढीची एक जात आहे
1107,721446,D4,Banking,18.5,वैयक्तिक कर्जासाठी अर्ज करण्यासाठी मला कोणत्या कागदपत्रांची आवश्यकता आहे ?,वैयक्तिक कर्जासाठी अर्ज करण्यासाठी मला कोणत्या कागदपत्रांची आवश्यकता आहे?
1108,709609,D1,Banking,19.0,मोबाईल एप्लिकेशन डाउनलोड करा किंवा तुमची नोंदणी करण्यासाठी जीवन प्रमाण केंद्राला जाऊन भेट देवा,मोबाईल ॲप्लिकेशन डाउनलोड करा किंवा तुमची नोंदणी करण्यासाठी जीवन प्रमाण केंद्राला जाऊन भेट घ्या
1109,715905,D2,Agriculture,19.423,"भारतामध्ये चहा तरीही , टक्केवारी पेक्षा जास्त चहाचा उपभोग भारतामध्ये च घेतला जातो","भारतामध्ये चहा तरीही, टक्केवारीपेक्षा जास्त चहाचा उपभोग भारतामध्येच घेतला जातो."
1110,723583,D4,Banking,18.5,मले बँकेच्या माया खात्याची पुरी मायती पायजे अशील तर कुंते कागद अन लागन ?,मला बँकेच्या खात्याची संपूर्ण माहिती पाहिजे असेल तर कोणते कागदपत्रे लागतील?
1111,708112,D1,Banking,19.0,"सिक्युरिटीज ट्रेडिंग देशाच्या रिजिस्टर संस्था मार्फत केलो जाता , असा संतोष सांगा होतो",सिक्युरिटीज ट्रेडिंग देशाच्या रिजिस्टर संस्थेद्वारे माहिती मिळाल्याने मला समाधान वाटते
1112,712701,D2,Agriculture,19.423,सघन शेतीमां जमीन कमी असामुये त्या जमीन मान मेहनत करीसन जास्तीन उत्पन्न लेतस,सघन शेतीमध्ये जमीन कमी असल्यास त्या जमिनीचे मनुष्य मेहनत जास्त उत्पन्न मिळवत नाहीत
1113,722637,D4,Banking,18.5,तसेच सध्याचे खाते पगाराच्या खात्यात रूपांतरित करण्यासाठी आधार कार्डची फोटो कॉपी सबमिट करा,तसेच सध्याचे खाते पगाराच्या खात्यात रूपांतरित करण्यासाठी आधार कार्डची फोटो कॉपी सबमिट करा
1114,708356,D1,Agriculture,19.0,पपयाच्या शेतीर संशोधन करुच्यासाठी राजेंद्र प्रसाद विद्यापीठाची स्थापना केली गेली आसा,पापायच्या शेतीसाठी संशोधन करण्याकरिता राजेंद्र प्रसाद विद्यापीठाची स्थापना झाली असे.
1115,717243,D2,Agriculture,19.423,सध्या सर्वच व्यापारी वजन आणि मापासाठी इलेक्ट्रॉनिक तराजू आणि यंत्रांचा वापर करत आहेत,सध्या सर्व व्यापारी वजन आणि मापासाठी इलेक्ट्रॉनिक तराजू आणि यंत्रांचा वापर करत आहेत
1116,718913,D4,Agriculture,18.5,ठिबक सिंचनामध्ये पाणी हळूहळू पिकांच्या मुळांपर्यंत पोहोचते आणि पोषकद्रव्ये वाचवण्याची क्षमता असते,ठिबक सिंचनामध्ये पाणी हळूहळू पिकांच्या मुळांपर्यंत पोहोचते आणि पोषकद्रव्ये वाचवण्याची क्षमता असते
1117,707525,D1,Banking,19.0,जर तुमका दीर्घकाळ नफो मिळवायचो आसात तर तुम्ही खंयच्याव स्टॉकमध्ये पैसे गुंतवू शकतास,"जर तुम्हाला दीर्घकाळ नफा मिळवायचा असेल, तर तुम्ही स्टॉकमध्ये पैसे गुंतवू शकता."
1118,716323,D2,Agriculture,19.409,तुम्हाला माहित आहे का की शेंगदाणा ही वनस्पती प्रोटीनचे स्त्रोत आहे,तुम्हाला माहित आहे का की शेंगदाणा ही वनस्पती प्रोटीनचा स्रोत आहे
1119,722115,D4,Agriculture,18.5,हायड्रोपोनिक्स मधील वॉटर कल्चरच्या माध्यमातून राजूने योग्य पौष्टिक घटक मुळापर्यंत आणले आहेत,हायड्रोपोनिक्स मधील वॉटर कल्चरच्या माध्यमातून राजूने योग्य पौष्टिक घटक मुळापर्यंत आणले आहेत
1120,708074,D1,Banking,19.0,सतराशे ब्याण्णव च्या नाणे कायद्यानं अमेरिकेच्या डॉलरका स्पॅनिशच्या चांदीच्या डॉलर बरोबर दाखवल्यानं,सतराशे ब्याण्णवच्या नाणे कायद्याने अमेरिकेच्या डॉलर आणि स्पेनच्या चांदीच्या डॉलरची बरोबरी दाखवली.
1121,717103,D2,Agriculture,19.4,हवामान अंदाज हे भविष्यातील विविध हवामान परिस्थितींबद्दल संभाव्य विधान आहे,हवामान अंदाज हे भविष्यातील विविध हवामान परिस्थितींबद्दल संभाव्य विधान आहे
1122,720764,D4,Agriculture,18.5,वाढती लोकसंख्या आणि शिक्षणाच्या व्यापकतेपासून कागदाची मागणी सातत्याने वाढत आहे,वाढती लोकसंख्या आणि शिक्षणाच्या व्यापकतेपासून कागदाची मागणी सातत्याने वाढत आहे
1123,708699,D1,Agriculture,19.0,मातीची झीज झाल्यामुळा मातीच्या गुणवत्तेवर सगळ्यात जास्त प्रभाव पडता,मातीची झीज झाल्यामुळे मातीच्या गुणवत्तेवर सगळ्यात जास्त प्रभाव पडतो.
1124,716412,D2,Agriculture,19.375,चुना घालण्यासारख्या विविध रासायनिक उपचारांमुळे रासायनिक गुणधर्म वाढतात,चुना घालण्यासारख्या विविध रासायनिक उपचारांमुळे रासायनिक गुणधर्म वाढतात
1125,719677,D4,Agriculture,18.5,"राजू , सततच्या मासेमारीमुळे समुद्र मासळीचा दर्जा खालावत चालला आहे","राजू, सततच्या मासेमारीमुळे समुद्रातील माशांचा दर्जा खराब होत चालला आहे."
1126,706519,D1,Banking,19.0,व्याज कव्हरेज गुणोत्तर ह्या कंपनीचा कर्जाच्या पेमेंटचो सन्मान करुचा क्षमतेचा येक माप असा,व्याज कव्हरेज गुणोत्तर ही कंपनीच्या कर्जाच्या पेमेंटच्या क्षमतेचे एक माप आहे.
1127,724794,D2,Agriculture,19.375,"कॉफीच्या बिया पारंपारिकपणे निवडल्या जातात , कापणी केल्या जातात , पिकल्यावर फक्त बियाणांची निवड समाविष्ट असते","कॉफीच्या बिया पारंपारिकपणे निवडल्या जातात, कापणी केली जाते, पिकल्यावर फक्त बियाणांची निवड समाविष्ट असते."
1128,721510,D4,Banking,18.5,"जर तुम्हाला एखादी इमारत खरेदी करायची असेल , तर तुम्ही गुंतवणुकीच्या रोख प्रवाहाचा वापर करू शकता",जर तुम्हाला एखादी इमारत खरेदी करायची असेल तर तुम्ही गुंतवणुकीच्या रोख प्रवाहाचा वापर करू शकता
1129,706396,D1,Banking,19.0,आर्थिक भूमिका खयच्याव उद्योगात आढळू शकतत आणि त्यात अकाउंटंटसारख्या नोकरीच्या पदव्यांचो समावेश होता,आर्थिक भूमिका त्या उद्योगात आढळू शकत होती आणि त्यात अकाउंटंटसारख्या नोकरीच्या पदव्यांचा समावेश होता
1130,717849,D2,Agriculture,19.357,अंडी देणारी कोंबडी व मांस देणारी कोंबडी यात कोणाला जास्त किंमत मिळू शकते ?,अंडी देणारी कोंबडी आणि मांस देणारी कोंबडी यात कोणाला जास्त किंमत मिळू शकते?
1131,721918,D4,Agriculture,18.5,"तापमान आपल्या पिकासाठी अधिक महत्त्वाचे असते , ते वाढणे किंवा कमी होणे हानिकारक ठरू शकते","तापमान आपल्या पिकांसाठी अधिक महत्त्वाचे असते, ते वाढणे किंवा कमी होणे हानिकारक ठरू शकते."
1132,708438,D1,Agriculture,19.0,भारतात फुलांचा उत्पादन सजावटीसाठी आणि वेगवेगळ्या प्रकारच्या वस्तूंच्या निर्मितीसाठी केला जाता,भारतात फुलांचे उत्पादन सजावटीसाठी आणि वेगवेगळ्या प्रकारच्या वस्तूंच्या निर्मितीसाठी केले जाते.
1133,724728,D2,Banking,19.333,फायनान्शियल अकाउंटिंग स्टँडर्ड्स बोर्ड हायी ना नफा तत्ववर फायनान्शियल अकाउंटिंग फाउंडेशनकडथून चालाडतंस,फायनान्शियल अकाउंटिंग स्टँडर्ड्स बोर्ड नफा तत्ववर फायनान्शियल अकाउंटिंग फाउंडेशनकडून चालत आहे.
1134,721734,D4,Banking,18.5,"ई.सी.एस ही व्यवहार , पुनरावृत्ती आणि नियतकालिक निसर्गासाठी भरलेल्या पावतीची इलेक्ट्रॉनिक पद्धत आहे","ई.सी.एस ही व्यवहार, पुनरावृत्ती आणि नियतकालिक निसर्गासाठी भरलेल्या पावतीची इलेक्ट्रॉनिक पद्धत आहे"
1135,707013,D1,Banking,19.0,केंद्रीय मंत्रिमंडळ आणि बँकांच्यो संचालक मंडळान ह्या विलीनीकरणास मान्यता दिलान,केंद्रीय मंत्रिमंडळ आणि बँकांच्या संचालक मंडळांनी ह्या विलीनीकरणास मान्यता दिली
1136,717717,D2,Agriculture,19.324,रासायनिक खताच्या वापरामुळे पिकांना व जमिनीला काही फायदा होतो का ? त्याचे काही तोटे आहेत का ?,रासायनिक खताच्या वापरामुळे पिकांना व जमिनीला काही फायदा होतो का? त्याचे काही तोटे आहेत का?
1137,722041,D4,Banking,18.5,भाग भांडवलाच्या कायदेशीर बाबी न्यायालयीन कॉर्पोरेट कायदा प्रणाली मध्ये हाताळल्या जातात,भाग भांडवलाच्या कायदेशीर बाबी न्यायालयीन कॉर्पोरेट कायदा प्रणालीमध्ये हाताळल्या जातात
1138,708917,D1,Banking,19.0,सूक्ष्म अर्थशास्त्राचो अभ्यास करान तुमका आर्थिक अवस्थेत कुठले सुधार आणुचे विचार येतत काय ?,सूक्ष्म अर्थशास्त्राचा अभ्यास केल्यावर तुमच्या आर्थिक अवस्थेत कोणते सुधारणाचे विचार येत आहेत काय?
1139,714195,D2,Agriculture,19.318,सेंद्रीय शेतीमझारला खाद्यपदार्थसमा पोषक तत्वसनी कमी रहास आणि अँटिऑक्सिडंट्सनीबी कमी रहास,सेंद्रीय शेतीमझार्‍यातील खाद्यपदार्थांमध्ये पोषक तत्वे आणि अँटिऑक्सिडंट्स कमी आहेत.
1140,722694,D4,Banking,18.5,तुम्हाला माहिती आहे का की बाजारातील जोखीम एकाच वेळी संपूर्ण बाजारावर परिणाम करू शकते ?,तुम्हाला माहीत आहे का की बाजारातील जोखीम एकाच वेळी संपूर्ण बाजारावर परिणाम करू शकते?
1141,706922,D1,Banking,19.0,"लहान व्यवसायाची व्याख्या खाजगी मालकीचो कॉर्पोरेशन , भागीदारी अशी केली जाता",लहान व्यवसायाची व्याख्या खाजगी मालकीचे कॉर्पोरेशन आणि भागीदारी अशी केली जाते.
1142,715900,D2,Banking,19.278,"भारतामध्ये किमान मजुरी , किमान मजुरी कायद्याद्वारे शासित आहे",भारतामध्ये किमान मजुरी किमान मजुरी कायद्याद्वारे शासित आहे
1143,719583,D4,Banking,18.5,ऍपच्या वापरकर्त्यांकडून पैशांची देवाणघेवाण करण्यासाठी यू.पी.आय सेवांचा वापर केला जाऊ शकतो,ॲपच्या वापरकर्त्यांकडून पैशांची देवाणघेवाण करण्यासाठी यूपीआय सेवांचा वापर केला जाऊ शकतो
1144,710888,D1,Agriculture,19.0,"भूपृष्ठावरचा पाणि महासागरातला बाष्पीभवन , बाष्पोत्सर्जन आणि भूजलाच्या विसर्जनाद्वारे होता","भूपृष्ठावरील पाणी महासागरातले बाष्पीभवन, बाष्पोत्सर्जन आणि भूजलाच्या विसर्जनाद्वारे झाले."
1145,718362,D2,Banking,19.0,सामाजिक मदत मिळविण्यासाठी मी पात्र आहे किंवा नाही हे कसे तपासू ?,सामाजिक मदत मिळविण्यासाठी मी पात्र आहे की नाही हे कसे तपासावे?
1146,719349,D4,Banking,18.5,सिटीकॉर्प ने कमी बँक शिल्लक असलेल्या ग्राहकांना सेवा देण्यासाठी प्रथम ए.टी.एम स्थापित केले,सिटीकॉर्पने कमी बँक शिल्लक असलेल्या ग्राहकांना सेवा देण्यासाठी प्रथम एटीएम स्थापित केले
1147,724879,D1,Banking,19.0,एक इच्छुक व्यक्ती असा जी त्याच्याद्वारे प्रोत्साहन दिलेल्या संस्थात्मक नवकल्पनांमधना आर्थिक लाभ मिळवु शकता,एक इच्छुक व्यक्ती त्याच्याद्वारे प्रोत्साहन दिलेल्या संस्थात्मक नवकल्पनांमधून आर्थिक लाभ मिळवू शकतो.
1148,713017,D2,Agriculture,19.0,"पट्टी बांधामुये शेतमझारली सुकी , वल्ली माटी एकमझार मिसळी जास","पट्टी बांधून शेतावर सुकी, वल्ली माती एकमझार मिसळली जा."
1149,719752,D4,Agriculture,18.5,अंडी आणि दुग्धजन्य पदार्थ अशा प्राण्यांपासून येतात ज्यांना प्रतिजैविक दिले जात नाहीत,अंडी आणि दुग्धजन्य पदार्थ अशा प्राण्यांपासून येतात ज्यांना प्रतिजैविक दिले जात नाहीत
1150,724912,D1,Banking,19.0,संशोधन निधी ह्या एक संज्ञा असा ज्या सर्वोसाधारणपणे वैज्ञानिक संशोधनाकरता कोणत्याही निधीचो अंतर्भाव करता,संशोधन निधी ही एक संज्ञा आहे ज्यामध्ये सर्वोसाधारणपणे वैज्ञानिक संशोधनासाठी कोणत्याही निधीचा समावेश होतो.
1151,715228,D2,Agriculture,19.0,सोयाबीनची शेती मोठ्या प्रमाणात डोंगराळ भागात सर्व प्रकारच्या मातीमध्ये केली जाते,सोयाबीनची शेती मोठ्या प्रमाणात डोंगराळ भागात सर्व प्रकारच्या मातीमध्ये केली जाते
1152,722820,D4,Agriculture,18.5,अर्ध जलीय पिके वाढवण्यासाठी वापरल्या जाणाऱ्या लागवडीयोग्य जमिनीचे भातशेत पूरग्रस्त क्षेत्र,अर्ध जलीय पिके वाढवण्यासाठी वापरल्या जाणाऱ्या लागवडीयोग्य जमिनीचे भातशेत पूरग्रस्त क्षेत्र
1153,724931,D1,Banking,19.0,"आंतरराष्ट्रीय व्यापारात वस्तूंची आयात आणि निर्यात ह्येच्यावर सीमा शुल्क ठरवलेला असता , असा गणेश सांगा होतो","आंतरराष्ट्रीय व्यापारात वस्तूंची आयात आणि निर्यात यावर सीमा शुल्क ठरवले जाते, असे गणेश सांगतात."
1154,713890,D2,Banking,19.0,तुमले माहीत शे का भारतना अधिक विकास करीना बलतना योजना शेतीस,तुम्हाला माहीत आहे का भारताचे अधिक विकास करण्याच्या योजना शेतीसाठी
1155,719572,D4,Banking,18.5,पैसा हे आधुनिक अर्थ व्यवस्थेत सर्वात जास्त वापरले जाणारे विनिमयाचे माध्यम आहे,पैसा हे आधुनिक अर्थव्यवस्थेत सर्वात जास्त वापरले जाणारे विनिमयाचे माध्यम आहे
1156,724979,D1,Banking,19.0,कर्जाच्या माध्यमातना आपण आपली अडकलेली कामा पुर्ण करू शकताव आपल्याक कर्ज हफ्त्यांच्या रुपात फेडूचा लागता,कर्जाच्या माध्यमातून आपण आपले अडकलेले काम पूर्ण करू शकतो आणि आपले कर्ज हप्त्यांच्या रूपात फेडले पाहिजे.
1157,716253,D2,Agriculture,19.0,सुभाष ने मत्स्य पालनासाठी सगळ्यात आधी जवळच्या मासे बाजाराला शोधलं,सुभाषने मत्स्य पालनासाठी सगळ्यात आधी जवळच्या मासे बाजाराला शोधले.
1158,721824,D4,Agriculture,18.5,राष्ट्रीय कृषी विकास योजनेअंतर्गत भारतीय शेतकऱ्यांना अनेक अतिरिक्त सुविधा पुरवल्या जातात,राष्ट्रीय कृषी विकास योजनेअंतर्गत भारतीय शेतकऱ्यांना अनेक अतिरिक्त सुविधा पुरवल्या जातात
1159,709958,D1,Banking,19.0,पैशांची समस्या लपवूसाठी काही व्यापाऱ्यांच्या विक्री आणि उत्पन्नासाठी ओवरस्टेट फसवणूक असा,पैशांची समस्या लपवण्यासाठी काही व्यापाऱ्यांच्या विक्री आणि उत्पन्नासाठी ओवरस्टेट फसवणूक आहे
1160,716144,D2,Banking,19.0,"वैयक्तिक कर्जाचे व्याजदर खूप जास्त असते , त्याला कमी दराने पैसे घेऊन संपवून टाकायला हव","वैयक्तिक कर्जाचे व्याजदर खूप जास्त असतात, त्याला कमी दराने पैसे घेऊन संपवून टाकायला हवे."
1161,718936,D4,Agriculture,18.5,स्थिर क्रूड उत्पादन तयार करण्यासाठी बिया कॉफीच्या फळापासून वेगळे केल्या जातात,स्थिर क्रूड उत्पादन तयार करण्यासाठी बिया कॉफीच्या फळापासून वेगळे केल्या जातात
1162,725008,D1,Banking,19.0,एखाद्या व्यक्तिन पायाभुत सुवीधा क्षेत्रात जर पाच कोटींपेक्षा कमी गुंतवणूक केली तर तो लघु व्यवसायात येता,एखाद्या व्यक्तीने योग्य सुविधा क्षेत्रात जर पाच कोटींपेक्षा कमी गुंतवणूक केली तर तो लघु व्यवसायात येतो
1163,714143,D2,Banking,19.0,"लाँग पोझिशनना अर्थ असा व्हस की , गुंतवणूकदारना शेअर्स खरेदी करेल शे आणि त्या त्याना मालकीना शेतस","लाँग पोझिशनचा अर्थ असा आहे की, गुंतवणूकदारांना शेअर्स खरेदी करतील आणि त्या त्यांना मालकीचे असतील."
1164,720015,D4,Agriculture,18.5,"माझ्या वडिलांनी गावात एक छोटेसे हरितगृह बांधले आहे , त्यात अनेक प्रकारच्या वनस्पती आहेत","माझ्या वडिलांनी गावात एक छोटेसे हरितगृह बांधले आहे, त्यात अनेक प्रकारच्या वनस्पती आहेत"
1165,724833,D1,Banking,19.0,"बँकिंग गुप्तता , बँक आणि तिच्यो ग्राहकांमधीलो येक सशर्त करार असा की सगळे पूर्वगामी क्रियाकलाप सुरक्षित रव्हतला","बँकिंग गुप्तता, बँक आणि त्यांच्या ग्राहकांमध्ये एक सशर्त करार असा आहे की सर्व पूर्वगामी क्रियाकलाप सुरक्षित असतात."
1166,716530,D2,Agriculture,19.0,मासेमारी चे प्रकार किती आणि कोणते आहे त्याबद्दल महिती द्या ?,मासेमारीचे प्रकार किती आणि कोणते आहेत याबद्दल माहिती द्या.
1167,719887,D4,Banking,18.5,मनी मार्केट ही अशी जागा आहे जिथे अल्प मुदतीच्या दायित्वांची खरेदी आणि विक्री केली जाते,मनी मार्केट ही अशी जागा आहे जिथे अल्प मुदतीच्या दायित्वांची खरेदी आणि विक्री केली जाते
1168,724954,D1,Banking,19.0,"संजय सांगत व्हतो की , मॅक्रो इकॉनॉमिक्स मध्ये अर्थव्यवस्थेचे उपक्रम आणि निर्णय क्षमता ह्यांच्यावर काम करतत",संजय सांगतो की मॅक्रो इकॉनॉमिक्समध्ये अर्थव्यवस्थेचे उपक्रम आणि निर्णय क्षमता यांच्यावर काम करत आहेत
1169,717446,D2,Agriculture,19.0,रब्बी हंगामात कोणत्या पिकांची जास्त प्रमाणात वाढ होते ?,रब्बी हंगामात कोणत्या पिकांची जास्त प्रमाणात वाढ होते?
1170,719921,D4,Banking,18.5,इंटरनेटच्या माध्यमातून तुम्ही शेअर बाजार वापरू शकता हे तुम्हाला माहीत आहे का ?,इंटरनेटच्या माध्यमातून तुम्ही शेअर बाजार वापरू शकता हे तुम्हाला माहीत आहे का?
1171,724967,D1,Banking,19.0,पी.एफडीएफ मूलभूत सोयींमदी सुधारणा करूच्यासठी स्थानिक स्वराज्य संस्थांका निरनिराळे सोयी उपलब्ध करून दिता,पी.एफडीएफ मूलभूत सोयींमध्ये सुधारणा करण्यासाठी स्थानिक स्वराज्य संस्थांना निरनिराळे सोयी उपलब्ध करून दिल्या.
1172,715092,D2,Agriculture,19.0,"भारताची शेती मान्सूनवर अवलंबून आहे , म्हणून त्याला मान्सूनचा जुगार म्हणतात",भारताची शेती मान्सूनवर अवलंबून आहे म्हणून त्याला मान्सूनचा जुगार म्हणतात
1173,720858,D4,Agriculture,18.5,सामान्य ज्ञान असा आहे की घरगुती वनस्पतींचे सरासरी आयुष्य दोन ते पाच वर्षांपर्यंत असू शकते,सामान्य ज्ञान असा आहे की घरगुती वनस्पतींचे सरासरी आयुष्य दोन ते पाच वर्षांपर्यंत असू शकते
1174,724878,D1,Banking,19.0,आय.बी.ए.एन ही एक राष्ट्रीय सीमा ओलांडान बँक खाती ओळखुची आंतराष्ट्रीय स्तरावर मान्यता प्राप्त प्रणाली असा,आय.बी.ए.एन ही एक राष्ट्रीय सीमा ओलांडणाऱ्या बँक खात्यांची आंतरराष्ट्रीय स्तरावर मान्यताप्राप्त प्रणाली आहे.
1175,715974,D2,Agriculture,19.0,माझे वडील राष्ट्रीय शेती बाजारामुळे आता वर्च्युअल सामान खरेदी करू शकता,माझे वडील राष्ट्रीय शेती बाजारामुळे आता वर्च्युअल सामान खरेदी करू शकतात
1176,721964,D4,Agriculture,18.5,जंतूंचा नाश करण्यासाठी दुधाच्या पॅकेजिंग पूर्वी दुधाचे पाश्चरायझेशन केले जाते,जंतूंचा नाश करण्यासाठी दुधाच्या पॅकेजिंगपूर्वी दुधाचे पाश्चरायझेशन केले जाते
1177,724919,D1,Banking,18.941,"डिजिटल मनी ह्या कोणताही चलन असा , ज्या प्रामुख्यान डिजिटल संगणक प्रणालीवर व्यवस्थापित किंवा एक्सचेंज केला जाता","डिजिटल मनी हे एक असे चलन आहे, जे प्रामुख्याने डिजिटल संगणक प्रणालीवर व्यवस्थापित किंवा एक्सचेंज केले जाते."
1178,716216,D2,Agriculture,19.0,सर भारत विश्वामध्ये दुसरा सगळ्यात जास्त बटाटे उत्पादन करणारा देश आहे,सर भारत जगामध्ये सर्वाधिक बटाटे उत्पादन करणारा देश आहे.
1179,719753,D4,Agriculture,18.5,अभ्यासात असे आढळून आले आहे की मगरी आणि त्यांचे नातेवाईक हे अत्यंत बुद्धिमान प्राणी आहेत,अभ्यासात असे आढळून आले आहे की मगरी आणि त्यांचे नातेवाईक हे अत्यंत बुद्धिमान प्राणी आहेत
1180,724849,D1,Banking,18.941,ई विमा खाता अर्ज ऑनलाइन भरानं किंवा प्रत्यक्ष फॉर्म भरानं मान्यता प्राप्त व्यक्तीकडे सबमिट करून उघडूक येता,विमा खात्याचा अर्ज ऑनलाइन फॉर्म किंवा प्रत्यक्ष फॉर्म मान्यताप्राप्त व्यक्तीकडे सबमिट करून निकाल मिळतो.
1181,716808,D2,Banking,19.0,जर एखाद्या वस्तूची सध्याची किंमत खर्चाच्या किमतीपेक्षा जास्त असेल तर नफा होतो,जर एखाद्या वस्तूची सध्याची किंमत खर्चाच्या किमतीपेक्षा जास्त असेल तर नफा होतो
1182,718952,D4,Banking,18.5,खासगी बँकांमध्ये ए.टी.एम मधून पैसे काढण्यासाठी जास्त शुल्क आकारले जाते,खासगी बँकांमध्ये एटीएममधून पैसे काढण्यासाठी जास्त शुल्क आकारले जाते
1183,708189,D1,Banking,18.938,आवर्ती ठेव ह्यो बिनधोक्याच्या गुंतवणुकीचो एक प्रकार आसा जय बँकेत एक निश्चित रक्कम जमा केली जाता,"आवर्ती ठेव ही बिनधोक्याची गुंतवणुकीचा एक प्रकार आहे, जिथे बँकेत एक निश्चित रक्कम जमा केली जाते."
1184,714077,D2,Agriculture,19.0,किडासले दूसरा किडापासीन मारानं यालेच जैविक किडा नियंत्रण म्हणतस,दुसरा किडापासीन मारण्यानेच जैविक कीड नियंत्रण म्हणतात.
1185,720884,D4,Agriculture,18.5,पशुपालनाला प्रोत्साहन देण्याच्या उद्देशाने दुग्ध व्यवसाय विकास योजना सुरू करण्यात आली आहे,पशुपालनाला प्रोत्साहन देण्याच्या उद्देशाने दुग्ध व्यवसाय विकास योजना सुरू करण्यात आली आहे
1186,710109,D1,Agriculture,18.938,"सामाजिक आर्थिक ते जमीन भाडेकरार , होल्डिंग्सचा आकार , शेतांचे तुकडे होणे याचा शेतीवर परिणाम होतो","सामाजिक आर्थिक आणि जमीन भाडेकरार, होल्डिंग्सचा आकार, शेतांचे तुकडे होणे याचा शेतीवर परिणाम होतो."
1187,716305,D2,Agriculture,19.0,हायब्रीड बियाणांचे उत्पादन कंपन्यांद्वारे विशिष्ट जातीच्या परागकणां साठी केले जाते,हायब्रीड बियाणांचे उत्पादन कंपन्यांद्वारे विशिष्ट जातीच्या परागकणांसाठी केले जाते
1188,720883,D4,Agriculture,18.5,गांजाची लागवड करण्यासाठी टोळीने हायड्रोपोनिक्स ग्रोइंग सिस्टीमचा वापर केला,गांजाची लागवड करण्यासाठी टोळीने हायड्रोपोनिक्स ग्रोइंग सिस्टीमचा वापर केला
1189,706809,D1,Banking,18.938,"स्टॉक फंड ह्या एक फंड असा ज्यो स्टॉकमध्ये गुंतवणूक करता , ज्याका इक्विटी सिक्युरिटीज सुद्धा म्हणतत","स्टॉक फंड हा एक फंड आहे ज्यामध्ये स्टॉकमध्ये गुंतवणूक केली जाते, ज्याचे इक्विटी सिक्युरिटीज देखील म्हणते."
1190,716777,D2,Banking,19.0,वस्तू आणि भांडवलाच्या हालचालींचे नियमन करण्याच्या अधिकारातून आंतरराष्ट्रीय वित्त उत्पन्न होते,वस्तू आणि भांडवलाच्या हालचालींचे नियमन करण्याच्या अधिकारातून आंतरराष्ट्रीय वित्त उत्पन्न होते
1191,721519,D4,Banking,18.5,योग्य माहिती मिळाली नाही तर म्युच्युअल फंडात तुम्हाला खूप नुकसान सोसावे लागू शकते,योग्य माहिती मिळाली नाही तर म्युच्युअल फंडात तुम्हाला खूप नुकसान सोसावे लागू शकते
1192,724958,D1,Banking,18.938,ह्या आयकर किंवा संपत्ती कर चुकवणाऱ्यांका सध्याच्या कर दरांनुसार त्यांचा लपलेला उत्पन्न उघड करण्याची संमती देईत,या आयकर किंवा मालमत्ता कर चुकवणाऱ्यांना सध्याच्या कर दरांनुसार त्यांचा लपलेला उत्पन्न उघड करण्याची संमती द्यावी.
1193,717002,D2,Agriculture,19.0,इंटरनेटवरून माहिती वाचून माझ्या मित्राने ज्यूटचा प्रकार सांगितला,इंटरनेटवरून माहिती वाचून माझ्या मित्राने ज्यूटचा प्रकार सांगितला
1194,722615,D4,Banking,18.5,संपूर्ण ग्रामीण रोजगार योजना कार्यक्रम पंचायती राज संस्थांच्या माध्यमातून राबविण्यात आला,संपूर्ण ग्रामीण रोजगार योजना कार्यक्रम पंचायती राज संस्थांच्या माध्यमातून राबविण्यात आला
1195,724828,D1,Banking,18.938,डायरेक्ट डेबिट ह्यो येक आर्थिक व्यवहार असा ज्यात येक व्यक्ती दुसऱ्या व्यक्तीच्या बँक खात्यातसूनन पैसो काढता,डायरेक्ट डेबिट हा एक आर्थिक व्यवहार आहे ज्यात एक व्यक्ती दुसऱ्या व्यक्तीच्या बँक खात्यातून पैसे काढते.
1196,715273,D2,Agriculture,19.0,अर्जदाराचे वय अठरा वर्षापेक्षा जास्त असलं पाहिजे आणि तो शेतकरी वर्गाचा असायला हवा,अर्जदाराचे वय अठरा वर्षांपेक्षा जास्त असणे आवश्यक आहे आणि तो शेतकरी वर्गाचा असायला हवा.
1197,720449,D4,Banking,18.5,"वैयक्तिक वित्त भविष्यातील जोखमीपासून व्यक्ती , कंपनी किंवा कुटुंबाचे संरक्षण देखील करते","वैयक्तिक वित्त भविष्यातील जोखमीपासून व्यक्ती, कंपनी किंवा कुटुंबाचे संरक्षण देखील करते."
1198,709763,D1,Agriculture,18.938,भारत दुसऱ्या क्रमांकाचो सर्वात मोठो मत्स्य उत्पादक देश आसा आणि जागतिक उत्पादनात सात टक्के हीस्सो आसा,भारत दुसऱ्या क्रमांकाचा सर्वात मोठा मत्स्य उत्पादक देश आहे आणि जागतिक उत्पादनात सात टक्के हिस्सा आहे
1199,716296,D2,Banking,19.0,हाउसिंग सोसायटीच्या शेयर सोबत गुंतवणूकदारांना जोडण्यासाठी शेअर प्रमाणपत्र जारी करतात,हाउसिंग सोसायटीच्या शेअर्ससोबत गुंतवणूकदारांना जोडण्यासाठी शेअर प्रमाणपत्र जारी केले जाते.
1200,722672,D4,Banking,18.5,क्रेडिट कार्डची कालबाह्यता तारीख सहसा सोळा अंकी खाते क्रमांकाच्या तळाशी छापलेली आढळते,क्रेडिट कार्डची कालबाह्यता तारीख सहसा सोळा अंकी खाते क्रमांकाच्या तळाशी छापलेली आढळते
1201,724899,D1,Banking,18.938,"फायनान्समध्ये , लीव्हरेज ह्या कोणताही तंत्र असा ज्यामध्ये वस्तू खरेदी करण्याकरता निधी उधार घेणा समाविष्ट असा",फायनान्समध्ये लीव्हरेज हे एक असे तंत्र आहे ज्यामध्ये वस्तू खरेदी करण्याकरिता निधी उधार घेणे समाविष्ट आहे.
1202,716294,D2,Agriculture,19.0,"हवामान अलर्ट म्हणजे , नागरिकांना धोकादायक हवामानाविषयी चेतावणी देणे आहे",हवामान अलर्ट म्हणजे नागरिकांना धोकादायक हवामानाविषयी चेतावणी देणे आहे
1203,719128,D4,Agriculture,18.5,हा व्यवसाय सुरू करण्यासाठी इच्छुकांना जेवढी मेहनत करावी लागते तेवढाच त्यांना लाभही मिळतो,"हा व्यवसाय सुरू करण्यासाठी ज्याची मेहनत करावी लागते, तेवढाच त्यांना लाभही मिळतो."
1204,707375,D1,Banking,18.933,एकमेकांशी संबद्धीत कर्जाची व्यवस्था आणि संचालन एक किंवा अधिक व्यावसायिक आणि गुंतवणूक बँको मिळून करतत,एकमेकांशी संबंधित कर्जाची व्यवस्था आणि संचालन एक किंवा अधिक व्यावसायिक आणि गुंतवणूक बँका मिळून करतात
1205,713163,D2,Banking,19.0,भांडवली बाजार मा सरकार आणि कंपन्या जास्त टाईमना करता पैसा उभारु शकतस,"भांडवली बाजार, सरकार आणि कंपन्या जास्त वेळ घेता पैसा उभारू शकतात."
1206,720309,D4,Agriculture,18.5,खताचा उपयोग जमिनीला पोषक द्रव्ये देण्यासाठी व वाढ टिकवून ठेवण्यासाठी केला जातो,खताचा उपयोग जमिनीला पोषक द्रव्ये देण्यासाठी व वाढ टिकवून ठेवण्यासाठी केला जातो
1207,708584,D1,Agriculture,18.923,"हेच्यात मातीचा संरक्षण , मातीचा संशोधन आणि चांगल्या मातीची निगा पण अंतर्भूत आसा","यामध्ये मातीचे संरक्षण, मातीचे संशोधन आणि चांगल्या मातीची काळजी पण अंतर्भूत आहे."
1208,714892,D2,Banking,19.0,कुठल्याही प्रकारच्या चुकीपासुन वाचण्यासाठी कधीही ऑफलाइन के.वाय.सी केलेलं चांगल,कुठल्याही प्रकारच्या चुकीपासून वाचण्यासाठी कधीही ऑफलाइन के.वाय.सी केलेलं चांगले आहे.
1209,722559,D4,Agriculture,18.5,जमिनीच्या गुणधर्मातील त्रुटी दूर करण्यासाठी ग्रीन हाऊसचा वापर केला जातो,जमिनीच्या गुणधर्मातील त्रुटी दूर करण्यासाठी ग्रीन हाऊसचा वापर केला जातो
1210,709174,D1,Agriculture,18.923,हिरव्या खताक मिसळल्यामुळे पोषक तत्त्व आणि कर्बनिक पदार्थांक मिळतत आणि मातीची उत्पादनता वाढता,हिरव्या खताक मिसळल्यामुळे पोषक तत्व आणि कार्बनिक पदार्थांचे मिळतात आणि मातीची उत्पादनता वाढते
1211,717125,D2,Agriculture,19.0,फलोत्पादन ही औषधी सामग्री तयार करण्यासाठी बागांमध्ये वनस्पतींची लागवड करण्याची कला आहे,फलोत्पादन ही औषधी सामग्री तयार करण्यासाठी बागांमध्ये वनस्पतींची लागवड करण्याची कला आहे
1212,722703,D4,Banking,18.5,सार्वजनिक वित्त इष्ट परिणाम साध्य करण्यासाठी आणि अवांछित टाळण्यासाठी समायोजित करते,सार्वजनिक वित्त इष्ट परिणाम साध्य करण्यासाठी आणि अवांछित टाळण्यासाठी समायोजित करते.
1213,708417,D1,Agriculture,18.917,बॉम्बिक्स मोरी ह्यो सगळ्यात जास्त वापरलो जाणारो आणि अभ्यासलो जाणारो रेशिमकिडो आसा,"बॉम्बिक्स सर्वात जास्त वापरले जाणार आणि अभ्यासले जाणार, ते इतकेच आहे."
1214,713699,D2,Agriculture,19.0,हात गोया हाऊ सबुद हातवरी मासा पकडाना आणि शेलफिशना करता वापरतस,हाताने संपूर्ण हातावर मासे पकडा आणि शेलफिश वापर.
1215,721893,D4,Banking,18.5,बँकिंग गोपनीयता हा बँक आणि ग्राहक यांच्यातील वरील क्रियाकलाप सुरक्षित करण्यासाठी सशर्त करार आहे,बँकिंग गोपनीयता हा बँक आणि ग्राहक यांच्यातील वरील क्रियाकलाप सुरक्षित करण्यासाठी सशर्त करार आहे
1216,707063,D1,Banking,18.917,वैयक्तिक खाता ह्या त्या व्यक्तीचा सोताच्यो गरजांसाठी एखाद्यो व्यक्तीद्वारा वापरूचा खाता असा,वैयक्तिक खाते म्हणजे त्या व्यक्तीच्या सोप्या गरजांसाठी एखाद्या व्यक्तीद्वारे वापरले जाणारे खाते असे.
1217,714717,D2,Banking,19.0,टॅक्स भरानी टाईमले जर एखादा माणूसनी म्युच्युअल फंड मा पैसा गुताडेल व्हतीन तेबी सी.ए ले सागनं पडस,"टॅक्स भरण्याची वेळ जर एखादा माणूस म्युच्युअल फंडात पैसा गुंतवेल, तर ते सी.ए. ला सांगावे लागेल."
1218,718705,D4,Agriculture,18.5,आसाममध्ये चहाचा उद्योग वाढावा यासाठी युनियनने आसाम सरकारला सूचना दिल्या आहेत,आसाममध्ये चहाचा उद्योग वाढावा यासाठी युनियनने आसाम सरकारला सूचना दिल्या आहेत
1219,706771,D1,Banking,18.917,आर्थिक जोखीम ह्या आर्थिक व्यवहारांसह वित्तपुरवठ्याशी संबंधित विविध प्रकारच्यो जोखमींपैकी कोणताही असा,आर्थिक जोखीम ह्या आर्थिक व्यवहारांसह वित्तपुरवठ्याशी संबंधित विविध प्रकारच्या जोखमींपैकी कोणताही असा
1220,714921,D2,Banking,19.0,खात्याशी संबंधित सर्व माहिती भरून रोहित ने नेट बँकिंग सुविधेसाठी रजिस्ट्रेशन केले,खात्याशी संबंधित सर्व माहिती भरून रोहितने नेट बँकिंग सुविधेसाठी रजिस्ट्रेशन केले
1221,719825,D4,Agriculture,18.5,तुम्हाला माहित आहे का की दुधाचे उत्पादन प्राण्यांपासून केले जाते ?,तुम्हाला माहित आहे का की दुधाचे उत्पादन प्राण्यांपासून केले जाते?
1222,710301,D1,Banking,18.909,नैतिक बँक तिच्या गुंतवणूकीचे आणि कर्जाचे सामाजिक आणि पर्यावरणीय परिणाम हाताळता,नैतिक बँक तिच्या गुंतवणूकीचे आणि कर्जाचे सामाजिक आणि पर्यावरणीय परिणाम हाताळते
1223,712673,D2,Agriculture,19.0,वनस्पती संप्रेरक वनस्पतीसनी पूरी वाढ आणि पुनरुत्पादक परणाली नियंत्रित करस,वनस्पती संप्रेरक वनस्पतीसनी पूर्ण वाढ आणि पुनरुत्पादक प्रणाली नियंत्रित करते
1224,720832,D4,Agriculture,18.5,अनेक ठिकाणी गवत टेडर मशिनच्या अतिवापरामुळे मजुरांच्या उदरनिर्वाहावर परिणाम झाल्याचे दिसून येत आहे,अनेक ठिकाणी गवत टेडर मशीनच्या अतिवापरामुळे मजुरांच्या उदरनिर्वाहावर परिणाम झाल्याचे दिसून येत आहे
1225,709342,D1,Banking,18.889,आर्थिक भांडवलशाहीचो नफो आर्थिक भांडवलाच्या प्रत्येक हालचालीतुन निर्माण होता,आर्थिक भांडवलशाहीने आर्थिक भांडवलाच्या प्रत्येक हालचालीतून निर्माण झाले
1226,715085,D2,Agriculture,19.0,भारत सरकारने मत्स्यपालनासाठी निळी क्रांती आणि प्रधानमंत्री मत्स्य संपदा योजना सुरू केली आहे,भारत सरकारने मत्स्यपालनासाठी निळी क्रांती आणि प्रधानमंत्री मत्स्य संपदा योजना सुरू केली आहे
1227,722223,D4,Agriculture,18.5,बोगनविले सारख्या काटेरी झुडपांचा वापर इतर फुलांचे माकडांपासून संरक्षण देखील करते,बोगनविले सारख्या काटेरी झुडपांचा वापर इतर फुलांच्या माकडांपासून संरक्षण देखील करते
1228,706491,D1,Banking,18.889,बाँड मार्केटाक डेब्ट मार्केट किंवा क्रेडिट मार्केट असाही म्हणतत,बँड मार्केट डेब्ट मार्केट किंवा क्रेडिट मार्केट असेही म्हणत आहे
1229,716724,D2,Agriculture,19.0,काहो मास्टरजी आसाम आणि बंगालमध्ये चहाचे उत्पादन मोठया प्रमाणात होते ना,"मास्टरजी, आसाम आणि बंगालमध्ये चहाचे उत्पादन मोठ्या प्रमाणात होते ना?"
1230,718852,D4,Agriculture,18.5,"तलाव , तळी आणि सरोवरे यांमध्ये वाढणारे तण काढून टाकण्यासाठी कापणी यंत्रांचा वापर केला जातो","तलाव, तळी आणि सरोवरे यांमध्ये वाढणारे तण काढून टाकण्यासाठी कापणी यंत्रांचा वापर केला जातो."
1231,724874,D1,Banking,18.889,"कार्डामध्ये सोळा अंकी क्रेडिट कार्ड नंबर , धारकाचा नाव , कार्ड चालू झाल्याचा वर्ष आणि संपण्याची तारीख असता","कार्डामध्ये सोळा अंकी क्रेडिट कार्ड नंबर, धारकाचे नाव, कार्ड सुरू झाल्याचे वर्ष आणि संपण्याची तारीख असते."
1232,715471,D2,Agriculture,19.0,"कोंबडी चा पिंजरा वास्तवात , तुमच्या इतकी जास्त जागा प्रदान करू शकतो",कोंबडीचा पिंजरा वास्तवात तुमच्यापेक्षा जास्त जागा प्रदान करू शकतो.
1233,724374,D4,Agriculture,18.5,एकट्या दुग्ध व्यवसायात विशेष असलेले मोठे फार्म गेल्या शतकात किंवा त्याहून अधिक काळात उदयास आले आहेत,एकट्या दुग्ध व्यवसायात विशेष असलेले मोठे फार्म गेल्या शतकात किंवा त्याहून अधिक काळात उदयास आले आहेत
1234,706476,D1,Banking,18.867,प्रवास विमो ह्यो प्रवास करीत असताना होणारे अनपेक्षित नुसकान भरून काढूक येक विमो उत्पादन असा,प्रवास करत असताना होणारे अनपेक्षित नियम भरून काढणे आवश्यक आहे
1235,714136,D2,Banking,19.0,तुमले माहीत शे का बँक सर्वात जास्ती पगार वाला लोकेसले कर्ज देतस,तुम्हाला माहीत आहे का बँक सर्वात जास्त पगार असलेला लोकांना कर्ज देते?
1236,724488,D4,Banking,18.5,"व्यक्तीं साठी , क्रेडिट हे त्यांचे वर्तमान अपेक्षित उत्पन्न आणि भविष्यातील क्रयशक्ती वापरण्याचे साधन आहे","व्यक्तींसाठी, क्रेडिट हे त्यांचे वर्तमान अपेक्षित उत्पन्न आणि भविष्यातील क्रयशक्ती वापरण्याचे साधन आहे."
1237,724935,D1,Banking,18.867,"कर्जाच्या ई.एम्.आई चो हिशोब करण्यासाठी ई.एम्.आई कॅल्क्युलेटर चो वापर करू शकतव , असा संगीतानं समजावल्यान","कर्जाच्या ई.एम्.आईचे हिशोब करण्यासाठी ई.एम्.आई कॅल्क्युलेटरचा वापर करता येतो, असे समजले आहे."
1238,712639,D2,Agriculture,19.0,माती मान गरमाट रहावा मुये भोपयान बि लवकरे उगी जास,मातीचे तापमान टिकून राहिले पाहिजे आणि तिथे गोष्टी उगवल्या पाहिजेत.
1239,724348,D4,Banking,18.5,"एखाद्या वस्तूच्या किमतीवर उत्पादन खर्च , इच्छित वस्तूचा पुरवठा आणि उत्पादनाच्या मागणीचा परिणाम होतो","एखाद्या वस्तूच्या किमतीवर उत्पादन खर्च, इच्छित वस्तूचा पुरवठा आणि उत्पादनाच्या मागणीचा परिणाम होतो."
1240,709968,D1,Agriculture,18.846,प्रधानमंत्री ग्रामीण आवास योजना पयल्यांदा इंदिरा आवास योजना एक समाज कल्याण कार्यक्रम असा,प्रधानमंत्री ग्रामीण आवास योजना दरम्यान इंदिरा आवास योजना एक समाज कल्याण कार्यक्रम आहे
1241,715474,D2,Agriculture,19.0,क्रस्टेशियंन्स ते आहेत ज्यांना बाजारांमध्ये बघितलं जात आणि त्यांना खाण्याची आपल्याला सवय झाली आहे,क्रस्टेशियन्स ते आहेत ज्यांना बाजारात पाहिले जाते आणि त्यांना खाण्याची आपल्याला सवय झाली आहे
1242,724339,D4,Banking,18.5,मिलेनियल उद्योजकांनी असे व्यवसाय स्थापित केले जे टिकाऊपणाच्या उद्दीष्टांसह आर्थिक परतावा संतुलित करतात,मिलेनियल उद्योजकांनी असे व्यवसाय स्थापित केले जे टिकाऊपणाच्या उद्दीष्टांसह आर्थिक परतावा संतुलित करतात
1243,724926,D1,Banking,18.846,संपूर्ण ग्रामीण रोजगार योजना ग्रामीण गरिबांसाठी फायदेशीर रोजगार उपलब्ध करून देण्याच्यो उद्देशाने होता,संपूर्ण ग्रामीण रोजगार योजना ग्रामीण गरिबांसाठी फायदेशीर रोजगार उपलब्ध करून देण्याचा उद्देश होता.
1244,717257,D2,Banking,19.0,पाळीव प्राण्यांच्या विमा पॉलिसींमध्ये प्रामुख्याने कुत्रे आणि घोडे यांचा समावेश होतो,पाळीव प्राण्यांच्या विमा पॉलिसींमध्ये प्रामुख्याने कुत्रे आणि घोडे यांचा समावेश होतो
1245,724386,D4,Banking,18.438,किंमत ही वस्तू किंवा सेवांच्या बदल्यात एका पक्षाकडून दुसर्या पक्षाला दिलेली देय रक्कम किंवा भरपाई आहे,किंमत ही वस्तू किंवा सेवांच्या बदल्यात एका पक्षाकडून दुसऱ्या पक्षाला दिलेली देय रक्कम किंवा भरपाई आहे
1246,710561,D1,Agriculture,18.833,इच्छित ठिकाणी फळांची शेती केली जाता आणि अर्थ व्यवस्था तयार केली जाता,इच्छित ठिकाणी फळांची शेती केली जाते आणि अर्थ व्यवस्था तयार केली जाते
1247,715677,D2,Banking,19.0,तू माझ्यासाठी माझी पासबुक स्टेटमेंट प्रिंट करून आणशील का ?,तुम्ही माझ्यासाठी माझी पासबुक स्टेटमेंट प्रिंट करून आणाल का?
1248,722380,D4,Agriculture,18.433,कोशिंबिरीसाठी वापरण्यात येणारा एक पाला व त्याचे झाड हे डेझी कुटुंब एक वार्षिक वनस्पती आहे,कोशिंबिरीसाठी वापरण्यात येणारा एक पाला आणि त्याचे झाड डेझी कुटुंबातील एक वार्षिक वनस्पती आहे
1249,707500,D1,Agriculture,18.812,"घोडे , खेचर , बैल , म्हैस , उंट यांचो वापर शेती उत्पादना खरेदीदारांपर्यंत पोचवण्यासाठी करतत","घोडे, खेचर, बैल, म्हैस, उंट यांचा वापर शेती उत्पादना खरेदीदारांपर्यंत पोहोचवण्यासाठी केला जातो."
1250,724677,D2,Agriculture,19.0,"औद्योगिक क्रांतीच्या काळात , कापूस कताईच्या यंत्राने भारतीय विणकरांचे उपजीविकेचे साधन हिरावून घेतले",औद्योगिक क्रांतीच्या काळात कापूस कताईच्या यंत्राने भारतीय विणकरांचे उपजीविकेचे साधन हिरावून घेतले.
1251,723960,D4,Banking,18.429,"प्रधानमंत्री योजनेचा फायदा मले भेटनं का नाय , हे मले कस मायती होईन ?","प्रधानमंत्री योजनेचा फायदा मला का मिळत नाही, हे मला कसे माहीत होईल?"
1252,712575,D1,Banking,18.8,माका माझ्या सोन्याच्या दागिन्यांसाठी माका कर्जा माका खय मेळतल ?,मला माझ्या सोन्याच्या दागिन्यांसाठी कर्जाची गरज आहे का?
1253,714046,D2,Agriculture,19.0,मासामारीकरता चांगलं तंत्रज्ञानना वापर करावर उत्पादनमा वाढ व्हस,मासेमारीसाठी चांगले तंत्रज्ञान वापरून उत्पादन वाढवा
1254,724464,D4,Agriculture,18.429,बारमाही पिके ही अशी पिके असतात ज्यांना वार्षिक पिकांप्रमाणे दरवर्षी पुनर्लावणी करण्याची आवश्यकता नसते,बारमाही पिके ही अशी पिके असतात ज्यांना वार्षिक पिकांप्रमाणे दरवर्षी पुनर्लावणी करण्याची आवश्यकता नसते
1255,724976,D1,Agriculture,18.778,"एक चांगला , स्वच्छ , ताज्या पाण्याचो स्त्रोत , पुरेश्या प्रमाणात हिरवळ , चांगल्या औषधांचो स्त्रोत असाक व्हया","एक चांगला, स्वच्छ, ताज्या पाण्याची स्रोत, पुरेशी हिरवळ, चांगल्या औषधांचा स्रोत असावा."
1256,724708,D2,Agriculture,19.0,"सेंद्रिय शेतीची एक प्रमुख विशेषता म्हणजे , अनुवंशिक रुपाने इंजीनियर झाडे आणि प्राण्यांना बहिष्कृत करणे",सेंद्रिय शेतीचे एक प्रमुख वैशिष्ट्य म्हणजे अनुवंशिक रुपाने तयार केलेले झाडे आणि प्राणी बहिष्कृत करणे
1257,724497,D4,Banking,18.429,"सिक्युरिटीज प्रमाणपत्राद्वारे दर्शविले जाऊ शकतात किंवा अधिक सामान्यपणे , ते गैर प्रमाणपत्र असू शकतात",सिक्युरिटीज प्रमाणपत्राद्वारे दर्शविले जाऊ शकतात किंवा अधिक सामान्यपणे ते गैरप्रमाणपत्र असू शकतात
1258,724933,D1,Agriculture,18.722,"ऊसाचे कारखाने महाराष्ट्र , उत्तर प्रदेश , तामिळनाडू , कर्नाटक , आंध्र प्रदेश , गुजरात अश्या ठिकाणावर आसात","अमेरिकेचे कारखाने महाराष्ट्र, उत्तर प्रदेश, तामिळनाडू, कर्नाटक, आंध्र प्रदेश, गुजरात या ठिकाणी असतात."
1259,714576,D2,Banking,19.0,आपले माहिती शे का करजंना टाईमले कर्जदारनी बरोबर ग्यारंटीदारनी मोठी जबाबदारी रहास,आपल्या माहितीनुसार कर्जदारांनी बरोबर गॅरंटीदार म्हणून मोठी जबाबदारी असते.
1260,718882,D4,Banking,18.423,"मॅक्रोइकॉनॉमिक्स आंतरराष्ट्रीय व्यापार , आर्थिक वाढ , चलनवाढ आणि राष्ट्रीय उत्पन्नाचा अभ्यास करते","मॅक्रोइकॉनॉमिक्स आंतरराष्ट्रीय व्यापार, आर्थिक वाढ, चलनवाढ आणि राष्ट्रीय उत्पन्नाचा अभ्यास करते."
1261,710675,D1,Agriculture,18.611,"ग्रीन टी , जास्मिन टी , फर्मेंटेड टी , व्हाईट टी , येलो टी एवढे चहाचे प्रकार असत","ग्रीन टी, जास्मिन टी, फर्मेंटेड टी, व्हाईट टी, येलो टी एवढे चहाचे प्रकार आहेत."
1262,724741,D2,Banking,19.0,"नेटबँकिंग , फोनबँकिंगमा जारी करेल धनादेश ब्यांकना खाताले भेट दिसन पेमेंट थांबाडानी विनंती करु शकतंस","नेटबँकिंग, फोनबँकिंगमध्ये जारी केलेला धनादेश बँकेच्या खात्याला दिसल्यास पेमेंट थांबवण्याची विनंती करू शकतंस."
1263,719868,D4,Banking,18.423,तुम्हाला माहित आहे का की स्टँड अप भारत विशेषतः मागासवर्गीय आणि महिलांसाठी आहे,तुम्हाला माहित आहे का की स्टँड अप भारत विशेषतः मागासवर्गीय आणि महिलांसाठी आहे
1264,706458,D1,Banking,18.5,निधी योजना म्हणजे कॉस्ट कृती अनुदानाचो प्रशासकीय आणि आर्थिक व्यवस्थापन नियंत्रित करणारी यंत्रणा,निधी योजना म्हणजे कॉस्ट कृती अनुदानाचे प्रशासकीय आणि आर्थिक व्यवस्थापन नियंत्रित करणारी यंत्रणा
1265,724735,D2,Banking,19.0,क्राउडफंडिंगमझार इंटरनेटवरी मोठा संख्यामा लोकेसकडथून पैसा उभारतंस आणि एखादा प्रकल्पले नैते उपक्रमले निधी देतंस,क्राउडफंडिंग इंटरनेटवरून मोठ्या संख्येने लोकांकडून पैसा उभारतंस आणि एखादे प्रकल्प तसेच नाती उपक्रम निधी देतंस
1266,720220,D4,Agriculture,18.417,"मासेमारीची काही व्यवसाय तंत्र , ट्रोलिंग , ड्रॅगिंग आणि जाळी देखील आहे","मासेमारीचा काही व्यवसाय तंत्र, ट्रोलिंग, ड्रॅगिंग आणि जाळी देखील आहे."
1267,706686,D1,Banking,18.5,मालमत्तेचो विमो मालमत्तेक होणाऱ्या बहुतेक जोखमींपासून संरक्षण प्रदान करता,मालमत्तेचे विमो मालमत्तेला होणाऱ्या बहुतेक जोखमींपासून संरक्षण प्रदान करतो
1268,724746,D2,Banking,19.0,तु ऐकल का ? एस.बी.आई बँकेने बचत खाते उघडण्यासाठी व के.वाई.सी अपडेटसाठी ऑनलाइन सुविधा देण्याची घोषणा केली म्हने,तुम्ही ऐकले का? एस.बी.आई बँकेने बचत खाते उघडण्यासाठी व के.वाई.सी अपडेटसाठी ऑनलाइन सुविधा देण्याची घोषणा केली.
1269,718731,D4,Banking,18.409,पाठवणार्या बँकेद्वारे आणि प्राप्त करणार्या बँकेद्वारे हस्तांतरण शुल्क अनेकदा आकारले जाते,पाठवणाऱ्या बँकेद्वारे आणि प्राप्त करणाऱ्या बँकेद्वारे हस्तांतरण शुल्क अनेकदा आकारले जाते
1270,709612,D1,Agriculture,18.5,मोहन यांनी बनवलेलला सेंद्रिय मालाक मागणी देशभरातील्या नियोजनबद्ध कृषी विपणनाचे एक काम असा,मोहन यांनी सेंद्रिय मालाची मागणी देशभरातील नियोजनबद्ध कृषी विपणनाचे एक काम केले आहे.
1271,713345,D2,Agriculture,19.0,राम तेल म्हंजे नायजर तेलनं उत्पन्न हायी बाकीना तेलस्पेक्षा जास्त भेटस,राम तेल म्हणजे नायजर तेलातून उत्पन्न नाही बाकीना तेलापेक्षा जास्त मिळते
1272,722486,D4,Agriculture,18.409,मातीचे आरोग्य तपासण्यासाठी शासनाकडून मृदा आरोग्य पत्रिका योजना राबविण्यात येत आहे,मातीचे आरोग्य तपासण्यासाठी शासनाकडून मृदा आरोग्य पत्रिका योजना राबविण्यात येत आहे
1273,706536,D1,Banking,18.5,"समुदाय विकास बँक नियम , पात्रता आणि व्याख्येच्या अधीन असतत जे राज्यानुसार बदलतत",समुदाय विकास बँकेचे नियम पात्रता आणि व्याख्येच्या अधीन आहेत जे राज्यानुसार बदलतात
1274,724707,D2,Banking,19.0,सुरुवातीला भारतीय रिझर्व बँक चे मुख्यालय कोलकत्यामध्ये होतं जे नंतर बदलून मुंबईमध्ये स्थलांतरीत केलं गेलं,"सुरुवातीला भारतीय रिझर्व बँकेचे मुख्यालय कोलकातामध्ये होते, जे नंतर मुंबईत स्थलांतरित केले गेले."
1275,721692,D4,Banking,18.389,नफा म्हणजे मालमत्तेच्या किंवा मालमत्तेच्या मूल्यात होणारी सामान्य वाढ,नफा म्हणजे मालमत्तेच्या किंवा मालमत्तेच्या मूल्यामध्ये होणारी सामान्य वाढ
1276,712109,D1,Banking,18.5,यू.पी.आय च्या सेवेतून केलेल्या ओलांडाळीची माहिती माका प्रत्येक वेळेस मेलतळी काय ?,यू.पी.आय च्या सेवेतून केलेल्या ओलांडाळीची माहिती मला प्रत्येक वेळेस मिळते काय?
1277,715764,D2,Agriculture,19.0,पुदिन्याच सेवन मानसिक ताण तणावापासून वाचण्यासाठी खूपच चांगलं असतं,पुदिन्याचे सेवन मानसिक ताण तणावापासून वाचण्यासाठी खूपच चांगले असते.
1278,722791,D4,Agriculture,18.367,"जे लोक शेतीचे मालक आहेत किंवा चालवतात त्यांना पशुपालक , पशुपालक किंवा साठवणूक करणारे म्हणतात",जे लोक शेतीचे मालक आहेत किंवा चालवतात आणि साठवणूक करणारे त्यांना पशुपालक म्हणतात
1279,711626,D1,Agriculture,18.5,वाहन खरेदी करूक शेतकऱ्यांका आर्थिक मदत दिली जाता की नाय आणि त्यासाठी काय पात्रता लागता ?,वाहने खरेदी करण्यासाठी शेतकऱ्यांना आर्थिक मदत दिली जाते की नाही आणि त्यासाठी काय पात्रता लागते?
1280,724813,D2,Banking,19.0,संरक्षित प्रतिज्ञापत्रात कर्जदाराच्या कर्जाच्या दायित्वाची जबाबदारी स्वीकारण्याचे वचन समाविष्ट असते,संरक्षित प्रतिज्ञापत्रात कर्जदाराच्या कर्जाच्या दायित्वाची जबाबदारी स्वीकारण्याचे वचन समाविष्ट असते
1281,724377,D4,Agriculture,18.367,"डिजिटल तंत्र आर्टिफिशियल इंटेलिजेंस , रोबोटिक्स , सेन्सर , कम्युनिकेशन नेटवर्क एकत्रित करण्याची प्रक्रिया आहे",डिजिटल तंत्र आर्टिफिशियल इंटेलिजेंस रोबोटिक्स सेन्सर कम्युनिकेशन नेटवर्क एकत्रित करण्याची प्रक्रिया आहे
1282,707305,D1,Banking,18.5,"अर्थमंत्रालय सरकारी कार्यक्रमांचो विकास आणि अंमलबजावणीचा प्रभारी युनिट आसा , ह्या ध्यानात ठेव","अर्थमंत्रालय सरकारी कार्यक्रमांचा विकास आणि अंमलबजावणीचा प्रभारी युनिट आहे, ह्या ध्यानात ठेवा."
1283,716284,D2,Banking,19.0,"स्त्रीवादी उद्योजक सहयोग , समानता आणि परस्पर सन्मान यांच्या आधारावर पैसे प्राप्त करण्याचे साधन आहे",स्त्रीवादी उद्योजक सहयोग समानता आणि परस्पर सन्मान यांच्या आधारावर पैसे प्राप्त करण्याचे साधन आहे
1284,720763,D4,Agriculture,18.357,जंगलातले लाकडी झाडे आणि इतर लाकडी वनस्पतीं मध्ये दोन श्रेणी असतातः जिम्नोस्पर्म आणि अँजिओस्पर्म,जंगलातील लाकडी झाडे आणि इतर लाकडी वनस्पतींमध्ये दोन श्रेणी असतात: जिम्नोस्पर्म आणि अँजिओस्पर्म
1285,707546,D1,Agriculture,18.5,"ज्ये कंपन्ये लाकडाचो कच्चो माल म्हणून वापर करतत , त्येंचो लगदा आणि कागद उद्योगात समावेश होता","अनेक लाकूड कच्चा माल म्हणून वापरले जात होते, त्यामध्ये कागद आणि उद्योग समाविष्ट होता."
1286,718080,D2,Banking,18.938,"डेबिट आणि क्रेडिट कार्डचा पिन मला बदलायचा आहे , त्यासाठी मला माहिती पाठवू शकाल का ?","डेबिट आणि क्रेडिट कार्डचा पिन मला बदलायचा आहे, त्यासाठी मला माहिती पाठवू शकाल का?"
1287,724462,D4,Agriculture,18.35,"कारले एक उष्णकटिबंधीय द्राक्षांचा वेल आहे जो गोड फॅमिली आणि झुचिनी , स्क्वॅश , भोपळा , काकडीशी जवळचा संबंध आहे","कारले एक उष्णकटिबंधीय द्राक्षांचा वेल आहे जो गोड फॅमिली आणि झुचिनी, स्क्वॅश, भोपळा, काकडीशी जवळचा संबंध आहे"
1288,711668,D1,Agriculture,18.5,कीटकांचो प्रादुर्भाव रोखण्यासाठी रासायनिक कीटकनाशकाचो वापर करतत काय ?,कीटकांचे प्रादुर्भाव रोखण्यासाठी रासायनिक कीटकनाशकाचा वापर करत आहात का?
1289,713731,D2,Banking,18.938,धाकला धंदा त्या शेतस ज्या सरकारकडून मदत मांगू शकतस आणि फायदाना कर योजनासना लाभ उठावु शकतस,धाकला धंदा त्या शेतज्या सरकारकडून मदत मागावी शकत आणि फायदानासाठी कर योजनांचा लाभ घेऊ शकत
1290,719266,D4,Agriculture,18.346,अनुवांशिकरित्या सुधारित पिके ही अशी पिके आहेत ज्यांचे अनुवांशिक साहित्य सुधारित केले जाते,अनुवांशिकरित्या सुधारित पिके ही अशी पिके आहेत ज्यांचे अनुवांशिक साहित्य सुधारित केले जाते
1291,711010,D1,Banking,18.5,वित्तीय संस्था देशाच्या विकासासाठी प्रोत्साहनात्मक क्रियाकलाप देखील करतत,वित्तीय संस्था देशाच्या विकासासाठी प्रोत्साहनात्मक क्रियाकलाप करत आहेत
1292,715745,D2,Banking,18.938,"पासबुक चा वापर बँक , बिल्डींग , सोसायटी चे देवाणघेवाण जमा खात्यावर रेकॉर्ड करण्यासाठी केला जातो","पासबुकचा वापर बँक, बिल्डिंग, सोसायटीच्या जमा खात्यावर रेकॉर्ड करण्यासाठी केला जातो."
1293,722656,D4,Banking,18.346,बाँड मार्केट डेट मार्केट किंवा क्रेडिट मार्केट हे देखील एक आर्थिक बाजार आहे,बाँड मार्केट डेट मार्केट किंवा क्रेडिट मार्केट हे देखील एक आर्थिक बाजार आहे
1294,709004,D1,Banking,18.5,आर्थिक संस्थानांचे ग्राहक आपल्या घेवाण देवाण किंवा क्रेडीट कार्ड खात्याच्या बिलातून पेमेंट करत,आर्थिक संस्थानांचे ग्राहक आपल्या घेवाण देवाण किंवा क्रेडिट कार्ड खात्याच्या बिलातून पेमेंट करतात
1295,724743,D2,Banking,18.938,ग्राहकांकडून वस्तू खरेदीचे मूल्य व ती वस्तू तयार करण्यासाठी लागणारा खर्च यामधील अंतर म्हणजे फायदा होय,ग्राहकांकडून वस्तू खरेदीचे मूल्य आणि ती वस्तू तयार करण्यासाठी लागणारा खर्च यामधील फरक म्हणजे फायदा होय.
1296,719280,D4,Banking,18.333,वर्तमान मूल्य हे भविष्यातील रकमेचे किंवा रोख प्रवाहाच्या प्रवाहाचे वर्तमान मूल्य आहे,वर्तमान मूल्य हे भविष्यातील रकमेचे किंवा रोख प्रवाहाचे वर्तमान मूल्य आहे
1297,707567,D1,Agriculture,18.5,डाळ ही साध्या शाकाहारी जेवणाच्या थाळीतलो एक मुख्य पदार्थ आसा ज्याच्यात प्रोटीन असता,डाळ ही साधी शाकाहारी जेवणाच्या थाळीतील एक मुख्य पदार्थ आहे ज्यामध्ये प्रोटीन असते
1298,716110,D2,Agriculture,18.929,वन इंजीनियरिंग मध्ये तुम्हाला जटील वन आणि नैसर्गिक संसाधन संचालनाचा अवलंब करण्यासाठी तयार करते,अभियांत्रिकीमध्ये तुम्हाला जटिल वन आणि नैसर्गिक संसाधन संचालनाचा अवलंब करण्यासाठी तयार केले जाते.
1299,724490,D4,Banking,18.324,भाग भांडवल हा कॉर्पोरेशन इक्विटीचा एक भाग आहे जो कॉर्पोरेशनमधील भागधारकांना भाग देऊन प्राप्त केला गेला आहे,भाग भांडवल हा कॉर्पोरेशन इक्विटीचा एक भाग आहे जो कॉर्पोरेशनमधील भागधारकांना भाग देऊन प्राप्त केला गेला आहे
1300,712010,D1,Banking,18.5,मोबाईलाचा रिचार्ज टेलिफोनाचा बिल आणि बाकीची बिला भरूच्या खातीर खयच्या ॲप्लिकेशनाचो वापर करूक होयो ?,"मोबाईलचा रिचार्ज, टेलिफोनचा बिल आणि बाकीची बिले भरण्यासाठी या ॲप्लिकेशनचा वापर करायचा आहे का?"
1301,715414,D2,Banking,18.929,"कर्ज , बाँड , वित्तपुरवठा यांचा वापर चालू कार्यरत खर्चाच्या वित्तपुरवठ्यासाठी नाही केला जाणार","कर्ज, बाँड आणि वित्तपुरवठ्याचा वापर चालू कार्यरत खर्चाच्या वित्तपुरवठ्यासाठी केला जाणार नाही."
1302,721583,D4,Agriculture,18.318,"क्रॅब , कोळंबी , कोळंबी मासे क्रस्टेसिअन्स नावाच्या अपृष्ठवंशी सजीवांचे आहेत","क्रॅब, कोळंबी आणि कोळंबी मासे क्रस्टेसिअन्स नावाच्या अपृष्ठवंशी सजीवांचे आहेत."
1303,708508,D1,Banking,18.5,विदेशी बाजाराच्या प्रभावामुळे आपल्या उद्योग आणि निर्यातीत कमीजास्त परिणाम होतत,विदेशी बाजाराच्या प्रभावामुळे आपल्या उद्योग आणि निर्यातीत कमीजास्त परिणाम होत आहे.
1304,715640,D2,Agriculture,18.923,तांदळाची हुल निर्माण आणि पुरावठा करणाऱ्या कंपन्यांचे संपर्क तपशील आणि पत्ते प्राप्त करतात,तांदळाची निर्मिती आणि पुरावठा करणाऱ्या कंपन्यांचे संपर्क तपशील आणि पत्ते प्राप्त करतात
1305,722828,D4,Agriculture,18.278,"गवत , पेंढा , सायलेज , संकुचित आणि सोललेला चारा , तेल यांच्या मिश्रणापासून चारा तयार केला जातो","गवत, पेंढा, सायलेज, संकुचित आणि सोललेला चारा, तेल यांच्या मिश्रणापासून चारा तयार केला जातो."
1306,707929,D1,Agriculture,18.5,मेंढ्या बाजारात नेऊन त्यांचो लिलाव केलो जाता त्येकाचं मेंढी विक्रीचे आवार म्हणतत,मेंढ्या बाजारात नेऊन त्यांचा लिलाव झाला आणि त्यांच्या मेंढ्या विक्रीचे आवार म्हटले जाते.
1307,716648,D2,Banking,18.917,हायब्रीड सिक्युरिटीज डेट आणि इक्विटी सिक्युरिटीज या दोन्हींची काही वैशिष्ट्ये समान आहेत,हायब्रीड सिक्युरिटीज डेट आणि इक्विटी सिक्युरिटीज या दोन्हींची काही वैशिष्ट्ये समान आहेत
1308,724382,D4,Banking,18.278,"इलेक्ट्रॉनिक कार्ड , ज्याला ई कार्ड म्हणूनही असते , हे ई कॉमर्स व्यवहारांसाठी डिझाइन केलेले डेबिट कार्ड आहे","इलेक्ट्रॉनिक कार्ड, जे ई कार्ड म्हणूनही असते, ते ई-कॉमर्स व्यवहारांसाठी डिझाइन केलेले डेबिट कार्ड आहे."
1309,711640,D1,Agriculture,18.5,शेतकऱ्यांका त्यांचा पिकयलेल्या पीकांच्या उत्पन्नार होयो तितको फायदो जाता काय की नाय ?,शेतकऱ्यांचे पिकवलेल्या पिकांच्या उत्पन्नामुळे इतके फायदे होतात का नाही?
1310,724720,D2,Agriculture,18.917,कृषी विभागाच्या एफ.पी.ओ प्रोत्साहन योजनेद्वारे तयार केलेल्या सुविधेतून एफ.पी.ओ क्रेडिट गॅरेंटी घेतली,कृषी विभागाच्या एफ.पी.ओ प्रोत्साहन योजनेद्वारे तयार केलेल्या सुविधेतून एफ.पी.ओ क्रेडिट गॅरेंटी घेतली
1311,723595,D4,Banking,18.0,मी माया घरामंदी मोठा हाय त मले कर्ज काढासाठी काय करा लागन ?,मी माझे घर मोठे आहे तर मला कर्जासाठी काय करावे लागेल?
1312,709977,D1,Agriculture,18.5,प्लांट पॅथॉलॉजी ह्यो शब्द वनस्पती रोग आणि ज्ञान या तीन ग्रीक शब्दांपासून बनलो हा,प्लांट पॅथॉलॉजी हा शब्द वनस्पती रोग आणि ज्ञान या तीन ग्रीक शब्दांपासून बनला.
1313,716425,D2,Banking,18.909,खर्चाचा उपयोग काहीतरी उत्पादन करण्यासाठी किंवा सेवा प्रदान करण्यासाठी केला जातो,खर्चाचा उपयोग काहीतरी उत्पादन करण्यासाठी किंवा सेवा प्रदान करण्यासाठी केला जातो
1314,723581,D4,Banking,18.0,मले माया खात्यामंदी कितीक पैसा हाय थे पायन्यासाठी बँकेत जा लागनच का ?,मला खात्यामध्ये किती पैसे आहेत त्या प्रवासासाठी बँकेत जावे लागेल का?
1315,706892,D1,Banking,18.5,मौद्रिक सुधारणा म्हणजे चळवळ किंवा सिद्धांत ज्यो पैशाचो पुरवठा करणारो प्रणाली प्रस्तावित करता,मौद्रिक सुधारणा म्हणजे चळवळ किंवा सिद्धांत जो पैशाचा पुरवठा करणार प्रणाली प्रस्तावित करते
1316,717256,D2,Banking,18.909,राष्ट्रीय ग्रामीण उपजीविका अभियानामागे सरकारचे उद्दिष्ट ग्रामीण गरिबांना कुशल बनवणे आहे,राष्ट्रीय ग्रामीण उपजीविका अभियानामागे सरकारचे उद्दिष्ट ग्रामीण गरिबांना कुशल बनवणे आहे
1317,718986,D4,Banking,18.0,हे पैशाचे सामायिक मूल्य आहे जे एखाद्या व्यक्तीला पैसे गुंतवण्यास आकर्षित करते,हे पैशाचे सामायिक मूल्य आहे जे एखाद्या व्यक्तीला पैसे गुंतवण्यास आकर्षित करते
1318,706479,D1,Banking,18.5,फायनान्स उद्योगातल्या थोड्या कामगारांका बँकेच्या आर्थिक वर्षाच्या शेवटी बँकर्स बोनस दिलो जाता,फायनान्स उद्योगातील थोड्या कर्मचाऱ्यांच्या बँकेच्या आर्थिक वर्षाच्या शेवटी बँकर्स बोनस दिला जातो.
1319,716817,D2,Banking,18.889,परिपूर्ण परतावा म्हणजे एखाद्या मालमत्तेला विशिष्ट कालावधीत मिळालेला परतावा,परिपूर्ण परतावा म्हणजे एखाद्या मालमत्तेला विशिष्ट कालावधीत मिळालेला परतावा
1320,723383,D4,Agriculture,18.0,आय.एफ.सी.आय जास्तीत जास्त किती वर्षासाठी कर्जपुरवठा करते ?,आय.एफ.सी.आय जास्तीत जास्त किती वर्षांसाठी कर्जपुरवठा करते?
1321,707592,D1,Agriculture,18.5,"तुका ठाऊक हा काय , उत्तर अमेरिकेत ट्रकावर बसवलेली खत फवारणी यंत्रा सऱ्हास वापरतत","तुका ठाऊक काय, उत्तर अमेरिकेत ट्रकावर बसवलेली खत फवारणी यंत्राचा वापर करत आहेत."
1322,724696,D2,Agriculture,18.857,"रोगाच्या उपचारांमध्ये अँटीटॉक्सिन , वेदनाशामक , द्रव चिकित्सा , ॲसिडॉसिस आणि अँटिबायोटिक्स समाविष्ट असतात","रोगाच्या उपचारांमध्ये अँटीटॉक्सिन, वेदनाशामक, द्रव चिकित्सा, ॲसिडॉसिस आणि अँटिबायोटिक्स समाविष्ट असतात."
1323,724129,D4,Banking,18.0,एन.ई.एफ.टी न दोन लाख पाठवासाठी किती रुपये जास्तचे द्या लागन ?,एन.ई.एफ.टी साठी दोन लाख पाठवण्यासाठी किती अतिरिक्त रुपये द्यावे लागतील?
1324,706830,D1,Banking,18.5,सामाजिक उद्योजकता म्हणजे स्टार्ट अप कंपन्या आणि इतर उद्योजकांनी विकसित करण्यासाठी वापरणा,सामाजिक उद्योजकता म्हणजे स्टार्ट अप कंपन्या आणि इतर उद्योजकांनी विकसित करण्यासाठी वापरणे
1325,713371,D2,Banking,18.833,जास्त कर्जना व्याज भी जास्त येस,जास्त कर्ज आणि व्याज देखील जास्त आहे
1326,723117,D4,Agriculture,18.0,रंगारंगाच्या नव्या साधनाइपाई कास्तकाराइच्या डोक्यावरचा तरास कमी झाला का ?,रंगारंगाच्या नव्या साधनांमुळे कास्तकाराइच्या डोक्यावरील ताण कमी झाला का?
1327,710490,D1,Agriculture,18.5,स्थानांतरण कृषि त्या भागांत करतत जिकडे तंत्रज्ञान विकसित झालेला नाय हा,स्थानांतरण कृषी त्या भागांत करत होते जिथे तंत्रज्ञान विकसित झालेला नाही.
1328,716548,D2,Banking,18.8,इंडिया स्टॉक मार्केट अपडेट्समध्ये सर्व नवनवीन स्टॉक मार्केट बातम्या येतात,इंडिया स्टॉक मार्केट अपडेट्समध्ये सर्व नवीन स्टॉक मार्केट बातम्या येतात
1329,719525,D4,Banking,18.0,धारकांना मिळणारा कर लाभ अनेकदा अनेक पटीने कर्ज घेण्याच्या खर्चापेक्षा जास्त असेल,धारकांना मिळणारा कर लाभ अनेकदा कर्ज घेण्याच्या खर्चापेक्षा जास्त असेल
1330,708687,D1,Agriculture,18.5,बाजारात पाण्यातल्या झाडांची मागणी वाढल्यान पाण्याच्या झाडांचा उत्पादन फायदेशीर असा,"बाजारात पाण्यातल्या झाडांची मागणी वाढली आहे, पाण्याच्या झाडांचे उत्पादन फायदेशीर आहे."
1331,714534,D2,Agriculture,18.8,हवामानना अंदाज हाई संस्था कोनता बी ठिकानना हवामानना अंदाज लावस,हवामानाचा अंदाज संस्था कोणत्या ठिकाणी लावायचा हवामानचा अंदाज लावता येईल?
1332,718966,D4,Banking,18.0,विदेशी मुद्रा बाजार हे चलनांच्या व्यापारासाठी जागतिक विकेंद्रित बाजारपेठ आहे,विदेशी मुद्रा बाजार हे चलनांच्या व्यापारासाठी जागतिक विकेंद्रित बाजारपेठ आहे
1333,708278,D1,Banking,18.5,"गुंतवणुकीवरल्या परताव्याचो , अंतर्गत परताव्याच्या दरावांगडा गोंधळ जावचो नाय हेची काळजी घेवा","गुंतवणुकीवरील परताव्याबद्दल, अंतर्गत परताव्याच्या दरांमध्ये गोंधळ होणार नाही याची काळजी घ्या."
1334,716785,D2,Agriculture,18.727,विविध ऊर्जा स्त्रोतांचे कार्य करण्यासाठी जैव ऊर्जा विविध प्रक्रियांद्वारे कार्य करते,विविध ऊर्जा स्त्रोतांचे कार्य करण्यासाठी जैव ऊर्जा विविध प्रक्रियांद्वारे कार्य करते
1335,719527,D4,Banking,18.0,गुंतवणुकीला बाजारातील जोखमीसारख्या काही प्रमाणात गुंतवणुकीच्या जोखमीचा सामना करावा लागतो,गुंतवणुकीला बाजारातील जोखमीसारख्या काही प्रमाणात गुंतवणुकीच्या जोखमीचा सामना करावा लागतो
1336,709734,D1,Agriculture,18.5,"ओलाव्यापासना राखण करण्यासाठी , मी माझ्या सगळ्या स्टोअर हाऊसमधे खिडके बसवलय",ओलाव्यापासना राखण्यासाठी मी माझ्या सगळ्या स्टोअर हाऊसमध खिडक्या बसवल्या.
1337,715819,D2,Agriculture,18.5,फवारा मारण्याच्या यंत्रात द्रव रसायनांना भरुन कीटकनाशकांच्या रूपात उपयोगात आणले जाते,फवारा मारण्याच्या यंत्रात द्रव रसायनांना भरून कीटकनाशकांच्या रूपात उपयोगात आणले जाते
1338,720773,D4,Agriculture,18.0,शहरी शेती आर्थिक आणि सामाजिक विकासाच्या विविध स्तरांचे प्रतिबिंबित करू शकते,शहरी शेती आर्थिक आणि सामाजिक विकासाच्या विविध स्तरांचे प्रतिबिंबित करू शकते
1339,708541,D1,Agriculture,18.5,"समशीतोष्ण हवामान असलेल्या जगाच्या भागात अन्नधान्य , फायबर पीक म्हणान शेती केली जाता",समशीतोष्ण हवामान असलेल्या जगाच्या भागात अन्नधान्य आणि फायबर पीक म्हणून शेती केली जाते
1340,717601,D2,Agriculture,18.5,शेतकऱ्यांसाठी आधुनिक तंत्रज्ञानाचा वापर करुन विभागवार पीक पेरणीची माहिती उपलब्ध आहे का ?,शेतकऱ्यांसाठी आधुनिक तंत्रज्ञानाचा वापर करून विभागवार पीक पेरणीची माहिती उपलब्ध आहे का?
1341,724224,D4,Banking,18.0,स्कॉलरशिप भेटासाठी मले खात खोलने गरजेचे हाय तर कुणाशी संपर्क करा लागन ?,स्कॉलरशिप मिळवण्यासाठी मला कोणाशी संपर्क साधावा लागेल?
1342,707718,D1,Agriculture,18.5,पर्माकल्चरमध्ये विचारशून्य प्रयत्नांऐवजी विचारशील दृष्टी विकसित केली जाता,पर्माकल्चरमध्ये विचारशून्य प्रयत्नांऐवजी विचारशील दृष्टी विकसित केली जाते
1343,713789,D2,Agriculture,18.5,प्रधानमंत्री कृषी सिंचन योजना देशभरमा शेतीनं उत्पादन सुधारासाठेनं राष्ट्रीय आभियान शे,प्रधानमंत्री कृषी सिंचन योजना देशभरमा शेतीनं उत्पादन सुधारासाठेनं राष्ट्रीय अभियानांतर्गत आहे.
1344,723482,D4,Agriculture,18.0,जर शेतीमाल खरेदी करतांनी व्यापाऱ्याच्या वजनात दोष असन त कुठ तक्रार करा लागन ?,जर शेतीमाल खरेदी करताना व्यापाऱ्याच्या वजनात दोष असेल तर कुठे तक्रार करावी लागेल?
1345,710993,D1,Agriculture,18.5,लेट्युस डेझी ही एस्टेरेसी कुटुंबातली वार्षिक वनस्पती असा जी व्हर्सलाडसाठी वापरली जाता,लेट्युस डेझी ही एस्टेरेसी कुटुंबातील वार्षिक वनस्पती आहे जी व्हर्सलाडसाठी वापरली जाते
1346,712684,D2,Agriculture,18.5,बीटरूटमझार अँटिऑक्सिडेंट गुणधर्म शेतंस ज्या मानवी आरोग्यनाकरता चांगलं रहास,बीटरूटमझारचे अँटिऑक्सिडेंट गुणधर्म मानवी आरोग्यासाठी चांगले असतात.
1347,719884,D4,Banking,18.0,मॅक्रोइकॉनॉमिक्स संपूर्ण आर्थिक व्यवस्था संपत्ती निर्मितीचे कार्य समजून घेण्यास मदत करते,मॅक्रोइकॉनॉमिक्स संपूर्ण आर्थिक व्यवस्थेचे संपत्ती निर्मितीचे कार्य समजून घेण्यास मदत करते
1348,706455,D1,Banking,18.5,दीर्घकालीन वित्त ह्या ये क वर्षापेक्षो जास्त परिपक्वता असलेला कोणताही आर्थिक साधन असा,दीर्घकालीन वित्त हे ये किती वर्षांचे जास्त परिपक्वता असलेले कोणतेही आर्थिक साधन आहे.
1349,715448,D2,Agriculture,18.5,"कुरमुरे तांदळापासून बनतात त्यांना , आपण भेळपुरी सारख्या वस्तू बनवण्यासाठी वापरतो","कुरमुरे तांदळापासून बनतात, आपण भेळपुरी सारख्या वस्तू बनवण्यासाठी वापरतो."
1350,719117,D4,Agriculture,18.0,शेतकर्यांच्या दारात कृत्रिम रेतन सेवा पुरविण्याच्या पद्धतीत मोठ्या प्रमाणात सुधारणा झाली आहे,शेतकर्यांच्या दारात कृत्रिम रेतन सेवा पुरविण्याच्या पद्धतीत मोठ्या प्रमाणात सुधारणा झाली आहे
1351,710638,D1,Banking,18.5,कॉर्पोरेट फायनान्स जा कॉर्पोरेटच्या भांडवली संरचनेच्या निधीच्या स्त्रोतांशी संबंधित असा,कॉर्पोरेट फायनान्स कॉर्पोरेटच्या भांडवली संरचनेच्या निधीच्या स्त्रोतांशी संबंधित आहे.
1352,718089,D2,Banking,18.5,माझ्या बहिणीला दुसऱ्या गावाला पैसे पाठवण्यासाठी मला काय करावे लागेल ?,माझ्या बहिणीला दुसऱ्या गावाला पैसे पाठवण्यासाठी मला काय करावे लागेल?
1353,722806,D4,Agriculture,18.0,विध्वंसक मासेमारी पद्धती जलचर अधिवास आणि परिसंस्थेचे नुकसान करतात,विध्वंसक मासेमारी पद्धती जलचर अधिवास आणि परिसंस्थेचे नुकसान करतात
1354,708964,D1,Banking,18.5,खूप जास्त माल एका जागेसून दुसऱ्या जागेक पाठवूक तुमका सरकारकडना परवानगी घेऊची लागात,खूप जास्त माल एका जागेवरून दुसऱ्या जागी पाठवण्यासाठी तुमचा सरकारकडून परवानगी घेण्याची गरज आहे.
1355,717748,D2,Agriculture,18.5,शासकीय योजनेतून शेतीपंप घेण्यासाठी माझ्याकडे किती एकर शेतजमीन असणे गरजेचे आहे ?,शासकीय योजनेतून शेतीपंप घेण्यासाठी माझ्याकडे किती एकर शेतजमीन असणे गरजेचे आहे?
1356,722646,D4,Banking,18.0,तुम्हाला माहीत आहे का की आजारपण आणि बेरोजगारी विरुद्ध विम्याचे योगदान स्वरूप होते ?,तुम्हाला माहीत आहे का की आजारपण आणि बेरोजगारी विरुद्ध विम्याचे योगदान स्वरूप होते?
1357,710083,D1,Agriculture,18.5,"शलजम सामान्यतः जगभरातील समशीतोष्ण हवामानात त्यांच्या पांढऱ्या , मांसल टपरीसाठी उगवले जातात","शलजम सामान्यतः जगभरातील समशीतोष्ण हवामानात त्यांच्या पांढऱ्या, मांसल टपरीसाठी उगवले जातात"
1358,717857,D2,Agriculture,18.5,गुलाबाची रोपे कशी तयार करावी ? फुलाच्या जाती व लागवड करण्याची पद्धत याविषयी माहिती द्या,गुलाबाची रोपे कशी तयार करावी? फुलाच्या जाती व लागवडीची पद्धत याविषयी माहिती द्या.
1359,719794,D4,Banking,18.0,महात्मा गांधींनी ब्रिटीश सरकारच्या मिठाच्या उत्पादनाला आणि करांना मीठ बनवून विरोध केला होता,महात्मा गांधींनी ब्रिटीश सरकारच्या मिठाच्या उत्पादनाला आणि करांना मीठ बनवून विरोध केला होता
1360,707787,D1,Banking,18.5,बँकांच्या दुरावस्थेमुळे दोन हजार बारा मध्ये खासगी बँकांका वाचवूक सुरवात झालेली आसा,बँका बंद झाल्यामुळे दोन हजार बारामध्ये खासगी बँकांचे वाचवूक सुरू झाली असे.
1361,716502,D2,Agriculture,18.5,सर्व स्नायूंच्या ऊतींमध्ये प्रथिनांचे प्रमाण खूप जास्त असते,सर्व स्नायूंच्या ऊतींमध्ये प्रथिनांचे प्रमाण खूप जास्त असते
1362,718823,D4,Agriculture,18.0,माती कंडिशनर प्रक्रियेद्वारे खराब झालेली मातीला सुपीक बनविली जाते,माती कंडिशनर प्रक्रियेद्वारे खराब झालेली माती सुपीक बनविली जाते
1363,709658,D1,Banking,18.5,वित्तीय प्रबंधाकाच्या नुसार थंयंच गुंतवणूक करा जिकडसून योग्य भांडवल परताव्यासून अधिक फायदो होईत,वित्तीय प्रबंधांनुसार फक्त अशा गुंतवणूक करा ज्यामुळे योग्य भांडवल परताव्यासून अधिक फायदा होईल.
1364,713610,D2,Agriculture,18.5,"ट्रॅक्टर ना रेकवरी कापेल गवतना भारा एकमजार कराले सोपं जास , तवंय पटापट आवरावंस","ट्रॅक्टरने रेकव्हरी केल्यास गवताचे भार एक हजार कराले सोपे जाते, तू पटापट ये."
1365,719433,D4,Banking,18.0,तुम्ही तुमची कार भाड्याने घेतल्यास तुम्हाला गॅप इन्शुरन्स घेण्याची गरज नाही,तुम्ही तुमची कार भाड्याने घेतल्यास तुम्हाला गॅप इन्शुरन्स घेण्याची गरज नाही
1366,708168,D1,Agriculture,18.5,अशी काही उत्पादना आसत जेच्यात हातान सामान गोळा करुक येता जसा की तेंदुची पाना,अशी काही उत्पादने आहेत ज्यात हाताने सामान गोळा करता येते जसे की तेंदूची पाने
1367,718496,D2,Banking,18.5,ऑनलाईन पद्धतीने माझ्या कर्ज हफ्त्याची तपशीलवार माहिती मला कुठे तपासता येईल ?,ऑनलाईन पद्धतीने माझ्या कर्ज हफ्त्याची तपशीलवार माहिती मला कुठे तपासता येईल?
1368,720025,D4,Agriculture,18.0,मधमाशी हा एक प्रकारचा कीटक आहे ज्यापासून मध तयार करण्यासाठी त्याचे संगोपन केले जाते,मधमाशी हा एक प्रकारचा कीटक आहे ज्यापासून मध तयार करण्यासाठी त्याचे संगोपन केले जाते
1369,706798,D1,Banking,18.5,जेव्हा एखादा फर्म रोख रकमेची गरज भागवूक तिच्यो अंतर्गत साठ्याचो वापर करता तेव्हा त्याका निधी म्हणतत,"जेव्हा एखादे फर्म रोख रकमेची गरज भागवते, तेव्हा ते अंतर्गत साठवलेले पैसे म्हणून म्हणते."
1370,718165,D2,Banking,18.5,मला नॉन बँकिंग सिस्टमद्वारे कर्जासाठी मागणी करता येईल का ?,मला नॉन बँकिंग सिस्टमद्वारे कर्जासाठी मागणी करता येईल का?
1371,719203,D4,Agriculture,18.0,चकचकीत रंगाच्या बोगनविले द्राक्षांचा वेल एखाद्या आर्बरवर चढत असल्यासारखे काहीही नाटक जोडत नाही,चकचकीत रंगाच्या बोगनविले द्राक्षांचा वेल एखाद्या आर्बरवर चढत असल्यासारखे काहीही नाटक जोडत नाही
1372,711086,D1,Banking,18.5,"सिस्टीम सिध्दांत , जीवशास्त्र आणि समाजाच्या विविध क्षेत्रात अशा प्रकारचे नियम अस्तित्वात असत",सिस्टीम सिद्धांतानुसार जीवशास्त्र आणि समाजाच्या विविध क्षेत्रात अशा प्रकारचे नियम अस्तित्वात आहेत
1373,712787,D2,Banking,18.5,स्टाॅक गुंतवणूकवर जास्ती परतावाना करता मुकेशनी त्याना ठेवी गुताड्यात,मुकेशने स्टॉक गुंतवणुकीवर जास्त परतावा मिळवून त्या ठेवी गुताड्यात केली.
1374,721072,D4,Banking,18.0,एखाद्या व्यक्तीने त्याच्या डिमॅट खात्यात ठेवलेले स्टॉक दररोज बाजारात चिन्हांकित केले जातात,एखाद्या व्यक्तीने त्याच्या डिमॅट खात्यात ठेवलेले स्टॉक दररोज बाजारात चिन्हांकित केले जातात
1375,707472,D1,Banking,18.5,क्रेडिट कार्ड मुळे रोख रक्कम किंवा चेकची जास्त गरज न्हाहीशी झाली,क्रेडिट कार्डामुळे रोख रक्कम किंवा चेकची जास्त गरज झाली नाही.
1376,714056,D2,Banking,18.5,चेकनी तारीख काय शे आणि कितला दिन म्हां चेक जमा हुई हाई आपुन नेटबँकिंग म्हा देखु शकतस,"चेकची तारीख काय आणि कोणता दिवस, मी नेटबँकिंगद्वारे ते पाहू शकतो का?"
1377,719834,D4,Agriculture,18.0,विलग करण्याची प्रक्रिया वनस्पतीच्या पानांच्या कोन वितरणात अधिक इरेक्टोफाइल परिस्थितीत बदल करते,विलग करण्याची प्रक्रिया वनस्पतीच्या पानांच्या कोन वितरणात अधिक इरेक्टोफाइल परिस्थितीत बदल करते
1378,708387,D1,Banking,18.5,प्रत्येक व्यक्तीक विम्याचो फायदो मेळाक होयो ह्या प्रधानमंत्री सुरक्षा विमा योजनेचा उद्दिष्ट आसा,प्रत्येक व्यक्तीचे विम्याचे फायदे मिळणे हा प्रधानमंत्री सुरक्षा विमा योजनेचा उद्देश आहे
1379,717137,D2,Banking,18.5,चेक बुकमध्ये खातेधारकांना पैसे देण्यासाठी जारी केलेली पूर्व मुद्रित कागदी आदेश असतात,चेक बुकमध्ये खातेधारकांना पैसे देण्यासाठी जारी केलेले पूर्व मुद्रित कागदी आदेश असतात.
1380,720990,D4,Agriculture,18.0,"क्रस्टेशियन्स आर्थ्रोपॉड टॅक्सॉन तयार करतात ज्यात कोळंबी , क्रेफिश सारख्या प्राण्यांचा समावेश आहे","क्रस्टेशियन्स आर्थ्रोपॉड टॅक्सॉन तयार करतात ज्यात कोळंबी, क्रेफिश सारख्या प्राण्यांचा समावेश आहे"
1381,709585,D1,Banking,18.5,माका माझ्या व्यापारासाठी एका गुंतवणूकदारान दोन करोडचा अनुदान दिल्यान,मला माझ्या व्यापारासाठी एका गुंतवणूकदाराने दोन करोडचे अनुदान दिले.
1382,713530,D2,Agriculture,18.5,मासा धरा करता जास्ती होड्या कोणता भागमा वापरतस,मासा धरताना कोणते भाग वापरतास
1383,721086,D4,Banking,18.0,मालमत्ता विम्यामुळे मालमत्तेच्या बहुतेक जोखमींपासून संरक्षण मिळते,मालमत्ता विम्यामुळे मालमत्तेच्या बहुतेक जोखमींपासून संरक्षण मिळते
1384,707240,D1,Banking,18.5,दीर्घ आणि अल्प मुदतीचो निधी उभारण्याच्यो संबंधात विनिमय दरातला जोखीम सर्वात जास्त असता,दीर्घ आणि अल्प मुदतीचे निधी उभारण्याशी संबंधात विनिमय दरातला जोखीम सर्वात जास्त असतो.
1385,715903,D2,Agriculture,18.5,भारतामध्ये कुक्कुट उत्पादनाने मास तसेच इतर उत्पादन मागे सोडले,भारतामध्ये कुक्कुट उत्पादनाने मांस तसेच इतर उत्पादन मागे सोडले
1386,720226,D4,Agriculture,18.0,"फुलझाडांमध्ये पानांवर काळे डाग पडणे , फुले कोमेजणे आणि रंगहीन होणे ही सामान्य बाब झाली आहे","फुलझाडांमध्ये पानांवर काळे डाग पडणे, फुले कोमेजणे आणि रंगहीन होणे ही सामान्य बाब झाली आहे."
1387,709783,D1,Agriculture,18.5,अजयाक माहीत असा की उन्हाळ्यात डोंगरावर नासपतीची लागवड केली जाता,मला माहीत आहे की उन्हाळ्यात डोंगरावर नासपतीची लागवड केली जाते.
1388,715735,D2,Agriculture,18.5,पाईपलाईन चा उपयोग जनवरांचे दूध थंडी आणि मोठ्या प्रमाणातील साठा टँक मध्ये बदलण्यासाठी केला जातो,पाईपलाईनचा उपयोग जनवरांच्या दुधाला थंडी आणि मोठ्या प्रमाणातील साठा टँकमध्ये बदलण्यासाठी केला जातो.
1389,722447,D4,Agriculture,18.0,फिलीपिन्स मध्ये छिद्रित पिशव्या आणि दिव्यांच्या मदतीने मासे पकडले जात होते,फिलीपीन्समध्ये छिद्रित पिशव्या आणि दिव्यांच्या मदतीने मासे पकडले जात होते
1390,707120,D1,Banking,18.5,"अर्थशास्त्र ह्या सामाजिक विज्ञान असा ज्या उत्पादन , वितरण यांचो अभ्यास करता",अर्थशास्त्र हे सामाजिक विज्ञान आहे जे उत्पादन आणि वितरण यांचा अभ्यास करते.
1391,715364,D2,Banking,18.5,एका भांडवली बाजारात दीर्घकालीन कर्ज किंवा इक्विटी समर्थित प्रतिभूतींची खरेदी विक्री केली जाते,एका भांडवली बाजारात दीर्घकालीन कर्ज किंवा इक्विटी समर्थित प्रतिभूतींची खरेदी विक्री केली जाते
1392,722792,D4,Agriculture,18.0,"माझ्या काकांनी बटाट्याच्या शेतात जास्त पाणी टाकले , म्हणजे बटाटा","माझ्या काकांनी बटाट्याच्या शेतात जास्त पाणी टाकले, म्हणजे बटाटा."
1393,706522,D1,Banking,18.5,व्यापारातलो अडथळो जागतिक अर्थोव्यवस्थेसाठी हानिकारक असता आणि एकूणच आर्थिक कार्यक्षमता कमी करता,व्यापारात अडथळे जागतिक अर्थव्यवस्थेसाठी हानिकारक असतात आणि एकूणच आर्थिक कार्यक्षमता कमी करतात
1394,716382,D2,Agriculture,18.5,भारतामध्ये जलीय वनस्पतींचे उच्चाटन करून वातावरणातील कार्बनडाय ऑक्साईड वायूचे प्रमाण कमी केले जाते,भारतामध्ये जलीय वनस्पतींचे उच्चाटन करून वातावरणातील कार्बनडाय ऑक्साईड वायूचे प्रमाण कमी केले जाते
1395,722502,D4,Banking,18.0,रेल्वे मंत्रालयाचे प्रतिनिधित्व करणाऱ्या रेल्वेमंत्र्यांकडून दरवर्षी संसदेत सादर केले जात असे,रेल्वे मंत्रालयाचे प्रतिनिधित्व करणाऱ्या रेल्वेमंत्र्यांकडून दरवर्षी संसदेत सादर केले जात असे
1396,708025,D1,Banking,18.5,विलंबित देयकाची मानका मालाची वर्तमान किंमत आणि भविष्यातील किंमतीवर अवलंबून आसतत,विलंबित देयकाची मानका मालाची वर्तमान किंमत आणि भविष्यातील किंमतीवर अवलंबून आहे
1397,715873,D2,Agriculture,18.5,"भाज्यांना बुरशी लागणे , भाज्यांसाठी एक सामान्य रोग मानला जातो",भाज्यांना बुरशी लागणे भाज्यांसाठी एक सामान्य रोग मानला जातो
1398,722647,D4,Banking,18.0,सूक्ष्म अर्थशास्त्र ही मुख्य प्रवाहातील अर्थ शास्त्राची एक शाखा आहे,सूक्ष्म अर्थशास्त्र ही मुख्य प्रवाहातील अर्थ शास्त्राची एक शाखा आहे
1399,707576,D1,Banking,18.5,"डेरिव्हेटिव्ह मार्केट मध्ये बँको सर्वात मोठे व्यापारी आसात , समजला काय तुका ?","डेरिव्हेटिव्ह मार्केटमध्ये बँका सर्वात मोठे व्यापारी आहेत, समजले का तुम्हाला?"
1400,713725,D2,Agriculture,18.5,"तुमले माहित शे का , तागना देठपासून कोयसानी भुकटी तयार करता येस","तुम्हाला माहित आहे का, ते कधीपासून तुम्ही तयार करू शकता?"
1401,720241,D4,Agriculture,18.0,पिकांना रोगांपासून वाचवण्यासाठी विविध प्रकारची कीटकनाशके वापरली जातात,पिकांना रोगांपासून वाचवण्यासाठी विविध प्रकारची कीटकनाशके वापरली जातात
1402,707403,D1,Banking,18.5,कमकुवत स्वरूपाच्या कार्यक्षमतेचो सिक्युरिटीजच्या किमतीवर कसो परिणाम होता ? ह्या माका जरा सांग,कमकुवत स्वरूपाच्या कार्यक्षमतेमुळे सिक्युरिटीजच्या किमतीवर कशा परिणाम झाला? हे मला जरा सांग.
1403,715584,D2,Agriculture,18.5,जावेत्री भुरक्या रंगाचा सुगंधित सुका मसाला आहे ज्याचा वापर जेवण बनवण्यासाठी केला जातो,जावेत्री भुरक्या रंगाचा सुगंधित सुका मसाला आहे ज्याचा वापर जेवण बनवण्यासाठी केला जातो.
1404,720949,D4,Agriculture,18.0,पर्माकल्चरला स्वयंपूर्ण आणि शाश्वत मार्गाने कृषी परिसंस्थेची वाढ म्हणून समजले जाऊ शकते,पर्माकल्चरला स्वयंपूर्ण आणि शाश्वत मार्गाने कृषी परिसंस्थेची वाढ म्हणून समजले जाऊ शकते
1405,724882,D1,Banking,18.5,चेक एक दस्तऐवज असा जो बँकेक एका व्यक्तीच्या खात्यातना दुसऱ्या व्यक्तिच्या खात्यात रक्कम भरुची परवानगी देता,चेक एक दस्तऐवज आहे जो बँकेला एका व्यक्तीच्या खात्यात दुसऱ्या व्यक्तीच्या खात्यात रक्कम जमा करण्याची परवानगी देतो.
1406,716063,D2,Agriculture,18.5,राजू तू तुझ्या शेतामध्ये विना हायब्रीड बियाणांच्या मदतीने विविध प्रकारचे टमाटे उगवू शकतो,राजू तू तुझ्या शेतामध्ये हायब्रीड बियाणांच्या मदतीने विविध प्रकारचे टमाटे उगवू शकतोस
1407,722717,D4,Banking,18.0,आंतरराष्ट्रीय व्यापारातील सेवांमध्ये आर्थिक लेखा सेवा बौद्धिक संपदा हक्कांचा समावेश होतो,आंतरराष्ट्रीय व्यापारातील सेवांमध्ये आर्थिक लेखा सेवा बौद्धिक संपदा हक्कांचा समावेश होतो
1408,709188,D1,Agriculture,18.5,सुभाषका विंचवान चावल्यान तेच्या उपचारासाठी तेच्यावर हळदीच्या पानांचो लेप लावल्यानी,सुभाषकाचे विंचवाने उपचारासाठी त्याच्यावर हळदीच्या पानांचा लेप लावला.
1409,713375,D2,Agriculture,18.5,उन्हायामा काकडीले भलती मांगनी रहास त्याकरता यंदाना वरीस काकडी लावाना ईचार चालू शे,"उन्हाळ्यात काकडीची चांगली मागणी राहिली, त्याकरिता यंदाच्या वराशी काकडी लावायची इच्छा चालू आहे."
1410,718685,D4,Agriculture,18.0,तुम्हाला माहीत आहे का की जैविक कीटक नियंत्रण हा शब्द हॅरी स्कॉट स्मिथने वापरला होता ?,तुम्हाला माहीत आहे का की जैविक कीटक नियंत्रण हा शब्द हॅरी स्कॉट स्मिथने वापरला होता?
1411,724851,D1,Banking,18.5,ह्या योजना सदस्यांका त्यांच्यो कामकाजाच्यो जीवनात पेन्शन खात्यात नियमितपणान योगदान देऊची परवानगी देतत,या योजना सदस्यांच्या कामकाजाच्या जीवनात पेन्शन खात्यात नियमित योगदान देण्याची परवानगी देत आहेत.
1412,716220,D2,Banking,18.5,सरकारद्वारे अनुदानित कार्यक्रमांचा विकास आणि व्यवस्थापनाचे समर्थन करणाऱ्या संघटनांसाठी आहे,सरकारद्वारे अनुदानित कार्यक्रमांचा विकास आणि व्यवस्थापनाचे समर्थन करणाऱ्या संघटनांसाठी आहे
1413,721014,D4,Agriculture,18.0,क्लॉस्ट्रिडियम प्रजातीतील काही सूक्ष्म जंतूमुळे मेंढ्यांना तीव्र स्वरूपाचे आजार होतात,क्लॉस्ट्रिडियम प्रजातीतील काही सूक्ष्म जंतूमुळे मेंढ्यांना तीव्र स्वरूपाचे आजार होतात
1414,709917,D1,Banking,18.5,तुमका चार्टर्ड अकाउंटंट बनण्यासाठी कॉम्प्युटर मधील एक्सेल आदीं बद्दल माहिती असना आवश्यक हा,तुमचा चार्टर्ड अकाउंटंट बनण्यासाठी कॉम्प्युटरमधील एक्सेल इत्यादीबद्दल माहिती असणे आवश्यक आहे.
1415,715624,D2,Banking,18.5,डेबिट कार्ड ला ब्लॉक करण्याची प्रक्रिया इतर बँकांसाठी ऑनलाइन हॉट लिस्टिंग सादर करण्यासारखी आहे,डेबिट कार्ड ब्लॉक करण्याची प्रक्रिया इतर बँकांसाठी ऑनलाइन हॉट लिस्टिंग सादर करण्यासारखी आहे
1416,721994,D4,Banking,18.0,एस.जी.आर.वाई ही ग्रामीण भागातील गरिबांना रोजगार देण्यासाठी सरकारने सुरू केलेली योजना आहे,एस.जी.आर.वाई ही ग्रामीण भागातील गरिबांना रोजगार देण्यासाठी सरकारने सुरू केलेली योजना आहे
1417,724914,D1,Banking,18.5,ह्या उद्योजकता एखादो व्यक्ती किंवा लोकांचो समूह एखाद्यो संस्थेत आमूलाग्र बदल घडवून आणुक काम करता तेव्हा असता,या उद्योजकता एखादी व्यक्ती किंवा लोकांचा समूह एखाद्या संस्थेत आमूलाग्र बदल घडवून आणण्याचे काम करत असेल तर ते असे होते.
1418,713651,D2,Banking,18.5,"चार मुख्य प्रकार लोकसंख्याना विभाजनना , मानशास्त्र विभाजनन आणि व्यवहार न विभाजन शे","चार मुख्य प्रकार लोकसंख्याचे विभाजन, मानशास्त्र विभाजन आणि व्यवहार विभाजन."
1419,722369,D4,Agriculture,18.0,कडुलिंबाच्या पानांपासून कीटकनाशक बनवून तुम्ही कीटकांपासून संरक्षण करू शकता,कडुलिंबाच्या पानांपासून कीटकनाशक बनवून तुम्ही कीटकांपासून संरक्षण करू शकता
1420,706895,D1,Banking,18.5,परिपूर्ण परतावा व्यवस्थापक त्यांच्यो शॉर्ट सेलिंगच्यो वापराद्वारा वैशिष्ट्यीकृत आसतत,परिपूर्ण परतावा व्यवस्थापक त्यांच्या शॉर्ट सेलिंगच्या वापराद्वारे वैशिष्ट्यीकृत होता.
1421,712894,D2,Agriculture,18.5,भाजीपाला तयार व्हयेलवर वाहतुकनी सोयना अभावमुये भाजीपालानं नुकसान व्हयी जास,"भाजीपाला तयार आहे, परंतु वाहतुकीची सोय नसल्यामुळे भाजीपालनाचे नुकसान झाले आहे."
1422,719937,D4,Banking,18.0,तुम्हाला माहित आहे का की सुरक्षित कर्जे दीर्घ काळासाठी दिली जातात ?,तुम्हाला माहित आहे का की सुरक्षित कर्जे दीर्घ काळासाठी दिली जातात?
1423,724843,D1,Banking,18.5,ग्राहकांका त्यांचो के.वाय.सी तपशील अद्ययावत करण्याचा उद्देशान त्यांची कागदपत्रा सबमिट करूची अनुमती दिली,ग्राहकांचे के.वाय.सी तपशील अद्ययावत करण्याचा उद्देशाने त्यांची कागदपत्रे सबमिट करण्याची अनुमती दिली
1424,715840,D2,Agriculture,18.5,बडिशोपच्या शेतीसाठी वालुकामय माती आणि चिकन्या मातीची आवश्यकता असते,बडिशोपच्या शेतीसाठी वालुकामय माती आणि चिकन्या मातीची आवश्यकता असते
1425,721075,D4,Banking,18.0,आपल्यापैकी बर्याचजणांना भविष्यात आरामदायक राहण्यासाठी दीर्घकालीन संपत्ती तयार करायची आहे,आपल्यापैकी बऱ्याचजणांना भविष्यात आरामदायक राहण्यासाठी दीर्घकालीन संपत्ती तयार करायची आहे
1426,724896,D1,Banking,18.5,"बँक नियमन ह्या सरकारी नियमांचो एक प्रकार असा ज्यो बँकांका काही विशिष्ट आवश्यकता , निर्बंधांच्यो अधीन असता",बँक नियमन हे सरकारी नियमांचे एक प्रकार आहे ज्यांच्या अधीन बँकांचे काही विशिष्ट आवश्यकता आणि निर्बंध असतात.
1427,715723,D2,Banking,18.5,"पगार खास करून जेव्हा ते शिक्षण , कायदा किंवा वैद्यकीय क्षेत्रांमध्ये असतात","पगार खास करून जेव्हा ते शिक्षण, कायदा किंवा वैद्यकीय क्षेत्रांमध्ये असतात"
1428,718860,D4,Agriculture,18.0,सागरी मत्स्यपालन मुख्यतः समुद्र किनाऱ्यापासून दोन किलोमीटरच्या त्रिज्येत केले जाते,सागरी मत्स्यपालन मुख्यतः समुद्रकिनाऱ्यापासून दोन किलोमीटरच्या त्रिज्येमध्ये केले जाते
1429,724870,D1,Banking,18.45,"बँकेच्या कर्जावर व्याज वाढू शकता , जर रेफरल दर घटलो तर कर्जदार जास्तीचो पैसो देणार नाही , असो नियमच आसा","बँकेच्या कर्जावर व्याज वाढू शकते, जर रेफरल दर घटलो तर कर्जदार जास्त पैसे देणार नाहीत, असे नियम आहे."
1430,716681,D2,Banking,18.5,कुपन लागलेल्या ग्राहकांना बक्षीस हे पॅक केलेल्या वस्तूंचे उत्पादक किंवा किरकोळ विक्रेते देतात,कुपन मिळालेल्या ग्राहकांना बक्षीस हे पॅक केलेल्या वस्तूंचे उत्पादक किंवा किरकोळ विक्रेते देतात
1431,722314,D4,Banking,18.0,सरकारने जारी केलेले रोखे प्रिफरेंशियल शेअर डिबेंचर्स इत्यादी सिक्युरिटीजच्या श्रेणीत येतात,सरकारने जारी केलेले रोखे प्रिफरेंशियल शेअर डिबेंचर्स इत्यादी सिक्युरिटीजच्या श्रेणीत येतात
1432,707888,D1,Agriculture,18.438,"माझ्या गावात गव्हाचा पीक पिकून तयार झाला आसा , आता पीक कापून त्याचे तुकडे करूक हवे","माझ्या गावात गव्हाचा पीक पिकून तयार झाला आहे, आता पीक कापून त्याचे तुकडे करायचे आहेत."
1433,716030,D2,Agriculture,18.5,"मेंढ्या पाळीव आहे , रवंथ करणारे सस्तन प्राणी सर्वसाधारणपणे पशुधनाच्या स्वरूपात ठेवले जातात","मेंढ्या पाळीव आहेत, रवंथ करणारे सस्तन प्राणी सर्वसाधारणपणे पशुधनाच्या स्वरूपात ठेवले जातात."
1434,720255,D4,Banking,18.0,आपल्या खात्यात नेट बँकिंग सुविधा सुरू करण्यासाठी आपल्याला येथे नोंदणी करावी लागेल,आपल्या खात्यात नेट बँकिंग सुविधा सुरू करण्यासाठी आपल्याला येथे नोंदणी करावी लागेल
1435,724916,D1,Banking,18.433,व्याजदराचो मुदत संरचना म्हणजे व्याजदर किंवा रोखा उत्पन्न आणि भिन्न अटी किंवा परिपक्वता यांच्यातलो संबंध,व्याजदराचे मुदत संरचना म्हणजे व्याजदर किंवा रोखा उत्पन्न आणि भिन्न अटी किंवा परिपक्वता यांच्यातील संबंध
1436,715610,D2,Agriculture,18.5,"झाडांचे दूध सुगंधासाठी , पाण्यावर आधारित झाडांच्या अर्कापासून बनवलेले असते","झाडांचे दूध सुगंधासाठी, पाण्यावर आधारित झाडांच्या अर्कापासून बनवलेले असते."
1437,722416,D4,Banking,18.0,तुम्ही बँकेने दिलेल्या टोल फ्री क्रमांकावर मिस कॉल देऊनही शिल्लक तपासू शकता,तुम्ही बँकेने दिलेल्या टोल फ्री क्रमांकावर मिस कॉल देऊनही शिल्लक तपासू शकता
1438,712553,D1,Banking,18.429,कृपा करून माका चालू खात्यासाठी कमित कमी शिल्लक किती असूक होया ते माका कळवा,कृपया मला चालू खात्यासाठी किती शिल्लक रक्कम आहे हे कळवा
1439,717122,D2,Agriculture,18.5,"प्राणी अभिजातता , प्रजनन ही इष्ट अनुवांशिक वैशिष्ट्यांसह प्राण्यांच्या निवडक वीणाची प्रक्रिया आहे",प्राणी अभिजातता प्रजनन ही इष्ट अनुवांशिक वैशिष्ट्यांसह प्राण्यांच्या निवडक वीणाची प्रक्रिया आहे
1440,720335,D4,Agriculture,18.0,ऐतिहासिकदृष्ट्या गुरेढोरे बहुतेकदा वरच्या भागात मोठ्या प्रमाणावर पाळली जात असत,ऐतिहासिकदृष्ट्या गुरेढोरे बहुतेकदा वरच्या भागात मोठ्या प्रमाणावर पाळली जात असत
1441,706452,D1,Banking,18.429,"तुम्ही पसो ऑनलाईन ट्रान्सफर करू शकतास , बटण दाबून तुमचो खात्यातलो शिल्लक तपासू शकतास",तुम्ही ऑनलाईन ट्रान्सफर करू शकता आणि बटण दाबून तुमच्या खात्यातील शिल्लक तपासू शकता
1442,715299,D2,Agriculture,18.5,आमच्या अभियंत्यांनी सिंचनाच्या तंत्रज्ञानातील आव्हानांना खूप प्रमाणात कमी केले आहे,आमच्या अभियंत्यांनी सिंचनाच्या तंत्रज्ञानातील आव्हानांना खूप प्रमाणात कमी केले आहे
1443,720433,D4,Banking,18.0,आयकरांचे दर करदात्यांचे प्रकार किंवा वैशिष्ट्ये आणि उत्पन्नाच्या प्रकारापेक्षा भिन्न असू शकतात,आयकरचे दर करदात्यांचे प्रकार किंवा वैशिष्ट्ये आणि उत्पन्नाच्या प्रकारापेक्षा भिन्न असू शकतात
1444,708242,D1,Agriculture,18.423,"किड्यांच्या प्रतिबंधासाठी अन्न , पाणी , निवारो हेंचो खयलोय मार्ग बंद करुक होयो","किड्यांच्या प्रतिबंधासाठी अन्न, पाणी, निवारण झालेला मार्ग बंद करून झालेला आहे."
1445,716112,D2,Agriculture,18.5,वनस्पती प्रजनन पद्धतीने नव्या प्रकारच्या वनस्पतींचा निर्माण होतो,वनस्पती प्रजनन पद्धतीने नव्या प्रकारच्या वनस्पतींचा निर्माण होतो
1446,720610,D4,Agriculture,18.0,समुद्री मासे गोड्या पाण्यातील माशांपेक्षा वेगळे पाणी पितात,समुद्री मासे गोड्या पाण्यातील माशांपेक्षा वेगळे पाणी पितात
1447,706630,D1,Banking,18.423,"व्यक्ती , व्यापार , नैसर्गिक संसाधनांवरलो रॉयल्टी यासारख्या स्रोतांतसून महसूल काढला जाऊ शकता","व्यक्ती, व्यापार, नैसर्गिक संसाधनांवरून रॉयल्टी यासारख्या स्रोतांतून महसूल काढला जाऊ शकतो."
1448,714660,D2,Agriculture,18.5,खत स्प्रेडरमशीनले सोतानं इंजीन नै रहास ते टॅक्टरनामांगे वढाई जास,खत स्प्रेडमशीन आणि इंजिन नाही राहिल्यास ते ट्रॅक्टरनामागे वाढेल
1449,721300,D4,Banking,18.0,स्टॉक एक्सचेंज ट्रेडिंग तास क्लायंटच्या निर्दिष्ट वेळेनुसार सूचीबद्ध केले जातात,स्टॉक एक्सचेंज ट्रेडिंगचे तास क्लायंटच्या निर्दिष्ट वेळेनुसार सूचीबद्ध केले जातात
1450,708364,D1,Agriculture,18.417,पशुवैद्यकीय कर्मचारी पशुपक्ष्यांच्या आजाराचा नीट निदान करतत आणि मगे तेंच्यावर औषदउपाय करतत,पशुवैद्यकीय कर्मचारी पशुपक्ष्यांच्या आजारांचे निदान करत आहेत आणि मघाच्या तेंच्यावर औषधोपचार करत आहेत
1451,716879,D2,Banking,18.5,जेव्हा एखादी व्यक्ती संस्थेत बदलासाठी काम करते तेव्हा त्याला संस्थात्मक उद्योजकता म्हणतात,जेव्हा एखादी व्यक्ती संस्थेत बदलासाठी काम करते तेव्हा त्याला संस्थात्मक उद्योजकता म्हणतात
1452,720999,D4,Agriculture,18.0,जमिनीच्या नोंदी प्रत्येक हंगामात पिकांच्या डेटासह अद्यतनित केल्या जातात,जमिनीच्या नोंदी प्रत्येक हंगामात पिकांच्या डेटासह अद्यतनित केल्या जातात
1453,706399,D1,Banking,18.4,इक्विटी सिक्युरिटी म्हणजे कंपन्यांचो भांडवली स्टॉकसारख्या घटकातलो इक्विटी व्याजाचो हिस्सो,इक्विटी सिक्युरिटी म्हणजे कंपन्यांच्या भांडवली स्टॉकच्या घटकातील इक्विटीचा हिस्सा.
1454,714945,D2,Banking,18.5,जागतिक बौद्धिक संपदा संघटनेच्या निर्देशांकात भारत चाळीसव्या क्रमांकावर आहे,जागतिक बौद्धिक संपदा संघटनेच्या निर्देशांकात भारत चाळीसव्या क्रमांकावर आहे
1455,721528,D4,Agriculture,18.0,भारत सरकारने सर्व पशुसंवर्धन शेतकर्यांच्या फायद्यासाठी पशु किसान क्रेडिट कार्ड सुरू केले,भारत सरकारने सर्व पशुसंवर्धन शेतकर्यांच्या फायद्यासाठी पशु किसान क्रेडिट कार्ड सुरू केले
1456,710060,D1,Agriculture,18.375,रेशमी किडे यांचा जीवन चक्र तेव्हा सुरू होता सुरू होता जेव्हा मादी रेशीम कीड अंडी देता,रेशमी किड्यांचे जीवन चक्र तेव्हा सुरू झाले जेव्हा मादी रेशीम कीड अंडी देते.
1457,713070,D2,Banking,18.5,पगारावरला कर उच्च शिक्षणना सारखा मानवी भांडवलमा कमी गुंतवणुकसाठे योगदान देऊ शकतस,पगारावरचा कर उच्च शिक्षणासाठी मानवी भांडवलात कमी गुंतवणूक साठे योगदान देऊ शकतो.
1458,722680,D4,Banking,18.0,सिक्युरिटीज किंवा इतर प्रकारच्या गुंतवणुकीत सकारात्मक परतावा मिळवण्याच्या उद्देशाने गुंतवणूक करा,सिक्युरिटीज किंवा इतर प्रकारच्या गुंतवणुकीत सकारात्मक परतावा मिळवण्याच्या उद्देशाने गुंतवणूक करा
1459,707430,D1,Agriculture,18.375,"कापणीच्या आधी , सिंचनाची वारंवारता , खतांचो वापर , कीड नियंत्रण अश्ये सगळे प्रक्रिया करुचे लागतत",कापणीच्या आधी सिंचनाची वारंवारता खताचा वापर कीड नियंत्रण असे सगळे प्रक्रिया करायचे लागतत
1460,718613,D2,Agriculture,18.5,रासायनिक शेतीपेक्षा सेंद्रिय शेतीचा वापर हा जास्त होतो,रासायनिक शेतीपेक्षा सेंद्रिय शेतीचा वापर जास्त होतो
1461,720554,D4,Agriculture,18.0,मातीच्या शाश्वततेसाठी त्यातील पोषक घटकांची सतत देखभाल केली पाहिजे,मातीच्या शाश्वततेसाठी त्यातील पोषक घटकांची सतत देखभाल केली पाहिजे
1462,708802,D1,Agriculture,18.367,प्रधानमंत्री पीक विमा योजना आधीच्या चालू दोन योजनांच्या जागी दोन हजार सोळा मध्ये चालू केल्यानी,प्रधानमंत्री पीक विमा योजना आधीच्या चालू दोन योजनांच्या जागी दोन हजार सोळा मध्ये चालू केल्या.
1463,716307,D2,Banking,18.5,हायब्रीड म्हणजे ज्याची पार्श्वभूमी दोन वेगवेगळ्या संस्कृती किंवा परंपरांचा मिश्रण आहे,हायब्रीड म्हणजे ज्याची पार्श्वभूमी दोन वेगवेगळ्या संस्कृती किंवा परंपरांचा मिश्रण आहे
1464,719498,D4,Banking,18.0,विसाव्या शतकाच्या सुरुवातीच्या काळात गुल्लक ही संग्राहकांसाठी स्थिर बँक म्हणून ओळखली जाऊ लागली,विसाव्या शतकाच्या सुरुवातीच्या काळात गुल्लक ही संग्राहकांसाठी स्थिर बँक म्हणून ओळखली जाऊ लागली
1465,708721,D1,Agriculture,18.357,"भारतात पंजाब सोनेरी , पंजाब हायब्रिड , एम.एच एक्कावन्न अशे खरबुज्याची कित्येक जाती उगवतत","भारतात पंजाब सोनेरी, पंजाब हायब्रिड, एम.एच एक्कावन्न असे खरबुज्याची किती जाती उगवत आहेत."
1466,713138,D2,Banking,18.5,कॉमन स्टॉक हाई एक सुरक्षा शे जी कंपनीना मानुसनं प्रतिनिधित्व करस,कॉमन स्टॉक हाई एका सुरक्षा कंपनीला लोकांचे प्रतिनिधित्व करते.
1467,720646,D4,Agriculture,18.0,रमेशच्या पचनशक्ती कमी झाल्यामुळे डॉक्टरांनी त्याला पत्ताकोबी खाण्यास सांगितलं,रमेशच्या पचनशक्ती कमी झाल्यामुळे डॉक्टरांनी त्याला पत्ताकोबी खाण्यास सांगितले.
1468,724893,D1,Banking,18.346,इलेक्ट्रॉनिक फंड ट्रान्सफर म्हणजे एका बँक खात्यातसून दुसरा बँक खात्यात पैशांचो इलेक्ट्रॉनिक हस्तांतरण,इलेक्ट्रॉनिक फंड ट्रान्सफर म्हणजे एका बँक खात्यातून दुसऱ्या बँक खात्यात पैशाचे इलेक्ट्रॉनिक हस्तांतरण
1469,716985,D2,Agriculture,18.5,एखादी दुर्घटना घडल्यास जैवइंधनापासून होणारे आरोग्य आणि पर्यावरणीय धोके खूपच कमी होतील,एखादी दुर्घटना घडल्यास जैवइंधनापासून होणारे आरोग्य आणि पर्यावरणीय धोके खूपच कमी होतील
1470,719456,D4,Agriculture,18.0,बागांमध्ये फळे किंवा अक्रोड उत्पादक झाडे असतात जे सहसा व्यावसायिक उत्पादनासाठी उगवले जातात,बागांमध्ये फळे किंवा अक्रोड उत्पादक झाडे असतात जे सहसा व्यावसायिक उत्पादनासाठी उगवले जातात
1471,724846,D1,Banking,18.324,"पाणी , लँडलाइन , मोबाईल , ब्रॉडबँड , डीटीएच बिलांसाठी ऑनलाइन पेमेंट एक्स्पे लाइफद्वारा सुरक्षितपणान केले जाते","पाणी, लँडलाइन, मोबाईल, ब्रॉडबँड, डीटीएच बिलांसाठी ऑनलाइन पेमेंट एक्स्पे लाइफद्वारे सुरक्षितपणे केले जाते."
1472,716214,D2,Banking,18.5,"संयुक्त राज्य अमेरिका मध्ये गुन्हेगारी , फसवणुकीचा आरोप यांच्यासाठी पुरावा असणे आवश्यक आहे","संयुक्त राज्य अमेरिका मध्ये गुन्हेगारी, फसवणुकीचा आरोप यांच्यासाठी पुरावा असणे आवश्यक आहे"
1473,719003,D4,Agriculture,18.0,डेअरी एंटरप्रेन्योरशिप डेव्हलपमेंट स्कीमद्वारे डेअरीमध्ये स्वयं रोजगाराची संधी महेशला मिळाली,डेअरी एंटरप्रेन्योरशिप डेव्हलपमेंट स्कीमद्वारे डेअरीमध्ये स्वयं रोजगाराची संधी महेशला मिळाली
1474,724905,D1,Banking,18.3,पाळीव प्राणी मरण पावल्यावर किंवा पाळीव प्राणी हरवल्यावर किंवा चोरीला गेल्यावर काही पॉलिसी भरल्या जातत,पाळीव प्राणी मरण पावल्यावर किंवा पाळीव प्राणी हरवल्यावर किंवा चोरीला गेल्यावर काही पॉलिसी भरल्या जातात.
1475,716169,D2,Agriculture,18.5,शेत जमीन खरेदी करण्यासाठी आर्थिक सहाय्यते साठी अर्ज मागासलेल्या जाती करू शकतात,शेत जमीन खरेदी करण्यासाठी आर्थिक सहाय्यतेसाठी अर्ज मागासलेल्या व्यक्ती करू शकतात.
1476,721593,D4,Agriculture,18.0,फॉरेस्ट फलोत्पादन उष्णकटिबंधीय भागात अन्न सुरक्षित करण्याची एक प्रागैतिहासिक पद्धत आहे,वन फलोत्पादन उष्णकटिबंधीय भागात अन्न सुरक्षित करण्याची एक प्रागैतिहासिक पद्धत आहे
1477,706802,D1,Banking,18.286,"अनुदान ह्या अनेकदा सार्वजनिक संस्था , धर्मादाय संस्था किंवा विशेष अनुदान देणारा संस्था असता","अनुदान अनेकदा सार्वजनिक संस्था, धर्मादाय संस्था किंवा विशेष अनुदान देणारे संस्था असतात."
1478,716791,D2,Agriculture,18.5,ऍसिडिटीची समस्याही द्राक्षांमुळे दूर होते हे तुम्हाला माहिती असेल,ऍसिडिटीची समस्या द्राक्षांमुळे दूर होते हे तुम्हाला माहीत असेल
1479,722588,D4,Agriculture,18.0,राजू प्लंबूखाराला भेट देण्यापूर्वी तुमच्याकडे वालुकामय माती असल्याची खात्री करा,राजू प्लंबूखाराला भेट देण्यापूर्वी तुमच्याकडे वालुकामय माती असल्याची खात्री करा
1480,707042,D1,Banking,18.286,ए.टी.एम कार्ड ह्या पेमेंट कार्ड किंवा वित्तीय संस्थेद्वारा जारी केलेला समर्पित पेमेंट कार्ड असा,ए.टी.एम कार्ड हे पेमेंट कार्ड किंवा वित्तीय संस्थेद्वारे जारी केलेले समर्पित पेमेंट कार्ड आहे.
1481,714762,D2,Banking,18.5,नवनवीन तंत्रज्ञान आणि सोतानी हुशारी वर आजकालना शिकेल पोर्यास्ले व्यवसाय करता येस,नवनवीन तंत्रज्ञान आणि सोतानी हुशारी वर आजकाल शिकून व्यवसाय करता येईल.
1482,721910,D4,Banking,18.0,"यू.पी.आय सर्व्हिसेसएकडून निधी नियमनासाठी , दोन्ही खातेधारकांकडे खाता क्रमांक असणे आवश्यक आहे",यू.पी.आय सर्व्हिसेसकडून निधी नियमनासाठी दोन्ही खातेधारकांकडे खाता क्रमांक असणे आवश्यक आहे.
1483,710601,D1,Banking,18.286,कमोडिटी मनी म्हणजे वस्तुचा मू्ल्य किंवा आंतरिक मू्ल्य किंवा वस्तु खरेदी करतानाचा तिचा मू्ल्य,कमोडिटी मनी म्हणजे वस्तूचे मूल्य किंवा आंतरिक मूल्य किंवा वस्तू खरेदी करतानाचे त्याचे मूल्य
1484,717255,D2,Banking,18.5,आर्थिक क्षेत्रातील संपार्श्विक आणि गुंतवणुकीवरील परतावा गणना केलेल्या उत्पन्नाद्वारे मोजला जातो,आर्थिक क्षेत्रातील संपार्श्विक आणि गुंतवणुकीवरील परतावा गणना केलेल्या उत्पन्नाद्वारे मोजला जातो
1485,724465,D4,Agriculture,18.0,"पाम तेलाच्या निर्मिती दरम्यान तयार होणारे बायोगॅस पॉवर प्लांट्स , कचरा हा उर्जेचा एक चांगला स्रोत आहे",पाम तेलाच्या निर्मिती दरम्यान तयार होणारे बायोगॅस पॉवर प्लांट्स कचरा हा उर्जेचा एक चांगला स्रोत आहे
1486,708072,D1,Banking,18.278,"रस्ते , पूल , बोगदे , कालवे , जलमार्ग , इतर वाहतूक सुविधांवरसून प्रवास करण्यासाठी टोल आकारलो जाता","रस्ते, पूल, बोगदे, कालवे, जलमार्ग आणि इतर वाहतूक सुविधांवरून प्रवास करण्यासाठी टोल आकारला जातो."
1487,714824,D2,Agriculture,18.5,आजही मासेमारीसाठी पारंपरिक बोटींचा वापर केला जात आहे,आजही मासेमारीसाठी पारंपरिक बोटींचा वापर केला जात आहे
1488,724387,D4,Banking,18.0,आय.बी.पी.एस ही स्वायत्त संस्था आहे जी भारतातील सर्व सार्वजनिक क्षेत्रातील बँकांसाठी भरती परीक्षा घेते,आय.बी.पी.एस ही स्वायत्त संस्था आहे जी भारतातील सर्व सार्वजनिक क्षेत्रातील बँकांसाठी भरती परीक्षा घेते
1489,724877,D1,Agriculture,18.227,"हार्वेस्टर , रोटावेटर , रोटरी टिलर , नांगर , ट्रॅक्टर ट्रेलर , पावर हॅरो , डिस्क हॅरो हि सगळी कृषी उपकरणा असत","हार्वेस्टर, रोटावेटर, रोटरी टिलर, नांगर, ट्रॅक्टर ट्रेलर, पावर हॅरो, डिस्क हॅरो ही सर्व कृषी उपकरणे असत."
1490,716153,D2,Banking,18.5,व्यापारात नफा कमावण्यासाठी तुम्हाला खूप चांगल्या पद्धतीने हिशोब करावा लागेल,व्यापारात नफा कमावण्यासाठी तुम्हाला खूप चांगल्या पद्धतीने हिशोब करावा लागेल
1491,724361,D4,Agriculture,18.0,"सोहन म्हणाले की , आज अनेक देशांमध्ये कॉफीवर प्रक्रिया करण्याच्या पद्धतीं मध्ये नवीन क्रांती झाली आहे",सोहन म्हणाले की आज अनेक देशांमध्ये कॉफीवर प्रक्रिया करण्याच्या पद्धतींमध्ये नवीन क्रांती झाली आहे
1492,724993,D1,Banking,18.222,"वित्तीय योजनेत स्टॅन्ड अप इंडिया योजना , प्रधान मंत्री मुद्रा योजना , प्रधान मंत्री सुरक्षा विमा योजना हत","वित्तीय योजनेत स्टॅन्ड अप इंडिया योजना, प्रधान मंत्री मुद्रा योजना, प्रधान मंत्री सुरक्षा विमा योजना हत"
1493,724667,D2,Banking,18.5,माझे वार्षिक उत्त्पन्न एक लाख चाळीस हजार पेक्षा कमी असेल तर मी क्रेडिट कार्डसाठी अर्ज करु शकतो का ?,माझे वार्षिक उत्पन्न एक लाख चाळीस हजार पेक्षा कमी असेल तर मी क्रेडिट कार्डसाठी अर्ज करू शकतो का?
1494,724512,D4,Banking,18.0,जागतिक बौद्धिक संपदा संघटनेने सव्वीस एप्रिल एकोणीसशे सत्याहत्तर रोजी परिषद लागू झाल्यावर कामकाज सुरू केले,जागतिक बौद्धिक संपदा संघटनेने सव्वीस एप्रिल एकोणीसशे सत्याहत्तर रोजी परिषद लागू झाल्यावर कामकाज सुरू केले
1495,708430,D1,Agriculture,18.0,भारताक स्वातंत्र्य मेळान थोडी वर्षा जाली तरी भारत अन्नपदार्थ बनवच्या बाबतीत स्वावलंबी नाय होतो,भारताचे स्वातंत्र्य मिळाल्यानंतर थोडी वर्षे झाली तरी भारत अन्नपदार्थ बनवण्याच्या बाबतीत स्वावलंबी नाही.
1496,714881,D2,Agriculture,18.5,कागदावरील शाई काढण्याचे यंत्र एका जर्मन माणसाने बनवले होते जेणेकरून कागदचा पुन्हा वापर करता येईल,कागदावरील शाई काढण्याचे यंत्र एका जर्मन माणसाने बनवले होते जेणेकरून कागदचा पुन्हा वापर करता येईल
1497,724407,D4,Banking,18.0,नवीन उत्पादने आणणे किंवा कोणतेही जुने उत्पादन काढून टाकणे आर्थिक विश्लेषकांमध्ये देखील समाविष्ट आहे,नवीन उत्पादने आणणे किंवा कोणतेही जुने उत्पादन काढून टाकणे आर्थिक विश्लेषकांमध्ये देखील समाविष्ट आहे
1498,707892,D1,Banking,18.0,"माझ्या दोस्तानं सांगल्यान हा की , बचत करुसाठी म्हणान म्युच्युअल फंड ह्यो एक चांगलो पर्याय आसा","माझ्या मित्रांनी सांगितले की, बचतीसाठी म्युच्युअल फंड हा एक चांगला पर्याय आहे."
1499,716132,D2,Agriculture,18.5,विनॉवर चा उपयोग साठवलेल्या धान्याला कीटकांपासून दूर ठेवण्यासाठी केला जातो,विनॉवरचा उपयोग साठवलेल्या धान्याला कीटकांपासून दूर ठेवण्यासाठी केला जातो
1500,722857,D4,Agriculture,18.0,नवीन कार्ड डेकमध्ये फाहानचे फिलिपिनो मानॉन्ग स्थलांतरित शेतकरी हार्लेम,नवीन कार्ड डेकमध्ये फाहानचे फिलिपिनो स्थलांतरित शेतकरी हार्लेममध्ये आहेत.
1501,708520,D1,Agriculture,18.0,शेतकऱ्यांच्या वांगडा संपर्कात रवाच्यासाठी सरकारकडून रेडीओवर कार्यक्रम प्रसारित केले जातत,शेतकऱ्यांच्या संदर्भात रवासाठी सरकारकडून रेडीओवर कार्यक्रम प्रसारित केला जात आहे.
1502,724804,D2,Banking,18.5,निधीच्या स्त्रोतांमध्ये क्रेडिट्स व्हेंचर कॅपिटल देणग्या अनुदान बचत सबसिडी आणि कर यांचा समावेश होतो,निधीच्या स्त्रोतांमध्ये क्रेडिट्स व्हेंचर कॅपिटल देणग्या अनुदान बचत सबसिडी आणि कर यांचा समावेश होतो
1503,724483,D4,Banking,17.944,"स्टेट बँक ऑफ इंडिया ही एक वित्तीय सेवा वैधानिक संस्था आहे ज्याचे मुख्यालय मुंबई , महाराष्ट्र येथे आहे",स्टेट बँक ऑफ इंडिया ही एक वित्तीय सेवा वैधानिक संस्था आहे ज्याचे मुख्यालय मुंबई महाराष्ट्र येथे आहे
1504,707022,D1,Banking,18.0,आर.बी.आय ना डी.बी.आय.एल खाजगी क्षेत्रातला बँक लक्ष्मी विलास बँकेचा कामकाज ताब्यात घेऊक सांगितला,आरबीआयने डीबीआयएलला खाजगी क्षेत्रातल्या बँक लक्ष्मी विलास बँकेचे कामकाज ताब्यात घेण्यास सांगितले.
1505,724766,D2,Banking,18.5,नवीन ए.टी.एम पिन टाकण्यासाठी मशीनवर दिल्या गेलेल्या सूचनांचे पालन करा आणि तुमचं कार्ड सक्रिय होऊन जाईल,नवीन ए.टी.एम पिन टाकण्यासाठी मशीनवर दिलेल्या सूचनांचे पालन करा आणि तुमचे कार्ड सक्रिय होईल.
1506,724520,D4,Banking,17.944,"मनी मार्केट म्युच्युअल फंड सरकार , कॉर्पोरेशन , जसे की यू.एस द्वारे जारी अल्प मुदत सिक्युरिटीज धारण असते",मनी मार्केट म्युच्युअल फंड सरकार आणि कॉर्पोरेशन जसे की युएस द्वारे जारी अल्प मुदत सिक्युरिटीज धारण करतात.
1507,712038,D1,Banking,18.0,पर्यायी किंवा नॉन बँकिंग वित्तीय सेवांकडसून घेतलेल्या कर्जाचो व्याजाचा दर खेच्यार अवलंबून आसता ?,पर्यायी किंवा नॉन बँकिंग वित्तीय सेवांमधून घेतलेल्या कर्जाचा व्याजाचा दर खऱ्यावर अवलंबून असता का?
1508,724806,D2,Banking,18.5,व्यक्तीने ज्या बँकेत आपले बचत खाते उघडले आहे त्या बँकेच्या संकेतस्थळावर त्याच्या खात्याचा तपशिल पाहू शकतो,व्यक्तीने ज्या बँकेत आपले बचत खाते उघडले आहे त्या बँकेच्या संकेतस्थळावर त्याच्या खात्याचा तपशिल पाहू शकतो
1509,721543,D4,Agriculture,17.941,"झाडे किंवा झुडपे , रोटेशनमध्ये वाढलेली नाहीत , परंतु माती व्यापतात आणि सलग अनेक वर्षे पिके घेतात",झाडे किंवा झुडपे रोटेशनमध्ये वाढलेली नाहीत परंतु माती व्यापतात आणि सलग अनेक वर्षे पिके घेतात
1510,706466,D1,Banking,18.0,परताव्यात गुंतवणुकीच्या मूल्यातलो किंवा रोख प्रवाहातलो कोणतोही बदल समाविष्ट असता,प्रस्तावात गुंतवणुकीच्या मूल्यामध्ये किंवा रोख प्रवाहात कोणताही बदल समाविष्ट आहे
1511,716026,D2,Agriculture,18.5,मेकॅनिकल ट्री शेकर हे उपकरण झाडांना पिळून काढण्यासाठी हायड्रोलिक सिलेंडर चा उपयोग करते,मेकॅनिकल ट्री शेकर हे उपकरण झाडांना पिळून काढण्यासाठी हायड्रोलिक सिलेंडरचा उपयोग करते
1512,724401,D4,Banking,17.938,"अर्थ व्यवस्था म्हणजे उत्पादन , वितरण आणि व्यापाराचे क्षेत्र तसेच विविध एजंट्सद्वारे वस्तू आणि सेवांचा वापर","अर्थ व्यवस्था म्हणजे उत्पादन, वितरण आणि व्यापाराचे क्षेत्र तसेच विविध एजंट्सद्वारे वस्तू आणि सेवांचा वापर"
1513,712043,D1,Banking,18.0,बँक खात्यात जास्तीत जास्त कितके पैसे काढू किव्हा भरू शकतो ?,बँक खात्यात जास्तीत जास्त किती पैसे काढू शकतो जेव्हा भरू शकतो?
1514,713303,D2,Agriculture,18.5,मासासनी विकासमा त्यासनी त्वचा ना अति चिकनं व्हयन हाइ एक प्रकारना रोग शे,"माशांच्या विकासासाठी त्वचा खूप चिकट होते, हा एक प्रकारचा रोग आहे."
1515,719920,D4,Banking,17.933,डेट किंवा प्रीफर्ड शेअर्सच्या तुलनेत कॉमन स्टॉक भरलेला आहे हे तुम्हाला माहीत आहे का ?,डेट किंवा प्रीफर्ड शेअर्सच्या तुलनेत कॉमन स्टॉक भरलेला आहे हे तुम्हाला माहीत आहे का ?
1516,708547,D1,Banking,18.0,सरंजामशाही व्यवस्थेच्याअंतर्गत एका रात्रीची फी जी रात्रीच्या तेच्या सेवेसाठी दिली जावची,सरंजामशाही व्यवस्थेच्या अंतर्गत रात्रीच्या सेवेसाठी एका रात्रीची फी दिली जावी.
1517,716608,D2,Banking,18.5,"पी.एम.ई.जी पी अंतर्गत व्यवसाय कर्ज घेतल्यास , तुम्हाला पस्तीस टक्क्यांपर्यंत अनुदान मिळू शकते",पी.एम.ई.जी पी अंतर्गत व्यवसाय कर्ज घेतल्यास तुम्हाला पस्तीस टक्क्यांपर्यंत अनुदान मिळू शकते
1518,722884,D4,Agriculture,17.929,ॲग्रोफिजिक्स ही विज्ञानाची एक शाखा आहे जी कृषी विज्ञान आणि भौतिक शास्त्रावर आधारित आहे,ॲग्रोफिजिक्स ही विज्ञानाची एक शाखा आहे जी कृषी विज्ञान आणि भौतिक शास्त्रावर आधारित आहे
1519,706823,D1,Banking,18.0,आर्थिक मॉडेलिंगचो अर्थ मालमत्ता किंमत किंवा कॉर्पोरेट फायनान्समधलो व्यायाम असा समजला जाता,आर्थिक मॉडेलिंगचा अर्थ मालमत्ता किंमत किंवा कॉर्पोरेट फायनान्समध्ये व्यायाम असा समजला जातो.
1520,724669,D2,Agriculture,18.438,"पीकेस्न्या फांद्या , पाने , इत्यादिस्ले खड्डा खंदीन त्यामा दाबी देतस ज्यानाबये कंपोस्ट खत तयार व्हस","पीकशाच्या फांद्या, पाने इत्यादीमधून खड्डा खंदीत त्यामा दाबी देत ज्यानाबये कंपोस्ट खत तयार होते."
1521,719681,D4,Agriculture,17.929,बिहारमध्ये मी ऐकले आहे की आय.डी.ए मार्केट प्लेसच्या बांधकामावर खूप पैसा खर्च करत आहे,बिहारमध्ये मी ऐकले आहे की आय.डी.ए मार्केट प्लेसच्या बांधकामावर खूप पैसा खर्च करत आहे
1522,707709,D1,Agriculture,18.0,"पंचवीस जूनका प्रधानमंत्री आवास योजना नागरी अभियान सुरू करण्यात इला आसा , असा माका आज कळाला","पंचवीस जूनला प्रधानमंत्री आवास योजना नागरी अभियानाची सुरुवात झाली, हे मला आज कळले."
1523,717499,D2,Agriculture,18.433,"मला विहिर खणायची आहे , प्रकरण कोणत्या योजनेत करायचे त्यासाठी कोणत्या कार्यालयाशी संपर्क साधायचा ?","मला विहीर खणायची आहे, प्रकरण कोणत्या योजनेत करायचे त्यासाठी कोणत्या कार्यालयाशी संपर्क साधायचा?"
1524,724376,D4,Agriculture,17.929,काही प्रकार शोभेच्या वस्तू म्हणून पिकवले जातात आणि काही औषधांमध्ये वापरल्या जाणाऱ्या अल्कलॉइड्स असतात,काही प्रकार शोभेच्या वस्तू म्हणून पिकवले जातात आणि काही औषधांमध्ये वापरल्या जाणाऱ्या अल्कलॉइड्स असतात
1525,706607,D1,Banking,18.0,लक्ष्य बाजारामध्ये सामान्यता समान वैशिष्ट्ये प्रदर्शित करणारे ग्राहक असतत,लक्ष्य बाजारामध्ये सामान्य समान वैशिष्ट्ये प्रदर्शित करणारे ग्राहक आहेत.
1526,724726,D2,Agriculture,18.433,"रेशीम उत्पादनना संशोधनमा रेशीमना किडासना मेंदुनी रचना , शरीरनी रचना आणि तेसना हार्मोन्सनं संशोधन करतस","रेशीम उत्पादनाचे संशोधन, रेशीम किडांच्या रचनेबद्दल, शरीराच्या रचनेबद्दल आणि त्यांच्या सुसंराज्याबद्दल संशोधन करत आहे."
1527,720419,D4,Banking,17.923,"सावकाराची क्रेडिट जोखीम कमी करण्यासाठी , सावकार संभाव्य कर्जदाराची क्रेडिट तपासणी करू शकतो",सावकाराची क्रेडिट जोखीम कमी करण्यासाठी सावकार संभाव्य कर्जदाराची क्रेडिट तपासणी करू शकतो
1528,706459,D1,Banking,18.0,"निधी ही गरज , कार्यक्रम किंवा प्रकल्पासाठी वित्तपुरवठा करुक संसाधना प्रदान करुची क्रिया असा","निधी ही गरज आहे, कार्यक्रम किंवा प्रकल्पासाठी वित्तपुरवठा करणे म्हणजे संसाधने प्रदान करण्याची क्रिया आहे."
1529,714577,D2,Banking,18.429,आपले माहिती शे का पाळीव प्राणी विमा खरं ते संपत्ती विमानं एक रुप शे,"आपली माहिती पाळीव प्राणी विमा, संपत्ती आणि विमान एक रुपये आहे."
1530,720415,D4,Banking,17.923,वित्तीय भांडवल वित्त लेखा आणि अर्थशास्त्रात भांडवल किंवा इक्विटी म्हणून देखील ओळखले जाते,वित्तीय भांडवल वित्त लेखा आणि अर्थशास्त्रात भांडवल किंवा इक्विटी म्हणून देखील ओळखले जाते
1531,707609,D1,Agriculture,18.0,"तुकातर माहीतच हा , नाचणीवर खायच्याव प्रकारचे कीटक किंवा बुरशी हल्लो करत नाय","तुम्हाला माहीतच आहे, नाचणीवर खाण्यासाठी लागणारे कीटक किंवा बुरशी हल्ला करत आहेत."
1532,714372,D2,Banking,18.429,बाबानी गाडीना विमा काढेल व्हता म्हनीन गाडीना पुढला फुटेल काच दुरुस्तीले पैसा लागना नैत,बाबानी गाडीला विमा काढल्यास गाडीचे पुढचे काच फुटेल का आणि काच दुरुस्तीसाठी किती पैसे लागतील?
1533,720692,D4,Banking,17.923,जेव्हा प्रमाणित चेकमध्ये लिहिलेले पैसे बँक खात्यात असतात तेव्हाच पैसे वितरित केले जातात,जेव्हा प्रमाणित चेकमध्ये लिहिलेले पैसे बँक खात्यात असतात तेव्हाच पैसे वितरित केले जातात
1534,708008,D1,Banking,18.0,लेखा ह्या एक मानक आसा जा संस्थेच्या आर्थिक स्थितीच्या संबंधित माहिती गोळा करता,"लेखा ही एक मानक आहे, संस्थेच्या आर्थिक स्थितीशी संबंधित माहिती गोळा करा."
1535,715847,D2,Agriculture,18.429,"बाग कामामध्ये मध माशापालन , मशरूम उत्पादन , फुले आणि फळांची शेती केली जाते","बाग कामामध्ये मध माशापालन, मशरूम उत्पादन, फुले आणि फळांची शेती केली जाते."
1536,722315,D4,Banking,17.917,राष्ट्रीय ग्रामीण उपजीविका अभियान हा ग्रामीण विकास मंत्रालयाचा एक प्रमुख कार्यक्रम होता,राष्ट्रीय ग्रामीण उपजीविका अभियान हा ग्रामीण विकास मंत्रालयाचा एक प्रमुख कार्यक्रम होता
1537,708593,D1,Agriculture,18.0,"अफगणिस्तान , कश्मिर ते कुँमाउ तागत हिमलयाच्या उत्तर भागात ईराण मध्ये ट्युलिपची झाडा दिसतत","अफगणिस्तान, कश्मिर ते कुँमाउ तागत हिमालयाच्या उत्तर भागात इराणमध्ये ट्यूलिपची झाडे दिसत आहेत."
1538,717904,D2,Agriculture,18.429,"थंड हवामानामध्ये कोथिंबिर , पालक , शेपू या पालेभाज्यांवर काय परिणाम होऊ शकतो ?","थंड हवामानामध्ये कोथिंबिर, पालक, शेपू या पालेभाज्यांवर काय परिणाम होऊ शकतो?"
1539,722854,D4,Agriculture,17.917,"मानव आणि इतर प्राण्यांप्रमाणे , मासे देखील रोग आणि परजीवींना असुरक्षित असतात",मानव आणि इतर प्राण्यांप्रमाणे मासे देखील रोग आणि परजीवींना असुरक्षित असतात
1540,708611,D1,Banking,18.0,"तुमका माहीत हा काय , की सूक्ष्म वित्त गरीब लोकांका छोट्या व्यापारासाठी देतत",तुम्हाला माहीत आहे का की सूक्ष्म वित्त गरीब लोकांसना छोट्या व्यापारासाठी दिले जात आहे?
1541,716899,D2,Banking,18.429,दीनदयाल उपाध्याय ग्रामीण कौशल्य युवा रोजगार योजना ही गरिबांना रोजगार उपलब्ध करून देण्यासाठी आहे,दीनदयाल उपाध्याय ग्रामीण कौशल्य युवा रोजगार योजना ही गरिबांना रोजगार उपलब्ध करून देण्यासाठी आहे
1542,722650,D4,Banking,17.917,"पब्लिक फायनान्स केंद्र , राज्य , स्थायी सरकारांच्या वित्तसंबंधित विषयांचा अभ्यास करते",पब्लिक फायनान्स केंद्र राज्य स्थायी सरकारांच्या वित्तसंबंधित विषयांचा अभ्यास करते
1543,710504,D1,Banking,18.0,अटल पेंशन योजनेद्वारा बऱ्याच म्हाताऱ्या माणसांका आर्थिक मदत मिळाली हा,अटल पेन्शन योजनेद्वारे बऱ्याच वृद्धांचे आर्थिक सहाय्य मिळाले आहे.
1544,716536,D2,Agriculture,18.429,भूकमुक्त भारत होण्यासाठी अन्न सुरक्षा सुनिश्चित करणे हा अंत्योदय अन्न योजनेचा मुख्य उद्देश आहे,भूकमुक्त भारत होण्यासाठी अन्न सुरक्षा सुनिश्चित करणे हा अंत्योदय अन्न योजनेचा मुख्य उद्देश आहे
1545,722604,D4,Banking,17.917,संस्थात्मक उद्योजकता ही कलाकारांची क्रियाकलाप आहे ज्यांना विशिष्ट प्रणाली मध्ये स्वारस्य आहे,संस्थात्मक उद्योजकता ही कलाकारांची क्रियाकलाप आहे ज्यांना विशिष्ट प्रणालीमध्ये स्वारस्य आहे
1546,706949,D1,Banking,18.0,वित्तीय संस्था ह्या आर्थिक व्यवहार हाताळण्याचा व्यवसायात गुंतलेल्यो कंपनी असा,वित्तीय संस्था ह्या आर्थिक व्यवहार हाताळण्याचा व्यवसायात गुंतलेली कंपनी आहे
1547,715433,D2,Agriculture,18.429,"काश्मिरी शेळ्या , पश्मीना शेळ्या आणि शेळ्यांच्या काही इतर जाती कडून मिळालेले फायबर आहे","काश्मिरी शेळ्या, पश्मीना शेळ्या आणि शेळ्यांच्या काही इतर जातींकडून मिळालेले फायबर आहे."
1548,721951,D4,Agriculture,17.909,"पाळीव प्राण्यांचे प्रकार अन्न , शेतातील प्राणी आणि कामासाठीचे प्राणी आहेत","पाळीव प्राण्यांचे प्रकार अन्न, शेतातील प्राणी आणि कामासाठीचे प्राणी आहेत."
1549,708138,D1,Agriculture,18.0,हरितगृहातसून योग्य त्या तापमानाक तुम्ही तुमच्या मर्जीनुसार लागवड करू शकतास,हरितगृहातून योग्य तापमानाने तुम्ही तुमच्या मर्जीनुसार लागवड करू शकता.
1550,724759,D2,Banking,18.429,"इलेक्ट्रॉनिक स्थलांतरण म्हणजे , एका बँक खात्यामधून दुसऱ्या बँक खात्यामध्ये पैशाचं विद्युत हस्तांतरण आहे",इलेक्ट्रॉनिक स्थलांतरण म्हणजे एका बँक खात्यामधून दुसऱ्या बँक खात्यामध्ये पैशाचे विद्युत हस्तांतरण आहे
1551,720844,D4,Agriculture,17.909,जंगली मासा म्हणजे पाण्यातील एक मोठा मासा किंवा इतर जलचर प्राणी,जंगली मासा म्हणजे पाण्यातील एक मोठा मासा किंवा इतर जलचर प्राणी
1552,708644,D1,Agriculture,18.0,"जिकडे सुखी , खराब माती आणि पान्याची कमतरता असता थंय पशुपालन जास्त प्रमाणात होता","जिथे सुख, खराब माती आणि पानांची कमतरता होती, तिथे पशुपालन जास्त प्रमाणात होते."
1553,716509,D2,Agriculture,18.423,वासरे प्रौढ गुरे त्यांच्या मांसासाठी वाढवली जाते आणि नंतर त्यांची कत्तल केली जाते,वासरे प्रौढ गुरे त्यांच्या मांसासाठी वाढवली जातात आणि नंतर त्यांची कत्तल केली जाते
1554,719823,D4,Agriculture,17.909,शंखशिंपल्यांची लागवड दोरखंडावर किंवा पिशव्यांवर किंवा पिंजऱ्यांवर अनेक प्रकारे केली जाते,शंखशिंपल्यांची लागवड दोरखंडावर किंवा पिशव्यांवर किंवा पिंजऱ्यांवर अनेक प्रकारे केली जाते
1555,712574,D1,Banking,18.0,चेडवाक फायदो होतलो असो प्रकारचा काही सामाजिक योजना असात काय ?,चेडवाक प्रकारची काही सामाजिक योजना आहे का जी फायदो करते?
1556,713616,D2,Banking,18.423,आपली ब्यांकनी शाखाले पत्र लिखीसन चेक बुक लेऊ शकतस नैते पोस्टमारफत मांगाडू शकतस,आपल्या बँकेच्या शाखेने पत्र लिहून चेक बुक घेऊ शकतता पोस्टमार्फत मागवू शकता
1557,718920,D4,Agriculture,17.9,झाडातून पाणी वाया जाण्याचे प्रमाण झाडातील पाणी शोषण्यापेक्षा जास्त असते,झाडातून पाणी वाया जाण्याचे प्रमाण झाडातील पाणी शोषण्यापेक्षा जास्त असते
1558,707838,D1,Banking,18.0,भारताच्या एकूण संरक्षण बजेटपैकी निम्म्याहून जास्त योगदान ह्या भारतीय लष्कराचा आसा,भारताच्या एकूण संरक्षण बजेटपैकी निम्म्याहून जास्त योगदान भारतीय लष्कराचा आसा आहे
1559,713396,D2,Agriculture,18.417,चीन हाऊ देश आख्खा जगमा सुसंस्कृत मोतीनं जास्त उत्पन्न काढणारा देश शे,चीन हा एक असा देश आहे जो जगामध्ये सुसंस्कृत लोकांमध्ये जास्त उत्पन्न काढतो.
1560,724519,D4,Agriculture,17.895,"सागरी शेती ही मत्स्य पालनाची एक शाखा आहे व अन्न , इतर प्राणी उत्पादनांसाठी सागरी जीवांची लागवड समाविष्ट आहे",सागरी शेती ही मत्स्य पालनाची एक शाखा आहे आणि अन्न व इतर प्राणी उत्पादनांसाठी सागरी जीवांची लागवड समाविष्ट आहे
1561,708926,D1,Banking,18.0,भारतात क्लर्क पदासाठी नियुक्ती बॅन्केच्या परिक्षेच्या माध्यमातना होता,भारतात क्लर्क पदासाठी नियुक्ती बँकेच्या परीक्षेच्या माध्यमातून होती
1562,716718,D2,Banking,18.417,वर्तमान मूल्य हे निर्दिष्ट परताव्याच्या दरानुसार भविष्यातील रोख प्रवाहाच्या रकमेचे मूल्य आहे,वर्तमान मूल्य हे निर्दिष्ट परताव्याच्या दरानुसार भविष्यातील रोख प्रवाहाच्या रकमेचे मूल्य आहे
1563,719807,D4,Agriculture,17.889,गायींपासून दूध काढण्यासाठी दूध देणाऱ्या यंत्रांचा वापर केला जातो,गायींपासून दूध काढण्यासाठी दूध देणाऱ्या यंत्रांचा वापर केला जातो
1564,707238,D1,Banking,18.0,पी.एम.जे.जे.बी योजना अठरा ते पन्नास वर्षे वयोगटातला लोकांसाठी उपलब्ध असा ज्यांचा बँक खाता हा,"पी.एम.जे.जे.बी योजना अठरा ते पन्नास वर्षे वयोगटात असलेल्या लोकांसाठी उपलब्ध आहे, ज्यांचा बँक खाता हा"
1565,716535,D2,Agriculture,18.409,कोळी आपल्या जाळ्याचा उपयोग जाळी बनविण्यासाठी तसेच विविध संरचना बनविण्यासाठी करतात,कोळी आपल्या जाळ्याचा उपयोग जाळी बनविण्यासाठी तसेच विविध संरचना बनविण्यासाठी करतात
1566,724514,D4,Agriculture,17.882,"बार्ली , ओट्स , तांदूळ , राय नावाचे धान्य आणि गहू यांसारख्या तृणधान्य पिकांच्या उत्पादनापैकी गवत आहे","बार्ली, ओट्स, तांदूळ, राय नावाचे धान्य आणि गहू यांसारख्या तृणधान्य पिकांच्या उत्पादनापैकी गवत आहे."
1567,710669,D1,Banking,18.0,गुंतवणुकीच्या क्षेत्रात नोकरी करणाऱ्या व्यक्तिक एन.आय.एस.एम परिक्षा पास होउची लागता,गुंतवणुकीच्या क्षेत्रात नोकरी करणार्या व्यक्तीला एन.आय.एस.एम परीक्षा पास होण्याची आवश्यकता असते.
1568,713660,D2,Agriculture,18.389,"बिसलरी पानीनी बाटली कितली म्हांगी व्हयी गयी , पुढे पुढे ते पेवाना पानीनी क्वालिटी वर पानी ईकाई बरं","बिसलरीची पाण्याची बाटली किती जुनी झाली आहे, पुढे ते विकत घेतलेले पाण्याची गुणवत्ता काय आहे?"
1569,722560,D4,Agriculture,17.875,"सेंद्रिय बागकाम म्हणजे सेंद्रिय शेतीच्या तत्त्वांचे पालन करून फळे , भाज्या , फुले यांची वाढ करणे","सेंद्रिय बागकाम म्हणजे सेंद्रिय शेतीच्या तत्त्वांचे पालन करून फळे, भाज्या, फुले यांची वाढ करणे"
1570,707673,D1,Agriculture,18.0,"दोन चाकी ट्रॅक्टर हातात धरून त्याचो उपयोग खुरपणी , कुदळ अश्यासाठी केलो जाता",दोन चाकी ट्रॅक्टर हातात धरून त्याचा उपयोग खुरपणी करण्यासाठी कुदळासाठी केला जातो
1571,724733,D2,Banking,18.382,"कोनतीबी गाडीना ईमा काढेल फायदाना रहास , गाडी दवडी जावावर , ठोकाई जावावर व्हयेल नुक्सानना पैसा भेटतस","कोणती गाडी घेतल्यास फायदा होतो, गाडी कोणत्या दिशेने जावी, कोणत्या दिशेने जावे ते नुकसान झाले पैसे मिळतात."
1572,723850,D4,Banking,17.875,"मले क्रेडिट कार्ड घ्याचं हाय , त मले माया खात्यात कितीक पैसे ठेवणं जरुरीच हाय ?","मला क्रेडिट कार्ड घ्यायचे आहे, तर मला माझ्या खात्यात किती पैसे ठेवणे आवश्यक आहे?"
1573,709704,D1,Agriculture,18.0,संवर्धित मोती एक सुसंस्कृत मोतीयेच्या थैलेत माणसांच्या हस्तक्षेपाशिवाय बनतत,संवर्धित मोती एक सुसंस्कृत मोतींच्या थैलेत माणसांच्या हस्तक्षेपाशिवाय बनवले जातात
1574,713181,D2,Banking,18.357,ऑनलाइन सेवाना माध्यमतीन व्हनारा बेपार मा उधार लेनारा व उधार देनारास मा साम्य शे,ऑनलाइन सेवा माध्यम म्हणून व्यापार आणि उधार देणे यासाठी मला साम्य आहे
1575,721325,D4,Banking,17.857,"अनेकदा युद्ध करार खरेदी करण्यासाठी प्रोत्साहन दिले जाते , अनेकदा देशभक्तीचे आवाहन केले जाते","अनेकदा युद्ध करार खरेदी करण्यासाठी प्रोत्साहन दिले जाते, अनेकदा देशभक्तीचे आवाहन केले जाते"
1576,707264,D1,Banking,18.0,डी.डी.यू.जी.के योजना केंद्रीय मंत्री नितीन गडकरी आणि व्यंकय्या नायडू यांनी लॉन्च केल्यान होता,डी.डी.यू.जी.के योजना केंद्रीय मंत्री नितीन गडकरी आणि व्यंकय्या नायडू यांनी लॉन्च केल्या होत्या.
1577,716245,D2,Banking,18.346,सामाजिक सुरक्षा योजनांची निवड करा आणि प्रधानमंत्री जीवन ज्योति विमा योजनेची निवड करा,सामाजिक सुरक्षा योजनांची निवड करा आणि प्रधानमंत्री जीवन ज्योति विमा योजनेची निवड करा
1578,724408,D4,Agriculture,17.85,"गाय , म्हैस , मेंढ्या , शेळी हे त्यांचे अन्न दोन वेळा पचवण्यास सक्षम असतात , या क्रियेला चघळणे म्हणतात","गाय, म्हैस, मेंढ्या, शेळी हे त्यांचे अन्न दोन वेळा पचवण्यास सक्षम असतात, या क्रियेला चघळणे म्हणतात."
1579,709481,D1,Agriculture,18.0,तेलबियो ह्यो सहसा पहील्यांदा खाद्यतेलाच्या उत्पादनासाठी उगवलेला बियो असतत,तेलबियो सहसा पहिल्यांदा खाद्यतेलाच्या उत्पादनासाठी उगवलेला असतो.
1580,716860,D2,Agriculture,18.346,मातीचा पोत सुधारणे म्हणजे त्यात रासायनिक खते तसेच सेंद्रिय खते आदी खते मिसळणे,मातीचा पोत सुधारणे म्हणजे त्यात रासायनिक खते तसेच सेंद्रिय खते आदी खते मिसळणे
1581,724414,D4,Agriculture,17.762,"भारतीय पाळीव प्राण्यांमध्ये गायी , म्हशी , बैल , बकरी , घोडे आणि खेचर , डुक्कर आणि कोंबडी यांचा समावेश होतो","भारतीय पाळीव प्राण्यांमध्ये गायी, म्हशी, बैल, बकरी, घोडे आणि खेचर, डुक्कर आणि कोंबडी यांचा समावेश होतो."
1582,709847,D1,Agriculture,18.0,कीटकांचा प्रादुर्भाव टाळण्यासाठी वनस्पतींचे निरीक्षण केले पाहिजे,कीटकांचा प्रादुर्भाव टाळण्यासाठी वनस्पतींचे निरीक्षण केले पाहिजे
1583,724685,D2,Agriculture,18.333,"कॉम्प्युटर डेटा स्टोरेज एक अशी पद्धती आहे , ज्यामध्ये कॉम्प्युटर चे घटक आणि रेकॉर्डिंग , मीडिया समाविष्ट आहे","कॉम्प्युटर डेटा स्टोरेज ही एक अशी पद्धत आहे, ज्यामध्ये कॉम्प्युटरचे घटक आणि रेकॉर्डिंग, मीडिया समाविष्ट आहे."
1584,724413,D4,Agriculture,17.762,"चेरी ही कार्बोहायड्रेट्स , जीवनसत्त्वे ए , बी , सी , कॅल्शियम , लोह , फॉस्फरसने भरलेली लाल रंगाची फळे आहेत","चेरी लाल रंगाची फळे आहेत ज्यात कार्बोहायड्रेट्स, जीवनसत्त्वे ए, बी, सी, कॅल्शियम, लोह आणि फॉस्फरस भरलेले आहेत."
1585,707958,D1,Agriculture,18.0,येगयेगळ्या ईद्यापीठांनी कृषी अभियांत्रिकेचो त्येंच्या अभ्यासक्रमात समावेश केलेलो आसा,या शिक्षण मंडळांनी कृषी अभियांत्रिकेच्या अभ्यासक्रमात समावेश केलेला आहे.
1586,724730,D2,Agriculture,18.31,"राई ना दाना पीठ , ब्रेड , बनाडाले बीयर , हिस्की , वोडका , या दारुस्मा आनी जनावरेस्ना चारा करता वापरास","राई, दाणे, पीठ, ब्रेड, बीयर, हिस्की, व्होडका या दारूंसम आणि जनावरेसाठी चारा म्हणून वापरा."
1587,724463,D4,Agriculture,17.667,"प्रसिद्ध वाळलेल्या शेंगांमध्ये चणे , बीन्स , हरिकोट बीन्स , कॅनेलिनी बीन्स , लाल किडनी बीन्स समावेश आहे","प्रसिद्ध वाळलेल्या शेंगांमध्ये चणे, बीन्स, हरिकोट बीन्स, कॅनेलिनी बीन्स आणि लाल किडनी बीन्स समाविष्ट आहेत."
1588,707117,D1,Banking,18.0,प्रत्येक व्यवहार क्रेडिट केलेला खात्यांतसून डेबिट केलेल्यो खात्यांत मू्ल्य हस्तांतरित करता,प्रत्येक व्यवहार क्रेडिट केलेल्या खात्यांतून डेबिट केलेल्या खात्यांत मूल्य हस्तांतरित करतो
1589,724727,D2,Agriculture,18.286,गॉसिपियम हिरसुटम गॉसिपियम बार्बाडेन्स गॉसिपियम आर्बोरियम गॉसिपियम हर्बेशिअम ह्या कपाशी न्या मूळ जाती शेतस,गॉसिपियम हिरसुटम गॉसिपियम बार्बाडेन्स गॉसिपियम आर्बोरियम गॉसिपियम हर्बेशिअम ह्या कपाशीच्या मूळ जाती आहेत.
1590,723196,D4,Agriculture,17.5,संत्र्याच्या झाडावर किडीले लगाम घालासाठी कोनचे साधनं वापरा लागन ?,संत्र्याच्या झाडावर किडींना लगाम घालण्यासाठी कोनाचे साधनं वापरावी लागतील का?
1591,708739,D1,Agriculture,18.0,गोड्या पाण्यात मासे पाळतत तेका अंतर्देशीय मत्स्यपालन बोलतत,गोड्या पाण्यात मासे पाळत होते आणि अंतर्देशीय मत्स्यपालन बोलत होते
1592,717387,D2,Agriculture,18.237,"जमिनीची सुपिकता वाढवण्यासाठी लेंडी खत , कोंबडी खत , गांडूळ खत , राखेचे खत यापैकी कोणते योग्य आहे ?","जमिनीची सुपीकता वाढवण्यासाठी लेंडी खत, कोंबडी खत, गांडूळ खत, राखेचे खत यापैकी कोणते योग्य आहे?"
1593,719050,D4,Agriculture,17.5,रमेशने आपल्या गावातील तलावातून जाळ्याच्या साहाय्याने मासे पकडले,रमेशने आपल्या गावातील तलावातून जाळ्याच्या साहाय्याने मासे पकडले
1594,709287,D1,Banking,18.0,सामुदायिक भागीदारी नैतिक बॅन्कातागत मर्यादीत नाय हा तर पारंपारिक बॅन्का पण असा करतत,सामुदायिक भागीदारी नैतिक बँकात मर्यादीत नाही हा तर पारंपारिक बँका पण असा करत आहेत
1595,715997,D2,Agriculture,18.214,मासे पकडण्याची युक्ती मासे पकडण्याची पद्धत आहे,मासे पकडण्याची युक्ती मासे पकडण्याची पद्धत आहे
1596,723603,D4,Banking,17.5,वावरासाठी कर्ज काढाचं हाय तर ते कस कराच ही मायती ऑनलाईन कसी भेटन ?,वावरासाठी कर्ज घेतले आहे तर ते कसे करायचे हे माहिती ऑनलाईन कसे मिळेल?
1597,709307,D1,Banking,18.0,गुंतवणूकदार आपल्या आवश्यकतेनुसार वेगवेगळ्या प्रकारच्या म्युच्युअल फंडमध्ये पैशे गुंतवू शकतत,गुंतवणूकदार आपल्या आवश्यकतेनुसार वेगवेगळ्या प्रकारच्या म्युच्युअल फंडमध्ये पैसे गुंतवू शकतात
1598,718365,D2,Banking,18.0,भारतीय शेतकऱ्यांसाठी सामाजिक क्षेत्रात कोणत्या प्रकारच्या विविध योजना उपलब्ध आहेत ?,भारतीय शेतकऱ्यांसाठी सामाजिक क्षेत्रात कोणत्या प्रकारच्या विविध योजना उपलब्ध आहेत?
1599,720820,D4,Agriculture,17.5,"आपल्या पिकांच्या घसरत्या भावात वाढ व्हावी , यासाठी शेतकऱ्यांचा विरोध आहे",आपल्या पिकांच्या घसरत्या भावात वाढ व्हावी यासाठी शेतकऱ्यांचा विरोध आहे
1600,708875,D1,Banking,18.0,एका हाउसिंग सोसायटीच्या प्रबंध समितीक पास शेअर प्रमाणपत्र देऊची जबाबदारी असता,एका हाउसिंग सोसायटीच्या प्रबंध समितीला पास शेअर प्रमाणपत्र देण्याची जबाबदारी असते.
1601,717480,D2,Agriculture,18.0,किटकाच्या जाती ओळखून ते होऊ नये यासाठी काय उपाय करावे याची माहिती द्या,किटकाच्या जाती ओळखून ते होऊ नये यासाठी काय उपाय करावे याची माहिती द्या
1602,722008,D4,Banking,17.5,पिग्गी बँक हे मुलांद्वारे वापरल्या जाणाऱ्या नाण्यांच्या कंटेनरचे पारंपारिक नाव आहे,पिग्गी बँक हे मुलांद्वारे वापरल्या जाणाऱ्या नाण्यांच्या कंटेनरचे पारंपारिक नाव आहे
1603,709848,D1,Agriculture,18.0,कृषी उत्पन्न बाजार समितीपासून शेतमालाच्या किरकोळ किंमती खूप वरच्या पातळीवर पोचत नाय,कृषी उत्पन्न बाजार समितीपासून शेतमालाच्या किरकोळ किंमती खूप वरच्या पातळीवर पोहोचत नाहीत
1604,716149,D2,Banking,18.0,व्यवसायाच्या गरजा पूर्ण करण्यासाठी एक दीर्घ काळा साठीच्या कर्जाचा वापर केला घेतला जाऊ शकतो,व्यवसायाच्या गरजा पूर्ण करण्यासाठी एका दीर्घ कालावधीसाठी कर्जाचा वापर केला जाऊ शकतो.
1605,719160,D4,Agriculture,17.5,जेवणासाठी उगवलेल्या पिकांचेही किडींच्या प्रादुर्भावामुळे नुकसान होते,जेवणासाठी उगवलेल्या पिकांचेही किडींच्या प्रादुर्भावामुळे नुकसान होते
1606,710038,D1,Banking,18.0,मुद्राचा प्राथमिक कार्य ह्या असा की मुद्रा पैसे देवाण घेवाणीच्या माध्यमाचा काम करता,मुद्राचे प्राथमिक कार्य हे असे आहे की मुद्रा पैसे देवाणघेवाणीचे माध्यम म्हणून काम करते.
1607,716448,D2,Agriculture,18.0,परंपरागत कृषी विकास योजनेत रामूला सेंद्रिय शेती करण्यासाठी आर्थिक मदत मिळाली,परंपरागत कृषी विकास योजनेत रामूला सेंद्रिय शेती करण्यासाठी आर्थिक मदत मिळाली
1608,720872,D4,Agriculture,17.5,पाण्याच्या अतिशोषणामुळे नदीचे प्रवाहामध्ये रुपांतर होण्याची चांगली शक्यता आहे,पाण्याच्या अतिशोषणामुळे नदीच्या प्रवाहामध्ये रूपांतर होण्याची चांगली शक्यता आहे
1609,712535,D1,Agriculture,18.0,लहान शेतकरी शेतजमीन खरेदी करुच्यासाठी कर्ज घेण्यास पात्र असात काय ?,लहान शेतकरी शेतजमीन खरेदी करण्यासाठी कर्ज घेण्यास पात्र आहे का?
1610,716618,D2,Agriculture,18.0,पंजाब आणि हरियाणातील लोक चांगले पीक आल्याबद्दल देवाचे आभार मानून बैसाखीचा सण साजरा करतात,पंजाब आणि हरियाणातील लोक चांगले पीक आल्याबद्दल देवाचे आभार मानून बैसाखीचा सण साजरा करतात
1611,720669,D4,Agriculture,17.5,कीटक आक्रमणाविरूद्ध मार्गदर्शक तत्त्वे कृषी मंत्रालयाद्वारे प्रदान केली जातात,कीटक आक्रमणाविरूद्ध मार्गदर्शक तत्त्वे कृषी मंत्रालयाद्वारे प्रदान केली जातात
1612,708388,D1,Agriculture,18.0,प्रधानमंत्री उज्ज्वला योजना भारताचे पंतप्रधान नरेंद्र मोदींनी एक मे दोन हजार सोळाक सुरू केल्यानी,प्रधानमंत्री उज्ज्वला योजना भारताचे पंतप्रधान नरेंद्र मोदींनी १ मे २०१८ सुरू केली.
1613,715954,D2,Agriculture,18.0,मशागतीच्या मशीनचा उपयोग पिकाच्या शेतांमध्ये मशागती चे काम पूर्ण करण्यासाठी केला जातो,मशागतीच्या मशीनचा उपयोग पिकाच्या शेतांमध्ये मशागतीचे काम पूर्ण करण्यासाठी केला जातो.
1614,718893,D4,Banking,17.5,हरीश शिंदे यांनी सामाजिक उद्योजकता म्हणून सौरऊर्जेचा वापर आणि प्रोत्साहन स्वीकारले आहे,हरीश शिंदे यांनी सामाजिक उद्योजकता म्हणून सौरऊर्जेचा वापर आणि प्रोत्साहन स्वीकारले आहे
1615,707389,D1,Agriculture,18.0,एरोपोनिक्समधील्या उच्च दाब युनिट्सचो माझ्या पिकांका खूप फायदो झालेलो आसा,एरोपोनिक्समधील उच्च दाब युनिट्समुळे माझ्या पिकांचे खूप फायदे झाले आहेत असे.
1616,715935,D2,Agriculture,18.0,मत्स्यपालन व्यवसाय जगामध्ये पाच मिलियन पेक्षा जास्त लोकांना रोजगार देतो,मत्स्यपालन व्यवसाय जगामध्ये पाच मिलियन पेक्षा जास्त लोकांना रोजगार देतो
1617,719453,D4,Agriculture,17.5,शेजारच्या भागात काम करणाऱ्या किंवा राहणाऱ्या लोकांवर होणारे विपरीत परिणाम रोखणे समाविष्ट आहे,शेजारच्या भागात काम करणाऱ्या किंवा राहणाऱ्या लोकांवर होणारे विपरीत परिणाम रोखणे समाविष्ट आहे
1618,710822,D1,Banking,18.0,प्राचीन जगाच्या मेसोपोटामियात अकाउंटींगचो इतिहास अस्तित्वात असा,प्राचीन जगाच्या मेसोपोटामियात अकाउंटींगचा इतिहास अस्तित्वात होता.
1619,716947,D2,Banking,18.0,आंतरराष्ट्रीय व्यापारात गुंतलेला माल हा बहुतांशी समुद्रमार्गे पाठवला जातो,आंतरराष्ट्रीय व्यापारात गुंतलेला माल हा बहुतांशी समुद्रमार्गे पाठवला जातो
1620,724199,D4,Banking,17.5,"माया खात्यातून दुसऱ्याले पैसे पाठवले , ते त्याले भेटले का नाय हे मले कस समजन ?","माया खात्यातून दुसऱ्यांनी पैसे पाठवले, ते त्यांना मिळाले का नाही हे मला कसे समजणे?"
1621,711028,D1,Banking,18.0,व्यावसायिक कर्जाच्या व्याजात वार्षिक मुळ रकमेची टक्केवारी म्हणून गणना केली जाता,व्यावसायिक कर्जाच्या व्याजात वार्षिक मुळ रकमेची टक्केवारी म्हणून गणना केली जाते
1622,714592,D2,Banking,18.0,उत्पन्न वक्र जितला वर जास तितला फायदा जास्त समझाना,"उत्पन्न वक्र जितका वर, तितका फायदा जास्त समजून घ्या."
1623,721299,D4,Banking,17.5,भूमी विकास बँकेचा मुख्य उद्देश शेतीच्या विकासाला चालना देणे हा आहे,भूमी विकास बँकेचा मुख्य उद्देश शेतीच्या विकासाला चालना देणे हा आहे.
1624,706744,D1,Banking,18.0,नोंदणीकृत शेअर्स जारीकर्त्याक त्याचो भागधारक नेमका कोण असा ह्या नेहमी जाणून घेण्याचो फायदा देता,नोंदणीकृत शेअर्स जारीकर्त्याला त्याच भागधारक नेमका कोण आहे हे नेहमी जाणून घेण्याचा फायदा देतो.
1625,714642,D2,Banking,18.0,केंद्र सरकार मार्फत कस्तुरबा गांधी बालिका विद्यालय योजना दोन हजार चार मा सुरू व्हयनी,केंद्र सरकार मार्फत कस्तुरबा गांधी बालिका विद्यालय योजना दोन हजार चार मध्ये सुरू झाली
1626,721640,D4,Banking,17.5,योजनांचे उद्दीष्ट म्हणजे समाजातील कमी भाग्यवान विभागांना सामाजिक सुरक्षा प्रदान करणे,योजनांचे उद्दीष्ट म्हणजे समाजातील कमी भाग्यवान विभागांना सामाजिक सुरक्षा प्रदान करणे
1627,710913,D1,Agriculture,18.0,"माणुस , जनावरा किंवा झाडा अशे जे पाण्याचो उपभोग घेणारे असत त्यांका पाण्याचा संचलन गरजेचा हा","माणूस, जनावरे किंवा झाडे जे पाणी उपभोग घेतात त्यांना पाण्याचा संचलन गरजेचा आहे."
1628,714976,D2,Agriculture,18.0,तुला माहित आहे का ? अंडा फार्मची कोंबडी वर्षाला जवळपास तीनशे अंडी देते,तुम्हाला माहित आहे का? अंड्या फार्मची कोंबडी वर्षाला जवळपास तीनशे अंडी देते.
1629,720434,D4,Banking,17.5,कर्ज हमी ज्याद्वारे हमीदार केवळ काही भाग किंवा संपूर्ण कर्जासाठी जबाबदार असतो,कर्ज हमी ज्याद्वारे हमीदार केवळ काही भाग किंवा संपूर्ण कर्जासाठी जबाबदार असतो
1630,712563,D1,Banking,18.0,माझ्या काकांचो वय साठ वर्षां परिस जास्त आसा तर त्यांका कर्जा मेळाक शकतय काय ?,माझ्या काकांचे वय साठ वर्षांपेक्षा जास्त आहे तर त्यांना कर्जे जमा करू शकतात का?
1631,716197,D2,Agriculture,18.0,शेतीमध्ये अनुवांशिक अभियांत्रिकी चे बियाणं सगळ्यात जास्त महाग असतात,शेतीमध्ये अनुवांशिक अभियांत्रिकीचे बियाणे सगळ्यात जास्त महाग असतात
1632,719665,D4,Agriculture,17.5,मी काश्मीर मध्ये पाहिलं की मेंढ्यांच्या लोकर पासून भव्य शाली बनवल्या जात होत्या,मी काश्मीरमध्ये पाहिले की मेंढ्यांच्या लोकरपासून भव्य शाल बनवल्या जात होत्या
1633,707713,D1,Banking,18.0,"पप्या सांगत होतो , खासगी संस्था पण चार्टर्ड अकाउंटंटांका शिक्षण देऊन मुलांचा आर्थिक करिअर घडवतत",खासगी संस्था देखील चार्टर्ड अकाउंटंट्सना शिक्षण देऊन मुलांचे आर्थिक करिअर घडवत आहेत.
1634,714863,D2,Banking,18.0,एस.बी.आय बैंक मागील काही देण्याघेण्याच्या व्यवहारांची मिनी स्टेटमेंट देते,एस.बी.आय बँक मागील काही देण्याघेण्याच्या व्यवहारांची मिनी स्टेटमेंट देते
1635,720218,D4,Agriculture,17.5,ग्लोबल वॉर्मिंगमुळे पाणीटंचाई निर्माण होऊ लागली असल्याने जलसंपत्तीचे व्यवस्थापन आवश्यक आहे,ग्लोबल वॉर्मिंगमुळे पाणीटंचाई निर्माण होऊ लागली असल्याने जलसंपत्तीचे व्यवस्थापन आवश्यक आहे
1636,707396,D1,Agriculture,18.0,"ओकाच्या झाडाचो उपयोग लाकूड निर्माण करुसाठी करतत , ह्या तर सगळ्यांका माहीत आसा","झाडाचा उपयोग लाकूड निर्माण करण्यासाठी करत आहेत, हे सगळ्यांना माहीत आहे."
1637,716810,D2,Banking,18.0,स्वीडनमधील बी.ए.एस सारख्या खात्यांच्या मानक चार्टमधून खात्यांचा तक्ता निवडला जातो,स्वीडनमधील बी.ए.एस सारख्या खात्यांच्या मानक चार्टमधून खात्यांचा तक्ता निवडला जातो
1638,720936,D4,Agriculture,17.5,सागरी शेती ही एक क्रिया आहे ज्यामध्ये मानवी वापरासाठी अन्न उत्पादन समाविष्ट असते,सागरी शेती ही एक क्रिया आहे ज्यामध्ये मानवी वापरासाठी अन्न उत्पादन समाविष्ट असते
1639,706411,D1,Banking,18.0,कंपनीच्या ताळेबंदयात स्टॉकहोल्डरच्या इक्विटी विभागात सामान्य स्टॉकचो अहवाल दिलो जाता,कंपनीच्या ताळेबंदयात स्टॉकहोल्डरच्या इक्विटी विभागात सामान्य स्टॉकचा अहवाल दिला जातो.
1640,714993,D2,Banking,18.0,देशाच्या संपूर्ण अर्थव्यवस्थेच्या व्यवहारांना समग्र अर्थशास्त्राद्वारे समजले जाऊ शकते,देशाच्या संपूर्ण अर्थव्यवस्थेच्या व्यवहारांना समग्र अर्थशास्त्राद्वारे समजले जाऊ शकते
1641,719287,D4,Banking,17.5,स्पॉट मार्केट सिक्युरिटीजची तत्काळ वितरणासाठी खरेदी विक्री केली जाते,स्पॉट मार्केट सिक्युरिटीजची तात्काळ वितरणासाठी खरेदी विक्री केली जाते
1642,708754,D1,Agriculture,18.0,मेंढ्यांच्या विकासात भरपूर प्रमाणात चरबी आणि कार्बोहायड्रेटची गरज असता,मेंढ्यांच्या विकासात भरपूर प्रमाणात चरबी आणि कार्बोहायड्रेटची गरज असते
1643,717757,D2,Agriculture,18.0,माझा शेतीमाल विकण्यासाठी मी स्वत:चे ॲप तयार करु शकतो का ?,माझा शेतीमाल विकण्यासाठी मी स्वतःचे ॲप तयार करू शकतो का?
1644,719631,D4,Banking,17.5,मार्जिन म्हणजे एखाद्या वस्तूची किंमत आणि ती तयार करण्यासाठी लागणारी रक्कम यातील फरक,मार्जिन म्हणजे एखाद्या वस्तूची किंमत आणि ती तयार करण्यासाठी लागणारी रक्कम यातील फरक
1645,708244,D1,Agriculture,18.0,किमान निर्धारित किंमत जी भारतातल्या काही भागांत कृषि कायद्यातल्या मोठ्या घटकाचो भाग आसत,किमान निर्धारित किंमत जी भारतातील काही भागांत कृषी कायद्यातील मोठ्या घटकांचा भाग होती.
1646,718612,D2,Agriculture,18.0,सामान्य सिंचनापेक्षा ठिबक सिंचन जास्त वापरली जाते,सामान्य सिंचनापेक्षा ठिबक सिंचन जास्त वापरले जाते
1647,719076,D4,Banking,17.5,"सोनमने वर्गाला समजावून सांगितले की , अवमूल्यन म्हणजे एखाद्या वस्तूच्या किमतीत कालांतराने होणारी घट",सोनमने वर्गाला समजावून सांगितले की अवमूल्यन म्हणजे एखाद्या वस्तूच्या किमतीत कालांतराने होणारी घट
1648,710271,D1,Banking,18.0,तुका माहित हा प्राधान्यकृत लाभांशांका बाँडमधना व्याज देयकासारखी हमी नसता,तुला माहित आहे की प्राधान्यकृत लाभांशांकावर व्याज देयकासारखी हमी नसते.
1649,712577,D2,Banking,18.0,कॉमर्सना विद्यार्थांसले मार्जिनना बारामा सखोल माहिती देतस,कॉमर्सला विद्यार्थ्यांनी मार्जिनबद्दल बारामा सखोल माहिती देतात
1650,720403,D4,Banking,17.5,निश्चित उत्पन्न विश्लेषण आपल्या जोखीम प्रोफाइलवर आधारित कर्जाच्या सुरक्षिततेची विहित प्रक्रिया आहे,निश्चित उत्पन्न विश्लेषण आपल्या जोखीम प्रोफाइलवर आधारित कर्जाच्या सुरक्षिततेची विहित प्रक्रिया आहे
1651,707904,D1,Agriculture,18.0,मातेची धूप झाल्याने माती एका ठिकाणासून दुसऱ्या ठिकाणी जमा होता,मातेच्या ऊर्जेमुळे माती एका ठिकाणावरून दुसऱ्या ठिकाणी जमा झाली.
1652,715384,D2,Agriculture,18.0,एस्ट्रोजन किंवा एनड्रोजन सारखे हॉर्मोन्स सहसा वाढत्या गुरांसाठी प्रशासित केले जातात,एस्ट्रोजन किंवा एनड्रोजन सारखे हार्मोन्स सहसा वाढत्या प्राण्यांसाठी प्रशासित केले जातात
1653,719721,D4,Banking,17.5,माझ्या काकांचा मुलगा शहरात सोशल मीडिया मार्केटिंग चा अभ्यास करत आहे,माझ्या काकांचा मुलगा शहरात सोशल मीडिया मार्केटिंगचा अभ्यास करत आहे
1654,724841,D1,Banking,18.0,ई.एम.आय किती येता ह्या जाणून घेऊक तुम्ही तुमचो गणिती विचार किंवा इलेक्ट्रॉनिक कॅल्क्युलेटर वापरू शकता,ई.एम.आय किती येते हे जाणून घेण्यासाठी तुम्ही तुमचा गणिती विचार किंवा इलेक्ट्रॉनिक कॅल्क्युलेटर वापरू शकता
1655,715195,D2,Agriculture,18.0,"शेतात पिकांसह झाडे , झुडपे इत्यादि का लावली जातात तर त्यामुळे माती बांधली जाते","शेतात पिकांसह झाडे, झुडपे इत्यादी का लावली जातात तर त्यामुळे माती बांधली जाते"
1656,719606,D4,Agriculture,17.5,कन्व्हेयर बेल्ट्स पी.व्ही.सी आणि रबर मटेरियलची सामग्री पोहोचवण्यासाठी डिझाइन केलेले आहेत,कन्व्हेयर बेल्ट्स पीव्हीसी आणि रबर मटेरियलची सामग्री पोहोचवण्यासाठी डिझाइन केलेले आहेत
1657,724842,D1,Banking,18.0,"तुमच्याकड कमी व्याजदरावर इतर विद्यमान कर्जा असल्यास , तुमच्यो वैयक्तिक कर्जाचो परतफेड करणा खूप अर्थपूर्ण असा","तुमच्याकडे कमी व्याजदरावर इतर विद्यमान कर्जे असल्यास, तुमच्या वैयक्तिक कर्जाची परतफेड करणे खूप अर्थपूर्ण आहे."
1658,714746,D2,Banking,18.0,दायित्व विमा हावू विमाधारकनी सोता करेल गुन्हाले संरक्षण नै देस,दायित्व विमा असल्यास विमाधारकाला संरक्षण मिळेल.
1659,718863,D4,Agriculture,17.5,ॲनालॉग फॉरेस्ट्रीमध्ये हे सुनिश्चित केले जाते की पिके वाढवताना जंगलाचे नुकसान होणार नाही,ॲनालॉग फॉरेस्ट्रीमध्ये हे सुनिश्चित केले जाते की पिके वाढवताना जंगलाचे नुकसान होणार नाही
1660,724945,D1,Banking,18.0,"युद्ध बॉण्ड खरेदी करण्याच्या प्रोत्साहना बरोबर , बऱ्याचयेळेक देशभक्ती आणि विवेकबुद्धीक आवाहन केला जाता","युद्ध बॉण्ड खरेदी करण्याच्या प्रोत्साहनासाठी, बऱ्याच वर्षांपासून देशभक्ती आणि विवेकबुद्धीचे आवाहन केले जाते."
1661,716953,D2,Banking,18.0,वाणिज्यशाश्राच्या विद्यार्थ्यांना मनी मार्केटबद्दल चांगले शिकवले जाते,वाणिज्यशास्त्राच्या विद्यार्थ्यांना मनी मार्केटबद्दल चांगले शिकवले जाते
1662,719943,D4,Banking,17.5,"एखाद्या देशाच्या सरकारचे आर्थिक स्त्रोत , उत्पन्न आणि खर्च हे तुम्हाला माहीत आहे का","एखाद्या देशाच्या सरकारचे आर्थिक स्त्रोत, उत्पन्न आणि खर्च हे तुम्हाला माहीत आहे का?"
1663,708042,D1,Agriculture,18.0,"शास्त्रज्ञांका असा आढळून इला आसा की , छतावरील शेतीमध्ये अधिक पोषकतत्वा असतत",शास्त्रज्ञांनी असे आढळून आले आहे की छतावरील शेतीमध्ये अधिक पोषक तत्वे आहेत
1664,716388,D2,Agriculture,18.0,फ्रॅगीपानी ही उन्हाळयात फुलणारी वनस्पती आहे जी लहान कुंडीत आणि बागेत लावली जाऊ शकते,फ्रॅगीपानी ही उन्हाळयात फुलणारी वनस्पती आहे जी लहान कुंडीत आणि बागेत लावली जाऊ शकते
1665,721080,D4,Banking,17.5,"राष्ट्रीय ग्रामीण उदरनिर्वाहाच्या मोहिमेद्वारे , गरीब लोकांचे आर्थिक उपचार सुधारतात",राष्ट्रीय ग्रामीण उदरनिर्वाहाच्या मोहिमेद्वारे गरीब लोकांचे आर्थिक उपचार सुधारतात
1666,708114,D1,Banking,17.938,"सिंगल चेकची स्थिती जाणून घेऊ साठी सिंगल चेक पर्याय निवडा , असा त्यांना माका समजाऊन सांगल्यान","सिंगल चेकची स्थिती जाणून घेण्यासाठी सिंगल चेक पर्याय निवडा, असा त्यांना मला समजावून सांगितला आहे."
1667,715050,D2,Agriculture,18.0,प्रमाणित बियाण्यांचा वापर केल्याने शेतकऱ्याचे उत्पादन वाढते आणि जमिनीचे कोणतेही नुकसान होत नाही,प्रमाणित बियाण्यांचा वापर केल्याने शेतकऱ्याचे उत्पादन वाढते आणि जमिनीचे कोणतेही नुकसान होत नाही
1668,720361,D4,Agriculture,17.5,उष्णतेसह वैकल्पिक आणि पावसाच्या सरींसह सूर्यप्रकाश ज्यामुळे अत्यधिक आर्द्रता निर्माण होते,उष्णतेसह वैकल्पिक आणि पावसाच्या सरींसह सूर्यप्रकाश ज्यामुळे अत्यधिक आर्द्रता निर्माण होते
1669,709117,D1,Agriculture,17.938,"मर्यादीत ओलावा असणाऱ्या क्षेत्रांत , वर्षाक वीस इंचापेक्षा कमी पाऊस होता थय सिंचना शिवाय शेती होता","मर्यादित ओलावा असणाऱ्या क्षेत्रांत वर्षाक वीस इंचापेक्षा कमी पाऊस होता, त्यामुळे सिंचनाशिवाय शेती होत होती."
1670,713822,D2,Agriculture,18.0,तुमले माहीत शे का झुंड हाई वसंत ऋतुमाच येस,तुम्हाला माहीत आहे का झुंड वसंत ऋतूमध्ये आहे?
1671,722105,D4,Agriculture,17.5,कीटकांचा प्रादुर्भाव रोखण्यासाठी कीटकनाशकांची फवारणी ही एक महत्त्वाची पायरी आहे,कीटकांचा प्रादुर्भाव रोखण्यासाठी कीटकनाशकांची फवारणी ही एक महत्त्वाची पायरी आहे
1672,708325,D1,Agriculture,17.938,"तुषार सिंचन ही पावसासारखीच नियंत्रित पद्धतीनं पाणी वापरूची पद्धत आसा , तेचो वापर खूप सोपो आसा","तुषारचे सिंचन ही पावसासारखीच नियंत्रित पद्धतीची पाणी वापरण्याची पद्धत आहे, त्याचा वापर खूप सोपा आहे."
1673,717763,D2,Agriculture,18.0,ई कॉमर्सच्या माध्यमातून माझी ओळख निर्माण होते का ?,ई कॉमर्सच्या माध्यमातून माझी ओळख निर्माण होते का?
1674,722417,D4,Banking,17.5,तुम्ही या खात्या सारख्या बचत खात्यात पैसे जोडल्यास तुम्हाला व्याज मिळेल,तुम्ही या खात्यासारख्या बचत खात्यात पैसे जोडल्यास तुम्हाला व्याज मिळेल
1675,724822,D1,Banking,17.938,आरोग्य विमो ह्यो येक करार असा ज्यात विमो कंपनी विमाधारकाक प्रीमियम रकमेक वैद्यकीय कव्हरेज प्रदान करता,आरोग्य विमो हा एक करार आहे ज्यात विमा कंपनी विमाधारकांना प्रीमियम रकमेची वैद्यकीय कव्हरेज प्रदान करते
1676,717938,D2,Banking,18.0,"दुसऱ्या खात्यात पैसे ट्रान्सफर करायचे आहेत , त्यासाठी आपण माहिती द्याल का ?","दुसऱ्या खात्यात पैसे ट्रान्सफर करायचे आहेत, त्यासाठी आपण माहिती द्याल का?"
1677,721382,D4,Banking,17.5,आपल्या भविष्यातील सर्व रोख प्रवाहांच्या संयुक्त पासून शुद्ध वर्तमान मूल्य बाहेर काढा,आपल्या भविष्यातील सर्व रोख प्रवाहांच्या बेरजेपासून शुद्ध वर्तमान मूल्य काढा
1678,707378,D1,Agriculture,17.933,एका मागून दुसरा पीक घेणाच्या बदलामुळे एका पिकामुळे दुसऱ्या पिकाक आवश्यक पोषक घटक मिळू शकतत,एकामागून दुसरा पीक घेण्याच्या बदलामुळे एका पिकामुळे दुसऱ्या पिकाला आवश्यक पोषक घटक मिळू शकतात.
1679,713745,D2,Banking,18.0,भारत सरकारनी एकोणीशे अठ्यांशीमझार भारतमा उद्यम भांडवल निधीसाठे मार्गदर्शक तत्त्व जाहीर करात,भारत सरकारने एकोणीशे अठ्यांशीमझार भारताचे उद्यम भांडवल निधीसाठे मार्गदर्शक तत्त्व जाहीर करत आहे
1680,721264,D4,Banking,17.5,कालांतराने कंपनीच्या मालमत्तेचे मूल्य कमी होण्यामागे घसारा कारणीभूत ठरतो,कालांतराने कंपनीच्या मालमत्तेच्या मूल्यामध्ये घट होण्यामागे घसारा कारणीभूत ठरतो
1681,707229,D1,Banking,17.933,खातोदार शाखा कार्यालयात वैयक्तिकरित्या भेट देऊ शकता आणि चेक पेमेंट थांबवुची लेखी विनंती करू शकता,खातोदार शाखा कार्यालयात वैयक्तिकरित्या भेट देऊ शकता आणि चेक पेमेंट थांबवण्याची लेखी विनंती करू शकता
1682,717171,D2,Agriculture,18.0,रेशीम अळीचा रोग टाळण्यासाठी संगोपनगृहात योग्य तापमान आणि आर्द्रता राखली पाहिजे,रेशीम अळीचा रोग टाळण्यासाठी संगोपनगृहात योग्य तापमान आणि आर्द्रता राखली पाहिजे
1683,720829,D4,Agriculture,17.5,बहुतेक पी.ई फिल्म किंवा पी.सी ची अनेक भिंत पत्रके प्लास्टिक ग्रीनहाऊसमध्ये वापरली जातात,बहुतेक पी.ई फिल्म किंवा पी.सी ची अनेक भिंत पत्रके प्लास्टिक ग्रीनहाऊसमध्ये वापरली जातात
1684,724951,D1,Banking,17.933,"शेअर कॅपिटल ह्या कॉर्पोरेशनच्या शेअर्सची रचना बनवणाऱ्या शेअर्सची संख्या , प्रकार यांचो ही संदर्भ देता",शेअर कॅपिटल ह्या कॉर्पोरेशनच्या शेअर्सची रचना बनवणाऱ्या शेअर्सची संख्या आणि प्रकार यांचो संदर्भ देता
1685,716329,D2,Banking,18.0,देशातील सर्व नागरिकांना निवृत्तीनंतर आर्थिक सुरक्षा मिळावी या उद्देशाने एन.पी.एस सुरु केले गेले,देशातील सर्व नागरिकांना निवृत्तीनंतर आर्थिक सुरक्षा मिळावी या उद्देशाने एन.पी.एस सुरू केले गेले
1686,722102,D4,Agriculture,17.5,"फ्रांगीपानीमध्ये कोणताही रोग नाही , परंतु आपण झाडाला गंजण्यापासून वाचवले पाहिजे",फ्रांगीपानीमध्ये कोणताही रोग नाही परंतु आपण झाडाला गंजण्यापासून वाचवले पाहिजे
1687,706715,D1,Banking,17.929,सरकारी रोखा ह्या सरकारी खर्चाक पाठिंबा देऊक राष्ट्रीय सरकारद्वारा जारी केलेल्या कर्ज दायित्व असा,सरकारी रोखा हे सरकारी खर्चाला पाठिंबा देणे राष्ट्रीय सरकारद्वारे जारी केलेल्या कर्ज दायित्वाचा आहे.
1688,718063,D2,Banking,18.0,सामाजिक क्षेत्रातील योजनेचा लाभ घेण्यासाठी नागरिकत्व गरजेचे आहे का ?,सामाजिक क्षेत्रातील योजनेचा लाभ घेण्यासाठी नागरिकत्व गरजेचे आहे का?
1689,722232,D4,Agriculture,17.5,"मध हा मधमाश्यांद्वारे वनस्पतीं च्या अमृतापासून तयार होणारा एक जाड , गोड द्रव आहे","मध हा मधमाश्यांद्वारे वनस्पतींच्या अमृतापासून तयार होणारा एक जाड, गोड द्रव आहे"
1690,709685,D1,Agriculture,17.929,शेतीसाठी सर्वात जास्त टक्के जमीन वापरणारी राज्या उत्तर प्रदेश मध्य प्रदेश आणि राजस्थान असत,"शेतीसाठी सर्वात जास्त टक्के जमीन वापरणाऱ्या राज्या उत्तर प्रदेश, मध्य प्रदेश आणि राजस्थान होत्या."
1691,717264,D2,Agriculture,18.0,"सीताफळाच्या झाडाला रामफळाच्या झाडाचा कलम करता येईल का , त्यासाठी कोणते बियाणे वापरावे ?","सीताफळाच्या झाडाला रामफळाच्या झाडाचे कलम करता येईल का, त्यासाठी कोणते बियाणे वापरावे?"
1692,721872,D4,Banking,17.5,मार्जिन हे सांपार्श्विक आहे एक वित्त साधन धारकाच्या प्रतिपक्षाचे पास जमा करणे,मार्जिन हे सांपार्श्विक आहे एक वित्त साधन धारकाच्या प्रतिपक्षाचे पास जमा करणे
1693,706926,D1,Banking,17.929,इंटरनेट बँकिंग त्यांचो रिटेल बँकिंग ग्राहकांका त्यांची खाती कोठूनही कधीही ऑपरेट करुक सक्षम करता,इंटरनेट बँकिंग त्यांचो रिटेल बँकिंग ग्राहकांका त्यांची खाती कोठूनही कधीही ऑपरेट करू शकते
1694,718164,D2,Banking,18.0,एन.बी.एफ.सी ना जास्तीच्या सुविधा देण्यासाठी उपयुक्त ठरेल का ?,एन.बी.एफ.सी ला जास्तीच्या सुविधा देण्यासाठी उपयुक्त ठरेल का?
1695,722342,D4,Banking,17.5,अश्रू म्हणाले की पेटीएमच्या मदतीने रिचार्ज मोबाईल पोस्टपेड आणि प्रीपेडमध्ये पेमेंट केले जात आहे,अश्रू म्हणाले की पेटीएमच्या मदतीने रिचार्ज मोबाईल पोस्टपेड आणि प्रीपेडमध्ये पेमेंट केले जात आहे
1696,711391,D1,Agriculture,17.929,संख्या दोन काडी मागचो वर्षी पारंपरिक पध्दतीत लागवड करताना रोपांची संख्या किती आसतत ?,संख्या दोन काडी मागून वर्षी पारंपरिक पद्धतीत लागवड करताना रोपांची संख्या किती होती?
1697,717143,D2,Banking,18.0,"बँकेच्या , वित्तीय संस्थेच्या ग्राहकाला इंटरनेटद्वारे ऑनलाइन आर्थिक व्यवहार करण्यास सक्षम करते",बँकेच्या वित्तीय संस्थेच्या ग्राहकाला इंटरनेटद्वारे ऑनलाइन आर्थिक व्यवहार करण्यास सक्षम करते
1698,722759,D4,Agriculture,17.5,सेंद्रिय अन्न पिकवण्यासाठी रासायनिक दाब किंवा कीटकनाशके वापरली जात नाहीत,सेंद्रिय अन्न पिकवण्यासाठी रासायनिक दाब किंवा कीटकनाशके वापरली जात नाहीत
1699,706417,D1,Banking,17.923,कर्ज आहार ह्या येका बहुभाग मालिकेद्वारा लोकप्रिय केलेल्यो कर्ज व्यवस्थापन योजनेचो संदर्भ देतत,कर्ज आहार या बहुभागांनी आपल्याद्वारे लोकप्रिय केलेल्या कर्ज व्यवस्थापन योजनेचा संदर्भ देत आहे.
1700,713987,D2,Agriculture,18.0,प्री हारवेस्टहाई पिक नैते पशुधनउत्पादन विक्री कराना पैले खेतीवरला क्रियाकलापासना संदर्भ शे,प्री हार्वेस्टिंग पिक नैते पशुधनउत्पादन विक्री करण्याच्या पैलून शेतीवरील क्रियाकलापांचा संदर्भ
1701,718774,D4,Agriculture,17.5,ऑर्चर्ड बागवानी ही बागकामाची प्रक्रिया आहे ज्यामध्ये शेतकरी रोपांची क्रमवारी लावतो,ऑर्चर्ड बागवानी ही बागकामाची प्रक्रिया आहे ज्यामध्ये शेतकरी रोपांची क्रमवारी लावतो
1702,706559,D1,Banking,17.923,"वित्त ह्या पैसो आणि गुंतवणुकीच्या व्यवस्थापन , निर्मिती आणि अभ्यासासाठी एक संज्ञा असा","वित्त हे पैसे आणि गुंतवणुकीच्या व्यवस्थापन, निर्मिती आणि अभ्यासासाठी एक संज्ञा आहे."
1703,717035,D2,Banking,18.0,भारत गृह रक्षणासाठी मानक मालमत्ता विमा अनिवार्य झाला आहे,भारतासाठी गृह रक्षणासाठी मानक मालमत्ता विमा अनिवार्य झाला आहे
1704,720358,D4,Agriculture,17.5,स्वातंत्र्यानंतर च्या काही वर्षांत भारताने अन्नसुरक्षेच्या दिशेने मोठी प्रगती केली आहे,स्वातंत्र्यानंतरच्या काही वर्षांत भारताने अन्नसुरक्षेच्या दिशेने मोठी प्रगती केली आहे
1705,707154,D1,Banking,17.923,सोना कर्जा ह्या कर्जदाराकडसून त्यांच्यो सोन्याच्यो वस्तू तारण ठेवून घेतलेलो सुरक्षित कर्जा असा,सोने कर्जाच्या कर्जदारांकडून त्यांचे सोने व वस्तू तारण ठेवून सुरक्षित कर्ज घेतले आहे.
1706,716124,D2,Agriculture,18.0,वाहनाच्या माध्यमाने कापणी भारतामध्ये कापणीच एक प्रख्यात माध्यम आहे,वाहनाच्या माध्यमातून कापणी भारतामध्ये कापणीच एक प्रख्यात माध्यम आहे
1707,719370,D4,Banking,17.5,परदेशातून तुमचा माल आयात करण्यासाठी तुम्हाला टॅरिफ टॅक्स भरावा लागतो,परदेशातून तुमचा माल आयात करण्यासाठी तुम्हाला टॅरिफ टॅक्स भरावा लागतो
1708,709203,D1,Agriculture,17.923,द्राक्षांची शेती रेताळ चिकणमाती आणि वालुकामय चिकणमाती ह्य दोन प्रकारच्या मातीयेत होऊ शकता,द्राक्षांची शेती रेताळ चिकणमाती आणि वालुकामय चिकणमाती या दोन प्रकारच्या मातींमध्ये होऊ शकते.
1709,717136,D2,Banking,18.0,विमा आणि सामाजिक क्षेत्रातील योजनांमध्ये प्रधानमंत्री जन धन योजनेचा समावेश होतो,विमा आणि सामाजिक क्षेत्रातील योजनांमध्ये प्रधानमंत्री जन धन योजनेचा समावेश होतो
1710,719224,D4,Agriculture,17.5,"पारंपारिकपणे , बोटींचा वापर समुद्रात मासेमारीसाठी केला जातो",पारंपारिकपणे बोटींचा वापर समुद्रात मासेमारीसाठी केला जातो
1711,706505,D1,Banking,17.923,मूळ जोखीम किंमत जोखीम म्हनान ओळखल्या जाणाऱ्या दुसऱ्या प्रकारच्या जोखमीशी गोंधळून जावचा नाय,मूळ जोखीम किंमत ओळखल्या जाणाऱ्या दुसऱ्या प्रकारच्या जोखमीशी गोंधळून जाऊ नका
1712,716393,D2,Agriculture,18.0,नवीन वनस्पतीच्या जन्मासाठी बियाणे ही एक नैसर्गिक यंत्रणा आहे,नवीन वनस्पतीच्या जन्मासाठी बियाणे ही एक नैसर्गिक यंत्रणा आहे
1713,721207,D4,Banking,17.5,जागतिक वित्तीय प्रणाली आणि आंतरराष्ट्रीय भांडवली बाजाराच्या अति उदारीकरणाचाही उल्लेख करण्यात आला,जागतिक वित्तीय प्रणाली आणि आंतरराष्ट्रीय भांडवली बाजाराच्या अति उदारीकरणाचाही उल्लेख करण्यात आला
1714,709329,D1,Banking,17.917,आंतराष्ट्रीय कर आकारणी कायदे वैयक्तिक देशाच्या कर कायद्यांच्या आंतरराष्ट्रीय पैलुंच्या अधीन असा,आंतरराष्ट्रीय कर आकारणी कायदे वैयक्तिक देशाच्या कर कायद्यांच्या आंतरराष्ट्रीय नियमांखाली येतात.
1715,715767,D2,Banking,18.0,पूर्ण ग्रामीण रोजगार योजना पंचायत राज संस्थांच्या माध्यमाने लागू केले गेले,पूर्ण ग्रामीण रोजगार योजना पंचायत राज संस्थांच्या माध्यमातून लागू केले गेले
1716,721524,D4,Banking,17.5,ऑनलाइन डायरेक्ट डिपॉझिट करताना तुम्हाला माझा खाते क्रमांक देखील टाकावा लागेल,ऑनलाइन डायरेक्ट डिपॉझिट करताना तुम्हाला माझा खाते क्रमांक देखील टाकावा लागेल
1717,706622,D1,Banking,17.917,सरकारी खर्चाकरता निधी देण्यासाठी सरकारी संस्थेद्वारा कर ह्या अनिवार्य आर्थिक शुल्क असा,सरकारी खर्चाकरिता निधी देण्यासाठी सरकारी संस्थेद्वारे असलेले कर हे अनिवार्य आर्थिक शुल्क आहे.
1718,716099,D2,Agriculture,18.0,लाकडाच्या लगद्या पासून बनवल्या गेलेल्या पेपरांमुळे झाडांची संख्या कमी होते आहे,लाकडाच्या लगद्यांपासून बनवलेल्या पेपरांमुळे झाडांची संख्या कमी होत आहे
1719,719274,D4,Banking,17.5,मनी मार्केट अल्प मुदतीच्या आर्थिक मालमत्ता खरेदीचे केंद्र मानले जाते,मनी मार्केट अल्प मुदतीच्या आर्थिक मालमत्ता खरेदीचे केंद्र मानले जाते
1720,708499,D1,Agriculture,17.917,"रोपांपासून काढलेला दूध ह्या दिसता दुधासारख्याच , पण ता डेअरीशिवायचा दूध आसता","रोपांपासून काढलेले दूध दुधासारखे दिसते, पण डेअरीशिवायचे दूध असते."
1721,716821,D2,Banking,18.0,सध्याचे खाते पगाराच्या खात्यात रूपांतरित करण्यासाठी ओळखपत्र रोजगाराचा पुरावा आवश्यक आहे,सध्याचे खाते पगाराच्या खात्यात रूपांतरित करण्यासाठी ओळखपत्राचा रोजगाराचा पुरावा आवश्यक आहे
1722,719915,D4,Banking,17.5,जेव्हा कोणत्याही व्यवसायाची आर्थिक स्थिती पहावी लागते तेव्हा नफा तोटा खाते तयार केले जाते,जेव्हा कोणत्याही व्यवसायाची आर्थिक स्थिती पहावी लागते तेव्हा नफा तोटा खाते तयार केले जाते
1723,706735,D1,Banking,17.917,क्रिप्टोकरन्सी भौतिक स्वरूपात अस्तित्वात नसा आणि केंद्रीय प्राधिकरणाद्वारा जारी केला जात नसा,क्रिप्टोकरन्सी भौतिक स्वरूपात अस्तित्वात नाही आणि केंद्रीय प्राधिकरणाद्वारे जारी केले जात नाही
1724,716407,D2,Agriculture,18.0,"उद्योगासाठी शंकुच्या आकाराचे मऊ लाकुड पाईन , देवदार आणि स्प्रूस या लाकूड प्रजातीमधून सापडते","उद्योगासाठी शंकुच्या आकाराचे मऊ लाकूड पाईन, देवदार आणि स्प्रूस या लाकूड प्रजातीमधून सापडते."
1725,719114,D4,Agriculture,17.5,शेतकरी त्यांच्या शेतात चांगले उत्पादन घेण्यासाठी एन.पी.के आणि डी.ए.पी खतांचा वापर करतात,शेतकरी त्यांच्या शेतात चांगले उत्पादन घेण्यासाठी एन.पी.के आणि डी.ए.पी खतांचा वापर करतात
1726,706698,D1,Banking,17.909,एंजल इन्व्हेस्टमेंट नेटवर्क आर्थिक पाया होण्यासाठी त्यांचो नेटवर्क तयार करू शकतत,एंजल इन्व्हेस्टमेंट नेटवर्क आर्थिक पाया होण्यासाठी ते नेटवर्क तयार करू शकते
1727,714940,D2,Agriculture,18.0,छोटे मच्छीमार अजूनही जाळी किंवा हुक लावून मासे पकडतात,लहान मच्छीमार अजूनही जाळी किंवा हुक लावून मासे पकडतात
1728,720198,D4,Agriculture,17.5,पिकाची काढणी केल्यानंतर तयार केलेल्या गाठी उचलण्यासाठी बेल लिफ्टरचा वापर केला जातो,पिकाची काढणी केल्यानंतर तयार केलेल्या गाठी उचलण्यासाठी बेल लिफ्टरचा वापर केला जातो
1729,706753,D1,Banking,17.909,किरकोळ गुंतवणूकदार ह्यो वैयक्तिक गुंतवणूकदार असता ज्याकडे दिलेल्यो सुरक्षिततेचो शेअर्स असतत,अलीकडील गुंतवणूकदार हे वैयक्तिक गुंतवणूकदार असतात ज्यांच्याकडे सुरक्षित शेअर्स असतात.
1730,713599,D2,Banking,18.0,इतिहास मा पहिले धातू न्या नासना शोध लागना व्हता त्या प्रत्यक्ष वापरान धन होत,इतिहासात पहिले धातू शोध लागला तेव्हा त्यांचा प्रत्यक्ष वापर धन झाला.
1731,721547,D4,Agriculture,17.5,उष्णकटिबंधीय प्रदेशात मोठ्या प्रमाणात लागवड केली जाणारी एक शोभेची झुडुपी चढणारी वनस्पती,उष्णकटिबंधीय प्रदेशात मोठ्या प्रमाणात लागवड केली जाणारी एक शोभेची झुडुपी चढणारी वनस्पती
1732,707459,D1,Agriculture,17.9,कॉर्कोरस कॅप्सुलरिस या पांढऱ्या ताग वनस्पतीच्या सालापासून ताग काढलो जाता,कॉर्कोरस कॅप्सुलरिस या पांढऱ्या तागाच्या वनस्पतीच्या सालापासून ताग काढले जाते
1733,713082,D2,Banking,18.0,जर तुमले टाईम आनी मेहनत वाचाडानी व्हयी तं मोबिक्विक एप्प वर पैसा भरनं डोकेबाज मानुसनं काम शे,जर तुमच्याकडे वेळ आणि मेहनत असेल तर मोबिक्विक ॲपवर पैसे भरून बुद्धिमान लोक काम करतात.
1734,721389,D4,Banking,17.5,एन.ई.एफ.टी वर व्यवहार सुरू करण्यासाठी तुम्हाला तुमचा आधार क्रमांक देखील द्यावा लागेल,एन.ई.एफ.टी वर व्यवहार सुरू करण्यासाठी तुम्हाला तुमचा आधार क्रमांक देखील द्यावा लागेल
1735,710823,D1,Agriculture,17.9,प्राणी आणि झाडांपासून जे तंतु मिळतत तेंका नैसर्गिक तंतु म्हणतत,प्राणी आणि झाडांपासून जे तंतू मिळत आहेत ते नैसर्गिक तंतू म्हणतात
1736,715892,D2,Agriculture,18.0,भारतात मागच्या काही वर्षांमध्ये शेतकऱ्यांच्या आत्महत्यांमध्ये वाढ झाली आहे,भारतात मागच्या काही वर्षांमध्ये शेतकऱ्यांच्या आत्महत्यांमध्ये वाढ झाली आहे
1737,719808,D4,Agriculture,17.5,अर्जदार शेतकऱ्यांना पंतप्रधान कृषी सिंचन योजनासाठी अधिकृत वेबसाइटला भेट द्यावी लागेल,अर्जदारांनी शेतकऱ्यांना पंतप्रधान कृषी सिंचन योजनेसाठी अधिकृत वेबसाइटला भेट द्यावी लागेल.
1738,706918,D1,Banking,17.9,एखाद्यो व्यक्तीचा उर्वरित आयुष्यासाठी देयका देणारी वार्षिकी म्हणजे जीवन वार्षिकी,एका व्यक्तीच्या उर्वरित आयुष्यासाठी देयका देणारी वार्षिकी म्हणजे जीवन वार्षिकी
1739,714911,D2,Banking,18.0,कोणत्याही वस्तूची किंमत ही वस्तू बनवण्याच्या खर्चापेक्षा जास्त असते,कोणत्याही वस्तूची किंमत ती वस्तू बनवण्याच्या खर्चापेक्षा जास्त असते.
1740,722552,D4,Agriculture,17.5,माझी आई माझ्यासाठी कच्च्या केळीपासून खूप चवदार चिप्स बनवते,माझी आई माझ्यासाठी कच्च्या केळीपासून खूप चवदार चिप्स बनवते
1741,707804,D1,Agriculture,17.875,"बाजरी पांढऱ्या , पिवळ्या , तपकिरी , राखाडी आणि निळ्या वांगी रंग अश्या विविध छटांमध्ये उगवतत","बाजरी पांढऱ्या, पिवळ्या, तपकिरी, राखाडी आणि निळ्या अशा विविध छटांमध्ये उगवते."
1742,716742,D2,Agriculture,18.0,माझ्या वाढदिवशी काकांनी मला ऑलिव्ह लाकडापासून बनविलेली चेअर भेट दिली,माझ्या वाढदिवशी काकांनी मला ऑलिव्ह लाकडापासून बनविलेली चेअर भेट दिली.
1743,722530,D4,Agriculture,17.5,सूक्ष्म पोषक विश्लेषणासाठी विद्यमान राज्य माती परीक्षण प्रयोग शाळांचे बळकटीकरण,सूक्ष्म पोषक विश्लेषणासाठी विद्यमान राज्य माती परीक्षण प्रयोग शाळांचे बळकटीकरण
1744,707625,D1,Banking,17.867,"तुमका माहीत आसा यात्रा विम्याबद्दल ? , तुम्ही यात्रा करतेवेळी तुमका विमा सुरक्षा प्रदान करता",तुमचे यात्रा विम्याबद्दल माहीत आहे का? तुम्ही प्रवास करताना तुमचा विमा संरक्षण प्रदान करता.
1745,715262,D2,Agriculture,18.0,अनुवंशिक रूपाने रूपांतरित झालेल्या जिवांचा वैज्ञानिक संशोधनात उपयोग केला जातो,अनुवंशिक रूपाने रूपांतरित झालेल्या जीवांचा वैज्ञानिक संशोधनात उपयोग केला जातो
1746,720133,D4,Agriculture,17.5,कृषी विपणनाच्या माध्यमातून शेतकऱ्यांना आपला अतिरिक्त माल बाजारात विकता येतो,कृषी विपणनाच्या माध्यमातून शेतकऱ्यांना आपला अतिरिक्त माल बाजारात विकता येतो
1747,725003,D1,Agriculture,17.867,मधमाशीच्या रोगांमध्ये कीटक आणि परजीवी जिवाणू रोग बुरशीजन्य रोग विषाणूजन्य रोग आमांश यांचो समावेश असता,"मधमाशीच्या रोगांमध्ये कीटक आणि परजीवी जिवाणू रोग, बुरशीजन्य रोग आणि विषाणूजन्य रोग यांचा समावेश असतो."
1748,714959,D2,Banking,18.0,ज्या व्यक्तीकडे जेवढे टक्के शेअर असतात त्याचा कंपनीत तेवढया टक्क्यांचा मालकी हक्क असतो,"ज्या व्यक्तीकडे जेवढे टक्के शेअर्स असतात, त्याचा कंपनीत तेवढ्या टक्क्यांचा मालकी हक्क असतो."
1749,720739,D4,Banking,17.5,रोशनीने आर्थिक डेटा विक्रेत्याच्या मदतीने चांगल्या कंपनीच्या हिश्श्यात गुंतवणूक केली,रोशनीने आर्थिक डेटा विक्रेत्याच्या मदतीने चांगल्या कंपनीच्या हिश्श्यात गुंतवणूक केली
