id,text_id,dialect,domain,distortion_score,dialect_text,standard_text
8001,722189,D4,Banking,12.0,आमच्या शाळेत पुढील अभ्यासासाठी सरकार अनुदानित कर्ज देत आहे,आमच्या शाळेत पुढील अभ्यासासाठी सरकार अनुदानित कर्ज देत आहे
8002,708833,D1,Agriculture,12.0,"भारतात द्राक्षांची कितीतरी प्रजाती हत जशे की अनब ए शाही , बंगलूर ब्लू ई","भारतात द्राक्षांची कितीतरी प्रजाती आहेत, बंगलूर ब्लू ई"
8003,717820,D2,Agriculture,12.0,शेतीला पाणी देताना विहिरीच्या पाण्याचे मोजमाप कसे करावे ?,शेतीला पाणी देताना विहिरीच्या पाण्याचे मोजमाप कसे करावे?
8004,722712,D4,Banking,12.0,"कुतूहल निर्माण होते , कोणतेही काम करण्यासाठी",कोणतेही काम करण्यासाठी कुतूहल निर्माण होते
8005,709640,D1,Agriculture,12.0,रोहित भारतात सुगीच्या सण मकर संक्रांतीच्या दिवशी पतंग खरेदी करून इलो,रोहितने भारतात मकर संक्रांतीच्या दिवशी पतंग खरेदी केले
8006,718622,D2,Agriculture,12.0,भारत हा केळी उत्पादन करणारा जगातील सर्वात मोठा देश आहे,भारत हा केळी उत्पादन करणारा जगातील सर्वात मोठा देश आहे
8007,720676,D4,Banking,12.0,कोणत्याही वैद्यकीय स्टोअरमध्ये खरेदी केल्यानंतर बीजक घेणे आवश्यक आहे,कोणत्याही वैद्यकीय स्टोअरमध्ये खरेदी केल्यानंतर बीजक घेणे आवश्यक आहे
8008,707939,D1,Banking,12.0,मोबाइल ॲपमध्ये खाते निवडून तुम्ही डेबिट कार्ड सजेशनवर जातलास,मोबाइल ॲपमध्ये खाते निवडून तुम्ही डेबिट कार्डच्या सूचनांवर गेलात
8009,715310,D2,Agriculture,12.0,आरामदायक गाडी मध्ये प्रवास करण्याची मज्जाच काही वेगळी आहे,आरामदायक गाडीमध्ये प्रवास करण्याची मजा काही वेगळी आहे
8010,719440,D4,Banking,12.0,भाड्याने खरेदी करा तुम्हाला हप्ते म्हणून देखील ओळखता येईल,भाड्याने खरेदी करा तर तुम्हाला हप्ते म्हणून देखील ओळखता येईल
8011,710694,D1,Banking,12.0,जमा केलेल्या रकमेवर मागणीनंतर व्याज मिळत नसल्याचा सुमीतला समजला,जमा केलेल्या रकमेवर मागणीनंतर व्याज मिळत नसल्याचे सुमीतला समजले
8012,715727,D2,Banking,12.0,पप्पा मी स्टॉक मार्केट मध्ये गुंतवणूक केली आहे,मी स्टॉक मार्केटमध्ये गुंतवणूक केली आहे
8013,720310,D4,Agriculture,12.0,बेल लिफ्टर हे गवत वाहतूक करण्यासाठी वापरले जाणारे शेती उपकरण आहे,बेल लिफ्टर हे गवत वाहतुकीसाठी वापरले जाणारे शेती उपकरण आहे
8014,710168,D1,Banking,12.0,उत्पन्न योजनेचा ऐच्छिक प्रकटीकरण भारताच्या आर्थिक धोरणास मदत करता,उत्पन्न योजनेचे ऐच्छिक प्रकटीकरण भारताच्या आर्थिक धोरणांना मदत करते
8015,716732,D2,Agriculture,12.0,प्रीतम तू उद्या आमची सगळी गुरेढोरे घेऊन लगतच्या जंगलात चरायला न्यायची आहेत,प्रीतम तू उद्या आमची सगळी गुरेढोरे घेऊन लगतच्या जंगलात चरायला न्यायची आहेत
8016,719075,D4,Banking,12.0,कोणीही ग्राहक संस्थेकडून के.वाय.सी मुळे कोणत्याही फसवणूक करू शकत नाही,कोणीही ग्राहक संस्थेकडून के.वाय.सी मुळे कोणतीही फसवणूक करू शकत नाही
8017,710188,D1,Agriculture,12.0,कमी दुधाच्या उत्पादनामुळे डेअरी फार्मिंगची काळजी वाढता हा,कमी दुधाच्या उत्पादनामुळे डेअरी फार्मिंगची काळजी वाढते
8018,713561,D2,Agriculture,12.0,शिमला मिरची मुये भाजीनी चव वाढी जास,शिमला मिरची मुये भाजीची चव वाढते
8019,718854,D4,Agriculture,12.0,"नेल्लोर , चेन्नई रेड आणि वेमपूर मेंढ्या वीस ते पस्तीस किलो लोकर देतात","नेल्लोर, चेन्नई रेड आणि वेमपूर मेंढ्या वीस ते पस्तीस किलो लोकर देतात."
8020,706782,D1,Banking,12.0,लवाद ह्या एक व्यवहार असा ज्यात कोणताही संभाव्यतेवर नकारात्मक रोख प्रवाह नसता,हा एक व्यवहार आहे ज्यात कोणताही संभाव्यतेवर नकारात्मक रोख प्रवाह नसतो.
8021,713970,D2,Agriculture,12.0,एपिओलोजिना अभ्यास मधमाशासना यवसाय कराले मदत करस,एपिओलोजिना अभ्यास मधमाशासना तुम्ही करायला झाले मदत करा
8022,721901,D4,Banking,12.0,बचत खाते ऑनलाइन माध्यमातून पगार खात्यात रूपांतरित केले जाऊ शकते,बचत खाते ऑनलाइन माध्यमातून पगार खात्यात रूपांतरित केले जाऊ शकते
8023,708062,D1,Agriculture,12.0,"शेतीच्या उपकरणांनी शेती करणा एकदम सोप्प्या आसा , असा हरी सांगा होतो","शेतीच्या उपकरणांनी शेती करणे एकदम सोपे होते, असा हरी सांगा होतो."
8024,717463,D2,Agriculture,12.0,द्राक्षबागेत तणनाशक फवारल्यास त्याचा परिणाम पिकावर होईल का ?,द्राक्षबागेत तणनाशक फवारल्यास त्याचा परिणाम पिकावर होईल का?
8025,721877,D4,Banking,12.0,संदर्भित दरांचा सर्वात सामान्य वापर म्हणजे अल्पकालीन व्याजदर,संदर्भित दरांचा सर्वात सामान्य वापर म्हणजे अल्पकालीन व्याजदर
8026,708658,D1,Agriculture,12.0,अलर्ट मिळवुचा असात तर ठरवलेल्या वेळेन सेवा घेउची लागात,अलर्ट मिळवायचा असेल तर ठरलेल्या वेळेत सेवा घ्यायची आहे
8027,718560,D2,Banking,12.0,कृषी कर्ज मिळविण्यासाठी मी पात्र असल्याचे मला कसे समजेल ?,कृषी कर्ज मिळविण्यासाठी मी पात्र आहे हे मला कसे समजेल?
8028,720737,D4,Banking,12.0,डेरिव्हेटिव्ह मार्केट युरोपमध्ये सर्वाधिक प्रचलित आहे,डेरिव्हेटिव्ह मार्केट युरोपमध्ये सर्वाधिक प्रचलित आहे
8029,708014,D1,Banking,12.0,"वाढत्या व्याजदराशी निगडीत असलेली जोखीम लक्षात घेऊन , बॉण्ड किमतीत घसरण होत असता","वाढत्या व्याजदराशी निगडीत असलेली जोखीम लक्षात घेऊन, बॉण्ड किमतीत घसरण होत आहे."
8030,717104,D2,Agriculture,12.0,थिओब्रोमा हे कोकाओचे वाळलेले आणि पूर्णपणे आंबवलेले बियाणे आहे,थिओब्रोमा हे कोकाओचे वाळलेले आणि पूर्णपणे आंबवलेले बियाणे आहे
8031,720138,D4,Agriculture,12.0,पंतप्रधान कुसुम योजना अंतर्गत सिंचनासाठी मदत दिली जात आहे,पंतप्रधान कुसुम योजनेअंतर्गत सिंचनासाठी मदत दिली जात आहे
8032,707876,D1,Agriculture,12.0,"माका माहीत आसा , स्थिरता निश्चित करणारे लय घटक आसत","मला माहित आहे, स्थिरता निश्चित करणारे घटक आहेत."
8033,714647,D2,Banking,12.0,कोणती बँक ना व्याजदर कमी शे याना तपास करीनच करजं काढाना ईचार करो,"कोणती बँक आहे ज्याचे व्याजदर कमी आहे, ते तपासून कर्ज कसे काढायचे आहे ते करा."
8034,720127,D4,Agriculture,12.0,कृषी अवजारांची किंमत उपकरणांच्या शीर्षस्थानी कोरलेली राहते,कृषी अवजारांची किंमत उपकरणांच्या शीर्षस्थानी कोरलेली राहते
8035,711238,D1,Agriculture,12.0,काजूच्या झाडांका रोट्या पासून लांब कसो दवरूचो ?,काजूच्या झाडांका रोट्यापासून किती लांब आहे?
8036,717110,D2,Agriculture,12.0,मत्स्य उत्पादन भारतातील समुद्रकिनाऱ्या लगतची लोक मोठ्या प्रमाणात करतात,मत्स्य उत्पादन भारतातील समुद्रकिनाऱ्याजवळ राहणाऱ्या लोक मोठ्या प्रमाणात करतात
8037,722566,D4,Agriculture,12.0,द्राक्षे हे उपोष्णकटिबंधीय लिंबाचे झाड मानले जाते,द्राक्षे हे उपोष्णकटिबंधीय लिंबाचे झाड मानले जाते
8038,711742,D1,Agriculture,12.0,शेतकरी आणि शेतमजूर यांची जर दुर्घटना झाली तर त्यांका आर्थिक मदत मिळतली काय ?,जर शेतकरी आणि शेतमजूर यांची दुर्घटना झाली तर त्यांना आर्थिक मदत मिळाली काय?
8039,714728,D2,Banking,12.0,डेटा माहिती देणारस्वर जागतिकीकरणना परीणाम व्हस का ?,जागतिकीकरणाचे डेटा माहितीचे परिणाम का आहेत?
8040,719468,D4,Agriculture,12.0,घरगुती रेशीम किडा हा बॉम्बीसिडाई या कीटक कुटुंबातील एक कीड़ा आहे,घरगुती रेशीम किडा हा बॉम्बीसिडाई या कीटक कुटुंबातील एक कीड़ा आहे
8041,712372,D1,Banking,12.0,माका माझी आई गावातना पैसे पाठवतीला तर ती कशी पाठवतली ?,मला माझी आई गावातला पैसे पाठवत होती तर ती कशी पाठवत होती?
8042,717607,D2,Agriculture,12.0,रब्बी हंगामात ज्वारीची चांगली वाढ होते का ?,रब्बी हंगामात ज्वारीची चांगली वाढ होते का?
8043,722318,D4,Banking,12.0,प्रशासनाच्या वैयक्तिक युनिट्सवर सक्तीची आकारणी म्हणून कर आकारला जातो,प्रशासनाच्या वैयक्तिक युनिट्सवर सक्तीची आकारणी म्हणून कर आकारला जातो
8044,709507,D1,Banking,12.0,पेरोल ही कंपनीच्या कर्मचाऱ्यांच्या पगाराची प्रक्रिया असा,पेरोल ही कंपनीच्या कर्मचाऱ्यांच्या पगाराची प्रक्रिया आहे.
8045,712895,D2,Banking,12.0,सुभाषले ब्यांककडथून कर्ज लेवाले चार एकर वावरना तुकडा गहाण म्हनीसन देना पडी,सुभाषने बँकेतून कर्ज घेणाऱ्या चार एकर तुकडे गहाण म्हणून द्यावे लागतील.
8046,721287,D4,Banking,12.0,प्रियजनांसाठी आरामदायी जीवन सुनिश्चित करण्यात कोणतीही कसर सोडू नका,प्रियजनांसाठी आरामदायी जीवन सुनिश्चित करण्यात कोणतीही कसर सोडू नका
8047,706765,D1,Banking,12.0,म्युनिसिपल बॉण्ड्स ह्या आवश्यक रक्कम जमा करण्याची एक धीमी प्रक्रिया असा,म्युनिसिपल बॉण्ड्स आवश्यक रक्कम जमा करण्याची एक धीमी प्रक्रिया आहेत
8048,717665,D2,Agriculture,12.0,दूधाचा व्यवसाय करण्यासाठी किती अनुदान देण्यात येते ?,दूधाचा व्यवसाय करण्यासाठी किती अनुदान देण्यात येते?
8049,719802,D4,Agriculture,12.0,लाकूड उत्पादक वनवृक्ष दोन प्रकारात आहेतः जिम्नोस्पर्म आणि अँजिओस्पर्म,लाकूड उत्पादक वनवृक्ष दोन प्रकारात आहेतः जिम्नोस्पर्म आणि अँजिओस्पर्म
8050,712552,D1,Banking,12.0,कृपा करून माका ज्येष्ठ नागरिक बचत योजनेचो व्याजचो दर सांगताल,कृपया मला ज्येष्ठ नागरिक बचत योजनेचा व्याजदर सांगा.
8051,716494,D2,Agriculture,12.0,लाल मसूर त्यांच्या कॅलरीजचे प्रमाण पाहणाऱ्यांसाठी योग्य आहे,लाल मसूर त्यांच्या कॅलरीजचे प्रमाण पाहणाऱ्यांसाठी योग्य आहे
8052,720396,D4,Banking,12.0,ई कॉमर्स ऑनलाइन व्यवहार डेटा इन्व्हेंटरी सिस्टम तंत्रज्ञानावर आकर्षित करतो,ई कॉमर्स ऑनलाइन व्यवहार डेटा इन्व्हेंटरी सिस्टम तंत्रज्ञानावर आकर्षित करतो
8053,707068,D1,Banking,12.0,"एफडीचो कालावधी सात , पंधरा किंवा पंचेचाळीस दिवसांपर्यंत बदलू शकता","एफडीचा कालावधी सात, पंधरा किंवा पंचेचाळीस दिवसांपर्यंत बदलता येतो."
8054,714421,D2,Banking,12.0,मनरेगा योजनामा आरजं भरावर काम न भेटनारस्ले बेरोजगारभत्त्ता भेटस,मनरेगा योजनेवर अर्ज भरल्यावर काम न मिळाल्यास बेरोजगारी भत्ता मिळेल
8055,720784,D4,Agriculture,12.0,फायबर हे निःसंशयपणे पोषणाच्या सर्वात दुर्लक्षित पैलूंपैकी एक आहे,फायबर हे निःसंशयपणे पोषणाच्या सर्वात दुर्लक्षित पैलूंपैकी एक आहे
8056,709912,D1,Banking,12.0,तरलतेची जोखीम बाजारभावावर परिणाम न करता सुरक्षा वस्तू लवकर बाजारात येत नाही,तरलतेची जोखीम बाजारभावावर परिणाम न करता सुरक्षा वस्तू लवकर बाजारात येत नाही
8057,718641,D2,Agriculture,12.0,मातीचा प्रकार कश्याप्रकारे पिकांवर परिणाम करतो ?,मातीचा प्रकार कशाप्रकारे पिकांवर परिणाम करतो?
8058,723043,D4,Agriculture,11.933,मले शेतीले पुरक गांडूळखत प्रकल्प तयार करायचा असन तर तो कोनच्या योजनेतून तयार होईन ?,मला शेतीपुरवठा प्रकल्प तयार करायचा असेल तर तो कोणत्या योजनेतून तयार होईल?
8059,706919,D1,Banking,12.0,वित्त ह्या एक व्यापक शब्द असा ज्यात विविध प्रकारच्यो करिअरचो समावेश होता,वित्त हा एक व्यापक शब्द आहे ज्यात विविध प्रकारचे करिअर समाविष्ट होते
8060,717090,D2,Banking,12.0,सुरक्षित कर्ज मिळविण्यासाठी मला कोणती कागदपत्रे आवश्यक आहेत,सुरक्षित कर्ज मिळविण्यासाठी मला कोणती कागदपत्रे आवश्यक आहेत
8061,719594,D4,Agriculture,11.929,"खरी वार्षिक रोपे एका हंगामात उगवतात , फुलतात , बिया सेट करतात आणि मरतात","खरी वार्षिक रोपे एका हंगामात उगवतात, फुलतात, बिया लावतात आणि मरतात."
8062,711608,D1,Agriculture,12.0,मक्याचो पीक फुलोऱ्यात असताना मी मक्याक कितक्या दिवसात पाणी देऊक शकताव ?,मक्याचे पीक फुलोऱ्यात असताना मी मक्याला किती दिवसांत पाणी देऊ शकतो?
8063,714977,D2,Agriculture,12.0,तुला माहित नसेल पण कागदाचा शोध सर्वप्रथम चीनमध्ये लागला,तुम्हाला माहीत नसेल पण कागदाचा शोध सर्वप्रथम चीनमध्ये लागला
8064,722632,D4,Banking,11.923,"ओ.टी.पी मिळाल्यानंतर , तो कॉपी करून ॲपमध्ये भरला जातो आणि तपशील पडताळला जातो",ओटीपी मिळाल्यानंतर तो कॉपी करून ॲपमध्ये भरला जातो आणि तपशील पडताळला जातो
8065,712332,D1,Banking,12.0,सामाजिक क्षेत्रांत लहान पोरानसाठी कसले योजना आसत ?,सामाजिक क्षेत्रात लहान मुलांसाठी कोणत्या योजना आहेत?
8066,713351,D2,Agriculture,12.0,"निसर्ग नी लिला अगाध शे , या वाढता फुलता झाडे झुडपे आपुनले खरजनं शिक्षन देतस","निसर्गाने लीला अगाध केली आहे, या वाढत्या फुलत्या झाडे झुडपे आपापले शिक्षण देत आहेत."
8067,719664,D4,Agriculture,11.923,माझा मोठा भाऊ रोटेशनल चर चा वापर करून मैदानातल्या एक भागचाच वापर करतो,माझा मोठा भाऊ रोटेशनल चा वापर करून मैदानातल्या एका भागाचाच वापर करतो
8068,708946,D1,Banking,12.0,नकारात्मक सापेक्ष परतीच्या समस्येक कश्या प्रकारे सोडवतलास ?,नकारात्मक सापेक्ष परतीच्या समस्येचे कशा प्रकारे तुम्ही सोडवले?
8069,716641,D2,Banking,12.0,स्टँडअप इंडिया ही योजना पाच एप्रिल दोन हजार सोळा रोजी सुरु करण्यात आली,स्टँडअप इंडिया ही योजना पाच एप्रिल दोन हजार सोळा रोजी सुरू करण्यात आली
8070,718718,D4,Banking,11.923,जे.एन.एन.यू.आर.एम चे उद्दीष्ट शहरी आणि निम शहरी भागात पायाभूत सुविधा विकसित करणे आहे,जे.एन.एन.यू.आर.एम चे उद्दीष्ट शहरी आणि निम शहरी भागात पायाभूत सुविधा विकसित करणे आहे
8071,710435,D1,Agriculture,12.0,वरक्षारोपणमध्ये एकच प्रकारची शेती खुपदा केली जाता,वरक्षारोपणमध्ये एकच प्रकारची शेती केली जाते
8072,717287,D2,Agriculture,12.0,"पाच एकर फळबाग लावली आहे , त्यासाठी कोणकोणती खते वापरली पाहिजे ?","पाच एकर फळबाग लावली आहे, त्यासाठी कोणती खते वापरावीत?"
8073,719601,D4,Agriculture,11.917,"मधमाशीचे जीवनचक्र अंडी , अळ्या , प्यूपा आणि प्रौढ अवस्थेत विभागलेले असते","मधमाशीचे जीवनचक्र अंडी, अळ्या, प्यूपा आणि प्रौढ अवस्थेत विभागलेले असते."
8074,711972,D1,Banking,12.0,निधी हस्तांतरण कसा काम करता ह्याच्या बद्दल माहिती दिउक शकतात काय ?,निधी हस्तांतरण कसे कार्य करते याबद्दल माहिती देऊ शकतात का?
8075,715325,D2,Agriculture,12.0,आसाम मध्ये आपल्याला खूप मोठ्या प्रमाणात हिरवागार चहा मिळेल,आसाममध्ये आपल्याला खूप मोठ्या प्रमाणात हिरवागार चहा मिळेल
8076,721735,D4,Banking,11.917,"गुंतवणूकदाराकडे दोन पर्याय असतात , ते आत्ताच खर्च करणे किंवा गुंतवणूक करणे","गुंतवणूकदाराकडे दोन पर्याय असतात, ते आत्ताच खर्च करणे किंवा गुंतवणूक करणे"
8077,710330,D1,Agriculture,12.0,फणसाक भाजी म्हणायची कि फळ म्हणायचा ह्यो संभ्रम प्रत्येकाच्या मनात असता,फणसाक भाजी म्हणायची की फळ म्हणायचे हे संभ्रम प्रत्येकाच्या मनात असते.
8078,715786,D2,Banking,12.0,पोस्ट ऑफिस मध्ये खात उघडण्यासाठी कमीत कमी पाचशे रुपये लागतात,पोस्ट ऑफिसमध्ये खाते उघडण्यासाठी कमीत कमी पाचशे रुपये लागतात
8079,723254,D4,Agriculture,11.909,संत्र्याच्या बगीच्यामंदी आंतर पीक घ्याव का घेतलं च कोनचं घ्याव ?,संत्र्याच्या बागेत आंतरपीक घ्यावे का? काय घेतले आणि कोणते घ्यावे?
8080,708295,D1,Banking,12.0,जर प्रत्यक्ष जमा रकमेचो उपेग केलो गेलो तर दंडापासून वाचुक येयत,जर प्रत्यक्ष जमा रकमेचा उपयोग केला तर दंडापासून वाचले जाईल
8081,715421,D2,Agriculture,12.0,काका मी हे नवीन उपकरण पंचायतीत जाऊन शेतीच्या ऑफिसरांकडून चालवायला शिकलो,काका मी हे नवीन उपकरण पंचायतीत जाऊन शेतीच्या ऑफिसरांकडून चालवायला शिकलो
8082,719645,D4,Agriculture,11.909,तुम्हाला माहित आहे का की बाजारात चंदन खूप महाग आहे ?,तुम्हाला माहित आहे का की बाजारात चंदन खूप महाग आहे?
8083,707923,D1,Agriculture,12.0,मृदा आरोग्य योजना दोन हजार पंधरा मध्ये सुरू झालेली आसा,मृदा आरोग्य योजना दोन हजार पंधरामध्ये सुरू झाली आहे
8084,717539,D2,Agriculture,12.0,सेंद्रिय पद्धतीने मेथीच्या लागवडीसाठी कोणता हंगाम उपयुक्त ठरेल ?,सेंद्रिय पद्धतीने मेथीच्या लागवडीसाठी कोणता हंगाम उपयुक्त ठरेल?
8085,721010,D4,Agriculture,11.909,"कन्व्हेयर बेल्टच्या वेग , दिशा , वक्रता आणि आकारानुसार वेगवेगळ्या असतात","कन्व्हेयर बेल्टचा वेग, दिशा, वक्रता आणि आकारानुसार वेगवेगळे असतात."
8086,709946,D1,Agriculture,12.0,पक्ष्यांका त्याच्या पिलांका अन्न म्हणून कीटक खावक आवडतत,पक्ष्यांच्या पिलांचे अन्न म्हणून कीटक खाणे आवडते.
8087,713362,D2,Banking,12.0,उपेग करणाराले त्यानी सोतानी यु.पी.आय आय.डी तयार करणी पडी,त्यांनी सोतानी यु.पी.आय आय.डी तयार केली.
8088,720018,D4,Agriculture,11.909,एरोपोनिक्स मुख्यतः दोन उच्च दाब आणि कमी दाबाच्या एरोपोनिक्स असू शकतात,एरोपोनिक्स मुख्यतः दोन उच्च दाब आणि कमी दाबाच्या एरोपोनिक्स असू शकतात.
8089,711215,D1,Agriculture,12.0,कसल्या मातीयेत खयच्या फळ किंवा भाजीयेंची लागवड करुची असता ?,कोणत्या मातीत खयच्या फळ किंवा भाजीपाल्याची लागवड करायची असेल?
8090,714247,D2,Agriculture,12.0,शेतमझारला पिके आणि पशुधन ना उत्पादनसनी इक्रीना पहिले कापणी करावे जोयजे,"शेतमझार्‍याला पिके आणि पशुधनाचे उत्पादन झाले आहे, म्हणून पहिले कापणी करावे."
8091,722586,D4,Agriculture,11.909,"जोखीम व्यवस्थापन म्हणजे जोखीम ओळखणे , मूल्यांकन करणे आणि प्राधान्य देणे","जोखीम व्यवस्थापन म्हणजे जोखीम ओळखणे, मूल्यांकन करणे आणि प्राधान्य देणे"
8092,706906,D1,Banking,12.0,ह्यात कर्जदाराक कर्जदाराकच देय देऊक विलंब करण्याचो अधिकार प्राप्त होता,यामध्ये कर्जदारांनाच देय रक्कम देण्याचा अधिकार विलंब करण्याचा होता.
8093,714699,D2,Agriculture,12.0,जनावरबिगेर शेतीमा अशा पद्धतीसना वापर व्हस ज्यानामा जनावरसना उपेग करतंस न्हयी,शेतीमध्ये अशा पद्धतींचा वापर केला जातो ज्यावर लोक उपेग करत नाहीत.
8094,721691,D4,Banking,11.909,संस्थात्मक उद्योजकता असे कलाकार जे संस्थात्मक वातावरणात विविध बदल घडवून आणतात,संस्थात्मक उद्योजकता असे कलाकार जे संस्थात्मक वातावरणात विविध बदल घडवून आणतात
8095,708139,D1,Banking,12.0,"हवालदार सांगा होतो , अलीकडल्या काळात चेक गुन्ह्यांत वाढ झाली आसा","हवालदार सांगा, अलीकडच्या काळात चेक गुन्ह्यांत वाढ झाली आहे."
8096,714514,D2,Agriculture,12.0,साकरु गोड बटाटा म्हनीनसनबी वयखास आणि खावाले भल्ता बडाईना लागस,साखर गोड बटाटे खास आणि खावाले चांगले लागतात.
8097,719590,D4,Agriculture,11.909,"भारतातील चहाच्या बागा म्हणजे ग्लेनबर्न टी इस्टेट , निलगिरी टी गार्डन","भारतातील चहाच्या बागा म्हणजे ग्लेनबर्न टी इस्टेट, निलगिरी टी गार्डन"
8098,711675,D1,Agriculture,12.0,जर पिकांका कीड लागली तर कीटकनाशकाचो किती प्रमाणावर फवारणी करतत ?,जर पिकांवर कीड लागली तर कीटकनाशकाचे किती प्रमाण फवारणी करत आहेत?
8099,716012,D2,Agriculture,12.0,मी सुपाने धान्य पकडायचं शिकले आहे मला हे खूप चांगल्या पद्धतीने येत,"मी सुपाने धान्य पकडणे शिकले आहे, मला हे खूप चांगल्या पद्धतीने येते."
8100,722528,D4,Agriculture,11.9,"साबण , शाम्पू , क्रीम इत्यादी बनवण्यासाठी लाच वापरली जाते","साबण, शाम्पू, क्रीम इत्यादी बनवण्यासाठी लाच वापरली जाते"
8101,712558,D1,Banking,12.0,माझ्या मोबाईलच्या ऍपवर माझी शिल्लक अपडेट केलेली नसा,माझ्या मोबाईलच्या ॲपवर माझी शिल्लक अपडेट केलेली नाही.
8102,713663,D2,Banking,12.0,माले या येळले योजनानी सुरुवात चांगली करणी शे,मला या योजनांची सुरुवात चांगली झाली.
8103,724240,D4,Banking,11.9,मले ऑनलाईन सामान घ्यासाठी ऑनलाईन पैसे देता येईन का ?,मला ऑनलाईन सामान घेण्यासाठी ऑनलाईन पैसे देता येतील का?
8104,709044,D1,Banking,12.0,ना नफा संघटन किंवा धर्मार्ध ट्रस्ट फाउंडेशनची एक श्रेणी हा,नफा संघटन किंवा धर्मार्ध ट्रस्ट फाउंडेशनची एक श्रेणी आहे
8105,713165,D2,Banking,12.0,कुवेतना टाइमले आंतरराष्ट्रीय नाणेनिधीनी गनच गरीब देशसले आर्थिक मदत करेल शे,कुवेतना आंतरराष्ट्रीय नाणेनिधीने अनेक गरीब देशांना आर्थिक मदत करेल.
8106,722021,D4,Banking,11.9,एफ.आई ही आर्थिक आणि आर्थिक व्यवहारांच्या व्यवसायात गुंतलेली कंपनी आहे,एफ.आई ही आर्थिक आणि आर्थिक व्यवहारांच्या व्यवसायात गुंतलेली कंपनी आहे
8107,706663,D1,Banking,12.0,आयकर विभाग ह्या भारत सरकारची प्रत्यक्ष कर संकलन करणारा सरकारी संस्था असा,आयकर विभाग हे भारत सरकारचे प्रत्यक्ष कर संकलन करणारे सरकारी संस्था आहे.
8108,714383,D2,Banking,12.0,ब्यांकना आय.एफ.सी.कोडमुये ब्यांकनी शाखा वयखता येस,बँकेचा आय.एफ.सी.कोड आणि बँकेची शाखा वय काय आहे?
8109,722521,D4,Agriculture,11.9,शेतकरी दुभत्या गायींचे दूध गोळा करतात आणि शहरांमध्ये व्यवसायही करतात,शेतकरी दुभत्या गायींचे दूध गोळा करतात आणि शहरांमध्ये व्यवसायही करतात
8110,710419,D1,Agriculture,12.0,राष्ट्रीय खाद्य सुरक्षा मिशनमुळा शेतीक प्रोत्साहन मिळाला हा,राष्ट्रीय खाद्य सुरक्षा मिशनमुळे शेतीला प्रोत्साहन मिळाले.
8111,715600,D2,Agriculture,12.0,जे.सी.बी ला आपण अनेकदा रस्त्याची माती खोदताना बघतो,जे.सी.बी ला आपण अनेकदा रस्त्याची माती खोदताना पाहतो
8112,719276,D4,Banking,11.9,गहाणखत फसवणूक कोणत्याही हेतुपुरस्सर फसवणूक किंवा चुकीचे वर्णन संदर्भित करते,गहाणखत फसवणूक कोणत्याही हेतुपुरस्सर फसवणूक किंवा चुकीचे वर्णन संदर्भित करते
8113,706778,D1,Banking,12.0,फायनान्समधलो बेसिस रिस्क ह्या अपूर्ण हेजिंगशी संबंधित जोखीम असा,फायनान्समधला बेसिस रिस्क अपूर्ण हेजिंगशी संबंधित जोखीम आहे.
8114,713066,D2,Banking,12.0,महेशनी नाशिकमा रिअल इशटेटना बारामा माहिती दिनी,महेशनी नाशिकमधील रिअल इस्टेटची माहिती द्या.
8115,719852,D4,Agriculture,11.889,भारतात गाईच्या पन्नास जाती आणि म्हशीच्या सतरा जाती आहेत,भारतात गाईच्या पन्नास जाती आणि म्हशीच्या सतरा जाती आहेत
8116,706652,D1,Banking,12.0,वैयक्तिक मालमत्तेच्या एकूण मूल्यावर संपत्ती कर आकारला जाता,वैयक्तिक मालमत्तेच्या एकूण मूल्यावर संपत्ती कर आकारला जातो
8117,714184,D2,Agriculture,12.0,चंपाना फुल्ये पूजामा वापरावंवर पुन्याईनं काम रहास,चंपाना फुल्यांसाठी पूजेत वापरून पुन्याचे काम चालू आहे.
8118,720447,D4,Banking,11.889,कर्मचारी बहुतेकदा ते सेवा देतात ज्या समुदायांमध्ये ते राहतात,कर्मचारी बहुतेकदा ते सेवा देतात ज्या समुदायांमध्ये ते राहतात
8119,708984,D1,Banking,12.0,ई.आय.ई खाता अर्ज जमा केल्याच्या तारखेपासना सात दिवसांच्या आत तयार होता,ई.आय.ई खात्याचा अर्ज जमा केल्याच्या तारखेपासून सात दिवसांच्या आत तयार झाला.
8120,713666,D2,Agriculture,12.0,"ओवासनी शेतीले कमी पानी लागस , दुश्कायमा आओवा लावाले हारकत नयी","ओवासनी शेतीसाठी कमी पाणी लागते, त्यामुळे काय करायचे आहे ते कळवा."
8121,718759,D4,Banking,11.889,कर्ज म्हणजे जे कोणाकडून मागितले जाते किंवा घेतले जाते,कर्ज म्हणजे जे कोणाकडून मागितले जाते किंवा घेतले जाते
8122,706549,D1,Banking,12.0,सुरक्षा ह्यो येक व्यापार करण्यायोग्य आर्थिक मालमत्ता असा,सुरक्षा हे एक व्यापार करण्यायोग्य आर्थिक मालमत्ता आहे
8123,713238,D2,Agriculture,12.0,कृषी इस्तार इसावं आनी येकविसावं शतकना शेतजमिनना इकासन वरनन करस,कृषी स्थिती असावी आणि एक व्यक्ती शतक जमीन एकासनवरून करेल
8124,720379,D4,Banking,11.889,डिपॉझिट खाते हे वित्तीय संस्थेद्वारे ठेवलेले बँक खाते असते,डिपॉझिट खाते हे वित्तीय संस्थेद्वारे ठेवलेले बँक खाते असते
8125,707365,D1,Banking,12.0,उत्पादनाची माहिती सांगणारा एक वर्णनात्मक लेबल उत्पादनावर असता,उत्पादनाची माहिती सांगणारा एक वर्णनात्मक लेबल उत्पादनावर असतो
8126,714041,D2,Banking,12.0,याज हाई कर्जदार नैते ठेव ठेवणारा ठेवीदारले देल पैसा रहातंस,या कर्जदार किती पैसे ठेवणारा ठेवीदार देतील असे पैसे राहतील
8127,721585,D4,Agriculture,11.889,रेस्पी क्रिकेट रेशीम तयार करतात ज्यापासून घरटे तयार होतात,रेस्पी क्रिकेट रेशीम तयार करतात ज्यापासून घरटे तयार होतात
8128,711707,D1,Agriculture,12.0,कीटक प्रतिरोधक खयच्या पसंतीचो इतिहास आसा ?,कीटक प्रतिरोधक खाद्य पसंतीचा इतिहास आहे का?
8129,714131,D2,Agriculture,12.0,जे धवयं आणि पिवयं फुल शे ते फ्रॉगीपनी फूल राहास,जे पिवळे आणि धवये फुल शेतावर आहेत
8130,719007,D4,Agriculture,11.889,इंटरनेटवर उपलब्ध हवामान ॲप स्थान विशिष्ट हवामान सूचना देते,इंटरनेटवर उपलब्ध हवामान ॲप स्थान विशिष्ट हवामान सूचना देते.
8131,707783,D1,Banking,12.0,बँक एजंट आर्थिक बाबींमध्ये दुसया पक्षाच्या वतीनं काम करतत,बँक एजंट आर्थिक बाबींमध्ये दुसऱ्या पक्षाच्या वतीने काम करत आहे.
8132,713950,D2,Banking,12.0,राष्ट्रीय ईमानी सुरवात सरवाससममा पैले युनायटेड किंगडमझार व्हयेल व्हती,राष्ट्रीय ईमानी सुरुवात सर्वसामान्यांसाठी युनायटेड किंगडमचे असेल.
8133,718805,D4,Agriculture,11.875,नोंदणीकृत बिया संकरित बिया प्रक्रियेच्या अंतिम टप्प्यात आहेत,नोंदणीकृत बिया संकरित बिया प्रक्रियेच्या अंतिम टप्प्यात आहेत
8134,709731,D1,Agriculture,12.0,हार्वेस्टरचो उपयोग पाण्यातला गवत काढूक करतत,हार्वेस्टरचा उपयोग पाण्यातले गवत काढत आहे
8135,713547,D2,Agriculture,12.0,फर्निचर ना कामनं लाकूड वजनले हलकं आनी जाडीले बारीक येस,फर्निचरचे काम लाकूड हलके आणि बारीक आहे
8136,720196,D4,Agriculture,11.875,शेतात खत शिंपडण्यासाठी खत शिंपडण्याचे साधन वापरले जाते,शेतात खत शिंपडण्यासाठी खत शिंपडण्याचे साधन वापरले जाते
8137,711971,D1,Banking,12.0,निधी हस्तांतरण करताना माहिती भरताना जर कसलीय चूक जाली तर काय करूचा ?,निधी हस्तांतरण करताना माहिती भरताना जर कसली चूक झाली तर काय करावे?
8138,715631,D2,Agriculture,12.0,डोंगराळ शेतीमध्ये मुख्य स्वरूपात गुरांची शेती केली जाते,डोंगराळ शेतीमध्ये मुख्य स्वरूपात गुरांची शेती केली जाते
8139,719208,D4,Agriculture,11.867,"अजवाइनचा वापर मसाला , पावडर , डेकोक्शन , क्वाथ आणि अर्क या स्वरूपातही केला जातो","अजवाइनचा वापर मसाला, पावडर, डेकोक्शन, क्वाथ आणि अर्क या स्वरूपातही केला जातो"
8140,707135,D1,Banking,12.0,एम पासबुक ह्यो पहिलो ऍप असा ज्या बँकेन मोबाईल फोनसाठी लॉन्च केला व्हता,हे पासबुक पहिले ॲप आहे जे बँकेने मोबाईल फोनसाठी लॉन्च केले.
8141,716227,D2,Banking,12.0,"सर्वाधिक ग्राहक , कामगार व्हाउचर सिस्टीम मध्ये चालले गेले आहे",सर्वाधिक ग्राहक कामगार व्हाउचर सिस्टीममध्ये चालले गेले आहे
8142,721717,D4,Banking,11.857,खाते मालकाच्या मागणीनुसार खाते तपासणी उपलब्ध आहे,मालकाच्या मागणीनुसार खात्याची तपासणी उपलब्ध आहे
8143,710726,D1,Banking,12.0,डिफॉल्टच्या स्थितीत खयची पण कमतरता दुर करुसाठी कर्जदाराक हमी दिली जाता,डिफॉल्टच्या परिस्थितीत कमीपणा दूर करण्यासाठी कर्जदारांना हमी दिली जाते
8144,715537,D2,Banking,12.0,"चांदी , सोन आणि इतर किंमती वस्तूंना संपत्तीचे प्रकार म्हटले जातात","चांदी, सोन आणि इतर किंमतीच्या वस्तूंना संपत्तीचे प्रकार म्हटले जातात."
8145,722527,D4,Banking,11.857,"साधे व्याज आणि चक्रवाढ व्याज हे दोन प्रकारचे व्याज आहे , पप्पा समजून घ्या","साधे व्याज आणि चक्रवाढ व्याज हे दोन प्रकारचे व्याज आहे, पप्पा समजून घ्या"
8146,710005,D1,Banking,12.0,भारताचा राष्ट्रीय पोर्टल सूचना आणि सेवांसाठी एक खिडकी पद्धत देता,भारताचा राष्ट्रीय पोर्टल सूचना आणि सेवांसाठी एक खिडकी पद्धत देतो.
8147,714192,D2,Agriculture,12.0,वनस्पतींसना वाढना करता पोषक अन्नद्रव्येसनी गरज रहास,वनस्पतींसना वाढताना पोषक अन्नद्रव्यांची गरज आहे का?
8148,721684,D4,Banking,11.846,"वस्तू , सेवा प्राप्त केल्या जाऊ शकतात आणि भविष्यात पैसे दिले जाऊ शकतात","वस्तू, सेवा प्राप्त केल्या जाऊ शकतात आणि भविष्यात पैसे दिले जाऊ शकतात"
8149,710311,D1,Agriculture,12.0,पिंटुचो मोठो भाऊ झाडांच्या पोषणाचो अभ्यास करता,पिंटू मोठा भाऊ झाडांच्या पोषणाचा अभ्यास करतो
8150,716643,D2,Banking,12.0,तुम्ही एस.बी.आय च्या वेबसाइटद्वारे नेट बँकिंगसाठी नोंदणी करू शकता,तुम्ही एस.बी.आय च्या वेबसाइटद्वारे नेट बँकिंगसाठी नोंदणी करू शकता
8151,718681,D4,Agriculture,11.846,"उंट , शेळी , गाय , म्हशी इत्यादी पशुपालक प्रजातीं च्या श्रेणीत येतात","उंट, शेळी, गाय, म्हशी इत्यादी पशुपालक प्रजातींच्या श्रेणीत येतात."
8152,709816,D1,Agriculture,12.0,एकदा पेरणी करून उत्पादन घेतल्यार वार्षिक पिकांची रोपा मरतत,एकदा पेरणी करून उत्पादन घेतल्यावर वार्षिक पिकांची रोपे मरतात.
8153,716814,D2,Banking,12.0,इलेक्ट्रॉनिक बिल पेमेंटसाठी अनेक ॲप्सउपलब्ध आहेत जसे की भीम यू.पि.आय फोन पे इ,"इलेक्ट्रॉनिक बिल पेमेंटसाठी अनेक ॲप्स उपलब्ध आहेत जसे की भीम, यूपीआय, फोन पे इ."
8154,719495,D4,Banking,11.8,"दोन प्रकारचे लेखापरीक्षक आहेत , बाह्य लेखापरीक्षक आणि अंतर्गत लेखापरीक्षक",दोन प्रकारचे लेखापरीक्षक आहेत बाह्य लेखापरीक्षक आणि अंतर्गत लेखापरीक्षक
8155,708385,D1,Agriculture,12.0,प्रत्येक दोऱ्यापासून बनलले तंतू खूपच तलम आणि हलके आसतत,प्रत्येक दोऱ्यापासून बनलेले तंतू खूपच तलम आणि हलके आहेत
8156,716339,D2,Banking,12.0,स्थावर मालमत्ता व्यवसायाद्वारे खरेदी करता येऊ शकते,स्थावर मालमत्ता व्यवसायाद्वारे खरेदी करता येऊ शकते
8157,721569,D4,Agriculture,11.8,"द्रव खत , खत बियाण्यापासून ते पाण्याने खत घालण्यापर्यंत आहे","द्रव खत, खत बियाण्यापासून ते पाण्याने खत घालण्यापर्यंत आहे."
8158,706950,D1,Banking,12.0,वित्तीय संस्थांत व्यवसाय ऑपरेशन्सचो विस्तृत श्रेणी समाविष्ट असता,वित्तीय संस्थांमध्ये व्यवसायाचे ऑपरेशन्सची विस्तृत श्रेणी समाविष्ट असते
8159,714101,D2,Agriculture,12.0,सुरेशनी वांगा लावताना दोन रोपेसना मधमा संतावण सेंटीमीटर ठेयल शे,सुरेशनी वागा लावताना दोन दोऱ्यांमध्ये संतावण सेंटीमीटर ठेवले.
8160,720986,D4,Agriculture,11.667,"रेशीम शेती , किंवा रेशीम लागवड , रेशीम उत्पादनातील कीटकांची लागवड आहे",रेशीम शेती किंवा रेशीम लागवड रेशीम उत्पादनातील कीटकांची लागवड आहे
8161,707192,D1,Banking,12.0,तुमका तुमची देय तारीख प्रत्येक महिन्याचा तुमचा स्टेटमेंटवर दिसतला,तुमची देय तारीख प्रत्येक महिन्याचा तुमचा स्टेटमेंटवर दिसतो
8162,712741,D2,Banking,12.0,स्पर्धा रहास तवय बजारमा मालले योग्य भाव भेटस,स्पर्धा चालू असल्यास तुला बाजारात योग्य भाव मिळेल
8163,723796,D4,Banking,11.5,"यू.पी.आय चालणारं कोनचं पेमेंट ॲप हाय , हे मले कस मालूम पडन ?","यू.पी.आय चालणारं कोणते पेमेंट ॲप आहे, हे मला कसे माहीत पडेल?"
8164,712514,D1,Agriculture,12.0,सामान्य सिंचना परिस ठिबक सिंचनाक प्राधान्य दिलो जाता,सामान्य सिंचनाच्या परिसरांना ठिबक सिंचनाचे प्राधान्य दिले जाते
8165,716219,D2,Agriculture,12.0,सरकार शेती उत्पादन विकण्याचा सल्ला ॲप द्वारे शेतकऱ्यांना देते आहे,सरकार शेती उत्पादन विकण्याचा सल्ला ॲप द्वारे शेतकऱ्यांना देते आहे
8166,722927,D4,Agriculture,11.5,ठिबक सिंचनानं झाडाले एक दिवसामंदी किती लिटर पाणी दिलं जातं ?,ठिबक सिंचनामुळे झाडांना एक दिवसासाठी किती लिटर पाणी दिले जाते?
8167,706725,D1,Banking,12.0,बाँड मार्केटचो महत्त्वाचो भाग म्हणजे सरकारी रोखा बाजार,बँड मार्केटच महत्त्वाचा भाग म्हणजे सरकारी रोखा बाजार
8168,716351,D2,Banking,12.0,भारतीय बँकांमध्ये इतर देशातील बँकांप्रमाणे सर्व सुविधा उपलब्ध आहेत,भारतीय बँकांमध्ये इतर देशातील बँकांप्रमाणे सर्व सुविधा उपलब्ध आहेत
8169,723378,D4,Agriculture,11.5,हवामान बदलापायी सोयाबीनच्या पिकावर कोनचा परिणाम होते ?,हवामान बदलामुळे सोयाबीनच्या पिकावर कोणता परिणाम होतो?
8170,707209,D1,Banking,12.0,एफ.डी चा मॅच्युरिटी रक्कम मोजणा ह्या एक किचकट आणि वेळखाऊ प्रक्रिया असू शकता,एफ.डी ची मॅच्युरिटी रक्कम मोजणे ही एक किचकट आणि वेळखाऊ प्रक्रिया असू शकते.
8171,715353,D2,Banking,12.0,"ए.टी.एम कार्ड हरवलं तर , आपल्याला लगेचच कस्टमर केअर वर फोन करून बंद किंवा ब्लॉक करावं लागतं",एटीएम कार्ड हरवलं तर आपल्याला लगेच कस्टमर केअरवर फोन करून बंद किंवा ब्लॉक करावा लागतो.
8172,723437,D4,Agriculture,11.5,जास्त युरीया टाकल्याचे खराब परिनाम कोनचे ?,जास्त युरिया टाकल्याचे खराब परिणाम कोणते?
8173,709500,D1,Agriculture,12.0,पिठात हाय ग्लायसेमिक इंडेक्समुळा ब्लड शुगर वाढता,पिठात असलेला हाय ग्लायसेमिक इंडेक्समुळे रक्तशर्करा वाढते.
8174,716320,D2,Agriculture,12.0,विल्टिंगमुळे पाण्याचे नुकसान कमी होण्यास मदत होते,विल्टिंगमुळे पाण्याचे नुकसान कमी होण्यास मदत होते
8175,723637,D4,Banking,11.5,मले माया फोनवरून बिम्याचा मइन्याचा हप्ता भरता येते का ?,मला फोनवरून बिम्याचा माझा हप्ता भरता येतो का?
8176,710164,D1,Banking,12.0,इफिशियन्सी लाईनवर बाजार पडण्याची शक्यता जास्त असा,इफिशियन्सी लाईनवर बाजार पडण्याची शक्यता जास्त आहे
8177,712590,D2,Banking,12.0,करोडपती उद्योजकताना करता महेशनी त्यानामझारला कोशल्यना चांगला उपेग करा,करोडपती उद्योजकता करताना महेशने त्या नामझारला कौशल्याचा चांगला उपयोग करावा.
8178,723895,D4,Banking,11.5,कर्ज घ्यासाठी मले कोंते कागद लागन ?,कर्ज घेण्यासाठी मला कोणते कागदपत्रे लागतील?
8179,709093,D1,Agriculture,12.0,सुताच्या मजबूत सुरक्षिततेची तुमका कधीव काळजी करुची गरज नाय हा,सुताच्या मजबूत सुरक्षिततेची तुमची कधी काळजी करण्याची गरज नाही.
8180,715432,D2,Agriculture,12.0,कारण हे खाद्य पोषण आणि जिविके संबंधी सुरक्षितता प्राप्त करून देते,कारण हे खाद्य पोषण आणि जीविकेसंबंधी सुरक्षितता प्राप्त करून देते
8181,723550,D4,Agriculture,11.5,नदीच्या काठावरील शेतीमंदी पूर आला त का करा लागन ?,नदीच्या काठावरील शेतीमंदी पूर आला तर का करावे लागते?
8182,709218,D1,Agriculture,12.0,मृदा स्वास्थ्य कार्ड भारतीय करणाऱ्याक फायदेशीर ठरता हा,मृदा स्वास्थ्य कार्ड भारतीय करणाऱ्यांसाठी फायदेशीर ठरते
8183,717142,D2,Banking,12.0,पगार हा नियोक्त्याकडून कर्मचाऱ्याला नियतकालिक देयकाचा एक प्रकार आहे,पगार हा नियोक्त्याकडून कर्मचाऱ्याला नियतकालिक देयकाचा एक प्रकार आहे
8184,724225,D4,Banking,11.5,खात खोलासाठी मले कोंते कागद लागन ?,खात खोलासाठी मला कोणते कागद लागतील?
8185,709806,D1,Banking,12.0,उत्पन्नाची मोजदाद वर्षाच्या व्याजदरावर व बाजार मूल्यावर आधारलेली असता,उत्पन्नाची मोजदाद वर्षाच्या व्याजदरावर व बाजार मूल्यावर आधारित असते.
8186,715779,D2,Banking,12.0,पैशाची भविष्यामध्ये देखरेख करणे वित्त विश्लेषकाचं प्रमुख काम आहे,पैशाच्या भविष्याची देखरेख करणे वित्त विश्लेषकाचे प्रमुख काम आहे
8187,722932,D4,Agriculture,11.5,पांढरी माशी पिकामंदी कोनत्या पायरीले नुकसान करते ?,पांढऱ्या माशांना पिकामंदीत कोणत्या पायऱ्यांमुळे नुकसान होते?
8188,709972,D1,Agriculture,12.0,प्राकृतिक वनस्पती मध्ये परत जाण्याची परवानगी दिली जाता,नैसर्गिक वनस्पतींमध्ये परत जाण्याची परवानगी दिली जाते.
8189,714498,D2,Agriculture,12.0,शेतकरीना वेळ आणि कष्ट वाचाडानी करता हॅरो हाई साधन चांगलं शे,शेतकऱ्यांनी वेळ आणि कष्ट वापरून चांगले साधन करावे.
8190,722929,D4,Agriculture,11.5,ठिबक सिंचनासाठी विहिरीत किती एच.पी ची मोटार पायजे ?,ठिबक सिंचनासाठी विहिरीत किती एचपी ची मोटर लागेल?
8191,711130,D1,Agriculture,12.0,मातयेत कैर पुरलो तर मातयेची सुपीकता की वेळेन वाडतली ?,मातेत काही पुरलो तर मातयेची सुपीकता की वेळेने वाढली?
8192,713063,D2,Agriculture,12.0,रेशमनं उत्पादन हाई रेशिमना किडास वर रहास,रेषमचे उत्पादन खूप आहे रेशीमावर कीड वर आहे
8193,723729,D4,Banking,11.5,मले दसऱ्यासाठी कितीक रुपये कर्ज भेटन ?,मला दसऱ्यासाठी किती रुपये कर्ज मिळेल?
8194,707661,D1,Agriculture,12.0,"दुकानदारान सांगल्यान , मटारचे भाव आता खाली इले हात","दुकानदाराने सांगितले, मटारचे भाव आता खाली आले आहेत."
8195,716291,D2,Agriculture,12.0,हरभरे जास्त करून जेवणामध्ये वापरले जातात,हरभरे जास्त करून जेवणामध्ये वापरले जातात.
8196,724208,D4,Banking,11.5,माया क्रेडिटचा आकडा कितीक हाय हे मले कस पायता येईन ?,क्रेडिटचा आकडा किती आहे हे मला कसे कळतील?
8197,710695,D1,Agriculture,12.0,"जमुनापारी शेळी , मुख्य करून उत्तर प्रदेशात आढळता आणि मोठ्या आकाराची असता",जमुनापारी शेळी मुख्यत्वे उत्तर प्रदेशात आढळते आणि मोठ्या आकाराची असते.
8198,714965,D2,Agriculture,12.0,ठिबक सिंचन आणि पाणी स्प्रिंकलर केंद्रे धुरी सिंचनातर्गत येतात,ठिबक सिंचन आणि पाणी स्प्रिंकलर केंद्रे धुरी सिंचनातर्गत येतात
8199,723475,D4,Agriculture,11.5,कांद्याच्या पिकाले चांगल्यानं सालभर सुरक्षित कस ठेवाचं ?,कांद्याच्या पिकाला सालभर चांगल्या प्रकारे सुरक्षित कसे ठेवावे?
8200,707147,D1,Banking,12.0,या पद्धतीद्वारा निधी पाठवूक ग्राहकांका व्यवहार शुल्क भरूक लागता,या पद्धतीद्वारे निधी पाठवला जातो आणि ग्राहकांचे व्यवहार शुल्क भरावे लागते
8201,716186,D2,Agriculture,12.0,शेती भारताच्या अर्थव्यवस्थेमध्ये महत्त्वपूर्ण भूमिका निभावते,शेती भारताच्या अर्थव्यवस्थेत महत्त्वपूर्ण भूमिका निभावते
8202,719206,D4,Agriculture,11.5,भारतीय पशुधन गणना उत्तर प्रदेशातील गुरांच्या संख्येत लक्षणीय घट दर्शवते,भारतीय पशुधन गणना उत्तर प्रदेशातील गुरांच्या संख्येत लक्षणीय घट दर्शवते
8203,710097,D1,Agriculture,12.0,सगळ्या ठिकाणी कागद बनवण्याचो मार्ग झाडापेडाच असतत,सगळ्या ठिकाणी कागद बनवण्याचा मार्ग झाडापेढाचा असतो.
8204,713695,D2,Banking,12.0,आर.टी.सी.एस.एफ ब्यांककडथून दुसरी बँकम्हा फंड ट्रान्सफर करानी प्रक्रिया शे,आर.टी.सी.एस.एफ बँकेतून दुसरी बँक फंड ट्रान्सफर करण्याची प्रक्रिया काय आहे?
8205,722004,D4,Banking,11.5,यू.पी.आय व्यवहारांसाठी प्रतिदिन व्यवहारांची मर्यादा एक लाख आहे,यू.पी.आय व्यवहारांसाठी प्रतिदिन व्यवहारांची मर्यादा एक लाख आहे
8206,707156,D1,Banking,12.0,अद्वितीय आणि सानुकूलित वैयक्तिक कर्जा ऑफरात त्वरित ऑनलाइन अर्ज समाविष्ट असा,अद्वितीय आणि सानुकूलित वैयक्तिक कर्जाच्या ऑफरमध्ये त्वरित ऑनलाइन अर्ज समाविष्ट असावा.
8207,717217,D2,Agriculture,12.0,माझे काका आसामहून दर महिन्याला चहा पाठवतात,माझे काका आसामहून दर महिन्याला चहा पाठवतात
8208,719316,D4,Banking,11.5,बँकिंगच्या अभ्यासाशी संबंधित विषय म्हणजे पैसा,बँकिंगच्या अभ्यासाशी संबंधित विषय म्हणजे पैसा
8209,707554,D1,Agriculture,12.0,"झाडे तोडल्यामुळे पर्यावरणावर वाईट परिणाम होतत , ही चिंतेची गोष्ट आसा","झाडे तोडल्यामुळे पर्यावरणावर वाईट परिणाम होत आहे, ही चिंतेची गोष्ट आहे."
8210,713784,D2,Banking,12.0,खाजगी गुंतवणूकदार हाऊ लवकरात लवकर स्टार्ट अप करामा मदत करस,खाजगी गुंतवणूकदारांना लवकरात लवकर स्टार्टअप सुरू करण्यासाठी मदत करा
8211,719395,D4,Banking,11.5,तुम्ही घरबसल्या कोणताही छोटासा व्यवसाय सुरू करू शकता,तुम्ही घरबसल्या कोणताही छोटासा व्यवसाय सुरू करू शकता
8212,707371,D1,Banking,12.0,ए.टी.एम मधसून तुमका कार्ड न वापरता फक्त मोबाईल बँकिंग ऍप वापरून पैसे काढूक येतंत,ए.टी.एम मधून तुमचा कार्ड न वापरता फक्त मोबाईल बँकिंग ऍप वापरून पैसे काढता येतात.
8213,712708,D2,Agriculture,12.0,कृषी क्षेत्रमझार सहकारी संस्था स्वातंत्र्य भेटावरच निंघण्यात,कृषी क्षेत्रमझार सहकारी संस्थेच्या स्वातंत्र्य दिनाच्या निमित्ताने
8214,722276,D4,Banking,11.5,भरत त्याच्या मालकाच्या जमा आणि गुंतवणूकीसाठी काम करतो,भरत त्याच्या मालकाच्या जमा आणि गुंतवणुकीसाठी काम करतो
8215,707149,D1,Banking,12.0,तुमका हटवायचो असलेलो एक लाभार्थी निवडा आणि त्यो हटवूक डिलीट बटणावर क्लिक करा,तुमचा हटवायचा असलेला एक लाभार्थी निवडा आणि ती हटवूक डिलीट बटणावर क्लिक करा
8216,716288,D2,Banking,12.0,स्लेटरी ने बैठकीमध्ये तिच्या फ्री राईडर शुल्क चा प्रस्ताव ठेवला,स्लेटरीने बैठकीमध्ये तिच्या फ्री राईडर शुल्काचा प्रस्ताव ठेवला
8217,722386,D4,Agriculture,11.5,चीन जगातील सर्वाधिक जास्त चहाचा वापर दररोज वापरतो,चीन जगातील सर्वाधिक चहाचा वापर दररोज करतो
8218,707247,D1,Banking,12.0,कॅशलेस व्यवहाराचा संकल्पनेक प्रोत्साहन देऊक यू.पी.आय चो वापर केला जाता,कॅशलेस व्यवहाराचा संकल्प प्रोत्साहन देण्यासाठी यूपीआयचा वापर केला जातो
8219,714034,D2,Banking,12.0,आर.बी.आय दीर्घ मुदतनं आणि अल्प मुदतना व्याजना दर सांगतस,आरबीआय दीर्घ मुदतीचे आणि अल्प मुदतीचे व्याजदर सांगते
8220,722183,D4,Banking,11.5,मोहम्मद युनूस यांनी बांगलादेशातील गरिबांसाठी बँक उघडली आहे,मोहम्मद युनूस यांनी बांगलादेशातील गरिबांसाठी बँक उघडली आहे
8221,708007,D1,Banking,12.0,"लेखा परीक्षकाकडसून खाती प्रमाणित केल्यानी , असा माका समजला",लेखा परीक्षकाकडून खाती प्रमाणित केल्यामुळे असा मला समजला
8222,715866,D2,Banking,12.0,बी.ओ.बी चे आताचे शेअर रेट जास्तच चालले आहे,बी.ओ.बी चे आताचे शेअर रेट जास्तच वाढले आहे
8223,722787,D4,Agriculture,11.5,माती खणण्यासाठी वापरली जाणारी कृषी उपकरणे,माती खणण्यासाठी वापरली जाणारी कृषी उपकरणे
8224,707934,D1,Agriculture,12.0,मॉवर कंडिशनर मध्ये गवत कापण्यासाठी मोठे ब्लेड असतत,मॉवर कंडिशनरमध्ये गवत कापण्यासाठी मोठे ब्लेड असते
8225,714038,D2,Banking,12.0,एकोनीसशे नऊमझार व्हयेल दुसरा महायुध्द नंतर डब्ल्यू.टी.ओ नी स्थापना व्हयनी,"१९४७ झाले, दुसऱ्या महायुद्धांनंतर डब्ल्यू.टी.ओ ची स्थापना झाली."
8226,724165,D4,Banking,11.5,मायापाशी असलेले पैसे मले बँकेत कसे गुंतोता येते ?,मला मायापाशी असलेले पैसे बँकेत कसे गुंतवता येते?
8227,709154,D1,Agriculture,12.0,फ्लोरीकल्चर विटीकल्चर हॉर्टिकल्चर हयते सगळे बागकामाचे प्रकार हत,"फ्लोरीकल्चर, विटीकल्चर आणि हॉर्टिकल्चर हे सर्व बागकामाचे प्रकार आहेत."
8228,714360,D2,Banking,12.0,फुलरटन इंडिया कडताईन लगीनना खर्च भागाडानी करता वैयक्तिक कर्ज भेटस तेबी ऑनलाईन घरबठी,फुलरटन इंडियाचा खर्च भागवताना वैयक्तिक कर्ज आणि ऑनलाईन घरभाडे कसे मिळेल?
8229,723036,D4,Agriculture,11.5,एका हेक्टरमंदी पेरलेल्या सोयाबीनले किती आवक झाली तं नफा मिळू शकन ?,एका हेक्टरमंदी पेरलेल्या सोयाबीनची किती आवक झाली तर नफा मिळू शकतो?
8230,708591,D1,Agriculture,12.0,अंगोरा लोकर सस्याच्या वरच्या आणि मागच्या भागातून मिळता,अंगोऱ्याचे लोक सस्याच्या वरच्या आणि मागच्या भागातून मिळतात
8231,713244,D2,Banking,12.0,सरकारी बजेट फेब्रुवारी ते मार्च ना मधमा लागू व्हस,सरकारी बजेट फेब्रुवारी ते मार्च या काळात लागू होते.
8232,722967,D4,Agriculture,11.5,मले रोजचा बाजारभव मायती कराचा असन त काय करा लागन ?,मला रोजचा बाजारभाव माहितीचा असेल तर काय करावे लागेल?
8233,706755,D1,Banking,12.0,खाजगी गुंतवणूकदाराक देवदूत गुंतवणूकदार असा सुद्धा म्हणतत,खाजगी गुंतवणूकदारांचे देवदूत गुंतवणूकदार असे सुद्धा म्हणतात
8234,712660,D2,Banking,12.0,तात्काय पेमेंटनी सोय वापराले सोप्पी शे त्यानाकरता सुरेशले आवडस,"तात्काळ पेमेंटची सोय वापरली, ती सोपी असल्यामुळे सुरेशला आवडले."
8235,723647,D4,Banking,11.5,रात्रीच्या जेवणाचे पैसे मले क्यू.आर कोड स्कॅन करून देता येईन का ?,रात्रीच्या जेवणाचे पैसे मला क्यू.आर कोड स्कॅन करून देता येतील का?
8236,707082,D1,Banking,12.0,खाता क्रमांकाचो स्वरूप राष्ट्रीय मध्यवर्ती बँक ठरवता,खाता क्रमांकाचे स्वरूप राष्ट्रीय मध्यवर्ती बँक ठरवते
8237,713343,D2,Agriculture,12.0,शेतीमा इंजिनियरस्नी परयोग करामुये एकरी उत्पन्नमा वाढ व्हयी ह्रायनी,शेतीत इंजिनियर्सचा उपयोग करून एकरी उत्पन्नात वाढ होईल.
8238,723099,D4,Agriculture,11.5,गहू लोम्बावर आल्यावर तुषार सिंचन बिनकामाचं ठराचं कारन का असन ?,गहू लोम्बावर आल्यावर तुषार सिंचन बिनकामाचे ठरलेचे कारण का आहे?
8239,708900,D1,Banking,12.0,कृषि अर्थशास्त्रात कृषिशी निगडीत कोणकोणते मुख्य विषय असत ?,कृषि अर्थशास्त्रात कृषिशी निगडीत कोणकोणते मुख्य विषय होते?
8240,712778,D2,Agriculture,11.941,बैल गाडी ना वापर वावर म्हादुन गवत व धान्य आना करता करतस व तेले गोडाऊन म्हा भरतस,बैल गाडी न वापरून मधून गवत व धान्य आणणे करत आहे आणि तेले गोडाऊनमध्ये भरत आहे
8241,723833,D4,Banking,11.5,हर महिन्याले माह्या खात्यातून कर्जाचे कितीक पैसे कटन ?,प्रत्येक महिन्यात कर्जाच्या खात्यातून किती पैसे घेतले जातात?
8242,710621,D1,Agriculture,12.0,काळा मिरी ह्या प्रामुख्यान पावसावर आधारित पीक म्हणून घेतला जाता,काळा मिरी हे प्रामुख्याने पावसावर आधारित पीक म्हणून घेतले जाते
8243,713977,D2,Agriculture,11.938,एडिजी सकारात्मक किंवा नकारात्मक आसू शकस ते नकारात्मक राहीन तर गायन वजन कमी कराणी गरज रहस,"जर भावना सकारात्मक किंवा नकारात्मक असेल तर नकारात्मकच राहील, म्हणून वजन कमी करण्याची गरज आहे."
8244,723248,D4,Agriculture,11.5,चुनखडीच्या मातीमंदी संत्र्याचे पीक घेता येईन का ?,चुनखडीच्या मातीतून संत्र्याचे पीक घेता येईल का?
8245,708511,D1,Banking,12.0,विम्यात नुकसानीचो धोको थोडी फी भरून दुसऱ्या पक्षाक दिलो जाता,विम्यात नुकसानीचा धोका थोडी फी भरून दुसऱ्या पक्षाला दिला जातो.
8246,713637,D2,Agriculture,11.938,ताग नी शेती कराना करता काय करनं पडी ? खान्देश मा ताग नं उत्पन्न निंघी का,तागने शेती करायला काय करावे? खान्देशमध्ये तागाचे उत्पन्न कमी आहे का?
8247,724119,D4,Banking,11.5,कर्जाचा अर्ज भरासाठी किती दिसाची मुदत हाय ?,कर्जाचा अर्ज भरण्यासाठी किती दिवसांची मुदत आहे?
8248,710891,D1,Agriculture,12.0,मगरीच्या त्वचेपासना तयार केलेले वस्तु चांगले आणि आकर्षक असतत,मगरीच्या त्वचेपासना तयार केलेले वस्तू चांगले आणि आकर्षक आहेत
8249,714177,D2,Agriculture,11.938,जर आपली त्वचा तेलकट व्हयी तै गोड बटाटा ना उपेग आपला त्वचा नाकारता फायदेमंद व्हऊ शकस,"जर आपली त्वचा तेलकट असेल तर गोड बटाटे वापरू नका, आपला त्वचा नाकारल्याने फायदेशीर होईल."
8250,723579,D4,Agriculture,11.5,गुरांइले खुरी बिमारीसाठी कोनची लस द्याले पायजे ?,"गुरुजी, या आजारामुळे कोणत्या लसी द्याव्यात?"
8251,709883,D1,Banking,12.0,चंद्रमोहन च्या देवाण घेवाण खात्याचो हिशोब त्याचो मित्र ठेवता,चंद्रमोहनच्या देवाणघेवाणीच्या खात्याचा हिशोब त्याच मित्राकडे ठेवला आहे
8252,713314,D2,Banking,11.933,बेपारी आज मना बेपारमा पैसा लावा ना करता येतीन म्हनीसन मी आज कथाच जावाव नही,बेपारी आज मनावर पैसा लावणे न करता हे तीन गोष्टी मी आज जाणार नाही
8253,722943,D4,Agriculture,11.5,फळं गळाले नाही पायजे म्हनून बाजारात कोनचं बुरशीनाशक हाय ?,फळे मिळाली नाहीत तर का बाजारात कोणते बुरशीनाशक आहे?
8254,708919,D1,Banking,12.0,जीवन प्रमाण पेंशन उपभोक्त्यांका एक बायोमेट्रीक सक्षम डिजीटल सेवा हा,जीवन प्रमाण पेन्शन उपभोगणाऱ्यांसाठी एक बायोमेट्रिक सक्षम डिजिटल सेवा आहे.
8255,714702,D2,Agriculture,11.929,"जमीननी धुपनी कारण समुद्रमा , नदीमा गाळ , रेती जमा व्हयीसन उथ्थय व्हयी रायन्यात","जमिनीवर उष्णतेमुळे समुद्रामध्ये, नदीमध्ये गाळ आणि वाळू जमा होते, तेथील खोलीत (किंवा ठिकाणी) असते."
8256,723977,D4,Banking,11.5,"माया खात्यात कितीक बाकी हाय , हे मले कस पायता येईन ?","माया खात्यात किती बाकी आहे, हे मला कसे कळेल?"
8257,708702,D1,Agriculture,12.0,शाळेच्या कर्मच्यार्यान गवत कापूच्या मशीनीन मैदान साफ करून टाकल्यान,शाळेच्या कर्मचाऱ्यांनी कापूच्या मशीनने मैदान साफ करून टाकले.
8258,717151,D2,Banking,11.923,कर्जदार किंवा धनको हा एक पक्ष आहे ज्याचा इतर पक्षाच्या सेवांवर दावा आहे,कर्जदार किंवा धनको हा एक पक्ष आहे ज्याचा इतर पक्षाच्या सेवांवर दावा आहे
8259,724006,D4,Banking,11.5,नवीन खात खोलासाठी आधार कार्ड लागन का ?,नवीन खाते उघडण्यासाठी आधार कार्ड लागते का?
8260,710107,D1,Agriculture,12.0,साधारण भाजी त्याच्या वरील रोगामुळे रोगग्रस्त भाग पांढरो दिसता,साधारण भाजीच्या वरील रोगग्रस्त भाग रोगामुळे पांढरा दिसतो
8261,713121,D2,Banking,11.923,जोखीम ना अंदाज लावाना करता उत्पन्नाना परसार कर्ज लेवानी किंमत ना वापर करतस,जोखीमचा अंदाज लावून उत्पन्नापेक्षा जास्त कर्ज घेण्याची किंमत वापरत नाहीस
8262,723981,D4,Banking,11.5,आर.टी.जी.एस करासाठी कोंता फारम भरा लागन ?,आर.टी.जी.एस करासाठी फॉर्म भरायला लागते का?
8263,711111,D1,Agriculture,12.0,हॅरो ह्या मातीचो पृष्ठभाग तोडुक आणि गुळगुळीत करुक एक साधन असा,नमस्कार या मातीचा पृष्ठभाग तोडून गुळगुळीत करणे एक साधन आहे.
8264,715691,D2,Agriculture,11.923,"दुधाच्या उप उत्पादनांमध्ये मध्ये बटर , क्रीम , दही आणि मठ्ठा समाविष्ट आहे","दुधाच्या उप उत्पादनांमध्ये बटर, क्रीम, दही आणि मठ्ठा समाविष्ट आहे."
8265,723040,D4,Agriculture,11.5,मोसंबीच्या पिकाच्या चांगल्या वाढीसाठी वातावरन कस पायजे ?,मोसंबीच्या पिकांच्या चांगल्या वाढीसाठी वातावरणाची काय आवश्यकता आहे?
8266,706429,D1,Banking,12.0,खाजगी गुंतवणूकदार ह्यो एक व्यक्ती असता जो व्यवसाय सुरू करुक भांडवल पुरवता,खाजगी गुंतवणूकदार तो एक व्यक्ती असतो जो व्यवसाय सुरू करून भांडवल पुरवतो
8267,714566,D2,Banking,11.917,आपण लेयेल कर्जनी रक्कम कित्ली फिटनी कित्ली नै हाई ऑनलाईनमुये घरबठीन कयस,"आपण घेतलेल्या कर्जाची रक्कम किती झाली, आणि ऑनलाईन घरभाडे कसे करायचे?"
8268,723174,D4,Agriculture,11.5,माह्या पिकाले धुयारीपासुन कस वाचवता येईन ?,मी मासे धुयारीपासून कसे वाचवू शकेन?
8269,709839,D1,Agriculture,12.0,कार्बन शोषून घेण्यासाठी कृषी वनांचा वनीकरण सुरू हा,कार्बन शोषून घेण्यासाठी कृषी वनांचे वनीकरण सुरू आहे
8270,717813,D2,Agriculture,11.917,ऊस कापणीकरिता कोणते यंत्र वापरले जाते ? बाजारात त्याची किंमत किती ?,ऊस कापणीकरिता कोणते यंत्र वापरले जाते? बाजारात त्याची किंमत किती?
8271,723380,D4,Agriculture,11.5,शेतीले कोनची बँक लंब्या काळासाठी कर्जपुरवठा करते ?,शेतीच्या कोणाच्या बँकेने लांब काळासाठी कर्जपुरवठा करते?
8272,708689,D1,Agriculture,12.0,नाचणी भारतातल्या सुक्या क्षेत्रात उगवला जाणारा मोठा धान्य असा,नाचणी भारतातील सुक्या क्षेत्रात उगवलेले मोठे धान्य आहे.
8273,713653,D2,Banking,11.917,म्हणी दोन वर्ष साठे थोडा वेळ साठे पैसासना बाजारमा व्यवहार करेल होता,म्हणून दोन वर्षे बचत केल्यास थोडा वेळ बाजारामध्ये व्यवहार होईल.
8274,723662,D4,Banking,11.5,मी माया आत्याले दुसऱ्या गावातून पैसे पाठू शकतो का ?,मी माया दुसऱ्या गावातून पैसे पाठवू शकतो का?
8275,710082,D1,Banking,12.0,व्यापाराच्या नियमानुसार स्वताच्या जमा रकमेवर पण व्याज घेतला जाता,व्यापाराच्या नियमानुसार स्वताच्या जमा रकमेवर पण व्याज घेतला जातो.
8276,712912,D2,Agriculture,11.917,"पूर हायी नैसर्गिक संकट शे , भारतमा पूरवाला भागसमा दरसाले पूर येतस","पूर ही नैसर्गिक संकट आहे, भारतात पूरवाल्यांना दरसाले पूर येत आहेत."
8277,722909,D4,Agriculture,11.5,काळी माती जास्त सुपीक काऊन रायते ?,काळी माती जास्त सुपीक का आहे?
8278,707395,D1,Banking,12.0,"ओ भाऊ , जगातली सगळ्यात जास्तीचे युनिव्हर्सल बँक खय आसा","ओ भाऊ, जगातील सर्वात मोठी युनिव्हर्सल बँक आहे."
8279,716405,D2,Banking,11.917,मी गेल्या वेळी प्रवास विमा घेतला नसता तर अपघात कव्हर झाला नसता,मी गेल्या वेळी प्रवास विमा घेतला नसता तर अपघात कव्हर झाला नसता
8280,723200,D4,Agriculture,11.5,गव्हाच्या पिकावर कोनचं तननाशक वापरा लागन ?,गव्हाच्या पिकावर कोणते तननाशक वापरावे लागेल?
8281,710752,D1,Banking,12.0,तुमका तुमचा सामान विकुसाठी टार्गेट बाजार शोधुची गरज असा,तुमच्या वस्तू विकण्यासाठी लक्ष्य बाजार शोधण्याची गरज आहे
8282,713174,D2,Banking,11.909,जेवढा पैसा जोयजे तेवढा पैसा जमा करानी हाई धीमी परकिया शे,जेवढा पैसा हवा तेवढा पैसा जमा करा ही धीमी परकीया शे
8283,723876,D4,Banking,11.5,बिम्याचे हप्ते संपल्यावर मले दावा कसा करा लागन ?,बिमस्याचे हप्ते संपल्यावर मला दावा कसा करायचा?
8284,707663,D1,Agriculture,12.0,दुग्धव्यवसायाचो मालक तुमका हव्या असलेल्या दुधाची सोय करतलो,दुग्धव्यवसायाचा मालक तुम्हाला हव्या असलेल्या दुधाची सोय करत आहे.
8285,713639,D2,Agriculture,11.909,टोक्कर ना झाडले एकच दाव फुल्लर येस त्याले टोक्कर फूल म्हनतस,एकच कट झाले तर ते एक फूल म्हणते.
8286,724260,D4,Banking,11.5,यू.पी.आय कराच्या टायमाले मले समोरच्या व्यक्तीचा क्यू.आर कोड लागनच का ?,यूपीआय कराच्या वेळी मला समोरच्या व्यक्तीचा क्यूआर कोड लागला का?
8287,710394,D1,Agriculture,12.0,मेंढी क्रचिंग स्वच्छतेच्या कारणांमुळे लोकर काढुची पद्धत हा,मेंढी क्रचिंग स्वच्छतेच्या कारणांमुळे लोकर काढण्याची पद्धत ही आहे
8288,713350,D2,Agriculture,11.909,"समुद्र नी शेतीमा शंख , शिंपला , मोती यास्नी शेती करतंस","समुद्रात शेतीमध्ये शंख, शिंपला, मोती यांसोबत शेती करत आहात"
8289,723990,D4,Banking,11.5,कर्जासाठी मले ऑनलाईन फारम भरन जरुरीच हाय का ?,कर्जासाठी मला ऑनलाईन फॉर्म भरणे जरुरीच आहे का?
8290,707041,D1,Banking,12.0,यू.एस डॉलरचा द्विधातु मानकांनुसार व्याख्या केली असा,यू.एस डॉलरचा द्विधातु मानकांनुसार व्याख्या केली असा
8291,714122,D2,Agriculture,11.909,मुर्स हाई जात वांशिकदृष्ट्या बरबर रगत पेशीमा कैक संकरीत जात शे,मुर्स हाई जात वांशिकदृष्ट्या बरबर रगत पेशींमध्ये किती संकरीत आहेत?
8292,723227,D4,Agriculture,11.5,महा डी.बी.टी पोर्टलवर मायती भरनं चांगलं हाये का ?,डीबीटी पोर्टलवर पैसे भरणे चांगले आहे का?
8293,707270,D1,Banking,12.0,सांख्यिकी आणि कार्यक्रम अंमलबजावणी मंत्रालय त्याचो कामकाज पाहत असा,सांख्यिकी आणि कार्यक्रम अंमलबजावणी मंत्रालय त्याच कामकाज पाहत आहे.
8294,713101,D2,Banking,11.909,कमोडिटी पैसा मा सोना चांदी रुपया पैसा दाग दागिना शामिल शेत,"कमोडिटी, पैसा, सोने, चांदी, रुपया, दागिने आणि शेती समाविष्ट आहेत."
8295,722907,D4,Agriculture,11.5,कोनत्या मातीमंदी वल पकडून ठेवण्याची लई ताकद हाये ?,कोनत्या जमीन ताब्यात ठेवण्याची शक्ती लागते?
8296,707413,D1,Banking,12.0,कर्ज घेणाऱ्या लोकांसाठी बँका हा निधीचो पारंपरिक स्रोत आसा,कर्ज घेणाऱ्या लोकांसाठी बँका हा निधीचा पारंपरिक स्रोत आहे.
8297,716617,D2,Agriculture,11.9,म्हशीचे दूध देखील पांढरे असते आणि त्यात घट्ट सुसंगतता असते,म्हशीचे दूध देखील पांढरे असते आणि त्यात घट्ट सुसंगतता असते
8298,723427,D4,Agriculture,11.5,यांत्रिक शेतीमंदील खर्च जास्त राहीन का ?,यांत्रिक शेतीमुळे खर्च जास्त राहील का?
8299,708250,D1,Agriculture,12.0,कृषी संशोधन परिषदेची स्थापना सोळा जुलै एकोणीसशे एकोणतीसाक झाली,कृषी संशोधन परिषदेची स्थापना सोळा जुलै १९१६ रोजी झाली
8300,717074,D2,Banking,11.9,आर.टी.जी.एस द्वारे पैसे पाठवल्यावर पैसे लगेच तुमच्या खात्यात जमा होतील,आर.टी.जी.एस द्वारे पैसे पाठवल्यावर पैसे लगेच तुमच्या खात्यात जमा होतील
8301,723334,D4,Agriculture,11.5,थ्या मातीत लिक्विड कोनचं टाका लागन ?,मातीत लिक्विड किती टाकावा लागेल?
8302,707328,D1,Agriculture,12.0,"आपण बघलव , मोठ्या शहरात प्राण्यांची मोठी बाजारपेठ आणि कृषी व्यापार असता","आपण पाहिले, मोठ्या शहरात प्राण्यांची मोठी बाजारपेठ आणि कृषी व्यापार असते."
8303,715369,D2,Banking,11.9,एच.डी.एफ.सी बँकेमध्ये क्रेडिट कार्ड देय तारीख महिन्याची चार तारीख आहे,एच.डी.एफ.सी बँकेमध्ये क्रेडिट कार्डची देय तारीख महिन्याची चार तारीख आहे
8304,724034,D4,Banking,11.5,सामाजिक योजनेतून मले कितीक पैसे भेटन ?,सामाजिक योजनेतून मला किती पैसे मिळतील?
8305,709963,D1,Banking,12.0,प्रतिनिधी धन म्हणून सोन्या चांदीच्या प्रमाणपत्राचा उदाहरण देव शकताव,प्रतिनिधी धन म्हणून सोन्या चांदीच्या प्रमाणपत्राचे उदाहरण द्या.
8306,714553,D2,Banking,11.9,अमेरिकानं चलन डालरनी पुढे भारतनं चलन रुप्यानी किंमत कमी शे,अमेरिकेचे चलन डॉलरचे आणि भारताचे चलन रुपयाचे मूल्य कमी आहे.
8307,723970,D4,Banking,11.5,कर्ज भेटासाठी मले ऑफलाईन फारम भरा लागन का ?,कर्ज घेण्यासाठी मला ऑनलाईन फॉर्म भरायला का लागेल?
8308,710857,D1,Banking,12.0,बँक पेमेंटसाठी तुमका खयच्या पण भौतिक कार्डची आवश्यकता नाय हा,बँक पेमेंटसाठी तुमचा भौतिक कार्डची आवश्यकता नाही.
8309,715548,D2,Agriculture,11.889,चिया बियाणे साल्विया या हिस्पॅनीका चे खाद्य बियाणे आहे,चिया बियाणे आणि साल्विया हे हिस्पॅनिक खाद्यबियाणे आहेत.
8310,723381,D4,Agriculture,11.5,भूविकास बँक शेतीला कोनच्या मुदतीचा कर्जपुरवठा करते ?,भूविकास बँक शेतीला कोणत्या मुदतीचा कर्जपुरवठा करते?
8311,707598,D1,Agriculture,12.0,तुका माहीत हा काय लवंग ह्या मूळचा इंडोनेशियातला झाड आसा,तुला माहीत आहे का हा लवंग इंडोनेशियातील झाड आहे?
8312,717858,D2,Agriculture,11.889,"कांदा , ऊस , केळी , फूले व फळे यांची रोपे तयार करुन दिर्घकाळ ठेवू शकतो का ?","कांदा, ऊस, केळी, फुले व फळे यांची रोपे तयार करून दीर्घकाळ ठेवता येतात का?"
8313,723941,D4,Banking,11.5,कितीक दिसासाठी पैसे जमा ठेवणं जरुरीच हाय ?,किती दिवसांसाठी पैसे जमा ठेवणे गरजेचे आहे?
8314,708544,D1,Banking,12.0,सरकार स्वतः बाजारात उतारता आणि लोका तेच्यारय गुंतवणूक करू शकतत,सरकार स्वतः बाजारात उतारता आणि लोक त्यांच्या गुंतवणूक करू शकत नाहीत
8315,717064,D2,Banking,11.875,जागतिक आर्थिक प्रणाली तुम्हाला आर्थिक कार्ये प्रदान करेल,जागतिक आर्थिक प्रणाली तुम्हाला आर्थिक कार्ये प्रदान करेल
8316,721330,D4,Banking,11.5,नवीन चेकबुक जारी करण्यासाठी याचिका सादर करावी लागेल,नवीन चेकबुक जारी करण्यासाठी याचिका सादर करावी लागेल
8317,708038,D1,Agriculture,12.0,व्ही.एच.एस रोगामुळे माझ्या मत्स्यशेतीचा वाटोळा झाला,व्ही.एच.एस रोगामुळे माझ्या मत्स्यशेतीचे नुकसान झाले
8318,713207,D2,Banking,11.875,आर्थिक योजनानी अधिक माहिती आर्थिक वर्तमानपत्र मयीन भेटस,आर्थिक योजनांची अधिक माहिती आर्थिक वर्तमानपत्रात मिळते.
8319,723270,D4,Agriculture,11.5,संत्रा मोसंबीच्या शेतामंदी तुषार सिंचनचा वापर करता येईन का ?,संत्रा मोसंबीच्या शेतामंदीसाठी तुषार सिंचनचा वापर करता येईल का?
8320,707169,D1,Banking,12.0,बचत खाता सर्व स्तरातला लोकाचा बँकिंग गरजा पूर्ण करुक डिझाइन केलेली असता,बचत करून सर्व स्तरावरील लोकांच्या बँकिंग गरजा पूर्ण करण्यासाठी डिझाइन केले आहे.
8321,712970,D2,Agriculture,11.857,अंडा मान प्रोटीन रहास म्हणिसन अंडा खातस,"माणूस, तुम्ही म्हणत आहात की अंडे खात आहेस का?"
8322,723059,D4,Agriculture,11.5,हवामान खात्याच्या मायतीसाठी कोनचं ॲप वापराव ?,हवामानासाठी खात्याच्या मायतीसाठी कोणते ॲप वापरावे?
8323,708016,D1,Agriculture,12.0,वासरां मोठी होऊन प्रजननासाठी चांगले बैल बनतत,पिकांची मोठी होऊन प्रजननासाठी चांगले बैल बनत आहेत
8324,716797,D2,Agriculture,11.857,आपत्कालीन परिस्थितीत बियाणे बँका शेतकऱ्यांना बियाणे पुरवतात,आपत्कालीन परिस्थितीत बियाणे बँका शेतकऱ्यांना बियाणे पुरवतात
8325,722995,D4,Agriculture,11.5,मोसंबी पिकासाठी कोनत्या परकारची जमीन पायजेन रायते ?,मोसंबी पिकासाठी कोणत्या प्रकारची जमीन परवडेल?
8326,710278,D1,Banking,12.0,तुमका माहित हा करंट अकाऊंटकाच चेकिंग अकाउंट म्हणतत,तुम्हाला माहीत आहे का की करंट अकाउंट चेकिंग अकाउंट म्हणते?
8327,715603,D2,Agriculture,11.857,जैविक पदार्थांना सूक्ष्मजीवांद्वारे कुजवून जैविक गॅस बनतो,जैविक पदार्थांना सूक्ष्मजीवांद्वारे कुजवून जैविक वायू बनतो
8328,724167,D4,Banking,11.5,शेअर मार्केटमधी सोप्या पद्धतीने पैसे कसे गुंतवता येईन ?,शेअर बाजारात सोप्या पद्धतीने पैसे कसे गुंतवता येतील?
8329,709855,D1,Banking,12.0,केंद्र शासनाने सरकारी कामगारांसाठी कितीतरी सवलती दिलेले हंत,केंद्र शासनाने सरकारी कामगारांसाठी कितीतरी सवलती दिलेल्या आहेत?
8330,715002,D2,Agriculture,11.857,धान्य कापताना पेंढ्यापासून धान्य वेगळे होत नाही,धान्य कापताना पेंढ्यापासून धान्य वेगळे होत नाही
8331,723897,D4,Banking,11.5,"माया खात्यात कितीक पैसे हाय , हे मले कस पायता येईन ?","माया खात्यात किती पैसे आहेत, हे मला कसे कळेल?"
8332,707294,D1,Agriculture,12.0,अंत्योदय अन्न योजनेंमार्फत सवलतीच्या दरात धान्य दिला जाता,अंत्योदय अन्न योजनेमार्फत सवलतीच्या दरात धान्य दिले जाते
8333,713228,D2,Banking,11.833,एक निश्चित टाइम मा निश्चित परतावा शे त्यांनामा कोणतीच जोखीम नही शे,"एक निश्चित वेळ आणि निश्चित परतावा आहे, त्यांना कोणतीही जोखीम नाही."
8334,722913,D4,Agriculture,11.5,सेंद्रिय शेती केली त उत्पन्न जास्त होईन का ?,सेंद्रिय शेती केली तर उत्पन्न जास्त होईल का?
8335,706707,D1,Banking,12.0,एक स्टॉक ब्रोकर आर्थिक सल्लागार आणि गुंतवणूक व्यवस्थापन सेवा प्रदान करू शकता,एक स्टॉक ब्रोकर आर्थिक सल्लागार आणि गुंतवणूक व्यवस्थापन सेवा प्रदान करू शकतो.
8336,715367,D2,Banking,11.833,एखाद्या कंपनीचे शेअर खरेदी करून तुम्ही त्या कंपनीचे शेअर धारक बनू शकता,एखाद्या कंपनीचे शेअर खरेदी करून तुम्ही त्या कंपनीचे शेअर धारक बनू शकता
8337,723806,D4,Banking,11.5,मले दहा तोळे सोन्यावर कितीक रुपया प्रमाण कर्ज भेटन ?,मला दहा सोन्याच्या दागिन्यांवर किती रुपयांचे कर्ज मिळेल?
8338,709988,D1,Agriculture,12.0,बटाटे आणि जड पिकांच्या काढणीसाठी बागेचो काटो ह्या एक आदर्श साधन हा,बटाटे आणि जड पिकांच्या काढणीसाठी बागेत कापणे हे एक आदर्श साधन आहे.
8339,716901,D2,Banking,11.833,एस.बी.आई ही सार्वजनिक क्षेत्रातील बँक आहे आणि भारतातील सर्वात मोठी बँक आहे,एस.बी.आई ही सार्वजनिक क्षेत्रातील बँक आहे आणि भारतातील सर्वात मोठी बँक आहे
8340,722419,D4,Agriculture,11.5,तृणधानी इत्यादी काही शेतीमुळे पिकाचे मोठे नुकसान होते,तृणधानी इत्यादी काही शेतीमुळे पिकांचे मोठे नुकसान होते
8341,709720,D1,Banking,12.0,स्टॉक एक्सचेंज अश्या तर्हेन कंपनींका भांडवलाच्या खर्चाक कमी करता,स्टॉक एक्सचेंज अशा तर्हेन कंपनीच्या भांडवलाच्या खर्चात कपात करा.
8342,715357,D2,Banking,11.833,एक गुंतवणूक फंड इतर गुंतवणूकदारां सोबत पैशाची गुंतवणूक करण्याची एक पद्धत आहे,एक गुंतवणूक फंड इतर गुंतवणूकदारांसोबत पैशाची गुंतवणूक करण्याची एक पद्धत आहे
8343,722067,D4,Agriculture,11.5,"नीरज , तू हे नवीन डिव्हाइस ऑपरेट करायला कुठे शिकलास ?","नीरज, तू हे नवीन डिव्हाइस ऑपरेट करायला कुठे शिकलास?"
8344,707081,D1,Banking,12.0,आय.बी.ए.एन यात चौतीस पर्यंत अल्फान्यूमोरिक वर्ण असतत ज्यात देश कोड असता,आय.बी.ए.एन मध्ये चौतीस पर्यंत अल्फान्यूमोरिक वर्ण असतात ज्यात देश कोड असतो.
8345,713749,D2,Banking,11.818,फिडेलिटी कंपनीमा बारामा गुंतवणूक करेल शे ते बोलाले नही नही शे,फिडेलिटी कंपनीत बारामा गुंतवणूक करेल असे ते बोलले नाही नाही
8346,723335,D4,Agriculture,11.5,थ्या मातीत कोनचं बियानं वापरा लागन ?,मातीत कोणते बियाणे वापरावे लागते?
8347,707334,D1,Agriculture,12.0,आपल्या शेतकऱ्यांनी प्रधानमंत्री पिक विमा योजनेचो फायदो घेऊक हवो,आपल्या शेतकऱ्यांनी प्रधानमंत्री पिक विमा योजनेचे फायदे घ्यावेत.
8348,713726,D2,Banking,11.8,"लॉगिन करानंतर डेबिट कार्ड न बटन दाबान , मंग पुढे हॉटलिस्ट डेबिट कार्डन बटन दाबान","लॉगिन केल्यानंतर डेबिट कार्ड बटण दाबा, मग पुढे हॉटलिस्ट डेबिट कार्ड बटण दाबा"
8349,721160,D4,Banking,11.5,प्रत्येक देशातील बँका देशाच्या अर्थ व्यवस्थेवर नियंत्रण ठेवतात,प्रत्येक देशातील बँका देशाच्या अर्थ व्यवस्थेवर नियंत्रण ठेवतात
8350,709558,D1,Agriculture,12.0,भारतात आणि जगभरातला लाकूड उत्पादनामुळे झाडांचा खूप नुकसान झाला असा,भारतात आणि जगभरात लाकूड उत्पादनामुळे झाडांचे खूप नुकसान झाले आहे.
8351,716833,D2,Agriculture,11.778,मधमाश्या ज्या ठिकाणी राहतात त्याच ठिकाणी मधमाश्या पोळ्या बनवतात,मधमाश्या ज्या ठिकाणी राहतात त्याच ठिकाणी मधमाश्या पोळ्या बनवतात
8352,721741,D4,Banking,11.5,तिसर्या टप्प्यात माझ्या प्रमाणपत्र पर्यायावर क्लिक करा,तिसऱ्या टप्प्यात माझ्या प्रमाणपत्र पर्यायावर क्लिक करा
8353,708640,D1,Agriculture,12.0,जगात वीस हजार पेक्षा जास्त मधमाश्यांचे प्रकार असत,जगात वीस हजार पेक्षा जास्त मधमाश्यांचे प्रकार आहेत
8354,717148,D2,Banking,11.692,"दोन क्रेडिट कार्ड गट आहेत , ग्राहक क्रेडिट कार्ड आणि व्यवसाय क्रेडिट कार्ड",दोन क्रेडिट कार्ड गट आहेत ग्राहक क्रेडिट कार्ड आणि व्यवसाय क्रेडिट कार्ड
8355,719553,D4,Agriculture,11.5,मांसामध्ये प्रोटीनचे प्रमाण जास्त असते,मांसामध्ये प्रोटीनचे प्रमाण जास्त असते
8356,708288,D1,Agriculture,12.0,चिटोसन ही एक साखर आसा जी समुद्रातल्या शंखाच्या भायल्या कवचातसून गावता,चिटोसन ही एक साखर आहे जी समुद्रातील शंखाच्या भायल्या कवचातून मिळते
8357,714641,D2,Agriculture,11.5,कृषीतज्ञ आणि शेतकरीसमा शेतीसंबंधीना संवादनी गरज रहास,कृषीतज्ञ आणि शेतकरीसमा शेतीसंबंधीना संवादनाची गरज आहे
8358,720684,D4,Banking,11.5,कंपनीचा आर्थिक आरोग्य दृष्टीकोन खात्यांचा चार्ट प्रदान करतो,कंपनीचा आर्थिक आरोग्य दृष्टीकोन खात्यांचा चार्ट प्रदान करतो
8359,708706,D1,Agriculture,12.0,मामा तुम्ही शेतीची कुठची करुची ता कसा ठरवतास ?,मामा तुम्ही शेतीची कोणती कृती कशी ठरवता?
8360,717386,D2,Agriculture,11.5,रासायनिक खतांमुळे जमिनीची सुपिकता कमी होते का ?,रासायनिक खतांमुळे जमिनीची सुपिकता कमी होते का?
8361,723973,D4,Banking,11.5,माह्या जनधन खात्यात कितीक रूपे रायने जरुरी हाय ?,जनधन खात्यात किती रूपे गरजेची आहेत?
8362,708558,D1,Banking,12.0,सी.ई.ओ का बोर्डाकडून लीड करुच्यासाठी कोरो चेक मेळवचो आसा,सीईओ साठी बोर्डाकडून लीड करायच्यासाठी कोरो चेक मिळवावा लागतो आहे.
8363,717982,D2,Banking,11.5,ऑनलाईन बिल पेमेंटसंदर्भात मला माहिती देऊ शकतात का ?,ऑनलाईन बिल पेमेंटसंदर्भात मला माहिती देऊ शकता का?
8364,719084,D4,Banking,11.5,देशातील आर्थिक विकासामुळे जीवनमान चांगले होते,देशातील आर्थिक विकासामुळे जीवनमान चांगले होते
8365,711094,D1,Banking,12.0,सोन्याचो बाजार इतर बाजारांप्रमाण सट्टो आणि अस्थिरतेच्या अधीन असा,सोनेचे बाजार इतर बाजारांपेक्षा कमी आणि अस्थिरतेच्या अधीन आहे.
8366,717558,D2,Agriculture,11.5,कोणत्या प्रकारचे गव्हाचे वाण पाणी बचतीसाठी योग्य आहे ?,कोणत्या प्रकारचे गव्हाचे पाणी बचतीसाठी योग्य आहे?
8367,720667,D4,Agriculture,11.5,"बाजारामुळे , शेतकरी आपले धान्य सहज आणि चांगल्या किंमतीत विकू शकतो",बाजारामुळे शेतकरी आपले धान्य सहज आणि चांगल्या किंमतीत विकू शकतो
8368,707182,D1,Banking,12.0,"ए.टी.एम , ऑनलाइन आणि रिटेल आउटलेटवर वापरूक बँक डेबिट कार्डची दैनिक व्यवहार मर्यादा असा","ए.टी.एम, ऑनलाइन आणि रिटेल आउटलेटवर वापरून बँक डेबिट कार्डची दैनिक व्यवहार मर्यादा अशी आहे."
8369,713085,D2,Banking,11.5,कॉमर्सना विषय शिक्षक नी पोरेसले व्यवहार खातं कसं बनावो ते शिकाडं,कॉमर्सचा विषय शिक्षकने व्यवहार कसे करायचे ते शिकले.
8370,720857,D4,Agriculture,11.5,अनेक भागधारकांना एकाच व्यासपीठावर एकत्रित करणाऱ्या पीक विमा योजना,अनेक भागधारकांना एकाच व्यासपीठावर एकत्रित करणाऱ्या पीक विमा योजना
8371,710055,D1,Agriculture,12.0,राजू हिरव्या वेलचेसाठी पर्क्वॅट कीटकनाशकाची फवारणी देखील आवश्यक असता,राजू हिरव्या वेलसाठी पर्क्वॅट कीटकनाशकाची फवारणी देखील आवश्यक आहे
8372,715952,D2,Agriculture,11.5,"मशागत पट्टा एक संरक्षण प्रणाली आहे , तिचा वापर कमी मशागतीसाठी केला जातो","मशागत पट्टा एक संरक्षण प्रणाली आहे, तिचा वापर कमी मशागतीसाठी केला जातो."
8373,722770,D4,Agriculture,11.5,मी रोजच्या रोज हवामानाची माहितीही घेतो,मी रोजच्या रोज हवामानाची माहितीही घेतो
8374,709920,D1,Banking,11.923,तुम्ही कधी पण महिला बचत खात्याक नियमित बचत खात्यात अर्ज देऊन बदलू शकतास,तुम्ही कधी पण महिला बचत खात्यात नियमित बचत खात्यात अर्ज देऊन बदलू शकता.
8375,717189,D2,Agriculture,11.5,इको सिस्टीममधील अनेक विभाग आणि इतर एजंटद्वारे पीक सर्वेक्षण वापरले जाऊ शकते,इको सिस्टीममधील अनेक विभाग आणि इतर एजंटद्वारे पीक सर्वेक्षण वापरले जाऊ शकते
8376,719842,D4,Agriculture,11.5,मक्याचे दाणे खाल्ल्याने कोलेस्टेरॉल ची पातळी कमी राहते,मक्याचे दाणे खाल्ल्याने कोलेस्टेरॉलची पातळी कमी राहते
8377,709672,D1,Agriculture,11.923,व्यावसायिक रित्या सागरी फिन फिश आणि शेल फिश पकडण्याचा प्रमाण कमी होत असा,व्यावसायिक मार्गाने सागरी फिन फिश आणि शेल फिश पकडण्याचा प्रमाण कमी होत आहे.
8378,714852,D2,Banking,11.5,ई.एम.आय वर घेतलेल्या टी.व्ही चा हप्ता जोगिंदर प्रत्येक महिन्याला भरतो,ई.एम.आय वर घेतलेल्या टी.व्ही चा हप्ता जोगिंदर प्रत्येक महिन्याला भरतो
8379,720238,D4,Agriculture,11.5,दक्षिण अमेरिकेत ब्राझील हा जगातील सर्वात मोठा कॉफी उत्पादक देश आहे,दक्षिण अमेरिकेत ब्राझील हा जगातील सर्वात मोठा कॉफी उत्पादक देश आहे
8380,707374,D1,Banking,11.923,एक बचत पासबुक बनवलेला होता किं तात्पुरता चेक बुक जारी केला गेला होता,एक बचत पासबुक बनवले होते आणि तात्पुरता चेक बुक जारी केला गेला होता
8381,714967,D2,Banking,11.5,डिजिटल बचत खाते उघडल्यावर लगेच मला नेट बँकिंग सुविधा सुद्धा मिळाली,डिजिटल बचत खाते उघडल्यावर लगेच मला नेट बँकिंग सुविधा सुद्धा मिळाली
8382,721061,D4,Agriculture,11.5,कृषी विपणन हे शेतमालाच्या खरेदी विक्रीचे माध्यम आहे,कृषी विपणन हे शेतमालाच्या खरेदी विक्रीचे माध्यम आहे
8383,711101,D1,Banking,11.923,स्टॉक ब्रोकर एक नियमीत ब्रोकर असा जो आर्थिक आणि गुंतवणुकीचो सल्लो देव शकता,स्टॉक ब्रोकर एक नियमित ब्रोकर असतो जो आर्थिक आणि गुंतवणुकीचे सल्ला देऊ शकतो.
8384,715187,D2,Agriculture,11.5,व्यक्ती वजन आणि मापाच्या आधारे वस्तू खरेदी करतो,व्यक्ती वजन आणि मापाच्या आधारे वस्तू खरेदी करतो
8385,723021,D4,Agriculture,11.5,वांग्याच्या पिकावरचं शेंडे अळी मारनारं औषध कोनचं ?,वांग्याच्या पिकावरील शेंडे अळी मारण्यासाठी कोणते औषध आहे?
8386,708831,D1,Agriculture,11.923,वॉटर फ्रेम सूत कातूची एक मशीन हा जेचो वापर प्राचीन काळापासना चालता हा,वॉटर फ्रेम सूत कातूची एक मशीन प्राचीन काळापासून चालत आहे.
8387,713131,D2,Banking,11.5,एक महिना ना काय मा देवाण घेवाण करेल क्रेडिट कार्ड न स्टेटमेंट दिशी,एक महिना क्रेडिट कार्डच्या स्टेटमेंटबद्दल काय करावे लागेल?
8388,721051,D4,Agriculture,11.5,धान हे उन्हाळ्यात किंवा पावसाळ्यात पेरलेले पीक आहे,धान हे उन्हाळ्यात किंवा पावसाळ्यात पेरलेले पीक आहे
8389,710656,D1,Banking,11.917,खर्च ह्या पैशाचा मू्ल्य हा जा कायतरी तयार करुसाठी वापरला गेला हा,या पैशाचे मूल्य काहीतरी तयार करण्यासाठी वापरले गेले आहे.
8390,716978,D2,Agriculture,11.5,मान्सून वाऱ्यांमुळे आपल्या देशात पाऊस पडतो,मान्सून वाऱ्यांमुळे आपल्या देशात पाऊस पडतो
8391,722689,D4,Banking,11.5,आर्थिक बाजारपेठेतून पैशाच्या प्रवाहाला परवानगी आहे,आर्थिक बाजारपेठेतून पैशाच्या प्रवाहाला परवानगी आहे
8392,709743,D1,Banking,11.917,"आई.बी.पी.एस , आर.आर.बी प्रादेशिक ग्रामीण बँक परीक्षा ही येक सोपी परीक्षा आसा","आई.बी.पी.एस, आर.आर.बी प्रादेशिक ग्रामीण बँक परीक्षा ही एक सोपी परीक्षा आहे."
8393,717049,D2,Banking,11.5,भांडवल ही एक आर्थिक मालमत्ता आहे जी सहसा खर्चासह येते,भांडवल ही एक आर्थिक मालमत्ता आहे जी सहसा खर्चासह येते
8394,722611,D4,Banking,11.5,मॅक्रोइकॉनॉमिक्स ही अर्थ शास्त्राची एक शाखा आहे,मॅक्रोइकॉनॉमिक्स ही अर्थ शास्त्राची एक शाखा आहे
8395,711035,D1,Agriculture,11.917,शेंग ही फॅबेसी कुटुंबातला झाड असा ता झाडाचा फळ किंवा बी असा,"शेंग हे फॅबेसी कुटुंबातील झाड आहे, त्याचे फळ किंवा बी आहे."
8396,716669,D2,Agriculture,11.5,पाईप जोडण्याच्या नवनविन पध्दतीमुळे सिंचनाचे काम सोपे झाले आहे,पाईप जोडण्याच्या नवीन पद्धतीमुळे सिंचनाचे काम सोपे झाले आहे
8397,722576,D4,Agriculture,11.5,माझे काका रोज सकाळी रिकाम्या पोटी सुकी फळे खातात,माझे काका रोज सकाळी रिकाम्या पोटी सुकी फळे खातात
8398,708746,D1,Agriculture,11.917,तंबाखू एक हळूहळू बादणारो जहर असा आणि तो माणसाचो हळूहळू जीव घेता,तंबाखू हळूहळू विष बनवते आणि ते माणसाचे हळूहळू जीवन घेते
8399,716367,D2,Agriculture,11.5,काही कृषी उत्पादने आपल्या देशाकडून आयातही केली जातात,काही कृषी उत्पादने आपल्या देशाकडून आयातही केली जातात
8400,722719,D4,Banking,11.5,ब्रोकरने विकलेल्या विमा पॉलिसीद्वारे गॅप कव्हरेज मिळू शकते,ब्रोने विकलेल्या विमा पॉलिसीद्वारे गॅप कव्हरेज मिळू शकते
8401,706846,D1,Banking,11.917,"जोखीम मुक्तो परताव्याचो दर , सहसा जोखीम मुक्त दरापर्यंत लहान केला जाता",जोखीममुक्त परताव्याचा दर सहसा जोखीममुक्त दरापर्यंत लहान केला जातो
8402,714216,D2,Agriculture,11.5,मगरले गविअल नैते मासा खानारी मगर म्हणतंस,मगर म्हणत आहे की मला गायीचे दूध आणि मासा खाणे
8403,721868,D4,Banking,11.5,भारतात गहाणखत कायदा प्रदीर्घ काळापासून अस्तित्वात आहे,भारतात गहाणखत कायदा प्रदीर्घ काळापासून अस्तित्वात आहे
8404,708942,D1,Banking,11.917,कर्जाची परतफेड कधी कधी पैशे वस्तू किंवा सामग्रीच्या रुपात पण होऊ शकता,कर्जाची परतफेड कधी कधी पैशाच्या वस्तू किंवा सामग्रीच्या रूपात पण होऊ शकते
8405,716984,D2,Agriculture,11.5,एरोपोनिक्स पद्धतीच्या वापरामुळे श्रम आणि खर्च दोन्ही कमी होतात,एरोपोनिक्स पद्धतीच्या वापरामुळे श्रम आणि खर्च दोन्ही कमी होतात
8406,720595,D4,Agriculture,11.5,आधीच विहित नमुन्यांमध्ये पाणी कमी दाबाने वितरित केले जाते,आधीच विहित नमुन्यांमध्ये पाणी कमी दाबाने वितरित केले जाते
8407,709068,D1,Agriculture,11.917,"फळा विटामीन सी , विटामीन एची कमी भरून काढूक महत्त्वाची भुमिका बजावता","फळांचे जीवनसत्त्व सी, जीवनसत्त्व एची कमतरता भरून काढणे महत्त्वाची भूमिका बजावते."
8408,715607,D2,Agriculture,11.5,जोगिंदर रोपवाटिकेमध्ये झाडांना पाणी देण्याचे काम करतो,जोगिंदर रोपवाटिकेमध्ये झाडांना पाणी देण्याचे काम करतो
8409,719965,D4,Banking,11.5,त्याच्या सदस्य देशांना आर्थिक आणि तांत्रिक सहाय्य प्रदान करते,त्याचे सदस्य देशांना आर्थिक आणि तांत्रिक सहाय्य प्रदान करतात.
8410,706534,D1,Banking,11.909,संपूर्ण ग्रामीण रोजगार योजना ही भारत सरकारान सुरू केलेली योजना असा,संपूर्ण ग्रामीण रोजगार योजना ही भारत सरकारची सुरू केलेली योजना आहे.
8411,716843,D2,Agriculture,11.5,माझी आई एक प्रकारची बडीशेप बारीक करून लोणच्यात घालते,माझी आई एक प्रकारची बडीशेप बारीक करून लोणच्यात घालते
8412,722214,D4,Agriculture,11.5,आजही अनेकांना हे माहीत नाही की मुळा ही देठ नसून मूळ आहे,आजही अनेकांना हे माहीत नाही की मुळा ही देठ नसून मूळ आहे
8413,706440,D1,Banking,11.909,जामीन म्हणजे जामीन किंवा हमीदारान एका पक्षाक ठराविक रक्कम देण्याचा वचन,जामीन म्हणजे जामीन किंवा हमीदारान एका पक्षाला ठराविक रक्कम देण्याचे वचन
8414,715389,D2,Banking,11.5,ऑर्डरला इलेक्ट्रॉनिक लिमीट ऑर्डर बुक द्वारे संचालित केलं जातं,ऑर्डरला इलेक्ट्रॉनिक लिमिट ऑर्डर बुक द्वारे संचालित केले जाते
8415,720753,D4,Banking,11.5,बँकेने चिन्हांकित केलेले बँकिंग एजंटचे दुकान देखील आहे,बँकेने चिन्हांकित केलेले बँकिंग एजंटचे दुकान देखील आहे
8416,708888,D1,Banking,11.909,अटल पेंशन योजना वृद्ध नागरिकांका पेंशन देऊक म्हणान सुरू केली हुती,अटल पेन्शन योजना वृद्ध नागरिकांना पेन्शन देण्याचा कार्यक्रम सुरू केली होती.
8417,714123,D2,Banking,11.5,बी.ए.सी डायरेक्ट क्रेडिट दररोज लाखो लोकेसना जीवनमा रहास,बी.ए.सी डायरेक्ट क्रेडिट दररोज लाखो लोकांना जीवनात राहते
8418,719390,D4,Banking,11.5,वर्तमान मूल्य वापरून तुम्ही भविष्यातील आर्थिक फायदा कसा मिळवू शकता ?,वर्तमान मूल्य वापरून तुम्ही भविष्यातील आर्थिक फायदा कसा मिळवू शकता?
8419,707004,D1,Banking,11.909,भारतीय रिझर्व्ह बँक ह्या भारताचो मध्यवर्ती बँक आणि नियामक संस्था असा,भारतीय रिझर्व्ह बँक ही भारताची मध्यवर्ती बँक आणि नियामक संस्था आहे
8420,713297,D2,Banking,11.5,क्रेडिट कौन्सलिंगना विषयी सकाय सकायले पेपर वाटाना टाइमले वाचं,क्रेडिट कौन्सिलिंगबद्दल सकाळच्या वेळी पेपर वाचले आणि वेळ सांगितली.
8421,722824,D4,Agriculture,11.5,लग्नसमारंभात रिफाइंड पीठ जास्त वापरले जाते,लग्नसमारंभात रिफाइंड पीठ जास्त वापरले जाते
8422,709462,D1,Banking,11.909,"डिजिटल वित्तीय सेवेत बँकिंग , विमा , पेमेंट सारख्या सुविधा येतत","डिजिटल वित्तीय सेवेत बँकिंग, विमा, पेमेंट सारख्या सुविधा उपलब्ध आहेत."
8423,718012,D2,Banking,11.5,माझ्या अकाउंटचे डिटेल्स मी ऑनलाईन पाहू शकतो का ?,माझ्या खात्याचे तपशील मी ऑनलाईन पाहू शकतो का?
8424,721806,D4,Agriculture,11.5,स्वस्त विदेशी चहाने इंडियन टी असोसिएशनला विचार करायला भाग पाडले आहे,स्वस्त विदेशी चहाने इंडियन टी असोसिएशनला विचार करायला भाग पाडले आहे
8425,709349,D1,Banking,11.909,ई कॉमर्सवर कोणतीही वस्तू खरेदी करताना यू.पी.आई वापरून खरेदी करू शकतत,ई कॉमर्सवर कोणतीही वस्तू खरेदी करताना यू.पी.आई वापरून खरेदी करू शकतो?
8426,718039,D2,Banking,11.5,क्रेडिट कार्डद्वारे महिन्यातून मी किती वेळा रक्कम काढू शकतो ?,क्रेडिट कार्डद्वारे महिन्यातून मी किती वेळा रक्कम काढू शकतो?
8427,722099,D4,Agriculture,11.5,राजू आसाममधील महिला चहाची पाने हाताने तोडतात,राजू आसाममधील महिला चहाची पाने हाताने तोडतात
8428,707813,D1,Agriculture,11.909,"बाह्य परजीवीमुळे माशांची चामडी , गरला , पंख ह्येका रोग होतत","बाह्य परजीवीमुळे माशांची चामडी, गरला आणि पंख रोग होतात."
8429,718085,D2,Banking,11.5,बँक स्टेटमेन्ट डाउनलोड करण्यासाठी मला काय करावे लागेल ?,बँक स्टेटमेंट डाउनलोड करण्यासाठी मला काय करावे लागेल?
8430,719539,D4,Agriculture,11.5,केंद्रबिंदू सिंचनामुळे आपली शेती आधुनिक आणि परिपूर्ण बनते,केंद्रबिंदू सिंचनामुळे आपली शेती आधुनिक आणि परिपूर्ण बनते
8431,707069,D1,Banking,11.9,संयुक्त खाता म्हणजे दोन किंवा अधिक व्यक्तींनी उघडलेला बँक खाता,संयुक्त खाते म्हणजे दोन किंवा अधिक व्यक्तींनी उघडलेला बँक खाते
8432,718512,D2,Banking,11.5,ठेवीची मुदत संपल्यावर व्याज जमा होऊन पुन्हा पुढे ठेव कायम राहते का ?,ठेवीची मुदत संपल्यावर व्याज जमा होऊन ती पुढे ठेव कायम राहते का?
8433,719177,D4,Agriculture,11.5,सर्वात वाईट संरक्षणवाद सामायिक कृषी धोरण सी.ए.पी द्वारे आला,सर्वात वाईट संरक्षणवाद सामायिक कृषी धोरण सी.ए.पी द्वारे आला
8434,707712,D1,Agriculture,11.9,पंतप्रधान किसान मानधन योजना ऐच्छिक आणि अंशदायी पेन्शन योजना आसा,पंतप्रधान किसान मानधन योजना ऐच्छिक आणि अंशदायी पेन्शन योजना आहे
8435,718633,D2,Agriculture,11.5,लहान शेतकऱ्यांना शेतजमीन घेण्यासाठी कर्ज मिळतो का ?,लहान शेतकऱ्यांना शेतजमीन घेण्यासाठी कर्ज मिळते का?
8436,720210,D4,Agriculture,11.5,पाण्याच्या स्थितीनुसार चार प्रकारचे जलचर वनस्पती आहेत,पाण्याच्या स्थितीनुसार चार प्रकारचे जलचर वनस्पती आहेत
8437,710524,D1,Banking,11.9,आजकाल मोठमोठी लोका रियल इस्टेटीट पैशे गुंतवान पैशे चारपट करतत,आजकाल मोठे लोक रियल इस्टेटीटचे पैसे गुंतवत चारपट करत आहेत
8438,718069,D2,Banking,11.5,मोबाईलद्वारे पैसे पाठवण्यासाठी यू.पी.आय आवश्यक आहे का ?,मोबाईलद्वारे पैसे पाठवण्यासाठी यू.पी.आय आवश्यक आहे का?
8439,719069,D4,Agriculture,11.5,एकोणिसाव्या शतकात कॉफीच्या व्यापारात इंग्लंडची भरभराट झाली,एकोणिसाव्या शतकात कॉफीच्या व्यापारात इंग्लंडची भरभराट झाली
8440,706740,D1,Banking,11.9,स्टॉक खाजगीरित्या किंवा स्टॉक एक्सचेंजवर खरेदी आणि विकला जाऊ शकता,स्टॉक खाजगीरित्या किंवा स्टॉक एक्सचेंजवर खरेदी आणि विकला जाऊ शकते
8441,718258,D2,Banking,11.5,माझा शिलाई मशिनचा व्यवसाय आहे मला किती कर्ज मिळेल ?,माझा शिलाई मशिनचा व्यवसाय आहे मला किती कर्ज मिळेल?
8442,719326,D4,Banking,11.5,"भविष्यातील योजनेत , कर्मचारी किंवा कंपनी दरमहा समान रक्कम योगदान देते",भविष्यातील योजनेत कर्मचारी किंवा कंपनी दरमहा समान रक्कम योगदान देते
8443,709378,D1,Banking,11.889,कधी कधी मायक्रोक्रेडीट घेताना लिखित करार पण करना नाय,कधी कधी मायक्रोक्रेडीट घेताना लिखित करार पण करत नाही
8444,718115,D2,Banking,11.5,मला बँकेच्या कर्ज योजनांची माहिती द्या,मला बँकेच्या कर्ज योजनांची माहिती द्या
8445,721552,D4,Agriculture,11.5,मध कापणी करताना मधमाश्या काढण्यासाठी मधमाशी ब्रश वापरा,मध कापणी करताना मधमाश्या काढण्यासाठी मधमाशी ब्रश वापरा
8446,706746,D1,Banking,11.889,स्टॉक एक्सचेंज ह्यो स्टॉक मार्केटचो सर्वात महत्वाचो घटक असा,स्टॉक एक्सचेंज हे स्टॉक मार्केटचा सर्वात महत्त्वाचा घटक आहे.
8447,715014,D2,Agriculture,11.5,पशुधन विमा योजना शेतकरी आणि पशुपालकांच्या उपजीविकेचे संरक्षण करते,पशुधन विमा योजना शेतकरी आणि पशुपालकांच्या उपजीविकेचे संरक्षण करते
8448,722236,D4,Agriculture,11.5,तिने घातलेला काळा ड्रेस रेशमापेक्षा मऊ मटेरियलचा बनलेला होता,तिने घातलेला काळा ड्रेस रेशमापेक्षा मऊ मटेरियलचा बनलेला होता
8449,709523,D1,Agriculture,11.889,फळ उत्पादना फुलांचा उत्पादन भाजीपालो उत्पादन आदी बागायतीखाली येतत,"फळ उत्पादन, फुलांचे उत्पादन, भाजीपाल्याचे उत्पादन आदी बागायतीखाली येते."
8450,714187,D2,Agriculture,11.5,मना बगिचामा माईबुवानी जासवनना फुले लायेल शेतस,मला बगिचामा माईबुवानी जासवनना फुले शेतात हवी आहेत
8451,718833,D4,Agriculture,11.5,मायक्रो फर्टिलायझर हा एक प्रकारचा खाद्य खत आहे हे साधे खते आहेत,"मायक्रो फर्टिलायझर हा एक प्रकारचा खाद्य खत आहे, हे साधे खते आहेत."
8452,707157,D1,Banking,11.889,तुम्ही घेतलेल्यो वैयक्तिक कर्जा योजनेचो तपशील तुम्ही पाहू शकता,तुम्ही घेतलेल्या वैयक्तिक कर्जा योजनेचे तपशील तुम्ही पाहू शकता
8453,716345,D2,Banking,11.5,युनियन बँकेची स्थापना अकरा नोव्हेंबर एकोणीसशे एकोनिसला झाली,युनियन बँकेची स्थापना अकरा नोव्हेंबर १९०१ रोजी झाली
8454,722683,D4,Banking,11.5,पेपॅल द्वारे मेक कंट्रीमधून दुसऱ्या देशात पैसे पाठवले जाऊ शकतात,पेपॅल द्वारे मेक कंट्रीमधून दुसऱ्या देशात पैसे पाठवले जाऊ शकतात
8455,706855,D1,Banking,11.889,टर्म वार्षिक टक्केवारी दर संपूर्ण वर्षासाठी व्याज दर असता,टर्म वार्षिक टक्केवारी दर संपूर्ण वर्षासाठी व्याज दर असतो.
8456,713421,D2,Agriculture,11.5,ग्रीन हाऊस नी नवीन पद्धत भारत देश मधला शेतकरीस्ले बरीच फायदानी शे,ग्रीन हाऊसने नवीन पद्धत भारत देशातील शेतकऱ्यांसाठी बरीच फायदा दिला.
8457,721932,D4,Agriculture,11.5,अंजीर वनस्पती एक लहान झाड आहे आणि उबदार हवामानात वाढते,अंजीर वनस्पती एक लहान झाड आहे आणि उबदार हवामानात वाढते
8458,706857,D1,Banking,11.875,व्याज कव्हरेज रेशोक टाईम्स व्याज मिळविलेला सुद्धा म्हणतत,व्याज कव्हरेज रेशो आणि मिळालेले व्याज देखील सांगितले आहे.
8459,716095,D2,Agriculture,11.5,लाकडाचा उपयोग कागद आणि अनेक वस्तू बनवण्यासाठी केला जातो,लाकडाचा उपयोग कागद आणि अनेक वस्तू बनवण्यासाठी केला जातो
8460,721827,D4,Agriculture,11.5,रबरच्या वाढत्या मागणीमुळे सरकार रबर तंत्रज्ञानावर जोर देत आहे,रबरच्या वाढत्या मागणीमुळे सरकार रबर तंत्रज्ञानावर जोर देत आहे
8461,708512,D1,Agriculture,11.857,वेगवेगळ्या ठिकाणी खतांचे वापर वेगवेगळ्या प्रकारचे आसतत,वेगवेगळ्या ठिकाणी खतांचा वापर वेगवेगळ्या प्रकारचे असते.
8462,716077,D2,Banking,11.5,राहुल च मासिक उत्पन्न वीस हजार रुपये आहे,राहुलचे मासिक उत्पन्न वीस हजार रुपये आहे.
8463,721220,D4,Banking,11.5,आंतरराष्ट्रीय व्यापाराच्या मदतीने भारताने प्रगती केली आहे,आंतरराष्ट्रीय व्यापाराच्या मदतीने भारताने प्रगती केली आहे
8464,710088,D1,Banking,11.833,"शेअर्स यांचे वर्ग सामान्य , प्राधान्य , वाढ आणि स्थगित शेअर्स हत","शेअर्सचे वर्ग सामान्य, प्राधान्य, वाढ आणि स्थगित शेअर्स"
8465,716846,D2,Agriculture,11.5,मशरूमच्या विविध प्रजाती खाण्यायोग्य बुरशी म्हणून ओळखल्या जातात,मशरूमच्या विविध प्रजाती खाण्यायोग्य बुरशी म्हणून ओळखल्या जातात
8466,719693,D4,Banking,11.5,म्युच्युअल फंडात दीर्घ कालावधीसाठी थोडेसे पैसे गुंतवा,म्युच्युअल फंडात दीर्घ कालावधीसाठी थोडे पैसे गुंतवा
8467,710006,D1,Banking,11.833,भारतात दोन प्रकारचे कर्ज प्रकार होत पह्यला सुरक्षित कर्ज दुसरा असुरक्षित कर्ज,भारतात दोन प्रकारचे कर्ज प्रकार आहेत पहिले सुरक्षित कर्ज दुसरे असुरक्षित कर्ज
8468,713705,D2,Banking,11.5,ट्रेड क्रेडिट ले शॉर्ट टर्म फाइनेंस ना सेल्फजेनरेशन सोर्स पण म्हणावस,ट्रेड क्रेडिट आणि शॉर्ट टर्म फायनान्सचा सेल्फजेनरेशन सोर्स पण सांगा
8469,719692,D4,Banking,11.5,म्युच्युअल फंडात गुंतवलेल्या पैशाचा मला खूप फायदा झाला आहे,म्युच्युअल फंडात गुंतवलेल्या पैशाचा मला खूप फायदा झाला आहे
8470,710061,D1,Agriculture,11.824,"रेशीम उत्पादनात गुंतलेले प्रमुख देश चीन , भारत , जपान , थायलंड , व्हिएतनाम आणि इराण हत","रेशीम उत्पादनात गुंतलेले प्रमुख देश चीन, भारत, जपान, थायलंड, व्हिएतनाम आणि इराण आहेत."
8471,716801,D2,Banking,11.5,वेळेच्या अगोदर एफ.डी पैसे काढणे तुम्हाला महागात पडू शकते,वेळेच्या अगोदर एफ.डी पैसे काढणे तुम्हाला महागात पडू शकते
8472,719651,D4,Agriculture,11.5,माझे आजोबा कुसुम तेल काढून गायींना चारा देत होते,माझे आजोबा कुसुम तेल काढून गायींना चारा देत होते
8473,707461,D1,Agriculture,11.818,"कोकोचे प्रामुख्यान तीन प्रकार आसत , फॉरस्टर , ट्रिनिटारियो , क्रिओलो","कोकणचे प्रामुख्याने तीन प्रकार आहेत, फॉरस्टर, ट्रिनिटारियो, क्रिओलो."
8474,714527,D2,Banking,11.5,सोताना व्यवसाय करनारले नफानीबरोबर तोटाबी व्हयी आशी मननी तयारी ठेवनीच पडस,"सोताना व्यवसाय केल्यावर नफानीबरोबर तोटाबी झाले, म्हणून ही तयारी मनात ठेवली पाहिजे."
8475,719841,D4,Agriculture,11.5,कढीपत्त्यात फायबर असते हे तुम्हाला माहीत आहे का ?,कढीपत्त्यात फायबर असते हे तुम्हाला माहीत आहे का?
8476,710106,D1,Banking,11.818,सहकारी बँका एक व्यक्ती एक वोट या सहकारी सिद्धांताचा पालन करतत,सहकारी बँका एक व्यक्ती एक मत या सहकारी सिद्धांताचे पालन करतात
8477,715294,D2,Banking,11.5,आपलं मासिक बजेट बनवून आपण अकाउंट मॅनेज करू शकतो,आपण मासिक बजेट बनवून खाते व्यवस्थापित करू शकतो
8478,719435,D4,Banking,11.5,अमेरिका मध्ये स्टॉक ट्रेडर म्हणून तुम्ही किती डॉलर्स कमावत होते,अमेरिका मध्ये स्टॉक ट्रेडर म्हणून तुम्ही किती डॉलर्स कमावत होतात
8479,707036,D1,Banking,11.769,वॉरंट वाटाघाटीयोग्य असू शकता किंवा नसू शकता आणि त्यो वाहक साधन असू शकता,वॉरंट वाटाघाटीयोग्य असू शकते किंवा नसू शकते आणि ते वाहक साधन असू शकते
8480,713829,D2,Agriculture,11.5,गनज क्षेत्रमझारलं उत्पन्न शेतीना संदर्भामा येस,अनेक क्षेत्रांचे उत्पन्न शेती संदर्भात असते
8481,721499,D4,Banking,11.5,ऑफशोअर बँका वित्तीय प्रणालीचा मुख्य भाग आहेत याची मला कल्पना नव्हती,ऑफशोअर बँका वित्तीय प्रणालीचा मुख्य भाग आहेत याची मला कल्पना नव्हती
8482,711079,D1,Banking,11.75,सामाजिक सुरक्षा योजना एक सामाजिक बीमा योजना असा,सामाजिक सुरक्षा योजना एक सामाजिक विमा योजना आहे
8483,717100,D2,Banking,11.5,तुम्ही घोड्यांसाठी पाळीव प्राणी विमा देखील मिळवू शकता,तुम्ही घोड्यांसाठी पाळीव प्राणी विमा देखील मिळवू शकता
8484,721523,D4,Banking,11.5,जपानच्या सरकारी पेन्शन गुंतवणूक निधीसाठी इतर कोणते देश भागीदार आहेत ?,जपानच्या सरकारी पेन्शन गुंतवणूक निधीसाठी इतर कोणते देश भागीदार आहेत?
8485,709552,D1,Banking,11.75,भारत सरकारची प्रधानमंत्री जीवन ज्योती विमा योजना एक जीवन विमा योजना असा,भारत सरकारची प्रधानमंत्री जीवन ज्योती विमा योजना एक जीवन विमा योजना आहे
8486,718454,D2,Banking,11.5,नुकसान भरपाई विमा योजनेची माहिती मिळू शकते का ?,नुकसान भरपाई विमा योजनेची माहिती मिळू शकते का?
8487,719471,D4,Agriculture,11.5,"वनस्पती रोगांमध्ये विविध लक्षणे असतात , ज्यात बुरशीचे आवरण इ",वनस्पती रोगांमध्ये विविध लक्षणे असतात ज्यात बुरशीचे आवरण इ
8488,709884,D1,Agriculture,11.667,"चायत ग्रीन टी , ब्लॅक टी , हर्बल टी , व्हाईट टी अश्ये प्रकार आसत","ग्रीन टी, ब्लॅक टी, हर्बल टी, व्हाईट टी या प्रकारचे आहेत"
8489,717348,D2,Agriculture,11.5,खरीप हंगामात द्राक्षे लावणे योग्य राहिल का ?,खरीप हंगामात द्राक्षे लावणे योग्य राहील का?
8490,721939,D4,Agriculture,11.5,तारा अंनिस हे त्याच्या झाडापासून मिळणारे फळ आहे,तारा अंनिस हे त्याच्या झाडापासून मिळणारे फळ आहे
8491,710690,D1,Agriculture,11.5,जगात वाढणाऱ्या इंधनच्या मागणीसाठी जंगलतोड वाढली हा,जगात वाढत्या इंधनाच्या मागणीसाठी जंगलतोड वाढली आहे.
8492,717441,D2,Agriculture,11.5,शेळी आणि मेंढीच्या दूधाला मागणी आहे का ?,शेळी आणि मेंढीच्या दुधाला मागणी आहे का?
8493,722711,D4,Banking,11.5,सवलत भविष्यातील तारखेपर्यंत पेमेंट विलंब करण्याचा अधिकार विकत घेते,सवलत भविष्यातील तारखेपर्यंत पेमेंट विलंब करण्याचा अधिकार विकत घेते
8494,709656,D1,Banking,11.5,वित्तपोषण संघटन किंवा कंपनीच्या प्रयत्नांनी वेळेवर तयार होऊ शकता,वित्तपोषण संघटन किंवा कंपनीच्या प्रयत्नांनी वेळेवर तयार होऊ शकता
8495,718248,D2,Banking,11.5,माझे खाते दुसऱ्या बँकेत ट्रान्सफर करता येईल का ?,माझे खाते दुसऱ्या बँकेत ट्रान्सफर करता येईल का ?
8496,719106,D4,Agriculture,11.5,धान्यामध्ये ओलावा पंधरा ते वीस टक्के असेल अशा वेळी काढणी करावी,धान्यामध्ये ओलावा पंधरा ते वीस टक्के असेल अशा वेळी काढणी करावी
8497,709764,D1,Agriculture,11.5,मेंढ्या स्वच्छ करूसाठी मेंढी क्रचिंगचो वापर केलो जाता,मेंढ्या स्वच्छ करण्यासाठी मेंढी क्रचिंगचा वापर केला जातो.
8498,717878,D2,Agriculture,11.5,जमिनीवर रासायनिक खते आणि जैविक खतांचा परिणाम होतो का ?,जमिनीवर रासायनिक खते आणि जैविक खतांचा परिणाम होतो का?
8499,722520,D4,Banking,11.5,शेअर मार्केट मध्ये पैसे गुंतवून तुम्ही भरपूर नफा कमवू शकता,शेअर बाजारात पैसे गुंतवून तुम्ही भरपूर नफा कमवू शकता
8500,708771,D1,Agriculture,11.5,प्राचीन काळापासना हळदीक आयुर्वेदात चमत्कारीक रुपात बघतत,प्राचीन काळापासनात हळदीचे आयुर्वेदात चमत्कारीक रूप पाहता येते.
8501,717278,D2,Agriculture,11.5,काळी व लाल माती एकत्र केल्यावर त्यात पीक घेऊ शकतो का ?,काळी व लाल माती एकत्र केल्यावर त्यात पीक घेऊ शकतो का?
8502,722855,D4,Agriculture,11.5,रेल्वे रुळ टाकण्यासाठी लाकडाचा वापर केला जातो,रेल्वे रुळ टाकण्यासाठी लाकडाचा वापर केला जातो
8503,710402,D1,Agriculture,11.5,मोहरीच्या बिया लोकांच्या चयापचय आणि पचन चांगलो करूक मदत करतत,मोहरीच्या बियांच्या चयापचय आणि पचन चांगल्या प्रकारे मदत करतात
8504,717929,D2,Banking,11.5,माझ्या खात्यातील शिल्लक रक्कम सांगू शकता का ?,माझ्या खात्यातील शिल्लक रक्कम सांगू शकता का?
8505,719012,D4,Agriculture,11.5,सोयाबीन उत्पादनात ब्राझीलने सगळ्यांना मागे टाकले,ब्राझीलने सोयाबीन उत्पादनात सगळ्यांना मागे टाकले
8506,709571,D1,Banking,11.5,भारतीय रिजर्व बॅन्क बिलाक विना शर्त लिखित आदेशाच्या रुपात वर्णन करता,भारतीय रिझर्व्ह बँकेच्या बिनाशर्त लेखी आदेशाच्या स्वरूपात वर्णन केले आहे
8507,713073,D2,Agriculture,11.5,"इंदोर हाउसिंग सिस्टम मुये यापक गती , सूर्य परकाश नी संधीले दवडतस","इंदोर हाउसिंग सिस्टममुळे गती मिळते, सूर्यप्रकाशाने पसरत आहे."
8508,721240,D4,Banking,11.5,वित्तीय धोरणाच्या प्रसारणात बँकाही मध्यवर्ती भूमिका बजावतात,वित्तीय धोरणाच्या प्रसारणात बँकाही मध्यवर्ती भूमिका बजावतात
8509,710979,D1,Agriculture,11.5,राष्ट्रीय कृषी बाजारात पैशांच्या रुपात व्यापार होता,राष्ट्रीय कृषी बाजारात पैशांच्या स्वरूपात व्यापार होता
8510,714531,D2,Agriculture,11.5,हरितगृहाना तत्वानुसार हरितगृहनी छत पारदर्शक रहास,हरितगृहाच्या तत्त्वानुसार हरितगृहाची छत पारदर्शक राहायला हवे.
8511,720027,D4,Agriculture,11.5,मध काढण्यासाठी जाळीदार हेल्मेटचा वापर केला जातो,मध काढण्यासाठी जाळीदार हेल्मेटचा वापर केला जातो
8512,706457,D1,Banking,11.5,नवजात उद्योजक म्हणजे व्यवसाय उभारण्याच्या प्रक्रियेत असणारो व्यक्ती,नवजात उद्योजक म्हणजे व्यवसाय उभारण्याच्या प्रक्रियेतील व्यक्ती
8513,717582,D2,Agriculture,11.5,लहरी हवामानात पिकाचा दर्जा कसा टिकवून ठेवता येईल ?,हवामान असताना पिकाचा दर्जा कसा टिकवून ठेवता येईल?
8514,724328,D4,Banking,11.5,मले कर्ज घ्यासाठी पुरावा म्हनून कुंते कागद लागते ?,मला कर्ज घेण्यासाठी पुराव्यामुळे किती कागदपत्रे लागतात?
8515,709508,D1,Banking,11.5,पेंशनचे पैशे माका प्रत्येक महिन्याच्या एक तारखेक येतत,पेंशनचे पैसे मला प्रत्येक महिन्याच्या एका तारखेला येतात.
8516,716832,D2,Agriculture,11.5,कृत्रिम निवडीमध्ये शेतकरी त्याच्या आवडत्या रोपांची निवड करतो,कृत्रिम निवडीमध्ये शेतकरी त्याच्या आवडत्या रोपांची निवड करतो
8517,722669,D4,Banking,11.5,अनेक व्यापारी पेमेंट म्हणून ट्रॅव्हलर्स चेकचा वापर स्वीकारतात,अनेक व्यापारी पेमेंट म्हणून ट्रॅव्हलर्स चेकचा वापर स्वीकारतात
8518,708887,D1,Banking,11.5,देवाण घेवाणीचा खाता खातेदाराच्या मागणीवर उपलब्ध असा,देवाण घेवाणीचा खाता खातेदाराच्या मागणीवर उपलब्ध आहे.
8519,713327,D2,Banking,11.5,कंपनीना आर्थिक भांडवलमुये लागतीन तेवढा आवषदे ईकत लेवाले कंपनी तयार शे,"कंपनीला तेवढे आर्थिक भांडवल लागते, तसे कंपनी तयार होते."
8520,718723,D4,Banking,11.5,ऑनलाइन कर्ज अर्जासाठी अधिकृत एपवर जाऊन अर्ज करावा लागतो,ऑनलाइन कर्जासाठी अधिकृत ॲपवर जाऊन अर्ज करावा लागतो
8521,708212,D1,Banking,11.5,एस.जी.आर.वाय योजना दारिद्र्य रेषेखालच्या लोकांका फायदेशीर आसा,एस.जी.आर.वाय योजना दारिद्र्य रेषेखालील लोकांसाठी फायदेशीर आहे
8522,716948,D2,Banking,11.5,कोणत्याही देशात महागाई झाली की एखाद्या वस्तूची किंमत वाढते,कोणत्याही देशात महागाई झाली की एखाद्या वस्तूची किंमत वाढते
8523,721502,D4,Banking,11.5,तुम्हाला कर्ज देण्यापूर्वी बँक तुमच्याशी करार करेल,तुम्हाला कर्ज देण्यापूर्वी बँक तुमच्याशी करार करेल
8524,710251,D1,Agriculture,11.5,झाडा आणि ढोरांकडना मिळणारे सगळे भौतिक पदार्थ हे नैसर्गिक संसाधन हत,झाडा आणि वनांमधून मिळणारे सर्व भौतिक पदार्थ हे नैसर्गिक संसाधन आहेत.
8525,716101,D2,Agriculture,11.5,लामा दक्षिण अमेरिकी कॅमेलीड सस्तन प्राण्यांची एक प्रजाती आहे,लामा दक्षिण अमेरिकेतील कॅमेलीड सस्तन प्राण्यांची एक प्रजाती आहे
8526,720186,D4,Agriculture,11.5,खते मिळविण्यासाठी सीव्हीड्सची लागवड केली जाते,खते मिळविण्यासाठी सीव्हीड्सची लागवड केली जाते
8527,709370,D1,Banking,11.5,एम.एम.आय.डी नंबर टाकल्यार तुमच्या पेमेंटची माहिती एस.एम.एस.ने होतली,एम.एम.आय.डी नंबर टाकल्यानंतर तुमच्या पेमेंटची माहिती एस.एम.एस.ने मिळाली.
8528,712867,D2,Banking,11.5,निव्वय वर्तमान मूल्य शोधानाकरता निश्चित मूल्यनी गरज रहास,निव्वळ वर्तमान मूल्य शोधण्यासाठी निश्चित मूल्याची गरज आहे.
8529,719070,D4,Agriculture,11.5,ए.पी.एम.सी चे काम शेतकऱ्यांचे शोषणापासून संरक्षण करणे आहे,ए.पी.एम.सी चे काम शेतकऱ्यांचे शोषणापासून संरक्षण करणे आहे
8530,709980,D1,Banking,11.5,फायनान्शियल स्टेटस ची माहिती ठराविक पद्धतीन दाखवली जाता,आर्थिक स्थितीची माहिती ठराविक पद्धतीने दाखवली जाते
8531,716831,D2,Agriculture,11.5,एरोपोनिक्स प्रक्रियेद्वारे उगवलेली झाडे फक्त स्वच्छ हवेत वाढतात,एरोपोनिक्स प्रक्रियेद्वारे उगवलेली झाडे फक्त स्वच्छ हवेत वाढतात
8532,721718,D4,Banking,11.5,ग्राहकाकडे एकापेक्षा जास्त खाती असू शकतात,ग्राहकांकडे एकापेक्षा जास्त खाती असू शकतात
8533,708747,D1,Agriculture,11.5,ग्रीनहाऊस सिद्धांताचा संचालन आपल्या शेतीसाठी खूप गरजेचा असा,ग्रीनहाऊस सिद्धांताचे संचालन आपल्या शेतीसाठी खूप गरजेचे आहे
8534,718665,D2,Banking,11.5,कर्ज घेण्यासाठी मी पात्र आहे की नाही हे मला कसे समजेल ?,कर्ज घेण्यासाठी मी पात्र आहे की नाही हे मला कसे समजेल?
8535,719491,D4,Banking,11.5,दहा चेक असलेल्या चेकबुकसाठी चाळीस रुपये अधिक जी.एस.टी आकारण्यात येणार,दहा चेक असलेल्या चेकबुकसाठी चाळीस रुपये अधिक जी.एस.टी आकारला जाईल
8536,709671,D1,Banking,11.5,व्यापारात सामानाच्या आयात निर्यातीवर मोप खर्च येता,व्यापारात सामानाच्या आयात निर्यातीवर मोप खर्च येतो
8537,718272,D2,Banking,11.5,माझ्या डेबिट कार्डचे डिटेल्स मिळू शकतील का ?,माझ्या डेबिट कार्डचे डिटेल्स मिळू शकतील का?
8538,719333,D4,Banking,11.5,आता प्रश्न असा आहे की यामुळे जागतिक आर्थिक व्यवस्था भ्रष्ट होते का ?,आता प्रश्न असा आहे की यामुळे जागतिक आर्थिक व्यवस्था भ्रष्ट होते का?
8539,710639,D1,Banking,11.5,कॉर्पोरेशनच्या राखुन ठेवलेल्या कमाईक ब्लोबॅक म्हणून ओळखला जाता,कॉर्पोरेशनने ठेवलेल्या कमाईचा ब्लोबॅक म्हणून ओळखला जातो.
8540,717682,D2,Agriculture,11.5,मशागत करण्यासाठी छोट्या ट्रॅक्टरची किंमत किती आहे ?,मशागत करण्यासाठी छोट्या ट्रॅक्टरची किंमत किती आहे?
8541,718748,D4,Banking,11.5,आंतरराष्ट्रीय पेमेंटसाठी आम्हाला आय.बी.एन ची आवश्यकता आहे,आंतरराष्ट्रीय पेमेंटसाठी आम्हाला आय.बी.एन ची आवश्यकता आहे
8542,708219,D1,Agriculture,11.5,कंदवर्गीय पिका आपल्या मुळात भरपूर पिष्टमय पदार्थ साठवून ठेवतत,कंदवर्गीय पिके आपल्या मुळांमध्ये भरपूर गोड पदार्थ साठवून ठेवतात
8543,718371,D2,Banking,11.5,यू.पी.आय वर मिळालेले पेमेंट मी कसे तपासू ?,यू.पी.आय वर मिळालेले पेमेंट मी कसे तपासेन?
8544,720685,D4,Banking,11.5,खात्याची तपासणी केल्यानंतर ज्योतीने मोबाइल रीचार्ज केले,खात्याची तपासणी केल्यानंतर ज्योतीने मोबाईल रिचार्ज केले
8545,709482,D1,Banking,11.5,दिवळखोरीची सगळी प्रकरणा भारताच्या संघीय कोर्टात सेटल करतत,दिवळखोरीची सर्व प्रकरणे भारताच्या संघीय कोर्टात सोडवत आहेत
8546,717731,D2,Agriculture,11.5,डाळीवर कीड पडून खराब होऊ नये यासाठी कोणती औषधी पावडर वापरावी ?,डाळीवर कीड पडून खराब होऊ नये यासाठी कोणती औषधी पावडर वापरावी?
8547,719005,D4,Agriculture,11.5,महेश बिया साठवण्यापूर्वी त्यांना उन्हात नीट वाळवतो,महेश बिया साठवण्यापूर्वी त्यांना उन्हात नीट वाळवतो
8548,708780,D1,Agriculture,11.5,फिरत्या चराईत ढोरांका कुरणातल्या थोड्या भागावर आणतत,फिरत्या चराईत ढोरांका कुरणातल्या थोड्या भागावर आणत आहे
8549,715578,D2,Agriculture,11.5,जलीय खरपतवार हार्वेस्टर एक प्रकारच पाण्यातील तण काढण्याचे मशीन आहे,जलीय खरपतवार हार्वेस्टर एक प्रकारच पाण्यातील तण काढण्याचे मशीन आहे
8550,719421,D4,Banking,11.5,मी माझ्या खात्यातून एका दिवसात एक लाख रुपये विकू शकत नाही,मी माझ्या खात्यातून एका दिवसात एक लाख रुपये विकू शकत नाही
8551,708618,D1,Agriculture,11.5,मुंबईतलो मच्छी बाजार भारतातल्या मोठ्या बाजारांपैकी एक हा,मुंबईतील मच्छी बाजार भारतातील मोठ्या बाजारांपैकी एक आहे
8552,714899,D2,Agriculture,11.5,कृषी अर्थशास्त्रात जमिनीच्या वापरावर भर दिला जातो,कृषी अर्थशास्त्रात जमिनीच्या वापरावर भर दिला जातो
8553,721922,D4,Agriculture,11.5,"आंब्याचे फळ जीवनसत्त्वे , खनिजे आणि अँटिऑक्सिडंट्सने समृद्ध आहे",आंब्याचे फळ जीवनसत्त्वे खनिजे आणि अँटिऑक्सिडंट्सने समृद्ध आहे
8554,708606,D1,Agriculture,11.5,केशव डुक्कर पाळान कमी खर्चात जास्त फायदो मिळयता,केशव डुक्कर पाळल्यास कमी खर्चात जास्त फायदा मिळतो
8555,713433,D2,Agriculture,11.5,सोयाबीन पिकनं खरंजनं उत्पन्न दक्षिण आनी मध्य अमेरिकामा सुरू व्हयनं,सोयाबीनचे उत्पादन दक्षिण आणि मध्य अमेरिकेत सुरू झाले
8556,719698,D4,Banking,11.5,एस.बी.आय मध्ये खाजगी खाते उघडण्यासाठी काही वेळ लागतो का ?,एस.बी.आय मध्ये खाजगी खाते उघडण्यासाठी काही वेळ लागतो का?
8557,711244,D1,Agriculture,11.5,खयच्या कारणांमुळे आम्याची झाडा होरपळतत आणि मगेन करपान जातत ?,खयच्या कारणांमुळे आमची झाड होरपळत आहे आणि मगेन करपान जात आहे का?
8558,713043,D2,Banking,11.5,दिनेशनी आठवीना वर्गना पुस्तकमझार देवान घेवान यवहारना बारामा वाचं,"दिनेशना आठवीचे वर्ग पुस्तकांचे देणे घेणे, व्यवहाराचे बारा वाचन."
8559,722713,D4,Banking,11.5,मायक्रोफायनान्स ही वित्तीय सेवांची एक श्रेणी आहे,मायक्रोफायनान्स ही वित्तीय सेवांची एक श्रेणी आहे
8560,710296,D1,Banking,11.5,नितीनच्या गुंतवणुकीवर सुधारीत दरानुसार परतावो प्राप्त झालो,नितीनच्या गुंतवणुकीवर सुधारीत दरानुसार परतावे प्राप्त झाले
8561,715332,D2,Banking,11.5,"इंडिया पोस्ट लगेचच पैसे सादर करते आदेश , तात्काळ वर लाईन धन हस्तांतरण सेवा आहे","इंडिया पोस्ट लगेच पैसे सादर करते आदेश, तात्काळ वरून धन हस्तांतरण सेवा आहे"
8562,719131,D4,Agriculture,11.5,भारतातील सुगंधी आणि औषधी वनस्पतींचे प्रमुख उत्पादक आहेत,भारतातील सुगंधी आणि औषधी वनस्पतींचे प्रमुख उत्पादक आहेत
8563,710257,D1,Banking,11.5,डब्ल्यू.बी.सी.आय.एस चो उद्देश्य शेतकऱ्यांचा नुकसान आणि अडचणी दुर करणा असा,डब्ल्यू.बी.सी.आय.एस चे उद्दिष्ट शेतकऱ्यांचे नुकसान आणि अडचणी दूर करणे आहे
8564,713414,D2,Banking,11.5,फुल सर्विस ब्रोकर स्टोक ट्रेडिंग आणि सल्ला सारख्या भलताच सेवा देतस,फुल सर्व्हिस ब्रोकर स्टोक ट्रेडिंग आणि सल्ला सारख्या उत्तम सेवा देत आहे
8565,723135,D4,Agriculture,11.5,कास्तकाराइच्या कोल्ड स्टोरेजची सोय कुटी होते ?,कास्तकाराइच्या कोल्ड स्टोरेजची सोय आहे का?
8566,709463,D1,Agriculture,11.5,डिल एक जडीबुटी असा आणि मसाल्याच्या रूपात त्येका वापरतत,ते एक जडीबुटी आहे आणि मसाल्याच्या रूपात त्यांचा वापर केला जातो.
8567,714930,D2,Agriculture,11.5,ग्राइंडर मिक्सरने धान्य बारीक करून गुरांना खायला दिले जाते,ग्राइंडर मिक्सरने धान्य बारीक करून गुरांना खायला दिले जाते
8568,719913,D4,Banking,11.5,लोक त्यांच्या बचतीतून घर आणि कारसारख्या मोठ्या वस्तू खरेदी करतात,लोक त्यांच्या बचतीतून घर आणि कारसारख्या मोठ्या वस्तू खरेदी करतात
8569,712254,D1,Banking,11.5,सोन्याच्या कर्जाक माका तुमका खयली कागदपत्रा देऊक व्हयी ?,सोनेच्या कर्जाचे कागदपत्रे तुम्हाला देऊ शकता का?
8570,714036,D2,Banking,11.5,मुदत ठेव गुंतवणूकदारसले त्यासना आवडनुसार कार्यकाय निवडानी परवानगी देतस,मुदत ठेव गुंतवणूकदारांना त्यांच्या आवडनुसार कार्य निवडण्याची परवानगी दिली जाते.
8571,720468,D4,Banking,11.5,राखून ठेवलेली कमाई लाभांश आणि शेअर धारक यांच्यात संतुलन प्रदान करते,राखून ठेवलेली कमाई लाभांश आणि शेअर धारक यांच्यात संतुलन प्रदान करते
8572,708871,D1,Banking,11.5,साधारण व्याजामध्ये व्याजावर व्याज लागना नाय,साधारण व्याजामध्ये व्याजावर व्याज लागत नाही.
8573,713053,D2,Banking,11.5,पीरतीले टी.सी.एस मझार काम भेटामुये तिनी आर्थिक करीयर चांगली व्हयनी,"पीरतीले टी.सी.एस मझार काम भेटत आहे, त्यांची आर्थिक करिअर चांगली होईल."
8574,721402,D4,Banking,11.5,तुम्ही तुमच्या थायलंड कंपनीत दरवर्षी परदेशी गुंतवणूक देखील करू शकता,तुम्ही तुमच्या थायलंड कंपनीत दरवर्षी परदेशी गुंतवणूक देखील करू शकता
8575,708681,D1,Agriculture,11.5,सगळ्या प्राणी आणि वनस्पतींका पाणी जिवनाचो आधार असा,सर्व प्राणी आणि वनस्पतींचे पाणी जीवनाचा आधार आहे.
8576,714948,D2,Banking,11.5,जागतिक व्यापार संघटनेचे महासंचालक नायजेरियाचे आहेत,जागतिक व्यापार संघटनेचे महासंचालक नायजेरियाचे आहेत
8577,722479,D4,Agriculture,11.5,मशिन किंवा रसायने वापरत नसलेल्या परमाकल्चर पद्धतीने शेती केली जाते,मशीन किंवा रसायने वापरत नसलेल्या परमाकल्चर पद्धतीने शेती केली जाते
8578,708132,D1,Banking,11.5,स्टॉक ब्रोकर आपल्याकडसून जी फी घेतत त्येका ब्रोकरेज म्हणतत,स्टॉक ब्रोकर आपल्याकडून जी फी घेत आहेत आणि ते त्यांचा ब्रोकरेज म्हणतात
8579,716120,D2,Agriculture,11.5,वाढत्या तंत्रज्ञानामुळे सुधारित बियाणे पण बाजारात उपलब्ध आहेत,वाढत्या तंत्रज्ञानामुळे सुधारित बियाणे पण बाजारात उपलब्ध आहेत
8580,722192,D4,Banking,11.5,माझा भारतीय संगीतावर सी.डी बनवण्याचा व्यवसाय आहे,माझा भारतीय संगीतावर सी.डी बनवण्याचा व्यवसाय आहे
8581,710577,D1,Agriculture,11.5,उसाचा पिक जास्त पाणी असलेल्या जागेवर होता,उसाच्या पिकामध्ये जास्त पाणी असलेल्या ठिकाणी ते होते.
8582,717588,D2,Agriculture,11.5,पीक पेरणीनंतर व काढणीपूर्वी होणाऱ्या उत्पादनाचा तपशील उपलब्ध असतो का ?,पीक पेरणीनंतर व काढणीपूर्वी होणाऱ्या उत्पादनाचा तपशील उपलब्ध असतो का?
8583,719049,D4,Agriculture,11.5,फर शेतीमध्ये फरसाठी विशिष्ट प्रकारचे प्राणी वाढवणे समाविष्ट आहे,फर शेतीमध्ये फरसाठी विशिष्ट प्रकारचे प्राणी वाढवणे समाविष्ट आहे
8584,710087,D1,Banking,11.5,शेअर बाजारात असे स्टॉक सामील होतं ज्यांचो केवळ खाजगी धंदो असता,शेअर बाजारात असे स्टॉक सामील होते ज्यांचे केवळ खाजगी व्यवसाय होते
8585,718516,D2,Banking,11.5,मोबाईल रिचार्ज करण्यासाठी योग्य एप्लिकेशन कोणते आहे ?,मोबाईल रिचार्ज करण्यासाठी योग्य ॲप्लिकेशन कोणते आहे?
8586,721344,D4,Banking,11.5,आम्ही भविष्यात फायदे मिळविण्यासाठी गुंतवणूक करतो,आम्ही भविष्यात फायदे मिळविण्यासाठी गुंतवणूक करतो
8587,707128,D1,Banking,11.5,कमी दरडोई उत्पन्न यासारखी काही वैशिष्ट्यो ह्याची असत,कमी दरडोई उत्पन्नाची काही वैशिष्ट्ये अशी होती.
8588,718386,D2,Banking,11.5,मला हजार रुपये मासिक कर्ज मिळू शकते का ?,मला हजार रुपये मासिक कर्ज मिळू शकते का?
8589,721733,D4,Banking,11.5,"बँकेसह खाते उघडताना , हे आपल्याला स्वीकारलेले कार्ड सेट करण्यात मदत करते",बँकेसह खाते उघडताना हे आपल्याला स्वीकारलेले कार्ड सेट करण्यात मदत करते
8590,711691,D1,Agriculture,11.5,मका पिकाची मळणी करतत तेव्हा खैयचो यंत्र वापरतत ?,मक्या पिकाची मळणी करत असताना ते यंत्र वापरले होते का?
8591,718042,D2,Banking,11.5,"माझे डेबिट कार्ड हरविले आहे , ते मी ब्लॉक कसे करु ?","माझे डेबिट कार्ड हरवले आहे, ते मी ब्लॉक कसे करू?"
8592,720732,D4,Banking,11.5,मोठ्या उद्योगांना क्रेडिटचे कमी एक्सपोजर असण्याची शक्यता आहे,मोठ्या उद्योगांना क्रेडिटचा कमी एक्सपोजर असण्याची शक्यता आहे
8593,712009,D1,Banking,11.5,ऑनलाइन पेमेंट करुच्याखाती बँक खाते कश्या प्रकारे लिंक करुचा ?,ऑनलाइन पेमेंटसाठी बँक खाते कशा प्रकारे लिंक करायचे?
8594,717535,D2,Agriculture,11.5,आम्लधर्मी जमिनीत भुईमूगासाठी कोणती काळजी घ्यावी ?,आम्लधर्मी मातीत भुईमुगासाठी कोणती काळजी घ्यावी?
8595,722600,D4,Banking,11.5,रस्ता बनवण्यासाठी आणखी काही कच्चा माल लागेल,रस्ता बनवण्यासाठी आणखी काही कच्चा माल लागेल
8596,712136,D1,Banking,11.5,घर बांधूच्या कर्जाचो तुम्ही व्याज किती घेतास ?,घर बांधण्यासाठी कर्जाचे व्याज तुम्ही किती घेता?
8597,717941,D2,Banking,11.5,कर्ज मिळविण्यासाठी काय प्रोसेस आहे समजावून सांगा,कर्ज मिळवण्यासाठी काय प्रक्रिया आहे समजावून सांगा
8598,722229,D4,Agriculture,11.5,कृषी वनीकरण अन्नधान्य आणि लाकूड या दोन्ही उत्पादनांचा समावेश आहे,कृषी वनीकरण अन्नधान्य आणि लाकूड या दोन्ही उत्पादनांचा समावेश आहे
8599,711419,D1,Agriculture,11.5,ठिबक सिंचन प्रणालीद्वारे संपूर्ण क्षेत्रावर पाणी कसा दयाचा ?,ठिबक सिंचन प्रणालीद्वारे संपूर्ण क्षेत्रावर पाणी कसे दिले जाते?
8600,718076,D2,Banking,11.5,बँकेचे कर्ज न घेता इतर कोणत्या योजनांद्वारे मला पैसे मिळू शकतात ?,बँकेचे कर्ज न घेता इतर कोणत्या योजनांद्वारे मला पैसे मिळू शकतात?
8601,720622,D4,Agriculture,11.5,"मधमाश्यांमधून मध आणि मेण व्यतिरिक्त , रॉयल जेली देखील प्राप्त होते",मधमाश्यांमधून मध आणि मेण व्यतिरिक्त रॉयल जेली देखील प्राप्त होते
8602,712576,D1,Banking,11.5,सणांसाठी ल्हान कर्जा माका खय मेळतली ?,सणांसाठी मला लहान कर्जे मिळतील का?
8603,713837,D2,Banking,11.5,ए.टी.एम पिननीं याद पडावर ब्यांक शाखामा जाईसन डेबिट कार्डावर पिन रिसेट करतस,ए.टी.एम पिन स्क्रीनवर दिसल्यावर बँक शाखेत जाणे आणि डेबिट कार्डावर पिन रीसेट करणे
8604,720514,D4,Agriculture,11.5,किसान क्रेडिट कार्ड हे शेतकऱ्यांसाठी कर्ज सुविधेचे उदाहरण आहे,किसान क्रेडिट कार्ड हे शेतकऱ्यांसाठी कर्जाच्या सुविधेचे उदाहरण आहे
8605,711171,D1,Agriculture,11.5,जास्त पाऊस पडलो तर मिरचीच्या पिकार काय परणाम जतालो ?,जास्त पाऊस पडल्यास मिरचीच्या पिकामध्ये काय परिणाम झाले?
8606,712752,D2,Banking,11.5,इंटरनेटना सुविधामुये गनच परकारनी गुंतवणूक करता येस,इंटरनेटच्या सुविधांमुळे अनेक कारणांसाठी गुंतवणूक करता येईल
8607,719577,D4,Banking,11.5,एस.बी.आय ही भारतातील सर्वात मोठी बँक आहे ज्याच्या पंचवीसशे शाखा आहेत,एस.बी.आय ही भारतातील सर्वात मोठी बँक आहे ज्याच्या पंचवीसशे शाखा आहेत.
8608,711581,D1,Agriculture,11.5,द्राक्षांच्या पिकांक कीड लागता नये म्हणान कसली काळजी घेऊक होई ?,द्राक्षांच्या पिकांवर कीड लागू नये म्हणून कोणती काळजी घ्यावी?
8609,713259,D2,Banking,11.5,जीएसचोलर क्रिप्टो करेंसीवर गनच अभ्यासु लोकेसना लेख शेतस,जीएसचोलर क्रिप्टो करेंसीवर अनेक लोक अभ्यास करतात आणि लेख लिहितात
8610,718939,D4,Agriculture,11.5,रोपांसाठी एक लहान भ्रूण वनस्पती ज्याला सीड कोट म्हणतात,रोपांसाठी एक लहान भ्रूण वनस्पती ज्याला सीड कोट म्हणतात
8611,711842,D1,Banking,11.5,माका चेक नाय तर बदली कार्ड साठी पैसे दीवचे पडतले काय ?,मला चेक नाही तर बदली कार्डसाठी पैसे दिले आहेत का?
8612,713960,D2,Agriculture,11.5,शेतकरी हावू पुरा जमाना अन्नधान्य पिकाडामा घाली देस,शेतकरी पूर्ण काळात अन्नधान्य पिकांमध्ये देतो
8613,721574,D4,Agriculture,11.5,फ्लोएम पासून बास्ट फायबर गोळा केले जाते,फ्लोएम पासून बास्ट फायबर गोळा केले जाते
8614,712135,D1,Banking,11.5,माका तुम्ही घर बांधूक किती कर्ज देवू शकतास ?,मला तुम्ही घर बांधण्यासाठी किती कर्ज देऊ शकता?
8615,714366,D2,Agriculture,11.5,बराच जागल्या मालकले चोरीदपीन वावरमा भांगनी लागवड करतस,खूप जागून मालकाने चोरी करून तिथे भांगनी लागवड करत आहे
8616,722508,D4,Banking,11.5,वर्षातून एकदा जीवन प्रमाणपत्रासाठी बँकेत जावे लागते,वर्षातून एकदा जीवन प्रमाणपत्रासाठी बँकेत जावे लागते
8617,711917,D1,Banking,11.5,कर्जा बद्दल माका जराशी माहिती सांगा शकता काय ?,कर्जाबद्दल मला थोडी माहिती सांगता येईल का?
8618,713145,D2,Banking,11.5,तूमले माहित शे का शेअर बाजार मा शेअरना लिलाव व्हस,तुम्हाला शेअर बाजारातील शेअर्सचे लिलाव का झाले हे माहीत आहे.
8619,721225,D4,Banking,11.5,"मी जेव्हा लंडनला आलो , तेव्हा कर्ज देणं हा आमचा प्राथमिक उपक्रम होता","मी जेव्हा लंडनला आलो, तेव्हा कर्ज देणे हा आमचा प्राथमिक उपक्रम होता."
8620,712157,D1,Banking,11.5,माझा खाता तपासून बघा मी किती पैशे काढू शकतय ?,माझा खाता तपासून बघा मी किती पैसे काढू शकतो?
8621,712926,D2,Agriculture,11.5,जगमान गहूनं उत्पादन वाढावामा नॉर्मन बोरलॉगनं गहिरं मोठं योगदान शे,जगभरात गहू उत्पादन वाढावे यासाठी नॉर्मन बोरलॉगनचे मोठे योगदान आहे.
8622,722733,D4,Banking,11.5,डॉलरची किंमत भारतीय रुपयापेक्षा जास्त आहे,डॉलरची किंमत भारतीय रुपयापेक्षा जास्त आहे
8623,711949,D1,Banking,11.5,सामाजिक क्षेत्रात सगल्यांका योजनाचो फायदो मेलता ?,सामाजिक क्षेत्रात सर्व योजनांचे फायदे मिळतात का?
8624,713246,D2,Banking,11.5,डेबिट कार्डना माध्यमथीन आपली जमापुंजी दखु शकतंस,डेबिट कार्डाद्वारे आपली जमापूंजी नियंत्रित करता येतात.
8625,719169,D4,Agriculture,11.5,जीवनात आवश्यक असलेली प्रत्येक गोष्ट किराण्याच्या दुकानात मिळते,जीवनात आवश्यक असलेली प्रत्येक गोष्ट किराण्याच्या दुकानात मिळते
8626,712092,D1,Banking,11.5,भरलेल्या बिलाची डिटेल माका बघूक मेलटली की नाय ?,भरलेल्या बिलांची डिटेल मला बघायची की नाही?
8627,714154,D2,Banking,11.5,मध्यवर्ती बँक सहभाग लेवाना एवजी प्रत्यक्ष हस्तक्षेपच करस,मध्यवर्ती बँकेचा सहभाग एवढाच प्रत्यक्ष हस्तक्षेप आहे.
8628,719430,D4,Banking,11.5,जेव्हा तुम्ही कमाई सुरू कराल तेव्हा वेळोवेळी तुमचा आयकर भरत राहा,जेव्हा तुम्ही कमाई सुरू कराल तेव्हा वेळोवेळी तुमचा आयकर भरा
8629,708048,D1,Banking,11.5,शेअर्समध्ये गुंतवणूक करून तुम्ही खूप पैसे वाचवू शकतास,शेअर्समध्ये गुंतवणूक करून तुम्ही खूप पैसे वाचवू शकता
8630,716927,D2,Agriculture,11.5,सरकारने बनवलेल्या शेतीविषयक धोरणांना कृषी धोरण असे संबोधले जाते,सरकारने बनवलेल्या शेतीविषयक धोरणांना कृषी धोरण असे संबोधले जाते
8631,720402,D4,Banking,11.5,टक्केवारी नुसार कोणत्याही मूल्यावर साधे व्याज आकारले जाते,टक्केवारीनुसार कोणत्याही मूल्यावर साधे व्याज आकारले जाते
8632,707691,D1,Agriculture,11.5,"नाना सांगा होते , कृषी वनीकरण ही येक सगळ्यात जुनी शेतीची पद्धत आसा",नाना म्हणाले की कृषी वनीकरण ही सर्वात जुनी शेतीची पद्धत आहे
8633,712710,D2,Banking,11.5,जोगिंदरनी टाटामझार गुंतवणूक कराना करता त्याना शेअरनं मूल्य दखं,जोगिंदरनी टाटामझार गुंतवणूक केल्यावर त्याना शेअरचे मूल्य कळते.
8634,720912,D4,Agriculture,11.5,पूर आणि शेतीवरील परिणाम केवळ शेती समुदायासाठीच नाही,पूर आणि शेतीवरील परिणाम केवळ शेती समुदायासाठीच नाही
8635,709476,D1,Banking,11.5,तुमच्या क्रेडीट कार्ड स्टेटमेंट मध्ये दोन बिलाचे ऑप्शन दिसतले,तुमच्या क्रेडिट कार्ड स्टेटमेंटमध्ये दोन बिलांचे पर्याय दिसत आहेत
8636,712861,D2,Agriculture,11.5,इंग्लंडमा बार्ली स्ट्राॅना वापरकरी शेवायनी वाढ थांबाडतस,इंग्लंडमध्ये बार्लीचा पुआल वापरून शेवटासाठी वाढ थांबा.
8637,722740,D4,Banking,11.5,पीक विमा पॉलिसींनी सुमारे दशलक्ष एकर क्षेत्र कव्हर केले,पीक विमा पॉलिसींनी सुमारे दशलक्ष एकर क्षेत्र कव्हर केले
8638,707319,D1,Banking,11.5,आता तुम्ही मोबाइल ऍप वरचो क्यू.आर कोड स्कॅन करून पैसे भरू शकतास,आता तुम्ही मोबाईल ॲपवर क्यूआर कोड स्कॅन करून पैसे भरू शकता.
8639,712998,D2,Banking,11.5,डिजीटल आणि सोशल मिडिया मार्केटिंग जनतानं मन समजतीस,तुम्हाला डिजिटल आणि सोशल मीडिया मार्केटिंग जनतेचे मन समजते
8640,718892,D4,Banking,11.5,तुमचा नवीन व्यवसाय सुरू करण्यासाठी दीर्घ आर्थिक मदत होते,तुमचा नवीन व्यवसाय सुरू करण्यासाठी दीर्घ आर्थिक मदत होते
8641,709810,D1,Agriculture,11.5,उर्जा अन्न साठवण्यासाठीच मूळभाज्या वाढतत,अन्न साठवण्यासाठीच ऊर्जा मूळभाज्या वाढत आहे
8642,714252,D2,Agriculture,11.5,वावरमा उपयेग व्हणारी मशनरी हाई यंत्रवालं साधन रहास,वावरणे संबंधित मशीनरीचे साधन चालू आहे का
8643,721529,D4,Agriculture,11.5,लाकूड इंधन म्हणून वापरण्याचा मोठा इतिहास आहे,लाकूड इंधन म्हणून वापरण्याचा मोठा इतिहास आहे
8644,708519,D1,Banking,11.5,"शेतकरी आपला धान्य घेवन बाजारात पोचणां , ह्यो सरकारचो मुख्य उद्देश आसा","शेतकरी आपले धान्य बाजारात पोहोचवणे, हे सरकारचे मुख्य उद्दिष्ट आहे."
8645,716270,D2,Banking,11.5,सोनी च्या वार्षिक उत्पन्नामध्ये दहा टक्क्यांची वाढ झाली,सोनीच्या वार्षिक उत्पन्नामध्ये दहा टक्क्यांची वाढ झाली
8646,722016,D4,Banking,11.5,"गूगल पे तुमच्या ग्राहकांना सुलभ , सुरक्षित आणि जलद पेमेंट प्रदान करते","गूगल पे तुमच्या ग्राहकांना सुलभ, सुरक्षित आणि जलद पेमेंट प्रदान करते"
8647,709029,D1,Banking,11.5,देशात लोकांका वापरूक मुद्रा साधारण उपयोगात एक धनाची प्रणाली हा,देशात लोकांच्या वापरासाठी मुद्रा साधारणपणे एक धनाची प्रणाली आहे
8648,712767,D2,Agriculture,11.5,चमेली नी शेती गरमी नाही ते मंग उष्ण कटबंधिय भागस मान करतस,"चमेलीमुळे शेतीची गरमी नाही, म्हणून मंग उष्ण कटबंधिय भाग मानतो."
8649,722813,D4,Agriculture,11.5,रबराचे झाड हे स्पर्ज कुटूंब मधील एक फुलांची वनस्पती आहे,रबराचे झाड हे स्पर्ज कुटूंब मधील एक फुलांची वनस्पती आहे
8650,711588,D1,Agriculture,11.5,किटकांची संख्या कमी करुच्यासाठी कसलो उपाय करूचो ?,कीटकांची संख्या कमी करण्यासाठी कसे उपाय करावे?
8651,718482,D2,Banking,11.5,मला कर्ज घ्यायचे आहे तर त्यासाठी कोणती कागदपत्रे लागतील ?,मला कर्ज घ्यायचे आहे तर त्यासाठी कोणती कागदपत्रे लागतील?
8652,719886,D4,Banking,11.5,ठेवलेल्या कमाईचा उपयोग कर्ज फेडण्यासाठी केला जातो,ठेवलेल्या कमाईचा उपयोग कर्ज फेडण्यासाठी केला जातो
8653,711831,D1,Banking,11.5,के.वाय.सी करूच्यासाठी काय कागदपत्रा लागतत ?,के.वाय.सी करण्यासाठी काय कागदपत्रे लागतात?
8654,717971,D2,Banking,11.5,मला दीर्घ मुदतीसाठी माहिती सांगू शकता का ?,मला दीर्घ मुदतीसाठी माहिती सांगू शकता का ?
8655,719149,D4,Agriculture,11.5,एरोपोनिक्स पद्धतीने अंतरिक्ष मध्ये रोपे लावणे सोपे झाले आहे,एरोपोनिक्स पद्धतीने अंतराळात रोपे लावणे सोपे झाले आहे
8656,708685,D1,Agriculture,11.5,कवक आणि बैक्टेरिया मुळे होणारे रोग नुकसानीचा कारण बनतत,कवक आणि बॅक्टेरियामुळे होणारे रोग नुकसानीचे कारण बनत आहेत
8657,718376,D2,Banking,11.5,माझ्या बँक खात्यातून हि रक्कम थेट कापली जाईल का ?,माझ्या बँक खात्यातून ही रक्कम थेट कापली जाईल का?
8658,721179,D4,Banking,11.5,थेट क्रेडिट आणि डेबिट सूचना केवळ संस्थात्मक ग्राहकांना उपलब्ध आहेत,थेट क्रेडिट आणि डेबिट सूचना केवळ संस्थात्मक ग्राहकांना उपलब्ध आहेत
8659,710236,D1,Agriculture,11.5,चिखलात गावणारे कुर्ले ग्रीन मड क्रॅबाक मोठी मागणी असा,चिखलात गावणारे कुर्ले ग्रीन मड क्रॅबाक मोठी मागणी आहे
8660,715483,D2,Agriculture,11.5,खत स्प्रेडर मध्ये ट्रॅक्टरच्या मागे एक ट्रेलर असतं,खत स्प्रेडरमध्ये ट्रॅक्टरच्या मागे एक ट्रेलर असते
8661,721399,D4,Banking,11.5,बँकेची परवानगी मिळाल्यानंतरच तुम्ही डायरेक्ट डेबिट वापरू शकता,बँकेची परवानगी मिळाल्यानंतरच तुम्ही डायरेक्ट डेबिट वापरू शकता
8662,710440,D1,Agriculture,11.5,विज्ञानाची ती शाखा जी माणसांक अंतराळाशी जोडता,विज्ञानाची ती शाखा जी माणसांक अंतराळाशी जोडते
8663,712728,D2,Agriculture,11.5,प्रधानमंत्री उज्वला योजना गरीब बायीसना करता स्वच्छ इंधन दि राहिनात,प्रधानमंत्री उज्वला योजना गरीब लोकांना स्वच्छ इंधन देत नाहीये.
8664,720435,D4,Banking,11.5,"आम्हाला सर्वत्र व्याजावर कर्ज मिळते , व्याज टक्केवारीवर असते","आम्हाला सर्वत्र व्याजावर कर्ज मिळते, व्याज टक्केवारीवर असते."
8665,706883,D1,Banking,11.5,"बँक नोटाक बिल , कागदी पैसो किंवा फक्त एक नोट सुद्धा म्हणतत","बँक नोटाचे बिल, कागदी पैसे किंवा फक्त एक नोट सुद्धा म्हणत आहे"
8666,713688,D2,Agriculture,11.5,गहूनं पिक कापा करता हार्वेस्टर मशीनना वापर वाढी राहिना,जेव्हा पिक कापली जाते तेव्हा हार्वेस्टर मशीनचा वापर वाढला राहिला
8667,722540,D4,Agriculture,11.5,"मऊ कव्हर इंप्रेशन मध्ये बीचचे झाड , तुती आणि तुपेलो यांचा समावेश आहे",मऊ कव्हर इंप्रेशनमध्ये बीचचे झाड तुती आणि तुपेलो यांचा समावेश आहे
8668,712540,D1,Agriculture,11.5,शेळ्यांची खयची जात सगळ्यात जास्त दूध देता ?,शेळ्यांची खयची जात सगळ्यात जास्त दूध देते का?
8669,714581,D2,Banking,11.5,"आर्थिक दृष्ट्या सुरक्षाले डिबेंचर , बॉण्ड आणि डिपॉझिट बी म्हणतस","आर्थिक दृष्ट्या सुरक्षाले डिबेंचर, बॉण्ड आणि डिपॉझिट म्हणत आहे."
8670,719690,D4,Agriculture,11.5,राजू कारंबोलाच्या झाडांमध्ये कमीत कमी सहा मीटर चा अंतर ठेवशील,राजू कारंबोलाच्या झाडांमध्ये कमीत कमी सहा मीटरचे अंतर ठेवावे.
8671,712569,D1,Banking,11.5,शैक्षणिक कर्जासाठीचो व्याज दर कितक्या आसा ?,शैक्षणिक कर्जासाठी व्याज दर किती आहे?
8672,716754,D2,Banking,11.5,"मुलांनो सांगा , जागतिक व्यापार संघटनेचे मुख्यालय कोठे आहे","मुलांनो सांगा, जागतिक व्यापार संघटनेचे मुख्यालय कोठे आहे?"
8673,722320,D4,Banking,11.5,वित्त योजनेबद्दल अधिक जाणून घेणे चांगल्या नागरिकाचे कर्तव्य आहे,वित्त योजनेबद्दल अधिक जाणून घेणे चांगल्या नागरिकाचे कर्तव्य आहे
8674,708331,D1,Agriculture,11.5,दादान माका दोन दिवसांसाठी चार कापुची मशीन दिलली आसा,दादान मला दोन दिवसांसाठी चार कॉफी मशीन दिल्या आहेत.
8675,713391,D2,Agriculture,11.5,"दोन हजार वीस मजार शेतकरी आत्महत्या कमी व्हयन्यात , यानं नेमकं काय कारण व्हयी ?","दोन हजारवीस वर्षांत शेतकरी आत्महत्या कमी होत्या, याने नेमके काय कारण आहे?"
8676,719192,D4,Agriculture,11.5,भारतातील जूट उत्पादनांचे एकूण उत्पादन चार लाख चाळीस हजार मेट्रिक टन आहे,भारतातील जूट उत्पादनांचे एकूण उत्पादन चार लाख चाळीस हजार मेट्रिक टन आहे
8677,708744,D1,Agriculture,11.5,पोषक तत्त्वांची लिंचिंग आणि मातीची झीज कमी होता,पोषक तत्त्वांची लिंचिंग आणि मातीची झीज कमी झाली
8678,718136,D2,Banking,11.5,कोणत्या ठेवीवर जास्त व्याज मिळेल ?,कोणत्या ठेवीवर जास्त व्याज मिळेल?
8679,722625,D4,Banking,11.5,जोगिंदर आपली नवीन शाखा बांधण्यासाठी फायदा घेतो,जोगिंदर आपली नवीन शाखा बांधण्यासाठी फायदा घेतो
8680,709996,D1,Agriculture,11.5,बोगनविले हे मूळचे पूर्व दक्षिण अमेरिकेतले असोन ब्राझील मध्ये आढळता,हे मूळचे पूर्व दक्षिण अमेरिकेतील जे ब्राझीलमध्ये आढळतात
8681,717836,D2,Agriculture,11.5,मला बाजारपेठेची माहिती कुठे व कशी मिळू शकते ?,मला बाजारपेठेची माहिती कुठे आणि कशी मिळू शकते?
8682,721204,D4,Banking,11.5,विविध मुदतींच्या मुदत ठेव खात्यांसाठी बँका व्याजदर देतात,विविध मुदतींच्या मुदत ठेव खात्यांसाठी बँका व्याजदर देतात
8683,709187,D1,Agriculture,11.5,"कार्यकर्ता मधमाशी गर्मीत दोन आणि थंडीत सहा महिने जिवंत रव्हता , सुरेश","कार्यकर्ता मधमाशी गर्मीत दोन आणि थंडीत सहा महिने जिवंत राहिले, सुरेश"
8684,716992,D2,Agriculture,11.5,जिओडक मत्स्यपालन देखील लोक कामोत्तेजक म्हणून मानतात,जिओडक मत्स्यपालन देखील लोक कामोत्तेजक म्हणून मानतात
8685,720744,D4,Banking,11.5,भारतातील राखीव परकीय चलन सेवा बँक ऑफ इंडिया द्वारे प्रदान केले जाते,भारतातील राखीव परकीय चलन सेवा बँक ऑफ इंडिया द्वारे प्रदान केले जाते
8686,709689,D1,Agriculture,11.5,सगळ्या सर्किटामध्ये विजेसाठी काळ्या वायरचो वापर करतत,सगळ्या सर्किटमध्ये विजेसाठी काळ्या तारा वापरत आहेत
8687,717346,D2,Agriculture,11.5,रब्बी हंगामात कोणते बियाणे वापरले पाहिजे ?,रब्बी हंगामात कोणते बियाणे वापरले पाहिजे?
8688,721956,D4,Agriculture,11.5,सेंद्रिय शेतीचे पाणी वाहते आणि तलावांमध्ये उदरनिर्वाह करते,सेंद्रिय शेतीचे पाणी वाहते आणि तलावांमध्ये उदरनिर्वाह होते
8689,706581,D1,Banking,11.5,बँकर्स बँका समुदाय बँकांका अनेक सेवा प्रदान करुक सक्षम असतत,बँकर्स समुदाय बँकांचे अनेक सेवा प्रदान करण्यास सक्षम आहेत
8690,717897,D2,Agriculture,11.5,पाच एकर शेतासाठी किती किलोग्रॅम कांदा बी लागेल ?,पाच एकर शेतासाठी किती किलोग्रॅम कांदा बी लागेल?
8691,719898,D4,Banking,11.5,बँक परीक्षा देण्यासाठी भारताचे नागरिक असणे आवश्यक आहे,बँक परीक्षा देण्यासाठी भारताचे नागरिक असणे आवश्यक आहे
8692,709175,D1,Agriculture,11.5,पूर आणि शेतीच्या प्रभावामुळे पिका पाण्यात डुबतत,पूर आणि शेतीच्या प्रभावामुळे पिके पाण्यात बुडत.
8693,715899,D2,Banking,11.5,भारतामध्ये अनेक बँका वैयक्तिक स्वरूपात बँकेची परीक्षा घेतात,भारतामध्ये अनेक बँका वैयक्तिक स्वरूपात बँकेची परीक्षा घेतात
8694,720725,D4,Banking,11.5,सुदेशला नोकरी मिळण्याचे श्रेय त्याच्या मुलाखतीला जाते,सुदेशला नोकरी मिळण्याचे श्रेय त्याच्या मुलाखतीला जाते
8695,712171,D1,Banking,11.5,शिक्षणाचो कर्ज घेणारो माणूस भारताचो नागरिक असूक हवो काय ?,शिक्षणाचे कर्ज घेणारा माणूस भारताचा नागरिक असेल का?
8696,716404,D2,Banking,11.5,भारत सरकारला आयकरापासून मोठया प्रमाणात महसूल प्राप्त होतो,भारत सरकारला आयकरपासून मोठ्या प्रमाणात महसूल प्राप्त होतो.
8697,719755,D4,Agriculture,11.5,सर्व देशांच्या तुलनेत भारताचा दुग्ध उत्पादन आणि वापर सर्वाधिक आहे,सर्व देशांच्या तुलनेत भारताचे दुग्ध उत्पादन आणि वापर सर्वाधिक आहे
8698,712026,D1,Banking,11.5,प्रधानमंत्री उज्वला योजनेमार्फत गॅस सिलिंडर कसो घेऊचो ?,प्रधानमंत्री उज्वला योजनेमार्फत गॅस सिलिंडर कसे घेऊ शकतो?
8699,715772,D2,Agriculture,11.5,पृथ्वीचा दोन तृतीयांश पृष्ठभाग पाण्याने झाकला गेला आहे,पृथ्वीचा दोन तृतीयांश पृष्ठभाग पाण्याने झाकला गेला आहे
8700,722877,D4,Agriculture,11.5,उंचीच्या पर्यावरणीय प्रभावाचा आपल्या आरोग्याशी जवळचा संबंध आहे,उंचीच्या पर्यावरणीय प्रभावाचा आपल्या आरोग्याशी जवळचा संबंध आहे
8701,707353,D1,Banking,11.5,आवर्ती ठेवींका स्थायी सूचनांद्वारे निधी दिलो जाऊ शकता,आवर्ती ठेवींच्या स्थायी सूचनांद्वारे निधी दिला जाऊ शकतो.
8702,716704,D2,Agriculture,11.5,शेळ्यांचा वापर ड्रायव्हिंग आणि पॅकिंगसाठी केला जातो,शेळ्यांचा वापर ड्रायव्हिंग आणि पॅकिंगसाठी केला जातो
8703,722777,D4,Agriculture,11.5,राजू सकाळी जिऱ्याचे पाणी प्यायल्याने दिवसभराचे अपचन दूर होते,राजू सकाळी जिऱ्याचे पाणी प्यायल्याने दिवसभराचे अपचन दूर होते
8704,709908,D1,Banking,11.5,"डेबिट कार्ड कशाप्रकारे ब्लॉक करुचा असता , ता बँकेत जाऊन आपण विचारू शकताव","डेबिट कार्ड कशाप्रकारे ब्लॉक करायचा आहे, ते बँकेत जाऊन आपण विचारू शकतो."
8705,712793,D2,Banking,11.5,भारताना अर्थव्यवस्थामा संस्थागत उद्योजकता महत्वनी भूमिका पार पाडस,भारताच्या अर्थव्यवस्थेत संस्थागत उद्योजकता महत्त्वाची भूमिका पार पाडा.
8706,718765,D4,Banking,11.5,"व्यक्ती , व्यावसायिक संस्था आणि सरकार यांना आर्थिक सेवा आवश्यक असतात","व्यक्ती, व्यावसायिक संस्था आणि सरकार यांना आर्थिक सेवा आवश्यक असतात."
8707,709582,D1,Agriculture,11.5,महेशान मोनोक्रॉपिंगसाठी इंटरनेटवरून माहिती घेतलान,महेश मोनोक्रॉपिंगसाठी इंटरनेटवरून माहिती घेत आहे
8708,717005,D2,Agriculture,11.5,कृषी विज्ञानाचा अभ्यास चार वर्षांत पूर्ण होतो,कृषी विज्ञानाचा अभ्यास चार वर्षांत पूर्ण होतो
8709,721850,D4,Banking,11.5,अमेरिकेची आणी चीनची आर्थिक बाजारपेठा भारत पेक्षा बरीच मोठी आहेत,अमेरिकेची आणि चीनची आर्थिक बाजारपेठा भारतापेक्षा बरीच मोठी आहेत
8710,708292,D1,Agriculture,11.5,"जंगलबागेत फळां , अक्रोडची झाडां वनौषधी असो सगळ्याचो समावेश जाता","जंगलबागेत फळे, अक्रोडची झाडे आणि वनौषधी सर्व समावेश होतात."
8711,715431,D2,Agriculture,11.5,कायम पिकातून फळां सोबतच वेळे वेळेवर इमारतीं साठी चे लाकूड पण मिळते,कायम पिकांमधून फळांसोबतच वेळेवर इमारतींसाठीचे लाकूड पण मिळते
8712,721506,D4,Banking,11.5,चलनाचा धोका असल्याने बाजारपेठेतील जोखीम असण्याची शक्यता वाढते,चालनाचा धोका असल्याने बाजारपेठेतील जोखीम असण्याची शक्यता वाढते
8713,708436,D1,Agriculture,11.5,भारतात डेरीतल्या जनावरांचे आणखी बरे जाती वाढवचो सरकारचो विचार आसा,भारतात दिलेल्या जनावरांच्या आणखी चांगल्या जाती वाढवण्याचा सरकारचा विचार आहे.
8714,714028,D2,Agriculture,11.5,राजु मर्सराइज्ड कापूसना उपयोग कपडाना कारखाना करता करस,राजू मर्सराइज्ड कापसाचा उपयोग कपड्याचा कारखाना करतो
8715,720553,D4,Agriculture,11.5,शाश्वत शेती सर्वात जास्त काळ संसाधने वापरते,शाश्वत शेती सर्वात जास्त काळ संसाधने वापरते
8716,709169,D1,Agriculture,11.5,दूध देणारी पाईपलाईन डेअरी फार्म पशू देण्याच्या व्यवस्थेतला एक घटक हा,दूध देणारी पाईपलाईन डेअरी फार्म पशू देण्याच्या व्यवस्थेतला एक घटक हा
8717,717185,D2,Banking,11.5,कर्जदारांनी त्यांचे थकित कर्जाचे तपशील तपासत राहावे,कर्जदारांनी त्यांचे थकित कर्जाचे तपशील तपासत राहावे
8718,718780,D4,Agriculture,11.5,गांडुळे प्रामुख्याने नैसर्गिक रित्या गांडुळ खत तयार करतात,गांडुळे प्रामुख्याने नैसर्गिक पद्धतीने गांडुळ खत तयार करतात
8719,708524,D1,Agriculture,11.5,शेती वनीकरणाचो येक म्हत्वाचो फायदो म्हणजे जंगलावरचो ताण कमी जाता,शेती वनीकरणाचा एक महत्त्वाचा फायदा म्हणजे जंगलावरील ताण कमी होतो
8720,716386,D2,Agriculture,11.5,काही रोपटे ही घरांमध्ये आणि कार्यालयांमध्ये लावली जातात,काही रोपटे घरांमध्ये आणि कार्यालयांमध्ये लावली जातात
8721,722222,D4,Agriculture,11.5,साध्या ढाब्यावर बनवलेला पांढरा हरभरा आणि भात खूप स्वादिष्ट लागतो,साध्या ढाब्यावर बनवलेला पांढरा हरभरा आणि भात खूप स्वादिष्ट लागतो
8722,707512,D1,Banking,11.5,जकांत कर साधारणपणे आयात करूच्या लागणाऱ्या वस्तूंवर आकारतत,जेव्हा कर साधारणपणे आयात कराव्या लागणाऱ्या वस्तूंवर आकारला जातो
8723,717161,D2,Agriculture,11.5,द्रव जैवइंधन आपल्या देशाला ऊर्जा स्वातंत्र्याला चालना देतात,द्रव जैवइंधन आपल्या देशाला ऊर्जा स्वातंत्र्याला चालना देतात
8724,721604,D4,Agriculture,11.5,बाजरी हा गवतांचा एक समूह आहे ज्यामध्ये अत्यंत परिवर्तनशील लहान बिया आहेत,बाजरी हा गवतांचा एक समूह आहे ज्यामध्ये अत्यंत परिवर्तनशील लहान बिया आहेत
8725,709679,D1,Agriculture,11.5,शेतकऱ्यांका बी बियाणा खता ट्रॅक्टर आणि इंधनाचो पुरवठा होऊक हवो,"शेतकऱ्यांचे बी, बियाणाचे खते, ट्रॅक्टर आणि इंधनाचा पुरवठा व्हावा."
8726,715225,D2,Agriculture,11.5,सेंद्रिय शेती ही माती व्यवस्थापनात येते,सेंद्रिय शेती माती व्यवस्थापनात येते
8727,719252,D4,Agriculture,11.5,आंतरपीक म्हणजे जवळपास दोन किंवा अधिक पिके उगवण्याची प्रथा,आंतरपीक म्हणजे जवळपास दोन किंवा अधिक पिके उगवण्याची प्रथा
8728,707145,D1,Banking,11.5,एन.इ.एफ.टी ह्या मनी ट्रान्सफरचो सर्वात सोपो आणि सर्वाधिक आवडलेलो प्रकार असा,एन.इ.एफ.टीचे मनी ट्रान्सफर सर्वात सोपा आणि सर्वाधिक आवडलेला प्रकार आहे.
8729,713401,D2,Agriculture,11.5,"फनस हायी कोकनमा पिकस , त्याना गर कॅन्सर वर गुनकारी शेतस","फिन्स कोकणात आहेत, त्यांना कर्करोगावर लाभ आहे."
8730,720859,D4,Agriculture,11.5,गोमांस पशुपालकांच्या व्यवस्थापनात गुरांची काळजी घेणे,गोमांस पशुपालकांच्या व्यवस्थापनात गुरांची काळजी घेणे
8731,706865,D1,Banking,11.5,"जसो की बाजारातला तरलता , ज्या सहजतेना मालमत्ता विकला जाऊ शकता","जसे बाजारात तरलता आहे, त्यामुळे मालमत्ता सहज विकली जाऊ शकते."
8732,712668,D2,Banking,11.5,एस.बी.आय मा खातं उघडी सुकृती इंटरनेट लेवान देवानं करस,एस.बी.आय खाते उघडून सुकृती इंटरनेटद्वारे देणे करावे
8733,722715,D4,Banking,11.5,तुमचे दुकान किती दिवसांपासून भाडेतत्त्वावर आहे ?,तुमचे दुकान किती दिवसांपासून भाडेतत्त्वावर आहे?
8734,706934,D1,Banking,11.5,यू.पी.आय ह्या नॅशनल पेमेंट कॉर्पोरेशन ऑफ इंडियाने विकसित केला असा,यू.पी.आय हा नॅशनल पेमेंट कॉर्पोरेशन ऑफ इंडियाने विकसित केला आहे.
8735,714573,D2,Banking,11.5,आपला बचतखाता मझारतीन कसा कसाना पैसा बँकनी कापात हाई पासबुक भरावर समजस,आपल्या बचत खात्यात किती पैसे बँकेत जमा करायचे आणि पासबुक कसे समजायचे?
8736,718763,D4,Banking,11.5,अतिरिक्त खर्च कमी करा आणि तुमच्या खर्चाच्या योजनेला चिकटून राहा,अतिरिक्त खर्च कमी करा आणि तुमच्या खर्चाच्या योजनेला चिकटून राहा
8737,707601,D1,Agriculture,11.5,"तुका सांगतंय , कोरडवाहू शेतीचे सर्वोत्तम उदाहरण म्हनजे इस्राईल देश आसा",तो सांगत आहे की कोरडवाहू शेतीचे सर्वोत्तम उदाहरण इस्राईल देश आहे
8738,718373,D2,Banking,11.5,मुदतीच्या अगोदर मी कर्ज भरल्यास व्याजदरात मला सूट मिळेल का ?,मुदतीच्या अगोदर मी कर्ज भरल्यास व्याजदरात मला सूट मिळेल का?
8739,721236,D4,Banking,11.5,ए.पी.आर हे वार्षिक दर म्हणून पैसे उधार घेण्याच्या खर्चाचे मोजमाप आहे,ए.पी.आर हे वार्षिक दर म्हणून पैसे उधार घेण्याच्या खर्चाचे मोजमाप आहे
8740,710446,D1,Agriculture,11.5,वृक्षारोपणात सगळ्या झाडांसोबत मूल्यवान झाडा पण लावतत,वृक्षारोपणात सगळ्या झाडांसोबत मूल्यवान झाडे लावली जात आहेत
8741,717948,D2,Banking,11.5,ऑनलाईन आणि ऑफलाईन अर्जपध्दतींविषयी मला माहिती हवी आहे,ऑनलाईन आणि ऑफलाईन अर्जप्रणालीविषयी मला माहिती हवी आहे
8742,720572,D4,Agriculture,11.5,महेशने छिन्नीच्या नांगरासह बैलांच्या मदतीने जमीन नांगरली,महेशने छिन्नीच्या नांगरासह बैलांच्या मदतीने जमीन नांगरली
8743,710988,D1,Banking,11.5,रोहितान निधीचो स्त्रोत ऐकण्यापूर्वी मुल्यांकन केल्यान,रोहितानचा निधीचा स्त्रोत ऐकण्यापूर्वी मूल्यांकन केले
8744,717293,D2,Agriculture,11.5,नारळाच्या झाडाला कोणत्या प्रकारच्या मोटारीने पाणी देऊ ?,नारळाच्या झाडाला कोणत्या प्रकारच्या मोटारीने पाणी द्यावे?
8745,720131,D4,Agriculture,11.5,वाळवंटांसारख्या कोरड्या भागात आर्द्रतेचे प्रमाण खूपच कमी असते,वाळवंटांसारख्या कोरड्या भागात आर्द्रतेचे प्रमाण खूपच कमी असते
8746,707779,D1,Agriculture,11.5,फुलपाखरूचा बागकाम रंगीबेरंगीत फुलपाखरे बघण्याचो एक मनोरंजन देता,फुलपाखराचे बागकाम रंगीबेरंगी फुलपाखरे पाहणे एक मनोरंजन देते
8747,718192,D2,Banking,11.5,मी गहाण ठेवत असलेल्या मालमत्तेवर मला किती कर्ज मिळेल ?,मी गहाण ठेवत असलेल्या मालमत्तेवर मला किती कर्ज मिळेल?
8748,718990,D4,Banking,11.5,यू.पी.आय ॲपमध्ये मालकाचा नोंदणीकृत खाते क्रमांक टाका,यू.पी.आय ॲपमध्ये मालकाचा नोंदणीकृत खाते क्रमांक टाका
8749,708069,D1,Banking,11.5,सगळे फी आणि प्रभावी अटी तपशीलवार स्पष्ट करणा ह्या पण तेवढाच महत्त्वाचा आसा,सर्व फी आणि प्रभावी अटी तपशीलवार स्पष्ट करणे हे पण तेवढेच महत्त्वाचे आहे
8750,715979,D2,Agriculture,11.5,माझ्या गावामध्ये अनेक लोक मत्स्यपालन व्यवसाय करतात,माझ्या गावामध्ये अनेक लोक मत्स्यपालन व्यवसाय करतात
8751,722392,D4,Banking,11.5,जमा झालेल्या महसुलातून सरकार देशाची आर्थिक गती मजबूत करते,जमा झालेल्या महसुलातून सरकार देशाची आर्थिक गती मजबूत करते
8752,708296,D1,Agriculture,11.5,"जागतिक पातळीवर आपण बगतो की गोरवां , कोंबडी आणि बोकडा ही मुख्य पशुधन प्रकार आसत","जागतिक पातळीवर आपण गोरवा, कोंबडी आणि बोकडा हे मुख्य पशुधन प्रकार आहेत."
8753,717653,D2,Agriculture,11.5,दोन एकर क्षेत्रात ठिबक सिंचन करण्यासाठी किती पाईप लागतील ?,दोन एकर क्षेत्रात ठिबक सिंचन करण्यासाठी किती पाईप लागतील?
8754,721231,D4,Banking,11.5,आय.एफ.एस.सी कोडची पहिली चार अक्षरे बँकेच्या नावाचे प्रतिनिधित्व करतात,आय.एफ.एस.सी कोडची पहिली चार अक्षरे बँकेच्या नावाचे प्रतिनिधित्व करतात
8755,709583,D1,Agriculture,11.5,माका उद्या बागेत जाऊन रोपांका योग्य पाणी देऊचा हा,मला उद्या बागेत जाऊन रोपांका योग्य पाणी द्यायचे आहे.
8756,712938,D2,Banking,11.5,संपत्ती वाढेलवर नवीन मालमत्तावर कोणती गुंतवणूक करवा,संपत्ती वाढल्यास नवीन मालमत्तेत कोणती गुंतवणूक करावी?
8757,722420,D4,Banking,11.5,त्या कर्मचाऱ्यांची यादी तयार करून त्यांना वेतन दिले जाते,त्या कर्मचाऱ्यांची यादी तयार करून त्यांना वेतन दिले जाते
8758,707905,D1,Banking,11.5,मालमत्ता कर ह्यो जमीन मालकाकडसून सरकारका दिलो जाता,मालमत्ता कर हे जमीन मालकाकडून सरकारला दिले जाते.
8759,714086,D2,Banking,11.5,गुंतवणूकनी कामगिरी म्हंजी गुंतवणूक पोर्टफोलिओवरी परतावा शे,गुंतवणुकीची कामगिरी आणि गुंतवणूक पोर्टफोलिओवरील परतावा
8760,722368,D4,Agriculture,11.5,"औद्योगिक क्रांती पूर्वी , चरखा हे धागे बनवण्याचे मूलभूत एकक होते",औद्योगिक क्रांतीपूर्वी चरखा हे धागे बनवण्याचे मूलभूत एकक होते
8761,710660,D1,Agriculture,11.5,गणेश तुका माहित हा भारतात सर्वाधिक दूधाचा उत्पादन होता,गणेश तुला माहीत आहे की भारतात सर्वाधिक दुधाचे उत्पादन झाले
8762,716515,D2,Agriculture,11.5,अमेरीकेतील तंबाखूचे उत्पादन अलिकडच्या दशकात लक्षणीयरीत्या घटले आहे,अमेरिकातील तंबाखूचे उत्पादन अलिकडच्या दशकात लक्षणीयरीत्या घटले आहे
8763,720120,D4,Agriculture,11.5,काश्मिरी शेळ्यांपासूनही अंगोरा फायबर मिळते,काश्मिरी शेळ्यांपासूनही अंगोरा फायबर मिळते
8764,711965,D1,Banking,11.5,माका ए.टी.एम ची सुविधा मेलाच्याखातिर काय करूचा लागतला ?,मला ए.टी.एम ची सुविधा मेलाच्या खातिर काय करावे लागले?
8765,716903,D2,Banking,11.5,गुंतवणूक निधीमध्ये हिस्सा म्हणून काम करण्याच्या फायदा काय आहे ?,गुंतवणूक निधीमध्ये हिस्सा म्हणून काम करण्याच्या फायद्या काय आहेत?
8766,721555,D4,Agriculture,11.5,ईजिप्शियन लोक पाणी पुरवठ्यासाठी नाईल नदीवर अवलंबून होते,ईजिप्शियन लोक पाणी पुरवठ्यासाठी नाईल नदीवर अवलंबून होते
8767,708709,D1,Agriculture,11.5,भारतातल्या सगळ्या शेतकऱ्यांच्या घरात छिन्नी आणि नांगर दिसतलो,भारतातील सर्व शेतकऱ्यांच्या घरात छिन्नी आणि नांगर दिसत होते
8768,716945,D2,Banking,11.5,राजकुमारला बँकेकडून रोख स्वरूपात डेबिट मिळते,राजकुमारला बँकेकडून रोख स्वरूपात डेबिट मिळते
8769,722020,D4,Banking,11.5,"वित्तीय संस्था आकार , व्याप्ती आणि भूगोल यांमध्ये भिन्न असतात","वित्तीय संस्था आकार, व्याप्ती आणि भूगोल यांमध्ये भिन्न असतात."
8770,709331,D1,Banking,11.5,आता पैशे काढुच्या पद्धतींत डेबीट कार्ड सगळ्यांत लोकप्रिय असा,आता पैशाच्या काढण्याच्या पद्धतींमध्ये डेबिट कार्ड सर्वात लोकप्रिय आहे
8771,717145,D2,Banking,11.5,मुदत कर्जाची परतफेड ठराविक कालावधीत नियमित पेमेंटमध्ये केली जाते,मुदतीची कर्जाची परतफेड ठराविक कालावधीत नियमित पेमेंटमध्ये केली जाते
8772,718785,D4,Agriculture,11.5,काही पिके किसान मंडईमध्ये एम.एस.पी पेक्षा कमी किमतीत विकली जाऊ शकत नाहीत,काही पिके किसान मंडईमध्ये एम.एस.पी पेक्षा कमी किमतीत विकली जाऊ शकत नाहीत
8773,708057,D1,Agriculture,11.5,शेतकऱ्यांनी नईन कृषी धोरणाक विरोध करून ता नाकारल्याची चर्चा आसा,शेतकऱ्यांनी नवीन कृषी धोरणाला विरोध करून ते नाकारल्याची चर्चा आहे.
8774,713513,D2,Agriculture,11.5,इंटरनेट वरला यापारमुये गनज लोके ऑनलाईन येव्हार कराले लागी गयात,इंटरनेट वरला यापारमुये अनेक लोक ऑनलाईन व्यवहार केले आहेत.
8775,721185,D4,Banking,11.5,स्त्रीवादी उद्योजकता वाढवण्यासाठी सरकार सहकार्य करते,स्त्रीवादी उद्योजकता वाढवण्यासाठी सरकार सहकार्य करते
8776,709411,D1,Banking,11.5,क्राऊडफंडींग क्राऊडसोर्सिंग आणि वैकल्पिक वित्ताचा एक रूप असा,क्राऊडफंडिंग क्राऊडसोर्सिंग आणि वैकल्पिक वित्ताचे एक रूप आहे
8777,716770,D2,Agriculture,11.5,अंत्योदय अन्न योजनेचा लाभ राकेश हा एक वर्षापासून घेत आहे,अंत्योदय अन्न योजनेचा लाभ राकेश एक वर्षापासून घेत आहे.
8778,720473,D4,Banking,11.5,"वस्तूची किंमत , उत्पन्न आणि खर्चाच्या आधारे निश्चित केली जाते",वस्तूची किंमत उत्पन्न आणि खर्चाच्या आधारे निश्चित केली जाते
8779,707898,D1,Agriculture,11.5,माझ्या शेजाराक पांढरे कोंबड्यो पाळतत,माझ्या शेतावर पांढरे कोंबडे पाळत आहे
8780,716059,D2,Agriculture,11.5,रवीला कृषी वनीकरणाचा अभ्यास करण्याची संधी मिळाली,रवीला कृषी वनीकरणाचा अभ्यास करण्याची संधी मिळाली
8781,719648,D4,Agriculture,11.5,"दादा , आमच्या गावातही राजू चक्की वाल्या कड़े शुद्ध मैदा मिळतो","दादा, आमच्या गावातही राजू चक्कीवाल्याकडे शुद्ध मैदा मिळतो."
8782,711073,D1,Banking,11.5,संशोधन निधी स्पर्धा प्रक्रियेद्वारे प्राप्त केलो जाता,संशोधन निधी स्पर्धा प्रक्रियेद्वारे किती प्राप्त झाले
8783,718652,D2,Banking,11.5,मला पोस्टाद्वारे माझे चेक बूक मिळाले आहे,मला पोस्टाद्वारे माझे चेक बुक मिळाले आहे
8784,719094,D4,Banking,11.5,व्यवसाय चालवण्यासाठी बँकेकडून खेळते भांडवल मिळाले,व्यवसाय चालवण्यासाठी बँकेकडून खेळते भांडवल मिळाले
8785,710730,D1,Banking,11.5,डेबीट कार्ड रोज दोनलाखा पर्यंतची देवाण घेवाणीची लिमिट ठेवता,डेबिट कार्डची रोज दोन लाख पर्यंतची देवाणघेवाणीची मर्यादा ठेवा.
8786,715331,D2,Banking,11.5,इंडियन बँक बँकेची उत्पादन आणि सेवांच्या तरतुदींशी संलग्न आहे,इंडियन बँक बँकांच्या उत्पादन आणि सेवांच्या तरतुदींशी संलग्न आहे
8787,719646,D4,Agriculture,11.5,नीरज माहित आहे का जून जुलैमध्ये जायफळाची लागवड केली जाते,नीरजला जून जुलैमध्ये जायफळाची लागवड केली जाते हे माहीत आहे का
8788,709208,D1,Agriculture,11.5,मातीयेची झीज थांबवूक सरकार पण कित्येक प्रयत्न करतत,सरकार पण मातीची झीज थांबवण्यासाठी अनेक प्रयत्न करत आहे.
8789,713792,D2,Agriculture,11.5,शेती यंत्र अनुदानसाठे तुम्हले यु.पी एग्रीकल्चरमझार नोंदणी करणी पडस,शेती यंत्र अनुदानसाठे तुम्हाला यु.पी. एग्रीकल्चरमझार नोंदणी करावी लागेल.
8790,721887,D4,Banking,11.5,हर्षद मेहता फसवणूक भारतातील सर्वात मोठ्या बँक घोटाळ्यांपैकी एक आहे,हर्षद मेहता फसवणूक भारतातील सर्वात मोठ्या बँक घोटाळ्यांपैकी एक आहे
8791,711540,D1,Agriculture,11.5,भुईमूगाचा पीक जर मी खोलेत दोन महिने ठेवलंय तर काय होतला नाय ना ?,भुईमूगाचा पीक जर मी दोन महिने ठेवला तर काय होईल ना?
8792,714288,D2,Agriculture,11.5,येक वरिसमा समुद्र खाद्यनी किंमत एकशे चाईस म्याट्रिकटन रहास,एका समुद्राच्या खाद्यपदार्थाची किंमत एकशे मेट्रिक टन आहे का?
8793,722782,D4,Agriculture,11.5,ग्रेपफ्रुट उत्पादनाच्या वापराबाबत शेतकऱ्यांशी चर्चा केली,ग्रेपफ्रुट उत्पादनाच्या वापराबाबत शेतकऱ्यांशी चर्चा केली
8794,711002,D1,Agriculture,11.5,वर्ष दोन हजार बावीस मध्ये सरकार लाल डाळीच्या बाबतीत आत्मनिर्भर होतली हा,वर्ष दोन हजार बावीस मध्ये सरकार लाल डाळीच्या बाबतीत आत्मनिर्भर झाली.
8795,717434,D2,Agriculture,11.5,ई पेपर च्या माध्यमातून खरेदी विक्री होते का ?,या पेपरच्या माध्यमातून खरेदी-विक्री होते का?
8796,720699,D4,Banking,11.5,विकसनशील देशांना न्याय्य व्यापाराचा सर्वाधिक फायदा होतो,विकसनशील देशांना न्याय्य व्यापाराचा सर्वाधिक फायदा होतो
8797,712475,D1,Banking,11.5,जास्त दिवसांसाठी पैशांची बचत कशी करायची ?,जास्त दिवसांसाठी पैशांची बचत कशी करायची?
8798,712978,D2,Agriculture,11.5,किसान क्रेडिट कार्ड योजना शेतकरीसले अल्पमुदतनं कर्ज देतस,किसान क्रेडिट कार्ड योजना शेतकऱ्यांना अल्पमुदतीचे कर्ज देते
8799,722142,D4,Banking,11.5,खासगी बँकांमध्ये ही सुविधा चांगली असल्याचे लोक सांगतात,खासगी बँकांमध्ये ही सुविधा चांगली असल्याचे लोक सांगतात
8800,712377,D1,Banking,11.5,सरकारी योजनेचे माझ्या खात्यात किती पैसे जमा झाले ?,सरकारी योजनेचे माझ्या खात्यात किती पैसे जमा झाले?
8801,716508,D2,Agriculture,11.5,अॅग्रीबोट हा कृषी उद्देशांसाठी डिझाइन केलेला रोबोट आहे,अॅग्रीबोट हा कृषी उद्देशांसाठी डिझाइन केलेला रोबोट आहे
8802,719232,D4,Agriculture,11.5,आजही भारतीय दुग्धजन्य पशुपालकांचे आरोग्य व संगोपन चांगले नाही आहे,आजही भारतीय दुग्धजन्य पशुपालकांचे आरोग्य व संगोपन चांगले नाही आहे
8803,711499,D1,Agriculture,11.5,माझ्या सूर्यफुलाच्या पिकाक मी सेंद्रिय खत देवू ?,मी माझ्या सूर्यफुलाच्या पिकांवर सेंद्रिय खत देणार आहे का?
8804,713317,D2,Banking,11.5,माले बॉस सांगस की आपण एकमेकेसना कर्मचारीसना पगार दिऊत,मला बॉस सांगायचे आहे की आपण एकमेकांना कर्मचाऱ्यांना पगार देतो.
8805,720892,D4,Agriculture,11.5,विनओवर हे आधुनिक वैज्ञानिक प्रकाशनांपैकी एक मानले जाते,विनओवर हे आधुनिक वैज्ञानिक प्रकाशनांपैकी एक मानले जाते
8806,706766,D1,Banking,11.5,वित्तीय अभियांत्रिकी ह्या एक बहुविद्याशाखीय क्षेत्र असा,वित्तीय अभियांत्रिकी एक बहुविद्याशाखीय क्षेत्र आहे
8807,716763,D2,Agriculture,11.5,सोहनने सांगितले की तुतीच्या झाडावर रेशमी आळया पाळल्या जातात,सोहनने सांगितले की तुतीच्या झाडावर रेशमी आळया पाळल्या जातात.
8808,722145,D4,Banking,11.5,संपत्ती कर निश्चित करण्यासाठी व्याजदर देखील बदलले जातात,संपत्ती कर निश्चित करण्यासाठी व्याजदर देखील बदलले जातात
8809,711774,D1,Agriculture,11.5,कापणीनंतर मूग व उडीद उन्हात कितके दिवस वाळवत ठेवूक व्हये ?,कापणीनंतर मूग व उडीद उन्हात किती दिवस वाळवून ठेवले पाहिजे?
8810,716231,D2,Banking,11.5,सही करणाऱ्याच्या अधिकारा शिवाय एका खाली चेक वर किंमत लिहिणे एक बदल आहे,सही करणाऱ्याच्या अधिकाराशिवाय एका चेकवर किंमत लिहिणे एक बदल आहे
8811,721521,D4,Banking,11.5,कोणत्या कंपन्यांचे इक्विटी फंडांचे चांगले परिणाम आहेत ?,कोणत्या कंपन्यांचे इक्विटी फंडांचे चांगले परिणाम आहेत?
8812,711655,D1,Agriculture,11.5,बासमती तांदूळ खयच्या राज्यात जास्त येता ?,खयच्या राज्यात बासमती तांदूळ जास्त आहेत का?
8813,717082,D2,Banking,11.5,पैसे जमा करण्यासाठी पिगी बँक हा एक चांगला पर्याय आहे,पैसे जमा करण्यासाठी पिगी बँक हा एक चांगला पर्याय आहे
8814,720994,D4,Agriculture,11.5,"कडुनिंब वनस्पतींचे दूध , औषध आणि साबण उद्योगात वापरले जाते",कडुनिंब वनस्पतींचे दूध औषध आणि साबण उद्योगात वापरले जाते
8815,712081,D1,Banking,11.5,माका तुमच्या बँकेत पैसे गुंतवूचे आसत तर काय कारुचा लगतला ?,मला तुमच्या बँकेत पैसे गुंतवायचे असल्यास काय करावे लागेल?
8816,712730,D2,Agriculture,11.5,पाणीमझारला जीव जंतू गोड पाणीना परिस्थितीक तंत्रले बनाडी ठेवतस,पाणीमझाराला जीव जंतू गोड पाण्याने परिस्थितीचे तंत्रले बांधून ठेवते.
8817,718787,D4,Agriculture,11.5,परफ्यूम उत्पादनात प्लुमेरियाच्या फुलांचा वापर केला जातो,परफ्यूम उत्पादनात प्लुमेरियाच्या फुलांचा वापर केला जातो
8818,710321,D1,Banking,11.5,प्रत्येक पुस्तकाची तीन मुलभुत तत्त्वा कमी केली जाउ शकतत,प्रत्येक पुस्तकाची तीन मूलभूत तत्त्वे कमी केली जाऊ शकतात.
8819,713223,D2,Banking,11.5,पूर आग यासारख्या आपत्तीसन नुकसानसले संपत्ती ना विमा मा कवर करतस,पूर किंवा आगीसारख्या आपत्तींमुळे झालेले नुकसान मालमत्तेचा विमा कव्हर करत नाही
8820,720974,D4,Agriculture,11.5,पानांचे डाग अनेक हार्डवुड्सच्या स्वरूपावर परिणाम करतात,पानांचे डाग अनेक हार्डवुड्सच्या स्वरूपावर परिणाम करतात
8821,711894,D1,Banking,11.5,एखादो व्यक्तीच्या खात्यात परदेशात निधी घालन्याचो फायदो काय ?,एखाद्या व्यक्तीच्या खात्यात परदेशात निधी ठेवण्याचा फायदा काय?
8822,718394,D2,Banking,11.5,माझ्या बँक अकाउंटमधील शिल्लक रक्कम सांगू शकाल का ?,माझ्या बँक खात्यातील शिल्लक रक्कम सांगू शकाल का?
8823,719562,D4,Agriculture,11.5,बिया पेरण्याची योग्य वेळ शेतकऱ्यांनी जाणून घेतली पाहिजे,बिया पेरण्याची योग्य वेळ शेतकऱ्यांनी जाणून घेतली पाहिजे
8824,712541,D1,Agriculture,11.5,शेळीच्या मांसाएसाठी खयच्या जातीएक प्राधान्य दिला जाता ?,शेळीच्या मांसासाठी खयच्या जातीचे एक प्राधान्य दिले जाते का?
8825,715557,D2,Banking,11.5,चेकच्या स्थितीची माहिती ऑनलाइन मिळवली जाऊ शकते,चेकच्या स्थितीची माहिती ऑनलाइन मिळवली जाऊ शकते
8826,720694,D4,Banking,11.5,रामकुमार यांना अटल पेन्शन योजनेअंतर्गत हजार रुपये मिळाले,रामकुमार यांना अटल पेन्शन योजनेअंतर्गत हजार रुपये मिळाले
8827,708479,D1,Banking,11.5,म्युच्युअल फंड लोकांकडून पैशे जमा करून बाजारात लायतत,म्युच्युअल फंड लोकांकडून पैसे जमा करून बाजारात गुंतवत आहेत
8828,715386,D2,Banking,11.5,ऑनलाइन पासबुक ने आपल्या कार्ड केलेल्या सगळ्या व्यवहारांना बघू शकतो,ऑनलाइन पासबुकने आपल्या कार्ड केलेल्या सर्व व्यवहारांना पाहता येते
8829,720212,D4,Agriculture,11.5,"जेवणातील कृमी , गवत इत्यादी खाण्यासाठी वापरले जाते","जेवणातील कृमी, गवत इत्यादी खाण्यासाठी वापरले जाते."
8830,709932,D1,Agriculture,11.5,धान्य कोरडा करुचा यंत्र कमी तापमानात गरम करण्याची पद्धती स्वीकारता,धान्य कोरडे यंत्र कमी तापमानात गरम करण्याची पद्धत स्वीकारते
8831,716289,D2,Banking,11.5,हजर बाजारा शिवाय पण संपत्तीच्या योग्य मूल्याचा अंदाज लावण एक अवघड बाब होईल,बाजाराशिवाय पण संपत्तीच्या योग्य मूल्याचा अंदाज लावण एक अवघड बाब होईल
8832,719893,D4,Banking,11.5,डब्ल्यू.टी.ओ सचिव आणि महासंचालक जिनिव्हा येथे राहतात,डब्ल्यू.टी.ओ सचिव आणि महासंचालक जिनिव्हा येथे राहतात
8833,709153,D1,Agriculture,11.5,माझो बापूस निर्वाह शेती करान मोप आणि चांगलो पीक घेता,माझे वडील निर्वाह शेती करून चांगले पीक घेतात.
8834,714020,D2,Banking,11.5,ब्यांकना नियमनुसार आते तुमना खातामा पाचशे रुपया शिल्लक जोयजेत,बँकेच्या नियमानुसार तुम्हाला पाचशे रुपये शिल्लक आहेत.
8835,722338,D4,Banking,11.5,अपंगत्व विमा अनेकदा अल्पकालीन आणि दीर्घकालीन योजनांमध्ये उपलब्ध असतो,अपंगत्व विमा अनेकदा अल्पकालीन आणि दीर्घकालीन योजनांमध्ये उपलब्ध असतो
8836,709497,D1,Banking,11.5,पसंतीचो स्टॉक सामान्य स्टॉकपेक्षा अधिक जोखीम बाळगता,निवडलेला स्टॉक सामान्य स्टॉकपेक्षा अधिक जोखीम बाळगतो
8837,715250,D2,Banking,11.5,हिसार ला गोल्ड लोन मिळविण्यासाठी भरपूर एजेंसीज आहेत,हिसारमध्ये गोल्ड लोन मिळविण्यासाठी भरपूर एजन्सीज आहेत
8838,721410,D4,Banking,11.5,कॅनरा बँकेत खाते उघडण्यासाठी मी कोणती कागदपत्रे घेऊ ?,कॅनरा बँकेत खाते उघडण्यासाठी मी कोणती कागदपत्रे घेणार?
8839,707750,D1,Banking,11.5,"पेंशन मिळूसाठी कमीत कमी दहा वर्षां काम करुचा लागता , कळला काय बायो ?","पेंशन मिळवण्यासाठी कमीत कमी दहा वर्षे काम करावे लागते, काय?"
8840,717516,D2,Agriculture,11.5,सरकार माझा कृषी माल विकत घेईल का ?,सरकार माझा कृषी माल विकत घेईल का?
8841,720122,D4,Agriculture,11.5,नवीन तंत्रज्ञानाच्या वापरामुळे शेतीची उत्पादकता वाढली आहे,नवीन तंत्रज्ञानाच्या वापरामुळे शेतीची उत्पादकता वाढली आहे
8842,707382,D1,Banking,11.5,एन.आर.एल.एम गावातील लोकांका तांत्रिक आणि व्यावसायिक प्रशिक्षण देऊन मदतच करत असता,एन.आर.एल.एम गावातील लोकांना तांत्रिक आणि व्यावसायिक प्रशिक्षण देऊन मदत करत असते.
8843,714130,D2,Agriculture,11.5,फ्रेंच गवार हाई दिसाले हिरवा गवारपेक्षा धाकली दिसंस,फ्रेंच गवार हिरव्या गवाऱ्यापेक्षा धाकली दिसला.
8844,722794,D4,Agriculture,11.5,मोनोक्रॉपिंग म्हणजे एका वर्षात एकाच ठिकाणी वेगवेगळी फुले उगवणे,मोनोक्रॉपिंग म्हणजे एका वर्षात एकाच ठिकाणी वेगवेगळी फुले उगवणे
8845,707253,D1,Banking,11.5,ऍप्लिकेशनात बँक खात्यावर जा आणि यू.पी.आय पिन तयार करा ह्यो पर्याय निवडा,ऍप्लिकेशनमध्ये बँक खात्यावर जा आणि यूपीआई पिन तयार करा हा पर्याय निवडा
8846,714322,D2,Agriculture,11.5,नैसर्गिक रित्या शेती करणारा सेंद्रिय खत वापरतस,नैसर्गिक पद्धतीने शेती करणारा सेंद्रिय खत वापरतो
8847,721331,D4,Banking,11.5,बँकेचा अर्ज डाउनलोड करूनही आम्ही नेट बँकिंगसाठी नोंदणी करू शकतो,बँकेचा अर्ज डाउनलोड करूनही आम्ही नेट बँकिंगसाठी नोंदणी करू शकतो
8848,711676,D1,Agriculture,11.5,भारतात खयच्या कारणांमुळे शेतीचो विकास झालो हा ?,भारतात खऱ्या कारणांमुळे शेतीचे विकास झाले आहे का?
8849,715976,D2,Agriculture,11.5,माझे वडील शेण आणि गोमुत्र यांचा खत म्हणून वापर करतात,माझे वडील शेण आणि गोमुत्र यांचा खत म्हणून वापर करतात
8850,719170,D4,Agriculture,11.5,शारलेमेनने रिंगौला व्हिटिकल्चर आणले असे मानले जाते,शारलेमेनने रिंगौला व्हिटिकल्चर आणले असे मानले जाते
8851,709096,D1,Agriculture,11.5,जैविक कपाशीक विषारी आणि सिंथेटिक खतांशिवाय काढतत,जैविक कपाशीक विषारी आणि सिंथेटिक खतांशिवाय काढले जात आहे
8852,716882,D2,Agriculture,11.5,कल्टिव्हेटर हा कृषी उपकरणांचा एक भाग असून तो घाणीचे ढिगारे चिरडतो,कल्टिव्हेटर हा कृषी उपकरणांचा एक भाग असून तो घाणीचे ढिगारे चिरडतो
8853,720680,D4,Banking,11.5,स्थावर मालमत्ता सहजपणे रोख रकमेत रूपांतरित केल्या जाऊ शकत नाहीत,स्थावर मालमत्ता सहजपणे रोख रकमेत रूपांतरित केल्या जाऊ शकत नाहीत
8854,711708,D1,Agriculture,11.5,कीटकांनमुळे पदार्थ उत्पादन मिळासाठी खयचे तोटे होतत ?,कीटकांमुळे पदार्थ उत्पादन मिळवण्यासाठी तोटे होत आहेत का?
8855,713338,D2,Banking,11.5,तुमले माहीत शे का भविष्य निधी ई.पी.एफ.ओ कडथून चालावतंस,तुम्हाला माहीत आहे का की भविष्य निधी ई.पी.एफ.ओ कडून चालवले जाते?
8856,721261,D4,Banking,11.5,डिजिटल मोडद्वारे पैसे देऊन डिमांड ड्राफ्ट चार्जेस टाळू शकता,डिजिटल मोडद्वारे पैसे देऊन डिमांड ड्राफ्ट चार्जेस टाळू शकता
8857,710724,D1,Banking,11.5,डिपाॅजिटचो अर्थ खयच्या तरी संस्थेत ठराविक व्याज दरान पैशे जमा करणा,डिपाॅजिटचा अर्थ खयच्या तरी संस्थेत ठराविक व्याज दर पाहून पैसे जमा करावे
8858,713300,D2,Banking,11.5,"कर चुकाडानं चांगल नई शे , तेनामुये नुकसान काही व्हस नयी पन कायदा मोडावस","जर तुम्ही असे केले तर चांगले नाही, त्यामुळे नुकसान काही कायद्याचे मोठे होईल."
8859,721509,D4,Banking,11.5,आर्बिटरेज फंडांमधील गुंतवणूकदार काय विचार करतात आणि पैसे गुंतवतात ?,आर्बिटरेज फंडांमधील गुंतवणूकदार काय विचार करतात आणि पैसे गुंतवतात?
8860,709964,D1,Banking,11.5,प्रतिभूती प्रतिज्ञापत्र एका नेमक्या राशीची भरपाई करण्याचो असता,प्रतिभूती प्रतिज्ञापत्र एका नेमक्या राशीची भरपाई करणे आवश्यक असते.
8861,716103,D2,Agriculture,11.5,लाल मिरची बनवण्यासाठी हिरव्या मिरचीला सुकवाव लागतं,लाल मिरची बनवण्यासाठी हिरव्या मिरचीला सुकवावे लागते
8862,721355,D4,Banking,11.5,आपण शेवटच्या वेळी म्युच्युअल सेव्हिंग्ज बँकेकडून कर्ज कधी घेतले ?,आपण शेवटच्या वेळी म्युच्युअल सेव्हिंग्ज बँकेकडून कर्ज कधी घेतले?
8863,710300,D1,Banking,11.5,नेट बँकिंगसाठी ऑनलाईन रजिस्टर्ड करताना स्वतःक आपलो फॉर्म भरूचो लागतलो,नेट बँकिंगसाठी ऑनलाईन नोंदणी करताना स्वतःलाच फॉर्म भरायला लागतो.
8864,716939,D2,Agriculture,11.5,जुन्या काळी जमिनीची सुपीकता पीक आवर्तनाद्वारे राखली जात असे,जुन्या काळ्या जमिनीची सुपीकता पीक आवर्तनाद्वारे राखली जात असे.
8865,722022,D4,Banking,11.5,स्टँड अप इंडिया योजना महिला सबलीकरणासाठी कर्ज प्रदान करते,स्टँड अप इंडिया योजना महिला सबलीकरणासाठी कर्ज प्रदान करते
8866,710115,D1,Banking,11.5,स्टेट बँक ऑफ इंडिया यस बँकेतील अठ्ठेचाळीस टक्के भाग खरेदी केल्यान,स्टेट बँक ऑफ इंडिया या बँकेतील अठ्ठेचाळीस टक्के भाग खरेदी केले
8867,716551,D2,Banking,11.5,संयुक्त अमेरिकेतील संस्था फेडरल आणि राज्य कर आकारणीच्या अधीन असू शकतात,संयुक्त अमेरिकेतील संस्था फेडरल आणि राज्य कर आकारणीच्या अधीन असू शकतात
8868,720497,D4,Banking,11.5,कंपनीच्या खरेदीदार आणि विक्रेत्याचा शेअर बाजारात वाटा आहे,कंपनीच्या खरेदीदार आणि विक्रेत्याचा शेअर बाजारात वाटा आहे
8869,710192,D1,Banking,11.5,कर्जदार व्यक्ति असा कि संस्था यावरुन पण कर्जाचा वर्गीकरण केला जाता,कर्जदार व्यक्ती असे की संस्थेवरून पण कर्जाचे वर्गीकरण केले जाते
8870,716092,D2,Banking,11.5,लंडन मध्ये गुंतवणूक बँक बोनस अठ्ठावीस टक्के घटवून चाळीस करोड डॉलर केला आहे,लंडनमध्ये गुंतवणूक बँक बोनस अठ्ठावीस टक्के कमी करून चाळीस करोड डॉलर केले आहे
8871,718889,D4,Banking,11.5,संपत्ती निर्मितीचा अर्थ आर्थिक शरीरात पैशाचा पुरवठा वाढवणे आहे,संपत्ती निर्मितीचा अर्थ आर्थिक शरीरात पैशाचा पुरवठा वाढवणे आहे
8872,706617,D1,Banking,11.5,कर्ज करार प्रत्येक पक्षानं दिलेल्यो परस्पर वचनांचो नियमन करतत,कर्ज करार प्रत्येक पक्षाने परस्पर वचनांचे नियमन करत आहे
8873,713179,D2,Banking,11.5,बेरोजगार तरुनसले आपलं नवीन काम सुरु कराना करता कर्जवर सबसिडी भेटामुडे मदत व्हस,बेरोजगार असल्यास आपले नवीन काम सुरू करण्यासाठी कर्जावर सबसिडी मिळेल का मदत मिळेल?
8874,719107,D4,Agriculture,11.5,अनेक प्रकारची तंत्रे आणि वैशिष्ट्ये कृषी क्षेत्रात येतात,अनेक प्रकारची तंत्रे आणि वैशिष्ट्ये कृषी क्षेत्रात येतात
8875,710887,D1,Banking,11.5,भारतीय लेखा मानक कोण पण सामान्य व्यक्ती बघु शकता काय ?,भारतीय लेखा मानक कोण सामान्य व्यक्ती पाहू शकतो काय?
8876,715249,D2,Agriculture,11.5,हिरव्या वाटण्याचे गवत पशुखाद्यासाठी वापरले जाते,हिरव्या वाट्याचे गवत पशुखाद्यासाठी वापरले जाते
8877,720093,D4,Agriculture,11.429,"ड्रॅगन फ्रूटचे सेवन ताजे फळ म्हणून केले जाते , हे फळ प्रोटीनने भरपूर असते","ड्रॅगन फ्रूटचे सेवन ताजे फळ म्हणून केले जाते, हे फळ प्रोटीनने भरपूर असते."
8878,707702,D1,Agriculture,11.5,नैसर्गिक फायबरचो वापर एका ठिकाणाहून दुसऱ्या ठिकाणी केला जाता,नैसर्गिक फायबरचा वापर एका ठिकाणाहून दुसऱ्या ठिकाणी केला जातो.
8879,714721,D2,Agriculture,11.5,टोक्करनं पीक तीन सालमा तयार व्हयी जास,पीक तीन वर्षांत तयार होते
8880,724168,D4,Banking,11.423,"मले माय इलेक्ट्रिक बिल भराचं हाय , ते मले कस पायता येईन ?","मला माझे इलेक्ट्रिक बिल भरले आहे, ते मला कसे मिळेल?"
8881,712559,D1,Banking,11.5,माझो निधी हस्तांतरण माझ्या खात्याक परत इले आसा,माझा निधी हस्तांतरण माझ्या खात्यात परत आले आहे
8882,713673,D2,Banking,11.5,"बँकन्या गनच गोष्टी लोकेस्ले समजतीस न्हयी , म्हनीसन लोके नाराज व्हतंस","बँकिंगच्या अनेक गोष्टी लोकांना समजत नाहीत, म्हणून लोक नाराज होतात."
8883,724232,D4,Banking,11.417,"माया डेबिट पिन ईसरलो , नवा पिन कसा सेट करा लागन ?","माझी डेबिट पिन आहे, नवीन पिन कसा सेट करायचा?"
8884,710865,D1,Banking,11.5,ब्याण्णव वर्षांपासना चालत इलेली रेल्वे बजेटची प्रथा संपवली हा,व्याण्णव वर्षांपासून चालत आलेली रेल्वे बजेटची प्रथा संपवली आहे.
8885,717178,D2,Banking,11.5,कूपन हे तिकीट किंवा दस्तऐवज आहे जे आर्थिक सवलतीसाठी रिडीम केले जाऊ शकते,कूपन हे तिकीट किंवा दस्तऐवज आहे जे आर्थिक सवलतीसाठी रिडीम केले जाऊ शकते
8886,723827,D4,Banking,11.417,मले किराणा दुकानात टाकाचे हाय तर मले कितीक कर्ज भेटू सकते ?,मला किराणा दुकानात टाकाचे असेल तर मला किती कर्ज मिळू शकते?
8887,708151,D1,Banking,11.5,ह्यो एक व्याज दर आसा जो एका विशिष्ट येळेसाठी निश्चित केलो जाता,एक व्याज दर आहे जो एका विशिष्ट वर्षासाठी निश्चित केला जातो.
8888,715286,D2,Banking,11.5,आता आय.सी.आय.सी.आय बँकेने डेबिट कार्ड ची लिमिट सेट करण्याच नवीन फिचर दिले आहे,आता आय.सी.आय.सी.आय बँकेने डेबिट कार्डची मर्यादा सेट करण्याची नवीन सुविधा दिली आहे
8889,719459,D4,Agriculture,11.417,"कल्टीपॅकर घाणीचे ढिगारे चिरडतो , हवेचे खिसे काढतो , छोटे दगड दाबतो","कल्टीपॅकर घाणीचे ढिगारे चिरडतो, हवेचे खिसे काढतो, छोटे दगड दाबतो"
8890,709652,D1,Agriculture,11.5,वायूयुक्त जैवइंधन वापरुक पर्यावरणासाठी चांगला असता,वायूयुक्त जैवइंधन वापरून पर्यावरणासाठी चांगले असते
8891,717798,D2,Agriculture,11.5,जमिनीचा कसं वाढवण्यासाठी कोणत्या खताचा वापर करावा ?,जमिनीचा विकास करण्यासाठी कोणत्या खताचा वापर करावा?
8892,718867,D4,Agriculture,11.417,"लोह , कॅल्शियम , पोटॅशियम आणि जीवनसत्त्वे यांसारखी पोषक तत्वे फणसात आढळतात","लोह, कॅल्शियम, पोटॅशियम आणि जीवनसत्त्वे यांसारखी पोषक तत्वे शरीरात आढळतात."
8893,710539,D1,Banking,11.5,आमच्याकडच्या आमदारान नगरासाठी पंचवीस लाख रूपयाची मदत केली,आमच्याकडील आमदारने नगरासाठी पंचवीस लाख रुपयांची मदत केली
8894,715393,D2,Agriculture,11.5,कच्च्या फणसाला साधारणपणे भाजीच्या रुपात आवडीने खाल्लं जातं,कच्च्या भाज्या साधारणपणे भाजीच्या रूपात आवडीने खाल्लं जातं
8895,718769,D4,Banking,11.409,"सामाजिक , पर्यायी , नागरी किंवा कायम बँक म्हणून ओळखले जाते",सामाजिक पर्यायी नागरी किंवा कायम बँक म्हणून ओळखले जाते
8896,709109,D1,Agriculture,11.5,द्राक्षा मलेरियाच्या तापात फायदेशीर असतत,द्राक्षा मलेरियाच्या तापात फायदेशीर होते
8897,714365,D2,Banking,11.5,बचतगटन्या बायास्ले मुंगना गहुना वडा बनाडीन बी ईकता येतस,"बचतगटण्या बायास्ले मुंग, गहू, वडा, बनाडीन बी एका येतस"
8898,720952,D4,Agriculture,11.409,"मोहायर स्वेटर , स्कार्फ , कोट आणि इतर कपड्यांमध्ये वापरले जाते","मोहायर स्वेटर, स्कार्फ, कोट आणि इतर कपड्यांमध्ये वापरले जाते"
8899,710733,D1,Agriculture,11.5,डोळ्यांसाठी हिरव्या मटारचे दाणे खूप चांगले असतत,डोळ्यांसाठी हिरव्या मटारचे दाणे खूप चांगले असतात.
8900,715156,D2,Agriculture,11.5,रवासुद्धा गव्हापासून मिळतो,ते गव्हापासून मिळते
8901,719494,D4,Banking,11.409,बँक एस.एम.एस द्वारे पाठवणारा तात्पुरता पिन ग्रीन पिन म्हणूनही ओळखला जातो,बँक एसएमएसद्वारे पाठवणारा तात्पुरता पिन ग्रीन पिन म्हणूनही ओळखला जातो
8902,710283,D1,Agriculture,11.5,तू शेतकऱ्याचो झील असान तुका खरीप सिजन पण माहीत नाय हा,"तू शेतकऱ्याचे आहेस, तुला खरीप सिझन पण माहीत नाही हे."
8903,716862,D2,Agriculture,11.5,तटीय परिसंस्थेला किनाऱ्यावर भरपूर नायट्रोजन आणि फॉस्फरसची आवश्यकता असते,तटीय परिसंस्थेला किनाऱ्यावर भरपूर नायट्रोजन आणि फॉस्फरसची आवश्यकता असते
8904,722051,D4,Banking,11.409,वाहन विमा वाहन चोरी आणि नुकसानी विरूद्ध आर्थिक सुरक्षा प्रदान करते,वाहन विमा वाहन चोरी आणि नुकसानी विरूद्ध आर्थिक सुरक्षा प्रदान करते
8905,709284,D1,Banking,11.5,बहुतांशी वेळा वार्षिक मिळकतीची मोजणी वित्तिय वर्षाक होता,बहुतांश वेळा वार्षिक उत्पन्नाची मोजणी वित्तीय वर्षाची होती.
8906,714984,D2,Banking,11.5,दररोज मोठ्या प्रमाणावर देणीघेणी चालू खात्याद्वारे होते,दररोज मोठ्या प्रमाणावर देणीघेणी खात्याद्वारे चालू होते
8907,721366,D4,Banking,11.409,तुम्ही उधार घेतलेले पैसे गुंतवू शकता आणि त्यातून नफा मिळवू शकता,तुम्ही उधार घेतलेले पैसे गुंतवू शकता आणि त्यातून नफा मिळवू शकता
8908,709131,D1,Agriculture,11.5,वनीकरणात जनावरांचा महत्त्वपुर्ण स्थान असा जसा बियांचा विस्तारण,"वनीकरणात जनावरांचे महत्त्वपूर्ण स्थान आहे, जसे बियांचा विस्तारण."
8909,714765,D2,Banking,11.5,पंजाब नॅशनल बँकनी स्थापना आठरा मे एकोनावीसशे चौर्यान्नव मा व्हयनी,पंजाब नॅशनल बँकेची स्थापना १८ मे १९२४ रोजी झाली.
8910,721763,D4,Banking,11.409,"ऑनलाइन पासबुकसह , तुम्ही तुमच्या खात्याचे तपशील तुमच्या फोनवरच मिळवू शकता",ऑनलाइन पासबुकसह तुम्ही तुमच्या खात्याचे तपशील तुमच्या फोनवरच मिळवू शकता
8911,707310,D1,Banking,11.5,"आजकाल तर दोन तीन दिसाच्या आत ऑनलाइन खाता खोलतत , ह्या लयच झ्याक झाला बघ","आजकाल तर दोन तीन दिवसांच्या आत ऑनलाइन खाते उघडत आहेत, ते खूप झाले बघ"
8912,715274,D2,Banking,11.5,अलाहाबाद बँकेच विलनीकरण इंडियन बँक तीन ऑगस्ट दोन हजार मध्ये झालं,अलाहाबाद बँकेचे आणि इंडियन बँकेचे विलनीकरण तीन ऑगस्ट दोन हजार रोजी झाले.
8913,723459,D4,Agriculture,11.4,टॅक्टरनं सोला पेरनी करतांनी किती खोल पेरनी कराच पायजे ?,ट्रॅक्टरने बीज पेरताना किती खोल पेरले पाहिजे?
8914,710892,D1,Agriculture,11.5,मंगळवारच्या बाजारात लोखंडाचे वस्तु बनवणारे छोटे कारागिर येतत,मंगळवारच्या बाजारात लोखंडाचे वस्तू बनवणारे छोटे कारागीर येत आहेत.
8915,714219,D2,Agriculture,11.5,नायट्रोजन खते अमोनियापासून हॅबर बाॅश प्रकिया करीसन तयार करतस,नायट्रोजन खते अमोनियापासून हॅबर-बॉश प्रक्रियेने तयार होतात
8916,721411,D4,Banking,11.4,चेक घेताना ते प्रमाणित आहे की नाही ते तपासून पाहा,चेक घेताना ते प्रमाणित आहे की नाही ते तपासून पाहा
8917,708447,D1,Agriculture,11.5,"मका एक शेती पीक आसा , तेचो उपयोग पॉपकॉर्न बनवच्यासाठी जाता","मका एक शेती पीक आहे, त्याचा उपयोग पॉपकॉर्न बनवण्यासाठी केला जातो."
8918,715738,D2,Agriculture,11.5,"पांढरे कमळ गट्ट्यांच्या अनेक शैली बनवते , यामध्ये जैविक उत्पादन पण आहे","पांढरे कमळ गट्ट्यांच्या अनेक शैली बनवते, यामध्ये जैविक उत्पादन पण आहे."
8919,721082,D4,Banking,11.4,पीअर टू पीअर लेंडिंग कर्जदार आणि गुंतवणूकदारांना वेबसाइटवर एकत्र आणते,पीअर टू पीअर लेंडिंग कर्जदार आणि गुंतवणूकदारांना वेबसाइटवर एकत्र आणते
8920,706787,D1,Banking,11.5,व्हेंचर कॅपिटल ह्यो खाजगी इक्विटी फायनान्सिंगचो एक प्रकार असा,व्हेंचर कॅपिटल हा खाजगी इक्विटी फायनान्सिंगचा एक प्रकार आहे
8921,715130,D2,Banking,11.5,महेश बँकेत बचत खात उघडण्यासाठी तीन पासपोर्ट साइज फोटो घेऊन आला,महेश बँकेत बचत खाते उघडण्यासाठी तीन पासपोर्ट आकाराचे फोटो घेऊन आला
8922,721577,D4,Agriculture,11.4,मांस हे प्राण्यांचे मांस आहे जे अन्न म्हणून खाल्ले जाते,मांस हे प्राण्यांचे मांस आहे जे अन्न म्हणून खाल्ले जाते
8923,710365,D1,Agriculture,11.5,भारताची खाद्य व्यवस्था आपल्याक कित्येक रोगांपासना सुटका करता,भारताची खाद्य व्यवस्था आपल्या अनेक रोगांपासून सुटका करते
8924,716863,D2,Agriculture,11.5,"द्राक्षा पासून वाईन , बेदाणे आदी पदार्थ बनविले जातात","द्राक्षांपासून वाईन, बेदाणे आदी पदार्थ बनवले जातात."
8925,721257,D4,Banking,11.4,कर्जाची परतफेड करणे किंवा काहीतरी करणे या कर्तव्याचा संदर्भ देते,कर्जाची परतफेड करणे किंवा काहीतरी करणे या कर्तव्याचा संदर्भ देते
8926,706419,D1,Banking,11.5,कर्ज म्हनजे ठराविक येळेसाठी परताव्याच्या वचनासह घेतलेलो पैसो होय,कर्ज म्हणजे ठराविक कालावधीसाठी परताव्याच्या वचनासह घेतलेले पैसे होय.
8927,716047,D2,Banking,11.5,"युनिफाईड पेमेंट इंटरफेस अशी प्रणाली आहे , जी अनेक बँकांना सक्षम करते",युनिफाईड पेमेंट इंटरफेस अशी प्रणाली आहे जी अनेक बँकांना सक्षम करते
8928,718927,D4,Agriculture,11.4,"अल्पाकाच्या दोन जाती आहेत , सुरी अल्पाका आणि हुआकाया अल्पाका","अल्पाकाच्या दोन जाती आहेत, सुरी अल्पाका आणि हुआकाया अल्पाका"
8929,709106,D1,Agriculture,11.5,हरयाणा सरकारान पशू चिकित्सेसाठी टोल फ्री हेल्पलाईन नंबर बनवल्यानी,हरयाणा सरकारने पशू चिकित्सेसाठी टोल फ्री हेल्पलाईन नंबर बनवले.
8930,713253,D2,Banking,11.5,भारत मा तयार व्हनाऱ्या वस्तूस ना करता सोता भारतच एक महत्वानी बाजारपेठ शे,भारत स्वतः एक महत्त्वाची बाजारपेठ आहे.
8931,721013,D4,Agriculture,11.4,ठिबक सिंचन याला ट्रिकल इरिगेशन किंवा सूक्ष्म सिंचन असेही म्हणतात,ठिबक सिंचनाला ट्रिकल इरिगेशन किंवा सूक्ष्म सिंचन असेही म्हणतात
8932,710195,D1,Agriculture,11.5,कल्टीवेटर हाताच्या तुलनेत चांगली पेरणी करता,कल्टीवेटर हाताच्या तुलनेत चांगली पेरणी करता
8933,713974,D2,Banking,11.5,सुक्ष्मअर्थशास्त्र हाउ एक महत्त्वाना विषय शे,सूक्ष्मअर्थशास्त्र एक महत्त्वाचा विषय आहे
8934,720096,D4,Agriculture,11.4,मी पशुवैद्यकाकडून प्राण्यांचा आहार घेतला आहे आणि अमलातही आणला आहे,मी पशुवैद्यकाकडून प्राण्यांचा आहार घेतला आहे आणि अमलातही आणला आहे
8935,707893,D1,Banking,11.5,माझ्या पेन्शन आणि पी.पी एफ हिशोबचो राष्ट्र ट्रस्ट ठेवता,माझ्या पेन्शन आणि पी.पी.एफ.चे हिशोब राष्ट्र ट्रस्टकडे ठेवतो.
8936,716067,D2,Agriculture,11.5,राजू शेतकऱ्यांना स्वस्त दरामध्ये कर्ज उपलब्ध करून देण्याचं काम करतो,राजू शेतकऱ्यांना स्वस्त दरामध्ये कर्ज उपलब्ध करून देण्याचे काम करतो.
8937,722574,D4,Agriculture,11.389,दृष्टीसाठी आहे डॉक्टरांनी मला इतर फळे वाचवायला सांगितले आहे,दृष्टीसाठी डॉक्टरांनी मला इतर फळे वाचवायला सांगितले आहे.
8938,709659,D1,Banking,11.5,वित्तीय बाजारात धनाचे मोप प्रकार हत जेचो उपयोग व्यवहारात करतत,वित्तीय बाजारात धनाचे मोप प्रकार व्यवहारात कोणते उपयोग केले जातात
8939,714611,D2,Banking,11.5,एन.आर.एल.एम योजनानी सुरुवात ग्रामीण विकास मंत्रालयनी करेल शे,एन.आर.एल.एम योजनेची सुरुवात ग्रामीण विकास मंत्रालयाने करेल.
8940,719490,D4,Agriculture,11.389,पोषक व्यवस्थापनाचे कार्य म्हणजे जमिनीतील पोषक घटकांचे संतुलन राखणे,पोषक व्यवस्थापनाचे कार्य म्हणजे जमिनीतील पोषक घटकांचे संतुलन राखणे
8941,709545,D1,Banking,11.5,"बॅन्क परिक्षेचे भारतात दोन टप्पे असतत , पिलिम्स आणि मेंस","बँक परीक्षेचे भारतात दोन टप्पे आहेत, पिलिम्स आणि मेंस"
8942,713103,D2,Banking,11.5,योजनाना अंतर्गत गनच लोकेसनी आपली संपत्तीना खुलासा करा,योजनेअंतर्गत अनेक लोकांना आपली संपत्ती उघड करा
8943,723613,D4,Banking,11.375,के.वाय.सी करासाठी कोनची कोनची कागद जरुरी हाय ?,के.वाय.सी करासाठी कोणत्या कागदपत्रांची गरज आहे?
8944,710274,D1,Agriculture,11.5,"तुती चवीक गोड असता , तुम्ही तुतीची झाडा बघितलास काय कधी ?","ते गोड आहे का, तुम्ही त्या झाडाला पाहिले काय कधी?"
8945,716672,D2,Agriculture,11.5,आपली शेती प्रधान मंत्री कृषी सिंचाई योजनेने भरभराटीला येत आहे,आपली शेती प्रधान मंत्री कृषी सिंचाई योजनेने भरभराटीला येत आहे
8946,722895,D4,Agriculture,11.375,कांद्या कोनच्या हंगामात अस कोनच्या मईन्यात पेरावं ?,कांद्याच्या हंगामात काय आहे?
8947,710545,D1,Banking,11.5,आयकर विभाग ह्यो अर्थमंत्रालयाच्या महसुल विभागाच्या अंतर्गत काम करता,आयकर विभाग अर्थमंत्रालयाच्या महसूल विभागाच्या अंतर्गत काम करतो.
8948,717534,D2,Agriculture,11.5,अल्कधर्मी जमिनीत भुईमूगासाठी कोणती काळजी घ्यावी ?,अल्कधर्मी जमिनीत भुईमूगासाठी कोणती काळजी घ्यावी?
8949,723514,D4,Agriculture,11.375,सेंद्रिय शेतीमंदी कोनकोनचे सेंद्रिय पदार्थ टाका लागतीन ?,सेंद्रिय शेतीमंदीसाठी कोणते सेंद्रिय पदार्थ घ्यावे लागतील?
8950,710655,D1,Banking,11.5,खयच्या पण प्रकारची कर आर्थिक जोखीम नियंत्रित करणा कठीण झाल्यावर काय करायचा ?,खयच्या पण प्रकारची कर आर्थिक जोखीम नियंत्रित करणे कठीण झाल्यावर काय करायचे?
8951,713107,D2,Banking,11.5,मुद्रा देवाण घेवाण कर एक प्रमुख आर्थिक साधन ना रूप मा पुढे यी राह्यनं,मुद्रा एक प्रमुख आर्थिक साधन म्हणून पुढे राहते.
8952,721076,D4,Banking,11.375,तारण फसवणूकीचा उपयोग तारण कर्ज मिळविण्यासाठी केला जातो,तारण फसवणूकीचा उपयोग तारण कर्ज मिळविण्यासाठी केला जातो
8953,707431,D1,Agriculture,11.5,कारळ्याचे बियाणा ह्या भारतातला आणि आफ्रिकेतला मुख्य पिक आसा,कारळ्याचे बियाणे हे भारतातील आणि आफ्रिकेतील मुख्य पीक आहे
8954,712652,D2,Banking,11.5,म्हागाईनामुये रिअल इस्टेटमझार सावठी तेजी दिवशी रहायनी,जास्त किमतींमुळे रिअल इस्टेटसाठी तेवढ्या दिवशी राहणे
8955,722377,D4,Agriculture,11.357,कृषी विपणनाद्वारे कृषी उत्पादने ग्राहकांपर्यंत सहज पोहोचतात,कृषी विपणनाद्वारे कृषी उत्पादने ग्राहकांपर्यंत सहज पोहोचतात
8956,706885,D1,Banking,11.5,डिमांड डिपॉझिट्स याका गोपनीय पैसो सुद्धा म्हणतत,डिमांड डिपॉझिट्स देखील ते गोपनीय पैसे म्हणत आहेत
8957,714328,D2,Agriculture,11.5,परतेक सालले कृषीप्रदर्शनमा चांगला बियाणानी निवड कराना सल्ला देतस,प्रत्येक वर्षी कृषी प्रदर्शनात चांगल्या बियाण्यांची निवड करायला सल्ला देतोस.
8958,723596,D4,Banking,11.3,"मले कितीक कर्ज भेटू सकते , याची आणखीन मायती मले ऑनलाईन भेटू सकते का ?","मला किती कर्ज मिळू शकते, याची आणखी माहिती मला ऑनलाईन मिळू शकते का?"
8959,709010,D1,Banking,11.5,भारतीय रेल्वे बजेटका वर्षीय विक्रीच्या आधारावर दाखवतत,भारतीय रेल्वेचे बजेटका वर्षीय विक्रीच्या आधारावर दाखवले जाते
8960,715827,D2,Banking,11.5,बँक चालवणाऱ्यांच्या बँकेतील गुंतवणुकीवर बँकेचा ताबा असतो,बँक चालवणाऱ्यांच्या बँकेतील गुंतवणुकीवर बँकेचा ताबा असतो
8961,722663,D4,Banking,11.3,ऑनलाइन बँकिंग पेमेंट्स ऑनलाइन बँकिंग एक प्रकारचे पेमेंट नेटवर्क आहे,ऑनलाइन बँकिंग पेमेंट्स ऑनलाइन बँकिंग एक प्रकारचे पेमेंट नेटवर्क आहे
8962,708395,D1,Banking,11.5,प्रीतम मी जर म्हयन्याक पाच हजार कमयतय तर माझी वार्षिक कमाय कितकी जाली ?,प्रीतम मी जर पाच हजार कमावतो तर माझी वार्षिक कमाई किती होईल?
8963,717196,D2,Agriculture,11.5,मध्यान्ह भोजन योजनेअंतर्गत शाळेतील मुलांना मोफत जेवण दिले जाते,मध्यान्ह भोजन योजनेअंतर्गत शाळेतील मुलांना मोफत जेवण दिले जाते
8964,720195,D4,Agriculture,11.286,"काही दिवसांनंतर , द्रव खत खत पूर्णपणे तयार आहे , जे पत्रांमध्ये दिले आहे",काही दिवसांनंतर द्रव खत पूर्णपणे तयार आहे जे पत्रांमध्ये दिले आहे
8965,707526,D1,Agriculture,11.5,जलचर वनस्पतींनी पाणथळ वातावरणात रहूसाठी बनलेली असतत,जलचर वनस्पतींनी पाणथळ वातावरणात राहण्यासाठी बनलेली आहेत.
8966,716949,D2,Banking,11.5,इलेक्ट्रॉनिक बिल पेमेंट करताना मोबाईल नंबरवर एक ओ.टी.पी प्राप्त होतो,इलेक्ट्रॉनिक बिल पेमेंट करताना मोबाईल नंबरवर एक ओ.टी.पी प्राप्त होतो
8967,721987,D4,Agriculture,11.278,कापूस वेचणारी व्यक्ती म्हणजे पीक जमिनीतून कापूस उचलणारी व्यक्ती,कापूस विकणारी व्यक्ती म्हणजे पीक जमिनीतून कापूस उचलणारी व्यक्ती
8968,708842,D1,Agriculture,11.5,भारतातल्या केरळात रबराची झाडा सगळ्यात जास्त असत,भारतातील केरळात रबराची झाडे सगळ्यात जास्त होती.
8969,714107,D2,Banking,11.5,थोडा पैसा या चांगला पारंपरिक लंबा स्थितीले विरुध्द शेत,थोडा पैसा या चांगला पारंपरिक स्थिती विरुद्ध शेत
8970,720348,D4,Agriculture,11.167,"चेरीमध्ये व्हिटॅमिन ए , थायमिन , व्हिटॅमिन बी , व्हिटॅमिन सी असते","चेरीमध्ये व्हिटॅमिन ए, थायमिन, व्हिटॅमिन बी, व्हिटॅमिन सी असतात."
8971,710521,D1,Agriculture,11.5,"असमतोल हवामान , जंगलतोड अनेक प्रकारे हवामानावर परिणाम करता","असमतोल हवामान, जंगलतोड अनेक प्रकारे हवामानावर परिणाम करते."
8972,712754,D2,Banking,11.5,पारतिनिधिक पैसा राज्यपालना सही कराव वर मान्य व्हस,पारिभाषिक पैसा राज्यपालना सही करून वर मान्य करावा
8973,723049,D4,Agriculture,11.0,मोसंबी पिकावरच्या फळं काढनीच्या वेळी गारपीट झाली त काय कराव ?,मोसंबी पिकावरच्या फळे काढण्याच्या वेळी गारपीट झाली तर काय करावे?
8974,710911,D1,Agriculture,11.5,माझ्या मामाचो लाकडाचो धंदो असा,माझ्या मामाचे काम लाकडाचे आहे.
8975,714166,D2,Banking,11.5,आमना गल्ली मधला पोऱ्यानी स्टँडअप इंडियानी मदतलीसन येक साखळी तयार करले शे,आमच्या गल्लीतील पोऱ्यानींनी स्टँडअप इंडियाला एक साखळी तयार करण्यात मदत केली.
8976,724143,D4,Banking,11.0,वावराच कर्ज घ्यासाठी ऑनलाईन फारम भरन जरुरीच हाय का ?,वावराचे कर्ज घेण्यासाठी ऑनलाईन फॉर्म भरणे आवश्यक आहे का?
8977,708698,D1,Agriculture,11.5,हरीत क्रांतीमुळे देशात कृषि क्षेत्रात मोठी प्रगती झाली,हरित क्रांतीमुळे देशात कृषी क्षेत्रात मोठी प्रगती झाली
8978,715970,D2,Agriculture,11.5,माझे वडील नेहमी सेंद्रिय शेतीची पिके उगवतात,माझे वडील नेहमी सेंद्रिय शेतीची पिके उगवतात
8979,724166,D4,Banking,11.0,फिक्स तोडल्यावर ते पैसे माया खात्यात जमा होईनं का ?,फिक्स तोडल्यावर ते पैसे खात्यात जमा होतील का?
8980,710787,D1,Banking,11.5,पगार म्हणजे दररोज केलेल्या कामाचो एक निश्चित पैशात मोबदलो,पगार म्हणजे दररोज केलेल्या कामाचे एक निश्चित पैशात मोबदला
8981,713940,D2,Agriculture,11.5,शेंगासपासून तयार व्हतीस त्या बियासले फील्ड बी म्हणतस,शेंगांपासून तयार झालेले ते बियाणे फील्ड बी म्हणून म्हणतात.
8982,724082,D4,Banking,11.0,"मी दोन लाखापेक्षा कमी कमावतो , मले क्रेडिट कार्ड वापरता येईन का ?","मी दोन लाखापेक्षा कमी कमावतो, मला क्रेडिट कार्ड वापरता येईल का?"
8983,706981,D1,Banking,11.5,व्यवसायाक अंतर्गत किंवा बाह्य स्त्रोतांकडसून वित्त मिळू शकता,व्यवसायासाठी अंतर्गत किंवा बाह्य स्रोतांकडून वित्त मिळू शकते.
8984,715674,D2,Banking,11.5,तू ऑनलाईन तुझ्या बचत खात्याबद्दल माहिती मिळवू शकतो,तुम्ही ऑनलाईन तुमच्या बचत खात्याबद्दल माहिती मिळवू शकता
8985,723148,D4,Agriculture,11.0,कोनच्या दुधाले भाव सगळ्यात जास्त रायते ?,कोणाच्या दुधाचे भाव सर्वात जास्त आहेत?
8986,708915,D1,Banking,11.5,डिजिटल आणि सोशल मिडिया मार्केटिंग आजकल ट्रेंड मध्ये असा,डिजिटल आणि सोशल मीडिया मार्केटिंग आजकल ट्रेंडमध्ये आहे
8987,715665,D2,Banking,11.5,तुम्ही तुमच्या वैयक्तिक वित्त संबंधी काही योजना बनवली आहे का ?,तुम्ही तुमच्या वैयक्तिक वित्तसंबंधी काही योजना बनवल्या आहेत का?
8988,724174,D4,Banking,11.0,बिमा काढाचे टायमाले मले कोंते कागद लागन ?,बिमा काढण्यासाठी मला कोणते कागदपत्रे लागतील?
8989,708446,D1,Agriculture,11.5,भोपळ्याचे बिये खाल्ले काय मगे रक्तातला हिमोग्लोबिन वाढता,भोपळ्याचे बिये खाल्ल्याने रक्तातील हिमोग्लोबिन वाढते का?
8990,715237,D2,Banking,11.5,स्वयम मशीनचा वापर करुन ग्राहक आपले पासबुक स्टेटमेंट प्रिंटिंग करु शकतो,ग्राहक स्वतः मशीनचा वापर करून आपले पासबुक स्टेटमेंट प्रिंट करू शकतो.
8991,723045,D4,Agriculture,11.0,पिक कर्ज काढासाठी मले का करा लागन ?,मला कर्ज काढण्यासाठी का करावे लागेल?
8992,711674,D1,Agriculture,11.5,भात पिकांवर खैयची कीड पडता आणि त्यावर खैयचे प्रतिबंधक उपाय करतत ?,भात पिकांवर कीड पडल्यास आणि त्यावर प्रतिबंधक उपाय केले जात आहेत का?
8993,715446,D2,Agriculture,11.5,"कीटकांपासून आपल्याला लाख , मध आणि रेशीम इत्यादी मिळते","कीटकांपासून आपल्याला लाख, मध आणि रेशीम इत्यादी मिळते"
8994,724220,D4,Banking,11.0,मले कर्जाचा हप्ता भरासाठी किती रूपयाची किस्त पडन ?,मला कर्जाचा हप्ता भरण्यासाठी किती रुपयांची किस्त पडते?
8995,707171,D1,Banking,11.5,तुमका अर्ज संदर्भ क्रमांक आणि सबमिशनचा तारीख माहित असणा आवश्यक असा,तुमचा अर्ज संदर्भ क्रमांक आणि सबमिशनची तारीख माहित असणे आवश्यक आहे
8996,713783,D2,Banking,11.5,बठ्ठी देय रक्कम भरानंतर जारीकर्ताना उरेल व्याजना इक्विटी शेअर्स बनाडतस,बठ्ठी देय रक्कम भरल्यानंतर जारीकर्ताना व्याजाचे इक्विटी शेअर्सवर परिणाम होईल.
8997,723830,D4,Banking,11.0,कर्जाचा फारम भरताना मले कोंते कागद जोडा लागन ?,कर्जाचा फॉर्म भरताना मला कोणते कागदपत्रे जोडावी लागतील?
8998,709100,D1,Agriculture,11.5,सैमुअल स्लेटरान अमेरिकेत पयली पाण्यार चालणारी सुती मिल बनवल्यानी,सैमुअल स्लेटरान अमेरिकेत पाण्यावर चालणारी सूती मिल बनवल्या.
8999,713243,D2,Banking,11.5,भारत मा सरकारी बँकासना संगे प्रायव्हेट बँकासनी भी गच्ची नाव कमाव,भारतात सरकारी बँकांसोबत प्रायव्हेट बँकांसही नाव कमावतात.
9000,723411,D4,Agriculture,11.0,सोयाबीनचं पिक खरीप अस रब्बी दोनी हंगामात घेता येईन का ?,सोयाबीनचे पीक खरीप आणि रब्बी दोन्ही हंगामात घेता येईल का?
