id,text_id,dialect,domain,distortion_score,dialect_text,standard_text
15001,712480,D1,Banking,7.0,माझ्या फोनचा बिल किती इला ?,माझ्या फोनचे बिल किती आहे?
15002,714663,D2,Agriculture,7.5,खानदेशनी जमीनमाऑईल पामनी लागवड करता येवावू नै,खानदेशाची जमीन आणि ऑईल पामची लागवड करता येईल का?
15003,722955,D4,Agriculture,6.5,टरबूजाच्या पिकाले वातावरन कस पायजे ?,टरबूजाच्या पिकाचे वातावरण कसे आहे?
15004,712266,D1,Banking,7.0,कर्ज फेडताना व्याज मगेन दिला तरी चलात मा ?,कर्ज फेडताना व्याज दिला तरी चालते का?
15005,716848,D2,Agriculture,7.5,गायींमध्ये बनियन रोग आढळतो जो वेदनादायक असतो,गायींमध्ये बनियन रोग आढळतो जो वेदनादायक असतो
15006,723416,D4,Agriculture,6.5,संकरीत बियानं रोगावर लगाम कसा लावते ?,संकटात रोगावर लगाम कसा लावला जातो?
15007,711145,D1,Agriculture,7.0,खत वापरला तर जमिनीची सुपीकता कमी जाता काय ?,खत वापरल्यास जमिनीची सुपीकता कमी होते का?
15008,714334,D2,Agriculture,7.5,पहिले ढोरेस्न दान घरनंच र्हाये,पहिले दान घरात राहे
15009,722984,D4,Agriculture,6.5,मोसंबी पिकावर कोन कोनचे रोग येतात ?,मोसंबी पिकांवर कोणते रोग येतात?
15010,712222,D1,Banking,7.0,महाराष्ट्र शासनाचो अनुदान योजना काय आसत ?,महाराष्ट्र शासनाची अनुदान योजना काय आहे?
15011,716251,D2,Agriculture,7.5,सुकलेल्या चाऱ्याला भुसा म्हणून ओळखतात,सुकलेल्या चाऱ्याला भुसा म्हणून ओळखतात
15012,723422,D4,Agriculture,6.5,मुरमाड जमिनीत कोनचे पीकं घेता येईन ?,मुरमाड जमिनीत कोणते पीक घेता येईन?
15013,712182,D1,Banking,7.0,शिक्षणाची कर्ज घेऊची प्रोसेस काय असा ?,शिक्षणासाठी कर्ज घेण्याची प्रक्रिया काय आहे?
15014,713410,D2,Banking,7.5,एम.आय.आर.आर ना भाव पैसा गुताडा करता भी फायदाना शे,एम.आय.आर.आर च्या भावनेसाठी पैसा घेण्याचा फायदाही आहे.
15015,724256,D4,Banking,6.5,पंतप्रधान योजनेचा अर्ज ऑनलाईन करता येईन का ?,पंतप्रधान योजनेचा अर्ज ऑनलाईन करता येईल का?
15016,709404,D1,Agriculture,7.0,कोकूनपासना मिळणार फायबर मोप चमकदार आणि पातळ असता,कोकूनपासना मिळणार फायबर मोप चमकदार आणि पातळ असेल
15017,714361,D2,Agriculture,7.5,फ्रेंच ब्राउन हाई दुधाळ गाय शे,फ्रेंच ब्राउन उच्च दुधाळ गाय शे
15018,723183,D4,Agriculture,6.5,ठिबक सिंचन पद्धतीमंदी खत वापरता येईन का ?,ठिबक सिंचन पद्धतीमध्ये खत वापरता येईल का?
15019,710470,D1,Agriculture,7.0,सरकार गरिब लोकांका अन्नसुरक्षा देता,सरकार गरीब लोकांचे अन्नसुरक्षा देते
15020,714399,D2,Agriculture,7.5,"भारतमझार जमनापुरी बकरी , बार्बर बकरीसना परकार शेतंस","भारतमझार जमनापुरी बकरी, बार्बर बकरींचे परकार शेतांचे"
15021,722905,D4,Agriculture,6.5,तूरीची लई उत्पन्न देणारी जात कोनची ?,तूरीची लाई उत्पन्न देणारी जात कोणती?
15022,710326,D1,Agriculture,7.0,प्राचीन काळात हळदीक औषध म्हणून वापरला जायचा,प्राचीन काळात हळदीक औषध म्हणून वापरले जात असे.
15023,717113,D2,Agriculture,7.5,झारसीम झारखंडमध्ये आढळणारा राजकीय प्रकार आहे,झारसीम झारखंडमध्ये आढळणारा राजकीय प्रकार आहे
15024,724016,D4,Banking,6.5,मले ठेवीत किती रुपये ठुता येते ?,मला ठेवीत किती रुपये मिळते?
15025,707811,D1,Banking,7.0,बाबा आपण टोक नाक्यावर पैसे कित्याक देतव ?,बाबा आपण टोकवर किती पैसे देत आहात?
15026,714483,D2,Agriculture,7.5,वावरमा सिंचन पध्दत वापरीन पानी देवावर तन वाढत नै,वावरमा सिंचन पद्धत वापरून पाणी देवावर वाढत आहे.
15027,723236,D4,Agriculture,6.5,जनावरात कॅल्शियमचं प्रमान कस वाढवता येईन ?,जनावरांमध्ये कॅल्शियमचे प्रमाण कसे वाढवता येईल?
15028,711025,D1,Banking,7.0,व्यापारी बँकेकडना तुका कर्ज पण मिळात,व्यापारी बँकेकडून तुला कर्ज पण मिळते
15029,714395,D2,Agriculture,7.5,भारत दरसालले एकसट लाख आठ्यांशी हजार टन कपाशी पिकाडस,भारताने दरसाला एकशे लाख अठ्यांशी हजार टन कपाशी पिकाड केली.
15030,723940,D4,Banking,6.5,मले पुन्हा कितीक पैसे ठेवता येईन ?,मला पुन्हा किती पैसे ठेवता येतील?
15031,712470,D1,Banking,7.0,माझा कार्ड हरवला आता बंद कसा करू ?,"माझे कार्ड हरवले आहे, आता ते कसे बंद करावे?"
15032,714743,D2,Agriculture,7.5,दसराले झेंडूना फुलेस्नं तोरण बराच जण लावतस,दसराला झेंडूची फुले आणि तोरण बरेच लोक लावतात
15033,722968,D4,Agriculture,6.5,पराटीले नंतर चांगला भाव भेटीन का ?,नंतर चांगला भाव मिळेल का?
15034,712140,D1,Banking,7.0,बिल डिस्काउंट करान मी कर्ज फेडा शकताय काय ?,बिल डिस्काउंट करून मी कर्ज फेडू शकतो का?
15035,714533,D2,Agriculture,7.5,हलका वारामुये हवामा पाणीना फवारा उडना,हलक्या वाऱ्यामुळे पाण्याची फवारणी उडते
15036,724017,D4,Banking,6.5,ठेवीवर कितीक टक्क्यान व्याज भेटते ?,ठेवीवर किती टक्क्यांवर व्याज मिळते?
15037,712029,D1,Banking,7.0,यू.पी.आय आय.डी इसरल्यास काय करुचा ?,यू.पी.आय आय.डी असल्यास काय करावे?
15038,715345,D2,Agriculture,7.5,उन्हाळ्यात तापमान खूप वाढून जात,उन्हाळ्यात तापमान खूप वाढत आहे
15039,723393,D4,Agriculture,6.5,मक्याचा बाजारभाव काय हाय ?,मक्याचा बाजारभाव काय आहे?
15040,711481,D1,Agriculture,7.0,लाल मातीत मी बासमती लावू शकतय काय ?,लाल मातीत मी बासमती लावू शकतो का?
15041,717741,D2,Agriculture,7.5,मोजमापनाची साधने किती प्रकारची असू शकतात ?,मोजमापनाची साधने किती प्रकारची असू शकतात?
15042,723699,D4,Banking,6.5,मले सरकारी योजतेन पैसा टाकता येईन काय ?,मला सरकारी योजनेतून पैसा मिळेल का?
15043,711135,D1,Agriculture,7.0,सेंद्रिय शेती कितकी फायदेशीर आसा ?,सेंद्रिय शेती किती फायदेशीर आहे?
15044,716416,D2,Agriculture,7.5,खेडयांत पशूपालनाला पशुधन म्हणून ओळखले जाते,खेडयांत पशूपालनाला पशुधन म्हणून ओळखले जाते
15045,723443,D4,Agriculture,6.5,नयराचं पानी कोनच्या पद्धतीनं ओलाव ?,नयराचे पाणी कोणत्या पद्धतीने ओले केले जाते?
15046,711358,D1,Agriculture,7.0,बाजरी वल्या जागेत साठवली तर काय होताला ?,बाजरी वल्या जागेत साठवली तर काय होईल?
15047,715190,D2,Agriculture,7.5,शाश्वत शेती हे एकात्मिक शेतीचे उदाहरण आहे,शाश्वत शेती हे एकात्मिक शेतीचे उदाहरण आहे
15048,719858,D4,Agriculture,6.5,कॅपुचिनो कॉफीमध्ये भरपूर फेस असतो,कॅपुचिनो कॉफीमध्ये भरपूर फेस असतो
15049,709160,D1,Agriculture,7.0,पश्मीना कश्मीरात बनणारो एक रेशमी कपडो हा,कश्मीरात पश्मिनाचे एक रेशमी कपडे बनणार आहेत.
15050,714621,D2,Agriculture,7.5,कटर मशीन आते शेतकरीना कष्ट कमी करस,कटर मशीन शेतकऱ्यांचे कष्ट कमी करतात
15051,724261,D4,Banking,6.5,यू.पी.आय न आलेले पैसे मले कसे पायता येईन ?,यू.पी.आय न आलेले पैसे मला कसे मिळतील?
15052,709085,D1,Agriculture,7.0,युरिया खत पिकात सिंचनच्या नंतर टाकतात,युरिया खत पिकात सिंचनच्या नंतर टाकतात
15053,718432,D2,Banking,7.5,डेबिट कार्डसाठी कोणता अर्ज करावा लागेल ?,डेबिट कार्डसाठी कोणता अर्ज करावा लागेल?
15054,723800,D4,Banking,6.5,"मले यू.पी.आय न पैसे आले , ते कसे पायता येईन ?","मला यूपीआयचे पैसे आले नाहीत, ते मी कसे टाळू?"
15055,708903,D1,Banking,7.0,बचत खाता सरळ पैशाच्या रुपात व्याज देता,बचत खात्याच्या स्वरूपात पैशाच्या रूपात व्याज दिले जाते
15056,717011,D2,Agriculture,7.5,कृषी रसायने जरी उपयुक्त असली तरी ती खूप महाग आहेत,कृषी रसायने जरी उपयुक्त असली तरी ती खूप महाग आहेत
15057,723130,D4,Agriculture,6.5,सब्सिडी वर सरकार बी बियानं पुरवते का ?,सरकार बियाण्यांना सब्सिडी पुरवते का?
15058,709170,D1,Agriculture,7.0,डाळिंबा गरम देशांत गावतत,डाळिंबा गरम देशात गाजत आहेत
15059,713162,D2,Banking,7.5,बोनस मुख्य म्हन्जे रोक किंवा भाग मा भेटस,बोनस म्हणजे रोक किंवा भाग मला मिळते.
15060,723429,D4,Agriculture,6.5,रासायनिक शेती काऊन परवडत नाई ?,रासायनिक शेती परवडते का?
15061,709201,D1,Agriculture,7.0,कृषि उपकरणा घेऊक अॅप्स वापरना एकदम सोप्पा हा,कृषी उपकरणे घेणे आणि ॲप्स वापरणे एकदम सोपे आहे.
15062,716460,D2,Agriculture,7.5,पट्टयापर्यत जमिनीत ओलावा टिकवून ठेवला जातो,पट्ट्यापर्यंत जमिनीत ओलावा टिकवून ठेवला जातो
15063,720479,D4,Banking,6.5,आंतरराष्ट्रीय वित्तीय बाजार बनवतात,आंतरराष्ट्रीय वित्तीय बाजार बनवतात
15064,708712,D1,Agriculture,7.0,अंजीर फायकस कॅरीकाचा खाण्याचा फळ हा,हे अंजीर फायकसचे खाण्याचा फळ आहे.
15065,714346,D2,Banking,7.5,पेन्शन योजनामा वरीसमा एकदाव लमसम रक्कम टाकी तरी चालस,पेन्शन योजनेसाठी एकदाची लमसम रक्कम तरी चालणार.
15066,721321,D4,Banking,6.5,व्याजदरांची मुदतीची रचना बँक ठरवते,व्याजदरांची मुदतीची रचना बँक ठरवते
15067,707782,D1,Agriculture,7.0,फ्रंट एंड लोडर मशीन भरपूर जड असल्यामुळे लय वजन उचलू शकता,फ्रंट एंड लोडर मशीन खूप जड असल्यामुळे वजन उचलू शकता
15068,717677,D2,Agriculture,7.5,झेंडू फुलांचा बहर जलद गतीने कसा वाढवता येईल ?,झेंडू फुलांचा बहर जलद गतीने कसा वाढवता येईल?
15069,720300,D4,Banking,6.5,आजकाल सोन्याचे कर्ज खूप लोकप्रिय आहे,आजकाल सोन्याचे कर्ज खूप लोकप्रिय आहे
15070,710310,D1,Agriculture,7.0,पिकाची मळणी करताना वरची कातडी काढता नये,पिकाची मळणी करताना वरची कातडी काढू नये
15071,712786,D2,Agriculture,7.5,मधमाशी तीन वरीस लोग जित्ती रहास,मधमाशीसाठी तीन लोक किती वेळ राहतील?
15072,722397,D4,Banking,6.5,जी.एस.टी याद्वारे देशाला कर दर सहज समजू शकतो,जीएसटीद्वारे देशाला कर दर सहज समजतात.
15073,708323,D1,Banking,7.0,तुमी हयसून तुमच्या देशात पैशे पाठवक शकता,तुम्ही तुमच्या देशात पैसे पाठवू शकता
15074,712833,D2,Banking,7.5,कोरोनाना कायमा कामगरस्ना पगार कमी व्हयना,कोरोनामुळे कामगारांचे पगार कमी झाले आहेत.
15075,719040,D4,Agriculture,6.5,एन.पी.के खत झाडाच्या सर्व गरजा पूर्ण करते,एन.पी.के खत झाडाच्या सर्व गरजा पूर्ण करते
15076,707049,D1,Banking,7.0,आर्थिक नफा लेखा नफ्यापेक्षा लहान असता,आर्थिक नफा लेखा नफ्यापेक्षा लहान असतो.
15077,714816,D2,Banking,7.5,अमेरिका सारख्या विकसित देशाचे चलन डॉलर आहे,अमेरिका सारख्या विकसित देशाचे चलन डॉलर आहे
15078,718795,D4,Agriculture,6.5,शेवग्याची पाने खूप फायदेशीर आहेत,शेवग्याची पाने खूप फायदेशीर आहेत
15079,707483,D1,Banking,7.0,खाण्यापिण्यावर देशाचो कर खूपच कमी असता,खाण्यापिण्यावर देशाचा कर खूपच कमी आहे
15080,714664,D2,Agriculture,7.5,खानदेशमा बराच शेतकरी उंडायामा बाजरी पेरतस,खानदेशात बरेच शेतकरी बाजरी परिधान करतात
15081,720568,D4,Agriculture,6.5,शहरात सापडलेले दूध म्हणजे पशुपालन उत्पादन,शहरात सापडलेले दूध म्हणजे पशुपालन उत्पादन
15082,710994,D1,Agriculture,7.0,लोकर एक चांगलो काश्मिरी स्त्रोत असा,लोक एक चांगले काश्मिरी स्रोत आहेत
15083,714931,D2,Banking,7.5,घरगुती गॅस सिलिंडरचे दर दिवसेंदिवस वाढत आहेत,घरगुती गॅस सिलिंडरचे दर दिवसेंदिवस वाढत आहेत
15084,720064,D4,Agriculture,6.5,रब्बी पीक हिवाळ्यात पेरले जाते,रब्बी पीक हिवाळ्यात पेरले जाते
15085,706620,D1,Banking,7.0,लीव्हरेजिंगमुळे नफा वाढवता येता,लीव्हरेजिंगमुळे नफा वाढवता येतो
15086,716426,D2,Banking,7.5,बँका आमच्या पैशाचे व्यवहार म्हणून काम करतात,बँका आमच्या पैशाचे व्यवहार म्हणून काम करतात
15087,721960,D4,Agriculture,6.5,मेंढी कातरणे दरवर्षी केली जाते,मेंढ्यांची कातरणे दरवर्षी केली जातात
15088,712262,D1,Banking,7.0,कर्ज परत फेडताना कसले कागदपत्र लागतत ?,कर्ज परत फेडताना कोणते कागदपत्र लागते?
15089,712887,D2,Banking,7.5,साठ वरीसना वरला नागरिकस्ले वृदधा पेन्शन भेटस,साठ वर्षांवरील नागरिक त्यांना पेन्शन मिळते
15090,722628,D4,Banking,6.5,एकदा बिल भरले की ते रद्द करून परत करता येत नाही,एकदा बिल भरले की ते रद्द करून परत करता येत नाही
15091,711845,D1,Banking,7.0,ठेवी करूच्या साठी काय करूचा लागता ?,ठेवी करण्यासाठी काय करावे लागते?
15092,712920,D2,Agriculture,7.5,धान्यना करता ब्रिटनमझार चेसर बीन गाडिना वापर करतस,धान्य घेताना ब्रिटनमझारचेसर बीन गाडीचा वापर करत आहे
15093,719029,D4,Agriculture,6.5,भात हे पाण्याने पिकणारे पीक आहे,भात हे पाण्याने पिकणारे पीक आहे
15094,707614,D1,Agriculture,7.0,"तुमका ठाऊक हा काय , पाण्याची अनेक अवस्था आसत ?","तुमचे ज्ञान काय आहे, पाण्याची अनेक अवस्था होत्या का?"
15095,714823,D2,Banking,7.5,आज भारतात पन्नासहून अधिक ऑनलाइन पेमेंट एप्स उपलब्ध आहेत,आज भारतात पन्नाहून अधिक ऑनलाइन पेमेंट ॲप्स उपलब्ध आहेत
15096,721156,D4,Banking,6.5,बँक खाते उघडून आपण बँकेकडून कर्ज मिळवू शकतो,बँक खाते उघडून आपण बँकेकडून कर्ज मिळवू शकतो
15097,710741,D1,Banking,7.0,तु तुझा मार्जिन खाता उघडलस काय ?,तू तुझा मार्जिन खाते उघडले आहे का?
15098,714994,D2,Banking,7.5,देशात मंदी आल्यावर सरकारकडून चलनवाढ केली जाते,देशात मंदी आल्यावर सरकारकडून चलनवाढ केली जाते
15099,724316,D4,Banking,6.5,नवीन डेबिट कार्डसाठी मी अर्ज कसा करू ?,नवीन डेबिट कार्डसाठी मी अर्ज कसा करू?
15100,708975,D1,Banking,7.0,लिवरेज्ड कर्जाचो बाजार मजबूत दिसता हा,लिवरेज्ड कर्जाचा बाजार मजबूत दिसतो
15101,713909,D2,Agriculture,7.5,शेवगांना शेंगा आयुर्वेदमा भी वापरतस,शेंगांना आयुर्वेदामध्येही वापरले जाते.
15102,720294,D4,Banking,6.5,भारतात एस.ई.झेड कर हेवनच्या श्रेणीत मोडतात,भारतात एस.ई.झेड कर हेवनच्या श्रेणीत मोडतात
15103,709443,D1,Agriculture,7.0,जमिनीची धूप थांबवूसाठी वनीकरण आवश्यक असा,जमिनीची धूप थांबवण्यासाठी वनीकरण आवश्यक आहे.
15104,715303,D2,Banking,7.5,आय.आर.आर चा उपयोग खाजगी इक्विटी साठी पण केला जातो,आय.आर.आर चा उपयोग खाजगी इक्विटीसाठी पण केला जातो.
15105,721807,D4,Agriculture,6.5,मनुका फळांची झाडे काटेरी असतात,मनुका फळांची झाडे काटेरी असतात
15106,711392,D1,Agriculture,7.0,भाताक युरियाचा खत किती यवस्तित हव्या ?,भातासाठी युरियाचा खत किती आवश्यक आहे?
15107,715713,D2,Agriculture,7.5,नाशपती मध्ये खूप सारे जीवनसत्त्व आणि खनिज असते,नाशपतीमध्ये खूप जीवनसत्त्व आणि खनिजे असतात
15108,722094,D4,Agriculture,6.5,माझी बकरी रोगाने मेली,माझी बकरी रोगाने आजारी आहे
15109,712411,D1,Banking,7.0,गुंतवणूक करताना वारसा ठेवचो लागता काय ?,गुंतवणूक करताना वारसा ठेवणे काय आवश्यक आहे?
15110,712665,D2,Banking,7.5,याजदर संज्ञा संरचनाना बारामा आलेखवरथून समजाडतस,जर संज्ञा संरचनेचा बारामा आलेखवरून समजून घ्यायचा असेल
15111,722088,D4,Agriculture,6.5,काका जी कामगार मधमाशीचे काय काम आहे,काका जी कामगाराचे काय काम आहे?
15112,711140,D1,Agriculture,7.0,वाढ बेगीन जायच्या खातीर कसला खत वापराचा ?,वाढ बेगीन जाण्यासाठी कशाचा खत वापरावा?
15113,714958,D2,Banking,7.5,जोगिंदरने पे.टी.एम वापरून शाळेची फी भरली,जोगिंदरने पी.टी.एम वापरून शाळेची फी भरली
15114,722867,D4,Agriculture,6.5,फील्ड डे शेतावर आयोजित केला जातो,फील्ड डे शेतावर आयोजित केला जातो
15115,712213,D1,Banking,7.0,बिल केला की त्याची पावती कशी घेऊची ?,बिल केले तर त्याची पावती कशी घ्यावी?
15116,714244,D2,Agriculture,7.5,"कृषी कर्जमा शेतकरी नांगर , टरॅकटर अशा उपकरणं लेतंस",कृषी कर्जासाठी शेतकरी नांगर आणि ट्रॅक्टर अशा उपकरणे घेतात.
15117,719985,D4,Banking,6.5,वैयक्तिक सल्ला सेवेचा समावेश आहे,वैयक्तिक सल्ला सेवेचा समावेश आहे
15118,712174,D1,Banking,7.0,शिक्षणाच्या कर्जावर सूट किती मिळात ?,शिक्षणाच्या कर्जावर सूट किती मिळते?
15119,714568,D2,Agriculture,7.5,आपन जर झाडे सांभाळा नैत ते दुष्काळ दूर नै,आपण जर झाडे सांभाळली तर तो दुष्काळ दूर होईल.
15120,719843,D4,Agriculture,6.5,ऊस कारखान्यात गुळ ही तयार केले जातात,ऊस कारखान्यात गुळ तयार केले जाते
15121,709891,D1,Banking,7.0,जगातल्या अधिकाधिक भागात सहकारी बँका आसत,जगातील अधिकाधिक भागांमध्ये सहकारी बँका आहेत
15122,717079,D2,Banking,7.5,तुम्ही लेबर कार्डची यादी ऑनलाइन पाहू शकता,तुम्ही लेबर कार्डची यादी ऑनलाइन पाहू शकता
15123,720030,D4,Agriculture,6.5,बन्सी फिशिंगसाठी वापरली जाते,बन्सी फिशिंगसाठी वापरले जाते
15124,711658,D1,Agriculture,7.0,मातीचे महत्वाचे प्रकार खयचे आसत ?,मातीचे महत्त्वाचे प्रकार आहेत का?
15125,714127,D2,Banking,7.5,देशनी सरकारकडथून लडाईना टाईमले मिलिटरी जारी करतस,देशाच्या सरकारकडून लढाईसाठी मिलिटरी वेळ जारी करत आहे
15126,721447,D4,Banking,6.5,ऑनलाइन थकीत कर्ज कसे तपासायचे ?,ऑनलाइन कर्ज कसे तपासायचे?
15127,711892,D1,Banking,7.0,पासपोर्ट असलो तर खयच्या बँकेत अर्ज कसो करायचो ?,पासपोर्ट असल्यास खयच्या बँकेत अर्ज कसा करायचा?
15128,713672,D2,Agriculture,7.5,बीज बीजवाई करता वरीसभर बिवारं संभायी ठेवनं पडस,बीज बीजवाई करताना वरीसभर बिघाड सांभाळणे आणि ठेवणे पडले आहे
15129,719581,D4,Banking,6.5,बँकेत जाऊन ग्राहक नवीन मुदत खाते उघडू शकतो,बँकेत जाऊन ग्राहक नवीन मुदत खाते उघडू शकतो
15130,712309,D1,Banking,7.0,डेबिट आणि क्रेडिट कार्डचे तोटे काय आसत तर ?,डेबिट आणि क्रेडिट कार्डचे तोटे काय आहेत?
15131,712608,D2,Banking,7.5,म्युच्युअल फंडमा तज्ञ लोकेसकडथून गुंतवणूक करतस,म्युच्युअल फंडमध्ये तज्ञ जगातून गुंतवणूक करत आहेत
15132,719926,D4,Banking,6.5,आजच्या काळात कर्ज घेणे खूप सोपे आहे,आजच्या काळात कर्ज घेणे खूप सोपे आहे
15133,709226,D1,Banking,7.0,राजू माका तुझ अकाउंट नंबर दी,राजू तुला तुमचा अकाउंट नंबर दे
15134,717080,D2,Banking,7.5,"काहीवेळा , चलनवाढीमुळे रोखे दर कमी होतात",काहीवेळा चलनवाढीमुळे रोखे दर कमी होतात
15135,721993,D4,Banking,6.5,करदात्याचे पूर्ण नाव प्रविष्ट करा,करदात्याचे पूर्ण नाव प्रविष्ट करा
15136,709166,D1,Agriculture,7.0,असईच्या बिया एक ते दोन महिन्यांनी येतत,असईच्या बिया एक ते दोन महिन्यांनी येतात.
15137,714409,D2,Banking,7.5,भारतीय राजस्व सेवा म्हणजेच आयकरले आय.आर.एस आशे शाटकटमा म्हणतस,भारतीय राजस्व सेवा म्हणजे आयकर विभाग आय.आर.एस. असे म्हणतात.
15138,720484,D4,Banking,6.5,अर्थ व्यवस्थेत डेटाला खूप महत्त्व आहे,अर्थ व्यवस्थेत डेटाला खूप महत्त्व आहे
15139,706518,D1,Banking,7.0,"व्यवसायात , किंमत ह्या येक संपादन असू शकता",व्यवसायात किंमत हे एक संपादन असू शकते.
15140,712584,D2,Agriculture,7.5,जनावरस करता हिरवय ना पिके लेतस तेसना गहिरा परकार शेतस,जनावर काम करत हिरवी पिके घेतात तेवढ्या खोलीचे परकार शेतात असते
15141,721244,D4,Banking,6.5,बँक नोट म्हणजे कागदी पैशाचा तुकडा,बँक नोट म्हणजे कागदी पैशाचा तुकडा
15142,711374,D1,Agriculture,7.0,मीया थंडीत बकऱ्यांची काळजी कशी घेव ?,या थंडीत बकऱ्यांची काळजी कशी करावी?
15143,713221,D2,Banking,7.5,आय.बी.ए.एन वर सुरवातलेच तुना देश ना कोड भेटी जायी,आय.बी.ए.एन वरून तुमच्या देशाची कोड भेट होते.
15144,722778,D4,Agriculture,6.5,रोलिंग मशीन आकाराने खूप मोठे आहे,रोलिंग मशीन आकाराने खूप मोठे आहे
15145,711950,D1,Banking,7.0,यू.पी.आय करुक काय कागदपत्रा लागतत ?,यू.पी.आय. साठी काय कागदपत्रे लागतात?
15146,715439,D2,Agriculture,7.5,काही बँका साधारण शेती मशिनीकरन कर्ज देतात,काही बँका साधारण शेती मशीनवर कर्ज देतात
15147,719399,D4,Banking,6.5,आई.एम.पी.एस देखील वीस तास काम करतात ?,आई.एम.पी.एस देखील वीस तास काम करतात?
15148,711591,D1,Agriculture,7.0,ऊसाची शेती करूक कसली उपकरणा वापरतत ?,ऊसाची शेती करण्यासाठी कोणत्या उपकरणांचा वापर केला जातो?
15149,714081,D2,Banking,7.5,मनी ऑर्डर हाई शून्य धोकान चलन धाडण साधन शे,मनी ऑर्डर शून्य फसवणूक चलन धाडसाचे साधन
15150,720474,D4,Banking,6.5,मनी ऑर्डर हा पेमेंट ऑर्डरचा एक प्रकार आहे,मनी ऑर्डर हा पेमेंट ऑर्डरचा एक प्रकार आहे
15151,711954,D1,Banking,7.0,यू.पी.आय वरती पेमेंट इलो तो कसो चेक करुचो ?,यू.पी.आय वरचे पेमेंट कसे तपासायचे?
15152,712751,D2,Agriculture,7.5,पंतपरधान कृषी सिंचन योजनामा पाणीनी बचत व्हस,पंतपरधान कृषी सिंचन योजनेत पाण्याची बचत होते.
15153,720464,D4,Banking,6.5,आर.टी.जी.एस मध्ये फंड ट्रान्सफर देखील आहेत,आर.टी.जी.एस मध्ये फंड ट्रान्सफर देखील आहेत
15154,712478,D1,Banking,7.0,ठेव आणि गुंतवणूकी किती रकमेपर्यंत करू शकतव ?,ठेव आणि गुंतवणुकीची किती रक्कम करू शकता?
15155,714172,D2,Agriculture,7.5,जो कागद आपण वापरतस तो सर्वासना पैले चीनमा सापडना,जे कागद आपण वापरता तो सर्वसाधनांनी (किंवा सर्व गोष्टींनी) चीनमध्ये सापडेल.
15156,719457,D4,Agriculture,6.5,मगरी हे मोठे अर्ध जलचर सरपटणारे प्राणी आहेत,मगरी हे मोठे अर्ध जलचर सरपटणारे प्राणी आहेत
15157,707383,D1,Banking,7.0,एन.ई.एफ.टी वापरून आपण खयच्याव बँकेत पैसो पाठवू शकतव काय ?,एन.ई.एफ.टी वापरून आपण खयच्याव बँकेत पैसे पाठवू शकतो का?
15158,714949,D2,Banking,7.5,जागतिक व्यापार संघटनेत एकूण एकशे चौसष्ट सदस्य आहेत,जागतिक व्यापार संघटनेत एकूण एकशे चौसष्ट सदस्य आहेत
15159,721384,D4,Banking,6.5,तुम्ही रिटेल बँकेत बचत खाते उघडावे,तुम्ही रिटेल बँकेत बचत खाते उघडावे
15160,710997,D1,Banking,7.0,लोका अनेकदा बचत बँकेत खाता उघडतत,लोक अनेकदा बचत बँकेत खाते उघडतात
15161,712990,D2,Banking,7.5,सरकारमझारथून आल्लग व्हयीसन एन.जी.ओ लोकेस्ना करता काम करतस,सरकारमधून आलेले व्हिजन एन.जी.ओ लोकांसाठी काम करत आहे
15162,720637,D4,Agriculture,6.5,दालचिनी देखील औषध म्हणून वापरली जाते,दालचिनी देखील औषध म्हणून वापरली जाते
15163,711515,D1,Agriculture,7.0,फेरोमेन सापळे टाकूचो खर्च किती हा ?,फेरोमेन सापळे टाकण्याचा खर्च किती आहे?
15164,714585,D2,Agriculture,7.5,आवळानं सरबत उंडायामा पीदं का उननी तकलीब व्हस नै,आवळानं सरबत उंडायामा पिणे का आणि त्याची तकलीफ कशी आहे?
15165,721855,D4,Banking,6.5,शेअर सर्टिफिकेट हे कायदेशीर दस्तऐवज आहे,शेअर सर्टिफिकेट हे कायदेशीर दस्तऐवज आहे
15166,712276,D1,Banking,7.0,निधी हस्तांतरण म्हणजे नेमक्या काय आसा ?,निधी हस्तांतरण म्हणजे नेमके काय आहे?
15167,716760,D2,Banking,7.5,राजू तुला चेक द्वारे पैसे पाठवून देईन,राजू तुला चेकद्वारे पैसे पाठवून देईन
15168,723272,D4,Agriculture,6.389,शत्रु किडे अन मित्र किडे कसे ओळखता येईन ?,शत्रू आणि मित्र किडे कसे ओळखता येईन?
15169,711782,D1,Agriculture,7.0,भारतात दरमहा ई कॉमर्स कडणा कितको फायदो होता ?,भारतात दरमहा ई कॉमर्सचा किती फायदा होता?
15170,712715,D2,Banking,7.5,अनुभव नसाना कारण राकेश बाजारपेठपावत पहुसना नयी,अनुभवामुळे कारण राकेश बाजारपेठपाव पोहोचला आहे नवीन
15171,723851,D4,Banking,6.375,क्रेडिट कार्ड मले कोठ कोठ वापरता येईन ?,क्रेडिट कार्ड मला कुठे वापरता येईल?
15172,711266,D1,Agriculture,7.0,सरकार कश्या प्रकारान लोकांक आर्थिक मदत करता ?,सरकार कोणत्या प्रकारच्या लोकांना आर्थिक मदत करते?
15173,716987,D2,Agriculture,7.5,गुटखाटाबकू वगैरेसाठी सुपारी नट वापरतात,गुटखाटाबकू वगैरेसाठी सुपारी नट वापरतात
15174,723561,D4,Agriculture,6.375,आलू काढल्यावर थो आलू साठवून कसा ठेवाव ?,आलू काढल्यावर थोडे आलू कसे साठवावे?
15175,711396,D1,Agriculture,7.0,शेंगे लाल मातीयेत येतत काय ?,लाल मातीमध्ये काय येत आहे?
15176,713768,D2,Banking,7.5,फीनटेक ना ऑनलाइन म्युच्युअल फंड साठे अर्ज करा,फीनटेकवर ऑनलाइन म्युच्युअल फंड साठेसाठी अर्ज करा
15177,723687,D4,Banking,6.357,के.वाय.सी कराच कोनचे कोनचे कागद लागते ?,केवायसीसाठी कोणते कागदपत्रे लागतात?
15178,711348,D1,Agriculture,7.0,अवकाळी पावसाचे मिरचेर काय परिणाम होता ?,अवकाळी पावसाचे काय परिणाम झाले?
15179,713842,D2,Agriculture,7.5,हरितगृहना वायु उत्सर्जन करामा द्रव जैवइंधन देस,हरितगृहाचे वायू उत्सर्जन द्रव जैवइंधन द्या
15180,723703,D4,Banking,6.0,मले मोबाईल रिचार्ज ऑनलाईन करता येईन का ?,मी मोबाईल रिचार्ज ऑनलाईन करू शकेन का?
15181,712220,D1,Banking,7.0,शासनाचो दुसरे योजना काय आसतत ?,शासनाच्या दुसरी योजना काय आहे?
15182,713578,D2,Agriculture,7.5,काॅफीनं उत्पन्नमा ब्राजील देश एक नंबरवर शे,कॉफीचे उत्पन्न ब्राझील देश एक नंबरवर आहे.
15183,723741,D4,Banking,6.0,मले आर.टी.जी.एस न कितीक पैसे पाठवता येईन ?,मला आर.टी.जी.एसने किती पैसे पाठवता येतील?
15184,711273,D1,Agriculture,7.0,भात गिर्निवर नेल्यार काय करतत ?,भात नेल्यार काय करत आहे?
15185,716495,D2,Agriculture,7.5,उत्तर भारतातील लोकांना राजमा खायला आवडतो,उत्तर भारतातील लोकांना राजमा खायला आवडतो
15186,723952,D4,Banking,6.0,बिमा ऑनलाईन भरनं सोप हाय का ?,विमा ऑनलाईन भरता येतो का?
15187,712082,D1,Banking,7.0,तुमच्या बँकेत पैसे ठेऊचे काय पद्धती आसत ?,तुमच्या बँकेत पैसे ठेवण्याची काय पद्धत आहे?
15188,715078,D2,Agriculture,7.5,भात महत्त्वाच्या अन्नधान्यापैकी एक आहे,भात महत्त्वाच्या अन्नधान्यापैकी एक आहे
15189,723889,D4,Banking,6.0,यू.पी.आय न मले विजेचं बिल भरता यीन का ?,मला यूपीआय नसल्यामुळे मी विजेचे बिल का भरतो?
15190,712350,D1,Banking,7.0,खात्याचा पूर्ण स्टेटमेट कसा बगायचा ?,खात्याचा पूर्ण स्टेटमेंट कसा करायचा?
15191,712976,D2,Agriculture,7.5,राष्ट्रीय कृषी बजार भारतदेसना येक उपक्रम शे,राष्ट्रीय कृषी बाजार भारतदेसना एक उपक्रम शे
15192,723012,D4,Agriculture,6.0,ऊस या पिकाले पट पाणी देल्ल तर काय होईन ?,ऊस या पिकाले पाणी देतील तर काय होईल?
15193,708777,D1,Agriculture,7.0,कॅच क्रॉप एक प्रकारचा उत्तराधिकार रोपन हा,कॅच क्रॉप एक प्रकारचा उत्तराधिकार रोपन आहे
15194,714465,D2,Agriculture,7.5,लिंबुमा सायट्रिक ॲसिड रहास,लिंबुमा सायट्रिक ॲसिड आहे का?
15195,724007,D4,Banking,6.0,नवीन खात कितीक दिसात खोलता येते ?,नवीन खाते किती दिवसात खोलता येते?
15196,708284,D1,Agriculture,7.0,घुडामुळे कोंबडीक वायच संरक्षण मिळता,घोडीमुळे कोंबड्यांना संरक्षण मिळते
15197,714329,D2,Banking,7.5,परदेसमझारली बँकमा फक्त व्यवसाय करनाराच खातं उघाडतस,परदेसमझारली बँकेत फक्त व्यवसायच खात उघाडत आहे.
15198,724085,D4,Banking,6.0,मले तीन लाखाची एफ.डी काढता येईन का ?,मी तीन लाखाची एफ.डी काढू शकेन का?
15199,712505,D1,Banking,7.0,माका गाडीचा कर्ज मिळात काय ?,मला गाडीचे कर्ज काय मिळते?
15200,714596,D2,Banking,7.409,"ए , एस , बी हाई सनदी लेखापालनी एक समिती शे",ए एस बी हाई सनदी लेखापालनी एक समिती शे
15201,723368,D4,Agriculture,6.0,किड्याइवर कोनची फवारनी कराच पायजे ?,कोठेची फवारणी करायची आहे?
15202,711784,D1,Agriculture,7.0,कृषीव्यवसाय खेच्यामुळे वाढता हा ?,कृषीव्यवसायामुळे हे वाढते का?
15203,713927,D2,Banking,7.409,प्रमाणित चेक नी रकम आल्लक ठेवावस जवलगून चेक परत नहीं करावस,प्रमाणित चेकने रक्कम जपून ठेवा आणि चेक परत करू नका
15204,723158,D4,Agriculture,6.0,कोरडवाहू जमिनीत कोनचं पीक घ्याव ?,कोरडवाहू जमिनीत कोणते पीक घ्यावे?
15205,712393,D1,Banking,7.0,कर्जाचे हप्ते खातावरून कापून जातत काय ?,कर्जाचे हप्ते खात्यावरून कापून जात आहेत काय?
15206,717767,D2,Agriculture,7.409,आर.आर कोंबडीपालन म्हणजे काय ? हा व्यवसाय होऊ शकतो का ?,आर.आर कोंबडीपालन म्हणजे काय? हा व्यवसाय होऊ शकतो का?
15207,723107,D4,Agriculture,6.0,मोसंबीचे झाडं पिवळे काऊन पडते ?,मोसंबीची झाडे पिवळी काऊन पडतात?
15208,711791,D1,Agriculture,7.0,मी नत्रयुक्त खता ठिबक सिंचनातना देऊ शकतय काय ?,मी नत्रयुक्त खता ठिबक सिंचनातून देऊ शकतो का?
15209,714059,D2,Agriculture,7.409,"गाय , म्हैस , बकरी असा बठ्ठीसना दूध साठे उपेग व्हस","गाय, म्हैस आणि बकरी दूध देतात जे साठवले जाते आणि वापरले जाते"
15210,723721,D4,Banking,6.0,मले यू.पी.आय न किती पैसा पाठवता येईन ?,मला यूपीआयने किती पैसे पाठवता येतील?
15211,707859,D1,Agriculture,7.0,मक्यात व्हिटॅमिन सी मॉप प्रमाणात असता,मध्ये व्हिटॅमिन सी मॉप प्रमाणात असते
15212,717723,D2,Agriculture,7.4,कांदा पिकावर कोणता रोग पडतो ? तो कसा ओळखावा ?,कांदा पिकावर कोणता रोग पडतो? तो कसा ओळखावा?
15213,724023,D4,Banking,6.0,"मीन पैसे भरले , ते मले कसे पायता येईन ?","मी पैसे भरले, ते मला कसे मिळतील?"
15214,711485,D1,Agriculture,7.0,माती खयल्या कारणान खराब हुता ?,माती खयल्याचे कारणे खराब का आहेत?
15215,714626,D2,Banking,7.4,कर चुकाडा आणि कर आकारणीले विरोध करा ते काय व्हस,कर चुकाडा आणि कर आकारणीला विरोध करा ते काय?
15216,723635,D4,Banking,6.0,दर महिन्याले बिमा भरता येते का ?,प्रत्येक महिन्यात विमा भरता येतो का?
15217,710344,D1,Agriculture,7.0,बाग म्हणजे झाडा किंवा झुडपा लावणा,बाग म्हणजे झाडे किंवा झुडपे लावणे
15218,713840,D2,Agriculture,7.4,पीक नी वाढ होवांसाठी पोटॅशियम खत नी भलतीच गरज पडस,पीक आणि वाढ होण्यासाठी पोटॅशियम खताची गरज पडते
15219,723517,D4,Agriculture,6.0,संत्र्याचं झाड कायनं डौलदार बनन ?,संत्र्याचं झाड कसे डौलदार बनवायचे?
15220,711272,D1,Agriculture,7.0,मिर्ची काडले काय कीतके दिवस घरात दवरुक शकतू ?,मिर्ची घरात किती दिवस ठेवू शकतो?
15221,713753,D2,Banking,7.389,बचत खाते हाय लोकसले बचत बँकन उत्पादन खात से,बचत खाते आहे लोकांचे बचत बँकेचे उत्पादन खाते से
15222,723210,D4,Agriculture,6.0,कमी पाण्याचे पीक कोनचे रायते ?,कमी पाण्यावर पिकवलेल्या पिकांसाठी काय उपाय आहे?
15223,711956,D1,Banking,7.0,माका चतुर्थीक कर्ज मेळात काय ?,मला चतुर्थीचे कर्ज बाजारात काय आहे?
15224,717025,D2,Banking,7.389,पीअर टू पीअर लोन देऊन तुम्ही व्याज मिळवू शकता,पीअर टू पीअर कर्ज देऊन तुम्ही व्याज मिळवू शकता
15225,723374,D4,Agriculture,6.0,ढगाळ वातावरनापाई पिकावर अळी पडते का ?,ढगाळ वातावरणात पिकावर अळी पडते का?
15226,712471,D1,Banking,7.0,क्रेडिट कार्ड किती रकमेपर्यंत काढू शकतव ?,क्रेडिट कार्ड किती रकमेपर्यंत काढता येते?
15227,712768,D2,Agriculture,7.375,पंतपरधान कृषी सिंचन योजना कृषी पद्धतवर जोर देस,पंतपरधान कृषी सिंचन योजना कृषी पद्धतवर जोर देवी
15228,721380,D4,Banking,6.0,निव्वळ वर्तमान मूल्य शून्य कधी असते ?,निव्वळ वर्तमान मूल्य कधी शून्य असते?
15229,710774,D1,Agriculture,7.0,धान्य सुखवुची मशीन डिझेल आणि वीजेवर चलता,धान्याची मशीन डिझेल आणि विजेवर चालते
15230,713112,D2,Banking,7.375,एक इक्विटी सुरक्षा एक युनीट ना हिस्सा शे,एक इक्विटी सुरक्षा एक युनिटचा हिस्सा आहे
15231,719016,D4,Agriculture,6.0,गावात सरगम ला मोहरी सोबत पेरले जाते,गावात सरगमला मोहरी सोबत पेरले जाते
15232,708486,D1,Banking,7.0,यू.पी.आय पिन बनवल्यानंतर कोणाक सांगता नये,यू.पी.आय पिन बनवल्यानंतर कोणालाही सांगू नये
15233,714191,D2,Agriculture,7.375,"किराणा दुकानमा दाय , तांदूय , रेशन भेटंस","किराणा दुकानात आहे, तांदूळ, रेशन मिळेल"
15234,723284,D4,Agriculture,6.0,मोठ्या बगीचावर कायन फवारनी करावी ?,मोठ्या बगीचावर कायन फवारणी करावी?
15235,711986,D1,Banking,7.0,मी घेतलाल्या कर्जाचा व्याज काय आसा ?,मी घेतलेल्या कर्जाचे व्याज काय आहे?
15236,715232,D2,Banking,7.375,स्टॉक ब्रोकर बनण्याची पहली पायरी सब ब्रोकर असते,स्टॉक ब्रोकर बनण्याची पहिली पायरी सब ब्रोकर असते
15237,723348,D4,Agriculture,6.0,सोल्याले कशा परकारे पानी वलाव ?,पाण्याचे काय परकारे आहेत?
15238,711654,D1,Agriculture,7.0,तांदलतली खयची जात कोकणात पिकवतत ?,कोकणात तांदूळ पिकवले जाते आणि ते खाल्ले जाते का?
15239,713212,D2,Banking,7.357,अंतर्गत बँक लाभारती म्हन्जे बँक ना ग्राहक,अंतर्गत बँक म्हणजे बँकेचा ग्राहक
15240,723953,D4,Banking,6.0,बिमा काढला त मले कोनचा फायदा होईन ?,बिमा काढला तर मला कोणता फायदा होईल?
15241,711489,D1,Agriculture,7.0,सेंद्रिय कीटकनाशका किती वापरूची ?,सेंद्रिय कीटकनाशक किती वापरावे?
15242,712703,D2,Agriculture,7.357,मधमाशी न जीवनचक्र बारा महिना न रहास,मधमाशीचे जीवनचक्र बारा महिने राहत नाही
15243,723912,D4,Banking,6.0,मले मईन्याचं कर्ज वापिस करता येईन का ?,मला माझ्याचे कर्ज वापरता येईल का?
15244,710528,D1,Banking,7.0,आता बाजारात सोन्याची किंमत काय असा ?,आता बाजारात सोन्याची किंमत काय आहे?
15245,713490,D2,Agriculture,7.333,रेशीमना किडापाईन रेशीमना धागा तयार व्हस,रेशीमना किडापाईन धागा तयार झाला
15246,723982,D4,Banking,6.0,आर.टी.जी.एस कराची लिमिट कितीक रायते ?,आर.टी.जी.एस कराची मर्यादा किती आहे?
15247,706551,D1,Banking,7.0,स्टँड अप इंडिया भारत सरकारान सुरू केला,स्टँड अप इंडिया भारत सरकाराने सुरू केले
15248,713325,D2,Banking,7.333,येक इक्विटी धारकच येक शेयरधारक रहास,एक इक्विटी धारक म्हणजे एक शेअरधारक
15249,723064,D4,Agriculture,6.0,गायीच्या दुधाचा एस.एन.एफ कायनं वाढन ?,गायीच्या दुधाचा एस.एन.एफ वाढला का?
15250,706839,D1,Banking,7.0,व्याज म्हणजे सावकाराकडसून ठेवी घेणा,व्याज म्हणजे सावकाराकडून ठेवी घेणे
15251,715160,D2,Banking,7.3,राहुल आपल्या बचत खात्यात थोडे थोडे करून बचत करत आहे,राहुल आपल्या बचत खात्यात थोडे थोडे करून बचत करत आहे
15252,723173,D4,Agriculture,6.0,फुलाले आल्यावर कोनची फवारनी कराव ?,फुले आल्यावर कोणती फवारणी करावी?
15253,709276,D1,Banking,7.0,बचत खात्यावर के.वाय.सी अपडेशन कसा करतत ?,बचत खात्यावर के.वाय.सी अपडेट कसे केले जाते?
15254,714048,D2,Banking,7.0,सिक्युरिटी आर्थिक साधनसना संदर्भ देस,सिक्युरिटी आर्थिक साधनांचा संदर्भ दे
15255,723494,D4,Agriculture,6.0,कोनकोनचे जनावरं पाना काऊन चोरते ?,कोणते प्राणी पाने का चोरतात?
15256,710593,D1,Banking,7.0,ऑटो लोन घेवसाठी स्वताचा घर असणा गरजेचा हा,ऑटो लोन घेण्यासाठी स्वतःचे घर असणे गरजेचे आहे.
15257,713353,D2,Agriculture,7.0,नागपूरनी संत्री आख्खा जगमा परसिद्ध शे,नागपूरची संत्री जगामध्ये प्रसिद्ध आहेत
15258,723105,D4,Agriculture,6.0,संत्र्यावर पिवळे डाग कायनं पडते ?,संत्र्यावर पिवळे डाग का पडतात?
15259,712306,D1,Banking,7.0,डेबिट आणि क्रेडिट कार्डचो फायदो काय ?,डेबिट आणि क्रेडिट कार्डचे फायदे काय?
15260,713322,D2,Banking,7.0,तु आर्थिक इश्लेषक म्हनीसन कितला पैसा कमावस,तुम्ही आर्थिक व्यवसायात किती पैसे कमावता?
15261,723268,D4,Agriculture,6.0,ठिबक सिंचनचा फायदा काय राह्यतो ?,ठिबक सिंचनचा फायदा काय आहे?
15262,706634,D1,Banking,7.0,कर प्रतिकार ह्या थेट कृतीचो एक प्रकार असा,कर प्रतिकार ही थेट कृती एक प्रकार आहे
15263,714691,D2,Agriculture,7.0,चहानी पत्ती तयार हुवाले तीन वरीस लागतंस,चहानी कागद तयार झाले तीन वेळा लागतात
15264,723707,D4,Banking,6.0,मले भरलेल इलेक्ट्रिक बिल कस पायता येईन ?,मला भरलेलं इलेक्ट्रिक बिल कसे भरावे लागेल?
15265,710214,D1,Agriculture,7.0,कॅरम्बोलाक स्टार फळ म्हणान पण ओळखतत,कॅरम्बोलाक स्टार फळ म्हणत पण ओळखत आहे
15266,718269,D2,Banking,7.0,के.वाय.सी कशासाठी वापरतात ?,के.वाय.सी कशासाठी वापरतात?
15267,723779,D4,Banking,6.0,मले मोबाईलच रिचार्ज ऑनलाईन करता येईन का ?,मी मोबाईल ऑनलाईन रिचार्ज करू शकेन का?
15268,710550,D1,Banking,7.0,आर.बी.आय मोठ्या प्रमाणावर आर्थिक कामा बघता,आर.बी.आय मोठ्या प्रमाणावर आर्थिक कामे पाहते
15269,718446,D2,Banking,7.0,मला ऑनलाईन पेमेंटसाठी मोबाईल आवश्यक आहे का ?,मला ऑनलाईन पेमेंटसाठी मोबाईल आवश्यक आहे का?
15270,723301,D4,Agriculture,6.0,कांद्याची साठवन कसी करा लागते ?,कांद्याची साठवण कशी करावी लागते?
15271,711502,D1,Agriculture,7.0,तुषार सिंचन भुईमुगाक चांगला हा काय ?,तुषाराचे सिंचन भुईमुगासाठी चांगले आहे का?
15272,717953,D2,Banking,7.0,कर्ज परतफेड करण्याच्या पद्धती समजून सांगा,कर्ज परतफेडीच्या पद्धती समजून सांगा
15273,723764,D4,Banking,6.0,मले दुहेरी बचत खातं काढता येईन का ?,मला दुहेरी बचत खाते काढता येईल का?
15274,707878,D1,Agriculture,7.0,माका वांग्याचे भरीत आवडता,मला वांग्याचे भरीत आवडते
15275,718172,D2,Banking,7.0,शिल्लक रकमेवर मला किती टक्के व्याज मिळेल ?,शिल्लक रकमेवर मला किती टक्के व्याज मिळेल?
15276,724120,D4,Banking,6.0,क्रेडिट कार्ड का हाय ?,क्रेडिट कार्ड का आहे?
15277,708437,D1,Banking,7.0,भारतात दिवाळखोरीसाठी खयचे कायदे बनलले आसत ?,भारतात दिवाळखोरीसाठी कायदे बनले होते का?
15278,717530,D2,Agriculture,7.0,गहू लागवडीसाठी योग्य बियाणे कोणते ?,गहू लागवडीसाठी कोणते योग्य बियाणे आहे?
15279,723409,D4,Agriculture,6.0,कोरडवाहू शेती म्हनजे का रायते ?,कोरडवाहू शेती म्हणजे काय?
15280,706837,D1,Banking,7.0,हेज ह्या गुंतवणूकीचा स्थिती असा,या गुंतवणुकीची स्थिती अशी आहे
15281,718453,D2,Banking,7.0,आरोग्य विम्याचे कोणते पर्याय उपलब्ध आहेत ?,आरोग्य विम्याचे कोणते पर्याय उपलब्ध आहेत?
15282,723682,D4,Banking,6.0,बँकेतून हर महिन्याले पैसा कटन का ?,बँकेतून दर महिन्याला पैसे का काढले?
15283,708562,D1,Agriculture,7.0,सुरवंटाक सुकवन कच्चा रेशीम मेळवला जाता,सुरवंटाक सुकवून कच्चा रेशीम मेळवला जातो
15284,717570,D2,Agriculture,7.0,द्राक्ष काढणीसाठी कोणते उपकरण उपयुक्त आहे ?,द्राक्षाची काढणीसाठी कोणते उपकरण उपयुक्त आहे?
15285,724154,D4,Banking,6.0,मले किती बँकेत बचत खात खोलता येते ?,मला किती बँकेत बचत खाते उघडता येते?
15286,708856,D1,Banking,7.0,शहरांतल्यानी बॅन्केची लूट होता,शहरातील बँकेची लूट झाली
15287,717295,D2,Agriculture,7.0,बुरशीजन्य रोगाची कोणकोणती लक्षणे आहेत ?,बुरशीजन्य रोगाची कोणकोणती लक्षणे आहेत?
15288,723832,D4,Banking,6.0,मले हर मईन्याले कर्ज वापिस करता येईन का ?,मला हे कर्ज वापरता येईल का?
15289,708686,D1,Agriculture,7.0,परागण हवा आणि किड्यांच्या मदतीन होता,परागण हवा आणि कीटकांच्या मदतीने झाले.
15290,717437,D2,Agriculture,7.0,एका गावरान कोंबडीची किंमत किती असते ?,एका गावातील कोंबडीची किंमत किती आहे?
15291,724067,D4,Banking,6.0,कर्ज कवापर्यंत वापिस करन जरुरी रायते ?,कर्ज कशापर्यंत वापरायचे आहे का?
15292,711099,D1,Banking,7.0,स्टॉक ब्रोकर आपले ग्राहक शोधतत,स्टॉक ब्रोकर आपले ग्राहक शोधत आहे
15293,714582,D2,Banking,7.0,आर्थिक नियमनमा ग्राहकस्ले संरक्षण भेटस पण कशं,आर्थिक नियमांमध्ये ग्राहक संरक्षण असते पण काय?
15294,723903,D4,Banking,6.0,आर.टी.जी.एस न कितीक पैसे पाठवता येते ?,आर.टी.जी.एस द्वारे किती पैसे पाठवता येतात?
15295,707442,D1,Agriculture,7.0,कीटकनाशका शेती आणि उद्योगात वापरली जातत,कीटकनाशके शेती आणि उद्योगात वापरली जातात
15296,713769,D2,Agriculture,7.0,एक कृषि सहाय्यक ले शेतकरिसना सहकारी म्हनिस वयकतस,एक कृषी सहाय्यक शेतकरी सहकारी आहे
15297,723636,D4,Banking,6.0,बिम्याचा दावा कसा करा लागते ?,बिमण्याचा दावा कसा करावा?
15298,708820,D1,Agriculture,7.0,किटांका ओळखूक हस्तलेंसचा वापर पण करू शकताव,किटांका ओळखण्यासाठी हस्तलेंसचा वापर पण करता येतो.
15299,715783,D2,Agriculture,7.0,"पोषक अगर तो पदार्थ आहे , जो शरीराला समृद्ध बनवतो",पोषक तो पदार्थ आहे जो शरीराला समृद्ध बनवतो
15300,723265,D4,Agriculture,6.0,नैनो यूरिया कस वापराले पायजे ?,नैनो यूरिया कसे वापरावे?
15301,709257,D1,Banking,7.0,सुभाष फ्युचर बाजारात दलालाचा काम करता,सुभाष फ्युचर बाजारात दलालाचे काम करतो
15302,717208,D2,Banking,7.0,जोखीम मुक्त दर देखील आर्थिक गणनेत एक आवश्यक इनपुट आहे,जोखीम मुक्त दर देखील आर्थिक गणनेत एक आवश्यक इनपुट आहे
15303,723220,D4,Agriculture,6.0,पीक सवंगल्यावर ऊन द्याले पायजे का ?,पीक संपेनंतर ऊन द्यावे का?
15304,712015,D1,Banking,7.0,विमा सौरक्षणाचे येगयेगळे प्रकार कसले आसत ?,विमा सौरक्षणाचे कोणते प्रकार आहेत?
15305,712775,D2,Agriculture,7.0,टरबुजमा अँटीऑक्सीडांटना गुणधर्म राहतस,तरबुजांचे अँटीऑक्सीडंट गुणधर्म असतात
15306,724022,D4,Banking,6.0,ऑनलाईन पैसे देण सोप हाय का ?,ऑनलाइन पैसे देणे सोपे आहे का?
15307,711300,D1,Agriculture,7.0,चिकण मातीत खयली शेती बरी होता ?,"चिकण मातीत उगवले, शेती चांगली होती का?"
15308,712581,D2,Agriculture,7.0,शेतसमा झाडे लावतस त्याले कृषी वनीकरण म्हणतस,शेतजमिनीवर झाडे लावत असताना त्याला कृषी वनीकरण म्हणत असते.
15309,723606,D4,Banking,6.0,मले हर दोन मयीन्यानंतर कर्ज भरता येईन का ?,मला दोन महिन्यांनंतर कर्ज भरता येईल का?
15310,712399,D1,Banking,7.0,खाता उघडताना वारसदार जोडूचो लागता काय ?,खाता उघडताना वारसदार जोडणे काय लागते?
15311,716756,D2,Banking,7.0,भाऊ मी सध्या बँक परीक्षेची तयारी करत आहे,मी सध्या बँक परीक्षेची तयारी करत आहे
15312,721042,D4,Agriculture,6.0,पचन संस्थेसाठी कच्ची पपई उपयुक्त आहे,पचन संस्थेसाठी कच्ची पपई उपयुक्त आहे
15313,709599,D1,Banking,7.0,मी चुकून एकदा चेक मध्ये खाली जागा सोडलय,मी चुकून एकदा चेकमध्ये खाली जागा सोडली
15314,715465,D2,Agriculture,7.0,कोको वर प्रक्रिया करायला खूप वेळ लागतो,कोकोवर प्रक्रिया करायला खूप वेळ लागतो
15315,720881,D4,Agriculture,6.0,मधमाश्या फुलांचा रस काढून मध बनवतात,मधमाश्या फुलांचा रस काढून मध बनवतात
15316,710790,D1,Banking,7.0,परताव्याच्या अंतर्गत दराशी तुलना करा,परताव्याच्या अंतर्गत दराशी तुलना करा
15317,714503,D2,Agriculture,7.0,शेतीमुये गनच लोके तुमनाशी जोडावतंस,शेतीमुळे अनेक लोक तुमच्याशी जोडले जात आहेत
15318,723020,D4,Agriculture,6.0,बुरशीवर कामाचं औषध कोनचं ?,बुरशीवर कामाचे औषध कोणते?
15319,709289,D1,Banking,7.0,"फोनपेचा मुख्यालय बॅन्गलोर , भारतात असा","फोनपेचे मुख्यालय बंगळूरमध्ये आहे, भारत."
15320,714925,D2,Agriculture,7.0,गाजराची शेती पूर्ण वर्षभर केली जाऊ शकते,गाजराची शेती पूर्ण वर्षभर केली जाऊ शकते
15321,723688,D4,Banking,6.0,मले ऑनलाईन बँक खाते काढता येते का ?,मला ऑनलाईन बँक खाते काढता येते का?
15322,708843,D1,Agriculture,7.0,बास्ट फायबर फ्लोएम मधना मिळता,बास्ट फायबर फ्लोएममधून मिळते
15323,713195,D2,Banking,7.0,इमानदार दुकानदार वस्तूसनी किंमत नीट लावतस,इमानदार दुकानदार वस्तूंची किंमत नीट लावतो
15324,719122,D4,Agriculture,6.0,हे पीक विविध वातावरणात उगवली जाते,हे पीक विविध वातावरणात उगवले जाते
15325,710835,D1,Banking,7.0,फ्लिपकार्ड ई कॉमर्सचाच एक महत्वपूर्ण उदाहरण असा,फ्लिपकार्ड ई-कॉमर्सचे एक महत्त्वाचे उदाहरण आहे
15326,718096,D2,Banking,7.0,बँकेचं मिनी स्टेटमेन्ट कसं बघता येईल ?,बँकेचे मिनी स्टेटमेंट कसे बघता येईल?
15327,721514,D4,Banking,6.0,क्रेडिट कार्डवरही कर्ज मिळते का ?,क्रेडिट कार्डवरही कर्ज मिळते का?
15328,711012,D1,Banking,7.0,विनियमातना आपण आपणाक गरजेचे वस्तु खरेदी करु शकतव,नियमांचे पालन केल्यास आपण आपल्यासाठी आवश्यक वस्तू खरेदी करू शकता
15329,718049,D2,Banking,7.0,मी नेट पॅक ऑनलाईन रिचार्ज कशाप्रकारे करु ?,मी नेट पॅक ऑनलाईन रिचार्ज कसे करू?
15330,721467,D4,Banking,6.0,एस.बी.आई ही देखील एक व्यापारी बँक आहे,एस.बी.आय ही देखील एक व्यापारी बँक आहे
15331,711822,D1,Banking,7.0,मी कीतक्या दिवसांनी पैसे परत फेडुक शकतय ?,मी किती दिवसांनी पैसे परत फेडू शकतो?
15332,717666,D2,Agriculture,7.0,कांदा काढल्यावर शेड उभारणी कशी करावी ?,कांदा काढल्यावर शेड उभारणी कशी करावी?
15333,720917,D4,Agriculture,6.0,वनीकरण हा राज्य संरक्षित उद्योग आहे,वनीकरण हा राज्य संरक्षित उद्योग आहे
15334,708098,D1,Banking,7.0,"सरकारी खर्च महागाई न करता , कर आकारून दिलो जाता",सरकारी खर्च महागाई न करता कर आकारून दिला जातो
15335,716986,D2,Agriculture,7.0,उंदीरनाशके एका वापरानंतर प्राणघातक असतात,उंदीरनाशके एका वापरानंतर प्राणघातक असतात
15336,719068,D4,Agriculture,6.0,चहाचा वापर जगभरात औषध म्हणून केला जातो,चहाचा वापर जगभरात औषध म्हणून केला जातो
15337,707225,D1,Banking,7.0,चेक ह्या बँकिंग उद्योगाचो कणा असा,चेक ह्या बँकिंग उद्योगाचा कणा आहे
15338,713432,D2,Agriculture,7.0,सुवर्ण धाराना पाखरे अंडा आनी मटन करता पायतस,सुवर्ण प्रवाहासाठी पक्षी अंडे आणि मांस तयार करतात
15339,720871,D4,Agriculture,6.0,शेतात काम करणारे शेतकरी,शेतात काम करणारे शेतकरी
15340,710974,D1,Banking,7.0,राजू तुका ऑनलाईन पण शेयर प्रमाणपत्र गावु शकता,राजू ऑनलाईन शेअर प्रमाणपत्र घेऊ शकतो
15341,718539,D2,Banking,7.0,बँकेत रोज पावती भरुन कोणते कर्ज मिळते का ?,बँकेत रोज पावती भरून कोणते कर्ज मिळते का?
15342,719911,D4,Banking,6.0,आजकाल सर्व प्रकारच्या किमती वाढत आहेत,आजकाल सर्व प्रकारच्या किमती वाढत आहेत
15343,711076,D1,Banking,7.0,साधारण व्याज फक्त मुद्दलावर मोजला जाता,साधारण व्याज फक्त मुद्दलावर मोजले जाते.
15344,717318,D2,Agriculture,7.0,ढगाळ हवामान कोणते असते ?,ढगाळ हवामान कोणते असते?
15345,722198,D4,Banking,6.0,मला आता दुकानात जायची गरज नाही का ?,मला आता दुकानात जायची गरज नाही का?
15346,709470,D1,Banking,7.0,तुका तुझ्या कंपनीक एक शेअरहोल्डरची गरज असा,तुला तुझ्या कंपनीचा एक शेअरहोल्डर असणे आवश्यक आहे
15347,718162,D2,Banking,7.0,कोणकोणत्या बँका यू.पी.आय सेवा देतात ?,कोणकोणत्या बँका यूपीआय सेवा देतात?
15348,721798,D4,Agriculture,6.0,प्रत्येक घरात हिरवळीचे खत बनवले जाते,प्रत्येक घरात हिरवळीचे खत बनवले जाते
15349,709318,D1,Agriculture,7.0,अक्रोडांत भरपूर पोशक तत्वा आसतत,अक्रोडांत भरपूर पोषक तत्व असते
15350,718247,D2,Banking,7.0,एकावेळी मला किती पैसे जमा करता येतात ?,एकावेळी मला किती पैसे जमा करता येतात?
15351,721833,D4,Agriculture,6.0,प्रत्येक शुभकार्यात हळदीची गरज असते,प्रत्येक शुभकार्यात हळदीची गरज असते
15352,710739,D1,Banking,7.0,तु कमर्शिअल बँकेत बचत खाता जमा पण करु शकतस,तुम्ही कमर्शियल बँकेत बचत खाते जमा करू शकता
15353,717912,D2,Agriculture,7.0,मका व भुईमूगाची साठवण कशाप्रकारे करावी ?,मका व भुईमूगाची साठवण कशाप्रकारे करावी?
15354,722347,D4,Banking,6.0,आता जगात अनेक ऑनलाइन पेमेंट पद्धती आहेत,आता जगात अनेक ऑनलाइन पेमेंट पद्धती आहेत
15355,709277,D1,Banking,7.0,पेपल ऑनलाईन पैशे पाठवुची सुविधा देता,पेपल ऑनलाईन पैसे पाठवण्याची सुविधा देते
15356,718305,D2,Banking,7.0,यू.पी.आय साठी खाते क्रमांक आवश्यक आहे का ?,यू.पी.आय साठी खाते क्रमांक आवश्यक आहे का?
15357,722216,D4,Agriculture,6.0,रवीला पाइनची सुपारी खायला आवडते,रवीला पाइनची सुपारी खायला आवडते
15358,708716,D1,Agriculture,7.0,किटकांच्या हमल्यात झाडा सुकान जातत,कीटकांची भेट झाली तर झाडाचा रस जात आहे
15359,717333,D2,Agriculture,7.0,मोबाईलवर बाहेरगावचा बाजारभाव कसा कळू शकतो ?,मोबाईलवर बाहेरगावाचा बाजारभाव कसा कळू शकतो?
15360,721391,D4,Banking,6.0,तुम्ही फोनवर आई.एम.पी.एस देखील वापरू शकता,तुम्ही फोनवर आय.एम.पी.एस देखील वापरू शकता
15361,709140,D1,Agriculture,7.0,दमट वातावरणामुळे पावसाची शक्यता वाढता,दमट वातावरणामुळे पावसाची शक्यता वाढते
15362,718437,D2,Banking,7.0,मला तीन महिन्याकरिता ठेव कशी ठेवता येईल ?,मला तीन महिन्यांसाठी ठेव कशी करावी?
15363,720541,D4,Agriculture,6.0,बोगनविले ही फुलांची वेल आहे,बोगनविले ही फुलांची वेल आहे
15364,712414,D1,Banking,7.0,बँक आपल्याला ऑनलाइन व्यवहार करायला देता काय ?,बँक आपल्याला ऑनलाइन व्यवहार करायला देते काय?
15365,717341,D2,Agriculture,7.0,कृषी बाजारवर ट्रॅक्टर खरेदी करता येईल का ?,कृषी बाजारवर ट्रॅक्टर खरेदी करता येईल का?
15366,722690,D4,Banking,6.0,तारण हे सुरक्षित कर्जाचे उदाहरण आहे,तारण हे सुरक्षित कर्जाचे उदाहरण आहे
15367,707376,D1,Banking,7.0,एका दिवसात तू किती पैसे देऊ शकतस ?,एका दिवसात तुम्ही किती पैसे देऊ शकता?
15368,718098,D2,Banking,7.0,बँक खाते किंवा नाव दाखवते म्हणजे काय ?,बँक खाते किंवा नाव दाखवते म्हणजे काय?
15369,721312,D4,Banking,6.0,परवडणारे दुकान खूप फायदेशीर ठरू शकते,परवडणारे दुकान खूप फायदेशीर ठरू शकते
15370,708439,D1,Banking,7.0,भारतात भरपूर लोक पे.टी.एम चो वापर करतत,भारतात भरपूर लोक पी.टी.एम वापरत आहेत
15371,718229,D2,Banking,7.0,मी यू.पी.आय मध्ये क्यू.आर कोड कसा वापरु शकते ?,मी यू.पी.आय मध्ये क्यू.आर कोड कसे वापरू शकते?
15372,720153,D4,Agriculture,6.0,जैवइंधन वापरून वाहने धूर सोडत नाहीत,जैवइंधन वापरून वाहने धूर सोडत नाहीत
15373,710217,D1,Agriculture,7.0,कॉफीचा उत्पादन डोंगराळ भागांत घेतत,कॉफीचे उत्पादन डोंगराळ भागांत केले जाते.
15374,717642,D2,Agriculture,7.0,बोंडअळी साठी कोणते किटकनाशक वापरावे ?,बोंडअळीसाठी कोणते कीटकनाशक वापरावे?
15375,719544,D4,Agriculture,6.0,आज भारतात अनेक कृषी योजना फोफावत आहेत,आज भारतात अनेक कृषी योजना चालू आहेत
15376,709163,D1,Agriculture,7.0,पावसावर अवलंबून असना शेतीसाठी समस्या हा,शेतीसाठी पावसावर अवलंबून असणे ही समस्या आहे
15377,718310,D2,Banking,7.0,नॉन बँकिंग क्षेत्रात व्यवहार कसे करतात ?,नॉन बँकिंग क्षेत्रात व्यवहार कसे केले जातात?
15378,719010,D4,Agriculture,6.0,बांबू स्टेम लांब आणि पोकळ असते,बांबूचा स्टेम लांब आणि पोकळ असतो.
15379,708346,D1,Agriculture,7.0,निसर्गात नदीमुळे पाणी सगळीकडे पसारता,निसर्गात नदीमुळे पाणी सगळीकडे वाहते
15380,717810,D2,Agriculture,7.0,रोग नियंत्रण औषधांची नावे सांगा ?,रोग नियंत्रणाचे औषधांची नावे सांगा?
15381,719730,D4,Banking,6.0,आर.टी.जी.एस मध्ये बँक खाते असणे आवश्यक आहे,आर.टी.जी.एस मध्ये बँक खाते असणे आवश्यक आहे
15382,710853,D1,Agriculture,7.0,बियाणांची बचत आणि देखभाल सरकारना करूक हवी,सरकारने बियाणांची बचत आणि देखभाल करावी हवी
15383,718576,D2,Banking,7.0,डेबिट आणि क्रेडिट कार्ड मध्ये काय फरक आहे ?,डेबिट आणि क्रेडिट कार्डमध्ये काय फरक आहे?
15384,721415,D4,Banking,6.0,अर्थ संकल्पात बँक फसवणूक कशी टाळता येईल ?,अर्थ संकल्पात बँक फसवणूक कशी टाळता येईल?
15385,707514,D1,Agriculture,7.0,जगभरात शेकडो मेंढ्यांच्ये जाती आसत,जगभरात शेकडो मेंढ्यांच्या जाती असतात
15386,717385,D2,Agriculture,7.0,ऊसाची मळी हे खत शेतीसाठी उपयुक्त आहे का ?,ऊसाची मळी हे खत शेतीसाठी उपयुक्त आहे का?
15387,721826,D4,Agriculture,6.0,पावसाळ्यात तोराई पिकवली जाते,पावसाळ्यात तोरई पिकवली जाते
15388,710041,D1,Agriculture,6.9,मेथीची पाना वापरूक तयार असत त्यात कडू घटक कमी असत,मेथीच्या पानांचा वापर तयार होता आणि त्यात कडू घटक कमी होता.
15389,717985,D2,Banking,7.0,आरोग्य विम्याचा कालावधी किती असतो ?,आरोग्य विम्याचा कालावधी किती असतो?
15390,719695,D4,Banking,6.0,काका परदेशात पैसा कुठे ठेवतात ?,काका परदेशात पैसा कुठे ठेवतात?
15391,709813,D1,Banking,6.9,"एअरटेल थँक्स ॲपवरून विजेचा बिल , गॅस चा बिल भरा","एअरटेल थँक्स ॲपवरून विजेचे बिल, गॅसचे बिल भरा"
15392,717545,D2,Agriculture,7.0,गहू पेरणीनंतर किती दिवसात औषध फवारणी करावी ?,गहू पेरणीनंतर किती दिवसात औषध फवारणी करावी?
15393,720631,D4,Agriculture,6.0,ब्लू वॉटर लिली हे निळे फूल आहे,ब्लू वॉटर लिली हे निळे फूल आहे
15394,711281,D1,Agriculture,6.889,शेतीक लागणारे मशीनी घेवक खयचो ऍप घेवक होयो ?,शेतीसाठी लागणारी मशीन ॲपने घेता येईल का?
15395,716973,D2,Agriculture,7.0,बेल फळ शरीराशी संबंधित अनेक समस्या दूर करते,बेल फळ शरीराशी संबंधित अनेक समस्या दूर करते
15396,719163,D4,Agriculture,6.0,रमदानात कॅल्शियम मुबलक प्रमाणात आढळते,रमदानात कॅल्शियम मुबलक प्रमाणात आढळते
15397,706881,D1,Banking,6.889,"नाणो म्हणजे धातूचो लहान , सपाट , गोल तुकडो","नाणो म्हणजे धातूचे लहान, सपाट, गोल तुकडे"
15398,717233,D2,Banking,7.0,आजकाल अनेक बँका डिजिटल आर्थिक सेवा पुरवतात,आजकाल अनेक बँका डिजिटल आर्थिक सेवा पुरवतात
15399,720557,D4,Agriculture,6.0,आता खेचर पशुधन पाळणेही शक्य झाले आहे,आता खेचर पशुधन पाळणेही शक्य झाले आहे
15400,712064,D1,Banking,6.875,ऑनलाईन कर्ज फेडूचे काय मार्ग आसत काय ?,ऑनलाईन कर्ज फेडण्याचे काय मार्ग आहेत?
15401,715185,D2,Agriculture,7.0,विस्तृत शेती ही एक कृषी उत्पादन पद्धत आहे,विस्तृत शेती ही एक कृषी उत्पादन पद्धत आहे
15402,720643,D4,Agriculture,6.0,थंडाईतही पुदिना वापरला जातो,थंडाईतही पुदिना वापरला जातो
15403,712370,D1,Banking,6.875,नवीन खाता काढूक काय काय कागदपत्रा लागतली ?,नवीन खाते उघडण्यासाठी काय काय कागदपत्रे लागतात?
15404,713983,D2,Agriculture,7.0,रेशीमना किडा या तुति न्या झाडवर राहतस,रेशीमना किडा त्या झाडवर राहत आहेत
15405,724217,D4,Banking,6.0,हर मईन्याले कितीक कर्ज वापिस करू सकतो ?,सर्व पैसे वापरून किती कर्ज करू शकतो?
15406,708627,D1,Banking,6.875,संस्थागत बचत खाता कोण कोण उघडू शकतत ?,संस्थागत बचत खाता कोण कोण उघडू शकतात?
15407,716601,D2,Banking,7.0,परावर्तनाच्या बाबतीत काय करणे योग्य आहे,परावर्तनाच्या बाबतीत काय करणे योग्य आहे
15408,720531,D4,Agriculture,6.0,मुलांना आंबा सर्वाधिक आवडतो,मुलांना आंबा सर्वाधिक आवडतो
15409,710359,D1,Agriculture,6.875,भाताचे बासमती आणि बिगर बासमती अशे प्रकार असत,भाताचे बासमती आणि बिगर बासमती असे प्रकार आहेत
15410,712696,D2,Banking,7.0,वर्तमान मूल्य कायम ठेवाणाकरता कर्जवर याज आकारतस,वर्तमान मूल्य कायम ठेवण्यासाठी कर्जवर आकारले जाते
15411,719586,D4,Agriculture,6.0,उगवणात बी अंकुरते आणि विकसित होते,उगवणात बी अंकुरते आणि विकसित होते
15412,712500,D1,Banking,6.857,यू.पी.आय कोणा कोणा साठी उपयोगाचा आसा ?,यू.पी.आय कोणासाठी उपयोगाचा आसा आहे?
15413,713601,D2,Banking,7.0,तू कधी एकाधी ब्यांकमा काम करेल शे का ?,तू कधी बँकेत काम करेल आणि का?
15414,719699,D4,Banking,6.0,गायींचाही विमा होते का ?,गायींचाही विमा होते का?
15415,712422,D1,Banking,6.857,विमो उघडूक काय काय कागदपत्र लागतत ?,विमो उघडुकीसाठी काय काय कागदपत्रे लागतात?
15416,717831,D2,Agriculture,7.0,शेतीला जोड धंदा म्हणून मी काय करु शकतो ?,शेतीला जोडधंदा म्हणून मी काय करू शकतो?
15417,721516,D4,Banking,6.0,आपल्याला अनुदान रक्कम परत मिळणार नाही,आपल्याला अनुदान रक्कम परत मिळणार नाही
15418,712469,D1,Banking,6.857,क्रेडिट कार्ड काढूसाठी काय काय लागत ?,क्रेडिट कार्ड काढण्यासाठी काय काय लागत?
15419,718052,D2,Banking,7.0,ऑनलाइन शॉपिंग चे पैसे कसे पाठवता येतील ?,ऑनलाइन शॉपिंगचे पैसे कसे पाठवता येतील?
15420,720894,D4,Agriculture,6.0,एपिओलॉजी पाहणे फार दुर्मिळ आहे,एपिओलॉजी पाहणे फार दुर्मिळ आहे
15421,710847,D1,Agriculture,6.833,बाजरी मोती बाजरी नावान प्रसिध्द असा,बाजरी मोती बाजरी नावान प्रसिद्ध आहे
15422,718598,D2,Banking,7.0,पंतप्रधान योजनेसाठी मला अर्ज करता येईल का ?,पंतप्रधान योजनेसाठी मला अर्ज करता येईल का?
15423,720530,D4,Agriculture,6.0,भाजीत चिंच टाकल्याने चव वाढते,भाजीत चिंच टाकल्याने चव वाढते
15424,711948,D1,Banking,6.833,योजनांचे प्रकार कसले कसले असतत ?,योजनांचे प्रकार कोणते आहेत?
15425,717586,D2,Agriculture,7.0,पीक संरक्षण यंत्रणेसाठी कर्ज मिळते का ?,पीक संरक्षण यंत्रणेसाठी कर्ज मिळते का?
15426,720971,D4,Agriculture,6.0,पौष्टिक घटक विस्तृत बिनमध्ये आढळतात,पौष्टिक घटक विस्तृतमध्ये आढळतात
15427,712361,D1,Banking,6.833,कर्जाक काय काय कागदपत्रा लागतत ?,कर्जासाठी काय कागदपत्रे लागतात?
15428,717390,D2,Agriculture,7.0,सिंचन पद्धतीमुळे खरोखर फायदा होतो का ?,सिंचन पद्धतीमुळे खरोखर फायदा होतो का?
15429,721520,D4,Banking,6.0,ट्रस्ट फंड क्लिष्ट सिद्ध होऊ शकतात,ट्रस्ट फंड क्लिष्ट सिद्ध होऊ शकतात
15430,712005,D1,Banking,6.833,गुंतवणूक कसल्या कसल्या प्रकाराची असता ?,गुंतवणूक कोणत्या प्रकारची आहे?
15431,718097,D2,Banking,7.0,मला बँक स्टेटमेन्ट ऑफलाईन डाउनलोड करता येईल का ?,मला बँक स्टेटमेंट ऑफलाइन डाउनलोड करता येईल का?
15432,719279,D4,Banking,6.0,सहभागी बँक मुख्य पॉलिसीधारक असेल,सहभागी बँक मुख्य पॉलिसीधारक असेल
15433,708028,D1,Agriculture,6.833,वॉटर फ्रेम वॉटर व्हीलांन चालवली जाता,वॉटर फ्रेम वॉटर व्हीलांन चालवली जाते
15434,717695,D2,Agriculture,7.0,गुलाबाची लागवड कोणत्या मोसमात करावी ?,गुलाबाची लागवड कोणत्या मोसमात करावी?
15435,721511,D4,Banking,6.0,मला आर्थिक भांडवल सेवांची गरज आहे,मला आर्थिक भांडवल सेवांची गरज आहे
15436,708199,D1,Agriculture,6.833,"ऊस , कापूस , भांग , संत्री ही सगळी नगदी पिका आसत","ऊस, कापूस, भांग, संत्री ही सर्व नगदी पिके होती."
15437,718150,D2,Banking,7.0,विमा पॉलिसी आणि त्याचे महत्व काय आहे ?,विमा पॉलिसी आणि त्याचे महत्त्व काय आहे?
15438,721129,D4,Banking,6.0,तुमच्या व्याजदरावर आधारित ई.एम.आई गणना करा,तुमच्या व्याजदरावर आधारित ई.एम.आई गणना करा
15439,706890,D1,Banking,6.833,ई कॉमर्स म्हणजे इलेक्ट्रॉनिक कॉमर्स असा,ई कॉमर्स म्हणजे इलेक्ट्रॉनिक कॉमर्स असे
15440,712824,D2,Agriculture,7.0,शेतमा नांगरणीना टाईमले हॅरोना उपेग करतस,शेतमा नांगरणीसाठी वेळेत काम करत आहेस
15441,724282,D4,Agriculture,6.0,पाऊस अन बदलत्या ऋतूवर शेती अवलंबून रायते,शेती पावसावर आणि बदलत्या ऋतूवर अवलंबून असते
15442,710613,D1,Banking,6.5,कर्ज घेतलेले सगळे पैशे तु बँकेक लवकरात लवकर परत कर,कर्ज घेतलेले सगळे पैसे तुम्ही बँकेला लवकरात लवकर परत करा.
15443,712674,D2,Banking,7.0,मोठा कंपनीसले दिर्घ कायसाठेच लोन भेटस,मोठ्या कंपनीला दीर्घ कर्ज मिळते
15444,721906,D4,Banking,6.0,कर भरण्याने समाजाची सेवा होते,कर भरण्याने समाजाची सेवा होते
15445,707686,D1,Agriculture,6.5,नदीच्या खालचो प्रवाह आपल्याक दिसत नसता,नदीच्या खालचा प्रवाह आपल्याला दिसत नसता
15446,717592,D2,Agriculture,7.0,विभागवार पीक नियंत्रण यंत्रणा असते का ?,विभागवार पीक नियंत्रण यंत्रणा असते का?
15447,722158,D4,Banking,6.0,कर भरण्याची शेवटची तारीख उद्या आहे,कर भरण्याची शेवटची तारीख उद्या आहे
15448,710680,D1,Agriculture,6.5,चहाची किंमत चहाच्या गुणवत्तेवर ठरता,चहाची किंमत चहाच्या गुणवत्तेवर ठरते
15449,712973,D2,Agriculture,7.0,डुक्कर पालन हाई पशुपालन ना भाग शे,डुक्कर पालन आणि पशुपालनचा भाग शे
15450,719770,D4,Banking,6.0,पेमेंटसाठी आई.एफ.एस.सी कोड उपलब्ध असावा,पेमेंटसाठी आय.एफ.एस.सी कोड उपलब्ध असावा
15451,711087,D1,Banking,6.5,सी.आर.ई.डी जवळ खयचो पण कस्टमर केयर नंबर नाय हा,सी.आर.ई.डी जवळ आहे पण कस्टमर केअर नंबर नाही
15452,713405,D2,Banking,7.0,वाजवी यापारनं धोरन कैक वरीसपाईन सुरू शे,यापारवरील धोरण किती वाद सुरू झाले आहेत
15453,722019,D4,Banking,6.0,पेपाल ऑनलाइन पेमेंट प्रणाली जलद करते,पेपाल ऑनलाइन पेमेंट प्रणाली जलद करते
15454,708399,D1,Agriculture,6.5,फळमाशी काकडीसाठी कीटकाचा काम करता,मी फळमाशी काकडीसाठी कीटकांचे काम करतो
15455,714060,D2,Agriculture,7.0,शासन शेतकरिसले शेत मशीनना किमतीसवर अनुदान देस,शासन शेतकऱ्यांसाठी शेत मशीनच्या किमतीवर अनुदान देते
15456,720661,D4,Agriculture,6.0,गावात गाय शेण खत म्हणून वापरली जाते,गावात गायीचे शेण खतासाठी वापरले जाते
15457,709858,D1,Agriculture,6.5,कोडो बाजरी एक अत्यधिक पौष्टिक अन्न आसा,कोडो बाजरी एक अत्यंत पौष्टिक अन्न आहे
15458,712825,D2,Agriculture,7.0,कॉफीन्या बिया सुखाडीसन भुकटी बनाडतस,कॉफीच्या बिया सुकवून खात असते
15459,719059,D4,Agriculture,6.0,कडपह्नट हा कोरड्या अन्नाचा भाग आहे,कडपह्नट हा कोरड्या अन्नाचा भाग आहे
15460,709336,D1,Banking,6.5,आपल्या सामनाक विकूक एक ठराविक बाजार शोध,आपल्या समोर एक ठराविक बाजार शोध
15461,717001,D2,Agriculture,7.0,जंगलतोड म्हणजे जगभरातील वनक्षेत्र कमी होणे,जंगलतोड म्हणजे जगभरातील वनक्षेत्र कमी होणे
15462,724185,D4,Banking,5.889,यू.पी.आय न मले कोठ कोठ पैसे देता येईन ?,UPI मला कोठे पैसे मिळतील?
15463,708968,D1,Banking,6.5,स्थिर संपत्ती जमिनिशी निगडीत असा,स्थिर संपत्ती जमिनीशी निगडित आहे
15464,717411,D2,Agriculture,7.0,एक एकर सोयाबीन लागवडीसाठी किती बी लागेल ?,एक एकर सोयाबीन लागवडीसाठी किती बी लागतील?
15465,723962,D4,Banking,5.889,यू.पी.आय न मले कोठ कोठ पैसे पाठवता येईन ?,मला यू.पी.आयने कोठे पैसे पाठवता येतील?
15466,708817,D1,Agriculture,6.5,कालवो तयार होऊक दोन आठवडे लागतत,त्याला तयार होण्यासाठी दोन आठवडे लागतात
15467,718304,D2,Banking,7.0,यू.पी.आय हे खाते उघडल्यावरच वापरता येते का ?,यू.पी.आय हे खाते उघडल्यावरच वापरता येते का?
15468,721097,D4,Banking,5.875,बचत बँक वित्तीय संस्था जी बचत जमा करते,बचत बँक वित्तीय संस्था जी बचत जमा करते
15469,710410,D1,Banking,6.5,रजिस्टर्ड नंबरवर ओ.टी.पी पाठवतत,रजिस्टर्ड नंबरवर ओ.टी.पी पाठवले जात आहे
15470,714071,D2,Agriculture,7.0,योग्य नियोजन करीसन शेतकरी गहूनी पेरणी करतंस,योग्य नियोजन करून शेतकरी गहू पेरणी करत आहेत
15471,722569,D4,Agriculture,5.857,खत शिंपडून शेतात खत वाटप केले जाते,खत शिंपडून शेतात खत वाटप केले जाते
15472,708874,D1,Banking,6.5,"चिंटू , स्टॉक ब्रोकरचा काय काम असा ?",चिंटू स्टॉक ब्रोकरचे काम काय आहे?
15473,717093,D2,Banking,7.0,स्वित्झर्लंड हा देखील करमुक्त देश आहे,स्वित्झर्लंड हा देखील करमुक्त देश आहे
15474,720788,D4,Agriculture,5.75,"आंबा , चिंचे , सुपारी नट , चमेली","आंबा, चिंचे, सुपारी नट, चमेली"
15475,711221,D1,Agriculture,6.5,काजूक रोटो लागलेलो कसो काडूचो ?,काजूक रोटो लागले आहे का कट करायचे आहे?
15476,714142,D2,Banking,7.0,हिवायामा मुंबई शेयर बजारनी येळ काय राहस,मुंबई शेअर बाजारात काय स्थिती आहे?
15477,723320,D4,Agriculture,5.5,दुधाचं फॅट कायनं कमी होते ?,दुधातील फॅट किती कमी होते?
15478,711330,D1,Agriculture,6.5,एक लिटर पाणयात कीटकनाशकाचो प्रमाण किती ?,एक लिटर पाण्यात कीटकनाशकाचे प्रमाण किती?
15479,714419,D2,Agriculture,7.0,मधमाख्या पालन करीन आते पैसा कमावता येतसं,मधमाशी पालन केल्यास पैसा कमावता येतो.
15480,723491,D4,Agriculture,5.5,गाईच्या दुधाची फॅट कायन वाढन ?,गाईच्या दुधाची फॅट वाढवण्याचे कारण काय आहे?
15481,711633,D1,Agriculture,6.5,कोल्ड स्टोरेज करूचा असला तर कसा करायचा ?,कोल्ड स्टोरेज करायचे असेल तर कसा करायचा?
15482,713211,D2,Banking,7.0,ऑनलाइन शॉपिंग करावर आमले कोणता परकारना कर देना पडतस ?,ऑनलाइन शॉपिंग करण्याबद्दल आमचे कोणते परकारणे करायला पडते?
15483,723951,D4,Banking,5.5,बिमा हर मईन्याले भरता येते का ?,बिमा कसे भरता येते का?
15484,709382,D1,Banking,6.5,कर मोजूक सरकारना एक निश्चित योजना बनवली हा,सरकारने कर मोजून एक निश्चित योजना बनवली आहे का?
15485,714302,D2,Agriculture,7.0,अंडामझरला फायबरमुये पचन शक्ती वाढाले मदत व्हस,"अंडामझरला फायबरमुळे पचनशक्ती वाढली, मदत कर."
15486,724073,D4,Banking,5.5,मले ऑनलाईन बँक खात खोलता येते का ?,मला ऑनलाईन बँक खाते उघडता येते का?
15487,709440,D1,Banking,6.5,चेक ह्यो क्रेडीट युनियनचो दस्तऐवज असा,हा क्रेडिट युनियनचा दस्तऐवज आहे.
15488,714003,D2,Banking,7.0,बॉण्डसारखा साधने इतर कर्जनापक्सा आल्लग रहातस,बॉण्डसारख्या साधनांनी इतर कर्जापक्सा चालू आहेत
15489,722952,D4,Agriculture,5.5,कमी ओल असनं त पिकावर काय परिनाम होते ?,कमी ओलावा नसल्यास पिकावर काय परिणाम होते?
15490,712298,D1,Banking,6.5,कर्ज फेडूक नाय तर काय जाताला ?,कर्ज फेडले नाही तर काय होईल?
15491,713771,D2,Agriculture,7.0,अंत्योदय धान्य योजना मधमा रेशन कार्ड देतस,अंत्योदय धान्य योजनेमध्ये रेशन कार्ड दिले जाते
15492,723700,D4,Banking,5.5,मले दोन लाख रूपे काढता येईन काय ?,मी दोन लाख रुपये काढू शकेन का?
15493,711712,D1,Agriculture,6.5,कीटक व्यवस्थापनाचे दोन मुद्दे खयचे आसत ?,कीटक व्यवस्थापनाचे दोन मुद्दे आहेत का?
15494,712591,D2,Banking,7.0,आपरेशनल जोखिम कमी कराना करता कंपन्या पावलं उचलतस,कंपन्या ऑपरेशनल जोखिम कमी करण्यासाठी पाऊले उचलत आहेत
15495,723508,D4,Agriculture,5.5,मुरमाड जमीनीत कोनकोनची अडचन येते ?,मुरमाड जमिनीतील कोनांची अडचण येते का?
15496,712347,D1,Banking,6.5,आर्थिक सेवा कोणाकडन पुरविली जाता ?,आर्थिक सेवा कोणाकडून पुरवल्या जातात?
15497,716623,D2,Agriculture,7.0,कमळ हे पाणथळ जागी बारमाही येणारे फुल आहे,कमळ हे पाणथळ जागी बारमाही येणारे फूल आहे
15498,723538,D4,Agriculture,5.5,अस्वल अळीले चांगली दवाई कोनची ?,कोणते औषध चांगले आहे?
15499,712268,D1,Banking,6.5,खाता व्यवस्थापित कसा करतत ?,खाते कसे व्यवस्थापित करता?
15500,714089,D2,Agriculture,7.0,भारतमा गावरानी गायनी जात लोकेसले भलतीस आवडस,भारतात गावरानी गायनी जात लोकांना आवडतात
15501,723890,D4,Banking,5.5,यू.पी.आय चा कसा अन कुटी वापर कराचा ?,UPI चा कसा वापर करायचा?
15502,711168,D1,Agriculture,6.5,दोन एकर जमिनीत मिरचे लाऊक कितको खर्च यातलो ?,दोन एकर जमिनीत मिरची लावण्याचा किती खर्च झाला?
15503,714264,D2,Agriculture,7.0,निर्वाह शेतीमझार शेतकरी घरना करताच पिक उगाडस,निर्वाह शेतीमझार शेतकरी घरना करताना पिक उगाडतो
15504,723671,D4,Banking,5.5,दोन एकर वावरावर कितीक कर्ज भेटू शकते ?,दोन एकर वावरावर किती कर्ज मिळू शकते?
15505,711678,D1,Agriculture,6.5,मळ्याच्या शेतीची खयची वैशिष्ठ आसत ?,मळ्याच्या शेतीची किती बाकीची असते?
15506,717426,D2,Agriculture,7.0,हळद काढून झाल्यावर त्याची साठवण कशी करावी ?,हळद काढून झाल्यावर त्याची साठवण कशी करावी?
15507,723065,D4,Agriculture,5.5,आमच्या वातावरनात पोषक म्हस कोनची ?,आमच्या वातावरणात पोषक मासे कोणते?
15508,711886,D1,Banking,6.5,बँकेचो खाते क्रमांक कसो बगायचो ?,बँकेचा खाते क्रमांक कसा घ्यायचा?
15509,715530,D2,Banking,7.0,चलन बाजार खात्यावर व्यक्तीला कर्ज मिळते,चलन बाजार खात्यावर व्यक्तीला कर्ज मिळते
15510,723281,D4,Agriculture,5.5,मिरची वरचा चुरडा कायनं कमी होईन ?,मिरचीचा वरचा चुरडा कमी होईल का?
15511,711719,D1,Agriculture,6.5,खत कोळपे वापरताना खयची काळजी घेऊक व्हयी ?,कोळपे वापरताना कोणती काळजी घ्यावी?
15512,717824,D2,Agriculture,7.0,केळीवर थंड वातावरणाचा परिणाम होतो का ?,केळीवर थंड वातावरणाचा परिणाम होतो का?
15513,719552,D4,Agriculture,5.5,बाजारात खत फवारणीची उपकरणे उपलब्ध आहेत,बाजारामध्ये खताची फवारणीची उपकरणे उपलब्ध आहेत
15514,711650,D1,Agriculture,6.5,पशुसंवर्धनाक लागणारा खादय कोण पुरयता ?,पशुसंवर्धनासाठी लागणारे खाद्य कोण पुरवते?
15515,717382,D2,Agriculture,7.0,फुलांचे उत्पादन जलद गतीने कसे घेता येईल ?,फुलांचे उत्पादन जलद गतीने कसे घेता येईल?
15516,718819,D4,Agriculture,5.5,काश्मिरी लोकरचे कपडे खूप गरम असतात,काश्मिरी लोकांचे कपडे खूप गरम असतात
15517,711186,D1,Agriculture,6.5,फायदो करून बरी बाजारपेठ कशी सोदुची ?,फायदो करून बाजारपेठ कशी सुधारली?
15518,718250,D2,Banking,7.0,मला गोल्ड लोन घ्यायचे असेल तर कसे घेता येईल ?,मला गोल्ड लोन घ्यायचे असेल तर कसे घेता येईल?
15519,724320,D4,Banking,5.5,आजची शिल्लक किती हाय ?,आजची शिल्लक किती आहे?
15520,712394,D1,Banking,6.5,कर्जाची परतफेड कीती महिन्याची असतली ?,कर्जाची परतफेड किती महिन्याची होती?
15521,718134,D2,Banking,7.0,क्रेडिट कार्डचे कोणकोणते प्रकार आहेत ?,क्रेडिट कार्डचे कोणकोणते प्रकार आहेत?
15522,723686,D4,Banking,5.5,के.वाय.सी म्हंनजे का होते ?,के.वाई.सी म्हणजे काय होते?
15523,711618,D1,Agriculture,6.5,गुंठयामध्ये जमीन कशी मोजूची असता ?,गुंठयामध्ये जमीन कशी मोजायची?
15524,718592,D2,Banking,7.0,मी उपलब्ध असलेले विमा पर्याय कसे पाहू शकते ?,मी उपलब्ध असलेले विमा पर्याय कसे पाहू शकते?
15525,723255,D4,Agriculture,5.5,सगळं शेन खत वापरुन शेती करता येईन का ?,सगळे शेणखत वापरून शेती करता येईल का?
15526,711895,D1,Banking,6.5,कृषीमित्र कर्जाची योजना काय असा ?,कृषीमित्र कर्जाची योजना काय आहे?
15527,717483,D2,Agriculture,7.0,कापसावर फवारणीच्या कोणत्या पद्धती आहेत ?,कापसावर फवारणीच्या कोणत्या पद्धती आहेत?
15528,724162,D4,Banking,5.5,फिक्स डिपॉझिट कायले म्हनते ?,फिक्स डिपॉझिट म्हणजे काय?
15529,712318,D1,Banking,6.5,लाईटाचा बिल ऑफिसातच येवन भरुचा लागता ?,लाईटचे बिल ऑफिसमध्येच भरायला लागतो का?
15530,717529,D2,Agriculture,7.0,गहू लागवडीसाठी चांगला हंगाम कोणता ?,गहू लागवडीसाठी चांगला हंगाम कोणता?
15531,723997,D4,Banking,5.5,कर्ज कितीक दिवसात वापस करता येते ?,कर्ज किती दिवसात परत करता येते?
15532,712403,D1,Banking,6.5,किती उत्पन्न असल्यावर क्रेडीट काढू शकतव ?,किती उत्पन्न असल्यावर क्रेडिट काढू शकतो?
15533,717095,D2,Banking,7.0,सरकारी फी कशासाठी भरायची,सरकारी फी कशासाठी भरायची?
15534,723449,D4,Agriculture,5.5,सोला निघाल्यावर थो काऊन मरते ?,सोला निघाल्यावर थोडे कसे मरतात?
15535,711370,D1,Agriculture,6.5,बकरीच्या एका जोडयेची किंमत किती ?,बकरीच्या एका जोडयेची किंमत किती?
15536,715436,D2,Agriculture,7.0,काही कॅफेमध्ये कॉफी खूपच महाग मिळते,काही कॅफेमध्ये कॉफी खूपच महाग मिळते
15537,723535,D4,Agriculture,5.5,पिढ्या ढेकूण कायनं दूर होईन ?,पिढ्या किती दूर होतील?
15538,712072,D1,Banking,6.5,के.वाय.सी कागदपत्रा ऑनलाइन जोडू शकतू का ?,तुम्ही के.वाय.सी कागदपत्रे ऑनलाइन जोडू शकता का?
15539,713698,D2,Agriculture,7.0,रजनीगंधसना फुले नळीना आकारवाली राहतंस,रजनीगंधाच्या फुलांचे आकार असते
15540,723980,D4,Banking,5.5,आर.टी.जी.एस भरनं सोप हाय का ?,आर.टी.जी.एस भरता येईल का?
15541,711996,D1,Banking,6.5,के.वाय.सी मोबाईलातसून करुक गावता काय ?,केवायसी मोबाईलमधून काय मिळते?
15542,714017,D2,Banking,7.0,कविनी जतिनले ईचारं की कर्ज कोठे काढतंस,कविनीला कर्ज कोठे घ्यायचे आहे याची इच्छा किती आहे
15543,723118,D4,Agriculture,5.5,फवारणी करते वेळी शेतकरी औषधचे वजन कस करीन ?,फवारणी करताना शेतकरी औषधाचे वजन कसे करेल?
15544,712233,D1,Banking,6.5,विद्यार्थ्यांका खयले विमे आसत ?,विद्यार्थ्यांसाठी वेळ आहे का?
15545,717186,D2,Banking,7.0,क्रेडिट कार्डची थकबाकी ऑनलाइन भरता येते,क्रेडिट कार्डची थकबाकी ऑनलाइन भरता येते
15546,724249,D4,Banking,5.5,बिमा हर मइन्या परमाने भरता येऊन का ?,बिमा का परमाने भरता येऊन?
15547,712301,D1,Banking,6.5,बचत खाता उघडूक कसले कागदपत्र लागतत ?,बचत खाते उघडण्यासाठी कोणते कागदपत्रे लागतात?
15548,712889,D2,Agriculture,7.0,बाजरीनी शेती भारत आणि आफ्रिकामझार व्हस,बाजरीची शेती भारत आणि आफ्रिकेत आहे
15549,723965,D4,Banking,5.5,यू.पी.आय भरनं सोप हाय का ?,यू.पी.आय भरता येते का?
15550,711557,D1,Agriculture,6.5,मातीचो पी.एच कसो बदलुक होयो ?,मातीचे पीएच कसे बदल झाले?
15551,716912,D2,Banking,7.0,एन.पि.एस ही सरकारची अंशदायी पेन्शन योजना आहे,एन.पी.एस. ही सरकारची अंशदायी पेन्शन योजना आहे
15552,723349,D4,Agriculture,5.5,सोला कोन्या मइन्यात पेराव ?,सगळे पैसे कुठे आहेत?
15553,710000,D1,Agriculture,6.5,भांगे चे बियो कच्चे खाऊ शकताव काय ?,भांगांचे बीज कच्चे खाऊ शकतो का?
15554,712870,D2,Agriculture,7.0,बगीचामा गरजनुसार रोपे नी फुले लावतंस,बगीचानुसार रोपे आणि फुले लावत आहेत
15555,723341,D4,Agriculture,5.5,काय केल्यान मक्याची वाढ लवकर होईन ?,"मी काय केले, त्यामुळे मक्याची वाढ लवकर होईल का?"
15556,708714,D1,Agriculture,6.5,लीलीचा फूल नीमफाई परीवारातला हा,लीलीचे फूल नीमफाई परिसरातले हे
15557,715708,D2,Banking,7.0,नफा फर्म च्या आर्थिक विवरणा वर दाखवला जातो,नफा फर्मच्या आर्थिक विवरणावर दाखवला जातो
15558,723780,D4,Banking,5.5,जीओच रिचार्ज मले ऑनलाईन करता येईन का ?,मला जिओ रिचार्ज ऑनलाईन करता येईल का?
15559,711812,D1,Banking,6.5,कर्ज काडूच्या साठी काय करुचा पडता ?,कर्जासाठी काय करावे लागेल?
15560,712746,D2,Banking,7.0,आर्थिक सुधारसनामुये गनच समस्या सुटण्यात,आर्थिक सुधारणांमुळे अनेक समस्या सुटण्यात
15561,723862,D4,Banking,5.5,मले टी.व्ही चा रिचार्ज करन जमन का ?,मला टीव्हीचा रिचार्ज का करायचा?
15562,712321,D1,Banking,6.5,टी.वि रिचार्ज ऑनलाइन केला तरी चलात मा ?,टीव्ही रिचार्ज ऑनलाइन केला तरी चालणार का?
15563,717380,D2,Agriculture,7.0,भाजी पाला लवकरात लवकर कशा पद्धतीने तयार करता येईल ?,भाजीपाला लवकरात लवकर कशा पद्धतीने तयार करता येईल?
15564,724259,D4,Banking,5.5,मले यू.पी.आय खातं कस खोलता येते ?,मला यू.पी.आय खाते कसे उघडता येते?
15565,709335,D1,Banking,6.5,आपल्या कर्जाक लवकर फेडूक एकत्र पैशे भरू शकतंस,आपल्या कर्जे लवकर फेडू शकता एकत्र पैसे भरू शकता
15566,714082,D2,Agriculture,7.0,कुदळी आणि फावडी हाई वावर मा वापरतस,कुदळी आणि फावडी वापरतो मी
15567,723708,D4,Banking,5.5,मी दिलेला पैसा मले कसा दिसन ?,मी दिलेला पैसा मला कसा दिसणार?
15568,708465,D1,Banking,6.5,मिया दर म्हयन्याक बँकेत वायच पैशे जमा करतय,मी दर महिन्याला बँकेत काही पैसे जमा करत आहे
15569,713933,D2,Banking,7.0,बैंक ऑफ बडोदा नं मुख्यालय वडोदरामझार शे,बँक ऑफ वडोदरा मुख्यालय वडोदरामझार शे
15570,723706,D4,Banking,5.5,मले केबलचे पैसे ऑनलाईन भरता येईन का ?,मी केबलचे पैसे ऑनलाईन भरू शकेन का?
15571,710104,D1,Banking,6.5,सवलतीच्या कर्जाचो व्याजदर फार कमी असता,सवलतीच्या कर्जाचे व्याजदर फार कमी असते
15572,718138,D2,Banking,7.0,एफ.डी मध्ये गुंतवणूक करणे फायदेशीर आहे का ?,एफ.डी मध्ये गुंतवणूक करणे फायदेशीर आहे का?
15573,724071,D4,Banking,5.5,मले कर्जाचा खात क्रमांक कळन का ?,मला कर्जाचा खाते क्रमांक कळायला का?
15574,710291,D1,Agriculture,6.5,दोडक्या रक्तशुध्दीकरणाचा काम करता,दोडक्या रक्तशुद्धीचे काम करतो
15575,717821,D2,Agriculture,7.0,कडधान्य पेरणीकरिता एकरी कसे मोजमाप करता येईल ?,कडधान्य पेरणीकरिता एकरी कसे मोजता येईल?
15576,723847,D4,Banking,5.5,दोघाच एकच बचत खातं काढाले जमनं का ?,दोघांनी एकच बचत खाते काढले का?
15577,708026,D1,Agriculture,6.5,वेल नऊ फूट लांबीपर्यंत पोहोचू शकता,तुम्ही नऊ फूट लांबीपर्यंत पोहोचू शकता
15578,718050,D2,Banking,7.0,मला बँक खात्यातून ऑनलाइन घरपट्टी भरता येईल का ?,मला बँक खात्यातून ऑनलाइन घरपट्टी भरता येईल का?
15579,723392,D4,Agriculture,5.5,पपईचा सद्या का भाव चालून रायला ?,पपईच्या सद्याचा भाव का बदलत आहे?
15580,710354,D1,Agriculture,6.5,ब्रुची कॉफी खुप स्वादिष्ट असता,ही कॉफी खूप स्वादिष्ट आहे
15581,718346,D2,Banking,7.0,अल्पकालीन गुंतवणूकीचे पर्याय आहेत का ?,अल्पकालीन गुंतवणुकीचे पर्याय आहेत का?
15582,723233,D4,Agriculture,5.5,कोंबडीले कोनच खाद्य द्याच ?,कोंबड्यांना कोणते खाद्य द्या?
15583,708002,D1,Agriculture,6.5,लाकडाची अर्थ व्यवस्था आजकाल लय वाईट चलली आसा,लाकडाची अर्थ व्यवस्था आजकाल खूप वाईट झाली आहे
15584,718599,D2,Banking,7.0,पंतप्रधान योजनेसाठी अर्ज कुठे मिळेल ?,पंतप्रधान योजनेसाठी अर्ज कुठे मिळेल?
15585,723394,D4,Agriculture,5.5,इ कामर्समंदी व्यवहार कसा होते ?,कामर्समंदी दरम्यान व्यवहार कसे होते?
15586,712384,D1,Banking,6.5,कर्जाचे प्रकार कीती असतत ?,कर्जाचे प्रकार किती आहेत?
15587,718197,D2,Banking,7.0,कर्जाचे प्रभावी व्यवस्थापन आपण कसे करु शकतो ?,कर्जाचे प्रभावी व्यवस्थापन आपण कसे करू शकतो?
15588,723403,D4,Agriculture,5.5,कोनची गाय वापराली पाहिजे ?,कोणाची गाय वापरावी पाहिजे?
15589,711716,D1,Agriculture,6.5,रोपा लाऊक मी ट्रावेलचो उपयोग करू शकतय काय ?,मी रोपा लाऊक प्रवास करण्यासाठी वापरू शकतो का?
15590,717593,D2,Agriculture,7.0,विभागवार पीक विकण्याचा भाव उपलब्ध असतो का ?,विभागवार पीक विकण्याचा भाव उपलब्ध असतो का?
15591,723194,D4,Agriculture,5.5,एक एकरमंदी रोगर च प्रमान कस वापरा लागते ?,एका एकारमंदी रोगासाठी किती प्रमाणात वापरला जातो?
15592,709259,D1,Banking,6.5,नैतिक बॅन्केचा काम तू फोनवर करू शकतं,तुम्ही नैतिक बँकेचे काम फोनवर करू शकता
15593,713921,D2,Banking,7.0,वित्त मंत्रालयात मुख्यालय कोठे शे,वित्त मंत्रालयाचे मुख्यालय कोठे आहे?
15594,724190,D4,Banking,5.5,फॉरेक्स सेवा कायले म्हनते ?,फॉरेक्स सेवा म्हणजे काय?
15595,706465,D1,Banking,6.5,परतावो ह्यो गुंतवणुकीवरलो नफो असा,हे गुंतवणूक नाही असे
15596,716503,D2,Agriculture,7.0,ते प्रथमच एकशे दहा इसवी सनात वापरले गेले होते,ते प्रथमच एकशे दहावी सन वापरले गेले होते
15597,720071,D4,Agriculture,5.5,हरभरा सोलल्यानंतर चणा डाळ मिळते,हरभरा सोलल्यानंतर चणा डाळ मिळते
15598,708727,D1,Agriculture,6.5,कच्च्या पपईचो उपयोग औषधांत करतत,कच्च्या पपईचा उपयोग औषधांत करत आहे
15599,717881,D2,Agriculture,7.0,द्राक्ष पिकाला कोणती पद्धत वापरावी ?,द्राक्षाच्या पिकासाठी कोणती पद्धत वापरावी?
15600,719536,D4,Agriculture,5.5,चरस हा एक प्रकारचा नशीला पदार्थ आहे,चरस हा एक प्रकारचा नशीला पदार्थ आहे
15601,708959,D1,Banking,6.5,फंड बॅचमध्ये ट्रांसफर करतत,फंड बॅचमध्ये ट्रान्सफर करत आहे
15602,717619,D2,Agriculture,7.0,पाण्याचा निचरा होणारी जमीन कोणती ?,पाण्याचा निचरा होणारी जमीन कोणती?
15603,722074,D4,Agriculture,5.5,गीताच्या घरात लाकडी बेड आहे,गीताच्या घरात लाकडी बेड आहे
15604,707708,D1,Agriculture,6.5,पचनशक्ती सुधारूसाठी जवस उपयोगाक येता,पचनशक्ती सुधारण्यासाठी जवस वापरावे
15605,716487,D2,Banking,7.0,वित्त वसुली ही दुसरी आर्थिक सेवा आहे,वित्त वसुली ही दुसरी आर्थिक सेवा आहे
15606,721134,D4,Banking,5.5,ऑनलाइन कर्ज अर्ज मिळवणे खूप सोपे आहे,ऑनलाइन कर्ज अर्ज मिळवणे खूप सोपे आहे
15607,709959,D1,Agriculture,6.5,पोरांच्या चायचे किती प्रकार आसत,पोरांच्या चायचे किती प्रकार आहेत
15608,714615,D2,Agriculture,7.0,एवाकॅडो खारा जमीनमा बिलकुल येतंस नयी,तुम्हाला एवोकॅडो जमिनीबद्दल अजिबात माहिती नाही
15609,718798,D4,Agriculture,5.5,किवीचे फळ गरम वातावरणात उगवले जाते,किवीचे फळ गरम वातावरणात उगवले जाते
15610,710101,D1,Banking,6.5,सरकार रिफ्लेक्शन वर प्रत्येक वरसाक बोलता,सरकार रिफ्लेक्शन वर प्रत्येक वारसा बोलतो
15611,713366,D2,Banking,7.0,तू कितला वरीस बँकना एजंट म्हनीन काम करेल शे ?,तू किती वारसा बँकेला एजंट म्हणून काम करेल?
15612,721208,D4,Banking,5.5,आपण आपले प्रतिबिंब आरशात पाहू शकतो,आपण आपले प्रतिबिंब आरशात पाहू शकतो
15613,709577,D1,Banking,6.5,मनी ऑर्डरची पद्धत भारतात खूप आधीपासना असा,मनी ऑर्डरची पद्धत भारतात खूप आधीपासून आहे.
15614,712612,D2,Agriculture,7.0,फूलसनी शेती फुलेसना धंदा कराना करता करतस,फूलसनी शेतीचा धंदा करणे करत आहे
15615,720905,D4,Agriculture,5.5,लसूण खाण्याचे अनेक फायदे आहेत,लसूण खाण्याचे अनेक फायदे आहेत
15616,712380,D1,Banking,6.5,कर्ज काढूसाठी कोणाक जामीन ठेवू शकतव ?,कर्ज काढण्यासाठी कोणाकडे जामीन ठेवता येते?
15617,714316,D2,Banking,7.0,तुमले ठाऊक शे का दरोज लेवादेवामा बदल व्हस,तुमचे माहीत शे का दररोज देण्यामध्ये बदल झाला आहे?
15618,721414,D4,Banking,5.5,तुमच्या ए.टी.एम कार्डवरही चिप असेल,तुमच्या ए.टी.एम कार्डवरही चिप असेल
15619,711199,D1,Agriculture,6.5,एक लिटर बकरीच्या दुधाची किंमत काय आसा ?,एक लिटर बकरीच्या दुधाची किंमत किती आहे?
15620,714530,D2,Banking,7.0,सौम्य चलनवाढमझार वस्तूसमा पारदर्शकता गरजनी शे,सौम्य चलनवाढमझारीत पारदर्शकतेची गरज आहे
15621,721418,D4,Banking,5.5,जमेल तेवढे पैसे गोळा करत राहा,जेवढे जमतील तेवढे पैसे गोळा करत राहा
15622,712066,D1,Banking,6.5,एखादो हप्तो भरुक वेळ लागलो तर काय होतला ?,एखाद्या हप्तराला वेळ लागला तर काय झाले?
15623,714459,D2,Agriculture,7.0,रेशीम किडा पैसा कमावानं उत्पादन शे,रेशीम किडा पैसा कमावण्याचे उत्पादन शे
15624,720085,D4,Agriculture,5.5,तुला चिटिन फायबरचे कपडे आवडतात का ?,तुम्हाला चिटिन फायबरचे कपडे आवडतात का?
15625,711938,D1,Banking,6.5,रिचार्ज दुकानात केला तर बरा की ऑनलाइन ?,रिचार्ज दुकानात केल्यास चांगले आहे की ऑनलाइन?
15626,716368,D2,Agriculture,7.0,किरकोळ विक्री भारतात मुबलक प्रमाणात आहे,किरकोळ विक्री भारतात मुबलक प्रमाणात आहे
15627,722143,D4,Banking,5.5,आज मला व्यवसायात फायदा झाला आहे,आज मला व्यवसायात फायदा झाला आहे
15628,710844,D1,Agriculture,6.5,बर्फ एक ठरावीक अवस्थेतला जमलेला पाणि असा,बर्फ एक ठरावीक अवस्थेतला जमलेला भाग आहे.
15629,713108,D2,Banking,7.0,जितू ले मनी फोन पे वरतीन पैसा दि दिनात,तुम्ही फोन पे किती पैसे दिले?
15630,723325,D4,Agriculture,5.5,कोनच्या खताचा वापर कराच पायजे ?,कोणत्या खात्याचा वापर करायला हवा?
15631,708599,D1,Banking,6.5,आम्ही नुकतोच येक सोलर प्लांट विकत घेतलव,आम्ही नुकतेच एक सोलर प्लांट विकत घेतला.
15632,717471,D2,Agriculture,7.0,स्प्रिंकलर्स ठिबक चे फायदे काय होतात ?,स्प्रिंकलर्स आणि ठिबकचे फायदे काय आहेत?
15633,720602,D4,Agriculture,5.5,महेश पीकात फॉस्फेट खत अधिक वापरतो,महेश पीकात फॉस्फेट खत अधिक वापरतो
15634,706841,D1,Banking,6.5,साधो व्याज केवळ मूळ रकमेवर मोजला जाता,साधो व्याज केवळ मूळ रकमेवर मोजले जाते
15635,714367,D2,Agriculture,7.0,बराच ठिकाणे गवत काढानी करता टेडरमिशिन वापरतस,अनेक ठिकाणी गवत काढण्यासाठी टेडरमिशिन वापरली जाते.
15636,720417,D4,Banking,5.5,आपण आपले बचत खाते वेतन खात्यात बदलू शकता,आपण आपले बचत खाते वेतन खात्यात बदलू शकता
15637,711579,D1,Agriculture,6.5,कमी पाणी असला तर कसला सिंचन वापराक होया ?,कमी पाणी असलं तर कोणते सिंचन वापरायचे?
15638,713864,D2,Banking,7.0,भाजतुन ठे घर लेल कर फाईन बैंक ले भी नुकसान नई व्हस,भाजून घर ठेवल्यास फाइन बँक किंवा इतर नुकसान होत नाही.
15639,722692,D4,Banking,5.5,मोठे उद्योगपती आपला आयकर लवकर जमा करत नाहीत,मोठे उद्योगपती आपला आयकर लवकर जमा करत नाहीत
15640,710604,D1,Banking,6.5,कर चोरीवर कठोर कारवाई आणि दंड आकारलो जाता,कर चोरीवर कठोर कारवाई आणि दंड आकारला जातो
15641,713881,D2,Banking,7.0,करनी चोरी करान सरकार भी नजर म्हा गुन्हा समजावस,सरकारला माझ्या गुन्ह्याची नजर देखील आहे.
15642,724284,D4,Agriculture,5.5,एक हेक्टर म्हंजे दहा हजार चौरस मीटर,एक हेक्टर म्हणजे दहा हजार चौरस मीटर
15643,710173,D1,Banking,6.5,एअरटेल बँकेतपण के.वाय.सी अपडेट करणा जरुरी हा,एअरटेल बँकेत के.वाय.सी अपडेट करणे गरजेचे आहे
15644,717219,D2,Agriculture,7.0,मला उद्या छाटणीसाठी शेतात जायचे आहे,मला उद्या छाटणीसाठी शेतात जायचे आहे
15645,720664,D4,Agriculture,5.5,जूट एक स्वस्त आणि मऊ नैसर्गिक फायबर आहे,जूट एक स्वस्त आणि मऊ नैसर्गिक फायबर आहे
15646,709108,D1,Agriculture,6.5,खरा तर लिलीचा झाड लिलियम प्रकारचो असता,खरं तर लिलीचं झाड लिलियम प्रकारचे असते.
15647,714211,D2,Banking,7.0,तुम्ही तुमना पासवर्ड इसरावर रिसेट करु शकतंस,तुम्ही तुमचा पासवर्ड त्यावर रीसेट करू शकता
15648,718751,D4,Banking,5.5,भीम यू.पी.आय एक डिजिटल पेमेंट ऍप आहे,भीम यू.पी.आय एक डिजिटल पेमेंट ऍप आहे
15649,711677,D1,Agriculture,6.5,शेती पद्धतीचे महत्वाचे प्रकार खयचे आसत ?,शेती पद्धतीचे महत्त्वाचे प्रकार आहेत का?
15650,718628,D2,Agriculture,7.0,पिकात फूल येण्याचा बहर आला हे कसे ओळखावे ?,"पिकात फुलाचा बहर आला, तो कसा ओळखावा?"
15651,722767,D4,Agriculture,5.5,पालक ही अतिशय पौष्टिक भाजी आहे,पालक ही अतिशय पौष्टिक भाजी आहे
15652,708604,D1,Banking,6.5,"एल.आय.बी.ई.ओ.आर , टी.आय.बी.ओ.आर अश्ये रेफरन्स दराची उदाहरणा हत","एल.आय.बी.ई.ओ.आर, टी.आय.बी.ओ.आर साठी संदर्भ दराची उदाहरणे आहेत"
15653,715075,D2,Agriculture,7.0,ब्राझील जागेला कॉफी निर्यात करतो,ब्राझील कॉफी निर्यात करतो
15654,722766,D4,Agriculture,5.5,हेंगा हे शेतीचे साधन आहे,हे शेतीचे साधन आहे
15655,711466,D1,Agriculture,6.5,शेळीपाळूसाठी उपयोगाचा काय असा ?,शेळीपाळूसाठी काय उपयोग आहे?
15656,714896,D2,Agriculture,7.0,कृषि भौतिकी विज्ञानची एक शाखा आहे,कृषि भौतिकी विज्ञानची एक शाखा आहे
15657,724292,D4,Agriculture,5.5,धान्य सवंगल्यावर साठवून कस ठेवाच ?,धान्य सं recogल्यावर साठवून कसे ठेवावे?
15658,711687,D1,Agriculture,6.5,केळी रोपा वाढूक महत्वाचे पोषक घटक खयचे आसत ?,केळी रोपांच्या वाढीसाठी महत्त्वाचे पोषक घटक आहेत का?
15659,716531,D2,Agriculture,7.0,मुसळधार पावसामुळे नदीला जोरदार पूर आला,मुसळधार पावसामुळे नदीला जोरदार पूर आला
15660,722202,D4,Banking,5.5,राजू किती प्रकारचे फंड आहेत ?,राजू किती प्रकारचे फंड आहेत?
15661,711353,D1,Agriculture,6.5,अर्ज केल्यार कीतके दिवसात रक्कम गावता ?,अर्ज केल्यावर किती दिवसात रक्कम मिळते?
15662,714097,D2,Agriculture,7.0,मटन साठी वापरनाऱ्या कोंबडीले बायलर म्हणतस,मटनसाठी वापरल्या जाणाऱ्या कोंबड्या बायलर म्हणत आहेत
15663,719436,D4,Banking,5.5,तुम्ही इक्विटी कशी तयार करता ?,तुम्ही इक्विटी कशी तयार करता?
15664,708572,D1,Agriculture,6.5,हरणांचो कळप पीक खावन शेतीचा एकदम नुकसान करता,हरणांचे कळप पीक खाऊन शेतीचे नुकसान करते
15665,712681,D2,Agriculture,7.0,कल्टीव्हेटरना वापर करीसन धान्य उत्पादन वाढस,कल्टीव्हेटरचा वापर करून धान्य उत्पादन वाढवा
15666,719359,D4,Banking,5.5,सीड मनी स्वतःचे भांडवल तयार करतो,सीड मनी स्वतःचे भांडवल तयार करते
15667,712431,D1,Banking,6.5,सामाजिक योजना कसे तयार होतत ?,सामाजिक योजना कशा तयार होत आहेत?
15668,717484,D2,Agriculture,7.0,"ऊसावर कोणता रोग पडू शकतो , त्यावर उपाययोजना काय ?","ऊसावर कोणता रोग पडू शकतो, त्यावर उपाययोजना काय?"
15669,719013,D4,Agriculture,5.5,लोहरीला शाळेत सुट्टी असते,लोहरीला शाळेत सुट्टी असते
15670,712419,D1,Banking,6.5,एखाद्याला ऑनलाइन पेमेंट कसा करायचा ?,एखाद्याला ऑनलाइन पेमेंट कसे करायचे?
15671,716529,D2,Agriculture,7.0,एक अनामित कांदा सेवा निर्दिष्ट करते,एक अनामित कांदा सेवा निर्दिष्ट करते
15672,721925,D4,Agriculture,5.5,सलगम थंड हवामानात वाढतात,सलगम थंड हवामानात वाढतात
15673,711472,D1,Agriculture,6.5,आम्ही आमच्या घरात कीटकनाशका बनवू शकताव काय ?,आम्ही आमच्या घरात कीटकनाशके बनवू शकतो का?
15674,715824,D2,Banking,7.0,फॉर्म भरून इंटरनेट बँकिंग साठी अर्ज करा,फॉर्म भरून इंटरनेट बँकिंगसाठी अर्ज करा
15675,721820,D4,Agriculture,5.5,आजकाल बाजारात बरीच कीटकनाशके आहेत,आजकाल बाजारात बरीच कीटकनाशके आहेत
15676,711349,D1,Agriculture,6.5,दुष्काळात खयला पीक चांगला येता ?,दुष्काळात पीक चांगले होते का?
15677,714222,D2,Banking,7.0,पे.टी.एम पेमेंट बॅकले लायसन कोनती बॅक देस ?,पी.टी.एम पेमेंट लायसन्ससाठी कोणती बॅक द्यावी?
15678,720502,D4,Banking,5.5,टॅरिफ कर व्यापाराचे नियमन करतो,टॅरिफ व्यापाराचे नियमन करते
15679,712158,D1,Banking,6.5,गोल्ड बॉण्ड ह्यो नक्की विषय काय आसा ?,गोल्ड बॉण्डचा विषय काय आहे?
15680,713609,D2,Agriculture,7.0,दहीना रायतामा पुदीना टाका मस्त लागस,"दही, रायता आणि पुदीना घाला, ते छान लागेल."
15681,719415,D4,Banking,5.5,महसूल विभागाचे काम कसे चालते ?,महसूल विभागाचे काम कसे चालते?
15682,712323,D1,Banking,6.5,खयच्या कार्डचा रिचार्ज स्वस्त आसा ?,खयच्या कार्डचा रिचार्ज स्वस्त आहे का?
15683,713240,D2,Banking,7.0,राजू तू तुना संपत्तीना कर कायम देत जाय,राजू तू तुझ्या संपत्तीला कायम देत राहा
15684,722155,D4,Banking,5.5,रमेश तुझे वडील पैसे कसे कमावतात ?,रमेश तुझे वडील पैसे कसे कमावतात?
15685,712526,D1,Agriculture,6.5,पाऊस आणि बदलणारो ऋतूंवर शेती अवलंबून असता,पाऊस आणि बदलणाऱ्या ऋतूंवर शेती अवलंबून असते.
15686,718353,D2,Banking,7.0,एअरटेल किंवा जिओसाठी मी टॉप ॲप कसे करु शकतो ?,एअरटेल किंवा जिओसाठी मी टॉप ॲप कसे करू शकतो?
15687,724008,D4,Banking,5.375,टिकीत कार्ड अस डेबिट कार्ड काय असत ?,क्रेडिट कार्ड आहे आणि डेबिट कार्ड काय आहे?
15688,711671,D1,Agriculture,6.5,एकात्मिक कीटक व्यवस्थापन कशाक महत्वाचे आसत ?,एकात्मिक कीटक व्यवस्थापन काय महत्त्वाचे आहे?
15689,716542,D2,Agriculture,7.0,एरोपोनिक पद्धतीने आपण पर्यावरण स्वच्छ करू शकतो,एरोपोनिक पद्धतीने आपण पर्यावरण स्वच्छ करू शकतो
15690,723206,D4,Agriculture,5.0,हेक्टर म्हणजे किती एकर व्हते ?,हेक्टर म्हणजे किती एकर असते?
15691,706893,D1,Banking,6.5,आर्थिक सुधारक वकिली करू शकतत,आर्थिक सुधारक वकिली करू शकतो
15692,714528,D2,Banking,7.0,सोनं गहाण ठीसनी करजं काढावर व्याज भरनं पडस का ?,सोनेचे गहाण ठेवल्यास कर्जावर व्याज पडेल का?
15693,723757,D4,Banking,5.0,मले कर्ज ऑनलाईन वापिस करता येईन का ?,मला कर्ज ऑनलाईन वापरता येईल का?
15694,711443,D1,Agriculture,6.5,हवामान आणि वातावरणात काय फरक असा ?,हवामान आणि वातावरणात काय फरक आहे?
15695,716891,D2,Agriculture,7.0,काळी मिरी मसाला म्हणून वापरली जाते,काळी मिरी मसाला म्हणून वापरले जाते
15696,724038,D4,Banking,5.0,क्यू.आर कोड समदीकडे रायतो का ?,क्यूआर कोड तिथे आहे का?
15697,711216,D1,Agriculture,6.5,भात शेती केवा करूची आणि कशी करुची ?,भात शेती कशी करायची?
15698,714236,D2,Agriculture,7.0,पत्ताकोबीनी सवादबन भाजी बनस,पत्ताकोबीनीनुसार सवादबन भाजी बनवली
15699,723382,D4,Agriculture,5.0,व्यवसाय कर्ज योजना भेटेन का ?,व्यवसाय कर्ज योजना मिळेल का?
15700,712467,D1,Banking,6.5,के.वाय.सी अपडेट करू साठी किती मुदत आसा ?,के.वाय.सी अपडेट करण्यासाठी किती मुदत आहे?
15701,716207,D2,Banking,7.0,सध्या शेअर बाजारा चा भाव काय चालू आहे ?,सध्या शेअर बाजाराचा भाव काय आहे?
15702,723975,D4,Banking,5.0,मले आधार न पैसे काढता येईन का ?,मला आधार न पैसे काढता येईन का?
15703,707865,D1,Agriculture,6.5,मधाक हृदय आजारांवर उपयोगी मनाला जाता,मधाक हृदय आजारांवर उपयोगी मनाला जाते
15704,714413,D2,Agriculture,7.0,भेंडीले परदेसमा लेडी फिंगर म्हणतंस,भेंडीले परदेसमा लेडी फिंगर म्हणत आहेत
15705,723530,D4,Agriculture,5.0,लाल्या रोग कायनं येते ?,लाल रोग का होतो?
15706,711932,D1,Banking,6.5,क्रेडिट कार्डची पिन कोड कसो बदलुचा ?,क्रेडिट कार्डची पिन कोड कशी बदलायची?
15707,712814,D2,Agriculture,7.0,मोठा शेतकरी आधुनिक कृषी उपकरण शेतीमा वापरतस,मोठा शेतकरी आधुनिक कृषी उपकरण शेतीमध्ये वापरत आहे
15708,723985,D4,Banking,5.0,कर्जाचे कितीक परकार रायते ?,कर्जाचे किती परकार आहेत?
15709,711148,D1,Agriculture,6.5,सिंचन पध्दतीत पानी खूप फुकट जाता काय ?,सिंचन पद्धतीत पाणी खूप वाया जाते काय?
15710,716971,D2,Agriculture,7.0,"मूग डाळ , ज्याला हरभरा म्हणूनही ओळखले जाते",मूग डाळ ज्याला हरभरा म्हणूनही ओळखले जाते
15711,723237,D4,Agriculture,5.0,सालभरात किती हंगाम येते ?,वर्षात किती हंगाम येतात?
15712,712150,D1,Banking,6.5,के.वाय.सी अपडेट नाय केलय तर काय होईत ?,केवायसी अपडेट न केल्यास काय होईल?
15713,713737,D2,Agriculture,7.0,भारत मा शेतजमीन क्षेत्रफळ कमी व्हयी राहीन,भारताची शेतजमिनीची क्षेत्रफळ कमी राहील
15714,723005,D4,Agriculture,5.0,पराटीचा काळ किती रायते ?,पराटीचा काळ किती आहे?
15715,711429,D1,Agriculture,6.5,रोपांच्या मुळावर काय परिणाम होतत ?,रोपांच्या मुळांवर काय परिणाम होत आहे?
15716,714684,D2,Agriculture,7.0,ग्रामीण भागमा सणबजारनी रोज भलती गर्दी व्हस,ग्रामीण भागातील सणबजारनी रोज चांगली गर्दी असते.
15717,723979,D4,Banking,5.0,आर.टी.जी.एस म्हंजे काय होते ?,आर.टी.जी.एस म्हणजे काय होते?
15718,712179,D1,Banking,6.5,शिक्षणाच्या कर्जाचो प्रकार काय आसत ?,शिक्षणाच्या कर्जाचा प्रकार काय आहे?
15719,718290,D2,Banking,7.0,वाहतूक विमा योजनेचा लाभ कसा घेता येईल ?,वाहतूक विमा योजनेचा लाभ कसा घेता येईल?
15720,723712,D4,Banking,5.0,मले जीवन बिमा काढता येईन का ?,मला जीवन विमा काढता येईल का?
15721,711422,D1,Agriculture,6.5,पिकावरची किडीक नियंत्रण कसा करायचा ?,पिकावरील कीड नियंत्रण कसे करायचे?
15722,713025,D2,Agriculture,7.0,शयेरमझार वनीकरणमा लायेल झाडेसनी कायजी लेतस,शयेरमझार वनीकरणामध्ये झाडे किती लागली आहेत
15723,723189,D4,Agriculture,5.0,मित्र किडे कशे ओळखा लागते ?,"मित्रा, किडे कसे ओळखता?"
15724,712049,D1,Banking,6.5,कितकोसो वेळ लागत निधी हस्तांतरण हौक ?,निधी हस्तांतरणाला किती वेळ लागतो?
15725,712664,D2,Agriculture,7.0,बायोशेल्टर हायी हरितगृह शे,बायोशेल्टर हरितगृह आहे
15726,723212,D4,Agriculture,5.0,एक एकर शेतीवर किती पीक कर्ज भेटते ?,एक एकर शेतीवर किती पीक कर्ज मिळते?
15727,709037,D1,Banking,6.5,कूपनका आपल्या पत्रावांगडान जोडा,कूपन आपल्या पत्रावर जोडा
15728,713117,D2,Agriculture,7.0,निलगिरीमा चहा ना वावरे भलता सुंदर शेत,निलगिरीमा चहा ना वावरे भलता सुंदर शेत
15729,723205,D4,Agriculture,5.0,एक टन म्हनजे किती किलोग्रॅम ?,एक टन म्हणजे किती किलोग्राम?
15730,708487,D1,Banking,6.5,यू.पी.आय मुळे आपण लायटीचा बिल लगेचच भरू शकतंव,यू.पी.आय मुळे आपण लाईटचे बिल लगेच भरू शकतो
15731,712592,D2,Banking,7.0,टाटा कंपनी नवा उद्योगसले भांडवल पुरावस,टाटा कंपनीचा नवा उद्योग भांडवल
15732,723352,D4,Agriculture,5.0,ठिबक सिंचनचं नुकसान कोनचं ?,ठिबक सिंचनाचे नुकसान कोणते?
15733,711405,D1,Agriculture,6.5,पीक वाढवुसाठी पहिला काय करूक हव्या ?,पीक वाढवण्यासाठी पहिला काय करायचा हवा?
15734,715944,D2,Banking,7.0,मनिऑर्डर साठी पैसे आधीच जमा करावे लागतात,मनी ऑर्डरसाठी पैसे आधीच जमा करावे लागतात
15735,723863,D4,Banking,5.0,मले घरचं लाईट बिल ऑनलाईन भरता येईन का ?,मला घराचे लाईट बिल ऑनलाईन भरता येईल का?
15736,708001,D1,Agriculture,6.5,लाकडाचा उत्पादन करून आपण मॉप पैसो कमावू शकतव,लाकडाचे उत्पादन करून आपण मॉप पैसे कमावू शकतो
15737,714403,D2,Agriculture,7.0,भारतमझारला शेरेस्मा झाडवान सावठं शे,भारतामध्ये शेरेस्मा झाडवान सावठं शे
15738,723872,D4,Banking,5.0,बिमा कितीक परकारचा रायते ?,विम्याचा किती खर्च आहे?
15739,712188,D1,Banking,6.5,कर्ज ह्या किती वर्षात फेडून हव्या ?,कर्ज किती वर्षात फेडायचे आहे?
15740,715113,D2,Agriculture,7.0,मत्स्यपालन संशोधन मत्स्यपालनावर आधारित आहे,मत्स्यपालन संशोधन मत्स्यपालनावर आधारित आहे
15741,722963,D4,Agriculture,5.0,सोयाबीन पिकात वल नसल्याचं कस समजन ?,सोयाबीन पिकात वल नसल्याचे कसे समजले?
15742,711347,D1,Agriculture,6.5,दमट हवामानात खयली शेती करूची ?,तीव्र हवामानात शेती करता येईल का?
15743,712923,D2,Banking,7.0,निव्वय वर्तमान मूल्यना करता कर्जवर याज देतंस,निव्वळ वर्तमान मूल्य मोजून कर्जवर देत आहात
15744,723019,D4,Agriculture,5.0,बोंड अळीचं जीवनचक्र कस रायते ?,बोंड अळीचे जीवनचक्र कसे असते?
15745,708659,D1,Agriculture,6.5,दुधाक वर उचलूक वॅक्यूम वापरतत,दूध वर उचलून व्हॅक्यूम वापरत आहे
15746,715202,D2,Agriculture,7.0,शेवाळाची लागवड पाण्यात केली जाते,शेवाळाची लागवड पाण्यात केली जाते
15747,723477,D4,Agriculture,5.0,तुरीले घुंग काऊन लागते ?,तुला घुंग कसे लागते?
15748,707408,D1,Banking,6.5,कर स्पर्धा ही येक प्रकारची योजना आसा,कर स्पर्धा ही एक प्रकारची योजना आहे
15749,712761,D2,Banking,7.0,आधुनिक कायमा गनच ॲप डिजिटल आर्थिक सेवा देतीस,आधुनिक अनेक ॲप डिजिटल आर्थिक सेवा देतात
15750,723846,D4,Banking,5.0,मले बचत खात ऑनलाईन खोलन सोपं पडन की ऑफलाईन ?,मला बचत खाते ऑनलाईन खोलणे सोपे पडते की ऑफलाईन?
15751,708779,D1,Agriculture,6.5,फ्लॉवर वार्षिक झाड हा जा बी लाऊन घेतत,ते वार्षिक झाड घेऊन घेत आहेत
15752,713576,D2,Agriculture,7.0,दुधयीनी भाजी सगयीकडे पिकाडतस आनी खातस भी,दुधयीनी भाजी सगळीकडे पिकवतात आणि खातात सुद्धा
15753,723549,D4,Agriculture,5.0,जमीन मोजाले कोनचं एकक वापरते ?,जमिनीचे मापन करण्यासाठी कोणते एकक वापरले जाते?
15754,708980,D1,Banking,6.5,कार्यरत भांडवल एक वित्तीय मेट्रीक हा,कार्यरत भांडवल एक वित्तीय मेट्रिक आहे
15755,712785,D2,Banking,7.0,भारत देशमा सांस्कृतिक उद्योजकतानी,भारतामध्ये सांस्कृतिक उद्योजकता
15756,723829,D4,Banking,5.0,कर्जसाठी ऑनलाईन फारम भरला तर चालन का ?,कर्जासाठी ऑनलाईन फॉर्म भरला तर काय चालणार?
15757,709948,D1,Agriculture,6.5,पपईचे झाड उबेमुळे बाहेरचा आवरण गळून जाता,पपईचे झाड उबेमुळे बाहेरचे आवरण गळून जाते
15758,714199,D2,Agriculture,7.0,वन्यजीव शेतीना उपेग जनावरसना वाढना करता व्हस,वन्यजीवांचे शेतीवर उपयोग जनावरणाच्या वाढीस कारणीभूत आहे.
15759,724095,D4,Banking,5.0,मले जीवन बिमा ऑनलाईन भरता येईन का ?,मला जीवन विमा ऑनलाईन भरता येईल का?
15760,707321,D1,Agriculture,6.5,आधुनिक मळणी यंत्रा अत्यंत स्वयंचलित आसत,आधुनिक मळणी यंत्र अत्यंत स्वयंचलित आहे
15761,715676,D2,Banking,7.0,तू प्रत्यक्ष ठेवी चा वापर केव्हा करतो ?,तुम्ही प्रत्यक्ष ठेवीचा वापर केव्हा करता?
15762,723124,D4,Agriculture,5.0,ढगाळ वातावरनात फवारनी कराव का ?,ढगाळ वातावरणात फवारणी करावी का?
15763,709314,D1,Banking,6.5,"राजू , तू महिन्याचे हफ्ते कशे भरतंस ?","राजू, तू महिन्याचे हप्ते कसे भरतोस?"
15764,715462,D2,Agriculture,7.0,"कॉफीची शेती , डोंगराळ शेतीच एक उदाहरण आहे","कॉफीची शेती, डोंगराळ शेतीच एक उदाहरण आहे."
15765,723347,D4,Agriculture,5.0,सोल्याले कोनचं खत वापराव ?,सोल्यालेचे खत वापरायचे आहे का?
15766,712438,D1,Banking,6.5,बँकिंग वित्तीय सेवा म्हणजे काय ?,बँकिंग वित्तीय सेवा म्हणजे काय?
15767,713715,D2,Banking,7.0,प्रत्येकजण खाताना व्यवहारले जुडेल राहस,प्रत्येकजण खाताना व्यवहार जुडेल राहतो
15768,723685,D4,Banking,5.0,बँकेतून किस्त भरता येईन का ?,बँकेतून किस्त भरता येईन का?
15769,709071,D1,Agriculture,6.5,भारत जगातलो सगळ्यात मोठो चाय उत्पादक हा,भारत जगात सर्वात मोठा चहा उत्पादक आहे.
15770,717067,D2,Banking,7.0,पैशाच्या चलनाची किंमत कशी ठरवली जाते,पैशाच्या चलनाची किंमत कशी ठरवली जाते
15771,723302,D4,Agriculture,5.0,"तूर , चन्याची वल कमी कायनं कराव ?","तूर, चन्याची वळ कमी का करायचे आहे?"
15772,710644,D1,Agriculture,6.5,कोलेजन ह्यो अतिशय हलको आणि मुलायम फायबर असा,कोलेजन हे अतिशय हलके आणि मुलायम फायबर आहे
15773,715000,D2,Agriculture,7.0,द्राक्षे वाळवुन मनुका बनविले जातात,द्राक्षे वाळवून पीठ बनवले जाते
15774,723162,D4,Agriculture,5.0,मातीचा कस कसा समजाव ?,मातीचा कस कसा समजायचा?
15775,709576,D1,Banking,6.5,मनी ऑर्डर डाक करून पाठवतत आणि घेतत,मनी ऑर्डर पोस्ट करून पाठवणे आणि घेणे
15776,713645,D2,Banking,7.0,कंपनीमा तुनी जी बचत हुई तिले नफा म्हणतंस,कंपनीत तुझी जी बचत नफा म्हणतास
15777,723109,D4,Agriculture,5.0,कोळशीवरचा रामबान उपाव कोनचा ?,कोळशीवरील रामबानचा उपाय कोणता?
15778,710180,D1,Banking,6.5,एन.सी.पी.आय ही आर.बी.आय द्वारा चालवली जाता,एन.सी.पी.आय आर.बी.आय द्वारे चालवली जाते
15779,714929,D2,Agriculture,7.0,ग्राइंडर मिक्सर हे एक प्रकारचे कृषी उपकरण आहे,ग्राइंडर मिक्सर हे एक प्रकारचे कृषी उपकरण आहे
15780,723146,D4,Agriculture,5.0,रोटावेटरवर सरकार किती ऑफर देतं ?,रोटावेटरवर सरकार किती ऑफर देते?
15781,707207,D1,Banking,6.5,कर्ज काढूक कर्जदाराकडसून आकारलेला रक्कम,कर्जदाराकडून आकारलेली कर्ज रक्कम
15782,712829,D2,Agriculture,7.0,नेरीयन ओलीएंडर हायी येक फुल शे,नेरीयन ओलीएंडर आहे एक फुल शे
15783,724106,D4,Banking,5.0,पेटीएम यू.पी.आय कायले म्हनते ?,पेटीएम यू.पी.आय म्हणजे काय?
15784,711482,D1,Agriculture,6.5,काळी माती कशी तयार करूची ?,काळी माती कशी तयार करावी?
15785,713747,D2,Banking,7.0,भाडेपट्टा हाई एक व्यवस्था शे,भाडेपट्टा आणि एक व्यवस्था
15786,723408,D4,Agriculture,5.0,पिकं किती परकारचे रायते ?,किती परकारचे आहे?
15787,710715,D1,Banking,6.5,टॅरिफ कराचो उच्च दर व्यवसायावर परिणाम करता,टॅरिफ उच्च दर व्यवसायावर परिणाम करतात
15788,713013,D2,Agriculture,7.0,द्राक्ष जवंय तयार व्हयीसन काढतस तवंय दारू बनाडतस,द्राक्षे घ्यायच्या आहेत तयार करायच्या आणि तसे दारू बनवत आहेत
15789,723704,D4,Banking,5.0,मले विजेच बिल ऑनलाईन भरता येईन का ?,मला विजेचे बिल ऑनलाईन भरता येईल का?
15790,712397,D1,Banking,6.5,बँकेत किती रक्कम ने खाता उघडूक लागता ?,बँकेत खाते उघडण्यासाठी किती रक्कम लागते?
15791,712649,D2,Banking,7.0,नवजात उद्योजकतामा सुरवातले कमी फायदा भेटस,नवजात उद्योजकतेत सुरुवात केल्यास कमी फायदा मिळते
15792,723353,D4,Agriculture,5.0,पाण्याची गती कशी असावी ?,पाण्याची गती कशी असावी?
15793,708741,D1,Agriculture,6.5,रेशमचे किडे रेशम बनवूक वापरतत,रेशमचे किडे रेशम बनवूक वापरत आहेत
15794,713955,D2,Banking,7.0,आय.एफ.एस.सी कोड बँककडथून भेटेल पैसा पासबूक वरच भेटू शकस,आय.एफ.एस.सी कोड बँककडून पैसा पासबुकवरून मिळू शकेल का?
15795,723944,D4,Banking,5.0,मले फोन रिचार्ज कसा करता येईन ?,मी फोन रिचार्ज कसा करू शकेन?
15796,710255,D1,Banking,6.5,ट्रस्ट फंड ही एक कायदेशीर संस्था असा,ट्रस्ट फंड ही एक कायदेशीर संस्था आहे
15797,713456,D2,Agriculture,7.0,खरेदी ईक्रीना भाववर वस्तूना बाजारभाव ठरस,खरेदीच्या भाववर वस्तूंचा बाजारभाव ठरतो.
15798,723418,D4,Agriculture,5.0,नरम पोळी येईन अस गवाचं वान कोनचं ?,नरम पोळी येईल का?
15799,711421,D1,Agriculture,6.5,किडिक नियंत्रण ठेवुचा प्रकार काय ?,नियंत्रणाचा प्रकार काय?
15800,714274,D2,Banking,7.0,भारत आपली सेनावर आणि राखनवर गनच पैसा लाई राहिना,भारताची आपली सेना आणि रखनवर खूप पैसा आहे
15801,723877,D4,Banking,5.0,वर्षाचा बिमा रायते का ?,वर्षाचा विमा घेता का?
15802,708230,D1,Banking,6.5,कर्जा किती प्रकारची आसतत,कर्जाचे किती प्रकार आहेत
15803,713172,D2,Agriculture,6.923,"रबर ना उपेग बागकाम , पाइप , आनी होसेस तयार कराना करता करतस","रबरचे उपेग बागकाम, पाईप आणि होसेस तयार करत आहेस."
15804,723326,D4,Agriculture,5.0,खपली गहू कवा पेराले पायजे ?,खपली गहू कवा पेराले पायजे?
15805,707820,D1,Agriculture,6.5,बेलर ह्यो कृषी यंत्राचो एक भाग आसा,हे कृषी यंत्राचा एक भाग आहे
15806,718230,D2,Banking,6.9,भारत क्यू.आर आणि यू.पी.आय क्यू.आर मध्ये काय फरक आहे ?,भारत क्यू.आर आणि यू.पी.आय क्यू.आर मध्ये काय फरक आहे?
15807,720143,D4,Agriculture,5.0,जूट एक अतिशय मजबूत नैसर्गिक फायबर आहे,जूट एक अतिशय मजबूत नैसर्गिक फायबर आहे
15808,710131,D1,Banking,6.5,अटल पेंशन योजनेचे फॉर्म सगळ्या भाषेत असत,अटल पेन्शन योजनेचे फॉर्म सर्व भाषांमध्ये आहेत
15809,717728,D2,Agriculture,6.889,किडीचे किती प्रकार आहेत ? ति कशी ओळखावी ?,मुलांचे किती प्रकार आहेत? ते कसे ओळखावे?
15810,722138,D4,Banking,5.0,पासबुकचा काय उपयोग आहे राजू ?,पासबुकचा काय उपयोग आहे राजू?
15811,707913,D1,Agriculture,6.5,"मी बघलंय , वसंत ऋतूत मधमाशीचे कळप बनतत",मी पाहिले की वसंत ऋतूत मधमाशीचे कळप बनत होते
15812,712885,D2,Agriculture,6.889,"कापुस , जुट , भांग ह्या नैसर्गिक फायबर शेतस","कपास, जूट आणि भांग नैसर्गिक फायबर आहेत"
15813,721460,D4,Banking,5.0,कर न भरल्यास काय होईल ?,कर न भरल्यास काय होईल?
15814,710266,D1,Banking,6.5,तु खयच्या प्रकारचो व्यापार करुक सक्षम आसस ?,तुम्ही खयच्या प्रकारचा व्यापार करू सक्षम आहात का?
15815,713051,D2,Banking,6.875,बजारना आगाऊ अंदाज करनं कवय कवय अशक्य रहास,बाजाराचा आगाऊ अंदाज करणे अशक्य राहते.
15816,721889,D4,Banking,5.0,डॉलर हे जगातील सर्वात मजबूत चलन आहे,डॉलर हे जगातील सर्वात मजबूत चलन आहे
15817,708638,D1,Agriculture,6.5,फिरती जेनी एक खूप आरे असलेली फ्रेम असा,जेनीची एक खूप आरे असलेली फ्रेम अशी आहे
15818,716571,D2,Banking,6.875,चेकिंग खाते हे अत्यंत तरल ठेव खाते आहे,चेकिंग खाते हे अत्यंत तरल खाते आहे
15819,721427,D4,Banking,5.0,आर्थिक विवरणपत्रे कोण तयार करतात ?,आर्थिक विवरणपत्रे कोण तयार करतात?
15820,710551,D1,Banking,6.5,आरोग्य वीमो प्रत्येकान काढुक हवो,आरोग्य प्रत्येकाला लाभो
15821,713294,D2,Banking,6.875,नोंदणीकृत शेर धारक आपला हिस्सा आपला नाववर इकतस,नोंदणीकृत शेअर धारकाचा हिस्सा त्याच्या नावावर आहे.
15822,722622,D4,Banking,5.0,बचत बँक ही आर्थिक संस्था आहे,बचत बँक ही आर्थिक संस्था आहे
15823,707994,D1,Banking,6.5,रोल्स रॉइसका मजबूत ताळेबंदाची गरज आसा,रोल्स रॉइसका मजबूत ताळेबंदाची गरज आहे
15824,712599,D2,Banking,6.875,पिअर टु पिअर कर्जना आर्थिक यवहारशी संबंध शे,पिअर टू पिअर आणि आर्थिक वर्तनाशी संबंध
15825,719528,D4,Banking,5.0,एच.डी.एफ.सी नेटबँकिंगवर लॉग इन करा,एच.डी.एफ.सी नेटबँकिंगवर लॉग इन करा
15826,710935,D1,Banking,6.5,मी बऱ्याचदा शेयर मध्ये पैशे गुंतवतय,मी बऱ्याचदा शेअर्समध्ये पैसे गुंतवतो
15827,716524,D2,Agriculture,6.857,पीक कापणी यंत्र हे बहुमुखी यंत्र आहे,पीक कापणी यंत्र हे बहुमुखी यंत्र आहे
15828,724317,D4,Banking,5.0,आर.डी अन एफ.डी चे फायदे काय रायते ?,आर.डी आणि एफ.डीचे फायदे काय आहेत?
15829,710351,D1,Banking,6.5,बाँड खरेदी करून आपण आपलो पैसो गुंतवु शकतव,बाँड खरेदी करून आपण आपले पैसे गुंतवू शकतो
15830,713422,D2,Agriculture,6.857,लाल मिरची हिरवी मिरची पेक्शा महाग भेटस,लाल मिरची हिरव्या मिरचीपेक्षा महाग आहे
15831,724285,D4,Agriculture,5.0,जमिनीत रोप कवा लागा लागते ?,जमिनीत रोप लावता येते का?
15832,712163,D1,Banking,6.389,ठेव नी गुंतवणूकचे काय आजुन प्रकार आसत काय ?,गुंतवणुकीचे काय आजचे प्रकार आहेत का?
15833,717811,D2,Agriculture,6.846,"नारळ , पपई , फणस , सुपारी यावर औषधाची फवारणी करावी का ?","नारळ, पपई, फणस, सुपारी यावर औषधाची फवारणी करावी का?"
15834,719229,D4,Agriculture,5.0,हे रंग वापरून मधमाशी गोड़ मध बनवते,हे रंग वापरून मधमाशी गोड मध बनवते
15835,712102,D1,Banking,6.389,त्या योजनांका काय नियम आणि अटी आसत काय ?,त्या योजनांचे नियम आणि अटी काय आहेत?
15836,714298,D2,Agriculture,6.833,पिक रोटेशनमूये पिक उत्पादनमा फायदा व्हस,पिक रोटेशनमुळे पिक उत्पादनात फायदा होतो.
15837,721432,D4,Banking,5.0,सरकारही करातून महसूल गोळा करते,सरकारही करातून महसूल गोळा करते
15838,710839,D1,Banking,6.375,बचत खाता एक रिटेल बँकेतला बँक खाता असा,बचत खाते एक रिटेल बँकेचे बँक खाते आहे
15839,713951,D2,Banking,6.5,एन.पी.एस हाई पेन्शननं काम करान शे,एन.पी.एस. हाय पेन्शनसाठी काम करायचे आहे.
15840,719557,D4,Agriculture,5.0,नाशपातीची चव आंबट आणि गोड असते,नाशपातीची चव आंबट आणि गोड असते
15841,710861,D1,Banking,6.375,बँकेकडना काही कंपने पण कधी कधी उधार घेतत,काही कंपन्या पण कधी कधी उधार घेतात.
15842,715411,D2,Banking,6.5,कर्ज ठराव एक इतर आर्थिक सेवांचा प्रकार आहे,कर्ज ठराव एक इतर आर्थिक सेवेचा प्रकार आहे
15843,719477,D4,Agriculture,5.0,तूर डाळला अरहर म्हणूनही ओळखल जाते,तूर डाळला अरहर म्हणूनही ओळखले जाते
15844,706938,D1,Banking,6.375,गुगल पे ह्या गुगल ने विकसित केला हा,गुगलने हे विकसित केले
15845,715240,D2,Agriculture,6.5,हरभऱ्याला बंगाली चना असेही म्हणतात,हरभऱ्याला बंगाली चणा असेही म्हणतात
15846,723053,D4,Agriculture,4.889,सरकारी दर अन खाजगी दर सारखा काऊन नसतो ?,सरकारी दर आणि खाजगी दर सारखे काचे का?
15847,710633,D1,Agriculture,6.357,कॅफे कॉफी डे हयसर कॉफी विकली जाता,कॅफे कॉफी डे हयसर येथे कॉफी विकली जाते
15848,714727,D2,Banking,6.5,डिमांड ड्राफ्ट आणि चेकमा काय फरक शे,डिमांड ड्राफ्ट आणि चेकमध्ये काय फरक आहे?
15849,718742,D4,Banking,4.889,जे आपण थेट सरकारला भरतो ते थेट कर आहेत,जे आपण थेट सरकारला भरतो ते थेट कर आहेत
15850,711944,D1,Banking,6.357,विमा करुक काय काय कागद लागतत ?,विमासाठी काय कागद लागतात?
15851,713256,D2,Banking,6.5,व्याजना भीतीमुये घरना बचतवर परिणाम व्हस,व्याज आणि भीतीमुळे घरावर बचतीवर परिणाम होतो
15852,723758,D4,Banking,4.833,"कर्ज कस कस वापिस करता येईन , हे मले कस समजनं ?","कर्ज कसे वापरेन, हे मला कसे समजणे?"
15853,711880,D1,Banking,6.357,कर्ज फेडताना काय काय कागदपत्रा लागतात ?,कर्ज फेडताना कोणते कागदपत्रे लागतात?
15854,717631,D2,Agriculture,6.5,भात शेतीसाठी पाणी कसे द्यावे ?,भात शेतीसाठी पाणी कसे द्यावे?
15855,723310,D4,Agriculture,4.5,उसाचा दर खूप कमी काऊन रायते ?,उसाचा दर खूप कमी काळाला?
15856,712430,D1,Banking,6.357,योजनेचो आपल्याक काय काय फायदो होता ?,योजनेचे आपल्याला काय काय फायदे होते?
15857,717676,D2,Agriculture,6.5,पेरणीनंतर किती दिवसांनी तूर उगवतो ?,पेरणीनंतर किती दिवसांनी तूर उगवते?
15858,723784,D4,Banking,4.5,बिमा किती परकारचा असतो ?,बिमा किती आवश्यक आहे?
15859,711661,D1,Agriculture,6.357,ठिबक सिंचनाचे खैयचे खैयचे पध्दती आसत ?,ठिबक सिंचनाचे पद्धती अस्तित्वात आहेत का?
15860,718091,D2,Banking,6.5,एकाच बँकेत पैसे ट्रान्सफर होऊ शकतात का ?,एकाच बँकेत पैसे ट्रान्सफर होऊ शकतात का?
15861,724076,D4,Banking,4.5,के.वाय.सी म्हंजे काय ?,के.वाई.सी म्हणजे काय?
15862,708224,D1,Banking,6.0,कर टाळणा ही काय चांगली गोष्ट न्हय,कर टाळणे ही चांगली गोष्ट नाही
15863,718323,D2,Banking,6.5,निधी हस्तांतरण कशाला म्हटले जाते ?,निधी हस्तांतरण कशाला म्हटले जाते?
15864,723345,D4,Agriculture,4.5,मक्याले पानी कस द्याव ?,मक्याला पाणी कसे द्यावे?
15865,709787,D1,Banking,6.0,अर्थ व्यवस्थेत तारण एक कायदेशीर साधन आसा,अर्थ व्यवस्थेत तारण एक कायदेशीर साधन आहे.
15866,717957,D2,Banking,6.5,कर्ज वेळेत फेडले नाही तर दंड लागेल का ?,कर्ज वेळेत फेडले नाही तर दंड लागेल का?
15867,724004,D4,Banking,4.5,के.वाय.सी कायले म्हनते ?,केवायसी म्हणजे काय?
15868,709243,D1,Banking,6.0,एकदा विकत घेतल्यार लेबर वाउचर नष्ट होता,एकदा विकत घेतल्यावर लेबर वाउचर नष्ट झाला
15869,712948,D2,Agriculture,6.5,एगफ्रूटना उपयोग मिल्कशेक बनाडाना करता करतस,एगफ्रूटचा उपयोग मिल्कशेक बनवण्यासाठी करता
15870,724107,D4,Banking,4.5,यू.पी.आय पिन कसा बनवा लागते ?,यू.पी.आय पिन कसे बनवायचे लागते?
15871,709678,D1,Agriculture,6.0,शेतकऱ्याचा काम खूप कष्टाचा असता,शेतकऱ्याचे काम खूप कष्टाचे असते.
15872,712831,D2,Agriculture,6.5,तोंडलीले उत्तर परदेसमा कुद्रुन म्हणतस,तोंडलीले उत्तर परदेसमा कुद्रुन म्हणत आहे
15873,723726,D4,Banking,4.5,कमी वेळचं कर्ज कस मिळवाचं ?,कमी वेळेत कर्ज कसे मिळवावे?
15874,709625,D1,Agriculture,6.0,रविक कच्चे पेरू आवाडतत,रविकचे कच्चे पेरू तयार होत आहेत
15875,714255,D2,Agriculture,6.5,नांगर गनच जुनं वावरमा वापरानं साधन शे,नांगर अनेक जुने वावरमा वापरून साधन शे
15876,723329,D4,Agriculture,4.5,गहू कवा पेराले पायजे ?,गहू कवा घेता येतील का?
15877,710320,D1,Banking,6.0,पोस्ट ऑफिस मधना धनादेश दोन दिवसातच इलो,पोस्ट ऑफिसमध्ये धनादेश दोन दिवसातच झाले.
15878,713522,D2,Agriculture,6.5,मन्हा आंडोरले बटाटानी भाजी भलती आवडस,मन्हाला बटाट्याची भाजी आवडली
15879,723961,D4,Banking,4.5,यू.पी.आय म्हणजे का होते ?,यू.पी.आय म्हणजे काय?
15880,712355,D1,Banking,6.0,लाभार्थी जोडणे म्हणजे काय आसा ?,लाभार्थी जोडणे म्हणजे काय?
15881,712941,D2,Banking,6.5,सापेक्ष परतावाले अल्फा नावकनबी वयखतंस,सापेक्ष परतावाले अल्फा नावकनबी वयखतंस
15882,723022,D4,Agriculture,4.5,मित्र किडी कशी ओळखाची ?,मित्र किडी कशी ओळखावी?
15883,711686,D1,Agriculture,6.0,एकात्मिक पीक पोषण म्हणजे काय असतां ?,एकात्मिक पीक पोषण म्हणजे काय असते?
15884,713529,D2,Agriculture,6.5,ऊस आनी कापूस नगदना पैसा देनारं पिक शे,ऊस आणि कापूस पिकवून पैसे मिळवले जातात
15885,724111,D4,Banking,4.5,एन.बी.एफ.सी म्हणजे का होते ?,एन.बी.एफ.सी म्हणजे काय?
15886,711857,D1,Banking,6.0,माझो प्रीमियम काय आसा ?,माझे प्रीमियम काय आहे?
15887,712865,D2,Banking,6.5,आपरेशनल जोखिममझार मशीननी झीज आणि टूट फूटबी पकडतस,ऑपरेशनल जोखिममझार मशीननी झीज आणि टूटफूट पकडत आहे
15888,723868,D4,Banking,4.5,बिमा ऑफलाईन भराचा का ऑनलाईन ?,बिमा ऑनलाइन भराचा का?
15889,711501,D1,Agriculture,6.0,भाताक पाणी देऊक खयली सिंचन वापरू ?,भाताला पाणी द्यावे आणि सिंचन वापरावे का?
15890,713762,D2,Banking,6.5,बँकमा डिजिटल बँकिंग एम.एस.एम ई सुविधा शे,बँकेत डिजिटल बँकिंगद्वारे एम.एस.एम.ई. सुविधा आहे.
15891,723710,D4,Banking,4.5,मले ऑनलाईन बिमा भरता येईन का ?,मला ऑनलाईन विमा भरता येईल का?
15892,711541,D1,Agriculture,6.0,या आठवड्याक उसाचो रेट किती वाढतलो ?,या आठवड्यातील उसाचा दर किती वाढत आहे?
15893,717777,D2,Agriculture,6.5,कोरडवाहू जमिनीत कोणती फळबाग लावावी ?,कोरडवाहू जमिनीत कोणती फळबाग लावावी?
15894,723379,D4,Agriculture,4.5,शेतीसाठी कर्ज कस मिळवाच ?,शेतीसाठी कर्ज कसे मिळवावे?
15895,712272,D1,Banking,6.0,खाता व्यवस्थापित किद्यक करुचा ?,खाता कसे व्यवस्थापित करता?
15896,718194,D2,Banking,6.5,कर्जाला चांगले कर्ज कोणते घटक बनवितात ?,चांगले कर्ज कोणते घटक बनवतात?
15897,723534,D4,Agriculture,4.5,ऊसात कोनकोनची किड येते ?,उन्हासात कोनाकोपऱ्यात किडे येतात का?
15898,711653,D1,Agriculture,6.0,वेलचीचे तीन महत्वाचे जाती खयचे आसत ?,वेलचीचे तीन महत्त्वाचे जाती खायचे आहेत का?
15899,717620,D2,Agriculture,6.5,शेंग लागवडीसाठी योग्य जमीन कोणती ?,शेंग लागवडीसाठी कोणती जमीन योग्य आहे?
15900,723226,D4,Agriculture,4.5,पराटीची किंमत वाढन का ?,पराटीची किंमत का वाढली?
15901,711558,D1,Agriculture,6.0,दगडी जमीन शेती करुक कित्याक बरी नसता ?,दगडी जमीन शेती केली तर किती बरोबर नव्हती?
15902,718422,D2,Banking,6.5,थकीत कर्जाच्या परतफेड रकमेवर किती दंड होईल ?,थकीत कर्जाच्या परतफेडीच्या रकमेवर किती दंड होईल?
15903,721830,D4,Agriculture,4.5,हत्ती नेहमी कळपात फिरतो,हत्ती नेहमी कळपात फिरतो
15904,709742,D1,Banking,6.0,आई.एफ.एस.सी कोड मुळे बँक शाखा समजान येता,आई.एफ.एस.सी कोडमुळे बँक शाखा मिळते
15905,712916,D2,Agriculture,6.5,वावरमझारलं निंघेल धान्य शेवट बजारमा इकतस,वावरमझारलं निंघेल धान्य शेवट बाजारामध्ये आहे
15906,721373,D4,Banking,4.5,परतावा दर कसा काढला जाऊ शकतो ?,परतावा दर कसा काढला जाऊ शकतो?
15907,711793,D1,Agriculture,6.0,कीटक नियंत्रण करूचे प्रकार कितके हत ?,कीटक नियंत्रणाचे प्रकार किती आहेत?
15908,717774,D2,Agriculture,6.5,टरबूज बाराही महिने घेता येते का ?,तरबूज बारा महिने आणि अर्धा महिना घेता येतो का?
15909,719908,D4,Banking,4.5,गहाणखत हे रिअल इस्टेटवर कर्ज आहे,गहाणखत हे रिअल इस्टेटवर कर्ज आहे
15910,711903,D1,Banking,6.0,खात्यातले पैसे कशे काडूचा ?,खात्यातील पैसे कसे काढायचे?
15911,717779,D2,Agriculture,6.5,हायब्रिड प्रकार म्हणजे काय ?,हायब्रिड प्रकार म्हणजे काय?
15912,719865,D4,Banking,4.5,बँक जनतेला कर्जही देते,बँक जनतेला कर्जही देते
15913,711306,D1,Agriculture,6.0,तुषार सिंचन खयल्या शेतीक बरा पडता ?,तुषाराचे सिंचन शेतीसाठी चांगले पडते का?
15914,718551,D2,Banking,6.5,आंतरराष्ट्रीय हस्तांतरण म्हणजे काय ?,आंतरराष्ट्रीय हस्तांतरण म्हणजे काय?
15915,723147,D4,Agriculture,4.5,दुधात कोनकोनचे घटक रायते ?,दुधात कोनांचे घटक आहेत का?
15916,711519,D1,Agriculture,6.0,वैभव वीळ्याची किंमत किती हा ?,वैभव वीळ्याची किंमत किती आहे?
15917,717690,D2,Agriculture,6.5,संकरित गायीच्या जाती किती आहेत ?,संकरित गायीच्या जाती किती आहेत?
15918,724329,D4,Banking,4.5,मले बचत खाते कुठ खोलता येईन ?,मला बचत खाते कुठे खुले होईल?
15919,711346,D1,Agriculture,6.0,पावसात खयली पीका चांगली येतली ?,पावसात चांगली पीक मिळाली का?
15920,718658,D2,Banking,6.5,मी नवीन डेबिट कार्डसाठी अर्ज कसा करु ?,मी नवीन डेबिट कार्डसाठी अर्ज कसा करू?
15921,719727,D4,Banking,4.5,"भाऊ , महागाई कशाला म्हणतात ?",महागाई म्हणजे काय?
15922,711452,D1,Agriculture,6.0,कांदो वाळवताना ढीग करून हवो काय ?,बटाटे वाळवताना ढीग करून हवे काय?
15923,717639,D2,Agriculture,6.5,लाल अळी पडल्यास काय करावे ?,लाल अळी पडल्यास काय करावे?
15924,721481,D4,Banking,4.5,कर्ज रोखे कसे कार्य करतात ?,कर्ज कसे कार्य करतात?
15925,711679,D1,Agriculture,6.0,सिंचन पद्धती मध्ये खयचे त्रुटी आसत ?,सिंचन पद्धतीमध्ये खोट्या त्रुटी आहेत का?
15926,718452,D2,Banking,6.5,ऑनलाईन पद्धतीने विमा हफ्ता भरता येईल का ?,ऑनलाईन पद्धतीने विमा हफ्ता भरता येईल का?
15927,724322,D4,Banking,4.5,मले बचत खाते कसं खोलता येईन ?,मला बचत खाते कसे उघडता येईल?
15928,711120,D1,Agriculture,6.0,हे बिये लाऊन फायदो कितको जातलो ?,यामुळे किती फायदा झाला?
15929,718479,D2,Banking,6.5,एन.ई.एफ.टी साठी किती रकमेची मर्यादा आहे ?,एनईएफटीसाठी किती रकमेची मर्यादा आहे?
15930,722249,D4,Agriculture,4.357,द्रव खत म्हणजे ट्रकवर चढून खत पसरविणे,द्रव खत म्हणजे ट्रकवर चढून खत पसरवणे
15931,711225,D1,Agriculture,6.0,आम्याची झाडा कशी लयतत ?,आमची झाड कशी आहे?
15932,712672,D2,Banking,6.5,रोहित ले ऑनलाईन आकडा बनावा न काम भेटेल शे,रोहितला ऑनलाईन आकडा बनवून काम मिळेल का?
15933,723553,D4,Agriculture,4.0,दव पडल्यावर का कराच पायजे ?,दव पडल्यावर का गेलात?
15934,711339,D1,Agriculture,6.0,खयल्या ट्रॅक्टरान मशागत बरी होता ?,खरे ट्रॅक्टरने मशागत बरी झाली का?
15935,714315,D2,Banking,6.5,कर नी चोरी करीसन यापारी काळं धन लपाडतंस,करणी चोरी करत या काळात धन लपवत होते
15936,724204,D4,Banking,4.0,यू.टी.आर नंबर काय रायते ?,यू.टी.आर नंबर काय आहे?
15937,712482,D1,Banking,6.0,जिओ साठी टॉप किती रकमेपर्यंत करू शकतव ?,Jio साठी किती रक्कम करता येते?
15938,714072,D2,Agriculture,6.5,रबरनं उत्पादन परतेक वरिसले वाढी राहीनं,रबराचे उत्पादन प्रत्येक वेळी वाढेल
15939,724052,D4,Banking,4.0,आर.टी.जी.एस कायले म्हनते ?,आर.टी.जी.एस म्हणजे काय?
15940,712073,D1,Banking,6.0,खयचा मोबाईल ऍप्लिकेशन यवस्तित होया ?,मोबाईल ऍप्लिकेशन व्यवस्थित झाले आहे का?
15941,713271,D2,Banking,6.5,रियल इस्टेट ना घसारा करता भी ईशेष नियम शेतस,रियल इस्टेटचा घसारा करताना देखील विशेष नियम असतात.
15942,723867,D4,Banking,4.0,मले भरल ते बिल कस पायता येईन ?,मी ते बिल कसे फेडू शकेन?
15943,711801,D1,Banking,6.0,खात्यातले पैसे कसे काडूचे ?,खात्यातील पैसे कसे काढले?
15944,713625,D2,Agriculture,6.5,मसालामा इलायचीले भारी महत्त्व शे,मसालांमध्ये इलायचीचे मोठे महत्त्व आहे.
15945,723018,D4,Agriculture,4.0,नाग अळीचं लक्षण कोनचं ?,नागाच्या अंड्याचे लक्षण कोणते?
15946,711251,D1,Agriculture,6.0,कसल्या प्रकारची वजना आसतत ?,कोणत्या प्रकारची वजन असते?
15947,716190,D2,Agriculture,6.5,शेती रोबोटने पिक पटकन पेरलं आणि काढल जाऊ शकत,शेती रोबोटने पिक पटकन पेरले आणि ते काढले जाऊ शकते
15948,724069,D4,Banking,4.0,हर मईन्याले किस्त कटन का ?,प्रत्येक महिन्यात किस्ते का कापले जातात?
15949,711524,D1,Agriculture,6.0,ऊसाक किती पाणी घालूक व्हया रोज ?,ऊसाकमध्ये रोज किती पाणी घातले जाते?
15950,712758,D2,Agriculture,6.5,अरब देशमझार कॉफीन्या बिया भुजीसन वापरतस,अरब देशात कॉफीच्या बिया भुजीस वापरतात
15951,723346,D4,Agriculture,4.0,सोला कायनं पेराव ?,काय भरावे लागेल?
15952,711201,D1,Agriculture,6.0,आम्ही मिरचेंची लागवड कधी करूची ?,आम्ही मिरच्याची लागवड कधी करू?
15953,717976,D2,Banking,6.5,मी गोल्ड बॉण्ड साठी अर्ज करु शकते का ?,मी गोल्ड बॉण्डसाठी अर्ज करू शकते का?
15954,724105,D4,Banking,4.0,यू.पी.आय कायले म्हनते ?,यू.पी.आय म्हणजे काय?
15955,711645,D1,Agriculture,6.0,ई कॉमर्सची वेबसाईट बनवक किततो खर्च येतलो ?,ई कॉमर्सची वेबसाईट बनवण्याचा किती खर्च येतो?
15956,717291,D2,Agriculture,6.5,कापसावर ट्रॅक्टर ने फवारणी करु शकतो का ?,कापसावर ट्रॅक्टरने फवारणी करता येते का?
15957,723605,D4,Banking,4.0,मले ऑनलाईन कर्ज भरता येईन का ?,मी ऑनलाईन कर्ज भरू शकेन का?
15958,711984,D1,Banking,6.0,कर्ज कमीत कमी कितक्या दिवसात मेलक शकता ?,कर्जासाठी कमीत कमी किती दिवसांत फेडता येते?
15959,717303,D2,Agriculture,6.5,बाजरीवर अळ्या पडू नये म्हणून काय करावे ?,बाजरीवर अळ्या पडू नये म्हणून काय करावे?
15960,719158,D4,Agriculture,4.0,बॅकहो लोडर खूप मजबूत असतात,बॅकहो लोडर खूप मजबूत असतात
15961,711802,D1,Banking,6.0,खाता व्यवस्थापित कसा करुचा असता ?,खाते व्यवस्थापित कसे करायचे?
15962,713997,D2,Banking,6.5,अनुजनी थोडा पैसा भारीसन कार इकत लिदी,अनुजनीला थोडा पैसा कार संबंधित कागदपत्रे लिहायची आहेत
15963,719188,D4,Agriculture,4.0,मसूर खायला छान लागते,मसूर खायला छान लागते
15964,712322,D1,Banking,6.0,रिचार्ज केला की ऑफर्स भेटात मा ?,रिचार्ज केल्यावर ऑफर्स भेट मिळतील का?
15965,714936,D2,Banking,6.5,चेक देखील खरेदीसाठी वापरला जाऊ शकतो,चेक देखील खरेदीसाठी वापरला जाऊ शकतो
15966,719058,D4,Agriculture,4.0,चेस्टनट एक तपकिरी लाल नट आहे,चेस्टनट एक तपकिरी लाल नट आहे
15967,711730,D1,Agriculture,6.0,आजचो हवामान अंदाज काय आसा ?,आजचे हवामान अंदाज काय आहे?
15968,712619,D2,Agriculture,6.5,गाव साठवण योजना गोदामशी संबंधित शे,गाव साठवण योजना गोदामशी संबंधित शे
15969,719542,D4,Agriculture,4.0,खजूर फळे लहान आणि गोड असतात,खजूर फळे लहान आणि गोड असतात
15970,711771,D1,Agriculture,6.0,भात साठवून ठेवूक खयचे उपाय करूक व्हये ?,साठवलेल्या भाताचा अपव्यय करण्याचे उपाय काय आहेत?
15971,716003,D2,Banking,6.5,मी पाच जमिनी भाड्यावर घेतल्या आहे,मी पाच जमिनी भाड्यावर घेतल्या आहेत
15972,722091,D4,Agriculture,4.0,"भाऊ , वाइन कसे बनवले जाते ?",भाऊ वाइन कसे बनवले जाते?
15973,711899,D1,Banking,6.0,निधीचो स्त्रोत व रक्कम कीती असा ?,निधीचा स्रोत व रक्कम किती आहे?
15974,717366,D2,Agriculture,6.5,बोराच्या जाती किती व कोणत्या ?,बोरांच्या किती जाती कोणत्या?
15975,723327,D4,Agriculture,3.5,कोनची फवारणी कराव ?,कोणाची फवारणी करायची आहे?
15976,711828,D1,Banking,6.0,के.वाय.सी महत्त्वपुर्ण किद्याक ?,के.वाय.सीचे महत्त्व कुठे आहे?
15977,714666,D2,Agriculture,6.5,खेडागावमा आजबी वावरेस्मा शेणखत टाकतस,आज खेडगावमध्ये वावरेस्मा शेणखत टाकले आहे
15978,723902,D4,Banking,3.5,आर.टी.जी.एस काय रायते ?,आर.टी.जी.एस काय आहे?
15979,711483,D1,Agriculture,6.0,दगडी मातीत खयला पीक घेव शकताव ?,दगडी मातीत पीक घेता शक आहे का?
15980,712667,D2,Banking,6.5,भीम यु.पी.आय भारतमझारली महत्वनी सेवा शे,भीम यूपीआय भारतमझारली महत्त्वाची सेवा शे
15981,723123,D4,Agriculture,3.5,पाऊस आल्यावर दव काऊन पडते ?,पाऊस आल्यावर दव कसे पडते?
15982,711905,D1,Banking,6.0,खाता व्यवस्थापित करून काय फायदो ?,खाते व्यवस्थापित केल्याने काय फायदा?
15983,713520,D2,Agriculture,6.5,गावमा परतेक घरेस्मा ढोरे ढाकरे पायतस,गावात प्रत्येक घरात ढोरे ढाकरे आहेत
15984,719015,D4,Agriculture,3.5,अकाई बेरी एक महाग फळ आहे,ही बेरी एक महाग फळ आहे
15985,712351,D1,Banking,6.0,बँकेत किती प्रकारची खाती आसतात ?,बँकेत किती प्रकारच्या खाती असतात?
15986,718630,D2,Agriculture,6.5,एका किलोग्रॅम मध्ये एक हजार ग्रॅम असतात,एका किलोग्रॅममध्ये एक हजार ग्रॅम असतात.
15987,724287,D4,Agriculture,3.5,आपन कीटकाले कस ओळखू शकतो ?,आपण काय ओळखू शकतो?
15988,711685,D1,Agriculture,6.0,ऊस वाढ ही खयच्या ऋतूत चांगली होता ?,ऊस वाढ खयच्या ऋतूत चांगली होती का?
15989,718221,D2,Banking,6.5,कोणता विम्याला सर्वाधिक महत्व आहे ?,कोणता विमा सर्वाधिक महत्त्वाचा आहे?
15990,723234,D4,Agriculture,3.0,बकरीचं वजन कस वाढवाव ?,बकरीचे वजन कसे वाढवायचे?
15991,711211,D1,Agriculture,6.0,मातीचे प्रकार कितके आसत ?,मातीचे प्रकार किती आहेत?
15992,717621,D2,Agriculture,6.5,कमी खर्चात भाजीपाला कसा पिकवावा ?,कमी खर्चात भाजीपाला कसा पिकवायचा?
15993,709449,D1,Agriculture,6.0,जायद पिकांचा आयुष्य खूप कमी असता,पिकांचे आयुष्य खूप कमी असते
15994,717282,D2,Agriculture,6.5,चार एकरात फळबाग लागवडीसाठी किती खर्च येईल ?,चार एकरात फळबागेच्या लागवडीसाठी किती खर्च येईल?
15995,712295,D1,Banking,6.0,कर्जाची परतफेड ऑनलाइन केली तरी चलता मा ?,कर्जाची परतफेड ऑनलाइन केली तरी चालते का?
15996,717369,D2,Agriculture,6.5,मोसंबी संकरित नाही केली तर काय होईल ?,मोसंबी संकरित केले नाही तर काय होईल?
15997,708696,D1,Agriculture,6.0,भेंडी मल्लू परीवारमधला झाड हा,हा भेंडी मल्लू कुटुंबाचा झाड आहे.
15998,713049,D2,Banking,6.5,उद्यम भांडवल सहज भेटस तवंय कंपनीसले फायदा व्हस,"उद्यम भांडवल सहज मिळते, तुम्हाला कंपनीला फायदा होतो."
15999,711660,D1,Agriculture,6.0,मातीचे प्रकार किती आसत ?,मातीचे प्रकार किती आहेत?
16000,715678,D2,Banking,6.5,तू या महिन्याचं बँक तपशील तपासल आहे का ?,तुम्ही या महिन्याचे बँक तपशील तपासले आहेत का?
