id,text_id,dialect,domain,distortion_score,dialect_text,standard_text
4001,713283,D2,Banking,15.0,एक छोटासा फॉर्म ओपन हुई तेनामा रेफरन्स नंबर आनी इतर माहीती भरनी पडी,"एक लहान फॉर्म उघडला आहे, ज्यामध्ये रेफरन्स नंबर आणि इतर माहिती भरायची आहे."
4002,721983,D4,Agriculture,14.833,"कागद , लाकूड , बांबू , गव्हाचा पेंढा आणि भांगापासून बनवले जातो","कागद, लाकूड, बांबू, गव्हाचा पेंढा आणि भांगापासून बनवले जाते."
4003,707843,D1,Agriculture,15.0,भारतात पंजाब इत्यादी राज्यांत तांदूळ उत्पादन सिंचन प्रकल्पांमुळे शक्य झाले आसा,भारतात पंजाब इत्यादी राज्यांत तांदूळ उत्पादन सिंचन प्रकल्पांमुळे शक्य झाले.
4004,715821,D2,Agriculture,15.0,"फायबरयुक्त बिया शरीरासाठी खूप चांगल्या आहे , कारण याने पाचन तंत्र सुधारतं","फायबरयुक्त बिया शरीरासाठी खूप चांगले आहेत, कारण याने पाचन तंत्र सुधारते."
4005,722645,D4,Banking,14.818,"मालमत्ता दोन प्रकारची असू शकते , जंगम मालमत्ता आणि स्थावर मालमत्ता","मालमत्ता दोन प्रकारची असू शकते, जंगम मालमत्ता आणि स्थावर मालमत्ता"
4006,708602,D1,Agriculture,15.0,एक लाकडाचो श्रीमंत व्यापारी व्हतो आणि तेच्याकडे शेकडोनी लाकडाचे कारखाने व्हते,एक लाकडाचा श्रीमंत व्यापारी असतो आणि त्याच्याकडे शेकडो लाकडाचे कारखाने असतात
4007,716072,D2,Banking,15.0,राष्ट्रीय उत्पन्नामध्ये प्रतिव्यक्ती उत्पन्नाची वाढ आर्थिक विकास असतो,राष्ट्रीय उत्पन्नामध्ये प्रतिव्यक्ती उत्पन्नाची वाढ आर्थिक विकास असतो
4008,721869,D4,Banking,14.818,रिअल इस्टेट इकॉनॉमिक्स म्हणजे रिअल इस्टेट मार्केटस मध्ये आर्थिक तंत्रांचा वापर,रिअल इस्टेट इकॉनॉमिक्स म्हणजे रिअल इस्टेट मार्केटमध्ये आर्थिक तंत्रांचा वापर
4009,709987,D1,Banking,15.0,बचत खात्यातून तुम्ही जेवढी रक्कम काढू शकतास ती सामान्यतः यादीत असता,बचत खात्यातून तुम्ही जी रक्कम काढू शकता ती सामान्यतः यादीत असते
4010,718368,D2,Banking,15.0,ज्यांचे बँकेत खाते नाही अशा नागरीकांना मी यू.पी.आय द्वारे पैसे पाठवू शकतो का ?,ज्यांचे बँकेत खाते नाही अशा नागरिकांना मी यूपीआय द्वारे पैसे पाठवू शकतो का?
4011,720312,D4,Agriculture,14.8,वनस्पती दूध एक वनस्पती पेय आहे ज्याचा रंग दुधासारखे आहे,वनस्पती दूध एक वनस्पती पेय आहे ज्याचा रंग दुधासारखा आहे
4012,707605,D1,Agriculture,15.0,"तुका सांगतंय , बदाम ही इराण आणि आजूबाजूच्या देशांतल्या झाडांची येक प्रजाती आसा",तू सांगत आहेस की बदाम ही इराण आणि आजूबाजूच्या देशांतील झाडांची एक प्रजाती आहे
4013,712853,D2,Banking,15.0,एन.जी.ओ हाई बिनसरकारी संस्था मानवताना करता काम करस,एन.जी.ओ. गैरसरकारी संस्था मानवांसाठी काम करतात.
4014,722002,D4,Banking,14.8,"अर्ज संदर्भ क्रमांक , मोबाईल क्रमांक , जन्मतारीख , नाव वापरून लोन स्थिती तपासू शकतो","अर्ज संदर्भ क्रमांक, मोबाईल क्रमांक, जन्मतारीख, नाव वापरून लोन स्थिती तपासता येते का?"
4015,710903,D1,Agriculture,15.0,महाराष्ट्रात मोठ्या प्रमाणात द्राक्षाची शेती केली जाता,महाराष्ट्रात मोठ्या प्रमाणात द्राक्षाची शेती केली जाते.
4016,716789,D2,Agriculture,15.0,तुम्हाला माहीत आहे का की मोलस्कचे शरीर अनेकदा मऊ आणि आकारहीन असते,तुम्हाला माहीत आहे का की मोलस्कचे शरीर अनेकदा मऊ आणि आकारहीन असते
4017,721914,D4,Agriculture,14.786,"खूप मोठी कुटुंबं , मोठी कुटुंबं आणि छोटी कुटुंबं असे अनेक प्रकारची शेती आहे","खूप मोठी कुटुंबे, मोठी कुटुंबे आणि छोटी कुटुंबे अशा अनेक प्रकारची शेती आहे."
4018,709896,D1,Agriculture,15.0,जाळीदार साहित्य हे इतर तंतुमय वनस्पती सामग्रीपासून विणलेले आहे,जाळीदार साहित्य हे इतर तंतुमय वनस्पती सामग्रीपासून विणलेले आहे
4019,715975,D2,Agriculture,15.0,माझे वडील शहरी कृषी उत्पादनाच्या मदतीने वस्तूंचा भरपूर व्यापार करतात,माझे वडील शहरी कृषी उत्पादनाच्या मदतीने वस्तूंचा भरपूर व्यापार करतात
4020,721596,D4,Agriculture,14.765,"फ्लॉवर रोग ब्लॅक स्पॉट हा एक , सामान्य बुरशीचा रोग आहे , गुलाबाची एक मोठी समस्या आहे","फ्लॉवर रोग ब्लॅक स्पॉट हा एक सामान्य बुरशीचा रोग आहे, गुलाबाची एक मोठी समस्या आहे"
4021,706424,D1,Banking,15.0,के.वाय.सी आज आर्थिक गुन्हो आणि मनी लाँड्रिंग विरुद्धच्यो लढ्यात येक महत्त्व पूर्ण घटक असा,के.वाय.सी आज आर्थिक गुन्हे आणि मनी लाँड्रिंग विरुद्धच्या लढ्यात एक महत्त्वाचा पूर्ण घटक आहे.
4022,716621,D2,Agriculture,15.0,कापणी केलेल्या झाडांपैकी पस्तीस टक्के झाडे कागद निर्मितीसाठी वापरली जात आहेत,कापणी केलेल्या झाडांपैकी पस्तीस टक्के झाडे कागद निर्मितीसाठी वापरली जात आहेत
4023,722510,D4,Agriculture,14.733,"वालुकामय माती वालुकामय माती हलकी , उष्ण , कोरडी आणि आम्लयुक्त आणि भरपूर पोषक असतात","रेतीची माती हलकी, उष्ण, कोरडी आणि आम्लयुक्त व भरपूर पोषक असते."
4024,708759,D1,Agriculture,15.0,मोतीयेची शेतीन सुरवाती नंतर आता विसाव्या शतकाच्या सुरवातीक मोठो पल्लो गाठल्यान,मोतीयेची शेती सुरुवातीला नंतर आता विसाव्या शतकाच्या सुरुवातीला मोठे काम केले
4025,716716,D2,Banking,15.0,भेट पत्रामध्ये एक निश्चित राशी असते आणि ती किरकोळ विक्रेत्या द्वारे सादर केली जाते,भेट पत्रामध्ये एक निश्चित राशी असते आणि ती किरकोळ विक्रेत्याद्वारे सादर केली जाते
4026,721471,D4,Banking,14.7,"विक्री कर , दर , मालमत्ता कर , वारसा कर आणि मूल्यवर्धित कर हे विविध प्रकारचे जाहिरात मूल्य कर आहेत","विक्री कर, दर, मालमत्ता कर, वारसा कर आणि मूल्यवर्धित कर हे विविध प्रकारचे जाहिरात मूल्य कर आहेत."
4027,709009,D1,Banking,15.0,नाण्यांचो उपयोग प्रमुखपणे विनिमय किंवा कायदेशीर निविदेच्या रुपात करतत,नाण्यांचा उपयोग प्रमुखपणे विनिमय किंवा कायदेशीर निविदेच्या रूपात केला जातो
4028,714697,D2,Banking,15.0,"चेक कोनले आणि कोणती तारीख ले दिना , त्यानी सोबत चेकना नंबर यास्नी नोंद करा",चेक कोणती तारीख दिली आहे आणि त्यासोबत चेक नंबर यामध्ये नोंद करा
4029,723046,D4,Agriculture,14.5,शेतीले पुरक जोडधंदा शेळीपालन करायचा राह्यल्यास कोनच्या योजनेतून होईन ?,शेतीचे पुरक जोडधंदा आणि शेळीपालन करायचे असल्यास कोणत्या योजनेतून होईल?
4030,706477,D1,Banking,15.0,प्रीमियम ह्यो विमाधारकान त्याच्या जोखमीकरता वेळोवेळी दिलेली रक्कम असा,प्रीमियम हा विमाधारका त्याच्या जोखमीकरिता वेळोवेळी दिलेली रक्कम आहे
4031,716295,D2,Agriculture,15.0,हवामानाचा अंदाज हवामान खात्याकडून लावला जातो,हवामानाचा अंदाज हवामान खात्याकडून लावला जातो
4032,723208,D4,Agriculture,14.5,जास्त पाऊस असला त शेतीमंदी काय उपाययोजना करा लागन ?,जास्त पाऊस असला तर शेतीमंदीसाठी काय उपाययोजना कराव्या लागतील?
4033,710751,D1,Banking,15.0,तुमका ठाऊक हा पी.एम.जे.जे.बी.वाय अठरा ते पन्नास वर्षाच्या व्यक्तीं साठी असा,तुम्हाला माहीत आहे की हे पीएमजेजेबीवाय अठरा ते पन्नास वर्षांच्या व्यक्तींसाठी आहे.
4034,713463,D2,Banking,15.0,मालट्रक मालवाहतूक करता भलता काममा येस,मालट्रक मालवाहतूक करताना चांगले काम मिळते
4035,722961,D4,Agriculture,14.5,मले माया शेतातला संत्रा तोडून तो शीतपेटीमंदी ठेवायले किती खर्च येईन ?,मला शेतातला संत्रा तोडून तो शीतपेटीमंदी ठेवायला किती खर्च येईल?
4036,706602,D1,Banking,15.0,असुरक्षित कर्जावरलो व्याजदर सुरक्षित कर्जापेक्षा नेहमीच जास्त असता,असुरक्षित कर्जावरील व्याजदर सुरक्षित कर्जापेक्षा नेहमीच जास्त असतो.
4037,713218,D2,Banking,15.0,कालदिन पंचायतमा माहिती पडनं की सरकार शेतकरीसले सबसिडीवालं कर्ज दी रायनी,कालदिन पंचायतामध्ये माहिती पडली की सरकार शेतकऱ्यांना सबसिडीचे कर्ज दिले?
4038,723852,D4,Banking,14.5,क्रेडिट कार्ड भेटासाठी मले कोंते कागद जोडा लागन ?,क्रेडिट कार्डसाठी मला किती कागद जोडायला लागतील?
4039,708145,D1,Banking,15.0,हिशोबाचो इतिहास आजच्या हिशेबापेक्षा कसो वेगळो आसा ?,हिसाबचा इतिहास आजच्या हिसाबपेक्षा कसा वेगळा आहे?
4040,712722,D2,Agriculture,15.0,"गहू , भात नी असा काही पिकेसकन डंठल फायबर आपू खावा मान उपयोग करू शकतस","गहू, तांदूळ आणि काही पिकांचे डंठल फायबर तुम्ही स्वतः खाऊ शकता आणि त्याचा उपयोग करू शकता."
4041,719573,D4,Banking,14.5,चलनविषयक सुधारणा हे पैशाच्या पुरवठ्याची नवीन प्रणाली प्रस्तावित करण्याचे तत्त्व आहे,चलनविषयक सुधारणा हे पैशाच्या पुरवठ्याची नवीन प्रणाली प्रस्तावित करण्याचे तत्त्व आहे
4042,709970,D1,Agriculture,15.0,प्रधानमंत्री शेतकरी योजनेचे लाभ घेवचो असतात तर त्या शेतकऱ्याचा बँकेत खाता असूचा लागता,प्रधानमंत्री शेतकरी योजनेचे लाभ घ्यावे लागतात तर त्या शेतकऱ्याचे बँकेत खाते असणे आवश्यक आहे
4043,715564,D2,Agriculture,15.0,जनावरांच्या घोळक्याच व्यवस्थापन करण्यासाठी सगळ्यात आधी मोजणी केली जाते,जनावरांच्या कळपाचे व्यवस्थापन करण्यासाठी सगळ्यात आधी मोजणी केली जाते
4044,719108,D4,Agriculture,14.5,जैवइंधन हे एक इंधन आहे जे बायोमासपासून कमी कालावधीत तयार केले जाते,जैवइंधन हे एक इंधन आहे जे बायोमासपासून कमी कालावधीत तयार केले जाते
4045,710966,D1,Banking,15.0,"योजनेअंर्तगत शहरांत सामाजिक , आर्थिक आणि पायाभूत सुवीधांमधे सुधारणा होत असा","योजनेअंतर्गत शहरात सामाजिक, आर्थिक आणि पायाभूत सुविधांमध्ये सुधारणा होत आहे."
4046,716087,D2,Agriculture,15.0,रोपवाटिकेमध्ये फुलांच्या व्यतिरिक्त फळ देणारी रोपे पण तयार केली जातात,रोपवाटिकेमध्ये फुलांच्या व्यतिरिक्त फळ देणारी रोपे पण तयार केली जातात
4047,719460,D4,Agriculture,14.5,अठरा शे बाहत्तर मध्ये चार्ल्स बॅक्स्टर विथिंग्टन यांनी बाईंडरचा शोध लावला होता,अठरा ते ब्याण्णव मध्ये चार्ल्स बॅक्स्टर विथिंग्टन यांनी बाईंडरचा शोध लावला होता
4048,712114,D1,Banking,15.0,सणासुदीच्या वेळा आमका एन.बी.एफ.सी च्या माध्यमातून कर्ज गावात शकता काय ?,सणासुदीच्या वेळी आम्हाला एन.बी.एफ.सी च्या माध्यमातून कर्ज मिळू शकते का?
4049,714572,D2,Banking,15.0,आपला दुकानना धंदाना प्रचार व्हवानी करता गल्लीमझारला दुकानदारनी ठराविक वस्तूसवर सुट दिनी,आपल्या दुकान व्यवसायाचा प्रचार गल्लीमझाराला दुकानदारने ठराविक वस्तूसवर सूट दिली.
4050,724251,D4,Banking,14.5,मले ॲक्सिडंटचा बिमा काढासाठी कुनाले भेटा लागन ?,मला अपघाताचा विमा काढण्यासाठी कोणाशी भेटायला लागते?
4051,710273,D1,Agriculture,15.0,तुटलेल्या गवाचो वापर भुमध्यसागरी उत्तर अफ्रिकेत आणि शिजवलेल्या पदार्थांत केलो जाता,तुटलेल्या गोष्टींचा वापर भूमध्यसागरीय उत्तर आफ्रिकेत आणि शिजवलेल्या पदार्थांमध्ये केला जातो.
4052,714270,D2,Agriculture,15.0,भारतमझारल्या दराक्षसना जातीसमा म्युटंट बेंगलोर ब्लू आणि अनब ई शाही द्रक्षासना समावेश व्हस,भारतातील दरांच्या संदर्भात जातींमध्ये म्युटंट बेंगलोर ब्लू आणि अनब ई शाही यांचा समावेश आहे.
4053,723837,D4,Banking,14.5,कर्जाचे पैसे भरासाठी मले दुसरे खाते खोला लागन का ?,कर्जेचे पैसे भरण्यासाठी मला दुसरे खाते उघडायला लागेल का?
4054,712345,D1,Banking,15.0,आर्थिक सेवेंचो लाभ घेवच्यासाठी वेगळे पैसे भरुचे लागतत काय ?,आर्थिक सेवेचा लाभ घेण्यासाठी वेगळे पैसे लागतात का?
4055,716104,D2,Agriculture,15.0,"लाळ्या खुरकूत झाल्यास जनावरांमध्ये ताप येणे , दुधाची कमतरता हे लक्षण दिसतात","लाळ्या खुरकूत झाल्यास जनावरांमध्ये ताप येणे, दुधाची कमतरता हे लक्षण दिसतात."
4056,723376,D4,Agriculture,14.5,हवामान कमी जास्त होत असन त पराटीच्या पिकावर परिनाम होते का ?,हवामान कमी जास्त होत असल्यास पराटीच्या पिकांवर परिणाम होतो का?
4057,711669,D1,Agriculture,15.0,मूग आणि चवळी या पिकांमध्ये खैयच्या कीटकांचो प्रभाव जास्त असता ?,मूग आणि चवळी या पिकांमध्ये कीटकांचा प्रभाव जास्त असतो का?
4058,714542,D2,Banking,15.0,परदेसमा शिकनारा पोर्यास्ले ऑनलाईन रातपहाटले पैसा धाडना व्हतीन ते काय करनं पडी,परदेसमा शिकून ऑनलाइन रात्रपहाटले पैसे धाडनेचे काय करायचे आहे?
4059,723470,D4,Agriculture,14.5,मराठवाड्याच्या तुलनेत विदर्भातल्या कास्तकाराइले कर्ज कमी काऊन मिळते ?,मराठवाड्याच्या तुलनेत विदर्भातल्या कास्तकाराइले कर्ज का कमी मिळते?
4060,710397,D1,Agriculture,15.0,मेंढ्यांच्या मांसासाठी मेंढ्यांचो लिलाव केलो जाता,मेंढ्यांच्या मांसासाठी मेंढ्यांचा लिलाव किती होतो?
4061,714658,D2,Banking,15.0,क्रेडिट युनियननं सभासद व्हवाले खातामा ज्याना सावठा पैसा तोच रहास आशे नै,क्रेडिट युनियनचे सभासद ज्यांच्या खात्यात बचत पैसे आहेत तेच आहे.
4062,723576,D4,Agriculture,14.5,पंचेचाळीस दिवसामंदी कोंबडी किती किलोग्रॅमची व्हायले पाहीजे ?,पंचेचाळीस दिवसांत कोंबडी किती किलोग्रॅमची असेल पाहायचे आहे?
4063,708075,D1,Agriculture,15.0,संतोष तुटलेल्या गव्हापासून जनावरांसाठी सत्तू बनवता,संतोष तुटलेल्या गव्हापासून जनावरांसाठी सत्तू बनवत आहे
4064,713948,D2,Banking,15.0,मास्तरनी सांग बँक वर डाखा टाकनं हाऊ गुन्हा शे,मास्तरनी सांगा बँकवर काय गुन्हा आहे?
4065,724141,D4,Banking,14.5,कर्ज घ्याचे टायमाले मले घरातील माणूस साक्षीदार असणे जरुरी हाय का ?,कर्ज घेताना मला घरातील माणसाचा साक्षीदार असणे गरजेचे आहे का?
4066,712334,D1,Banking,15.0,सामाजिक क्षेत्रांतील जास्त महत्त्वाची योजना खयची ?,सामाजिक क्षेत्रांतील सर्वात महत्त्वाची योजना कोणती आहे?
4067,715398,D2,Banking,15.0,कंपनी किंवा संस्थांच्या कागदांचा अधिकृतपणे तपास लेखापरीक्षक करतो,कंपनी किंवा संस्थांच्या कागदपत्रांची अधिकृतपणे तपासणी लेखापरीक्षक करतो.
4068,722956,D4,Agriculture,14.5,सरकारच्या कोनत्या योजनेतून मले ट्रॅक्टर भेटन अस किती टक्के अनुदान मिळन ?,सरकारच्या कोणत्या योजनेतून मला ट्रॅक्टर किती टक्के अनुदान मिळते?
4069,708326,D1,Agriculture,15.0,तोंडली स्क्वैश सारखीच आसता आणि हिवाळ्यात तेची शेती केली जाता,बटाटे स्क्वैशसारखेच असतात आणि हिवाळ्यात त्यांची शेती केली जाते.
4070,714248,D2,Agriculture,15.0,एरोपोनिक उगायेल झाडे रोग आणि रोगजंतूस पासून दूर राव्हाले जोयजेत,एरोपोनिक पद्धतीने उगवलेल्या झाडे रोग आणि रोगजंतूस पासून दूर राहायला पाहिजेत.
4071,723007,D4,Agriculture,14.5,केळाच्या पिकाच्या चांगल्या वाढीसाठी कोनचं खत वापरा लागन ?,केळ्याच्या पिकाच्या चांगल्या वाढीसाठी कोणते खत वापरावे लागेल?
4072,712047,D1,Banking,15.0,पैसे पाठुक माझा खाता तुमच्या बँकेत आसाचा लागताला काय ?,पैसे पाठवून माझा खाता तुमच्या बँकेत कसा आहे?
4073,712580,D2,Banking,15.0,विलंबित देयकासनं मानक हाउ पैसासना चार स्तंभसनापैकी येक शे,विलंबित देयके मानक कसे आहेत चार स्तंभांपैकी एक
4074,723570,D4,Agriculture,14.5,कास्तकाराइले शेतीचं मार्गदर्शन कुठून भेटन ?,कास्तकाराइले शेतीचे मार्गदर्शन कुठून मिळेल?
4075,706868,D1,Banking,15.0,मार्क टू मार्केटाक वाजवी मूल्या लेखा म्हणून सुद्धा ओळखला जाता,मार्क टू मार्केट वाजवी मूल्याला लेखा म्हणून सुद्धा ओळखले जाते
4076,716348,D2,Banking,15.0,संगणकीय वित्ताच्या सर्वसाधारण अनुप्रयोगांपैकी एक गुंतवणूक बँकिंग क्षेत्रात आहे,संगणकीय वित्ताच्या सर्वसाधारण अनुप्रयोगांपैकी एक गुंतवणूक बँकिंग क्षेत्रात आहे
4077,722919,D4,Agriculture,14.5,सोयाबीनच्या पिकाले जास्त बार अस चांगल्या वाढ यायले का कराव ?,सोयाबीनच्या पिकाला जास्त वेळा चांगले उत्पादन झाले का करायचे?
4078,707639,D1,Agriculture,15.0,तुम्ही पंतप्रधान ग्रामीण आवास योजनेची दोन हजार बावीस ची यादी बघानं घेवा,तुम्ही पंतप्रधान ग्रामीण आवास योजनेची दोन हजार बावीसची यादी पहा.
4079,714783,D2,Banking,15.0,संयुक्त राज्य अमेरिकामझारला लोकेस्ले सगळास्मा आगुदर सामुदायिक बँक आवडनी,संयुक्त राज्य अमेरिकेतील लोकांना सर्वसामान्यांना सामुदायिक बँकेत जावे लागते.
4080,723314,D4,Agriculture,14.5,ॲग्रोस्टारमंदील उत्पादन कास्तकाराइच्या कामाचे रायते का ?,ॲग्रोस्टारमंदील उत्पादनाचे काम कशाचे आहे?
4081,707669,D1,Agriculture,15.0,"देशात अन्न सुरक्षा सुनिश्चित करूसाठी गहू , तांदूळ आणि डाळींचा उत्पादन वाढवूक हव्या","देशात अन्नसुरक्षा सुनिश्चित करण्यासाठी गहू, तांदूळ आणि डाळींचे उत्पादन वाढवूक हवी."
4082,716698,D2,Agriculture,15.0,"कृषी उपकरणे विकत घेण्यासाठी अनेक प्रकारचे ऍप्स आहेत जसे जलवायु ॲप , मशीनरीगाईड इत्यादी","कृषी उपकरणे विकत घेण्यासाठी अनेक प्रकारचे ॲप्स आहेत जसे हवामान ॲप, मशीनरीगाइड इत्यादी"
4083,724184,D4,Banking,14.5,समाज कल्याणचा स्कॉलरशिप फारम भरासाठी कुनाले भेटा लागन ?,समाज कल्याणचा स्कॉलरशिप फॉर्म भरण्यासाठी कोणाला भेटायला लागते?
4084,708389,D1,Agriculture,15.0,प्रधानमंत्री उज्ज्वला योजना आजूनपर्यात कार्यक्षम धोरण म्हणान स्वीकारूक नाय आसा,प्रधानमंत्री उज्ज्वला योजना आजूनपर्यंत कार्यक्षम धोरण म्हणून स्वीकारली जात नाही.
4085,714470,D2,Agriculture,15.0,वनशेती करतांना सेंद्रिय वस्तू कशा पिकाडता इतीन याना इचार करा ते फायदानं शे,वनशेती करताना सेंद्रिय वस्तू कशा पिकवायच्या आणि त्याचे फायदे काय आहेत?
4086,723461,D4,Agriculture,14.5,बगीचा विकल्यावर व्यापारी आपल्या पासुन येका टनावर यक क्विंटल काट काऊन घेते ?,बगीचा विकल्यावर व्यापारी आपल्याकडून टनावर एक क्विंटल कापून घेतात का?
4087,706739,D1,Banking,15.0,"बाजार कार्यक्षमतेचा तीन सामान्य प्रकार म्हणजे वाटप , परिचालन आणि माहिती","बाजार कार्यक्षमतेचे तीन सामान्य प्रकार म्हणजे वाटप, परिचालन आणि माहिती"
4088,715463,D2,Agriculture,15.0,कॉफीला टाक्यांमध्ये नैसर्गिकपणे आंबवण्यासाठी परवानगी दिली जाते,कॉफीला टाक्यांमध्ये नैसर्गिकपणे आंबवण्यासाठी परवानगी दिली जाते
4089,723932,D4,Banking,14.5,क्रेडिट कार्ड घ्यासाठी पैशाची कितीक लिमिट असनं जरुरीच हाय ?,क्रेडिट कार्ड घेण्यासाठी पैशाची किती मर्यादा आवश्यक आहे?
4090,711055,D1,Banking,15.0,संपुर्ण रोजगाराक चलनविषयक धोरणांच्या मुख्य उद्दीष्टांपैकी एक म्हणून स्थान दिला असा,संपूर्ण रोजगाराचे चलनविषयक धोरणांच्या मुख्य उद्दिष्टांपैकी एक म्हणून स्थान दिला असा
4091,713965,D2,Banking,15.0,बराच वेळा कर लोक जमा करू शकतस नाही तर तेसले करमा जो वेळ देतस तेले टॅक्स एमनेस्टी म्हणतस,"अनेक वेळा लोक जमा करू शकत नाहीत, तर तुम्ही जे वेळ देता ते टॅक्स एमनेस्टी म्हणता."
4092,724193,D4,Banking,14.5,कमी दिसाच्या कर्जासाठी कोंते कागद लागन ?,कमी दिवसांच्या कर्जासाठी कागद लागला का?
4093,706404,D1,Banking,15.0,एखाद्या व्यक्तीक तर्कशुद्ध आर्थिक निर्णय घेऊक मदत मिळूसाठी वैयक्तिक वित्त शिक्षण जरुरी असा,एखाद्या व्यक्तीला तर्कशुद्ध आर्थिक निर्णय घेण्यासाठी मदत मिळण्यासाठी वैयक्तिक वित्त शिक्षण आवश्यक आहे.
4094,716626,D2,Agriculture,15.0,जगभरातील सुमारे पाचशे दशलक्ष लोक आर्थिकदृष्ट्या मत्स्यपालनावर अवलंबून आहेत,जगभरातील सुमारे पाचशे दशलक्ष लोक आर्थिकदृष्ट्या मत्स्यपालनावर अवलंबून आहेत
4095,720728,D4,Banking,14.5,महेंद्र राजस्थानचा गरीब शेतकरी असल्याने त्याला आपली जमीन भाड्याने द्यावी लागली,महेंद्र राजस्थानचा गरीब शेतकरी असल्याने त्याला आपली जमीन भाड्याने द्यावी लागली
4096,707969,D1,Agriculture,15.0,रवीच्या भावाला एफ.ए.ओ च्या भारत शाखेच्या कार्यालयात व्यवस्थापकाची नोकरी मिळाली आसा,रवीच्या भावाला एफ.ए.ओ च्या भारत शाखेच्या कार्यालयात व्यवस्थापकाची नोकरी मिळाली आहे.
4097,712677,D2,Banking,15.0,जुना काय म्हा किफायती दुकानेंसनी जास्ती गरज व्हती,जुना काय मला किफायती दुकान असण्याची जास्त गरज आहे का
4098,721685,D4,Banking,14.5,जर सापेक्ष परतावा सकारात्मक असेल तर पोर्टफोलिओ बेंचमार्कपेक्षा चांगली कामगिरी करतो,जर सापेक्ष परतावा सकारात्मक असेल तर पोर्टफोलिओ बेंचमार्कपेक्षा चांगली कामगिरी होते
4099,707538,D1,Banking,15.0,"जेव्हा योग्य धोरण पाळला जाता , तेव्हा अर्थ व्यवस्थेत संपत्ती निर्माण होता","जेव्हा योग्य धोरण पाळला जाता, तेव्हा अर्थ व्यवस्थेत संपत्ती निर्माण होता."
4100,715347,D2,Agriculture,15.0,उफणनी चा उपयोग साठवलेल्या धान्यातून कीटकांना काढण्यासाठी केला जातो,उफणनीचा उपयोग साठवलेल्या धान्यातून कीटकांना काढण्यासाठी केला जातो.
4101,723615,D4,Banking,14.5,पैसा काढ्याचं कार्ड घेण्यासाठी मले काय करा लागन ?,पैसा काढ्याचे कार्ड घेण्यासाठी मला काय करावे लागेल?
4102,710916,D1,Banking,15.0,मायक्रो फायनान्स म्हणजे कायमस्वरूपी स्थानिक संस्था निर्माण करणा,मायक्रो फायनान्स म्हणजे कायमस्वरूपी स्थानिक संस्था निर्माण करणे
4103,714841,D2,Agriculture,15.0,आम्लीकरण घटक हे एक अजैविक रसायन आहे जे इंजेक्शनद्वारे मानवी शरीरात टाकले जाते,आम्लीकरण घटक हे एक अजैविक रसायन आहे जे इंजेक्शनद्वारे मानवी शरीरात टाकले जाते
4104,719637,D4,Banking,14.5,आय.सी.आय.सी.आय ऑफ इंडिया लिमिटेड ही युनिव्हर्सल बँकिंग स्वीकारणारी पहिली संस्था आहे,आय.सी.आय.सी.आय ऑफ इंडिया लिमिटेड ही युनिव्हर्सल बँकिंग स्वीकारणारी पहिली संस्था आहे
4105,710646,D1,Banking,15.0,क्राउडफंडिंग ह्यो इंटरनेटवरना मोठ्या संख्येन लोकांकडुन निधी उभारुचो प्रकल्प असा,क्राउडफंडिंग इंटरनेटवर मोठ्या संख्येने लोकांकडून निधी उभारून प्रकल्प आहे
4106,713767,D2,Agriculture,15.0,सफरचंदमा फायबर आणि अँटीऑक्सिडंटस जास्त शेतस म्हणीसन ते चांगल फळ शे,सफरचंदामध्ये फायबर आणि अँटीऑक्सिडंट्स जास्त असतात म्हणून ते चांगले फळ आहे.
4107,720860,D4,Agriculture,14.5,कर्नाटक राज्य फळांबद्दल शेतकर्यांच्या हितासाठी अनेक योजना लागू करते,कर्नाटक राज्य फळांबद्दल शेतकर्यांच्या हितासाठी अनेक योजना लागू करते
4108,707825,D1,Agriculture,15.0,"ब्लॉकमध्ये अधिकारी सांगत होतो की , आपल्या देशात नायट्रोजन खतांचो वापर खूप केलो जाता",ब्लॉकमध्ये अधिकारी सांगत होते की आपल्या देशात नायट्रोजन खताचा वापर खूप केला जातो.
4109,714813,D2,Banking,15.0,अमीषाने आम्हाला ई.एम.आई चा हप्ता मोजण्यासाठीचे सूत्र सांगितले,अमीषाने आम्हाला ई.एम.आयचा हप्ता मोजण्यासाठीचे सूत्र सांगितले
4110,722400,D4,Banking,14.5,ज्या वस्तूंचे मूल्य भविष्यात निश्चित केले जाते ते मूल्याचे भांडार आहेत,ज्या वस्तूंचे मूल्य भविष्यात निश्चित केले जाते ते मूल्याचे भांडार आहेत
4111,706806,D1,Banking,15.0,म्युच्युअल फंड ज्यो सिक्युरिटीज खरेदी करुक अनेक गुंतवणूकदारांकडसून पैसो गोळा करता,म्युच्युअल फंड ज्यो सिक्युरिटीज अनेक गुंतवणूकदारांकडून पैसे गोळा करतो
4112,717028,D2,Banking,15.0,पैशाचे व्यवस्थित व्यवस्थापन करून चांगल्या घरासाठी वैयक्तिक वित्त आवश्यक असते,पैशाचे व्यवस्थित व्यवस्थापन करून चांगल्या घरासाठी वैयक्तिक वित्त आवश्यक असते
4113,723650,D4,Banking,14.5,कायी दिसांसाठी कर्ज घ्याचं असल्यास त्यायचे परकार किती हाय ?,दिवसांसाठी कर्ज घ्यायचे असल्यास त्याचे आवश्यक परकार किती आहेत?
4114,709205,D1,Agriculture,15.0,गाठ उचलणारा तीन बिंदू लिंकेजच्या माध्यमातना एका ट्रॅक्टरका जोडलेला हा,गाठ उचलणारा तीन बिंदू लिंकेजच्या माध्यमातून एका ट्रॅक्टरला जोडलेला हा आहे
4115,715222,D2,Banking,15.0,सुरेशने ऑनलाइन कर्जासाठी अर्ज भरण्यापूर्वी व्याज दर बघितला,सुरेशने ऑनलाइन कर्जासाठी अर्ज भरण्यापूर्वी व्याज दर बघितला
4116,720774,D4,Agriculture,14.5,दोन किंवा अधिक प्रकारातील वनस्पतीचे दूध एकत्र मिसळून मिश्रण तयार केले जाते,दोन किंवा अधिक प्रकारातील वनस्पतीचे दूध एकत्र मिसळून मिश्रण तयार केले जाते
4117,710898,D1,Banking,15.0,मनी ऑर्डरना पैशे त्याच्या घरी किंवा मुक्कामाच्या ठिकाणी दिले जातत,मनी ऑर्डरचे पैसे त्याच्या घरी किंवा मुक्कामाच्या ठिकाणी दिले जातात.
4118,712697,D2,Banking,15.0,दुकानमझारला वस्तुसना मुय किंमतवर दुकानदारसले मार्जिन रहास,दुकानदाराला वस्तूंच्या किमतीवर दुकानदारला मार्जिन राहते.
4119,721612,D4,Agriculture,14.5,शेंगदाणा हे खाण्यायोग्य बियाण्यांसाठी घेतले जाणारे शेंगा पीक आहे,शेंगदाणा हे खाण्यायोग्य बियाण्यांसाठी घेतले जाणारे शेंगा पीक आहे
4120,706442,D1,Banking,15.0,टाळणा ह्यो शब्द काही अधिकारक्षेत्रांच्यो कर नियमांमध्ये देखील वापरलो गेलो असा,टाळणा हा शब्द काही अधिकारक्षेत्रांच्या कर नियमांमध्ये देखील वापरला गेला आहे.
4121,715370,D2,Banking,15.0,एन.आर.एल.एम योजना ग्रामीण गरिबांसाठी कार्यक्षम आणि प्रभावी उत्पन्न देणार व्यासपीठ उपलब्ध करून देते,एन.आर.एल.एम योजना ग्रामीण गरिबांसाठी कार्यक्षम आणि प्रभावी उत्पन्न देणार व्यासपीठ उपलब्ध करून देते
4122,720251,D4,Banking,14.5,पंतप्रधानांच्या जनधन खात्यात पैसे ठेवण्याची गरज नाही आणि ते पैशाशिवाय उघडले जाते,पंतप्रधानांच्या जनधन खात्यात पैसे ठेवण्याची गरज नाही आणि ते पैशाशिवाय उघडले जाते
4123,709324,D1,Banking,15.0,अर्थिक विकासाचा मोजमाप करूक राष्ट्रीय मिळकत लेखांकनाचा उपयोग करतत,आर्थिक विकासाचे मोजमाप राष्ट्रीय मिळकत लेखांकनाचा उपयोग करून केले जात आहे
4124,713746,D2,Agriculture,14.95,"ऊस हाई एक गवत शे जे लंब जाड आणि तेले देठ राहतस , ते बारामहिना रहास आणि गरम वातावरणमा वाढस","ऊस आणि एक गवत जे लांब जाड आणि तेले राहते, ते बारा महिन्यांत आणि गरम वातावरणात वाढते."
4125,719832,D4,Agriculture,14.5,टोपली बनवलेली माशांची जाळी प्राचीन काळापासून वापरात आहे,टोपी बनवलेली माशांची जाळी प्राचीन काळापासून वापरात आहे
4126,710388,D1,Agriculture,15.0,मिया माझ्या शेतीवाफ्यात सुक्ष्म सिंचन केलय त्यामुळे मका खुप बरा वाटला,मी माझ्या शेतीवाफ्यात सूक्ष्म सिंचन केले त्यामुळे मला खूप बरे वाटले
4127,715395,D2,Agriculture,14.944,"कन्हेरी चा उपयोग हृदय काम न करणे , कॅन्सर , फिट येणे अशा कितीतरी अन्य स्थितींमध्ये केला जातो","कन्हेरीचा उपयोग हृदय काम न करणे, कॅन्सर, फिट येणे अशा कितीतरी अन्य स्थितींमध्ये केला जातो"
4128,719791,D4,Banking,14.5,भारताच्या केंद्रीय अर्थसंकल्पाला वार्षिक वित्तीय विवरण म्हणून संबोधले जाते,भारताच्या केंद्रीय अर्थसंकल्पाला वार्षिक वित्तीय विवरण म्हणून संबोधले जाते
4129,706610,D1,Banking,15.0,सर्वात सामान्य कर्ज पेमेंट प्रकार म्हणजे संपूर्णपणे कर्जमाफी देणे ह्या असा,सर्वात सामान्य कर्ज पेमेंट प्रकार म्हणजे संपूर्णपणे कर्जमाफी देणे आहे.
4130,713701,D2,Agriculture,14.938,"सेंद्रिय खतंसमझार मांस प्रक्रिया करेल कचरा , खतं , स्लरी आणि सरवा प्राणीसना कचराना समावेश व्हस","सेंद्रिय खतंसमझार मांस प्रक्रिया कचरा, खत, स्लरी आणि सर्व प्राणीसृष्टीचा कचरा समावेश आहे."
4131,718734,D4,Banking,14.5,थ्रिफ्ट शॉपचे कार्य ही एक मालमत्ता आहे जी नंतरसाठी जतन केली जाऊ शकते,थ्रिफ्ट शॉपचे कार्य ही एक मालमत्ता आहे जी नंतरसाठी जतन केली जाऊ शकते
4132,708561,D1,Agriculture,15.0,सुभाषान बटाट्याची शेती करुच्यासाठी जाणकारांचो सल्लो घेतल्यान,सुभाषांनी बटाट्याची शेती करण्यासाठी जाणकाराचा सल्ला घेतला
4133,716182,D2,Agriculture,14.933,"शेती आधारित सहकारी समित्यांमध्ये साखर , डेअरी उद्योग तसेच , बँकिंग आणि ग्रामीण बँक येतात","शेती आधारित सहकारी समित्यांमध्ये साखर, डेअरी उद्योग तसेच बँकिंग आणि ग्रामीण बँक येतात."
4134,720625,D4,Agriculture,14.5,आपली कमाई वाढविण्यासाठी शेतीसह सुरेंद्राने शेती वनीकरण देखील केले,आपली कमाई वाढविण्यासाठी शेतीसह सुरेंद्राने शेती वनीकरण देखील केले
4135,710637,D1,Agriculture,15.0,कॉफी बीन्स त्यांच्या प्रक्रियेदरम्यान मोठ्या प्रमाणात पाण्यान आंबवला जाता,कॉफी बीन्स त्यांच्या प्रक्रियेदरम्यान मोठ्या प्रमाणात पाण्याने आंबवले जातात
4136,715926,D2,Agriculture,14.929,"मक्का भारतामध्ये खरिपाच्या पिकांना मध्ये विशेष आहे , मक्याला मे जून मध्ये पेरल जात","मका भारतामध्ये खरीप पिकांमध्ये विशेष आहे, मक्याला मे जूनमध्ये पेरले जाते."
4137,721077,D4,Banking,14.5,तारण अर्ज अंतिम टप्प्यात पोहोचण्यापूर्वी अंडररायटिंग प्रक्रियेतून जावे लागते,तारण अर्ज अंतिम टप्प्यात पोहोचण्यापूर्वी अंडररायटिंग प्रक्रियेतून जावे लागते
4138,712546,D1,Banking,15.0,कृपया माका माझ्या खात्यातलो मागील पाच यव्हहार दाखवु शकतय काय ?,कृपया मला माझ्या खात्यातील मागील पाच व्यवहार दाखवू शकता का?
4139,718057,D2,Banking,14.929,"मला हेल्थ इन्शुरन्स काढायचा आहे पण माझे वय पस्तीस आहे , चालेल का ?","मला हेल्थ इन्शुरन्स काढायचे आहे पण माझे वय तीस आहे, चालेल का?"
4140,722381,D4,Banking,14.5,क्रेडिट युनियन प्रणाली त्यांच्या निव्वळ मूल्यामध्ये मोठ्या प्रमाणात बदलते,क्रेडिट युनियन प्रणाली त्यांच्या निव्वळ मूल्यामध्ये मोठ्या प्रमाणात बदलते
4141,710385,D1,Banking,15.0,मालमत्ता मालकिचा मू्ल्य दर्शवता जी रोखीत रुपांतरित केली जाऊ शकता,मालमत्तेचा मालकाचा मूल्य दर्शवता जी रोखीत रूपांतरित केली जाऊ शकते
4142,713536,D2,Agriculture,14.929,"चिकनी मातीमा गनज कस भरेल शे , कसदार पिकेस्ना करता हायी भलती कामनी शे","चिकनी मातीमध्ये अनेक कसे भरेल शेत, कसदार पिके करण्यासाठी किती चांगले काम करावे लागेल?"
4143,720842,D4,Agriculture,14.5,"झेंडूच्या फुलात असे अनेक घटक आढळतात , जे दुखण्यापासून आराम देण्याचे काम करतात",झेंडूच्या फुलात असे अनेक घटक आढळतात जे दुखण्यापासून आराम देण्याचे काम करतात
4144,708172,D1,Banking,15.0,"आधार के.वाय.सी चे नियम पत्तो बदलुक नाय , तर खाता उघडूच्यासाठी सोपे केलेत","आधार के.वाय.सी चे नियम माहीत नाहीत, तर खाते उघडण्यासाठी सोपे केले आहे."
4145,713186,D2,Banking,14.929,आर्थिक अर्थव्यवस्था नि चिंता व्याजदर आनी देवानघेवान दर ना वित्तीय चरेस ना आंतरसंबंधमा से,"आर्थिक अर्थव्यवस्था आणि चिंता, व्याजदर आणि देवानघेवान दर तसेच वित्तीय संबंध आणि आंतरसंबंधांबद्दल."
4146,721770,D4,Banking,14.5,व्यावसायिक बँक गरज असेल तेव्हा पैसे काढण्याची तसेच सुरक्षित ठेवण्याची परवानगी देते,व्यावसायिक बँक गरज असेल तेव्हा पैसे काढण्याची तसेच सुरक्षित ठेवण्याची परवानगी देते
4147,706425,D1,Banking,15.0,कॉमन स्टॉक ह्यो येक सुरक्षा असा जो कॉर्पोरेशनमधलो मालकीचो प्रतिनिधित्व करता,कॉमन स्टॉक हे एक सुरक्षा आहे जे कॉर्पोरेशनच्या मालकीचे प्रतिनिधित्व करते
4148,714933,D2,Agriculture,14.929,"चंद्रशेखर आझाद , सरदार वल्लभभाई पटेल कृषी आणि तंत्रज्ञान विद्यापीठ हि कृषी विद्यापीठे आहेत","चंद्रशेखर आझाद, सरदार वल्लभभाई पटेल कृषी आणि तंत्रज्ञान विद्यापीठ कृषी विद्यापीठे आहेत"
4149,721789,D4,Agriculture,14.5,जनावरांमधील रोग व लक्षणे यांची माहिती संबंधित तज्ज्ञांकडून घ्यावी,जनावरांमधील रोग व लक्षणे यांची माहिती संबंधित तज्ज्ञांकडून घ्यावी
4150,707359,D1,Banking,15.0,इतर प्रकारचा ऑनलाइन पेमेंट व्यवहार करण्यासाठी मुखत्यारपत्र असलेलो व्यक्ती होवो,इतर प्रकारच्या ऑनलाइन पेमेंट व्यवहारांसाठी मुखत्यारपत्र असणे आवश्यक आहे
4151,717195,D2,Agriculture,14.923,"पाय आणि तोंडाचे रोग सर्वात सामान्य आहेत , ज्यामुळे ताप आणि लाळ येते","पाय आणि तोंडाचे रोग सर्वात सामान्य आहेत, ज्यामुळे ताप आणि लाळ येते."
4152,722438,D4,Banking,14.5,"पासबुकच्या पहिल्या पानावर तुमचे नाव , फोन नंबर आणि खाते क्रमांक देखील लिहिलेला असेल","पासबुकच्या पहिल्या पानावर तुमचे नाव, फोन नंबर आणि खाते क्रमांक देखील लिहिलेला असेल"
4153,708758,D1,Agriculture,15.0,सफरचंदाचा झाड थंड जागेर उगता आणि ते कश्मीर मध्ये जास्त दिसतत,सफरचंदाचे झाड थंड जागेवर उगवते आणि ते काश्मीरमध्ये जास्त दिसते.
4154,717643,D2,Agriculture,14.909,"मावा , तुडतुडे , पांढरी अळी यासाठी कोणती पावडर वापरावी ?","मावा, तुडतुडे, पांढरी अळी यासाठी कोणती पावडर वापरावी?"
4155,718965,D4,Banking,14.5,आर्थिक मॉडेल्स किंवा सिस्टम्सची जाणीव करणारे संगणक प्रोग्राम्स चे गणित,आर्थिक मॉडेल्स किंवा सिस्टम्सची जाणीव करणारे संगणक प्रोग्राम्सचे गणित
4156,707877,D1,Banking,15.0,माका म्यूचुअल फंडासाठी यूटीआई एएमसी कंपनीवर लय ईश्वास आसा,मला म्युच्युअल फंडासाठी युटीआय एएमसी कंपनीवर खूप विश्वास आहे
4157,716928,D2,Agriculture,14.909,माशांचे शोषण होणार नाही हे पाहणे हे मत्स्य व्यवस्थापनाचे काम आहे,माशांचे शोषण होणार नाही हे पाहणे मत्स्य व्यवस्थापनाचे काम आहे
4158,720624,D4,Agriculture,14.5,मच्छिमार आपल्या तंत्रज्ञानाने मासे सहज जाळ्यात अडकवतात,मच्छिमार आपल्या तंत्रज्ञानाने मासे सहज जाळ्यात अडकवतात
4159,707174,D1,Banking,15.0,बँकेन परवानगी दिल्यास बचत खात्याचो पगाराच्यो खात्यात रूपांतर करणा शक्य असा,बँकेन परवानगी दिल्यास बचत खात्याचे पगाराच्या खात्यात रूपांतर करणे शक्य आहे.
4160,715655,D2,Agriculture,14.909,तुम्हाला माहिती आहे का ? खत शेतीमधील उत्पन्न वाढवण्याच रसायन आहे,तुम्हाला माहिती आहे का ? खत शेतीमधील उत्पन्न वाढवण्याच रसायन आहे
4161,720875,D4,Agriculture,14.5,राजनिगंध हा एक समशीतोष्ण हवामानाचा वनस्पती मानला जातो,राजनिगंध हा एक समशीतोष्ण हवामानाचा वनस्पती मानला जातो
4162,707607,D1,Agriculture,15.0,"तुका सांगतंय , सूक्ष्म खतांचो अतिवापर शेतीसाठी हानिकारक ठरू शकता","तुला सांगत आहे, सूक्ष्म खात्याचा अतिवापर शेतीसाठी हानिकारक ठरू शकतो."
4163,717052,D2,Banking,14.909,जी पे वापरण्यास सुलभ आणि वापरण्यास सुरक्षित पेमेंट नेटवर्क सक्षम करते,जी पेमेंट नेटवर्क वापरण्यास सुलभ आणि वापरण्यास सुरक्षित करते
4164,722814,D4,Agriculture,14.5,घानायन लोक घानाला जगातील दुसऱ्या क्रमांकाचा कोको उत्पादक देश म्हणतात,घानायन लोक घानाला जगातील दुसऱ्या क्रमांकाचा कोको उत्पादक देश म्हणतात
4165,709113,D1,Agriculture,15.0,चिंगळांची मागणी मोप हा म्हणान तेंका मोठ्या प्रमाणावर पाळतत,चिंगळांची मागणी मोठ्या प्रमाणावर पाळली जात आहे
4166,714241,D2,Agriculture,14.9,पशुपालनमझार शेयामेंढ्यांसनं पालन आणि दूधना करता गायी म्हशी पालन येस,पशुपालनमझार शेयामेंढ्यांसं पालन आणि दूधना करता गायी म्हशी पालन असते
4167,719286,D4,Banking,14.5,सार्वभौम देशाची अर्थ व्यवस्था आपल्या नागरिकांना मक्तेदारीचे फायदे प्रदान करते,सार्वभौम देशाची अर्थ व्यवस्था आपल्या नागरिकांना मक्तेदारीचे फायदे प्रदान करते
4168,709165,D1,Agriculture,15.0,डाउनी मिल्ड्यूज वर प्रीहार्वेस्ट एजोक्सिस्ट्रोबिनने उपचार होतत,डाउनी मिल्ड्यूजवर प्रीहार्वेस्ट एजोक्सिस्ट्रोबिनने उपचार होत आहेत
4169,715337,D2,Agriculture,14.9,ईडलिंबू मध्ये आम्ल जास्त प्रमाणात आणि साखर कमी प्रमाणात असते,इडलीच्या पाण्यात आम्ल जास्त प्रमाणात आणि साखर कमी प्रमाणात असते
4170,720364,D4,Banking,14.5,फायनान्शिअल इकॉनॉमिक्स मध्ये आपल्याला बचत खात्यावर बँकेमार्फत व्याज मिळते,फायनान्शिअल इकॉनॉमिक्स मध्ये आपल्याला बचत खात्यावर बँकेमार्फत व्याज मिळते
4171,709837,D1,Banking,15.0,काय तुमचा माहित असा ? भरपाई सुरक्षा विमा उपभोक्त्यांका कर्जफेडीसाठी सक्षम बनवता,तुम्हाला हे माहीत आहे का? भरपाई सुरक्षा विमा उपभोक्त्यांसाठी कर्जफेडीसाठी सक्षम बनवतो.
4172,714418,D2,Agriculture,14.9,मधमाख्या कायम घोयकामा रातीस आणि एक घोयकामा एकच राणीमाखी रहास,मधमाख्या कायम घोयकामा रातीस आणि एक घोयकामा एकच राणीमाखी रहास
4173,721686,D4,Banking,14.5,मायक्रो क्रेडिट म्हणजे गरीब कर्जदारांना अगदी छोट्या कर्जाचा विस्तार,मायक्रो क्रेडिट म्हणजे गरीब कर्जदारांना अगदी छोट्या कर्जाचा विस्तार
4174,710803,D1,Banking,15.0,पिंटु सांगी होतो आजकाल डिजिटल आणि सोशल मिडिया मार्केटिंगचो जमानो असा,पिंटू सांगी आजकल डिजिटल आणि सोशल मीडिया मार्केटिंगचे जमानो आहे.
4175,714624,D2,Banking,14.875,कंपनीना महसुल जित्ला जास्त तेवढा कंपनीना महिमा मोठा,"कंपनीना महसूल जितका जास्त, तितके कंपनीचे मोठेपण."
4176,722062,D4,Banking,14.5,"व्यावसायिक बँक , क्रेडिट युनियन आणि काही गुंतवणूक निधी हा रिटेल बँकेचा प्रकार आहे","व्यावसायिक बँक, क्रेडिट युनियन आणि काही गुंतवणूक निधी हा रिटेल बँकेचा प्रकार आहे."
4177,710161,D1,Banking,15.0,आवश्यक पेमेंट करण्यात अयशस्वी झालेल्या कर्जदाराकडसुन क्रेडिट जोखीम उद्भवु शकता,आवश्यक पेमेंट करण्यात अयशस्वी झालेल्या कर्जदारांच्या कडे क्रेडिट जोखीम उद्भवू शकते
4178,716417,D2,Agriculture,14.867,"प्राण्यांच्या फायबरच्या उदाहरणांमध्ये रेशीम , केस , फर , लोकर आणि पंख यांचा समावेश होतो","प्राण्यांच्या फायबरच्या उदाहरणांमध्ये रेशीम, केस, फर, लोकर आणि पंख यांचा समावेश होतो."
4179,719379,D4,Banking,14.5,आय.बी.पी.एस नावाच्या संस्थेद्वारे भारतात बँकांच्या परीक्षा घेतल्या जातात,आय.बी.पी.एस नावाच्या संस्थेद्वारे भारतात बँकांच्या परीक्षा घेतल्या जातात
4180,709790,D1,Banking,15.0,आजकाल तुम्ही एलआयसीच्या वेबसाइटवरून कोणत्याही प्रकारचो विमो ऑनलाइन देखील करू शकतास,आजकाल तुम्ही एलआयसीच्या वेबसाइटवरून कोणत्याही प्रकारचा विमो ऑनलाइन देखील करू शकता
4181,715502,D2,Agriculture,14.867,"गाय , म्हैस , मेंढ्या , शेळ्या इत्यादी प्राणी शाकाहारी असतात ते फक्त गवत खातात","गाय, म्हैस, मेंढ्या, शेळ्या इत्यादी प्राणी शाकाहारी असतात आणि ते फक्त गवत खातात."
4182,721178,D4,Banking,14.5,प्रवासी भारतीय दिन यशस्वी करण्यात डिजिटल इंडिया मोहीमही भूमिका बजावत आहे,प्रवासी भारतीय दिन यशस्वी करण्यात डिजिटल इंडिया मोहिमेचीही भूमिका बजावत आहे
4183,708125,D1,Agriculture,15.0,सूक्ष्म अन्नद्रव्य ही जीवनसत्वा आणि खनिजा असतत ज्यांची शरीराक लय कमी प्रमाणात गरज असता,सूक्ष्म अन्नद्रव्ये ही जीवनसत्त्वे आणि खनिजे आहेत ज्यांची शरीराची लय कमी प्रमाणात गरज असते.
4184,715397,D2,Agriculture,14.857,"कपडा शिवणकाम , क्रोशिया , विणकाम , भरतकाम किंवा दोरी बनवण्यासाठी उपयोगात आणले जाते","कपडा शिवणकाम, क्रोशिया, विणकाम, भरतकाम किंवा दोरी बनवण्यासाठी उपयोगात आणले जातात."
4185,722522,D4,Agriculture,14.5,शेती पिकांना आणि इतर शेतांना सिंचन देण्यासाठी वापरले जाणारे उपकरण,शेती पिकांना आणि इतर शेतांना सिंचन देण्यासाठी वापरले जाणारे उपकरण
4186,707529,D1,Agriculture,15.0,"जलीय वनस्पती शेवाळ , प्रकाशसंश्लेषणाद्वारे प्रकाशात ऑक्सिजन तयार करतत",जलीय वनस्पती शेवाळ प्रकाशसंश्लेषणाद्वारे प्रकाशात ऑक्सिजन तयार करत आहेत
4187,715912,D2,Agriculture,14.857,"भारतामध्ये फुल उद्योगात गुलाब , रजनीगंधा , कार्नेशन , झेंडू इत्यादी फुलं समाविष्ट आहेत","भारतामध्ये फुल उद्योगात गुलाब, रजनीगंधा, कार्नेशन, झेंडू इत्यादी फुले समाविष्ट आहेत"
4188,719354,D4,Banking,14.5,डिमांड ड्राफ्ट हे देवाण घेवाणीच्या बिलासारखेच एक निगोशिएबल साधन आहे,डिमांड ड्राफ्ट हे देवाणघेवाणीच्या बिलासारखेच एक निगोशिएबल साधन आहे
4189,710589,D1,Banking,15.0,एन.जी.ओ एक अशी संघटना असा जी सरकारपासुन स्वतंत्र पणे तयार केली जाता,एन.जी.ओ एक अशी संघटना आहे जी सरकारपासून स्वतंत्रपणे तयार केली जाते.
4190,713072,D2,Agriculture,14.833,वजन आणि मापे ईभाग उत्पादनमा वजन आणि मापन यंत्रसना योग्य वापर करतंस,वजन आणि मापे उत्पादनामध्ये वजन आणि मापन यंत्रांवर योग्य वापर करत आहात
4191,721351,D4,Banking,14.5,डेबिट क्रेडिट कार्ड मिळविण्यासाठी आपल्या बँक शाखेशी संपर्क साधा,डेबिट क्रेडिट कार्ड मिळविण्यासाठी आपल्या बँक शाखेशी संपर्क साधा
4192,706863,D1,Banking,15.0,महागड्या वैयक्तिक उपभोग्य गुंतवणुकीच्यो संदर्भात याचा वारंवार उल्लेख केला जाता,महागड्या वैयक्तिक उपभोग्य गुंतवणुकीच्या संदर्भात याचा वारंवार उल्लेख केला जातो
4193,716286,D2,Banking,14.824,"स्थिर भांडवलात यंत्रासोबत , मशनरी , वाहन , उपकरण , जमीन सुधारनीची किंमत आणि इमारत समाविष्ट आहे","स्थिर भांडवलात यंत्रांसोबत मशीनरी, वाहन, उपकरण, जमीन सुधारण्याची किंमत आणि इमारत समाविष्ट आहे."
4194,719336,D4,Banking,14.5,व्यावसायिक बँकांना भाड्याने खरेदी वित्तपुरवठा करण्याची परवानगी का देत नाही,व्यावसायिक बँकांना भाड्याने खरेदी वित्तपुरवठा करण्याची परवानगी का देत नाहीत?
4195,710346,D1,Banking,15.0,बातमी समाजली हा कि टाटानी शेयर विकत घेवन मार्केटचो माहोल बदलल्यांनी,बातमीमुळे समाजाचा आणि बाजाराचा माहोल बदलला आहे.
4196,716232,D2,Agriculture,14.824,"सहीवाल जात मुख्यत्वे पंजाब , हरियाणा , उत्तर प्रदेश , दिल्ली आणि मध्य प्रदेश मध्ये बघायला मिळतात","मुख्यत्वे पंजाब, हरियाणा, उत्तर प्रदेश, दिल्ली आणि मध्य प्रदेश या राज्यांमध्ये दिसतात."
4197,720569,D4,Agriculture,14.5,पशुसंवर्धन हे प्राण्यांचे पोषण आणि आनुवंशिकता सुधारण्यासाठी आहे,पशुसंवर्धन हे प्राण्यांचे पोषण आणि आनुवंशिकता सुधारण्यासाठी आहे
4198,709471,D1,Banking,15.0,तुमका एस.बी.आय बँकेत गुंतवणूक करुच्या आधी बाकीच्या बॅन्कांतल्यानी पण चौकशी करूक व्हयी,तुमच्या एस.बी.आय बँकेत गुंतवणूक करण्यापूर्वी बाकीच्या बँकांमध्ये देखील चौकशी करावयाची आहे.
4199,717146,D2,Banking,14.818,किरकोळ बँकिंग ही गुंतवणूक बँकिंग किंवा व्यावसायिक बँकिंग पेक्षा वेगळी आहे,किरकोळ बँकिंग ही गुंतवणूक बँकिंग किंवा व्यावसायिक बँकिंग पेक्षा वेगळी आहे
4200,718938,D4,Agriculture,14.5,उत्पादनाद्वारे उत्पादित केलेले खाद्य जनावरांच्या पोषणाच्या गरजा पूर्ण करते,उत्पादनाद्वारे उत्पादित केलेले खाद्य जनावरांच्या पोषणाच्या गरजा पूर्ण करते
4201,711026,D1,Banking,15.0,व्यापारी बँकेच्या विपरीत मध्यवर्ती बँकेची मौद्रिक आधार वाढवुची मक्तेदारी असता,व्यापारी बँकेच्या विपरीत मध्यवर्ती बँकेची मौद्रिक आधार वाढवण्याची मक्तेदारी असते.
4202,724808,D2,Agriculture,14.818,"शेतकरी कुंपण , घरे , कातरणे शेड आणि इतर सुविधा जसे की पाणी , खाद्य , वाहतूक आणि कीटक नियंत्रण प्रदान करतात","शेतकरी कुंपण, घरे, कातरणे शेड आणि इतर सुविधा जसे की पाणी, खाद्य, वाहतूक आणि कीटक नियंत्रण प्रदान करतात."
4203,718813,D4,Agriculture,14.5,पशु किसान क्रेडिट कार्ड योजनेंतर्गत पशुपालन करणाऱ्या शेतकऱ्यांना कर्ज दिले जाते,पशु किसान क्रेडिट कार्ड योजनेंतर्गत पशुपालन करणाऱ्या शेतकऱ्यांना कर्ज दिले जाते
4204,708336,D1,Agriculture,15.0,द्राक्षांपासून बनयलल्या खऱ्या सरबताचो खोको रोहित बाजारातसून विकत घेवन इलो,द्राक्षांपासून बनवलेल्या खऱ्या रसाची खोको रोहितने बाजारातून खरेदी केली
4205,714408,D2,Agriculture,14.8,"भारतसोडीन चीन , जपान , कोरिया , ऑस्ट्रेलिया , न्यूझीलंड आणि थायलंडमाबी गांजानं पीक लेतस","भारत आणि चीन, जपान, कोरिया, ऑस्ट्रेलिया, न्यूझीलंड आणि थायलंड अनेक पीक घेतात."
4206,719500,D4,Banking,14.5,"आर्थिक दृष्टिकोनातून , व्यवहार खात्यात असलेली रक्कम लिक्विड फंड म्हणून गृहीत धरली जाते",आर्थिक दृष्टिकोनातून व्यवहार खात्यात असलेली रक्कम लिक्विड फंड म्हणून गृहीत धरली जाते
4207,709630,D1,Agriculture,15.0,राज्यातल्यो सगळयो शेतजमिनी पेरलेल्या पिकांका सिंचनाचो प्रकार स्पष्ट झाला असा,राज्यातील सर्व शेतजमिनीवर पेरलेल्या पिकांचे सिंचनाचे प्रकार स्पष्ट झाले आहेत.
4208,716646,D2,Banking,14.733,"ग्राहक किंमत निर्देशांक , घर किंमत निर्देशांक , बेरोजगारी दर याला दर असे संबोधले जाते","ग्राहक किंमत निर्देशांक, घर किंमत निर्देशांक आणि बेरोजगारी दर यांना दर असे संबोधले जाते."
4209,722224,D4,Agriculture,14.5,"पश्चिम भारतात , चाफ़ा फूल त्याच्या सुगंध आणि सौंदर्यासाठी ओळखले जाते",पश्चिम भारतात चाफा फूल त्याच्या सुगंध आणि सौंदर्यासाठी ओळखले जाते
4210,706743,D1,Banking,15.0,पसंतीचा स्टॉक ह्यो भांडवलाचो एक घटक असा ज्यात वैशिष्ट्यांचो कोणताही संयोजन असू शकता,पसंतीचा स्टॉक हा भांडवलाचा एक घटक आहे ज्यात वैशिष्ट्यांचा कोणताही संयोजन असू शकतो.
4211,724715,D2,Banking,14.65,"भारत मध्ये अनेक बँका आहे , ज्यात व्यावसायिक बँक , खाजगी बँक , सहकारी बँक , गव्हर्मेंट बँक सामील आहे","भारतात अनेक बँका आहेत, ज्यात व्यावसायिक बँक, खाजगी बँक, सहकारी बँक आणि सरकारी बँक सामील आहे."
4212,720391,D4,Banking,14.5,थेट ठेवींमधील एकाधिक सुविधा कोणत्याही देयकासाठी वापरल्या जाऊ शकतात,थेट ठेवींमधील एकाधिक सुविधा कोणत्याही देयकासाठी वापरल्या जाऊ शकतात
4213,709447,D1,Agriculture,15.0,जलीय तण हार्वेस्टर जेका पाण्यातला गवत काढणारा मशीन म्हणान पण ओळाखतत,जलीय तण हार्वेस्टर जे पाण्यातला गवत काढणारा मशीन म्हणतो पण ओळखात.
4214,716865,D2,Agriculture,14.5,घरामध्ये लावलेले झाडे पुरेपूर ऑक्सिजन देतात आणि त्यामुळे घराच वातावरण ताज व टवटवीत राहतं,घरामध्ये लावलेली झाडे पुरेसा ऑक्सिजन देतात आणि त्यामुळे घराचे वातावरण ताजे व टवटवीत राहते.
4215,720117,D4,Agriculture,14.5,प्राण्यांच्या दुधापासून बनविलेले दही विकून पशुधन तयार केले जाते,प्राण्यांच्या दुधापासून बनविलेले दही विकून पशुधन तयार केले जाते
4216,710586,D1,Agriculture,15.0,एका प्रसिध्द कंपनीन नारळाच्या तेलाचा निर्माण आणि विक्री सुरू केल्यान,एका प्रसिद्ध कंपनीने नारळाच्या तेलाचा निर्माण आणि विक्री सुरू केली
4217,715095,D2,Banking,14.5,भारताच्या पंतप्रधानांच्या अखत्यारीत अर्थ मंत्रालयाचे कार्यक्षेत्र येते,भारताच्या पंतप्रधानांच्या अखत्यारीत अर्थ मंत्रालयाचे कार्यक्षेत्र येते
4218,720353,D4,Agriculture,14.5,ब्रिटीश राजवटीत इंग्रजांनी भारतात सर्वप्रथम चहाचा मोठ्या प्रमाणावर सराव केला होता,ब्रिटीश राजवटीत इंग्रजांनी भारतात सर्वप्रथम चहाचा मोठ्या प्रमाणावर सराव केला होता
4219,708505,D1,Agriculture,15.0,वाईनच्या कारखान्यातल्या द्राक्षांचो उपयोग दारू बनवच्यासाठी जाता,वाईनच्या कारखान्यातील द्राक्षांचा उपयोग दारू बनवण्यासाठी केला जातो.
4220,714867,D2,Banking,14.5,ऑनलाइन पेमेंट करण्यासाठी मोबिक्विक सारख्या सेवांचा वापर जोरात आहे,ऑनलाइन पेमेंट करण्यासाठी मोबिक्विक सारख्या सेवांचा वापर जोरात आहे
4221,721598,D4,Agriculture,14.5,इजिप्शियन लोकांद्वारे निळ्या पाण्याची कमळ पवित्र पदार्थ म्हणून वापरली जात होती,इजिप्शियन लोकांद्वारे निळ्या पाण्याची कमळ पवित्र पदार्थ म्हणून वापरली जात होती
4222,709015,D1,Banking,15.0,भारतात सगळ्या राज्यांतल्यानी प्रधानमंत्री आवास योजनेची सुविधा हा,भारतातील सर्व राज्यांमध्ये प्रधानमंत्री आवास योजनेची सुविधा आहे.
4223,718328,D2,Banking,14.5,"कृषी कर्जासाठी मी पात्र आहे अथवा नाही , हे मला कसे समजेल ?",कृषी कर्जासाठी मी पात्र आहे अथवा नाही हे मला कसे समजेल?
4224,722411,D4,Agriculture,14.5,"तण काढून टाकून , तुम्ही तुमच्या पिकांचे रोगांपासून संरक्षण करू शकाल",तण काढून टाकून तुम्ही तुमच्या पिकांचे रोगांपासून संरक्षण करू शकाल
4225,709478,D1,Agriculture,15.0,तुम्हका माहीत हा काय शेळ्यो मांस आणि दुधासाठी पाळल्यो जातत,तुम्हाला माहीत आहे का हे मांस आणि दुधासाठी पाळले जाते
4226,718182,D2,Banking,14.5,मी ग्राहकाला कर्जासाठी कायकाय प्रश्न विचारावे ?,मी ग्राहकाला कर्जासाठी काय काय प्रश्न विचारावे?
4227,721001,D4,Agriculture,14.5,"पीक कोरड्या , हवेशीर जागी ठेवल्यास ते कुजण्यापासून वाचते","पीक कोरड्या, हवेशीर जागी ठेवल्यास ते कुजण्यापासून वाचते."
4228,706712,D1,Banking,15.0,विकसनशील देशांचा कर्जा ह्यो सहसा सरकारद्वारा घेतलेल्यो बाह्य कर्जाचो संदर्भ देता,विकसनशील देशांचे कर्ज हे सहसा सरकारद्वारे घेतलेले बाह्य कर्जेच संदर्भ देते
4229,718117,D2,Banking,14.5,बँकेत कर्जाची परतफेड करताना मला व्याज किंवा मुद्दल परतफेडीच्या कालावधीत सूट मिळेल का ?,बँकेत कर्जाची परतफेड करताना मला व्याज किंवा मुद्दल परतफेडीच्या कालावधीत सूट मिळेल का ?
4230,722324,D4,Banking,14.5,विश्वयुद्ध च्या वेळी युरोपियन देशांमध्ये कर वसूल करून महसूल गोळा करणे अनिवार्य झाले,विश्वयुद्धाच्या वेळी युरोपियन देशांमध्ये कर वसूल करून महसूल गोळा करणे अनिवार्य झाले.
4231,710706,D1,Banking,15.0,ज्या मध्ये उत्पादनाचा प्रमाण किंवा किंमत कमी असता त्याका लघु व्यवसाय म्हणतत,ज्यामध्ये उत्पादनाचा प्रमाण किंवा किंमत कमी असते त्याला लघु व्यवसाय म्हणतात
4232,717409,D2,Agriculture,14.5,शेती औजारे व त्यांच्या किंमतीविषयी माहिती कोठे मिळेल ?,शेती औजारे व त्यांच्या किंमतीविषयी माहिती कोठे मिळेल?
4233,724300,D4,Agriculture,14.5,माया बयनीकडे गहान ठेवाला काय नाही तर तिले शेतीच कर्ज भेटन का ?,माया बयनीकडे गहान ठेवाला काय नाही तर शेतीचे कर्ज मिळते का?
4234,710484,D1,Agriculture,15.0,सीड ड्रिलना गवाची पेरणी केल्यास पिकाचा नुकसान होण्याची शक्यता कमी असता,सीड ड्रिलने गवाची पेरणी केल्यास पिकाचे नुकसान होण्याची शक्यता कमी होते.
4235,717332,D2,Agriculture,14.5,मी माझे पेरू बाहेरगावी विकण्यासाठी कसे पाठवू ?,मी माझे पेरू बाहेरगावी विकण्यासाठी कसे पाठवू?
4236,720042,D4,Agriculture,14.5,"मातीची रचना प्रामुख्याने वाळू , गाळ आणि चिकणमाती या तीन घटकांवर अवलंबून असते","मातीची रचना प्रामुख्याने वाळू, गाळ आणि चिकणमाती या तीन घटकांवर अवलंबून असते."
4237,707798,D1,Agriculture,15.0,बसनिग ही फिलीपिन्समधली मासेमारीची पारंपारिक पद्धत आसा,बसनिग ही फिलीपीन्समधली मासेमारीची पारंपारिक पद्धत आहे.
4238,717827,D2,Agriculture,14.5,सरकारी योजनांचा फायदा केवळ मागासवर्गीय शेतकऱ्यांसाठीच असतो का ?,सरकारी योजनांचा फायदा केवळ मागासवर्गीय शेतकऱ्यांसाठीच असतो का?
4239,720443,D4,Banking,14.5,डेबिट किंवा क्रेडिटच्या उद्देशाने फंड ट्रान्सफर खाते सुरू केले गेले आहे,डेबिट किंवा क्रेडिटच्या उद्देशाने फंड ट्रान्सफर खाते सुरू केले गेले आहे
4240,706875,D1,Banking,15.0,पैसो ह्या ऐतिहासिकदृष्ट्यो एक उदयोन्मुख बाजारपेठ असा,पैसे ही ऐतिहासिकदृष्ट्या एक उदयोन्मुख बाजारपेठ आहे.
4241,717512,D2,Agriculture,14.5,रोजचे बाजारभाव कोठे पहायला मिळतील ? त्या साईटची माहिती द्यावी,रोजचे बाजारभाव कोठे पाहता येतील? त्या ठिकाणाची माहिती द्या.
4242,719579,D4,Banking,14.5,लाभार्थी पाहण्यासाठी बँकेच्या ऍप किंवा वेबसाइटवर लॉग इन करावे लागेल,लाभार्थी पाहण्यासाठी बँकेच्या ऍप किंवा वेबसाइटवर लॉग इन करावे लागेल
4243,710759,D1,Banking,15.0,तुम्ही कस्टमर केयराक फोन करून कर्जाच्या स्थितीची माहिती घेउ शकतास,तुम्ही कस्टमरला फोन करून कर्जाच्या स्थितीची माहिती घेऊ शकता.
4244,713280,D2,Banking,14.5,आपले माहित शे का सीड मनी व्यवसायमा पाठिंबा ना करता रहास,तुम्हाला माहीत असूनही तुम्ही सीड मनी व्यवसायाला पाठिंबा का केला नाही?
4245,721670,D4,Banking,14.5,रिझर्व्ह बँक ऑफ इंडिया हे भारत सरकारच्या वित्त मंत्रालयाच्या मालकीचे आहे,रिझर्व्ह बँक ऑफ इंडिया हे भारत सरकारच्या वित्त मंत्रालयाच्या मालकीचे आहे
4246,708276,D1,Banking,15.0,गहाणखत फसवणूक केली तर प्रत्येक गुन्ह्यापाठी तीस वर्सापर्यात तुरुंगात रवाची शिक्षा आसा,गहाणखताची फसवणूक केली तर प्रत्येक गुन्ह्यासाठी तीस वर्षांपर्यंत तुरुंगात रवाची शिक्षा असेल.
4247,715133,D2,Banking,14.5,माझ्या बँकेने मला एम.एम.आय.डी नंबर दिला ज्याचा वापर करून मी पैसे घेतले,माझ्या बँकेने मला एम.एम.आय.डी नंबर दिला ज्याचा वापर करून मी पैसे घेतले
4248,719996,D4,Banking,14.5,भारतीय बँक देशात आणि देशाच्या बाहेर राहणाऱ्या सर्व नागरिकांना सुविधा देते,भारतीय बँक देशात आणि देशाच्या बाहेर राहणाऱ्या सर्व नागरिकांना सुविधा देते
4249,710965,D1,Banking,15.0,यूरोमनी संस्थेच्या वर्ष दोन हजार एकोणीसच्या सुचीत यू.बी.एस बँकेन पहिला स्थान मिळवल्यान,यूरोमनी संस्थेच्या वर्ष दोन हजार एकोणीसमध्ये यू.बी.एस बँकेने पहिले स्थान मिळवले
4250,714115,D2,Banking,14.5,एफ.डी.आय ना स्वरूपमा गुंतवणूक लक्षयित देश मा कंपनी खरेदी करिसन व्यवस्थित करू शकतस,एफ.डी.आय. च्या स्वरूपात गुंतवणूक लक्ष्यित देशामध्ये कंपनी खरेदी व्यवस्थित करू शकतोस.
4251,721961,D4,Agriculture,14.5,शेळीच्या उपउत्पादनांचा वापर शॅम्पू आणि लोशन बनवण्यासाठी केला जातो,शेळीच्या उपउत्पादनांचा वापर शॅम्पू आणि लोशन बनवण्यासाठी केला जातो
4252,709023,D1,Banking,15.0,बॅन्केच्या प्रबंधकांनी माका ट्रॅवेल चेकचे फायदे सांगितल्यानी,बँकेच्या प्रबंधकांनी मला ट्रॅवेल चेकचे फायदे सांगितले.
4253,716254,D2,Banking,14.5,सुरक्षित कर्ज घेतल्यानंतर तुम्हाला वेळेवरच त्याचे पेमेंट करावे लागेल,सुरक्षित कर्ज घेतल्यानंतर तुम्हाला वेळेवर त्याचे पेमेंट करावे लागेल
4254,719567,D4,Banking,14.5,दोन किंवा अधिक बाजारपेठेतील किमतीतील तफावतीचा फायदा घेण्याची पद्धत म्हणजे पंचाईत,दोन किंवा अधिक बाजारपेठेतील किमतीतील तफावतीचा फायदा घेण्याची पद्धत म्हणजे पंचाईत
4255,707101,D1,Banking,15.0,लेखांकनाचो प्रारंभिक विकास प्राचीन मेसोपोटेमियापर्यंतचो असा,लेखांकनाचा प्रारंभिक विकास प्राचीन मेसोपोटेमियापर्यंतचा आहे
4256,716206,D2,Agriculture,14.5,सचिन शहरामध्ये लस्सीत जिरे टाकून विकतो आणि त्याच्यापासून पैसे कमावतो,सचिन शहरात लस्सीत जिरे टाकून विकतो आणि त्याच्यापासून पैसे कमावतो
4257,722543,D4,Agriculture,14.5,"कापसाला पांढरे सोने असेही संबोधले जाते , कापूस यापासून बनवला जातो","कापसाला पांढरे सोने असेही संबोधले जाते, कापूस यापासून बनवला जातो."
4258,708963,D1,Banking,15.0,"असरकारी संस्था कार्यान्वयनकर्ता , उत्प्रेरक आणि भागीदाराच्या रुपात काम करतत","असरकारी संस्था कार्यान्वयनकर्ता, उत्प्रेरक आणि भागीदारांच्या रूपात कार्य करत आहे."
4259,715715,D2,Agriculture,14.5,निरज ने त्याच्या बहिणीच्या लग्नासाठी त्याची शेतीची जमीन विकली,निरजने त्याच्या बहिणीच्या लग्नासाठी त्याची शेतीची जमीन विकली
4260,720486,D4,Banking,14.5,मायक्रो क्रेडिट पेपर वाचू न शकणाऱ्या अशिक्षित ग्राहकांना कर्जपुरवठा करते,मायक्रो क्रेडिट पेपर वाचू न शकणाऱ्या अशिक्षित ग्राहकांना कर्जपुरवठा करते
4261,710049,D1,Banking,15.0,युट्युब वर कवितान गुंतवणूक निधीच्या बाबतीतली माहिती शिकवून पैशे कमावल्यान,युट्यूबवर कविता आणि गुंतवणूक निधीच्या बाबतीतली माहिती शिकून पैसे कमावले.
4262,714345,D2,Banking,14.5,पेट्रोल प्रक्रियामझार अनेक ईभाग आणि करमचारी यासनामा संवाद साधता येस,पेट्रोल प्रक्रियेमुळे अनेक विभाग आणि कर्मचारी संवाद साधू शकतात.
4263,720766,D4,Agriculture,14.5,बायोफ्युएल्सचे दोन सर्वात सामान्य प्रकार बायोएथेनॉल आणि बायो डीझेल आहेत,बायोफ्युएल्सचे दोन सर्वात सामान्य प्रकार बायोएथेनॉल आणि बायो डीझेल आहेत
4264,724928,D1,Banking,15.0,अठरा ते सत्तर वयातल्या सर्व भारतीय नागरिकांकडसून एन.पी.एस अंतर्गत वैयक्तिक पेन्शन खाते उघडणा जरुरी आसा,अठरा ते सत्तर वयाचे सर्व भारतीय नागरिक एन.पी.एस अंतर्गत वैयक्तिक पेन्शन खाते उघडणे जरुरी आहे.
4265,713232,D2,Banking,14.5,अठराशे सत्तर ना दशक मा पहिला टेकनिकी डेटा इक्री करनासले परसारीत करानी परवानगी भेटनी,सत्रहशे वीस दशक मला पहिला तंत्रज्ञान डेटा वाढवण्यासाठी परसारीत करण्याची परवानगी मिळणार नाही.
4266,721130,D4,Banking,14.5,सांस्कृतिक उद्योजकता ही एक प्रक्रिया आहे जे उद्योजक संसाधनांवर लक्ष केंद्रित करते,सांस्कृतिक उद्योजकता ही एक प्रक्रिया आहे जी उद्योजक संसाधनांवर लक्ष केंद्रित करतात.
4267,724862,D1,Banking,14.941,"नईन पासवर्ड तयार करू साठी , पासवर्ड विसरा ह्येच्यावर क्लीक करा आणि तूमच्या मोबाइल नंबरवर ओ.टी.पी येता","नवीन पासवर्ड तयार करण्यासाठी, पासवर्ड विसरण्यासाठी त्यावर क्लिक करा आणि तुमच्या मोबाईल नंबरवर ओटीपी येतो."
4268,715579,D2,Agriculture,14.5,जसा दिवस मावळायला लागेल तसे ते वस्तूंचे प्रदर्शन करायला सुरुवात करतील,जसा दिवस मावळायला लागेल तसे ते वस्तूंचे प्रदर्शन करायला सुरुवात करतील
4269,722519,D4,Banking,14.5,शेअर बाजारातील समभागाच्या कामगिरीचा थेट परिणाम त्याच्या आर्थिक कामगिरीवर होतो,शेअर बाजारातील समभागाच्या कामगिरीचा थेट परिणाम त्याच्या आर्थिक कामगिरीवर होतो
4270,707231,D1,Banking,14.938,ज्या खात्याक तुम्ही चेक स्टेटस सत्यापित करू इच्छिता ता खाता निवडा आणि चेक नंबर एंटर करा,ज्या खात्याचे तुम्ही चेक स्टेटस सत्यापित करू इच्छिता ते खाते निवडा आणि चेक नंबर एंटर करा
4271,712937,D2,Banking,14.5,कविताना यवसाय चांगला चालाले लागेल व्हता त्यानामुये रोहितनी उद्यम भांडवल दिधं,कविताना व्यवसाय चांगला चालायला लागेल म्हणून त्यानामुये रोहितला उद्यम भांडवल दिधं
4272,718850,D4,Agriculture,14.5,"झाडांचे लाकूड कागदाच्या उत्पादनात वापरले जाते , त्यामुळे झाडे तोडली जातात","झाडांचे लाकूड कागदाच्या उत्पादनात वापरले जाते, त्यामुळे झाडे तोडली जातात."
4273,710425,D1,Agriculture,14.933,लाच घेणा ह्यो जसो आर्थिक आणि दंडनीय गुन्हो असा तसा ता एक सामाजिक दृष्कृत्य असा,"लाच घेणे हे इतके आर्थिक आणि दंडनीय गुन्हे आहेत, असे एक सामाजिक दृश्य आहे."
4274,716196,D2,Agriculture,14.5,शेतीच्या वनीकरणाने जैवविविधता आणि मातीची रचना चांगली राहते,शेतीच्या वनीकरणाने जैवविविधता आणि मातीची रचना चांगली राहते
4275,724280,D4,Agriculture,14.5,बाकीच्या देशाइंपेक्षा भारतात सर्वात जास्त केळी व्हते,इतर देशांपेक्षा भारतात सर्वात जास्त केळी असते
4276,707827,D1,Agriculture,14.933,"भाऊ , ब्राझील आणि व्हिएतनाम कॉफी उत्पादनात आघाडीवर आसत , भारत कितव्या क्रमांकावर आसा ?","ब्राझील आणि व्हिएतनाम कॉफी उत्पादनात आघाडीवर आहेत, भारत कितव्या क्रमांकावर आहे का?"
4277,713064,D2,Agriculture,14.5,पशु कल्याणमा जनावरसनी शारीरिक नी मानसिक ह्या दोन्ही स्थिती दखतंस,पशु कल्याणासाठी जनावरांच्या शारीरिक आणि मानसिक या दोन्ही स्थितींचा विचार केला जातो.
4278,720611,D4,Agriculture,14.5,हरियाणातील भिवानी जिल्हा त्याच्या उंचीमुळे लिफ्ट इरिगेशन योजनेचा वापर करतो,हरियाणातील भिवानी जिल्हा त्याच्या उंचीमुळे लिफ्ट इरिगेशन योजनेचा वापर करतो
4279,706980,D1,Banking,14.933,खर्च ह्या पैशाचो मू्ल्य असा ज्या काहीतरी तयार करुक किंवा सेवा देऊक वापरला गेला असा,खर्चाचे मूल्य असे की काहीतरी तयार केले किंवा सेवा दिली आणि ती वापरली गेली.
4280,715351,D2,Agriculture,14.5,ऊसामध्ये तण दुसऱ्या पिकांच्या तुलनेने जास्त असते,ऊसामध्ये तण दुसऱ्या पिकांच्या तुलनेने जास्त असते
4281,719515,D4,Banking,14.5,अटल पेन्शन योजना एक जून दोन हजार सतरा रोजी पंतप्रधान नरेंद्र मोदी यांनी सुरू केली होती,अटल पेन्शन योजना एक जून दोन हजार सतरा रोजी पंतप्रधान नरेंद्र मोदी यांनी सुरू केली होती
4282,709802,D1,Banking,14.929,आर.डी खात्यात ठराविक मुदतीसाठी पैशे जमा करूचे असतंत अशा खात्यांवर ठराविक व्याजदर लागू असता,आर.डी खात्यात ठराविक मुदतीसाठी पैसे जमा करायचे असल्यास अशा खात्यांवर ठराविक व्याजदर लागू असतो.
4283,713466,D2,Banking,14.5,मास्तरनी आम्हले फायदा तोटाना बाबतमा समजाडी सांगं,मास्तरनी आम्हाला फायदा तोटाना बाबत माहिती सांगा
4284,722542,D4,Agriculture,14.5,राजगिराच्या इतर उपयोगांमध्ये डाई चारा आणि शोभेच्या उद्देशांचा समावेश होतो,राजगिराच्या इतर उपयोगांमध्ये डाई चारा आणि शोभेच्या उद्देशांचा समावेश होतो
4285,706690,D1,Banking,14.929,"गृह विमो , ह्यो एक प्रकारचो मालमत्तेचो विमो असा ज्यो खाजगी निवासस्थान कव्हर करता",गृह विमो हे एक प्रकारचा मालमत्तेचा विमो असा जो खाजगी निवासस्थान कव्हर करतो
4286,715520,D2,Banking,14.5,गृह विमा आपत्ती आणि प्राकृतिक आपत्तीपासून आर्थिक सुरक्षा मिळवून देते,गृह विमा आपत्ती आणि नैसर्गिक आपत्तीपासून आर्थिक सुरक्षा मिळवून देते
4287,720068,D4,Agriculture,14.5,पिकांची निवड करताना शेतकऱ्याने मातीच्या संरक्षणाची काळजी घ्यावी,पिकांची निवड करताना शेतकऱ्याने मातीच्या संरक्षणाची काळजी घ्यावी
4288,708491,D1,Banking,14.929,"राजू तुका तुज्या कर्जाची म्हायती घेवची होती मा , ये मी तुका मदत करतय","राजू तुला तुझ्या कर्जाची माहिती घ्यायची होती, मी तुला मदत करत आहे."
4289,714914,D2,Agriculture,14.5,कोलेजन प्रोटीन प्रथिने प्रदान करून शरीराच्या ऊतींना उभे राहण्यास मदत करते,कोलेजन प्रोटीन प्रथिने प्रदान करून शरीराच्या ऊतींना उभे राहण्यास मदत करते
4290,719431,D4,Banking,14.5,आय.आर.एस मध्ये काम करताना भ्रष्टाचाराला आळा घालण्यासाठी प्रयत्न करावे लागतात,आय.आर.एस मध्ये काम करताना भ्रष्टाचाराला आळा घालण्यासाठी प्रयत्न करावे लागतात
4291,708433,D1,Agriculture,14.929,"भारतात असील , चितगाव , कडकनाथी आणि बसरा अश्या चार प्रकारचे कोंबड्यांचे जाती मेळतत","भारतात असील, चितगाव, कडकनाथी आणि बसरा असे चार प्रकारचे कोंबड्यांचे जाती आहेत"
4292,717917,D2,Agriculture,14.5,माझा शेतीमाल शासनाकडे खरेदी केला जाऊ शकतो का ?,माझा शेतीमाल शासनाकडे खरेदी केला जाऊ शकतो का?
4293,722113,D4,Agriculture,14.5,"भाऊ , मी तुझ्यासाठी हिमाचलमधून ताजी ट्यूलिपची फुले आणली आहेत",भाऊ मी तुझ्यासाठी हिमाचलमधून ताजी ट्यूलिपची फुले आणली आहेत
4294,708144,D1,Agriculture,14.929,"हिरवी खता , पोषक आणि सेंद्रिय पदार्थांद्वारे प्रजनन क्षमता वाढवतत , काळाला काय ?","हिरव्या रंगाचे अन्न पोषक आणि सेंद्रिय पदार्थांद्वारे प्रजनन क्षमता वाढवते, तर काळाबद्दल काय?"
4295,718294,D2,Banking,14.5,सामाजिक योजनांची माहिती मला कशी मिळू शकते ?,सामाजिक योजनांची माहिती मला कशी मिळू शकते?
4296,721760,D4,Banking,14.5,केंद्रीय सेवा आणि वित्त मंत्र्यांच्या मंत्रालयीन आदेशानुसार कार्य करतात,केंद्रीय सेवा आणि वित्त मंत्र्यांच्या मंत्रालयीन आदेशानुसार कार्य करतात
4297,707239,D1,Banking,14.923,ह्या योजना आयुर्विमा महामंडळ आणि इतर सर्व आयुर्विमा कंपन्यांद्वारा ऑफर केल्या जात असा,या योजना आयुर्विमा महामंडळ आणि इतर सर्व आयुर्विमा कंपन्यांद्वारे ऑफर केल्या जात होत्या.
4298,718242,D2,Banking,14.5,जानेवारी महिन्यात माझ्या खात्यावरुन किती रक्कम काढली गेली ?,जानेवारी महिन्यात माझ्या खात्यावरून किती रक्कम काढली गेली?
4299,720267,D4,Banking,14.5,मनरेगा अंतर्गत गावातील गरीब लोकांना वर्षातून किमान शंभर दिवस रोजगार मिळणार आहे,मनरेगा अंतर्गत गावातील गरीब लोकांना वर्षातून किमान शंभर दिवस रोजगार मिळणार आहे
4300,710687,D1,Banking,14.923,चेकाक जमा करुक आणि त्यापासून पैशे घेउक बँकेत जावचा लागता ज्याका वेळ लागता,जे पैसे जमा करायचे आहेत आणि त्यापासून पैसे बँकेत घ्यायचे असतील तर त्यासाठी लागणारा वेळ किती आहे?
4301,718399,D2,Banking,14.5,माझ्या खात्यातून जून महिन्यात किती वेळा पैसे काढले गेले ?,माझ्या खात्यातून जून महिन्यात किती वेळा पैसे काढले गेले?
4302,719176,D4,Agriculture,14.5,कापसाचा इतिहास आश्चर्यकारक प्रमाणात सहकारी आणि शांततावादी आहे,कापसाचा इतिहास आश्चर्यकारक प्रमाणात सहकारी आणि शांततावादी आहे
4303,708349,D1,Banking,14.923,"नेहान नाल्को चे शेअर खरेदी केले , आता तां नाल्कोचा शेअर होल्डर आसा","नेहानीने नाल्कोचे शेअर्स खरेदी केले, आता तो नाल्कोचा शेअर होल्डर आहे."
4304,718655,D2,Banking,14.5,मला माझ्या बाहेरगावी राहणाऱ्या भावाला पैसे पाठवायचे आहे,मला माझ्या बाहेरगावी राहणाऱ्या भावाला पैसे पाठवायचे आहेत.
4305,720190,D4,Agriculture,14.5,"महाराष्ट्र , ओडिशा आणि मध्य प्रदेशातील बांबूपासून कागद तयार केला जातो","महाराष्ट्र, ओडिशा आणि मध्य प्रदेशातील बांबूपासून कागद तयार केला जातो."
4306,710205,D1,Agriculture,14.923,किराणा स्टोअर एक असो स्टोअर असा जो खाण्याचे आणि घरातल्या कामाचे वस्तु विकता,किराणा स्टोअर म्हणजे असा स्टोअर जो खाण्याचे आणि घरातल्या कामाचे वस्तू विकतो.
4307,717780,D2,Agriculture,14.5,हायब्रिडची पिके आणि बियाणे याविषयी माहिती द्या,हायब्रिडची पिके आणि बियाणे याविषयी माहिती द्या
4308,719855,D4,Agriculture,14.5,भारतातील सर्वात जास्त चहाचे उत्पादन आसाम राज्यात होते,भारतातील सर्वात जास्त चहाचे उत्पादन आसाम राज्यात होते
4309,706891,D1,Banking,14.923,ई कॉमर्स म्हणजे ऑनलाइन सेवांवर इलेक्ट्रॉनिक पद्धतीना उत्पादन खरेदी करणा किंवा विक्री करणा,ई कॉमर्स म्हणजे ऑनलाइन सेवांवर इलेक्ट्रॉनिक पद्धतींनी उत्पादन खरेदी करणे किंवा विक्री करणे
4310,718058,D2,Banking,14.5,माझ्या लाईफ इन्शुरन्स पॉलिसीमध्ये मॅच्युरिटी रक्कम किती आहे ?,माझ्या लाईफ इन्शुरन्स पॉलिसीमध्ये मॅच्युरिटी रक्कम किती आहे?
4311,722836,D4,Agriculture,14.5,भारताकडे जगातील दुसऱ्या क्रमांकाची सर्वात मोठी शेतीयोग्य जमीन आहे,भारताकडे जगातील दुसऱ्या क्रमांकाची सर्वात मोठी शेतीयोग्य जमीन आहे
4312,706687,D1,Banking,14.923,पीक विमो कृषी उत्पादकांकडसून खरेदी केला जाता आणि फेडरल सरकारद्वारा अनुदान दिला जाता,पीक विमो कृषी उत्पादकांकडून खरेदी केला जातो आणि फेडरल सरकारद्वारे अनुदान दिले जाते
4313,718637,D2,Agriculture,14.5,शेतकऱ्यांना आपला माल ऑनलाइन विकण्यासाठी बाजार आहे का ?,शेतकऱ्यांना आपला माल ऑनलाइन विकण्यासाठी बाजार आहे का?
4314,722596,D4,Agriculture,14.5,अठराव्या ते विसाव्या शतकापर्यंत कताई खेचराचा मोठ्या प्रमाणावर वापर केला जात होता,अठराव्या ते विसाव्या शतकापर्यंत कताई खेचराचा मोठ्या प्रमाणावर वापर केला जात होता
4315,707062,D1,Banking,14.923,"हाँगकाँग , भारत आणि इतर अनेक देश , त्यांका सामान्यपणान चालू खाता म्हणतत","हॉन्गकॉंग, भारत आणि इतर अनेक देश त्या सामान्यपणे चालू खात्याबद्दल बोलतात."
4316,718663,D2,Banking,14.5,माझ्या चालू खात्याची किमान शिल्लक काय आहे ?,माझ्या चालू खात्याची किमान शिल्लक काय आहे?
4317,719769,D4,Banking,14.5,तुम्हाला पोस्ट ऑफिसमध्ये नियमित बचत खाते उघडायचे असेल तर तुमच्याकडे दोन पर्याय आहेत,तुम्हाला पोस्ट ऑफिसमध्ये नियमित बचत खाते उघडायचे असेल तर तुमच्याकडे दोन पर्याय आहेत
4318,709072,D1,Agriculture,14.923,बायोशेल्टर काचा आणि भिंतीची एक संरचना असता जेच्यात झाडा आणि जिवांची देखभाल होता,बायोशेल्टरचा आणि भिंतीचा एक असाructructur आहे ज्यात झाडांची आणि जीवांची देखभाल झाली होती.
4319,716889,D2,Agriculture,14.5,फांदी असणाऱ्या वनस्पतींचे प्रकार चार ते पाच फूट उंचीपर्यंत पोहोचतात,पानांची असणाऱ्या वनस्पतींचे प्रकार चार ते पाच फूट उंचीपर्यंत पोहोचतात
4320,721127,D4,Banking,14.5,मोबाईल बँकिंग अनुप्रयोगात मेनू पर्यायांचे अनुसरण करून लाभार्थीला पैसे पाठवा,मोबाईल बँकिंग अनुप्रयोगात मेनू पर्यायांचे अनुसरण करून लाभार्थीला पैसे पाठवा
4321,709615,D1,Banking,14.917,यु.एस.डी जागतिक अर्थ व्यवस्था मध्ये महत्त्वाची भूमिका बजावता आणि यु.एस.डी निर्देशांक असा,यु.एस.डी जागतिक अर्थव्यवस्थेत महत्त्वाची भूमिका बजावते आणि यु.एस.डी निर्देशांक असा आहे
4322,715981,D2,Banking,14.5,माझ्या चालू खात्यामधून चेक बुक चा वापर करून पिंकी ची फी भरून देईल,माझ्या चालू खात्यामधून चेक बुकचा वापर करून पिंकीची फी भरून देईल.
4323,721862,D4,Banking,14.5,जी सामान्यतः वैज्ञानिक संशोधनासाठी निधीचा समावेश करते,जी सामान्यतः वैज्ञानिक संशोधनासाठी निधीचा समावेश करते
4324,706777,D1,Banking,14.917,"ऑपरेशनल जोखीम , जोखीम सहिष्णुतेच्यो काही स्तरांत नुकसान ठेऊक व्यवस्थापित करण्यायोग्य असा","ऑपरेशनल जोखीम, जोखीम सहिष्णुतेच्या काही स्तरांत नुकसान व्यवस्थापित करण्यायोग्य आहे."
4325,714053,D2,Agriculture,14.5,ज्याले गोडं तेल म्हणतंस ते तीळ राहास त्याना वापर सयपाकामा करतंस,ज्याला तुम्ही गोड तेल म्हणता ते तीळ राहास त्याचा वापर स्वयंपाकासाठी करतंस
4326,721303,D4,Banking,14.5,तुमचे कार्ड ब्लॉक करण्यासाठी बँक एक्झिक्युटिव्हला विनंती करू शकता,तुमचे कार्ड ब्लॉक करण्यासाठी बँक एक्झिक्युटिव्हला विनंती करू शकता
4327,707623,D1,Banking,14.917,"तुमका माहीत आसा काय , विमा कंपनीने कॉन्ट्रॅक्टरकडसून जामीन बाँड दिलेलो आसा","तुम्हाला माहीत आहे का, विमा कंपनीने कॉन्ट्रॅक्टरकडून जामीन बाँड दिले आहे."
4328,716346,D2,Banking,14.5,बॅकेत जमा असलेल्या रकमेचा छोटासा हिस्सा बँक रोख स्वरूपात आपल्याजवळ ठेवते,बँकेत जमा असलेल्या रकमेचा छोटासा हिस्सा बँक रोख स्वरूपात आपल्याजवळ ठेवते
4329,720958,D4,Agriculture,14.5,कातणारे खेचर हे कापूस आणि तंतू कातण्यासाठी वापरले जाणारे यंत्र आहे,कातणारे खेचर हे कापूस आणि तंतू कातण्यासाठी वापरले जाणारे यंत्र आहे
4330,708570,D1,Banking,14.917,स्थूल अर्थशास्त्रात व्याजदर आणि कराचो उपेग कसो जाता हेच्यार लक्ष दिलो जाता,स्थूल अर्थशास्त्रात व्याजदर आणि करचा उपयोग कसे जातो याचे लक्ष दिले जाते
4331,715977,D2,Agriculture,14.5,माझ्या गावात भारतीय स्क्वॅश च उत्पादन खूप मोठ्या प्रमाणात होतं,माझ्या गावात भारतीय स्क्वॅशचे उत्पादन खूप मोठ्या प्रमाणात होते.
4332,719300,D4,Banking,14.5,क्यू.आर कोडला तुमच्या मोबाईलने स्कॅन केल्यास पैसे ट्रान्सफर करण्यात मदत होईल,क्यूआर कोड तुमच्या मोबाईलने स्कॅन केल्यास पैसे ट्रान्सफर करण्यात मदत होईल
4333,709211,D1,Agriculture,14.909,"पिकाच्या स्थिरतेक पाणी प्रभावित करतत , पाणी झाडांच्या वाढीक गरजेचा असता","पिकाच्या स्थिरतेमुळे पाणी प्रभावित होत आहे, पाणी झाडांच्या वाढीच्या गरजेचा असते."
4334,713671,D2,Agriculture,14.5,"कागद ह्या झाडेसपाशीन तयार व्हतस , म्हनीसन त्यासना आखो वापर कशा करता ई हाऊ ईचार कराले जोयजे","कागद या झाडांच्या शेजारी तयार करता येते, म्हणून त्यासाठी त्याचा वापर कसा करायचा आणि काय करायला हवे हे जाणून घ्यायचे आहे."
4335,720498,D4,Banking,14.5,परिवर्तनीय बॉण्ड्स किंवा प्राधान्यकृत स्टॉकची देवाणघेवाण संकरीत केली जाते,परिवर्तनीय बॉण्ड्स किंवा प्राधान्यकृत स्टॉकची देवाणघेवाण संकरीत केली जाते
4336,708629,D1,Agriculture,14.909,मुळो रेताळ मातीत येता आणि हयत्या मातीत कार्बन पदार्थ मोप असतत,मूल रेताळ मातीत येते आणि हयत्या मातीत कार्बन पदार्थ मिटतात
4337,713507,D2,Banking,14.5,लोकेस्नी मदत भेटनी ते कोनता भी बुडनारा येवसाय वाचडता येस,लोकांना मदत कोठे मिळेल हे विचारणे योग्य आहे का?
4338,721216,D4,Banking,14.5,बॉण्ड मॅच्युरिटी च्या विविधीकरणाद्वारे व्याजदराचा धोका कमी केला जाऊ शकतो,बॉण्ड मॅच्युरिटीच्या विविधीकरणाद्वारे व्याजदराचा धोका कमी केला जाऊ शकतो
4339,709567,D1,Banking,14.909,भारतातील एक कोटी कुटुंबा पेन्शनधारक कुटुंबा म्हणून वर्गीकृत केली जाऊ शकतत,भारतातील एक कोटी कुटुंबांना पेन्शनधारक कुटुंब म्हणून वर्गीकृत केले जाऊ शकते.
4340,715132,D2,Banking,14.5,मांगेरामच्या म्हणण्यानुसार सरकारकडून हळूहळू केली गेलेली चलनातील वाढ म्हणजेच चलनवाढ होय,मांगेरामच्या म्हणण्यानुसार सरकारकडून हळूहळू केली गेलेली चलनातील वाढ म्हणजेच चलनवाढ होय
4341,721988,D4,Agriculture,14.5,सूतगिरणी ही एक इमारत आहे ज्यामध्ये सूताच्या बॉलपासून सूत तयार केले जाते,सूतगिरणी ही एक इमारत आहे ज्यामध्ये सूताच्या बॉलपासून सूत तयार केले जाते
4342,711590,D1,Agriculture,14.909,भाताच्या पिकांक झालेल्या किटकांचा व्यवस्थापन करूक कसली फवारणी करूक होई ?,भाताच्या पिकांमध्ये झालेल्या किटकांच्या व्यवस्थापनासाठी कोणती फवारणी करायची आहे?
4343,716498,D2,Agriculture,14.5,पोषक तत्वाच्या समाधानामुळे विक्रीच्या किंमतीत आणि फायद्यामध्ये वाढ होत आहे,पोषक तत्वाच्या समाधानामुळे विक्रीच्या किंमतीत आणि फायद्यामध्ये वाढ होत आहे
4344,719026,D4,Agriculture,14.5,शेतकऱ्यांना कृषी विमा काढण्यासाठी सरकार ऐंशी टक्के अनुदान देते,शेतकऱ्यांना कृषी विमा काढण्यासाठी सरकार ऐंशी टक्के अनुदान देते
4345,707350,D1,Banking,14.909,आर्थिक साधनांचो वापर करून फर्ममध्ये आर्थिक मूल्यांचो संरक्षण करण्याचो सराव करतत,आर्थिक साधनांचा वापर करून फर्ममध्ये आर्थिक मूल्यांचे संरक्षण करण्याचा सराव करत आहेत
4346,715461,D2,Agriculture,14.5,कॉफीची रोप सेंद्रिय माती मध्ये जिथे ठिसूळ खडक असतील तिथे उगवावे,कॉफीची रोप सेंद्रिय मातीमध्ये जिथे ठिसूळ खडक असतील तिथे उगवावे
4347,720145,D4,Agriculture,14.5,नैसर्गिक रबर मिळविण्यासाठी झाडांपासून दूध काढले जाते,नैसर्गिक रबर मिळविण्यासाठी झाडांपासून दूध काढले जाते
4348,709619,D1,Banking,14.909,यू.पी.आय चा नियंत्रण रिजर्व बॅन्क आणि इंडियन बॅन्क असोसिएशनच्या हातात असा,यू.पी.आय चे नियंत्रण रिझर्व्ह बँक आणि इंडियन बँक असोसिएशनच्या हातात आहे.
4349,716614,D2,Banking,14.5,तुम्ही पोर्टफोलिओ इक्विटीचे बाजार मूल्य घेऊन व्याजदराची जोखीम देखील शोधू शकता,तुम्ही पोर्टफोलिओ इक्विटीचे बाजार मूल्य घेऊन व्याजदराची जोखीम देखील शोधू शकता
4350,720570,D4,Agriculture,14.5,हायड्रोपोनिक शेती पद्धतीं मध्ये मातीचा वापर केला जात नाही,हायड्रोपोनिक शेती पद्धतींमध्ये मातीचा वापर केला जात नाही.
4351,707608,D1,Banking,14.9,"तुका सांगतंय , स्पॉट मार्केट ह्या सतत बदलणारा मार्केट आसा",तू सांगत आहेस की स्पॉट मार्केट हा सतत बदलणारा बाजार आहे.
4352,718015,D2,Banking,14.5,माझ्या खात्यातील पैसे मी दुसऱ्या बँकेतून काढता येतील का ?,मी माझ्या खात्यातील पैसे दुसऱ्या बँकेतून काढू शकतो का?
4353,722128,D4,Agriculture,14.5,मुलांनो भारतातील कोणत्याही चार प्रकारच्या द्राक्षांची नावे सांगा,मुलांनो भारतातील कोणत्याही चार प्रकारच्या द्राक्षांची नावे सांगा
4354,707096,D1,Banking,14.9,आर्थिक स्टेटमेन्ट म्हणजे आर्थिक क्रियाकलाप आणि व्यवसायाचा स्थितीचो औपचारिक रेकॉर्ड,आर्थिक स्टेटमेंट म्हणजे आर्थिक क्रियाकलाप आणि व्यवसायाची स्थितीचा औपचारिक रेकॉर्ड
4355,718431,D2,Banking,14.5,माझा बचत खाते क्रमांक तपासून मला डेबिट कार्ड मिळेल का ?,माझा बचत खाते क्रमांक तपासून मला डेबिट कार्ड मिळेल का?
4356,721762,D4,Banking,14.5,बँकात दरोडे टाळण्यासाठी बँकांमध्ये सुरक्षा कॅमेरे बसवले गेले,बँकांमध्ये दरोडे टाळण्यासाठी सुरक्षा कॅमेरे बसवले गेले.
4357,707864,D1,Agriculture,14.9,मध काढण्यासाठी मधमाश्यांचा पोळा फोडून त्येका चेपतत मग मध मिळता,मध काढण्यासाठी मधमाश्यांचा पोळा फोडून त्यांच्या चेपतत मग मध मिळते
4358,718531,D2,Banking,14.5,यू.पी.आय सेवेचा लाभ घेण्यासाठी कोणती प्रक्रिया पूर्ण करावी लागते ?,यु.पी.आय सेवेचा लाभ घेण्यासाठी कोणती प्रक्रिया पूर्ण करावी लागते?
4359,721533,D4,Agriculture,14.5,"बांबूच्या प्रजाती क्लॅम्पिंग , रनिंग प्रजातीं मध्ये विभागल्या जाऊ शकतात",बांबूच्या प्रजाती क्लॅम्पिंग आणि रनिंग प्रजातींमध्ये विभागल्या जाऊ शकतात
4360,709919,D1,Agriculture,14.889,तुम्हाला माहीत आहे का ऑस्ट्रियामध्ये फर लागवडीवर बंदी आहे,तुम्हाला माहीत आहे का ऑस्ट्रियामध्ये फर लागवडीवर बंदी आहे
4361,713626,D2,Agriculture,14.5,तीयीनं तेल बहु कामनं शे म्हनीसन भारतमा कैक वरीस पाशीन तियीनं पिक ल्हेवास,तीयीनं तेल बहु कामनं शे म्हनीसन भारतमा कैक वरीस पाशीन तियीनं पिक ल्हेवास
4362,718806,D4,Agriculture,14.5,कृषी शास्त्रज्ञांकडून उच्च दर्जाचे बिया बाजारात पोहोचवले जाते,कृषी शास्त्रज्ञांकडून उच्च दर्जाचे बिया बाजारात पोहोचवले जाते
4363,708089,D1,Banking,14.889,संयुक्त खात्यात तुमच्या नावाखाली तुमच्या नातेवाईकांचा नाव लिहिलेला असता,संयुक्त खात्यात तुमच्या नावाखाली तुमच्या नातेवाईकांचे नाव लिहिलेले असते.
4364,713683,D2,Agriculture,14.5,जास्त तापमान राह्यनं ते बरफ बनाडाले तरास व्हस,जास्त तापमान राहिल्यास ते बर्फ बनवले
4365,719296,D4,Banking,14.5,"पहिल्या महायुद्धानंतर , महानगरांमध्ये ऑटोमोबाइलचा वापर मोठ्या प्रमाणावर होऊ लागला",पहिल्या महायुद्धानंतर महानगरांमध्ये ऑटोमोबाईलचा वापर मोठ्या प्रमाणावर होऊ लागला.
4366,712522,D1,Agriculture,14.889,"भारत ह्यो जगामधलो सर्वात मोठा डाळी , तांदूळ , दूध , ताग आणि कापूस उत्पादक करणारो देश आसा","भारत हे जगामध्ये सर्वात मोठा डाळी, तांदूळ, दूध, ताग आणि कापूस उत्पादक देश आहे."
4367,715445,D2,Agriculture,14.5,कीटकनाशक असे पदार्थ आहे जे कीटकांना नियंत्रित करण्यासाठी वापरले जातात,कीटकनाशक असे पदार्थ आहेत जे कीटकांना नियंत्रित करण्यासाठी वापरले जातात
4368,719046,D4,Agriculture,14.5,चीनमध्ये गोड पाण्यातील झिगाची सर्वात जास्त लागवड केली जाते,चीनमध्ये गोड पाण्यातील झिगाची सर्वात जास्त लागवड केली जाते
4369,708811,D1,Agriculture,14.882,जी सगळ्यात आधी टेडर मशीन इली हुती तेका दोन चाका हुती आणि तेका घोड्याच्या मदतीन खेचत हुते,"जी सर्वात आधी टेंडर मशीन आहे, त्याचे दोन चाके आहेत आणि ते घोड्याच्या मदतीने खेचले जाते."
4370,714947,D2,Banking,14.5,जागतिक व्यापार संघटनेची स्थापना मार्क्वेस करारानुसार झाली,जागतिक व्यापार संघटनेची स्थापना मार्क्वेस करारानुसार झाली
4371,721122,D4,Banking,14.5,परदेशात अभ्यास करण्यासाठी मोठ्या प्रमाणात कर्ज घेतले जाते,परदेशात अभ्यास करण्यासाठी मोठ्या प्रमाणात कर्ज घेतले जाते
4372,710337,D1,Banking,14.875,फ्युचर्स मार्केट फ्युचर्स का काँट्रॅकद्वारे नियंत्रीत केला जाता,फ्युचर्स मार्केटचे फ्युचर्स काँट्रॅकद्वारे नियंत्रित केले जातात
4373,713125,D2,Banking,14.5,मना भाऊ मुंबई मा मार्केट इफेक्टना वर कंपनीमा काम करस,भाऊ मुंबईत बाजाराच्या परिस्थितीवर कंपनीत काम करतो
4374,721007,D4,Agriculture,14.5,अनिमियाशी लढण्यासाठी संत्र्यामुळे लोह शोषून घेणे सोपे होते,अनिमियाशी लढण्यासाठी संत्र्यामुळे लोह शोषून घेणे सोपे होते
4375,710140,D1,Banking,14.875,"आजकाल चीन , भारत , जपान , ऑस्ट्रेलिया आणि न्यूजीलंड मध्ये भाडेतत्त्वावर खरेदीची पध्दत चालु हा","आजकाल चीन, भारत, जपान, ऑस्ट्रेलिया आणि न्यूझीलंडमध्ये भाडेतत्त्वावर खरेदीची पद्धत चालत आहे."
4376,716236,D2,Agriculture,14.5,साठलेलं झालेल पाणी बाहेर काढण्यासाठी योजना बनवली जात आहे,साठलेले पाणी बाहेर काढण्यासाठी योजना बनवली जात आहे
4377,718678,D4,Agriculture,14.5,तुम्हाला माहीत आहे का राइस हलर मशीनचा शोध ब्राझील मध्ये लागला होता,तुम्हाला माहीत आहे का राइस हलर मशीनचा शोध ब्राझीलमध्ये लागला होता
4378,707175,D1,Banking,14.867,"तुमचा बँकेत बचत खाता असल्यास , नियमित बचत खाता पगार खात्यात रूपांतरित केला जाऊ शकता","तुमचा बँकेत बचत खाता असल्यास, नियमित बचत खाता पगार खात्यात रूपांतरित केला जाऊ शकतो."
4379,716138,D2,Banking,14.5,विविध साधनांचा वापर करून मूल्यांकन केल्याने आर्थिक जोखीमींच व्यवस्थापन केल जाऊ शकत,विविध साधनांचा वापर करून मूल्यांकन केल्याने आर्थिक जोखमीचे व्यवस्थापन केले जाऊ शकते
4380,721621,D4,Agriculture,14.5,मका अँटिऑक्सिडेंट पेशींचे नुकसान होण्यापासून वाचविण्यात मदत करते,मका अँटिऑक्सिडेंट पेशींचे नुकसान होण्यापासून वाचविण्यात मदत करते
4381,708864,D1,Banking,14.867,"मुद्रास्फिती दर , पैशे उधार घेतलेली वेळ , तरलता , डिफॉल्ट व्याज दरांवर परिणाम करता","मुद्रास्फिती दर, पैशांची उधार घेतलेली वेळ, तरलता आणि डिफॉल्ट व्याज दरांवर परिणाम होतो."
4382,713721,D2,Banking,14.5,"हा तुम्ही , घरथूनच आरामशीर डिजिटल मार्केटिंग करू शकतस",तुम्ही घरथूनच आरामशीर डिजिटल मार्केटिंग करू शकता
4383,720236,D4,Agriculture,14.5,अननस हे मूळचे दक्षिण ब्राझीलमधील एक फळ आहे जे आता जगाच्या विविध भागात उगविले जाते,अननस हे मूळचे दक्षिण ब्राझीलमधील एक फळ आहे जे आता जगाच्या विविध भागात उगविले जाते
4384,708907,D1,Banking,14.857,"सगळ्यात सामान्य सरकारी कर्जा ही विद्यार्थी कर्ज , गृहकर्ज , आणि व्यावसायिक कर्ज असता","सर्वात सामान्य सरकारी कर्जे म्हणजे विद्यार्थी कर्ज, गृहकर्ज आणि व्यावसायिक कर्ज असतात."
4385,717157,D2,Banking,14.5,समुदाय विकास बँका समुदायांच्या शाश्वत विकासावर भर देतात,समुदाय विकास बँका समुदायांच्या शाश्वत विकासावर भर देतात
4386,719974,D4,Banking,14.5,"मालमत्ता , वनस्पती आणि उपकरणे मानक निश्चित भांडवली वस्तू आहेत","मालमत्ता, वनस्पती आणि उपकरणे मानक निश्चित भांडवली वस्तू आहेत"
4387,706854,D1,Banking,14.857,"ह्या किंमती , पुरवठा आणि मागणीचो वर्णन , स्पष्टीकरण आणि अंदाज लावण्याचा प्रयत्न करता","या किंमती, पुरवठा आणि मागणीचे वर्णन, स्पष्टीकरण आणि अंदाज लावण्याचा प्रयत्न करता"
4388,716505,D2,Agriculture,14.5,बहुतेक पाळीवप्राणी अंगुर जातीमधून येतात जे भूमध्य सागरीय आणि मध्य आशियातील अंगूर आहेत,बहुतेक पाळीवप्राणी अंगूर जातीमधून येतात जे भूमध्य सागरीय आणि मध्य आशियातील अंगूर आहेत
4389,721653,D4,Banking,14.5,"आपण कर्ज घेतल्यास , आपल्याला ते विशिष्ट कालावधीत सावकाराला परत द्यावे लागेल",जर आपण कर्ज घेतले तर आपल्याला ते विशिष्ट कालावधीत सावकाराला परत द्यावे लागेल
4390,706481,D1,Banking,14.846,बँक खाता ह्या बँक किंवा इतर वित्तीय संस्थेद्वारा राखलो जाणारो आर्थिक खाता असता,या बँकेचे किंवा इतर वित्तीय संस्थांकडून आर्थिक खाती राखल्या जातात.
4391,713628,D2,Banking,14.5,क्रेडीट कार्ड ना पैसा देवासाठे ग्राहक मदत क्रेंद्र वर बोलाले जोयजे,क्रेडिट कार्डचा पैसा देण्याबद्दल ग्राहक मदतीसाठी निकषांवर बोलले आहे.
4392,721443,D4,Banking,14.5,शेवटचे दहा व्यवहार पाहण्यासाठी मला फक्त मिनी स्टेटमेंट तयार करावे लागेल,शेवटचे दहा व्यवहार पाहण्यासाठी मला फक्त मिनी स्टेटमेंट तयार करावे लागेल
4393,706974,D1,Banking,14.833,"वायर ट्रान्सफर , याका बँक ट्रान्सफर किंवा क्रेडिट ट्रान्सफर असा सुद्धा म्हणतत","वायर ट्रान्सफर, बँक ट्रान्सफर किंवा क्रेडिट ट्रान्सफर असे सुद्धा म्हटले जाते."
4394,715148,D2,Agriculture,14.5,मेंढ्या शरद ऋतूत पिल्लांना जन्म देतात व त्यांच्यापासून लोकर मिळते,मेंढ्या शरद ऋतूत पिल्लांना जन्म देतात व त्यांच्यापासून लोकर मिळते
4395,719756,D4,Agriculture,14.5,पशुपालनाच्या मार्गामुळे पर्यावरणावर होणारे दुष्परिणाम पशुधनावर होत आहेत,पशुपालनाच्या मार्गामुळे पर्यावरणावर होणारे दुष्परिणाम पशुधनावर होत आहेत
4396,710629,D1,Agriculture,14.833,"कृषी रसायनात कीटकनाशका , तणनाशका , बुरशीनाशका , नेमाटाइड्स ह्यांचो समावेश होता","कृषी रसायनात कीटकनाशके, तणनाशके, बुरशीनाशके आणि नेमाटाइड्स यांचा समावेश होता."
4397,714737,D2,Agriculture,14.5,तांदुयमा कार्बोहायड्रेट रहास ज्यानामुये आपण उत्साही रातस,कार्बोहायड्रेटमुळे आपण रात्री उत्साही असतो
4398,721311,D4,Banking,14.5,भांडवल करण्यासाठी रमेशच्या बाबांनी स्टोकब्रोकर कडून सल्ला घेतली आहे,भांडवल करण्यासाठी रमेशच्या बाबांनी स्टोकब्रोकर कडून सल्ला घेतला आहे
4399,710146,D1,Banking,14.8,आधार दाखल करा ओ.टी.पी वरुन तपशील मान्य करा संबंधीत माहिती पूर्ण करा आणि सबमिट करा,आधार दाखल करा ओ.टी.पीवरून तपशील मान्य करा संबंधित माहिती पूर्ण करा आणि सबमिट करा
4400,716741,D2,Agriculture,14.5,राजू माहित आहे की ट्यूलिपचे झाड दहा सेंटीमीटर पर्यंत वाढू शकते,राजूला माहित आहे की ट्यूलिपचे झाड दहा सेंटीमीटरपर्यंत वाढू शकते
4401,721217,D4,Banking,14.5,राजूला असे वाटते की कंपाऊंडिंग ची आवड समजून घेणे प्रत्येक मुलाच्या हिताचे आहे,राजूला असे वाटते की कंपाऊंडिंगची आवड समजून घेणे प्रत्येक मुलाच्या हिताचे आहे
4402,708088,D1,Agriculture,14.727,समोरची टोळी माती बाहेर फेकता आणि मागची टोळी माती आत फेकता,समोरची टोळी माती बाहेर फेकते आणि मागची टोळी माती आत फेकते
4403,713807,D2,Banking,14.5,नेट ब्यांकना पृष्ठावर क्वीक लिंक्स मेंडवरी यू.पी.आय साठे मर्यादा सांगेल शे,नेट बँकिंग पृष्ठावर क्विक लिंक्समध्ये यूपीआय साठे मर्यादा सांगेल.
4404,718677,D4,Agriculture,14.5,तुम्हाला माहीत आहे का की जमिनीचा वरचा भाग नांगराने उलटला जातो ?,तुम्हाला माहीत आहे का की जमिनीचा वरचा भाग नांगराने उलटला जातो?
4405,706678,D1,Banking,14.714,"वाहन विमा ज्याका कार विमा , मोटार विमा किंवा वाहन विमा असा सुद्धा म्हणतत","वाहन विमा म्हणजे कार विमा, मोटर विमा किंवा वाहन विमा असे सुद्धा म्हणत आहे."
4406,713893,D2,Banking,14.5,सीबीएसई बोर्ड ना कॉमर्सना पोरेससाठे निधी स्त्रोत हावू विषय म्हतवाना शे,सीबीएसई बोर्डच्या कॉमर्ससाठी निधीचा स्रोत कोणता आहे माहिती आहे का?
4407,720743,D4,Banking,14.5,आरोग्य विमा मिळाल्याने सुरेश कुमार यांना ऑपरेशनची पूर्ण रक्कम मिळाली,आरोग्य विमा मिळाल्याने सुरेश कुमार यांना ऑपरेशनची पूर्ण रक्कम मिळाली
4408,709865,D1,Banking,14.692,क्राउड फंडिंग दोन प्रकारात येता इनाम आधारित क्राउड फंडिंग आणि इक्विटी आधारित फंडिंग,क्राउड फंडिंग दोन प्रकारची असते इनाम आधारित क्राउड फंडिंग आणि इक्विटी आधारित फंडिंग
4409,713613,D2,Agriculture,14.5,"सैयपाकनं तेल हाई वनस्पती , जनावरे नैते कृत्रिम चरबी रहास","सैयपाकताना तेल आणि वनस्पती, जनावरे नैसर्गिक कृत्रिम चरबी राहतात."
4410,721981,D4,Agriculture,14.5,अन्न शिजवण्यासाठी जैवइंधने थेट वनस्पती तेल म्हणून वापरली जातात,अन्न शिजवण्यासाठी जैवइंधने थेट वनस्पती तेल म्हणून वापरली जातात
4411,709981,D1,Banking,14.5,बँक ऑफ बडोदा भारताची राज्याची मक्तेदारी असलेली बँकिंग आणि वित्तीय सेवा समूह हा,बँक ऑफ बडोदा भारताची राज्याची मक्तेदारी असलेली बँकिंग आणि वित्तीय सेवा समूह आहे.
4412,717828,D2,Agriculture,14.5,पीक विम्याचा फायदा मिळविण्यासाठी कोणत्या विभागात जावे लागते ?,पीक विम्याचा फायदा मिळविण्यासाठी कोणत्या विभागात जावे लागते?
4413,721183,D4,Banking,14.5,व्यावसायिक बँका सार्वजनिक क्षेत्रातील तीन गटांमध्ये विभागल्या गेल्या आहेत,व्यावसायिक बँका सार्वजनिक क्षेत्रातील तीन गटांमध्ये विभागल्या गेल्या आहेत
4414,710535,D1,Banking,14.5,आमचे सगळे इमारती दीर्घ काळासाठी एक परिपूर्ण संपत्ती मानली जाता,आमची सर्व इमारती दीर्घ काळासाठी एक परिपूर्ण संपत्ती मानली जातात
4415,717498,D2,Agriculture,14.5,"माझ्याकडे पाच एकर शेती आहे , मी शासनाच्या योजनेचा फायदा घेऊ शकते का ?","माझ्याकडे पाच एकर शेती आहे, मी शासनाच्या योजनेचा फायदा घेऊ शकते का?"
4416,720524,D4,Agriculture,14.5,इंडियन फार्मर्स फर्टिलायझर क्वालिटी लिमिटेड ही भारताची कृषी सहकारी संस्था आहे,इंडियन फार्मर्स फर्टिलायझर क्वालिटी लिमिटेड ही भारताची कृषी सहकारी संस्था आहे
4417,708347,D1,Banking,14.5,नेट बँकिंग मध्ये तुमचो खाते क्रमांक टाकून तुमी चेकची रक्कम तपासू शकता,नेट बँकिंगमध्ये तुमचे खाते क्रमांक टाकून तुम्ही चेकची रक्कम तपासू शकता
4418,718415,D2,Banking,14.5,कर्जाच्या अर्जासोबत कोणती कागदपत्रे द्यावी लागतील ?,कर्जाच्या अर्जासोबत कोणती कागदपत्रे द्यावी लागतील?
4419,722230,D4,Agriculture,14.5,"कृषी वनीकरणात , वनस्पती आणि मोठी झाडे यांच्यातील पोषणाचा समन्वय मुख्य आहे",कृषी वनीकरणात वनस्पती आणि मोठी झाडे यांच्यातील पोषणाचा समन्वय मुख्य आहे
4420,710804,D1,Banking,14.5,पी.एम.जे.जे.बी.वाय अठरा ते पन्नास वर्षांपर्यंतच्या लोकांसाठी उपलब्ध असा,पी.एम.जे.जे.बी.वाय अठरा ते पन्नास वर्षांपर्यंतच्या लोकांसाठी उपलब्ध आहे.
4421,717931,D2,Banking,14.5,मला माझ्या खात्याचे ऑक्टोबर ते नोव्हेंबर पर्यंतचे विवरण दाखवा,मला माझ्या खात्याचे ऑक्टोबर ते नोव्हेंबर पर्यंतचे विवरण दाखवा
4422,720635,D4,Agriculture,14.5,गोलू आजारी पडल्यावर डॉक्टरांनी त्याला दलिया खाण्यास सांगितले,गोलू आजारी पडल्यावर डॉक्टरांनी त्याला दलिया खाण्यास सांगितले
4423,710231,D1,Agriculture,14.5,ग्रीनहाऊस वनस्पतीं च्या वाढत्या वातावरणावर नियंत्रण ठेवुक मदत करतत,ग्रीनहाऊस वनस्पतींच्या वाढत्या वातावरणावर नियंत्रण ठेवण्यास मदत करत आहे
4424,718642,D2,Agriculture,14.5,माझ्या बहिणीला काहिही गिरवी न ठेवता शेतीसाठी कर्ज कसे मिळेल ?,माझ्या बहिणीला काहीही गिरवी न ठेवता शेतीसाठी कर्ज कसे मिळेल?
4425,718932,D4,Agriculture,14.5,फळे हे एक साधन आहे ज्याद्वारे फुलांची रोपे त्यांच्या बियांचा प्रसार करतात,फळे हे एक साधन आहे ज्याद्वारे फुलांची रोपे त्यांच्या बियांचा प्रसार करतात
4426,708828,D1,Agriculture,14.5,पुनर्जंगलीकरण वन क्षेत्रांका पुन्हा जिवंत करुची नायतर परत झाडा लाऊची प्रक्रिया हा,पुनर्जंगलीकरण वन क्षेत्रांका पुन्हा जिवंत करायची नाहीतर परत झाडे लावण्याची प्रक्रिया ही आहे.
4427,716512,D2,Agriculture,14.5,मध्यान्ह भोजन योजनेअंतर्गत मुलांमध्ये चांगली विचारसारणी आणि सवयी विकसित झाल्या,मध्यान्ह भोजन योजनेअंतर्गत मुलांमध्ये चांगली विचारसारणी आणि सवयी विकसित झाल्या
4428,718826,D4,Agriculture,14.5,कोणत्याही प्राण्याला किंवा जीवला जगण्यासाठी पाण्याची गरज असते,कोणत्याही प्राण्याला किंवा जीवला जगण्यासाठी पाण्याची गरज असते.
4429,708166,D1,Banking,14.5,अर्थ व्यवस्थेवर कराचो सकारात्मक परिणाम होवच्यासाठी योग्य करव्यवस्थेची गरज आसा,अर्थ व्यवस्थेवर सकारात्मक परिणाम होण्यासाठी योग्य करव्यवस्थेची गरज आहे.
4430,716628,D2,Agriculture,14.5,पशुधन वाढवल्याने जागतिक हरितगृह वायू उत्सर्जनाच्या चौदा दशांश पाच टक्के उत्पन्न होते,पशुधन वाढवल्याने जागतिक हरितगृह वायू उत्सर्जनाच्या चौदा दशांश पाच टक्के उत्पन्न होते
4431,719598,D4,Agriculture,14.5,तुम्ही तुमच्या फोनवरून कृषी उपकरणे खरेदी करण्यासाठी ऐप्स देखील वापरू शकता,तुम्ही तुमच्या फोनवरून कृषी उपकरणे खरेदी करण्यासाठी ॲप्स देखील वापरू शकता
4432,709978,D1,Agriculture,14.5,फरसबीच्या चांगल्या उत्पन्नासाठी काळ्या चिकन मातीची गरज असता,फरसबीच्या चांगल्या उत्पन्नासाठी काळ्या चिकन मातीची गरज असते
4433,716728,D2,Agriculture,14.5,राजू आपल्याला बियाणे विकण्यासाठी सरकारकडून प्रथम परवाना घ्यावा लागेल,राजू आपल्याला बियाणे विकण्यासाठी सरकारकडून प्रथम परवाना घ्यावा लागेल
4434,719633,D4,Banking,14.5,आय.आय.बी वेबसाइटला भेट द्या आणि वाहनाच्या विम्याबद्दल कोणाला कळू शकेल असे तपशील प्रविष्ट करा,आय.आय.बी वेबसाइटला भेट द्या आणि वाहनाच्या विम्याबद्दल कोणाला कळू शकेल असे तपशील प्रविष्ट करा
4435,709479,D1,Agriculture,14.5,तुम्ही कोलेन आणि प्रोटेस्ट कॅन्सरका कमी करूक कच्च्या पपयेचो उपयोग करू शकतास,तुम्ही कोलेन आणि प्रोटेस्ट कर्करोगाचे कमी करण्यासाठी कच्च्या पेयांचा उपयोग करू शकता.
4436,714787,D2,Agriculture,14.5,जखम व्हवावर हायद दाबी का रंगत येवानं थांबी जास,जखम कशावर आहे त्याचे रंगत काय आहे
4437,722325,D4,Banking,14.5,"विक्रीकर वाढल्याने मागणीतही घट होऊ शकते , ज्याचा परिणाम आर्थिक स्थितीवर होतो","विक्रीकर वाढल्याने मागणीतही घट होऊ शकते, ज्याचा परिणाम आर्थिक स्थितीवर होतो."
4438,708049,D1,Agriculture,14.5,शेत मालाची वाहतूक करण्यासाठी गाड्यांचो वापर केलो जाता,शेत मालाची वाहतूक करण्यासाठी गाड्यांचा वापर केला जातो
4439,712818,D2,Agriculture,14.5,जुना कायमा मासा पकडाले भालाना नैते बनशीना उपेग करेत,"जुने काही मासे पकडले, त्यांना काय करायचे ते बनवण्याचा उपयोग करणे."
4440,719448,D4,Agriculture,14.5,तूर वाटाणा हे जुन्या जगाच्या मूळ फॅबॅसी कुटुंबातील एक बारमाही शेंगा आहे,तूर आणि वाटाणा हे जुन्या जगाच्या मूळ फॅबॅसी कुटुंबातील एक बारमाही शेंगा आहे.
4441,706677,D1,Banking,14.5,पुनर्विमा म्हणजे विमा कंपन्यांचो आपत्तीजनक नुकसानापासून संरक्षण करणा,पुनर्विमा म्हणजे विमा कंपन्यांचे आपत्तीजनक नुकसानापासून संरक्षण करणे
4442,716009,D2,Banking,14.5,मी माझ्या गावाच्या जमिनीला चालू भावा मध्येच विकून टाकलं,मी माझ्या गावाच्या जमिनीला चालू भावामध्येच विकून टाकले
4443,721085,D4,Banking,14.5,खासगी बँकेमध्ये मनी मॅनेजमेंट सर्व्हिसेसच्या विस्तृत श्रेणीचा समावेश आहे,खासगी बँकेमध्ये मनी मॅनेजमेंट सर्व्हिसेसच्या विस्तृत श्रेणीचा समावेश आहे
4444,707337,D1,Agriculture,14.5,आमच्या गावच्या सरपंचान गावातली दहा एकर जमीन जनावरांका चरण्यासाठी दिली आसा,आमच्या गावाच्या सरपंचाने गावातली दहा एकर जमीन जनावरांका चरण्यासाठी दिली असे.
4445,716467,D2,Agriculture,14.5,जर्सी जॉइंट कोंबडीचे मांस लोकांना जास्त आवडते,जर्सी जॉइंट कोंबडीचे मांस लोकांना जास्त आवडते
4446,720427,D4,Banking,14.5,इतर प्रकारच्या विम्यांप्रमाणेच अनेक व्यक्तींमध्ये आरोग्य विम्याला धोका आहे,इतर प्रकारच्या विम्यांप्रमाणेच अनेक व्यक्तींमध्ये आरोग्य विम्याला धोका आहे
4447,709990,D1,Agriculture,14.5,बारमाही पीकापासून एकदा घेतलेला पीक दुसऱ्यांदा स्वतःच रूजोन येता,बारमाही पीकापासून एकदा घेतलेला पीक दुसऱ्यांदा स्वतःच येतो
4448,717041,D2,Banking,14.5,मालवाहतूक थेट जहाजातून रेल्वे ट्रकमध्ये हस्तांतरित केली जाऊ शकते,मालवाहतूक थेट जहाजातून रेल्वे ट्रकमध्ये हस्तांतरित केली जाऊ शकते
4449,722873,D4,Agriculture,14.5,प्रवीण वनस्पतीच्या पॅथॉलॉजीच्या मदतीने सफरचंदाच्या झाडातील रोग ओळखतो,प्रवीण वनस्पतीच्या पॅथॉलॉजीच्या मदतीने सफरचंदाच्या झाडातील रोग ओळखतो
4450,709485,D1,Banking,14.5,दुसऱ्या शब्दांत सांगुचा झाला तर हेच्यात वित्तीय वस्तू मेळवूक आवश्यक व्यवहार पण येता,दुसऱ्या शब्दांत सांगायचे झाल्यास हेत वित्तीय वस्तूंचे मेळवूक आवश्यक व्यवहार पण होतात
4451,718459,D2,Banking,14.5,सामाजिक योजनेचा लाभ घेण्यासाठी कोणते ओळखपत्र लागते ?,सामाजिक योजनेचा लाभ घेण्यासाठी कोणते ओळखपत्र लागते?
4452,721722,D4,Banking,14.5,यू.पी.आई सेवांची नोंदणी करण्यासाठी मोबाईलमध्ये स्टार नव्वद हॅच डायल करा,यू.पी.आई सेवांची नोंदणी करण्यासाठी मोबाईलमध्ये स्टार नव्वद हॅच डायल करा
4453,708084,D1,Banking,14.5,सन दोन हजार बारा मध्ये अमेरिकेत कर स्पर्धेमुळे रोजगारात वाढ झालेली होती,सन दोन हजार बारा मध्ये अमेरिकेत कर स्पर्धेमुळे रोजगारात वाढ झालेली होती
4454,717568,D2,Agriculture,14.5,पेरू व सीताफळावरील कीड घालवण्यासाठी एकाच प्रकारची औषध फवारणी परिणामकारक ठरते का ?,पेरू व सीताफळावरील कीड घालवण्यासाठी एकाच प्रकारची औषध फवारणी परिणामकारक ठरते का?
4455,720320,D4,Agriculture,14.5,सिंचन प्रकल्पाचे उद्दीष्ट कृषी पिकांसाठी क्षेत्र स्तरावर पाणी लागू करणे आहे,सिंचन प्रकल्पाचे उद्दीष्ट कृषी पिकांसाठी क्षेत्र स्तरावर पाणी लागू करणे आहे
4456,710461,D1,Banking,14.5,सगळ्या धर्मांमध्ये योग्य व्यक्तिक दान देणा ह्या परम कर्तव्य मानला गेला हा,सर्व धर्मांमध्ये योग्य व्यक्ती दान देणे हे परम कर्तव्य मानले गेले.
4457,718321,D2,Banking,14.5,माझ्या मुलाला दुसऱ्या शहरातून मी कशाप्रकारे पैसे पाठवू शकते ?,माझ्या मुलाला दुसऱ्या शहरातून मी कशाप्रकारे पैसे पाठवू शकते?
4458,720955,D4,Agriculture,14.5,प्राण्यांचे पोषण हे प्राण्यांच्या आहारातील पोषक गरजांवर लक्ष केंद्रित करते,प्राण्यांचे पोषण हे प्राण्यांच्या आहारातील पोषक गरजांवर लक्ष केंद्रित करते
4459,710541,D1,Banking,14.5,आय.एम.पी.एस एक सशक्त सेवा असा जी संपूर्ण भारतात बँकांमध्ये लगेच धन हस्तांतरित करुची परवानगी देता,आय.एम.पी.एस एक सशक्त सेवा आहे जी संपूर्ण भारतात बँकांमध्ये लगेच धन हस्तांतरित करण्याची परवानगी देते.
4460,718639,D2,Agriculture,14.5,कोणत्या बकरीचे मास खाण्यासाठी उत्तम असते ?,कोणत्या बकरीचे मांस खाण्यासाठी उत्तम आहे?
4461,719088,D4,Banking,14.5,कमी व्याज कव्हरेज रेशोसह बँक जास्त व्याजाने कंपनीला कर्ज देते,कमी व्याज आणि कव्हरेज रेशो सोबत बँक जास्त व्याजाने कंपनीला कर्ज देते
4462,708830,D1,Agriculture,14.5,जास्त प्रमाणात भांगेच्या बिया काढूक भारतात प्रतिबंध असा,जास्त प्रमाणात भांगेच्या बिया काढण्यावर भारतात प्रतिबंध आहे.
4463,716257,D2,Agriculture,14.5,सुरुवातीला पाषाणयुगात उत्तर पश्चिमी अनातोलिया मध्ये गाई पाळल्या जात होत्या,सुरुवातीला पाषाणयुगात उत्तर पश्चिमी अनातोलियामध्ये गाई पाळली जात होत्या.
4464,719335,D4,Banking,14.5,बडा फंडांद्वारे उद्भवलेल्या जोखमींवर इंग्रजी केंद्रित ऑडिट केले पाहिजे,बडे फंडांद्वारे उद्भवलेल्या जोखमींवर इंग्रजी केंद्रित ऑडिट केले पाहिजे
4465,711527,D1,Agriculture,14.5,आज हवेत कमी ओलावो असतलो काय त्याना माझ्या पिकावर वाईट परिणाम नाय ना व्हतलो ?,"आज हवेत कमी ओलावा होता, त्यामुळे माझ्या पिकांवर वाईट परिणाम झाला नाही का?"
4466,716449,D2,Agriculture,14.5,सुमितने पाण्याची चांगल्या प्रकारची सोय बघून संत्र्याची शेती सुरु केली,सुमितने पाण्याची चांगल्या प्रकारची सोय बघून संत्र्याची शेती सुरू केली
4467,718878,D4,Banking,14.5,तुम्ही गैर लाभार्थ्यांना रिअल टाइम ट्रान्सफर साठी आई.एम.पी.एस द्वारे पैसे पाठवू शकता,तुम्ही गैरलाभार्थ्यांना रिअल टाइम ट्रान्सफरसाठी आय.एम.पी.एस द्वारे पैसे पाठवू शकता
4468,711855,D1,Banking,14.5,माजाकडे पुरासा दाईत्वा कव्हारेज असा काय ?,"माझ्याकडे पुरासा, दाईत कव्हरेज आहे का?"
4469,713644,D2,Agriculture,14.5,एस.एम.एफ पोर्टल शेतकरीस्ले त्यास्नी भाषामा माहिती देस,एस.एम.एफ पोर्टल शेतकऱ्यांसाठी त्यांच्या भाषमांबद्दल माहिती देते
4470,719574,D4,Banking,14.5,रिअल टाइम ग्रॉस सेटलमेंट सिस्टम सेंट्रल बँकेद्वारे व्यवस्थापित आणि ऑपरेट केली जाते,रिअल टाइम ग्रॉस सेटलमेंट सिस्टम सेंट्रल बँकेद्वारे व्यवस्थापित आणि ऑपरेट केली जाते
4471,711160,D1,Agriculture,14.5,जळालेल्या झाडाची रखा कीटकनाशकांच्या रुपात वापरली तर परिणाम जातली काय ?,जळलेल्या झाडावर कीटकनाशकांच्या स्वरूपात वापरली तर परिणाम काय होईल?
4472,715959,D2,Agriculture,14.5,मागच्या दोन वर्षात मी लीफ सेन्सर च्या मदतीने चांगलं उत्पन्न मिळवलं,मागच्या दोन वर्षांत मी लीफ सेन्सरच्या मदतीने चांगले उत्पन्न मिळवले
4473,721305,D4,Banking,14.5,ग्राहकांना देण्यात आलेल्या चेकच्या स्थितीची माहिती असायला हवी,ग्राहकांना देण्यात आलेल्या चेकच्या स्थितीची माहिती असायला हवी
4474,711968,D1,Banking,14.5,मी माझ्या एक्या खात्यासून दुसऱ्या खात्यात पैसे कशे पाठउक शकतय ?,मी माझ्या एका खात्यातून दुसऱ्या खात्यात पैसे कसे पाठवू शकतो?
4475,712690,D2,Banking,14.5,अल्प मुदतनं कर्जवर याज जास्ती रहास,अल्प कालावधीसाठी कर्जावर राहा
4476,722687,D4,Banking,14.5,सुकृतीने चेक क्लिअरिंग स्टेटस जाणून घेण्यासाठी इंटरनेटवर सर्च केले,सुकृतीने चेक क्लिअरिंग स्टेटस जाणून घेण्यासाठी इंटरनेटवर शोधले
4477,707433,D1,Banking,14.5,कार्ड देणारो तुमच्याकडसून खूप उच्च वार्षिक टक्केवारी दर आकारण्याची सुरुवात करू शकता,तुम्ही तुमच्याकडून खूप उच्च वार्षिक टक्केवारी दर आकारण्याची सुरुवात करू शकता.
4478,716100,D2,Banking,14.5,लाभार्थीची नोंदणी नेट बँकिंग च्या माध्यमाने करणे आवश्यक आहे,लाभार्थीची नोंदणी नेट बँकिंगच्या माध्यमातून करणे आवश्यक आहे
4479,722405,D4,Banking,14.5,ट्रॅव्हल इन्श्युरन्स आणि इन्सुर मॅट्रीप या प्रवासी विमा कंपन्या आहेत,ट्रॅव्हल इन्श्युरन्स आणि इन्सुर मॅट्रीप या प्रवासी विमा कंपन्या आहेत
4480,709995,D1,Agriculture,14.5,"बॉयलर कोंबडेक पिंजऱ्यात नाय मोकळ्या मैदानात सांभाळूचा असता , सुरेशा","बॉयलर कोंबडेक पिंजऱ्यात न मोकळ्या मैदानात सांभाळूचा असता, सुरेशा"
4481,716493,D2,Agriculture,14.5,कातवन किंवा तोड ही पद्धत कमी जमिनीत भाताच्या सिंचनासाठी वापरली जाते,कातवन किंवा तोड ही पद्धत कमी जमिनीत भाताच्या सिंचनासाठी वापरली जाते
4482,718848,D4,Agriculture,14.5,पृष्ठ भागाच्या सिंचनामध्ये शेताच्या अगदी काठावरुन पाणी सुरू केले जाते,पृष्ठ भागाच्या सिंचनामध्ये शेताच्या अगदी काठावरून पाणी सुरू केले जाते
4483,709273,D1,Banking,14.5,आपल्या डेबिट कार्डातून बॅन्किंग ऑप्शन मधना भाषा सिलेक्ट केल्यार नेक्स्ट पेज वर जा,आपल्या डेबिट कार्डमधून बॅन्किंग ऑप्शनमधून भाषा सिलेक्ट करून पुढच्या पानावर जा
4484,714520,D2,Banking,14.5,सुक्ष्म क्रेडीट योजननी उद्देगधंदाले वाव आणि गरिबी दूर करानी करता कल्पना मांडेल शे,सूक्ष्म क्रेडिट योजनेचे वाव आणि गरिबी दूर करण्याची कल्पना मांडेल.
4485,718702,D4,Agriculture,14.5,दुष्काळयाच्या परिस्थितीत शेतकऱ्यान मध्ये आत्महत्या करण्याची प्रवृत्ति येते,दुष्काळच्या परिस्थितीत शेतकऱ्यांमध्ये आत्महत्या करण्याची प्रवृत्ती येते.
4486,709343,D1,Agriculture,14.5,आर्थिक वर्ष दोन हजार अठरा मध्ये आंध्र प्रदेशामध्ये कोकोचा उत्पादन भारतात सर्वाधिक होता,आर्थिक वर्ष दोन हजार अठरा मध्ये आंध्र प्रदेशामध्ये कोकोचे उत्पादन भारतात सर्वाधिक होते.
4487,716661,D2,Banking,14.5,पहिली भूमी विकास बँक झांग पंजाबमध्ये सन एकोणीसशे वीस मध्ये सुरू झाली,पहिली भूमी विकास बँक झांग पंजाबमध्ये सन १९२० मध्ये सुरू झाली
4488,718873,D4,Banking,14.5,प्रधानमंत्री जन धन योजना अंतर्गत प्रत्येक शून्य शिल्लक खात्यातून कोणतेही ऑनलाइन व्यवहार करा,प्रधानमंत्री जन धन योजना अंतर्गत प्रत्येक शून्य शिल्लक खात्यातून कोणताही ऑनलाइन व्यवहार करा
4489,708998,D1,Banking,14.5,सध्या देशांतल्या थोड्याच बॅन्कांतल्यानी ए.टी.एम कार्डशिवाय पैशे काढू शकताव,सध्या देशांतल्या थोड्याच बँकांतल्यानी एटीएम कार्डशिवाय पैसे काढू शकतो.
4490,718387,D2,Banking,14.5,पर्यायी किंवा नॉन बँकिंग सेवांबद्दल अधिक माहिती मिळेल का ?,पर्यायी किंवा नॉन बँकिंग सेवांबद्दल अधिक माहिती मिळेल का?
4491,722036,D4,Banking,14.5,सैद्धांतिक जोखीम मुक्त दराचा अन्वयार्थ आयर्विंग फिशरच्या संकल्पनेशी सुसंगत आहे,सैद्धांतिक जोखीम मुक्त दराचा अन्वयार्थ आयर्विंग फिशरच्या संकल्पनेशी सुसंगत आहे
4492,708303,D1,Banking,14.5,डायरेक्ट डेबिट ही तुमी तुमच्या बँकेक नायतर बिल्डिंग सोसायटीक दिल्लली एक सूचना आसा,डायरेक्ट डेबिट तुमच्या बँकेत नाही बिल्डिंग सोसायटीची माहिती एक सूचना आहे
4493,715497,D2,Banking,14.5,गरीब व्यक्ति त्यांचं काम चालवण्यासाठी श्रीमंतांकडून कर्ज घेतात,गरीब व्यक्ती त्यांचे काम चालवण्यासाठी श्रीमंतांकडून कर्ज घेतात.
4494,722673,D4,Banking,14.5,ग्रामीण यंत्र सामग्री साठी पूर्ण अनुदानाची जागा भाडे खरेदी प्रणाली घेते,ग्रामीण यंत्र सामग्रीसाठी पूर्ण अनुदानाची जागा भाडे खरेदी प्रणाली घेते
4495,709820,D1,Banking,14.5,एकोणीसशे एक्याण्णव मध्ये भारतात प्रत्यक्षात विदेशी गुंतवणूकीची सुरूवात झाली,एकोणीसशे एक्याण्णव मध्ये भारतात प्रत्यक्षात विदेशी गुंतवणूकीची सुरुवात झाली
4496,717253,D2,Banking,14.5,तुम्ही तुमचे खाते आणि गोपनीयता सेटीन्ग्स व्यवस्थापित करण्यास शिका,तुम्ही तुमचे खाते आणि गोपनीयता सेटिंग्ज व्यवस्थापित करायला शिका
4497,721022,D4,Agriculture,14.5,फील्ड डे हा शब्द सैन्यातून उद्भवला आहे तो युधाभ्यासाचा संदर्भ देतो,फील्ड डे हा शब्द सैन्यातून उद्भवला आहे तो युधाभ्यासाचा संदर्भ देतो
4498,709353,D1,Banking,14.5,ए.एम.सी च्या वेबसाईटवर जाऊन म्युच्युअल फंडाच्या डायरेक्ट प्लॅनमध्ये ऑनलाईन गुंतवणूक करू शकताव,ए.एम.सी च्या वेबसाइटवर जाऊन म्युच्युअल फंडाच्या डायरेक्ट प्लॅनमध्ये ऑनलाईन गुंतवणूक करू शकतो.
4499,717230,D2,Banking,14.5,परताव्याचा सुधारित अंतर्गत दर म्हणजे तुमच्या गुंतवणुकीचे परतावा केलेले मूल्य आहे,परताव्याचा सुधारित अंतर्गत दर म्हणजे तुमच्या गुंतवणुकीचे परतावा केलेले मूल्य आहे
4500,719393,D4,Banking,14.5,तुम्हाला प्रत्येक कालावधीच्या सुरुवातीला अन्नुईटी भरावी लागेल,तुम्हाला प्रत्येक कालावधीच्या सुरुवातीला अन्नुईटी भरावी लागेल
4501,709815,D1,Agriculture,14.5,एक मान्सून पारंपारिक रूपात पावसाळ्यात ह्याच बदलांसोबत मोसमी उलटवणारी हवा हा,एक मान्सून पारंपारिक रूपात पावसाळ्यात ह्याच बदलांसोबत मोसमी उलटवणारी हवा आहे
4502,713780,D2,Agriculture,14.5,माध्यम अन्न एक ते आठ वरिषणा पोरासले पोषक खाद्य योजना शे,माध्यम अन्न एक ते आठ वर्षांचे पोषक खाद्य योजना
4503,720022,D4,Agriculture,14.5,कायमस्वरुपी शेतीतील संसाधने भविष्यासाठी हाताळली जातात,कायमस्वरुपी शेतीतील संसाधने भविष्यासाठी हाताळली जातात
4504,710496,D1,Agriculture,14.5,हिरवळीची पिका ही विशेषता बांधकामासाठी वापरतत,हिरवळीची पिके बांधकामासाठी वापरली जातात.
4505,713201,D2,Banking,14.5,कोणता भी वायर ट्रान्सफरनी कमतरतामा पेमेंट पेपैलना व्दारे करता येस,कोणताही वायर ट्रान्सफरची कमतरता पेमेंट पेपैलने करता येते का?
4506,718923,D4,Agriculture,14.5,फ्रँगीपानी हे एक सुगंधी फुलांचे झाड आहे ज्याला प्लुमेरिया असेही म्हणतात,फ्रँगीपानी हे एक सुगंधी फुलांचे झाड आहे ज्याला प्लुमेरिया असेही म्हणतात
4507,707277,D1,Banking,14.5,पंतप्रधान नरेंद्र मोदी यांच्या हस्तो प्रधानमंत्री जन धन योजना लोकार्पण करण्यात ईला,पंतप्रधान नरेंद्र मोदी यांच्या हस्ते प्रधानमंत्री जन धन योजना लोकार्पण करण्यात आले.
4508,716906,D2,Banking,14.5,हातात रोख रक्कम असलेल्या व्यक्ती आणि कुटुंबांसाठी खरेदी करणे खूप महाग आहे,हातात रोख रक्कम असलेल्या व्यक्ती आणि कुटुंबांसाठी खरेदी करणे खूप महाग आहे
4509,721252,D4,Banking,14.5,शेअर धारकांसाठी फर्मचे मूल्य वाढवण्यासाठी व्यवस्थापक ज्या कृती करतात,शेअर धारकांसाठी फर्मचे मूल्य वाढवण्यासाठी व्यवस्थापक ज्या कृती करतात
4510,710788,D1,Banking,14.5,पगाराक मानवी संसाधना मिळवुसाठी लागणारो खर्च म्हणून देखील बघीतला जावु शकता,पगारासाठी मानवी संसाधने मिळवण्यासाठी लागणारा खर्च म्हणून देखील तुम्ही पाहू शकता
4511,717205,D2,Banking,14.5,एन.पी एस योजनेत लोक त्यांच्या नोकरीच्या दरम्यान नियमित अंतराने खात्यात गुंतवणूक करतात,एन.पी.एस. योजनेत लोक त्यांच्या नोकरीच्या दरम्यान नियमित अंतराने खात्यात गुंतवणूक करतात.
4512,718880,D4,Banking,14.5,तुमचा बँक खाते तपशील वापरकर्ता आई.डी.आई.ऍफ़.सी कोड आणि शाखेच्या नावाने ऑनलाइन तपासा,तुमचे बँक खाते तपशील वापरकर्ता आय.डी.आय.ऍफ़.सी कोड आणि शाखेच्या नावाने ऑनलाइन तपासा
4513,708207,D1,Banking,14.5,एका नागरिकाक चांगली सेवा दिवच्यासाठी जवळच्या बँकेक वाचवणा गरजेचा आसा,"एका नागरिकासाठी चांगली सेवा मिळवण्यासाठी जवळच्या बँकेत पैसे वाचवण्याची गरज आहे, हा आसा आहे."
4514,715233,D2,Banking,14.5,स्टॉक ब्रोकर बनण्यासाठी ब्रोकिंग फर्म मध्ये दोन वर्षांचा अनुभव आवश्यक असतो,स्टॉक ब्रोकर बनण्यासाठी ब्रोकिंग फर्ममध्ये दोन वर्षांचा अनुभव आवश्यक असतो.
4515,721614,D4,Agriculture,14.5,"तीळ ही सेसमम वंशातील एक फुलांची वनस्पती आहे , ज्याला बेन्ने देखील म्हणतात","तीळ ही सेसमम वंशातील एक फुलांची वनस्पती आहे, ज्याला बेन्ने देखील म्हणतात."
4516,709942,D1,Agriculture,14.5,नीरजाक माहित हा की कल्टीपॅकरचो वापर जमीन समतल करण्यासाठी केलो जाता,नीरजाला माहित आहे की कल्टीपॅकरचा वापर जमीन समतल करण्यासाठी किती जातो.
4517,716761,D2,Agriculture,14.5,परागकण हा सहसा एखाद्या प्राण्याचा फुलावरील हालचालीचा अनपेक्षित परिणाम असतो,परागकण हा सहसा एखाद्या प्राण्याचा फुलावरील हालचालीचा अनपेक्षित परिणाम असतो
4518,721114,D4,Banking,14.5,"हे संसाधन फेडरल सरकार , राज्य सरकारे आणि इतर सरकारी संस्थांच्या कर्मचाऱ्यांसाठी उपलब्ध आहे","हे संसाधन फेडरल सरकार, राज्य सरकारे आणि इतर सरकारी संस्थांच्या कर्मचाऱ्यांसाठी उपलब्ध आहे."
4519,709795,D1,Agriculture,14.5,आपणांक आपल्या पिकाची राखण करण्यासाठी कीटकनाशकांचो प्रयोग करूंक व्हयो,तुम्ही आपल्या पिकाची राखण करण्यासाठी कीटकनाशकांचा प्रयोग केला आहे का?
4520,717349,D2,Agriculture,14.5,खरीप हंगामात सरकीचे बियाणे वापरल्यास सरकीची वाढ होईल का ?,खरीप हंगामात सरकीचे बियाणे वापरल्यास सरकीची वाढ होईल का?
4521,721819,D4,Agriculture,14.5,पेरमाकल्चर ही शेतीची एक पद्धत आहे ज्यामध्ये निसर्गाची व्यवस्था थेट स्वीकारली जाते,पेरमाकल्चर ही शेतीची एक पद्धत आहे ज्यामध्ये निसर्गाची व्यवस्था थेट स्वीकारली जाते
4522,706992,D1,Banking,14.5,टॅरिफ ह्यो इतर देशांतसून आयात केलेल्यो वस्तू आणि सेवांवर सरकारद्वारा लादलेलो कर असा,हे इतर देशांतून आयात केलेल्या वस्तू आणि सेवांवर सरकारद्वारे लादलेला कर आहे.
4523,716064,D2,Agriculture,14.5,राजू त्याच्या गांज्याच्या शेतीला कपडे बनवणाऱ्या फॅक्टरीला देऊन टाकणार आहे,राजू त्याच्या शेतीला कपडे बनवणाऱ्या फॅक्टरीला देणार आहे
4524,719819,D4,Agriculture,14.5,सॅल्मन फार्म्स प्राचीन किनारपट्टीच्या इकोसिस्टममध्ये बसले आहेत जे ते प्रदूषित करतात,सॅल्मन फार्म्स प्राचीन किनारपट्टीच्या इकोसिस्टममध्ये बसले आहेत जे ते प्रदूषित करतात
4525,709880,D1,Agriculture,14.5,घट्ट झालंला पाणी साधारण विज्ञानाच्या शोधासाठी तयार केला जाता,घट्ट झालेला पाणी साधारण विज्ञानाच्या शोधासाठी तयार केले जाते
4526,713193,D2,Banking,14.5,महसूल हायी येक टाईममा कोनतीभी कंपनीकडतीन वस्तू आनी सेवासनी विक्री मूल्य शे,महसूल आहे एका वेळी कोणत्या कंपनीकडे वस्तू आणि सेवांची विक्री किंमत काय?
4527,721575,D4,Agriculture,14.5,स्टोरेज म्हणजे काढणीनंतरच्या प्रणालीचा टप्पा ज्या दरम्यान उत्पादने ठेवली जातात,स्टोरेज म्हणजे काढणीनंतरच्या प्रणालीचा टप्पा ज्या दरम्यान उत्पादने ठेवली जातात.
4528,708039,D1,Agriculture,14.5,शहरांत घरातली रोपा जास्तकरून सजावटीच्या उद्देशानं लावली जातत,शहरात घरातली रोपे जास्त करून सजावटीच्या उद्देशाने लावली जात आहेत
4529,714454,D2,Agriculture,14.5,राहीबाई फोफरे माउलीले बीजमाता पुरस्कार काबरं भेटना ?,राहीबाई फोफरे माउलीला बीजमाता पुरस्कार कासाठी भेटले?
4530,721676,D4,Banking,14.5,चेक आणि मनी ऑर्डर सारख्या पारंपारिक पेपर पद्धतींना इलेक्ट्रॉनिक पर्याय म्हणून काम करते,चेक आणि मनी ऑर्डर सारख्या पारंपारिक कागदी पद्धती इलेक्ट्रॉनिक पर्याय म्हणून कार्य करतात
4531,707000,D1,Banking,14.5,वाजवी व्यापार ह्या वाढत्या देशांत उत्पादकांका मदत करुक तयार केलेला व्यवस्था असा,वाजवी व्यापार हे वाढत्या देशांत उत्पादकांच्या मदतीने तयार केलेले व्यवस्था आहे.
4532,718306,D2,Banking,14.5,मासिक कर्जाच्या उपलब्धतेसाठी काही सुविधा आहे का ?,मासिक कर्जाच्या उपलब्धतेसाठी काही सुविधा आहेत का?
4533,721141,D4,Banking,14.5,आर्थिक कारकीर्द अत्यंत फायद्याची असू शकते परंतु हे एक कुख्यात स्पर्धात्मक क्षेत्र आहे,आर्थिक कारकीर्द अत्यंत फायद्याची असू शकते परंतु हे एक कुख्यात स्पर्धात्मक क्षेत्र आहे
4534,710792,D1,Agriculture,14.5,परंपरागत कृषी विकास योजने अंतर्गत सेंद्रिय शेतीक प्रोत्साहन दिला हा,परंपरागत कृषी विकास योजनेअंतर्गत सेंद्रिय शेतीला प्रोत्साहन दिले आहे.
4535,714676,D2,Banking,14.5,गावमझारली सुनंदानी टेलरींगना उद्योगनी करता भुविकास बँकनं कर्ज काढं,गावमझारली सुनंदानी टेलरींगचा उद्योग करण्यासाठी भुविकास बँकेकडून कर्ज काढले.
4536,719903,D4,Banking,14.5,एम.आय.आर.आर प्रकल्पाच्या नफ्याचा अंदाज लावण्यासाठी एक अतिशय लोकप्रिय मेट्रिक आहे,एम.आय.आर.आर प्रकल्पाच्या नफ्याचा अंदाज लावण्यासाठी एक अतिशय लोकप्रिय मेट्रिक आहे
4537,709376,D1,Banking,14.5,कठीण राशनाची समस्या भोगणार्यो कंपन्यो भांडवली बाजारातना धन जोडू शकना नाय,कठीण राशनाची समस्या भोगली तर भांडवली बाजारात धन जोडता आले नाही
4538,717760,D2,Agriculture,14.5,ई कॉमर्सच्या माध्यमातून पैसे मिळण्याची पक्की खात्री असते का ?,ई कॉमर्सच्या माध्यमातून पैसे मिळण्याची पक्की खात्री असते का?
4539,722582,D4,Agriculture,14.433,"भारत ही सणांची भूमी आहे , उत्सव आणि मनोरंजक पौराणिक कथा असलेले रंगीबेरंगी राष्ट्र आहे","भारत ही सणांची भूमी आहे, उत्सव आणि मनोरंजक पौराणिक कथा असलेले रंगीबेरंगी राष्ट्र आहे."
4540,706935,D1,Banking,14.5,फोन पे एक मोबाइल पेमेंट प्लॅटफॉर्म असा ज्याचो वापर करून तुम्ही पैसो ट्रान्सफर करू शकता,फोन पे एक मोबाइल पेमेंट प्लॅटफॉर्म आहे ज्याचा वापर करून तुम्ही पैसे ट्रान्सफर करू शकता
4541,718657,D2,Banking,14.5,माझे निधी हस्तांतरण परत माझ्या खात्यात आले आहे,माझे निधी हस्तांतरण परत माझ्या खात्यात आले आहे
4542,722499,D4,Agriculture,14.433,"राम नाथ त्यांच्या शेतात ठिबक सिंचन करतात , त्यांनी सर्व शेतात पाईपचे जाळे टाकले आहे","राम नाथ त्यांच्या शेतात ठिबक सिंचन करतात, त्यांनी सर्व शेतात पाईपचे जाळे टाकले आहे."
4543,710244,D1,Banking,14.5,जा सामान आपल्या देशात गावणा नाय त्याका आपण दुसऱ्या देशातना आयात करतव,आपण आपल्या देशात सामान आणत नाही तर आपण दुसऱ्या देशांतून आयात करत आहोत
4544,718656,D2,Banking,14.5,माझ्या खात्याची शिल्लक मोबाइल ॲपवर अपडेट झालेली नाही,माझ्या खात्याची शिल्लक मोबाइल ॲपवर अपडेट झालेली नाही
4545,722535,D4,Banking,14.433,"स्थावर मालमत्ता ही एक स्थिर मालमत्ता आहे , जी आपण कधीही कुठेही घेऊ शकत नाही","स्थावर मालमत्ता ही एक स्थिर मालमत्ता आहे, जी आपण कधीही कुठेही घेऊ शकत नाही."
4546,708272,D1,Agriculture,14.5,"खेकडे , कोळंबी आणि लॉबस्टर हे सगळे क्रस्टेशिअन नावाच्या अपृष्ठवंशी गटाशी संबंधित आसत","खेकडे, कोळंबी आणि लॉबस्टर हे सर्व क्रस्टेशियन नावाच्या अपृष्ठवंशी गटाशी संबंधित आहेत."
4547,714767,D2,Banking,14.5,"मन्ही पोरले परदेसमा शिकाले जानं शे , त्यासाठे भारतमा कोणती बँक कर्ज दी ?","अनेक मुलांना शिक्षण मिळाले, त्याबद्दल भारतामध्ये कोणती बँक कर्ज देते?"
4548,721728,D4,Banking,14.429,"पैशाचे मूल्य हे उत्पादन , सेवा वितरण , संचालक मंडळ निवडणे यासाठी वापरले जाते","पैशाचे मूल्य हे उत्पादन, सेवा वितरण आणि संचालक मंडळ निवडण्यासाठी वापरले जाते."
4549,707687,D1,Agriculture,14.5,नदीच्या प्रवाहामध्ये वाळू आणि छोटे सूक्ष्मजीव असतत,नदीच्या प्रवाहामध्ये वाळू आणि छोटे सूक्ष्मजीव असतात
4550,712927,D2,Banking,14.5,युटुबवर गनच लोकेस्नी डिजीटल आर्थिक सेवाना बारामा माहिती देल शे,यूट्यूबवर अनेक लोकांना डिजिटल आर्थिक सेवांची माहिती दिली आहे.
4551,722039,D4,Banking,14.423,"मनी मार्केट फंड , बाँड्स किंवा फिक्स्ड इन्कम फंड ही त्याची तत्त्वे आहेत","मनी मार्केट फंड, बाँड्स किंवा फिक्स्ड इन्कम फंड ही त्याची तत्त्वे आहेत"
4552,708241,D1,Agriculture,14.5,काश्मिरी लोकरीमदी सगळ्यात जास्त चांगली लोकर लडाख मधून तयार जाता,काश्मिरी लोकरीमदी सगळ्यात जास्त चांगली लोक लडाखमधून तयार होतात
4553,713812,D2,Banking,14.5,उद्योगमा नाविन उद्योजकांनी भेटेल यश नवकल्पनासना अवलंब करीसन हाऊ कॉपीकॅट उद्योजक शे,"उद्योगामध्ये नवीन उद्योजकांनी नवकल्पनांवर अवलंबून राहून यश मिळवतील, हा कॉपीकॅट उद्योजकांचा विषय आहे."
4554,720229,D4,Agriculture,14.423,"बाजरीच्या सर्वात महत्वाच्या जाती म्हणजे मोती , फिंगर , प्रोसो आणि फॉक्सटेल बाजरी","बाजरीच्या सर्वात महत्त्वाच्या जाती म्हणजे मोती, फिंगर, प्रोसो आणि फॉक्सटेल बाजरी"
4555,707928,D1,Agriculture,14.5,मेंढरा ही ग्रामीण अर्थ व्यवस्था आणि सामाजिक रचनेशी संबंधित आसतत,मेंढरा ही ग्रामीण अर्थ व्यवस्था आणि सामाजिक रचनेशी संबंधित आहे
4556,715573,D2,Banking,14.5,जर तुम्हाला तात्काळ प्रतिभूती निपटारा करायचा असेल तर हजर बाजारामध्ये जाऊ शकता,जर तुम्हाला तात्काळ प्रतिभूती निपटारा करायचा असेल तर हजर बाजारामध्ये जाऊ शकता
4557,720791,D4,Agriculture,14.423,मोठ्या झाडे आणि झाडांमध्ये कोंब तयार झाल्यानंतर नवीन संकरित वाण तयार केले जातात,मोठ्या झाडांमध्ये कोंब तयार झाल्यानंतर नवीन संकरित लाक तयार केले जाते.
4558,710360,D1,Agriculture,14.5,"भारत एक कृषि प्रधान देश हा , हय जास्तीकरून लोका शेतीच्या व्यवसायात हत","भारत एक कृषीप्रधान देश आहे, जास्तीत जास्त लोक शेतीच्या व्यवसायात आहेत."
4559,714818,D2,Agriculture,14.5,"अरिकानटच्या झाडापासून सुपारी मिळते , तिला भारतात धार्मिक महत्त्व आहे","अरिकानटच्या झाडापासून सुपारी मिळते, तिला भारतात धार्मिक महत्त्व आहे."
4560,720158,D4,Agriculture,14.423,द्रव खत किंवा स्लरी स्पायडर हे खत घालण्यासाठी वापरले जाणारे कृषी साधन आहे,द्रव खत किंवा स्लरी स्पायडर हे खत घालण्यासाठी वापरले जाणारे कृषी साधन आहे
4561,707570,D1,Banking,14.5,डिजिटल चालनाच्या प्रकारांमध्ये क्रिप्टोकरन्सी ह्या एक आभासी चलन आसा,डिजिटल चालनाच्या प्रकारांमध्ये क्रिप्टोकरन्सी एक आभासी चलन आहे
4562,713266,D2,Banking,14.5,राजू तू तुना उत्पन्नना करता चालू खातानी माहिती आफिसमा दी दे,राजू तू तुझे उत्पन्न आणि चालू खात्याची माहिती ऑफिसमध्ये दे
4563,720989,D4,Agriculture,14.417,मंत्री सध्या श्री गिरिराज सिंग आहेत आणि सचिव सुब्रहमान्याम विजय कुमार आहेत,मंत्री सध्या श्री गिरिराज सिंग आहेत आणि सचिव सुब्रहमान्याम विजय कुमार आहेत
4564,710671,D1,Banking,14.5,गुंतवणूक समुहात रिफ्लेशन व्यापार एक सामान्य चर्चा रवली असा,गुंतवणूक समुहात रिफ्लेशन व्यापार एक सामान्य चर्चा आहे
4565,715230,D2,Agriculture,14.5,सोळाव्या आणि विसाव्या शतकात कताईच्या मशीनचा मोठ्या प्रमाणावर वापर करण्यात आला होता,सोळाव्या आणि विसाव्या शतकात कताईच्या मशीनचा मोठ्या प्रमाणावर वापर करण्यात आला होता
4566,721883,D4,Banking,14.417,एकोणीसशे नव्वदच्या दशकापर्यंत मनी ऑर्डर हे मनी एक्सचेंजचे एक चांगले माध्यम होते,एकोणीसशे नव्वदच्या दशकापर्यंत मनी ऑर्डर हे मनी एक्सचेंजचे एक चांगले माध्यम होते
4567,709737,D1,Agriculture,14.5,"अख्खी मधाची पोळी खाण्याजोगी , चविष्ट आणि पौष्टिक असान बाजारात चढ्या दराने विकू शकतव","अख्खी मधाची पोळी खाण्याजोगी, चविष्ट आणि पौष्टिक आहे, आम्ही बाजारात चढ्या दराने विकू शकतो."
4568,712661,D2,Banking,14.5,गरीब शेतकरी रामकुमारले कृष्णनी सुक्ष्म कर्जना बारामा सांगं,गरीब शेतकरी रामकुमारने कृष्णनीला सूक्ष्म मागणी बारा सांगली.
4569,720775,D4,Agriculture,14.417,शेळी हा पाळीव प्राणी आहे ज्याचा वापर मानव अनेक शतकांपासून करत आहे,शेळी हा पाळीव प्राणी आहे ज्याचा वापर मानव अनेक शतकांपासून करत आहे
4570,707810,D1,Banking,14.5,बाँड मार्केट साधारणपणे इक्विटी मार्केटपेक्षा कमी अस्थिर असता,बाँड मार्केट साधारणपणे इक्विटी मार्केटपेक्षा कमी अस्थिर असते.
4571,716450,D2,Agriculture,14.5,हवामानाचा अचूक अंदाज घेऊन शेतकाऱ्यांना चांगले उत्पादन मिळते,हवामानाचा अचूक अंदाज घेऊन शेतकाऱ्यांना चांगले उत्पादन मिळते
4572,722373,D4,Agriculture,14.417,काढणीनंतर पीक तयार होते मात्र एका ट्रकने संपूर्ण पीक धुळीने उद्ध्वस्त केले,काढणीनंतर पीक तयार होते मात्र एका ट्रकने संपूर्ण पीक धुळीने उद्ध्वस्त केले
4573,710991,D1,Agriculture,14.5,लाकडाचो व्यापार जवळपास त्रेपन्न बिलियन अमेरिकी डॉलर वार्षिक पेरोल दाखवता,लाकडाचा व्यापार जवळपास त्रेपन्न बिलियन अमेरिकन डॉलर वार्षिक पेरोल दाखवतो.
4574,714827,D2,Banking,14.5,आंतरराष्ट्रीय कंपन्या दूसऱ्या देशात सामान पाठवून फायदा कमावतात,आंतरराष्ट्रीय कंपन्या दुसऱ्या देशात सामान पाठवून फायदा कमावतात
4575,718970,D4,Banking,14.417,वस्तू किंवा वस्तूंना आपल्या गरजेच्या वस्तू म्हणतात ज्या आपण स्वतःसाठी खरेदी करतो,वस्तू किंवा वस्तूंना आपल्या गरजेच्या वस्तू म्हणतात ज्या आपण स्वतःसाठी खरेदी करतो
4576,710120,D1,Agriculture,14.5,"ही एक नवीन संकल्पना असा , जी जलचक्रात नैसर्गिक रित्या शुद्ध केली जाता",ही एक नवीन संकल्पना आहे जी जलचक्रात नैसर्गिक पद्धतीने शुद्ध केली जाते
4577,717353,D2,Agriculture,14.5,कोलम तांदळातील जास्त उत्पादन देणारे प्रकार सांगा,कोलम तांदळातील जास्त उत्पादन देणारे प्रकार सांगा
4578,722135,D4,Banking,14.417,फॉर्ममध्ये किती पैसे पाठवायचे ते लिहा आणि पाठवणारा खाते क्रमांक देखील लिहा,फॉर्ममध्ये किती पैसे पाठवायचे ते लिहा आणि पाठवणारा खाते क्रमांक देखील लिहा
4579,706542,D1,Banking,14.5,सार्वजनिक वित्त ही अर्थशास्त्राच्या जुन्या शाखांपैकी येक असा,सार्वजनिक वित्त ही अर्थशास्त्राच्या जुन्या शाखांपैकी एक आहे
4580,716890,D2,Agriculture,14.5,जीरे हे पूर्व भूमध्य समुद्रापासून भारतापर्यंतच्या प्रदेशात मूळ आहे,जीरे हे पूर्व भूमध्य समुद्रापासून भारतापर्यंतच्या प्रदेशात मूळ आहे
4581,722684,D4,Banking,14.417,युनिफाइड पेमेंट्स इंटरफेस खाते क्रमांक हा मुळात बारा अंकी संदर्भ क्रमांक असतो,युनिफाइड पेमेंट्स इंटरफेस खाते क्रमांक हा मुळात बारा अंकी संदर्भ क्रमांक असतो
4582,708840,D1,Agriculture,14.5,एरोपोनिक्स सब्सट्रेटच्या हवेत मातीच्या वापराशिवाय शेती करुची पद्धत हा,एरोपोनिक्स सब्सट्रेटच्या हवेत मातीचा वापर न करता शेती करण्याची पद्धत ही आहे.
4583,714198,D2,Agriculture,14.5,धान्यनी गाडी म्हंजी फकस्त येक चार चाकी मालगाडी रहास,धान्य गाडी म्हणजे एक चार चाकी मालगाडी आहेस.
4584,721882,D4,Banking,14.409,कर संकलनासाठी वस्तू आणि सेवा पाच वेगवेगळ्या कर स्लॅबमध्ये विभागल्या आहेत,कर संकलनासाठी वस्तू आणि सेवा पाच वेगवेगळ्या कर स्लॅबमध्ये विभागल्या आहेत
4585,712310,D1,Banking,14.5,डेबिट आणि क्रेडिट कार्डचो अर्ज करुच्यासाठी काय कागदपत्र लागतत ?,डेबिट आणि क्रेडिट कार्डचे अर्ज करण्यासाठी काय कागदपत्र लागते?
4586,717880,D2,Agriculture,14.5,ठिबक सिंचन आणि मोटरीने जमिनीत सोडलेल्या पाण्यामुळे काय फायदा किंवा तोटा होईल ?,ठिबक सिंचन आणि मोटरीने जमिनीत सोडलेल्या पाण्यामुळे काय फायदा किंवा तोटा होईल?
4587,722046,D4,Banking,14.409,"डब्ल्यू.डब्ल्यू.टी.ओ च्या काळात अमेरिकेने संरक्षण रोखे , युद्ध रोखे जारी केले",डब्ल्यू.डब्ल्यू.टी.ओ च्या काळात अमेरिकेने संरक्षण शस्त्रे आणि युद्ध शस्त्रे जारी केली.
4588,710092,D1,Banking,14.5,शेतकरी दुर्घटना विमा म्हणून तीनशे पंचाहत्तर करोड रूपयांची व्यवस्था केली गेली हा,शेतकरी दुर्घटना विमा म्हणून तीनशे पंचाहत्तर कोटी रुपयांची व्यवस्था केली गेली.
4589,713713,D2,Agriculture,14.5,तांदूळना कोंडान तेल जास्त तापमानमाभी खराब होत नही,तांदळाचे तेल जास्त तापमानामुळे खराब होत नाही
4590,721700,D4,Banking,14.409,म्युनिसिपल बाँड हा राज्य किंवा स्थानिक सरकारांनी जारी केलेला बाँड आहे,म्युनिसिपल बाँड हा राज्य किंवा स्थानिक सरकारांनी जारी केलेला बाँड आहे
4591,711269,D1,Agriculture,14.5,शेतकऱ्यांसाठी योजना किंवा आर्थिक मदत इल्यास शेतकऱ्यांका ता कसा कळतला ?,शेतकऱ्यांसाठी योजना किंवा आर्थिक मदत शेतकऱ्यांना कशी कळवली जाते?
4592,713603,D2,Banking,14.5,वर्ल्ड ट्रेड ऑर्गनाईजेशन हाई आंतर राष्ट्रीय व्यापार करामा मदत करस,वर्ल्ड ट्रेड ऑर्गनाईजेशनची आंतरराष्ट्रीय व्यापारामध्ये मदत करा
4593,722649,D4,Banking,14.409,कर्ज घेणे आणि इक्विटीमध्ये परतफेड करण्यासाठी पैसे उधार घेणे समाविष्ट आहे,कर्ज घेणे आणि इक्विटीमध्ये परतफेड करण्यासाठी पैसे उधार घेणे समाविष्ट आहे
4594,712127,D1,Banking,14.5,निधी पाठवुक किती पैशे माझ्या खात्यात असुक व्हाये ?,निधी पाठवल्यास माझ्या खात्यात किती पैसे येतील?
4595,715757,D2,Agriculture,14.5,पिकांना उगवण्यासाठी वापर केल्या गेलेल्या जमिनीला शेती म्हणतात,ज्या जमिनीचा उपयोग पिके उगवण्यासाठी केली जाते तिला शेती म्हणतात
4596,722156,D4,Banking,14.4,मी अभ्यास करून आणि काम करून माझे विद्यार्थ्यांचे कर्ज फेडेन,मी अभ्यास करून आणि काम करून माझे विद्यार्थ्यांचे कर्ज फेडले
4597,712515,D1,Agriculture,14.5,शेतीमध्ये रसायनांचा वापर करुच्या परिस सेंद्रिय शेतीक प्राधान्य दिलो जाता,शेतीमध्ये रसायनांचा वापर करण्याऐवजी सेंद्रिय शेतीला प्राधान्य दिले जाते
4598,715447,D2,Banking,14.5,"कुपन एक तिकीट किंवा दस्तऐवज आहे , याच्यामुळे उत्पादन खरेदीच्या वेळी आर्थिक सूट मिळू शकते","कुपन एक तिकीट किंवा दस्तऐवज आहे, याच्यामुळे उत्पादन खरेदीच्या वेळी आर्थिक सूट मिळू शकते."
4599,719151,D4,Agriculture,14.4,भोपळ्यामध्ये प्रामुख्याने बीटा आणि कॅरोटीन असते ज्यामध्ये व्हिटॅमिन ए असते,भोपळ्यामध्ये प्रामुख्याने बीटा आणि कॅरोटीन असते ज्यामध्ये व्हिटॅमिन ए असते
4600,712516,D1,Agriculture,14.5,रब्बी हंगाम ऑक्टोबर पासून ते फेब्रुवारी पर्यंत आसात,रब्बी हंगाम ऑक्टोबरपासून ते फेब्रुवारीपर्यंत असते
4601,716613,D2,Banking,14.5,तुला ठाऊक आहे का सामान्य शेअरच्या किमतींमध्ये किती चढ उतार होतात,तुम्हाला सामान्य शेअरच्या किमतींमध्ये किती चढउतार होतात हे माहीत आहे का?
4602,719180,D4,Agriculture,14.4,"तंबाखूची लागवड श्रमप्रधान आहे , त्यासाठी मोठ्या श्रमशक्तीची आवश्यकता आहे","तंबाखूची लागवड श्रमप्रधान आहे, त्यासाठी मोठ्या श्रमशक्तीची आवश्यकता आहे."
4603,710322,D1,Agriculture,14.5,प्रधानमंत्री शेती विमा योजनेक मागच्या काहि योजनांका मिळान बनवला हा,प्रधानमंत्री शेती विमा योजनेचे मागच्या योजनांशी मिळान केले आहे.
4604,715252,D2,Banking,14.5,ॲप्सोल्यूट रिटर्न मध्ये जास्त काही म्हटलं जात नाही,ॲप्सोल्यूट रिटर्नमध्ये जास्त काही सांगितले जात नाही
4605,722401,D4,Agriculture,14.389,"ज्यूट हा एक लांब , मऊ , चमकदार बास्ट फायबर आहे जो जाड , मजबूत धाग्यांमध्ये कातता येतो","ज्यूट हा एक लांब, मऊ, चमकदार बास्ट फायबर आहे जो जाड, मजबूत धाग्यांमध्ये कातता येतो"
4606,707873,D1,Banking,14.5,माका बँक तपशील कळूसाठी माझ्या खात्याचा सारांश बघूचो लागतलो,मला बँक तपशील कळण्यासाठी माझ्या खात्याचा सारांश पाहणे लागले.
4607,716137,D2,Banking,14.5,विविध व्यावसायिक बँका त्यांचे पैसे रिझर्व बँकेच्या खजिन्या मध्ये जमा करतात,विविध व्यावसायिक बँका त्यांचे पैसे रिझर्व बँकेच्या खजिन्यात जमा करतात.
4608,720129,D4,Agriculture,14.389,भारतीय हवामान खात्याकडून वेळोवेळी हवामान अलर्ट जारी केले जातात,भारतीय हवामान खात्याकडून वेळोवेळी हवामान अलर्ट जारी केले जातात
4609,706615,D1,Banking,14.5,कार खरेदी करण्याकरता पैसो उधार घेण्याच्या दोन प्राथमिक पद्धती असत प्रत्यक्ष आणि अप्रत्यक्ष,कार खरेदी करण्यासाठी पैसो उधार घेण्याच्या दोन प्राथमिक पद्धती अस्तित्वात आहेत: प्रत्यक्ष आणि अप्रत्यक्ष
4610,714088,D2,Banking,14.5,एस.बी.आय येकच मोठी सार्वजनिक क्षेत्रनी बँके शे जी आपली परीक्षा आयोजित करस,एस.बी.आय ही एक मोठी सार्वजनिक क्षेत्रातील बँक जी आपली परीक्षा आयोजित करते
4611,720135,D4,Agriculture,14.389,शेती उत्पादनांची विक्री करण्यासाठी योग्य किंमत मिळवणे योग्य आहे,शेती उत्पादनांची विक्री करण्यासाठी योग्य किंमत मिळवणे योग्य आहे
4612,711562,D1,Agriculture,14.5,व्यावसायिक शेती सगळ्यात जास्त खय केली जाता ?,व्यावसायिक शेतीला सगळ्यात जास्त नुकसान होते का?
4613,715064,D2,Banking,14.5,बँकेद्वारा दिल्या गेलेल्या कस्टमर केयर नंबरवर फोन करुन रमेशने कर्जाची उरलेली रक्कम बघितली,बँकेद्वारे दिलेल्या कस्टमर केअर नंबरवर फोन करून रमेशने कर्जाची उरलेली रक्कम पाहिली.
4614,722597,D4,Agriculture,14.367,"बायोचार , गुरांसाठी कोंडा , संरक्षित चारा , गवत आणि सायलेज हे चाऱ्याचे प्रकार आहेत","बायोचार, गुरांसाठी कोंडा, संरक्षित चारा, गवत आणि सायलेज हे चाऱ्याचे प्रकार आहेत."
4615,712367,D1,Banking,14.5,जानेवारी ते मार्चमध्ये माझ्या खात्यामधना किती पैसे काढलय ?,जानेवारी ते मार्चमध्ये माझ्या खात्यात किती पैसे काढले?
4616,716151,D2,Banking,14.5,"व्याज दर रचना , जी सर्वसामान्यपणे उत्पन्न वक्र च्या रुपामध्ये ओळखली जाते",व्याज दर रचना जी सर्वसामान्यपणे उत्पन्न वक्रच्या रूपात ओळखली जाते
4617,718870,D4,Agriculture,14.367,"कॉफीचे तीन मुख्य प्रकार उगवले जातात , पहिली अरेबिका , दुसरी रोबस्टा , तिसरी एस्प्रेसो","कॉफीचे तीन मुख्य प्रकार उगवले जातात, पहिली अरेबिका, दुसरी रोबस्टा, तिसरी एस्प्रेसो"
4618,710114,D1,Banking,14.5,सोन्या चांदी सारख्या वस्तूंपासून पाठिंबो नाय हा,मी सोन्या-चांदीसारख्या वस्तूंवर अवलंबून नाही.
4619,715710,D2,Agriculture,14.5,नवीन कायदा शेतकऱ्यांना प्रोसेसर घाऊक विक्रेत्त्यांनच्या शोषणाशिवाय सशक्त बनवेल,नवीन कायदा शेतकऱ्यांना प्रोसेसर घाऊक विक्रेत्यांच्या शोषणाशिवाय सशक्त बनवेल
4620,723473,D4,Agriculture,14.357,मले ओ.बी.सी वर्गातून टॅक्टर खरेदी कराचा हाये त कोनच्या योजनेतून मले टॅक्टर मिळन ?,मला ओबीसी वर्गातून टॅक्टर खरेदी करायचा आहे तर कोणत्या योजनेतून मला टॅक्टर मिळेल?
4621,706908,D1,Banking,14.5,ग्राहक पॅकेज केलेल्यो वस्तूंच्यो उत्पादकांद्वारा कूपन जारी केला जाता,ग्राहकांनी पॅकेज केलेल्या वस्तूंचे उत्पादकांद्वारे कूपन जारी केला जातो.
4622,718610,D2,Banking,14.5,एन.बी.एफ.सी वापरणाऱ्या व्यक्ती किंवा व्यवसायांसाठी कर्ज मिळविण्याची पद्धत काय आहे ?,एन.बी.एफ.सी वापरणाऱ्या व्यक्ती किंवा व्यवसायांसाठी कर्ज मिळवण्याची पद्धत काय आहे?
4623,722732,D4,Banking,14.346,बँक खाते हे बँक किंवा इतर वित्तीय संस्थेद्वारे राखले जाणारे आर्थिक खाते आहे,बँक खाते हे बँक किंवा इतर वित्तीय संस्थांद्वारे राखले जाणारे आर्थिक खाते आहे
4624,707391,D1,Banking,14.5,"एस.बी.आई योनो लाइट ह्या मोबाईल बँकिंग ऍप वापरून , तुम्ही लाभार्थीला हटवू शकतास",एस.बी.आई योनो लाइट या मोबाईल बँकिंग ॲप वापरून तुम्ही लाभार्थीला हटवू शकता.
4625,718661,D2,Banking,14.5,वयाच्या साठाव्या वर्षी माझ्या काकांना कर्ज मिळू शकतो का ?,माझ्या काकांना वयाच्या साठ्याव्या वर्षी कर्ज मिळू शकते का?
4626,719479,D4,Agriculture,14.346,"मेंढीचे लोकर , बकरीचे केस , घोड्याचे केस इत्यादि प्राण्यांच्या फाइबर उदाहरणे आहेत","मेंढीचे लोकर, बकरीचे केस, घोड्याचे केस इत्यादी प्राण्यांच्या फायबर उदाहरणे आहेत."
4627,706814,D1,Banking,14.5,हेज फंड ह्या एक एकत्रित गुंतवणूक निधी असा ज्या तुलनेना तरल मालमत्तेत व्यापार करता,हेज फंड एक एकत्रित गुंतवणूक निधी आहे जो तुलनेने तरल मालमत्तेत व्यापार करतो
4628,716194,D2,Agriculture,14.5,शेतीचे अवजार खरेदी करण्याचा सल्ला भारताच्या कृषी संसाधनाद्वारे दिला जातो,शेतीचे अवजारे खरेदी करण्याचा सल्ला भारताच्या कृषी संसाधनाद्वारे दिला जातो
4629,719140,D4,Agriculture,14.333,"लाकडापासून अनेक वस्तू बनवल्या जातात , टेबल खुर्सी इतर गोष्टीं बनवल्या जातात","लाकडापासून अनेक वस्तू बनवल्या जातात, टेबल खुर्सी इतर गोष्टी बनवल्या जातात."
4630,709551,D1,Agriculture,14.5,भारत आणि जगभरातील तंबाखू उत्पादन ह्यो आपल्या आरोग्यासाठी काळजीचो विषय असा,भारत आणि जगभरातील तंबाखू उत्पादन आपल्या आरोग्यासाठी काळजीचा विषय आहे
4631,716070,D2,Agriculture,14.5,राज्य सरकार एकात्मिक शेती कार्यक्रम चालविण्याकरिता शेतकऱ्यांना आर्थिक मदत प्रदान करत असते,राज्य सरकार एकात्मिक शेती कार्यक्रम चालविण्याकरिता शेतकऱ्यांना आर्थिक मदत प्रदान करत असते
4632,720730,D4,Banking,14.318,ब्लॉक कार्ड नावाचा एस.एम.एस हेल्पलाइन क्रमांकावर पाठवून कार्ड ब्लॉक करण्यात आले,ब्लॉक कार्ड नावाच्या एसएमएस हेल्पलाइन क्रमांकावर पाठवून कार्ड ब्लॉक करण्यात आले
4633,711743,D1,Agriculture,14.5,पुराच्यायेळी शेतीत झालेल्या नुकसनाबद्दल शेतकऱ्यांका मदत मिळता काय ?,पुराच्या शेतीत झालेल्या नुकसानीबद्दल शेतकऱ्यांना मदत मिळते का?
4634,715765,D2,Agriculture,14.5,"पुदिन्याचा वापर चटणी बनवण्यासाठी आणि भाजी , ज्यूस बनवतांना केला जातो","पुदिन्याचा वापर चटणी बनवण्यासाठी आणि भाजी, ज्यूस बनवतांना केला जातो"
4635,718906,D4,Banking,14.3,कर माफी म्हणजे कर भरणाऱ्यांना कर जमा करण्यासाठी दिलेला कालावधी,कर माफी म्हणजे कर भरणाऱ्यांना कर जमा करण्यासाठी दिलेला कालावधी
4636,707765,D1,Agriculture,14.5,येगयेगळ्या शेतकी प्रणालींमध्ये पाळीव प्राणी म्हणजेच आपला पशुधन येक महत्वाचो भाग आसा,अनेक शेती प्रणालींमध्ये पाळीव प्राणी म्हणजेच आपले पशुधन एक महत्त्वाचा भाग आहे
4637,717006,D2,Agriculture,14.5,शेतात मित्रकीडी वाढवल्यास माणसाला अनेक फायदे होतात,शेतात मित्रकीडी वाढवल्यास माणसाला अनेक फायदे होतात.
4638,719148,D4,Agriculture,14.269,"किचन गार्डनिंग , हर्ब गार्डनिंग आणि वॉटर गार्डनिंग हे काही प्रकारचे गार्डनिंग आहेत","किचन गार्डनिंग, हर्ब गार्डनिंग आणि वॉटर गार्डनिंग हे काही प्रकारचे बागकाम आहेत."
4639,707517,D1,Banking,14.5,जगात देशाचा स्थान मजबूत करण्यासाठी सांस्कृतिक उद्योजकतेचो वाटो आसा,जगात देशाचे स्थान मजबूत करण्यासाठी सांस्कृतिक उद्योजकतेची आवश्यकता आहे.
4640,714789,D2,Banking,14.5,जास्तीनी सोयनी करता आते गावगाव ए.टी.एम मशिने बठाडी रायनात,जास्तीत जास्त सोयसाठी या गावगाव येथील ए.टी.एम मशीन बठाडी रायनात आहे.
4641,722774,D4,Agriculture,14.233,"नेसकॅफे कॉफीसाठी सत्यापित विक्रेते मिळवा , पॅक आकार एक किलो , पॅकेजिंग आकार एक किलो","नेस्कॅफे कॉफीसाठी सत्यापित विक्रेते मिळवा, पॅक आकार एक किलो, पॅकेजिंग आकार एक किलो"
4642,710246,D1,Banking,14.5,जेव्हा कधी तुका मोठी रक्कम गावतली त्यावेळेक त्या रकमेवर कॅपिटल गेन टॅक्स देवचो लागतलो,जेव्हा कधी तू मोठी रक्कम घेतली त्यावेळेस त्या रकमेवर कॅपिटल गेन टॅक्स द्यावा लागला.
4643,713859,D2,Agriculture,14.5,आरोग्य कार्डना माध्यमथीन भारतना शेतकरीसले मदत करी राहिनात,आरोग्य कार्डाच्या माध्यमातून भारताला शेतकऱ्यांना मदत केली जाते.
4644,722920,D4,Agriculture,14.0,मुंगाच्या चांगल्या वाढीसाठी अस उत्पन्नासाठी का कराच पायजे ?,मुंगाच्या चांगल्या वाढीसाठी आणि उत्पन्नासाठी का करावे?
4645,709319,D1,Agriculture,14.5,अंगोरा बकरी मोहायर पैदा करतत ता कश्मिरी फायबरचो एक प्रकार असा,"अंगोरा बकरी मोहायर पैदा करत असते, तो कश्मिरी फायबरचा एक प्रकार आहे."
4646,716215,D2,Banking,14.5,संयुक्त राज्य अमेरिका व्यावसायिक बँकिंग सेवांसाठी सगळ्यात मोठं ठिकाण आहे,संयुक्त राज्य अमेरिका व्यावसायिक बँकिंग सेवांसाठी सगळ्यात मोठे ठिकाण आहे
4647,724136,D4,Banking,14.0,मले लहान धंदा चालू करासाठी कर्जाचा फारम कसा भरा लागन ?,मला लहान धंदा चालू करण्यासाठी कर्जाचा फॉर्म कसा भरावा लागेल?
4648,708616,D1,Agriculture,14.5,भारताच्या अर्थव्यवस्थेन अट्ठावीस पुर्णांक नऊ मिलियन मेट्रीक टन साखरेचा उत्पादन केला,भारताच्या अर्थव्यवस्थेने अट्ठवीस पूर्णांक नऊ दशलक्ष मेट्रिक टन साखरेचे उत्पादन केले.
4649,715381,D2,Agriculture,14.5,एलुसीन कोराकाना किंवा फिंगर बाजरा याला भारतामध्ये नाचणीच्या स्वरूपात ओळखल जात,एलुसीन कोराकाना किंवा फिंगर बाजरा याला भारतामध्ये नाचणीच्या स्वरूपात ओळखले जाते
4650,723572,D4,Agriculture,14.0,शेतीच्या सगळ्या जमाखर्चाचा हिशोब कास्तकार मोबाईलवर कसा जमा करुन ठेऊ शकते ?,शेतीच्या सगळ्या खर्चाचा हिशोब कस्तकार मोबाईलवर कसा जमा करू शकते?
4651,709195,D1,Agriculture,14.5,पाणीच्या फ्रेम साधारणपणे प्राचिन इजिप्त काळापासून अस्तित्त्वात हत,पाण्याच्या रचना साधारणपणे प्राचीन इजिप्त काळापासून अस्तित्वात होत्या.
4652,713142,D2,Banking,14.5,म्युचलसेविंग बॅकले केंद्र किंवा राज्य सरकार कडतीन चार्टट करता येस,म्युचलसेव्हिंग बॅकले केंद्र किंवा राज्य सरकार तीन चार्टट करू शकते का?
4653,724142,D4,Banking,14.0,मले कपड्याच दुकान उघडासाठी कर्जाचा कोनचा फारम भरा लागन ?,मला कपड्याचे दुकान उघडण्यासाठी कर्जाचा फॉर्म किती भरावा लागेल?
4654,707720,D1,Agriculture,14.5,पशु कल्याणासाठी शेतकऱ्याक प्राण्यांची वागणूक समझान घेणा गरजेचा आसा,पशु कल्याणासाठी शेतकऱ्यांनी प्राण्यांची वागणूक समजून घेणे गरजेचे आहे.
4655,714997,D2,Banking,14.5,देशातील वाढणारी महागाई आणि बेरोजगारी समग्र अर्थशास्त्राअंतर्गत येते,देशातील वाढणारी महागाई आणि बेरोजगारी समग्र अर्थशास्त्राअंतर्गत येते
4656,723957,D4,Banking,14.0,सामाजिक योजनेचा फारम भरासाठी का करा लागन ?,सामाजिक योजनेचा फॉर्म भरण्यासाठी का करावा लागतो?
4657,706598,D1,Banking,14.5,"वैयक्तिक कर्ज बँका , क्रेडिट युनियन किंवा ऑनलाइन कर्जदारांद्वारा देऊ केला जाऊ शकता","वैयक्तिक कर्ज बँका, क्रेडिट युनियन किंवा ऑनलाइन कर्जदारांद्वारे दिले जाऊ शकतात."
4658,716280,D2,Banking,14.5,स्टॉक व्यापारामध्ये उलट प्रभावाला थांबवण्यासाठी समुदाय बनवले जातात,स्टॉक व्यापारामध्ये उलट प्रभावाला थांबवण्यासाठी समुदाय बनवले जातात
4659,724198,D4,Banking,14.0,खात्यातले बाकी पैसे पाहासाठी टोल फ्री नंबर रायते का ?,खात्यातील बाकीचे पैसे पाहण्यासाठी टोल फ्री नंबर माहित आहे का?
4660,712273,D1,Banking,14.5,बी.ओ.आय कार्डाचे पैसे आम्ही नेशनल इलेक्ट्रॉनिक फंड ट्रान्स्फर च्या मदतीने भरुक शकतू मा ?,आम्ही नेशनल इलेक्ट्रॉनिक फंड ट्रान्स्फरच्या मदतीने बी.ओ.आय कार्डचे पैसे भरू शकतो का?
4661,715874,D2,Agriculture,14.5,"भाज्यांव्यतिरिक्त मटार , फळाचे तुकडे हे पण माशांना खायला आवडतं",भाज्यांव्यतिरिक्त मटार आणि फळाचे तुकडे पण माशांना खायला आवडतात.
4662,723372,D4,Agriculture,14.0,कांद्याले एका हेक्टरमंदी किती किलोग्रॅम खत टाकावं लागन ?,कांद्यासाठी एका हेक्टरमंदीला किती किलो खत टाकावे लागते?
4663,707121,D1,Banking,14.5,अर्थशास्त्र आर्थिक एजंट्सच्यो वर्तनावर आणि परस्परसंवादावर लक्ष केंद्रित करता,अर्थशास्त्र आर्थिक एजंट्सच्या वर्तनावर आणि परस्परसंवादावर लक्ष केंद्रित करते.
4664,716630,D2,Agriculture,14.5,पिकाचे देठ हे सेल्यूलोसिक बायोमासचे मौल्यवान स्त्रोत आहे,पिकाचे देठ हे सेल्यूलोसिक बायोमासचे मौल्यवान स्त्रोत आहे
4665,723373,D4,Agriculture,14.0,कांद्यासाठी किती किलोग्रॅम शेनखत वापरा लागन ?,कांद्यासाठी किती किलोग्राम शेणखत वापरावी लागेल?
4666,711980,D1,Banking,14.5,माका बारकोसो धंदो घालुचो आसा त्याच्याखाती कर्जाचो अर्ज कसो करूचो ?,"मला बारकोसो धंदा घालायचे आहे, त्याच्या खात्यातील कर्जाचा अर्ज कसा करायचा?"
4667,717141,D2,Banking,14.5,चालू खात्यात किमान शिल्लक न ठेवल्यास दंड आकारला जातो,चालू खात्यात किमान शिल्लक न ठेवल्यास दंड आकारला जातो
4668,723143,D4,Agriculture,14.0,अडानी कास्तकाराइले मोबाईलमंदून शेती इषयीची मायती कशी मिळन ?,अडानी कष्टकऱ्यांनी मोबाईलमधून शेतीसाठी आवश्यक पद्धत कशी मिळवावी?
4669,709020,D1,Banking,14.5,एकूण व्याजाचो विचार करताना बॅन्कांका वार्षिक टक्के दर दाखवुचे लागतत,एकूण व्याज विचार करताना बँकेचे वार्षिक टक्के दर दाखवावे लागते.
4670,715032,D2,Agriculture,14.5,"पीक घेतल्यानंतर , त्याची उत्पादन क्षमता टिकवून ठेवण्यासाठी शेत पडीक ठेवतात",पीक घेतल्यानंतर त्याची उत्पादन क्षमता टिकवून ठेवण्यासाठी शेत पडीक ठेवतात
4671,722901,D4,Agriculture,14.0,गव्हाच्या पिकात किती अंतर ठेवाव म्हनजे आवक जास्त होईन ?,गव्हाच्या पिकात किती अंतर ठेवावे म्हणजे आवक जास्त होईल का?
4672,710371,D1,Agriculture,14.5,भारतातल्या विविधतापुर्ण भौतिक परिस्थितीनी भारतात पशूपालनका सहज आणि यशस्वी केला हा,भारताच्या विविधतापूर्ण भौतिक परिस्थितीमध्ये भारतात पशुपालन सहज आणि यशस्वी केले.
4673,713134,D2,Banking,14.5,"जीव विज्ञान मा , जीन नियंत्रण जीवेसले पर्यावरनना मायक व्हवानी परमिसन देस","जीवशास्त्रानुसार, जीन नियंत्रण जीवसृष्टीला पर्यावरणाना अधिक परवानगी द्या."
4674,722587,D4,Agriculture,14.0,भात लावणीच्या पाच दिवस आधी बिचऱ्याच्या शेतात दाणेदार कीटकनाशकाची फवारणी करावी,भात लावणीच्या पाच दिवस आधी बिचऱ्याच्या शेतात दाणेदार कीटकनाशकाची फवारणी करावी
4675,707933,D1,Agriculture,14.5,"मॉलसाइड्स इतर जीवांका हानी पोहोचवचो नाय , असा मंदार बोललो","मॉलसाइड्स इतर जीवांकांना हानी पोहोचवत नाही, असे मंदार बोलला"
4676,713581,D2,Banking,14.5,बजारन्या किंमतीस्वर गनच गोष्टीस्नं महत्व कमी जास्त व्हस,बाजारातील किंमती आणि अनेक गोष्टींचे महत्त्व कमी-जास्त झाले आहे.
4677,721199,D4,Banking,14.0,व्यावसायिक बँका मध्यम व्यवसायांना ठेवी खाती आणि कर्जासह बँकिंग सेवा देतात,व्यावसायिक बँका मध्यम व्यवसायांना ठेवी खाती आणि कर्जासह बँकिंग सेवा देतात
4678,710814,D1,Banking,14.5,पेंशन फंड मुख्य लक्ष सुनिश्चित करता कि भविष्यात तुमका खयचो पण त्रास होता नये,पेंशन फंड मुख्य लक्ष सुनिश्चित करतो की भविष्यात तुमचा त्रास होऊ नये.
4679,714916,D2,Banking,14.5,क्लिष्ट व्याज दर संरचना मुद्रा बाजार खात्याला इतर खात्यांपेक्षा वेगळी बनविते,क्लिष्ट व्याज दर संरचना मुद्रा बाजार खात्याला इतर खात्यांपेक्षा वेगळी बनवते
4680,719849,D4,Agriculture,14.0,"गहू , भात आणि मका नंतर बटाटा हे सर्वात जास्त पिकवले जाणारे पीक आहे","गहू, भात आणि मका नंतर बटाटा हे सर्वात जास्त पिकवले जाणारे पीक आहे."
4681,706976,D1,Banking,14.5,"इलेक्ट्रॉनिक बिल पेमेंट ह्या ऑनलाइन , मोबाइल आणि टेलिफोन बँकिंगचो वैशिष्ट्य असा","इलेक्ट्रॉनिक बिल पेमेंटचे वैशिष्ट्य ऑनलाइन, मोबाइल आणि टेलिफोन बँकिंगचे आहे."
4682,715568,D2,Agriculture,14.5,जमिनीच्या अर्जाद्वारे शेतकरी जास्त पैसा कमवू शकतो,जमिनीच्या अर्जाद्वारे शेतकरी जास्त पैसा कमवू शकतो
4683,721554,D4,Agriculture,14.0,झाडाचा रोग सतत एजंटमुळे होणारे कोणतेही विचलन किंवा खराबी सूचित करतो,झाडाचा रोग सतत एजंटमुळे होणारे कोणतेही विचलन किंवा खराबी सूचित करतो
4684,711630,D1,Agriculture,14.5,शेतकऱ्यांका शेतीच्या व्यवसायात स्थिर होवुक येऊक होया म्हणान शासन कसले योजना राबयता ?,शेतकऱ्यांच्या शेतीच्या व्यवसायात स्थिरता येणे आवश्यक असेल तर शासन कोणती योजना राबवते?
4685,716159,D2,Agriculture,14.5,शहरांच्या मानाने गावांमध्ये पशुपालन एक प्राथमिक स्त्रोत आहे,शहरांच्या तुलनेत गावांमध्ये पशुपालन एक प्राथमिक स्त्रोत आहे
4686,724133,D4,Banking,14.0,लाभार्थी हटोने म्हंजे काय याची मायती कुठी भेटन ?,लाभार्थीबद्दल काय माहिती आहे आणि ती कुठे मिळेल?
4687,709465,D1,Banking,14.5,डेबिट कार्डाची सगळी माहिती टाकल्यार माझा खाता जोडला गेला,डेबिट कार्डची सगळी माहिती टाकल्यानंतर माझा खाता जोडला गेला
4688,715415,D2,Banking,14.5,कर्मचाऱ्यांना प्रोत्साहित करण्यासाठी बँकर्सना बोनस दिला जातो,कर्मचाऱ्यांना प्रोत्साहित करण्यासाठी बँकर्सना बोनस दिला जातो
4689,724262,D4,Banking,14.0,मले माह्या मोठ्या भावाच्या मोबाईलमंदी यू.पी.आय न रिचार्ज करता येईन का ?,मला माझ्या मोठ्या भावाच्या मोबाईलमंदीसाठी यूपीआय न रिचार्ज करता येईल का?
4690,710605,D1,Banking,14.5,करचुकवेगिरीच्या मर्यादेचा एक माप म्हणजे नोंद न केलेल्या उत्पन्नाची रक्कम,करचुकवेगिरीच्या मर्यादेचा एक माप म्हणजे नोंद न केलेल्या उत्पन्नाची रक्कम
4691,716218,D2,Banking,14.5,सरकार वेगवेगळ्या प्रकारच्या करांचा उपयोग करते आणि करांच्या दरांमध्ये वेगळेपणा आणते,सरकार वेगवेगळ्या प्रकारच्या करांचा उपयोग करते आणि करांच्या दरांमध्ये वेगळेपणा आणते
4692,722925,D4,Agriculture,14.0,संत्र्याच्या झाडाला द्रेंचींग करायची हाये तर मग कोनच बुरशीनाशक घेऊ ?,संत्र्याच्या झाडावर फवारणी करायची असेल तर मग कोणते बुरशीनाशक घेऊ?
4693,712565,D1,Banking,14.5,माझ्या चालू खात्यासाठी कमित कमी शिल्लक कितक्या असूक होया ?,माझ्या चालू खात्यासाठी शिल्लक किती आहे?
4694,716625,D2,Agriculture,14.5,वनवासींना स्थापत्य अभियांत्रिकीचे काही मूलभूत ज्ञान असणे आवश्यक आहे,वनवासींना स्थापत्य अभियांत्रिकीचे काही मूलभूत ज्ञान असणे आवश्यक आहे
4695,723751,D4,Banking,14.0,मले ऑटो रिक्षा घ्यासाठी कितीक रुपयाच कर्ज भेटनं ?,मला ऑटो रिक्षा घेण्यासाठी किती रुपयांचे कर्ज मिळेल?
4696,708418,D1,Agriculture,14.5,बोअरवेलीचा पाणी गोडा आसल्याकारणान कालव्यातसून केले जाणारे सिंचनाचे आकडे कमी आसत,बोअरवेलीच्या पाण्याची स्थिती असल्यामुळे केले जाणारे सिंचनाचे आकडे कमी आहेत.
4697,714100,D2,Agriculture,14.438,समुद्रना शेवाळ ना वावर मा शेवाळ ले तेन जीवन चक्र नियंत्रित करी टाकणस हाई तेनमा राहस,"समुद्राचे लाटांवरूनच जीवनचक्र नियंत्रित होते, असे वाटते."
4698,723085,D4,Agriculture,14.0,साध्या कास्तकाराइले कोनची शेतीची पद्धत कामाची राहीन ?,साध्या कष्टकारांसाठी कोणती शेतीची पद्धत कामाची राहील?
4699,708583,D1,Banking,14.5,ही राष्ट्रीय मानक संस्थांनी बनलली एक आंतरराष्ट्रीय बिगरसरकारी संस्था आसा,ही राष्ट्रीय मानक संस्थांनी एक आंतरराष्ट्रीय बिगरसरकारी संस्था बनवली आहे.
4700,715403,D2,Banking,14.433,"कर पेमेंट डेबिट किंवा क्रेडिट कार्डने ऑनलाइन , फोनद्वारे किंवा मोबाईल ने केल जाऊ शकत",कर पेमेंट डेबिट किंवा क्रेडिट कार्डने ऑनलाइन फोनद्वारे किंवा मोबाईलने केले जाऊ शकते
4701,723035,D4,Agriculture,14.0,प्रोफेक्स सुपर दवाई मारतानी त्यामंदी पान्याचं प्रमाण किती पायजे ?,प्रोफेक्स सुपर औषधे घेताना त्यामंदीच्या काळात कागदाचे प्रमाण किती होईल?
4702,709067,D1,Agriculture,14.5,विशेष पिकांका सगळ्यात उपयुक्त शेतीच्या पद्धतीत सिंचन एक महत्त्वाची प्रक्रिया हा,विशेष पिकांसाठी सर्वात उपयुक्त शेतीच्या पद्धतीत सिंचन एक महत्त्वाची प्रक्रिया आहे.
4703,718480,D2,Banking,14.429,निधी ट्रान्सफरसाठी एका बँक खात्यातून दुसऱ्या बँक खात्यात पैसे जमा करता येतील का ?,निधी ट्रान्सफरसाठी एका बँक खात्यातून दुसऱ्या बँक खात्यात पैसे जमा करता येतील का?
4704,723142,D4,Agriculture,14.0,ऑनलाईन पद्धतीपायी कास्तकाराइले कोनकोनचा फायदा झाला हाये ?,ऑनलाईन पद्धतीमुळे कोणत्याचा फायदा झाला आहे?
4705,710232,D1,Agriculture,14.5,घरगुती पदार्थ बनवुसाठी रताळ्याचो वापर बऱ्याच काळापासुन करतत,घरगुती पदार्थ बनवण्यासाठी रताळ्याचा वापर खूप काळापासून करत आहे.
4706,713966,D2,Agriculture,14.429,"शेतकरीसना आत्महत्यानं कारण म्हंजी दुष्काय , भाववाढ , या बठ्ठा कारणसमुये त्या आत्महत्या करतस","शेतकऱ्यांचे आत्महत्याचे कारण दुःख, भाववाढ, या बटठ्यामुळे ते आत्महत्या करत आहेत."
4707,723770,D4,Banking,14.0,माया क्रेडिट कार्डची मायती मले ऑनलाईन कसी भेटन ?,मला क्रेडिट कार्डची माहिती ऑनलाईन कशी मिळते?
4708,710635,D1,Banking,14.5,केंद्र सरकारना सगळ्यांका शिक्षण देवसाठी कस्तूरबा गांधी योजनेची सुरवात केली,केंद्र सरकारने सगळ्यांच्या शिक्षणासाठी कस्तूरबा गांधी योजनेची सुरुवात केली.
4709,715260,D2,Agriculture,14.429,"अधिकतर गुरांचे डॉक्टर रोगाचे निदान करण्यासाठी काम करतात , सरळ सरळ जनावरांवर इलाज करता","अधिकतर गुरांचे डॉक्टर रोगाचे निदान करण्यासाठी काम करतात, सरळ सरळ जनावरांवर उपचार करतात."
4710,724228,D4,Banking,14.0,माय बचत खातं काढाच्या टायमाले मले डेबिट कार्ड भेटन का ?,माझ्या बचत खात्याच्या वेळी मला डेबिट कार्ड कधी मिळेल का?
4711,710953,D1,Agriculture,14.5,मोहायराक सामान्य लोकरीत मिसळून त्याचो वापर केलो जाता,मोहायराक सामान्य लोकांमध्ये मिसळून त्याच वापर केले जाते.
4712,715342,D2,Agriculture,14.429,"उत्पादन सोर्टर च्या रूपात , नोकरी ग्रेडर आणि शेती सॉर्टर , उत्पादनांच्या अंतर्गत येते",उत्पादन सॉर्टरच्या रूपात नोकरी ग्रेडर आणि शेती सॉर्टर उत्पादनांच्या अंतर्गत येतात
4713,723027,D4,Agriculture,14.0,प्रोफेक्ससुपर औषध मारतानी फुलाच्या दशेत पंदरा लिटर पाण्यात किती फवाराव ?,प्रोफेक्ससुपर औषध मारताना फुलाच्या दशेत पंधरा लिटर पाण्यात किती फवारावे?
4714,706507,D1,Banking,14.5,म्युच्युअल बचत बँकांची रचना व्यक्तींच्या बचतीका चालना देऊसाठी करण्यात इली होती,म्युच्युअल बचत बँकांची रचना व्यक्तींच्या बचतीला चालना देण्यासाठी करण्यात आली होती.
4715,713428,D2,Agriculture,14.429,शेतकरीस्नी कमाई वाढा करता आधी ठिबकन्या योजनासना फायदा करता पी.एम.कुसुम योजना सुरू करेल शे,शेतकऱ्यांची कमाई वाढवण्यापूर्वी ठिबकपानी योजनेचा फायदा घेऊन पीएम कुसुम योजना सुरू करेल शे
4716,723976,D4,Banking,14.0,"माया खात्यात कितीक पैसे बाकी हाय , हे मले मॅसेजन पायता येईन का ?","माया खात्यात किती पैसे बाकी आहेत, हे मला मेसेज पायता येईल का?"
4717,709793,D1,Banking,14.5,आंतरराष्ट्रीय व्यापार देशादेशातील वस्तू आणि सेवा यांची देवाण घेवाण करना आसा,आंतरराष्ट्रीय व्यापार देशांमधील वस्तू आणि सेवांची देवाणघेवाण असते.
4718,717203,D2,Banking,14.429,सेल्फ सर्व्हिस पासबुक प्रिंटर एक यंत्र आहे जिथे ग्राहक त्याचे पासबुक प्रिंट करू शकतो,सेल्फ सर्व्हिस पासबुक प्रिंटर एक यंत्र आहे जिथे ग्राहक त्याचे पासबुक प्रिंट करू शकतो
4719,724064,D4,Banking,14.0,छोट्या धंद्यासाठी मले कितीक रुपयानं कर्ज भेटन ?,छोट्या धंद्यासाठी मला किती रुपयांचे कर्ज मिळेल?
4720,707023,D1,Banking,14.5,आर.बी.आय ना युनिटी एस.एफ.बी खाजगी क्षेत्रातला बँक पी.एम.सी चा कामकाज ताब्यात घेऊन सांगितला,आरबीआयने युनिटी एसएफबी खाजगी क्षेत्रातला बँक पीएमसीचे कामकाज ताब्यात घेऊन सांगितले
4721,717314,D2,Agriculture,14.423,प्रति एकर कोथिंबिरीच्या लागवडीसाठी किती दिवस किती प्रमाणात पाणी देणे आवश्यक आहे ?,प्रति एकर कोथिंबिरीच्या लागवडीसाठी किती दिवस किती प्रमाणात पाणी देणे आवश्यक आहे?
4722,723994,D4,Banking,14.0,मले विणकामासाठी किती रुपयानं कर्ज भेटन ?,मला विणकामासाठी किती रुपयांचे कर्ज मिळेल?
4723,710971,D1,Banking,14.5,राजू कॅपिटल टॅक्स आणि कॉर्पोरेट टॅक्सना देशाक पुढे नेण्यात खूप योगदान दिला हा,राजूने कॅपिटल टॅक्स आणि कॉर्पोरेट टॅक्स देशाच्या पुढे नेण्यात खूप योगदान दिले
4724,715823,D2,Agriculture,14.423,फुलांच्या गुच्छा मध्ये एक मोठं शेवंतीचं फूल आणि दुसर छोटं शेवंतीचं फुल आहे,फुलांच्या गुच्छामध्ये एक मोठे शेवंतीचे फूल आणि दुसरे छोटे शेवंतीचे फूल आहे.
4725,723640,D4,Banking,14.0,"मी सामाजिक योजनेसाठी पात्र आहो का , हे मले कस तपासून पायता येईन ?","मी सामाजिक योजनेसाठी पात्र आहे का, हे मला कसे तपासून कळेल?"
4726,707851,D1,Banking,14.5,भारतान धर्म आणि मोक्ष यांच्यामध्ये आत्मसात केलेली एक महत्वाची भावना म्हणजे उगयोजकता होय,भारताचे धर्म आणि मोक्ष यांच्यामध्ये आत्मसात केलेली एक महत्त्वाची भावना म्हणजे उगयोजकता होय
4727,718336,D2,Banking,14.417,शैक्षणिक कर्जावर व्याजदर किती आकारला जातो ? याची माहिती मिळेल का ?,शैक्षणिक कर्जावर व्याजदर किती आकारला जातो आणि याची माहिती मिळेल का?
4728,724103,D4,Banking,14.0,मातृवंदना योजनेत लाभार्थ्याले किती फायदा भेटन ?,मातृवंदना योजनेत लाभार्थ्यांना किती फायदा मिळेल?
4729,709196,D1,Agriculture,14.5,आजकल मोप शेतकरी बिना सिझनच्यो भाजीयो उगवूक ग्रीन हाउसचो उपयोग करतत,आजकाल शेतकरी सिझनशिवाय भाजीपाला उगवण्यासाठी ग्रीन हाऊसचा उपयोग करत आहेत
4730,715945,D2,Agriculture,14.417,मनुष्य आणि इतर जनावर सारखच मासे पण आजार आणि परजीवींमुळे त्रस्त आहे,"मनुष्य आणि इतर जनावर सारखेच मासे आहेत, पण आजार आणि परजीवींमुळे ते त्रस्त आहेत."
4731,724200,D4,Banking,14.0,खात्यात लाभार्थी जोडासाठी कोंते कागद लागन ?,खात्यात लाभार्थी जोडण्यासाठी कोणते कागद लागतील?
4732,710418,D1,Agriculture,14.5,राष्ट्रीय कृषी विकास योजनेतना मका खत आणि शेती कर्ज मिळुक अडचण नाय होत,राष्ट्रीय कृषी विकास योजनेत मका खत आणि शेती कर्ज मिळण्यास अडचण होत नाही
4733,716796,D2,Agriculture,14.417,"आपण मिश्रित लाल , जांभळा , सोनेरी रंगांमध्ये ट्यूलिप वनस्पती पाहू शकता","आपण मिश्रित लाल, जांभळा, सोनेरी रंगांमध्ये ट्यूलिप वनस्पती पाहू शकता."
4734,723127,D4,Agriculture,14.0,अचानक झालेल्या हवामान बदलामंदी पिकाची सुरक्षा कशी करता येईन ?,अचानक झालेल्या हवामान बदलामुळे पिकाची सुरक्षा कशी करावी?
4735,707785,D1,Banking,14.5,बँक वित्तीय वर्षाच्या शेवटी थोड्या कर्मचाऱ्यांका बँकर्सचो बोनस दिलो जाता,बँकेच्या वित्तीय वर्षाच्या शेवटी थोड्या कर्मचाऱ्यांनाच बँकर बोनस दिला जातो.
4736,714612,D2,Banking,14.417,एन.ई.एफ.टी नी करता ज्याले पैसा धाडना शेतस त्यानी काय काय माहिती जोयजे,एन.ई.एफ.टी केल्याने मिळालेल्या पैशांबद्दल काय काय माहिती पाहिजे
4737,724108,D4,Banking,14.0,मले माह्या मोबाईलवरून दुसऱ्या बँक खात्यात यू.पी.आय न पैसे पाठोता येईन काय ?,मला मोबाईलवरून दुसऱ्या बँक खात्यात यूपीआयने पैसे पाठवता येतील का?
4738,707497,D1,Agriculture,14.5,ग्रीन हाऊसचे काच आणि प्लास्टिक अश्ये भाग पडतत,ग्रीन हाऊसचे काच आणि प्लास्टिकचे भाग पडत आहेत
4739,718081,D2,Banking,14.417,ठेवी किती प्रकारे ठेवल्या जातात आणि अल्पमुदतीच्या ठेवीचा कालावधी किती आहे ?,ठेवी किती प्रकारे ठेवल्या जातात आणि अल्पमुदतीच्या ठेवीचा कालावधी किती आहे?
4740,724051,D4,Banking,14.0,नवीन खात खोलाच्या टायमाले मले खात्यात कितीक पैसे टाका लागन ?,नवीन खात्याच्या सुरुवातीला मला खात्यात किती पैसे जमा करावे लागतील?
4741,707916,D1,Agriculture,14.5,"मुक्त श्रेणीतलय प्राण्यांका दिवसभर बांधून ठेवत नाय , असा शीतल सांगा होता",मुक्त श्रेणीतले प्राण्यांका दिवसभर बांधून ठेवले होते असे शीतलने सांगितले.
4742,714519,D2,Banking,14.417,सुक्ष्म अर्थशास्त्र आर्थिक घडामोडीवर आणि वाढ महागाई आणि बेरोजगारी वर लक्ष ठेवस,सूक्ष्म अर्थशास्त्र आर्थिक घडामोडीवर आणि वाढ महागाई व बेरोजगारीवर लक्ष ठेवा.
4743,723481,D4,Agriculture,14.0,शेती मालाच्या लिलाव प्रक्रियेत कास्तकार वर्ग खूष कवा होईन ?,शेती मालाच्या लिलाव प्रक्रियेत कष्टकऱ्यांचा वर्ग खुश होईल का?
4744,710571,D1,Banking,14.5,उत्पन्न योजनेच्या ऐच्छिक प्रकटी करणामुळे सरकार लोकांका कर चुकवुची दुसरी संधी देता,उत्पन्न योजनेच्या ऐच्छिक प्रकटी करणामुळे सरकार लोकांचे कर चुकवण्याची दुसरी संधी देते
4745,715457,D2,Agriculture,14.417,"कैलाबश ज्याला दुधीभोपळा , पांढऱ्या फुलाचा दुधीभोपळा या नावाने पण ओळखले जाते","ज्याला दुधीभोपळा, पांढऱ्या फुलाचा दुधीभोपळा या नावाने पण ओळखले जाते."
4746,723221,D4,Agriculture,14.0,कांद्याले कोंब आलं नाई पायजे म्हनून त्याची साठवन कशी करा लागन ?,कांद्याले कोंब आले म्हणून त्याची साठवण कशी करावी लागते?
4747,707981,D1,Agriculture,14.5,राष्ट्रीय कृषी बाजार ह्यो संपूर्ण भारतातलो इलेक्ट्रॉनिक व्यापार पोर्टल आसा,राष्ट्रीय कृषी बाजार संपूर्ण भारतात इलेक्ट्रॉनिक व्यापार पोर्टल आहे
4748,714204,D2,Agriculture,14.417,"मेंढ्यासन्या जाती जम्मू काश्मीर , राजस्थान , आंध्र प्रदेश इत्यादी राज्यमा आढयतंस","जम्मू काश्मीर, राजस्थान, आंध्र प्रदेश इत्यादी राज्यांमध्ये आढळून येतात."
4749,723618,D4,Banking,14.0,कार्ड ब्लॉक कराच असनं त त्यासाठी मले बँकेत जानं जरुरी हाय का ?,कार्ड ब्लॉक करायचे असेल तर त्यासाठी मला बँकेत माहिती आवश्यक आहे का?
4750,708113,D1,Banking,14.5,सिक्युरिटीवर रिटर्न ह्या सिक्युरिटी धारकाक अपेक्षित परतावो मोजण्याचे एक उपाय आसा,सिक्युरिटीवर रिटर्न या सिक्युरिटी धारकाचे अपेक्षित परतावे मोजण्याचे एक उपाय आहे.
4751,716560,D2,Banking,14.417,कर्ज घेणे किंवा कर्ज भांडवल हे बाह्य स्त्रोतांकडून वित्त व्यवस्था केली जाते,कर्ज घेणे किंवा कर्ज भांडवल हे बाह्य स्त्रोतांकडून वित्त व्यवस्था केली जाते
4752,720182,D4,Agriculture,14.0,क्रॅच क्रियेद्वारे मेंढाच्या चेहऱ्यावरुन केस काढून साफसफाई केली जाते,क्रॅच प्रक्रियेद्वारे मेंढ्याच्या चेहऱ्यावरून केस काढून साफसफाई केली जाते
4753,710108,D1,Agriculture,14.5,"सापळो नीट अडकवतत , मगच ते समुद्राच्या तळावर योग्य मार्गान उतारतत",सापळो नीट अडकवत असतानाच ते समुद्राच्या तळावर योग्य मार्ग उतरते.
4754,715848,D2,Agriculture,14.417,"बाग कामांमध्ये रोप , सुगंधित फुले , भाज्या वेगवेगळ्या प्रकारच्या समाविष्ट असतात","बागकामांमध्ये रोप, सुगंधित फुले, भाज्या वेगवेगळ्या प्रकारच्या समाविष्ट असतात."
4755,723948,D4,Banking,14.0,"मले माया फोनचा रिचार्ज कराची आखरी तारीख कोनची हाय , हे कस पायता येईन ?","मला फोनचा रिचार्ज करण्याची शेवटची तारीख कोणती आहे, हे कसे पायता येईन?"
4756,706621,D1,Banking,14.5,मोठ्या कॉर्पोरेशनकरता सिंडिकेटेड कर्जा बाजार ह्या प्रमुख मार्ग असा,मोठ्या कॉर्पोरेशनसाठी सिंडिकेटेड कर्जाचा बाजार हा प्रमुख मार्ग आहे
4757,716408,D2,Agriculture,14.417,पीक बदलावामुळे जमिनीची सुपीकता टिकून राहते आणि पीक अधिक चांगल्या दर्जाचे येते,पीक बदलावामुळे जमिनीची सुपीकता टिकून राहते आणि पीक अधिक चांगल्या दर्जाचे येते
4758,723041,D4,Agriculture,14.0,सोल्याच्या पिकावरच्या अळीले दमट वातावरनात जास्त ऊत काऊन येते ?,कापूस पिकावरील अळ्या दमट वातावरणात जास्त उष्णता का येते?
4759,710357,D1,Agriculture,14.5,भाज्यांच्या देखभालीत हयगय केल्यान म्हणान कुलदीपका पीक झाल्यार नुकसान सहन करूचो लागलो,भाज्यांच्या देखभालीत काही केल्यामुळे कुलदीपका पीक झाल्याने नुकसान सहन करावे लागले.
4760,716189,D2,Agriculture,14.409,"शेती रसायनांमध्ये कीटनाशक , खतं , प्राणी नियामक आणि कच्चामाल येतो","शेती रसायनांमध्ये कीटनाशक, खते, प्राणी नियामक आणि कच्चा माल येतो."
4761,723009,D4,Agriculture,14.0,कमी खर्चामंदी शेतातलं उत्पादन वाढाले कोनची पानी द्याची पद्धत चांगली राहीन ?,"कमी खर्चामुळे शेतातील उत्पादन वाढले, तर कोणत्या पाण्याची पद्धत चांगली राहील?"
4762,707272,D1,Banking,14.5,राष्ट्रीय पेन्शन प्रणाली ह्या भारत सरकारच्या वित्त मंत्रालयाच्या अखत्यारीत असा,राष्ट्रीय पेन्शन प्रणाली भारत सरकारच्या वित्त मंत्रालयाच्या अखत्यारीत आहे
4763,717792,D2,Agriculture,14.4,आंबे पिकवण्यासाठी व पोसण्यासाठी कोणते खत व रसायने वापरावीत ?,आंबे पिकवण्यासाठी आणि पोसण्यासाठी कोणते खत व रसायने वापरावीत?
4764,722327,D4,Banking,14.0,"सार्वजनिक मालमत्ता , सेवा किंवा सुविधेच्या वापरावर कर जमा केला जातो","सार्वजनिक मालमत्ता, सेवा किंवा सुविधेच्या वापरावर कर जमा केला जातो."
4765,706532,D1,Banking,14.5,संधी खर्चाचो वजन करते वेळी विचारात घेतलेल्या घटकांपैकी पैशाचो येळ मू्ल्य असा,संधी खर्चाचे वजन करताना विचारात घेतलेल्या घटकांपैकी पैशाचे मूल्य असे
4766,716337,D2,Banking,14.4,नियमानुसार कर्ज घेणारा हा कर्ज मिळविण्यासाठी अचल संपत्तीला गहाण ठेवतो,नियमानुसार कर्ज घेणारा हा कर्ज मिळविण्यासाठी अचल संपत्तीला गहाण ठेवतो
4767,720177,D4,Agriculture,14.0,भारतात कुक्कुटपालनाचे उत्पादन खूप जास्त प्रमाणात वाढले आहे,भारतात कुक्कुटपालनाचे उत्पादन खूप जास्त प्रमाणात वाढले आहे
4768,710871,D1,Banking,14.5,भांडवली मालमत्ता किंमत मॉडेलच्या वापरा संदर्भात व्याजदर महत्त्व पूर्ण असा,भांडवली मालमत्ता किंमत मॉडेलच्या वापरा संदर्भात व्याजदराचे महत्त्व पूर्ण आहे
4769,716966,D2,Agriculture,14.4,"भांगाच्या बिया कॅनॅबिस सॅटिवा वनस्पतीच्या लहान , तपकिरी बिया आहेत",भांगाच्या बिया कॅनॅबिस सॅटिवा वनस्पतीच्या लहान तपकिरी बिया आहेत
4770,722454,D4,Agriculture,14.0,बाजाराचे उद्दीष्ट शेतकरी यांनी थेट ग्राहकांना खाद्यपदार्थ विकणे हे आहे,बाजाराचे उद्दीष्ट शेतकरी यांनी थेट ग्राहकांना खाद्यपदार्थ विकणे हे आहे
4771,709767,D1,Banking,14.5,येक चेक आणि चालू खाता दोन्ही ही देवाणघेवाण संबंधीचीखाती मानली जातत,एक चेक आणि चालू खाते दोन्ही संबंधित कागदपत्रे मानली जातात
4772,716620,D2,Agriculture,14.389,एरंडेल तेल हे एरंडेलच्या बियांपासून बनवलेले वनस्पती तेल आहे,एरंडेल तेल हे एरंडेलच्या बियांपासून बनवलेले वनस्पती तेल आहे
4773,723421,D4,Agriculture,14.0,मातीत क्षाराचं प्रमान जास्त हाये हे कस समजन ?,"मातीत क्षाराचे प्रमाण जास्त आहे, हे कसे समजन?"
4774,710933,D1,Agriculture,14.5,मिया वाचलय कि फिलीपिन्स मध्ये बेसिंग वापरुन शेती केली जाता,मला समजले की फिलीपीन्समध्ये बेसिंग वापरून शेती केली जाते.
4775,715644,D2,Banking,14.389,तार हस्तांतरण नेटवर्कच माध्यम संपत्तीचं एक इलेक्ट्रॉनिक हस्तांतरण आहे,तार हस्तांतरण नेटवर्कच माध्यम संपत्तीचे एक इलेक्ट्रॉनिक हस्तांतरण आहे
4776,721227,D4,Banking,14.0,बँकेकडे सध्याचे खाते पगाराच्या खात्यात रूपांतरित करण्याची सुविधा आहे,बँकेकडे सध्याचे खाते पगाराच्या खात्यात रूपांतरित करण्याची सुविधा आहे
4777,709906,D1,Banking,14.5,डिस्काउंटेड कॅश फ्लो वर लेख रिअल इस्टेट मधल्या गुंतवणूकीतील सूट आणि जोखीमेचा उदाहरण हा,डिस्काउंटेड कॅश फ्लोवर लेखातील रिअल इस्टेट गुंतवणुकीतील सूट आणि जोखीमेचे उदाहरण आहे
4778,715622,D2,Banking,14.389,डेबिट कार्ड च्या जागेवर क्रेडीट कार्ड धारकाला धोक्यापासून वाचवतो,डेबिट कार्डच्या जागी क्रेडीट कार्ड धारकाला धोक्यापासून वाचवतो
4779,722269,D4,Agriculture,14.0,ओव्हर हार्वेस्टिंग म्हणजे ज्या दराने संसाधनांची कापणी टिकाऊ नसते,ओव्हर हार्वेस्टिंग म्हणजे ज्या दराने संसाधनांची कापणी टिकाऊ नसते
4780,707580,D1,Agriculture,14.5,तमालपत्र ह्या एक सुगंधी पान आसा जा जास्तकरून आपण स्वयंपाक करताना वापरतंव,"हे तमालपत्र एक सुगंधी पान आहे, आपण स्वयंपाक करताना ते वापरता."
4781,716703,D2,Agriculture,14.389,मेंढ्या पाळीव असतात स्तनधारी पाळीव प्राण्यांप्रमाणे त्या पाळल्या जातात,मेंढ्या पाळीव असतात स्तनधारी पाळीव प्राण्यांप्रमाणे त्या पाळल्या जातात
4782,721436,D4,Banking,14.0,सध्या लॉकडाऊन लागू झाल्यामुळे भारताच्या अर्थव्यवस्थेलाही मोठा फटका बसला आहे,सध्या लॉकडाऊन लागू झाल्यामुळे भारताच्या अर्थव्यवस्थेलाही मोठा फटका बसला आहे
4783,709035,D1,Banking,14.5,सांसद सदस्य स्थानिक क्षेत्र विकास योजना सरकारच्या ईच्छा शक्तीवर अवलंबून हा,सांसद सदस्य स्थानिक क्षेत्र विकास योजना सरकारच्या इच्छाशक्तीवर अवलंबून आहे
4784,713279,D2,Banking,14.382,पी.एन.बी सुरक्षा स्कीम ना फायदा लेवाना करता तुमले पहिले पी.एन.बी ना साइटवर जायीसन लॉग इन करनं पडी,पी.एन.बी सुरक्षा योजनेचा फायदा घेण्यासाठी तुम्ही पहिले पी.एन.बी साइटवर जाऊन लॉग इन करा
4785,719368,D4,Banking,14.0,चांगल्या व्यापाऱ्यांना किफायतशीर दुकानाचे फायदे माहीत असतात,चांगल्या व्यापाऱ्यांना किफायतशीर दुकानाचे फायदे माहीत असतात
4786,706385,D1,Banking,14.5,विमोधारक व्यक्तीच्या मृत्यूनंतर नियुक्त लाभार्थाक काही रक्कम देण्याचा वचन देतत,विमोधारक व्यक्तीच्या मृत्यूनंतर नियुक्त लाभार्थाक काही रक्कम देण्याचे वचन देत आहे.
4787,713120,D2,Banking,14.375,अपडेट भेटानी सुविधा चालू कराना करता अर्जदार नोंदणी कराना करता आधार मोबाईल नंबर बॅकले देऊ शकस,अपडेटची सुविधा सुरू करण्यासाठी अर्जदार नोंदणी करायची आहे आणि आधार मोबाईल नंबर देऊ शकतो का?
4788,722174,D4,Banking,14.0,मला प्रधान मंत्री जान धन योजना यांच्या बँक खात्यासह रुपी डेबिट कार्ड मिळाले,मला पंतप्रधान जन धन योजना यांच्या बँक खात्यासह रुपयाचे डेबिट कार्ड मिळाले
4789,707183,D1,Banking,14.5,बँकेचा वैशिष्ट्यानुसार ग्राहक त्याच्यो डेबिट कार्डवरली मर्यादा निवडू शकता,बँकेच्या वैशिष्ट्यांनुसार ग्राहक त्याच डेबिट कार्डची मर्यादा निवडू शकतात.
4790,716781,D2,Banking,14.375,"बचत हा शब्द आर्थिक क्रियाकलापांसाठी वापरला जातो जसे की संसाधनांची बचत करणे , खर्च कमी करणे",बचत हा शब्द आर्थिक क्रियाकलापांसाठी वापरला जातो जसे की संसाधनांची बचत करणे खर्च कमी करणे
4791,720420,D4,Banking,14.0,डेरिव्हेटिव्ह मार्केट डेरिव्हेटिव्ह्ज साठी एक आर्थिक बाजार आहे,डेरिव्हेटिव्ह मार्केट डेरिव्हेटिव्ह्जसाठी एक आर्थिक बाजार आहे
4792,707715,D1,Banking,14.5,परताव्याचा सुधारित अंतर्गत दर काय आसा ह्या खूप जणांका माहीत नाय हा,परताव्याचा सुधारित अंतर्गत दर काय आहे हे खूप लोकांना माहीत नाही.
4793,714763,D2,Agriculture,14.367,निषिद्ध फळ एक परकारनं फळ शे जे बाहेरतीन पिवयं रंगनं आणि फिक्कट गुलाबी रंगनं रहास,निषिद्ध फळ एक खास फळ आहे जे बाहेरून पिवळे आणि गुलाबी रंगाचे आहे
4794,722427,D4,Banking,14.0,निर्यात किंवा आयात करण्यापूर्वी व्यापारातील अडथळे मुक्त व्यापारात अडथळा आणतात,निर्यात किंवा आयात करण्यापूर्वी व्यापारातील अडथळे मुक्त व्यापारात अडथळा आणतात
4795,707589,D1,Agriculture,14.5,"तुका ठाऊक हा , चीनमध्ये मोत्यांचो शोध लागलो आणि त्यातून वर्षाक सहाशे टन मोती तयार होतत","तुम्हाला माहीत आहे का, चीनमध्ये मोत्यांचा शोध लागला आणि त्यातून वर्षाकांसारखे सहाशे टन मोती तयार होत आहेत."
4796,716068,D2,Agriculture,14.367,"राजूने पिकाची कापणी केली आहे , आता राजू धान्य वाळवणाच्या मशीन ने धान्य वाळवणार आहे","राजूने पिकाची कापणी केली आहे, आता राजू धान्य वाळवणाच्या मशीनने धान्य वाळवणार आहे."
4797,720710,D4,Banking,14.0,"प्राचीन काळात , द्रव्य मुद्रा सर्वात जास्त वापरला जात होता",प्राचीन काळात द्रव्य मुद्रा सर्वात जास्त वापरला जात होता
4798,711077,D1,Banking,14.5,सामाजिक उद्योजकतेच्या माध्यमातना समाजात अनेक सुधारणा घडवुन आणता येतत,सामाजिक उद्योजकतेच्या मार्गाने समाजात अनेक सुधारणा घडवता येतात
4799,718588,D2,Banking,14.357,माझे गॅस किंवा वीज किंवा पाणी किंवा केबल बिल मला कसे भरता येईल ?,"माझे गॅस, वीज, पाणी किंवा केबलचे बिल मी कसे भरू शकेन?"
4800,719343,D4,Banking,14.0,"इलेक्ट्रॉनिक क्लिअरिंग सिस्टम वापरण्यासाठी बँक , ई.सी.एस फॉर्म देतात",इलेक्ट्रॉनिक क्लिअरिंग सिस्टम वापरण्यासाठी बँक ई.सी.एस फॉर्म देते
4801,707122,D1,Banking,14.5,मॅक्रोइकॉनॉमिस्ट जी.डी.पी सारख्यो विषयांचा अभ्यास करतत,मॅक्रोइकॉनॉमिस्ट जी.डी.पी सारखे विषयांचा अभ्यास करत आहे
4802,713535,D2,Agriculture,14.357,"गायी , म्हशी , बकऱ्या , मेंढ्या पाया करता के.सी.सी कडथून कर्ज काढता येस","गायी, म्हशी, बकऱ्या, मेंढ्या पायात आहेत. त्या कडून कर्ज काढता येईल का?"
4803,722446,D4,Banking,14.0,फियाट पैसे सहसा सरकारच्या डिक्रीद्वारे कायदेशीर असल्याचे घोषित केले जाते,फियाट पैसे सहसा सरकारच्या डिक्रीद्वारे कायदेशीर असल्याचे घोषित केले जाते
4804,709646,D1,Agriculture,14.5,वनस्पतीचा संगोपन हे वाण विकसित करण्यची विज्ञान आधारित सर्जनशील प्रक्रिया असा,वनस्पतीचे संगोपन हे विज्ञान आधारित सर्जनशील प्रक्रिया आहे
4805,715552,D2,Agriculture,14.333,"चीन , भारत , तिबेट मध्ये लवकरच पाण्यातली म्हैस , याक यांना शेती मध्ये पाळीव प्राणी बनवला गेल","चीन, भारत, तिबेटमध्ये लवकरच पाण्यातली म्हैस, याक यांना शेतीमध्ये पाळीव प्राणी बनवले गेले."
4806,722799,D4,Agriculture,14.0,शाकाहारी लोकांसाठी डाळी हा प्रथिनांचा चांगला स्रोत आहे,शाकाहारी लोकांसाठी डाळी हा प्रथिनांचा चांगला स्रोत आहे
4807,711041,D1,Banking,14.5,शेयर गुंतवणूकदारांका जास्त वेळेत वाढीची संभावना दाखवता,शेअर गुंतवणूकदारांसाठी जास्त वेळेत वाढीची शक्यता दाखवते
4808,713429,D2,Agriculture,14.333,"लाल सिंधीले लाल मिरची , नहीते सिंधी नहीते माही आशे भी म्हनतंस","लाल सिंधी लाल मिरची, नाही सिंधी नाही माहिती आहे, असे म्हणतात."
4809,721002,D4,Agriculture,14.0,बागायती भागात बाष्पीभवन वाढल्याने वातावरणात अस्थिरता निर्माण होऊ शकते,बागायती भागात बाष्पीभवन वाढल्याने वातावरणात अस्थिरता निर्माण होऊ शकते
4810,710919,D1,Banking,14.5,मार्जिन लोनमध्ये गुंतवणूक करुसाठी गुंतवणूकदार ब्रोकरेज फर्म कडसुन कर्ज घेता,मार्जिन लोनमध्ये गुंतवणूक करण्यासाठी गुंतवणूकदार ब्रोकरेज फर्म कर्ज घेते
4811,717405,D2,Agriculture,14.333,चिंच तोडण्यासाठी कोणती औजारे वापरावीत ? बाजारात अशी औजारे मिळतात का ?,चिंच तोडण्यासाठी कोणती औजारे वापरावीत? बाजारात अशी औजारे मिळतात का?
4812,721916,D4,Agriculture,14.0,रूट भाज्या वनस्पतींचे भूमिगत भाग आहेत जे मानव अन्न म्हणून खातात,रूट भाज्या वनस्पतींचे भूमिगत भाग आहेत जे मानव अन्न म्हणून खातात
4813,709063,D1,Agriculture,14.5,मृदा व्यवस्थापन रितींचो मातीयेच्या उत्पादन क्षमतेवर कायव फरक पडना नाय,मृदा व्यवस्थापन पद्धतीचे मातीच्या उत्पादन क्षमतेवर काही फरक पडत नाही
4814,712700,D2,Agriculture,14.318,कार्बनिक खाद्य ले पर्यावरणीय खाद्य नाही ते जीवशास्त्रीय खाद्य भी म्हणतस,कार्बनिक खाद्य पर्यावरणीय खाद्य नाही ते जीवशास्त्रीय खाद्य पण म्हणतोस
4815,720735,D4,Banking,14.0,रशिया युक्रेन युद्धामुळे फॉरेक्स मार्केट मध्ये रुबलची किंमत घसरली,रशिया युक्रेन युद्धामुळे फॉरेक्स मार्केटमध्ये रुबलची किंमत घसरली
4816,708476,D1,Agriculture,14.5,मोती ची शेती खाऱ्या पाण्यासारखीच गोड्या पाण्यातय केली जावक शकता,मोतीची शेती खाऱ्या पाण्यासारखीच गोड्या पाण्यात केली जाऊ शकते.
4817,718332,D2,Banking,14.278,कर्ज माहिती आणि कर्ज अर्ज बाबत माहिती पाहिजे आहे,कर्ज माहिती आणि कर्ज अर्ज बाबत माहिती पाहिजे आहे
4818,723655,D4,Banking,14.0,कर्ज घ्यासाठी बँक खात्याचा नंबर संग जोडा लागन का ?,कर्ज घेण्यासाठी बँक खात्याचा नंबर जोडणे आवश्यक आहे का?
4819,706588,D1,Banking,14.5,सर्वात मोठयो बँकेची यादी एस अँड पी ग्लोबल मार्केट इंटेलिजन्स अहवालावर आधारित असत,सर्वात मोठ्या बँकेची यादी एस अँड पी ग्लोबल मार्केट इंटेलिजन्स अहवालावर आधारित आहे
4820,716303,D2,Banking,14.278,हायब्रीड प्रतिभूती मध्ये कर्ज प्रतिभूती आणि इक्विटी प्रतिभूती येतात,हायब्रीड प्रतिभूतीमध्ये कर्ज प्रतिभूती आणि इक्विटी प्रतिभूती येतात
4821,722936,D4,Agriculture,14.0,पऱ्हाटीवर कोनत्या किड्यापाई पानाचे काठं पिवळसर होऊन ते लालसर पडाले लागते ?,पऱ्हाटीवर कोणत्या किड्यापाई पानाचे कडे पिवळसर होऊन ते लालसर पडतात?
4822,707925,D1,Agriculture,14.5,मेंढपाळ ह्यो जगातलो सगळ्यात जुनो व्यवसाय आसा आणि जगभरातल्या कृषी समुदायांमध्ये असता,मेंढपाळ हे जगातील सर्वात जुने व्यवसाय आहे आणि जगभरातील कृषी समुदायांमध्ये असते.
4823,715456,D2,Agriculture,14.237,"केसरची शेती दक्षिण युरोप , स्पेन , इटली , ग्रीस , तुर्किस्तान , इराण , चीन तसेच भारतामध्ये होते","केसरची शेती दक्षिण युरोप, स्पेन, इटली, ग्रीस, तुर्किस्तान, इराण, चीन तसेच भारतामध्ये होती."
4824,721663,D4,Banking,14.0,युनायटेड स्टेट्सचे चलनविषयक धोरण फेडरल रिझर्व्ह सिस्टम द्वारे नियंत्रित केले जाते,युनायटेड स्टेट्सचे चलनविषयक धोरण फेडरल रिझर्व्ह सिस्टमद्वारे नियंत्रित केले जाते
4825,706810,D1,Banking,14.5,"पेन्शन फंड , ज्याका काही देशांत सेवानिवृत्ती निधी म्हणून सुद्धा ओळखला जाता","पेन्शन फंड, जो काही देशांत सेवानिवृत्ती निधी म्हणून सुद्धा ओळखला जातो."
4826,717043,D2,Banking,14.0,पोलिश बँकांना चेक क्लिअर होण्यासाठी अजून दोन ते तीन आठवडे लागू शकतात,पोलिश बँकांना चेक क्लिअर होण्यासाठी अजून दोन ते तीन आठवडे लागू शकतात
4827,720430,D4,Banking,14.0,भारतीय महसूल सेवेचा मुख्य उद्देश केंद्र सरकारला विविध प्रत्यक्ष कर उपलब्ध करून देणे हा आहे,भारतीय महसूल सेवेचा मुख्य उद्देश केंद्र सरकारला विविध प्रत्यक्ष कर उपलब्ध करून देणे हा आहे
4828,707950,D1,Banking,14.5,या योजनेचो उद्देश नागरी स्थानिक संस्थांना कर्ज सुविधा उपलब्ध करून देणे ह्यो आसा,या योजनेचा उद्देश नागरी स्थानिक संस्थांना कर्ज सुविधा उपलब्ध करून देणे हा आहे.
4829,714558,D2,Agriculture,14.0,आजकाल मोठमोठ्या हाटेलस्मा चहा उकाळतस नैत गरम पानीमा चहाना पाकिटे बुडाईन देतस,आजकाल मोठ्या हॉटेलमध्ये चहा आणि गरम पाणी पिण्यासाठी पुरेसे देत.
4830,722131,D4,Agriculture,14.0,मी शाळेत वाचले आहे की बंगालमध्ये कोळंबी शेती मोठ्या प्रमाणावर केली जाते,मी शाळेत वाचले आहे की बंगालमध्ये कोळंबी शेती मोठ्या प्रमाणावर केली जाते
4831,708223,D1,Banking,14.5,कमी खर्चात लक्ष देवन खरेदी विक्री करुच्यासाठी आर्थिक बाजाराची सोय आसता,कमी खर्चात लक्ष देऊन खरेदी-विक्री करण्यासाठी आर्थिक बाजाराची सोय असते.
4832,717557,D2,Agriculture,14.0,गव्हास पाणी देण्याच्या वेळांमध्ये किती अंतर असावे ?,गव्हास पाणी देण्याच्या वेळांमध्ये किती अंतर असावे?
4833,720168,D4,Agriculture,14.0,कृषी यंत्र मानवांचा वापर करून शेतकरी आपल्या पिकांची काळजी अगदी सहज घेऊ शकतो,कृषी यंत्र मानवांचा वापर करून शेतकरी आपल्या पिकांची काळजी अगदी सहज घेऊ शकतो.
4834,707550,D1,Agriculture,14.5,ज्वारी ह्या दोन्ही ग्लुटेन मुक्त धान्य आसा जा जगातील उष्ण प्रदेशात पिकवला जाता,ज्वारी ही दोन्ही ग्लुटेन मुक्त धान्य जगातील उष्ण प्रदेशात पिकवली जाते.
4835,713662,D2,Banking,14.0,ग्रामीण रोजगार योजनामुये खेडापाडाना लोकेस्ना रोजगारमा वाढ व्हयी रायनी,ग्रामीण रोजगार योजनांमुळे खेडापाडाना लोकांच्या रोजगारात वाढ झाली आहे.
4836,720828,D4,Agriculture,14.0,टोमॅटो सूप हा एक अतिशय लोकप्रिय आणि पौष्टिक पदार्थ आहे जो जेवणापूर्वी दिला जातो,टोमॅटो सूप हा एक अतिशय लोकप्रिय आणि पौष्टिक पदार्थ आहे जो जेवणापूर्वी दिला जातो
4837,710874,D1,Agriculture,14.5,भारत मोहरीचा उत्पादन वाढवुसाठी शेतकऱ्यांका अनेक योजना आणि नवीन तंत्रज्ञान देता हा,भारत मोहरीचे उत्पादन वाढवण्यासाठी शेतकऱ्यांसाठी अनेक योजना आणि नवीन तंत्रज्ञान दिले जाते.
4838,715766,D2,Agriculture,14.0,पूर शेतीसाठी उपयुक्त माती आपल्यासोबत वाहून नेतो,पूर शेतीसाठी उपयुक्त माती आपल्यासोबत वाहून नेते.
4839,720123,D4,Agriculture,14.0,कीटकांचा उपद्रव जास्त झाला की झाडे पिवळी पडतात व वाढ थांबते,कीटकांचा उपद्रव जास्त झाला तर झाडे पिवळी पडतात व वाढ थांबते
4840,710570,D1,Agriculture,14.5,उगवण्याचो दर विशिष्ट प्रजातीच्या वनस्पतीमध्ये किती बिये हत ता सांगता,उगवण्याचा दर विशिष्ट प्रजातीच्या वनस्पतींमध्ये किती आहे हे सांगता
4841,713586,D2,Agriculture,14.0,सोयनं जीवन जगाकरता मानूसले एक हजार मेंढ्यास्नी गरज लागस,मानवांना जीवन जगण्यासाठी एक हजार मेंढ्यांची गरज लागते
4842,720979,D4,Agriculture,14.0,अंबर च्या गावात एक मोठे कोंबडीचे फार्म आहे जिथे अनेक कोंबड्या पाळल्या जातात,अंबरच्या गावात एक मोठे कोंबडीचे फार्म आहे जिथे अनेक कोंबड्या पाळल्या जातात
4843,709941,D1,Banking,14.5,निश्चित उत्पन्न विश्लेषण एक कर्ज सुरक्षेच्या मूल्याचा निर्धारण करण्याची पद्धती असा,निश्चित उत्पन्न विश्लेषण एक कर्ज सुरक्षेच्या मूल्याचा निर्धारण करण्याची पद्धती आहे.
4844,714755,D2,Agriculture,14.0,धडधाकट तब्येतनीकरता सेंद्रिय शेतीमा रासायनिक खते वापरतत नैत,धडधाकट तब्येतीमध्ये सेंद्रिय शेती करताना रासायनिक खते वापरत आहे.
4845,721995,D4,Banking,14.0,बचत बँक खात्याचे व्याज हे खात्यातील रोजच्या क्लोजिंग बॅलन्सवर रोज मोजले जाते,बचत बँक खात्याचे व्याज हे खात्यातील रोजच्या क्लोजिंग बॅलन्सवर रोज मोजले जाते
4846,706415,D1,Banking,14.438,"कर स्पर्धा , नियामक स्पर्धेचो येक प्रकार , अस्तित्त्वात असा जेव्हा सरकार आर्थिक भार कमी करता",कर स्पर्धा नियामक स्पर्धेचा एक प्रकार अस्तित्वात असतो जेव्हा सरकार आर्थिक भार कमी करते
4847,714656,D2,Banking,14.0,क्रेडिट कार्डना वापर करीन कित्ला पैसा खर्च झायात हाई स्टेटमेंट काढावर समजस,क्रेडिट कार्ड वापरून किती पैसे खर्च होतात हे स्टेटमेंटवरून समजून घ्या.
4848,719472,D4,Agriculture,14.0,न्यूट्रिएंट सोल्युशन हायड्रोपोनिक्स रोपे मातीत उगवत नाहीत,न्यूट्रिएंट सोल्युशन हायड्रोपोनिक्स रोपे मातीत उगवत नाहीत
4849,709885,D1,Agriculture,14.438,"चिंच जीन्स मोनो टायपिक हा , ज्याचो अर्थ असा की ह्याच्यात फक्त हीच प्रजाती सामील हा","चिनचे जनुके मोनो-प्रकारची आहेत, ज्याचा अर्थ असा की त्यात फक्त तीच प्रजाती समाविष्ट आहे."
4850,713500,D2,Agriculture,14.0,मासा धरा करता कोणता परकारना भांडा वापराले जोयजे ?,मासा घेताना कोणता उद्देश असतो आणि त्यासाठी कोणता मार्ग वापरावा?
4851,722265,D4,Agriculture,14.0,तण ही एक वनस्पती आहे जी विशिष्ट परिस्थितीत अवांछित मानली जाते,तण ही एक वनस्पती आहे जी विशिष्ट परिस्थितीत अवांछित मानली जाते
4852,712122,D1,Banking,14.433,पैशे दुसऱ्याक पाठवूचे आसले तर त्याका काही कर किवा अजून पैशे देऊचे लागतत काय ?,पैसा दुसऱ्यांना पाठवायचा असेल तर त्यासाठी काही करावे किंवा अजून पैसे द्यावे लागतील का?
4853,716595,D2,Banking,14.0,तुम्हाला कोणत्या प्रकारच्या गुंतवणुकीवर पूर्ण परतावा मिळाला आहे,तुम्हाला कोणत्या प्रकारच्या गुंतवणुकीवर पूर्ण परतावा मिळाला आहे
4854,719555,D4,Agriculture,14.0,नैसर्गिक फायबर आणि कृत्रिम पद्धतीने बनवलेल्या तंतूंच्या गुणधर्मांमध्ये फरक आहे,नैसर्गिक फायबर आणि कृत्रिम पद्धतीने बनवलेल्या तंतूंच्या गुणधर्मांमध्ये फरक आहे
4855,712265,D1,Banking,14.433,कर्ज फेडताना कर्ज ज्याच्या नावावर घेतला तोच माणूस लागता की दूसरो इलो तरी चलात ?,कर्ज फेडताना कर्ज ज्याच्या नावावर घेतला तोच माणूस लागतो की दुसरा इलो तरी चालतो?
4856,716776,D2,Banking,14.0,"भारताने सांगितले की , भारतीय योजना निती आयोगाने पास केल्या आहेत",भारताने सांगितले की भारतीय योजना निती आयोगाने पास केल्या आहेत
4857,722307,D4,Banking,14.0,शेअर सर्टिफिकेट विशिष्ट संख्येच्या समभागांची मालकी प्रमाणित करते,शेअर सर्टिफिकेट विशिष्ट संख्येच्या समभागांची मालकी प्रमाणित करते
4858,706486,D1,Banking,14.429,"बऱ्याच आधुनिक ऑनलाइन पेमेंट सेवा वापरूंक सुलभ , जलद आणि सुरक्षित पेमेंट मार्ग देतत","बऱ्याच आधुनिक ऑनलाइन पेमेंट सेवा वापरून सुलभ, जलद आणि सुरक्षित पेमेंट मार्ग देतात"
4859,715083,D2,Banking,14.0,भारत सरकार दरवर्षी विविध योजनांच्या माध्यमातून जनतेचे कल्याण करते,भारत सरकार दरवर्षी विविध योजनांच्या माध्यमातून जनतेचे कल्याण करते
4860,720935,D4,Agriculture,14.0,गुरांच्या ऊर्जेच्या गरजा पूर्ण करण्यासाठी डेअरी महत्वाची आहे,गुरांच्या ऊर्जेच्या गरजा पूर्ण करण्यासाठी डेअरी महत्त्वाची आहे
4861,707439,D1,Agriculture,14.429,किवी ह्या फळ एक आरोग्यदायी पर्याय आसा आणि त्येच्यात भरपूर जीवनसत्त्वे आणि अँटिऑक्सिडंट आसत,किवी हे फळ एक आरोग्यदायी पर्याय आहे आणि त्यात भरपूर जीवनसत्त्वे आणि अँटिऑक्सिडंट आहेत
4862,713509,D2,Agriculture,14.0,झिंगानी शेतीना पायरे जवयपास वीस टक्का खारफुटीनं जंगल नष्ट व्हयेल शे,झिंगानी शेतीतील सुमारे वीस टक्के खारफुटीचे जंगल नष्ट होईल.
4863,720693,D4,Banking,14.0,रामकुमार कधीही अविश्वासू व्यक्तीला कोरा चेक देत नाही,रामकुमार कधीही अविश्वासू व्यक्तीला कोरा चेक देत नाही
4864,706526,D1,Banking,14.429,शाब्दिक अर्थान कोरो चेक ह्यो येक चेक असा ज्यात कोणताही आर्थिक मू्ल्य लिवलेला नसता,शाब्दिक अर्थाचा तपास असा आहे ज्यात कोणताही आर्थिक मूल्य जोडलेला नसता
4865,714646,D2,Banking,14.0,कोणताही कर हावू सरकारनी तिजोरीमा महसूलना रुपमा पैसा गोळा करानं साधन शे,कोणताही कर कसे सरकाराने तिजोरीमध्ये महसुलाने रुपये गोळा करण्याचे साधन आहे?
4866,718994,D4,Banking,14.0,डेट सिक्युरिटीज सामान्यतः ठराविक कालावधीसाठी जारी केले जातात,डेट सिक्युरिटीज सामान्यतः ठराविक कालावधीसाठी जारी केले जातात
4867,707141,D1,Banking,14.429,"तुमचो कोणत्याही बँकेच्यो कोणत्याही शाखात खाता असला तर , तुमका त्याचो आय.एफ.एस.सी आपोआप कळता",जर तुमचे खाते कोणत्याही बँकेच्या कोणत्याही शाखेत असेल तर तुमचे तेच आय.एफ.एस.सी आपोआप कळते
4868,713540,D2,Agriculture,14.0,"टोक्करना झाडेस्ले कदय मदय फुल्लर येस , अशा झाडे चीनमा नही ते भारतमा दखातस","टोक्करताना झाडे असल्यास काय होते फुले, अशा झाडे चीनमध्ये नाही तर भारतात दाखवले आहेत"
4869,722154,D4,Banking,14.0,माझे वडील दिवसभर टीव्ही मध्ये स्टॉक मार्केटची बातमी पाहत राहतात,माझे वडील दिवसभर टीव्हीवर स्टॉक मार्केटची बातमी पाहत राहतात
4870,709564,D1,Banking,14.423,"भारतात वित्त मंत्रालय वित्तिय कायदा , भांडवली बाजार , कराधान इत्यादी विषयांका बघता","भारतातील वित्त मंत्रालयाचे वित्तीय कायदा, भांडवली बाजार आणि कराधान यांसारख्या विषयांचा विचार करता."
4871,716090,D2,Banking,14.0,"लगेचच डिजिटल वेतन खाते उघडण्यासाठी , तुम्हाला आधार कार्ड ची गरज पडेल",लगेचच डिजिटल वेतन खाते उघडण्यासाठी तुम्हाला आधार कार्डची गरज पडेल
4872,721546,D4,Agriculture,14.0,आधुनिक तणनाशके बहुधा नैसर्गिक वनस्पती संप्रेरकांची कृत्रिम नक्कल करतात,आधुनिक तणनाशके बहुधा नैसर्गिक वनस्पती संप्रेरकांची कृत्रिम नक्कल करतात
4873,712080,D1,Banking,14.423,ऑनलाइन घेतला क्रेडिट कार्ड किंवा डेबिट कार्ड घराकडे पोचाक कितके दिस लागतत ?,ऑनलाइन घेतलेल्या क्रेडिट कार्ड किंवा डेबिट कार्ड घराकडे किती दिसतात?
4874,713069,D2,Banking,14.0,आर्थिक गुन्हा आणि बेकायदेशीर सावकारीना विरुद्ध लढामा के.वाय.सी महत्त्वना घटक शे,आर्थिक गुन्हा आणि बेकायदेशीर सावकारीना विरुद्ध लढमा के.वाय.सी महत्त्वाचे घटक शे
4875,722450,D4,Agriculture,14.0,"फॉरेस्ट्री इंजिनिअरला सिव्हिल , मेकॅनिकल आणि फॉरेस्ट्रीचे ज्ञान असावे","फॉरेस्ट्री इंजिनिअरला सिव्हिल, मेकॅनिकल आणि फॉरेस्ट्रीचे ज्ञान असावे"
4876,709809,D1,Agriculture,14.423,"उप उत्पादन आणि प्रक्रियेद्वारा दुधापासून दह्य , ताक , पनीर एवढा मिळविला जाता","उपउत्पादन आणि प्रक्रियेद्वारे दुधापासून दही, ताक, पनीर एवढे मिळवले जातात."
4877,716523,D2,Agriculture,14.0,गेल्या सह दशकांपासून भारतात द्राक्षाचे व्यावसायिक उत्पादन होत आहे,गेल्या सह दशकांपासून भारतात द्राक्षाचे व्यावसायिक उत्पादन होत आहे
4878,722469,D4,Agriculture,14.0,भारतात वार्षिक पिकांचे उत्पादन वाढवण्यासाठी सरकारने अनेक पावले उचलली,भारतात वार्षिक पिकांचे उत्पादन वाढवण्यासाठी सरकारने अनेक पावले उचलली
4879,707696,D1,Banking,14.423,"निधी हस्तांतरणामध्ये , थेट ठेव करताना , देणारो ग्राहक संदर्भ माहिती पण देता",निधी हस्तांतरणामध्ये थेट ठेवताना ग्राहक संदर्भ माहिती पण देतो
4880,714625,D2,Agriculture,14.0,कपाशीन्या बियास्पाईन बनाडेल तेल कच्च्या भाजीस्वर टाकानी करता वापरतस,कपाशीच्या बियास्पाईनपासून तेल बनवताना कच्च्या भाजीपाला टाकून वापरता.
4881,719212,D4,Agriculture,14.0,सेंद्रिय शेतीचा मुद्या कार्बनिक पदार्थांच्या गरजा पूर्ण न करण्याचा आहे,सेंद्रिय शेतीचा मुद्दा कार्बनिक पदार्थांच्या गरजा पूर्ण न करण्याचा आहे
4882,711975,D1,Banking,14.417,तुमि दिल्यात त्या कर्जावरती कितक्या वर्सानी कितक्या टक्के दराने व्याज लागतला ?,तुम्ही त्या कर्जावर किती टक्के दराने व्याज लागला?
4883,715730,D2,Agriculture,14.0,पशुधन उत्पादन प्रणाली जनावरांपासून मिळणाऱ्या दुधातून केली जाते,पशुधन उत्पादन प्रणाली जनावरांपासून मिळणाऱ्या दुधातून केली जाते
4884,719004,D4,Agriculture,14.0,पी.एम.के.एस.वाय योजनेचा उद्देश सिंचनादरम्यान पाण्याचा नास कमी करणे हा आहे,पी.एम.के.एस.वाय योजनेचा उद्देश सिंचनादरम्यान पाण्याचा नास कमी करणे हा आहे.
4885,709142,D1,Agriculture,14.417,उत्पादन झाल्यार धान्य भांडार करूक आणि प्रक्रिया करूक योग्य व्यवस्था नाय हा,उत्पादन झाल्यानंतर धान्य भांडार करणे आणि प्रक्रिया करणे योग्य व्यवस्था नाही.
4886,712675,D2,Banking,14.0,रोहित गुंतवणूकना परकारसनी माहिती लेवाले जोगिंदरजोडे गया,रोहित गुंतवणूकच्या परकार्याची माहिती जोगिंदरजोडेकडून मिळाली
4887,721148,D4,Banking,14.0,दररोज अनेक जण बँकेत आपले खाते उघडण्यासाठी अर्ज करण्यासाठी येतात,दररोज अनेक लोक बँकेत खाते उघडण्यासाठी अर्ज करण्यासाठी येतात
4888,709022,D1,Banking,14.409,वित्तीय विनिमयनाचो उद्देश्य वित्तीय प्रणालीची स्थिरता आणि अखंडता कायम ठेउचो हा,वित्तीय विनिमयाचा उद्देश वित्तीय प्रणालीची स्थिरता आणि अखंडता कायम ठेवणे हा आहे
4889,715149,D2,Agriculture,14.0,मेंढ्यांना शेतात नेऊन त्यांचे केस स्वच्छ करून लोकरीचे धागे बनविले जातात,मेंढ्यांना शेतात घेऊन त्यांचे केस स्वच्छ करून लोकरीचे धागे बनवले जातात
4890,722108,D4,Agriculture,14.0,मी शेवाळाचा खत म्हणून वापर केल्यामुळे माझे उत्पन्न दुपटीने वाढले आहे,मी शेवाळाचा खत म्हणून वापर केल्यामुळे माझे उत्पन्न दुपटीने वाढले आहे
4891,707880,D1,Banking,14.409,"माझा चेडू ईदेशात संशोधन करता आसा , माका त्येचो अभिमान आसा","माझा चेडू ईदेशात संशोधन करत आहे, मला तेच अभिमान आहे"
4892,718074,D2,Banking,14.0,फोर व्हिलर नुकसानभरपाई न मिळाल्याने मला इन्शुरन्सची कोणती सेवा बँकेकडून मिळू शकते ?,चारचाकी नुकसानभरपाई न मिळाल्याने मला इन्शुरन्सची कोणती सेवा बँकेकडून मिळू शकते?
4893,721592,D4,Agriculture,14.0,"कृषी वनीकरण अनुप्रयोग जैवविविधता राखण्यास , उत्पादकता वाढविण्यात मदत करू शकतात",कृषी वनीकरण अनुप्रयोग जैवविविधता राखण्यास उत्पादकता वाढविण्यात मदत करू शकतात
4894,706637,D1,Banking,14.409,टॅक्स हेव्हन्सच्या वापरामुळे टॅक्स हेव्हन्स नसलेल्यो देशांका कर महसूल कमी होता,टॅक्स हेव्हन्सच्या वापरामुळे टॅक्स हेव्हन्स नसल्याने देशाचा कर महसूल कमी झाला.
4895,717288,D2,Agriculture,14.0,"शेतात ऊसाची मळी टाकल्यास त्याचा काय फायदा होतो , पीक चांगले येईल का ?","शेतात ऊसाची माती टाकल्यास त्याचा काय फायदा होतो, पीक चांगले येईल का?"
4896,721740,D4,Banking,14.0,सावकार किंवा वित्तीय संस्थेला कर्ज देण्यासाठी पैसे मिळतात,सावकार किंवा वित्तीय संस्थेला कर्ज देण्यासाठी पैसे मिळतात
4897,706775,D1,Banking,14.4,तरलता जोखमीचो दोन प्रकार आसत मार्केट लिक्विडिटी आणि फंडिंग लिक्विडिटी,तरलता जोखमीचे दोन प्रकार आहेत मार्केट लिक्विडिटी आणि फंडिंग लिक्विडिटी
4898,718406,D2,Banking,14.0,माझ्या खात्यात ऑनलाइन पैसे कसे मागवता येतील ?,माझ्या खात्यात ऑनलाइन पैसे कसे मागवता येतील?
4899,720880,D4,Agriculture,14.0,फ्रंट एंड लोडरचा वापर सैल सामग्रीचे उत्खनन आणि लोड करण्यासाठी केला जातो,फ्रंट अँड लोडरचा वापर सैल सामग्रीचे उत्खनन आणि लोड करण्यासाठी केला जातो.
4900,708994,D1,Banking,14.4,सरकारची पी.एम.जे.जे.बी.आय योजनेच्या सदस्यांका तीनशे तीनशे रुपये प्रिमियम देऊचा लागात,सरकारच्या पीएमजेजेबीआय योजनेच्या सदस्यांना तीनशे तीनशे रुपये प्रीमियम द्यावे लागतील.
4901,718475,D2,Banking,14.0,खाते सुरु ठेवण्यासाठी खात्यात किती पैसे शिल्लक असले पाहिजे ?,खाते सुरू ठेवण्यासाठी खात्यात किती पैसे शिल्लक असले पाहिजे?
4902,720012,D4,Agriculture,14.0,रेशीम किड्यांच्या संगोपनासाठी तुतीच्या पानांची गरज असते,रेशीम किड्यांच्या संगोपनासाठी तुतीच्या पानांची गरज असते
4903,708970,D1,Banking,14.4,प्रत्यक्ष विदेशी गुंतवणूक एका कंपनीसून दुसऱ्या कंपनेत करणारी गुंतवणूक असता,प्रत्यक्ष विदेशी गुंतवणूक एका कंपनीतून दुसऱ्या कंपनीत करणारी गुंतवणूक असते
4904,716008,D2,Banking,14.0,मी माझी आर.डी मागच्या महिन्यातच एफ.डी मध्ये बदलली,मी माझी आर.डी मागच्या महिन्यातच एफ.डी मध्ये बदलली
4905,720677,D4,Banking,14.0,लुका पॅसिओली यांना लेखाशास्त्राचे जनक मानले जाते,लुका पॅसिओली यांना लेखाशास्त्राचे जनक मानले जाते
4906,709484,D1,Banking,14.4,दीन दयाळ उपाध्याय ग्रामीण कौशल्य योजना ग्रामीण क्षेत्रातल्या लोकांसाठी असता,दीन दयाळ उपाध्याय ग्रामीण कौशल्य योजना ग्रामीण क्षेत्रातल्या लोकांसाठी आहे
4907,715514,D2,Agriculture,14.0,गुरांच पोषण गुरांच्या स्वास्थासाठी खूपच आवश्यक आहे,गुरांचे पोषण त्यांच्या आरोग्यासाठी खूपच आवश्यक आहे
4908,722730,D4,Banking,14.0,लाभार्थी नसलेल्यांना निधी हस्तांतरित करण्याचा सर्वोत्तम मार्ग,लाभार्थी नसलेल्यांना निधी हस्तांतरित करण्याचा सर्वोत्तम मार्ग
4909,706995,D1,Banking,14.389,व्यापार वित्त देशांतर्गत आणि आंतरराष्ट्रीय व्यापार व्यवहारांशी संबंधित असता,व्यापार वित्त देशांतर्गत आणि आंतरराष्ट्रीय व्यापार व्यवहारांशी संबंधित आहे.
4910,713733,D2,Agriculture,14.0,बटर हाई फक्त देखा दावाना आनी करमणूक कराना हेतू साद्य करता येस,फक्त देखा आणि करमणूक करानेचा हेतू साध्य करायचा आहे
4911,722182,D4,Banking,14.0,गंभीर परिस्थितीशी लढण्यासाठी सरकारकडून आर्थिक सुधारणा आणल्या जातात,गंभीर परिस्थितीशी लढण्यासाठी सरकारकडून आर्थिक सुधारणा आणल्या जातात
4912,709804,D1,Banking,14.382,"इंटरनेट बँकिंग मध्ये लाॅग इन करा , आणखी सेवा , नवीन मागणीसाठी ईमेल विवरणा वर क्लिक करा","इंटरनेट बँकिंगमध्ये लॉग इन करा, आणखी सेवांसाठी, नवीन मागणीसाठी ईमेल विवरणावर क्लिक करा"
4913,713521,D2,Agriculture,14.0,खराब मातीना कस वाढावा करता माती कंडीशनर वापरतंस,खराब माती वाढवण्यासाठी माती कंडिशनर वापरताना कसे करावे?
4914,721978,D4,Agriculture,14.0,शेतातील माती मोकळी करण्यासाठी हॅरोचा वापर केला जातो,शेतातील माती मोकळी करण्यासाठी हॅरोचा वापर केला जातो
4915,710433,D1,Agriculture,14.375,वनस्पतीच्या फळांपासुन गोळा केलेला फायबर उदाहरणार्थ नारळ फायबर,वनस्पतीच्या फळांमधून गोळा केलेला फायबर उदाहरणार्थ नारळ फायबर
4916,716381,D2,Agriculture,14.0,दूध जास्तकाळ टिकावे म्हणून थोडावेळ गरम केले जाते,दूध जास्त काळ टिकण्यासाठी थोडे वेळ गरम केले जाते.
4917,723718,D4,Banking,14.0,मले सामाजिक योजनेचा फायदा घ्याचा असन त कोनता अर्ज करा लागन ?,मला सामाजिक योजनेचा फायदा घ्यायचा असेल तर कोणता अर्ज करावा लागेल?
4918,710001,D1,Agriculture,14.375,भांगेची झाडा वेगवेगळ्या देशांतल्यानी वेगवेगळ्या टायमाक येऊ शकतत,भांगेची झाडे वेगवेगळ्या देशांमधून वेगवेगळ्या वेळी येऊ शकतात
4919,715103,D2,Banking,14.0,भारतात योजनांच्या अंमलबजावणीपूर्वी त्या राज्यसभा व लोकसभेत सादर केल्या जातात,भारतात योजनांच्या अंमलबजावणीपूर्वी त्या राज्यसभा व लोकसभेत सादर केल्या जातात
4920,719743,D4,Agriculture,14.0,पी.एम किसान योजनेच्या मदतीने सीताराम यांच्या खात्यात दोन हजारांची रक्कम आली,पी.एम किसान योजनेच्या मदतीने सीताराम यांच्या खात्यात दोन हजारांची रक्कम आली
4921,710795,D1,Agriculture,14.375,"पशु वैद्यकिय औषध , पशुसंवर्धन , प्रजनन , पोषण यावर संशोधन आणि उत्पादन विकासाशी संबंधीत असा","पशुवैद्यकीय औषध, पशुसंवर्धन, प्रजनन, पोषण यावर संशोधन आणि उत्पादन विकासाशी संबंधित आहे."
4922,717204,D2,Banking,14.0,राखून ठेवलेली कमाई कंपनीकडे उपलब्ध असलेल्या अतिरिक्त रोखीचे प्रतिनिधित्व करत नाही,राखून ठेवलेली कमाई कंपनीकडे उपलब्ध असलेल्या अतिरिक्त रोखीचे प्रतिनिधित्व करत नाही
4923,719772,D4,Banking,14.0,आजकाल पासबुक स्टेटमेंटची छपाई ऑटोमॅटिक मशीनद्वारे अनेक बँकांमध्ये केली जाते,आजकाल पासबुक स्टेटमेंटची छपाई ऑटोमॅटिक मशीनद्वारे अनेक बँकांमध्ये केली जाते
4924,706915,D1,Banking,14.357,परताव्याच्यो पद्धतीचा अंतर्गत दर एकतर पूर्व पोस्ट किंवा पूर्व पूर्व लागू केला जाऊ शकता,परताव्याच्या पद्धतीचा अंतर्गत दर एकतर मागील पोस्ट किंवा मागील पूर्व लागू केला जाऊ शकतो.
4925,714751,D2,Agriculture,14.0,दुधाळ गायनी चांगली देखरेख करी आणि कायजी लिदी ते दुधना धंदामा बरकत रहास,दुधाळ गायनी चांगली देखरेख करेल आणि त्या दुधाच्या व्यवसायात बरकत राहील
4926,721159,D4,Banking,14.0,अर्थ व्यवस्था नियंत्रणात ठेवण्यासाठी बँका हा एक महत्त्वाचा भाग आहे,अर्थ व्यवस्था नियंत्रणात ठेवण्यासाठी बँका हा एक महत्त्वाचा भाग आहे
4927,708066,D1,Banking,14.357,"संकरित दोन प्राणी किंवा भिन्न उपप्रजाती , वाण , जाती , प्रजाति याला म्हणतत","संकरित दोन प्राणी किंवा भिन्न उपप्रजाती यांना वाण, जाती, प्रजाति असे म्हणतात"
4928,714894,D2,Agriculture,14.0,कुंडीत फुलझाडे न लावता भाजीपाल्याची लागवड करून भाजीपाला उत्पादन घेतले जाते,कुंडीत फुलझाडे न लावता भाजीपाल्याची लागवड करून भाजीपाला उत्पादन घेतले जाते
4929,722200,D4,Banking,14.0,पैसे पाठविण्यासाठी त्वरित पेमेंट सेवेची मदत देखील घेतली जाऊ शकते,पैसे पाठविण्यासाठी त्वरित पेमेंट सेवेची मदत देखील घेतली जाऊ शकते
4930,710124,D1,Agriculture,14.357,"ॲक्वाकल्चर म्हनजे माशे , शंख आणि जलीय वनस्पतींचा प्रजनन , पालन आणि कापणी असा","ॲक्वाकल्चर म्हणजे मासे, शंख आणि जलीय वनस्पतींचे प्रजनन, पालन आणि कापणी आहे."
4931,713123,D2,Banking,14.0,डिमांड ड्राफ्ट नैते डी.डी बॅक कडथीन वाटाघाटी कराना करता लिखेल रहास,डिमांड ड्राफ्ट आणि डी.डी. बॅकच्या वाटाघाटीसाठी काय लिहावे लागेल?
4932,721891,D4,Banking,14.0,कॉर्पोरेशनचे भागधारक कायदेशीररित्या कॉर्पोरेशनपासून वेगळे असतात,कॉर्पोरेशनचे भागधारक कायदेशीररित्या कॉर्पोरेशनपासून वेगळे असतात
4933,707116,D1,Banking,14.333,"बँकिंग गुप्तता , वैकल्पिकरित्या आर्थिक गोपनीयता , बँकिंग विवेक म्हणून ओळखली जाता",बँकिंग गुप्तता वैकल्पिकरित्या आर्थिक गोपनीयता बँकिंग विवेक म्हणून ओळखली जाते
4934,717337,D2,Agriculture,14.0,विहिरीसाठी पाण्याची मोटर घेण्यासाठी मी कोणती प्रोसिजर करु ?,विहिरीसाठी पाण्याची मोटर घेण्यासाठी मी कोणती प्रक्रिया करावी?
4935,722459,D4,Agriculture,14.0,बुव्हेरिया बेसियाना ही बुरशी रेशीम किडीच्या संपूर्ण शरीराचा नाश करते,बुव्हेरिया बेसियाना ही बुरशी रेशीम किडीच्या संपूर्ण शरीराचा नाश करते
4936,706463,D1,Banking,14.333,नोंदणीकृत शेअर ह्यो येक स्टॉक असता जो अचूक मालकाच्या नावावर नोंदणीकृत असता,नोंदणीकृत शेअर हा एक स्टॉक असतो जो अचूक मालकाच्या नावावर नोंदणीकृत असतो.
4937,717585,D2,Agriculture,14.0,हवामानबदलामुळे होणारे नुकसान व पीक कर्ज यांचा परस्पर संबंध असतो का ?,हवामानबदलामुळे होणारे नुकसान व पीक कर्ज यांचा परस्पर संबंध असतो का?
4938,721517,D4,Banking,14.0,इक्विटी म्युच्युअल फंडांसाठी तुम्ही इंडेक्स फंडमध्ये गुंतवणूक करू शकता,इक्विटी म्युच्युअल फंडांसाठी तुम्ही इंडेक्स फंडमध्ये गुंतवणूक करू शकता
4939,710491,D1,Agriculture,14.333,"स्पिनिंग मशीनीक काँबर्स , रिंग स्पिनिंग सिस्टमाक टेक्सटाईल स्पिनिंग मशीनरी ऑफर करतव",स्पिनिंग मशीनीक काँबर्स रिंग स्पिनिंग सिस्टम टेक्सटाईल स्पिनिंग मशीनरी ऑफर करत आहेत
4940,717542,D2,Agriculture,14.0,लाल मातीतील मेथीचे रोगापासून संरक्षण कसे करावे ?,लाल मातीतील मेथीच्या रोगापासून संरक्षण कसे करावे?
4941,720984,D4,Agriculture,14.0,डोंगरावरील रहिवासी यामपासून विविध प्रकारचे पदार्थ बनवतात,डोंगरावरील रहिवासी यापासून विविध प्रकारचे पदार्थ बनवतात
4942,706969,D1,Banking,14.324,"पेपल , एमेझॉन पे , डायरेक्ट डेबिट पेमेंट , बँक ट्रान्सफर ह्या काही प्रकारचो ऑनलाइन पेमेंट आसत","पेपल, अमेझॉन पे, डायरेक्ट डेबिट पेमेंट, बँक ट्रान्सफर ह्या काही प्रकारची ऑनलाइन पेमेंट असतात."
4943,716133,D2,Agriculture,14.0,"विनोइंग एक अशी प्रक्रिया आहे , ज्याद्वारे भुसा धान्यातून वेगळा केला जातो",विनोइंग एक अशी प्रक्रिया आहे ज्याद्वारे भुसा धान्यातून वेगळा केला जातो
4944,719888,D4,Banking,14.0,ट्रान्झॅक्शन अकाउंट्स पासबुक द्वारे सर्व आर्थिक व्यवहारांची यादी प्रदान करतात,ट्रान्झॅक्शन अकाउंट्स पासबुक द्वारे सर्व आर्थिक व्यवहारांची यादी प्रदान करतात
4945,706460,D1,Banking,14.324,"निधीच्या स्रोतांत क्रेडिट , उद्यम भांडवल , देणग्यो , अनुदान , बचत आणि कर यांचो समावेश होता","निधींच्या स्रोतांत क्रेडिट, उद्यम भांडवल, देणगी, अनुदान, बचत आणि कर यांचा समावेश होता."
4946,712956,D2,Banking,14.0,परतावाना सुधारित अंतर्गत दर समझी लेवाले राहुलले निर्यातदारले भेटनं पडनं,परताव्याचे सुधारित अंतर्गत दर समजले आहेत राहुल आणि निर्यातदारांची भेट आणि स्थिती
4947,721074,D4,Banking,14.0,संपत्ती निर्मितीची कल्पना भारताच्या जुन्या आणि समृद्ध परंपरेत रुजलेली आहे,संपत्ती निर्मितीची कल्पना भारताच्या जुन्या आणि समृद्ध परंपरेत रुजलेली आहे
4948,706609,D1,Banking,14.318,व्यावसायिक कर्ज ह्या वैयक्तिक ग्राहकाक कर्ज देण्याऐवजी व्यवसायाकरता दिलेलो कर्ज असा,व्यावसायिक कर्ज वैयक्तिक ग्राहकांना कर्ज देण्याऐवजी व्यवसायासाठी दिलेलं कर्ज आहे.
4949,712875,D2,Banking,14.0,बजारमाथून परतावा जितला जास्त तितली गुंतवणूक वाढी,"बजारमाथून परतावा जितका जास्त, तितकी गुंतवणूक वाढी"
4950,720392,D4,Banking,14.0,पेमेंट तारखांच्या वारंवारतेनुसार वार्षिकी वर्गीकृत केल्या जाऊ शकतात,पेमेंट तारखांच्या वारंवारतेनुसार वार्षिकी वर्गीकृत केल्या जाऊ शकतात
4951,706816,D1,Banking,14.318,"सार्वभौम संपत्ती निधी , सामाजिक संपत्ती निधी म्हणून सुद्धा ओळखला जाता",सार्वभौम संपत्ती निधी सामाजिक संपत्ती निधी म्हणून सुद्धा ओळखला जातो
4952,717054,D2,Banking,14.0,सरकार महागाई रोखण्यासाठी व नियंत्रण मिळवण्यासाठी वचनबद्ध आहे,सरकार महागाई रोखण्यासाठी व नियंत्रण मिळवण्यासाठी वचनबद्ध आहे
4953,722207,D4,Agriculture,14.0,आमच्या वर्गात शिक्षकाने सांगितले की ब्राझील कोको उत्पादनात प्रथम स्थानावर आहे,आमच्या वर्गात शिक्षकाने सांगितले की ब्राझील कोको उत्पादनात प्रथम स्थानावर आहे
4954,708310,D1,Agriculture,14.278,"ताग स्वस्त आसता , मऊसुद आसता , तेची लांबी , चकाकी आणि एकसारखेपणा मुळे तेका लय मागणी आसता","ताग स्वस्त आहे, मऊ आहे, त्याची लांबी, चमक आणि एकरूपता यामुळे त्याची मागणी आहे"
4955,718276,D2,Banking,14.0,अल्पमुदतीच्या ठेवींसाठी माझ्याकडे कोणते पर्याय उपलब्ध आहेत ?,अल्पमुदतीच्या ठेवींसाठी माझ्याकडे कोणते पर्याय उपलब्ध आहेत?
4956,724270,D4,Agriculture,14.0,साध्या सिंचनापेक्षा ठिबक सिंचन जास्त चांगले रायते,साध्या सिंचनापेक्षा ठिबक सिंचन जास्त चांगले आहे
4957,707429,D1,Agriculture,14.25,"कापणी , हातान कापणी , यंत्रसामग्रीन कापणी अश्ये तीन कापणीचे पद्धती आसत","कापणी, हाताने कापणी, यंत्रसामग्रीने कापणी असे तीन कापणीची पद्धती आहेत."
4958,713929,D2,Banking,14.0,मालमत्ताना ईमा हाऊ जोखीमपासून संरक्षण देस,मालमत्तेला जोखीमपासून संरक्षण द्यावे
4959,720369,D4,Banking,14.0,प्रधानमंत्री आवास योजना क्रेडिट लिंक्ड सबसिडी स्कीम अंतर्गत येते,प्रधानमंत्री आवास योजना क्रेडिट लिंक्ड सबसिडी स्कीम अंतर्गत येते
4960,708397,D1,Agriculture,14.15,"प्रोटीन , कॅल्शियम , व्हिटॅमिन ए , व्हिटॅमिन बी , व्हिटॅमिन ई , व्हिटॅमिन सी हे सगळे पोषक घटक आसत","प्रोटीन, कॅल्शियम, व्हिटॅमिन ए, व्हिटॅमिन बी, व्हिटॅमिन ई, व्हिटॅमिन सी हे सगळे पोषक घटक असतात."
4961,713330,D2,Banking,14.0,शेअर बजारमा पैसा लावाना पैले त्यानी आख्खी माहिती जोयजे,शेअर बाजारात पैसा लावाने आधी त्यांची संपूर्ण माहिती मिळेल.
4962,720299,D4,Banking,14.0,"वैयक्तिक कर्जामध्ये , त्या व्यक्तीला कोणताही जामीन मंजूर करण्याची आवश्यकता नसते",वैयक्तिक कर्जामध्ये त्या व्यक्तीला कोणताही जामीन मंजूर करण्याची आवश्यकता नसते
4963,708270,D1,Banking,14.0,खासदारांनी स्थानिक क्षेत्र विकास निधीतून हॉस्पिटल बांधला,खासदारांनी स्थानिक क्षेत्र विकास निधीतून हॉस्पिटल बांधले
4964,716610,D2,Banking,14.0,तुमच्या जमिनीबाबत तुम्ही भूमी विकास बँकेशीही संपर्क साधू शकता,तुमच्या जमिनीबाबत तुम्ही भूमी विकास बँकेशीही संपर्क साधू शकता
4965,718894,D4,Banking,14.0,नवीन उद्योग स्थापित करण्यासाठी गुंतवलेल्या पैशांना सीड म्हणतात,नवीन उद्योग स्थापित करण्यासाठी गुंतवलेल्या पैशांना सीड म्हणतात
4966,708136,D1,Agriculture,14.0,हयच्या खेडेगावात पशुपालनासाठी मोठ्या जमिनीचो वापर करतत,हयच्या खेडेगावात पशुपालनासाठी मोठ्या जमिनीचा वापर करत आहेत.
4967,717174,D2,Agriculture,14.0,बॅकहो वापरून मऊ माती एका ठिकाणाहून दुसऱ्या ठिकाणी हलवली जाते,बॅकहो वापरून मऊ माती एका ठिकाणाहून दुसऱ्या ठिकाणी हलवली जाते
4968,718812,D4,Agriculture,14.0,कृषी उपकरणे खरेदी करण्यासाठी अँपप्समध्ये पहिली नोंदणी केली जाते,कृषी उपकरणे खरेदी करण्यासाठी अँपप्समध्ये पहिली नोंदणी केली जाते
4969,708333,D1,Banking,14.0,"देणगेतसून रक्त , नायतर बदलूच्यासाठी अवयव अशे डॉक्टरी गरजे पुरे जावक शकतत",देणगेतसून रक्त नायतर बदलूच्यासाठी अवयव असे डॉक्टरी गरजेपुरते जावक शकतत
4970,714410,D2,Agriculture,14.0,भारतीय शेतीमझार शेतीना कामे बाया जास्ती करतंस,भारतीय शेतीमझार कामात खूप काम केले जात आहे.
4971,719096,D4,Banking,14.0,महेशने त्याच्या धाकट्या भावाला भांडवल बाजाराची माहिती दिली,महेशने त्याच्या धाकट्या भावाला भांडवल बाजाराची माहिती दिली
4972,708444,D1,Banking,14.0,भारतीय स्टेट बँकेन ऑक्टोबर दोन हजार चौदामधी ऑनलाईन पासबुक सुविधेची सुरुवात केल्यान,भारतीय स्टेट बँकेने ऑक्टोबर दोन हजार चौदामदला ऑनलाईन पासबुक सुविधेची सुरुवात केली.
4973,716880,D2,Banking,14.0,रमेशने कर्नाटकातील एका कंपनीत पन्नास हजारांची इक्विटी खरेदी केली,रमेशने कर्नाटकातील एका कंपनीत पन्नास हजारांची इक्विटी खरेदी केली
4974,719434,D4,Banking,14.0,आर्थिक विश्लेषक होण्यासाठी मला कोणते विषय माहित असणे आवश्यक आहे ?,आर्थिक विश्लेषक होण्यासाठी मला कोणते विषय माहित असणे आवश्यक आहे?
4975,710024,D1,Agriculture,14.0,मनुक्याची निर्मिती द्राक्षांका सुकवून केली जाता,मनुक्याची निर्मिती द्राक्षांका सुकवून केली जाते
4976,713262,D2,Banking,14.0,एन.ई.एफ.टी वापराना करता तुमी लेवा देवा साठे कोणतीच सीमा लावू शकतस नही,एन.ई.एफ.टी वापरताना तुम्ही देवाच्या साठ्यांवर कोणतीही मर्यादा लावू शकत नाही
4977,720633,D4,Agriculture,14.0,सचिनने आपल्या बागेतील सौंदर्य वाढविण्यासाठी चंपाचे फूल लावले,सचिनने आपल्या बागेतील सौंदर्य वाढविण्यासाठी चंपाचे फूल लावले
4978,707330,D1,Banking,14.0,आपले जवान शहीद झाले हत पण पंतप्रधान नरेंद्र मोदींनी आपला संरक्षण बजेट वाढवला नाय आसा,आपले जवान शहीद झाले होते पण पंतप्रधान नरेंद्र मोदींनी आपला संरक्षण बजेट वाढवला नाही असे.
4979,715124,D2,Agriculture,14.0,मसूर दाळीच्या पिकासाठी पाण्याचा निचरा चांगला असावा लागतो,मसूर दाळीच्या पिकासाठी पाण्याचा निचरा चांगला असावा लागतो
4980,724331,D4,Banking,14.0,माया सोन्याच्या दागिन्यांइवर मले कुठे कर्ज भेटन ?,मला सोन्याच्या दागिन्यांवर कुठे कर्ज मिळेल?
4981,706446,D1,Banking,14.0,डी.डी.यू.जी.के योजना ह्या राष्ट्रीय ग्रामीण उपजीविका अभियानाचो येक भाग असा,डी.डी.यू.जी.के योजना ह्या राष्ट्रीय ग्रामीण उपजीविका अभियानाचा एक भाग आहेत.
4982,714385,D2,Banking,14.0,बँकमझार आर.टी.जी.एस नी सोय शे त्यानामुये चोवीस तासमा जोइजे त्याले पैसा धाडता येतस,बँकमझार आर.टी.जी.एस. ने त्यांनामुये चौबीस तासांमध्ये ते पैसे काढता येतात.
4983,718712,D4,Banking,14.0,लोकांची फसवणूक करण्याचा सर्वात सामान्य मार्ग म्हणजे क्यू.आर कोड,लोकांची फसवणूक करण्याचा सर्वात सामान्य मार्ग म्हणजे क्यू.आर कोड
4984,707733,D1,Agriculture,14.0,"पिंटू तुका सांगतंय , शेगलाच्या झाडाची चांगली वाढ होऊसाठी मॉप खताची गरज असता",पिंटू तुला सांगतोय की शेगलाच्या झाडाची चांगली वाढ होण्यासाठी मॉप खताची गरज असते.
4985,713155,D2,Banking,14.0,एस बँक नी देवान घेवानना इतिहास देखानी ऑनलाईन प्रणाली बराबर नही शे,एस बँकेच्या ऑनलाइन प्रणालीचा इतिहास बरोबर नाही.
4986,721852,D4,Banking,14.0,आर्थिक साधने किंवा वस्तूंचा स्पॉट मार्केट मध्ये व्यापार होतो,आर्थिक साधने किंवा वस्तूंचा स्पॉट मार्केटमध्ये व्यापार होतो
4987,707665,D1,Agriculture,14.0,देठ फायबरच्या तुलनेत बास्ट फायबरमध्ये ब्रेकच्या वेळी कमी लांबी असता,फायबरच्या तुलनेत बास्ट फायबरमध्ये ब्रेकच्या वेळी कमी लांबी असते
4988,715793,D2,Banking,14.0,प्रत्यक्ष बँकेद्वारे शाखा नेटवर्क बनवण्यासाठी लागणारा खर्च कमी असतो,प्रत्यक्ष बँकेद्वारे शाखा नेटवर्क बनवण्यासाठी लागणारा खर्च कमी असतो
4989,720960,D4,Agriculture,14.0,चिनार या झाडेच्या लाकूड सामान्यतः मैचस्टीक उद्योगात वापरले जाते,चिनार या झाडांच्या लाकडाचा उपयोग सामान्यतः मॅचस्टीक उद्योगात केला जातो.
4990,708556,D1,Banking,14.0,सामुदायिक विकास बँकेचो फायदो मोठ्या प्रमाणात वेगवेगळो आसू शकता,सामुदायिक विकास बँकेचे फायदे मोठ्या प्रमाणात वेगवेगळे असू शकतात
4991,713480,D2,Banking,14.0,ए.टी.एम मा पैसा काढानं कार्ड कशे वापरानं हायी सरवं आपलाच हातमा शे,ए.टी.एम मध्ये पैसे काढण्यासाठी कार्ड कसे वापरावे? सर्व आपलाच हात वापरा.
4992,720601,D4,Agriculture,14.0,कमी उतार असलेल्या भागात सिंचनासाठी पृष्ठभाग सिंचन पद्धत सर्वोत्तम आहे,कमी उताराच्या भागात सिंचनासाठी पृष्ठभागाची सिंचन पद्धत सर्वोत्तम आहे
4993,709661,D1,Banking,14.0,वित्तीय लेखांकनात आपण आपल्या रोजच्या आयुष्यात पण व्यवहाराची बढत आणि घटचो हिशोब लावू शकताव,वित्तीय लेखांकनात आपण आपल्या रोजच्या आयुष्यात पण व्यवहाराची वाढ आणि घटचा हिशोब लावू शकतो.
4994,718251,D2,Banking,14.0,कर्ज मिळविण्यासाठी मला कोणत्या नियमांची पूर्तता करावी लागेल ?,कर्ज मिळविण्यासाठी मला कोणत्या नियमांची पूर्तता करावी लागेल?
4995,722775,D4,Agriculture,14.0,एकोणिसाव्या शतकाच्या उत्तरार्धात कृषी अर्थ शास्त्राचा उदय झाला,एकोणिसाव्या शतकाच्या उत्तरार्धात कृषी अर्थशास्त्राचा उदय झाला
4996,710420,D1,Agriculture,14.0,रासायनिक संयुगे जसा की खनिज लवण आणि पाण्याक पोषक तत्त्व माननू शकताव,रासायनिक संयुगे जसे की खनिज लवण आणि पाण्यातील पोषक तत्त्व मोजता येतील
4997,717537,D2,Agriculture,14.0,काळ्या मातीत केलेल्या भुईमूगाला किती पाणी द्यावे ?,काळ्या मातीत लावलेल्या भुईमूगाला किती पाणी द्यावे?
4998,722720,D4,Banking,14.0,"प्रोफाइल वर जा , त्यानंतर तुम्हाला शेवटच्या दहा व्यवहारांचा तपशील मिळेल","प्रोफाइलवर जा, त्यानंतर तुम्हाला शेवटच्या दहा व्यवहारांचा तपशील मिळेल."
4999,711523,D1,Agriculture,14.0,चार गुंठे जागेत मी मिरची पेरलय किती कीटक नाशक ची फवारणी माका करूची लागात ?,"चार गुंठे जागेत मी मिरची पेरली, किती कीटकनाशकची फवारणी करायची लागात?"
5000,718300,D2,Banking,14.0,यू.पी.आय सेवेचा लाभ कोणकोणत्या कामासाठी होतो ?,यु.पी.आय सेवेचा लाभ कोणत्या कामासाठी होतो?
