id,text_id,dialect,domain,distortion_score,dialect_text,standard_text
3001,707181,D1,Banking,16.0,"तुमचो कार्ड हॉटलिस्ट झाल्यावर , बँक तुमचा कार्डच्यो वापरान होणारो कोणतोही व्यवहार ब्लॉक करता",तुमचे कार्ड हॉटलिस्ट झाल्यावर बँक तुमचे कार्ड वापरून कोणताही व्यवहार ब्लॉक करते.
3002,716507,D2,Agriculture,16.0,प्लास्टिकमध्ये गाठी गुंडाळण्यासाठी बेल रॅपर हे एक कृषी साधन आहे,प्लास्टिकमध्ये गाठी गुंडाळण्यासाठी बेल रॅपर हे एक कृषी साधन आहे
3003,719629,D4,Banking,15.889,राष्ट्रीय ग्रामीण आजीविका अभियान ग्रामीण विकास मंत्रालयाने सुरू केले,राष्ट्रीय ग्रामीण आजीविका अभियान ग्रामीण विकास मंत्रालयाने सुरू केले
3004,707956,D1,Banking,16.0,"युनायटेड बँक ऑफ इंडिया ही पंजाब नॅशनल बँकेच्या उपकंपन्यांपैकी एक आसा , असा संदीप सांगा होतो","युनायटेड बँक ऑफ इंडिया पंजाब नॅशनल बँकेच्या उपकंपन्यांपैकी एक आहे, असा संदीप सांगतो."
3005,713555,D2,Banking,16.0,पायेल जनावरेस्नी भी माणसेस्ना गत ईमा पालिसी काढता येस,पायेल जनावरेंनी भी माणसांनी गत ईमा पॉलिसी काढता येस
3006,724278,D4,Agriculture,15.875,"भारत जगात सर्वात जास्त डाळी , तांदूळ , दूध , ताग अन कापूस पिकवनारा देश हाय","भारत जगात सर्वात जास्त डाळी, तांदूळ, दूध आणि कापूस पिकवणारा देश आहे."
3007,708164,D1,Agriculture,16.0,अरबी चमेली अतिशय आकर्षक आणि सुवासिक आसता म्हणून तेची शेती केली जाता,अरबी चमेली अतिशय आकर्षक आणि सुवासिक असल्यामुळे त्याची शेती केली जाते
3008,717083,D2,Banking,16.0,तुम्ही प्रत्येक वर्षाच्या आर्थिक स्टेटमेन्टच्या नोंदी ठेवल्या पाहिजेत,तुम्ही प्रत्येक वर्षाच्या आर्थिक स्टेटमेंटच्या नोंदी ठेवल्या पाहिजेत
3009,724313,D4,Banking,15.875,माया शैहराबाहेर रायनाऱ्या माया भावाला पैसे पाठवाचे हाय,"माया, पत्नी बाहेर आहे, भावाला पैसे पाठवा."
3010,709116,D1,Agriculture,16.0,शेवाळ कृषि जलीय कृषिचो एक प्रकार हा जेच्यात शेवाळींच्या प्रजातींची पण शेती सामील असा,शेवाळ कृषी जलीय कृषी एक प्रकार आहे ज्यात शेवाळींच्या प्रजातींची पण शेती सामील आहे
3011,715832,D2,Banking,16.0,बँकेच्या नोटा मूळ स्वरूपात व्यवसायिक बँकांद्वारे जारी केल्या गेल्या होत्या,बँकेच्या नोटा मूळ स्वरूपात व्यवसायिक बँकांद्वारे जारी केल्या गेल्या होत्या
3012,721766,D4,Banking,15.875,"बँकेचे तपशील रोख प्रवाह , संभाव्य फसवणूक , व्यवहार तपासणी , बँक सामंजस्य यासाठी वापरले जातात","बँकेचे तपशील, रोख प्रवाह, संभाव्य फसवणूक, व्यवहार तपासणी आणि बँक सामंजस्य यासाठी वापरले जातात."
3013,710464,D1,Agriculture,16.0,सद्याच्या सरकारच्या योग्य प्रयत्नांमुळे शेती आणि भारतीय अर्थव्यवस्थेची प्रगती झाली हा,सध्याच्या सरकारच्या योग्य प्रयत्नांमुळे शेती आणि भारतीय अर्थव्यवस्थेची प्रगती झाली.
3014,715517,D2,Agriculture,16.0,गुरांमध्ये प्रजनन क्षमता वाढवण्यासाठी शेतकरी मुवीस हार्मोनचा वापर करता,शेतकरी गुरांमध्ये प्रजनन क्षमता वाढवण्यासाठी हार्मोनचा वापर करतो
3015,719365,D4,Banking,15.857,"व्यवसायातील जोखीम , व्यवसाय नसलेली जोखीम आणि आर्थिक जोखीम हे गुंतवणुकीच्या जोखमीचे प्रकार आहेत","व्यवसायातील जोखीम, व्यवसाय नसलेली जोखीम आणि आर्थिक जोखीम हे गुंतवणुकीच्या जोखमीचे प्रकार आहेत"
3016,710734,D1,Banking,16.0,ढाब्यावाल्यान सांगितला कि एक्सपे ॲपमुळा देवाण घेवाणिचे व्यवहार खुप सोप्या पध्दतीन होतत,ढाब्यावाल्यानने सांगितले की एक्सप ॲपमुळे देवाण घेण्याचे व्यवहार खूप सोप्या पद्धतीने होत आहेत.
3017,714910,D2,Banking,16.0,कोणतीही वस्तू खरेदी करण्यापूर्वी तिची किंमत माहित करून घेणे गरजेचे आहे,कोणतीही वस्तू खरेदी करण्यापूर्वी तिची किंमत जाणून घेणे गरजेचे आहे
3018,719628,D4,Banking,15.846,सापेक्ष परतावा हा परिपूर्ण परतावा आणि बेंचमार्कद्वारे प्राप्त केलेला परतावा यामधील फरक आहे,सापेक्ष परतावा हा परिपूर्ण परतावा आणि बेंचमार्कद्वारे प्राप्त केलेला परतावा यामधील फरक आहे
3019,708531,D1,Agriculture,16.0,शेतीसाठी गरजेच्या पोषक तत्व आणि खतांच्या नावाची यादी प्रत्येक कार्यालयात लावलेली असता,शेतीसाठी गरजेच्या पोषक तत्व आणि खतांच्या नावाची यादी प्रत्येक कार्यालयात लावलेली असते.
3020,712714,D2,Banking,16.0,वर्तमान मूल्यना बारामा माहित कराना करता त्याना सखोल आभ्यास करना पडस,सध्याच्या मूल्यांची बारा गोष्टींची माहिती करून घेण्यासाठी सखोल अभ्यास करणे आवश्यक आहे
3021,721109,D4,Banking,15.818,आर्थिक प्रभाव हा देशाच्या आर्थिक विकासावर कमी दराच्या गुंतवणुकीचा प्रभाव असतो,आर्थिक प्रभाव हा देशाच्या आर्थिक विकासावर कमी दराच्या गुंतवणुकीचा परिणाम असतो.
3022,706480,D1,Banking,16.0,"फायनान्समध्ये , बाँड ह्यो एक प्रकारचो सिक्युरिटी असा जो अंतर्गत जारीकर्ता धारकाक कर्जा देतत",फायनान्समध्ये बाँड एक प्रकारचा सिक्युरिटी आहे जो अंतर्गत जारीकर्ता धारकांना कर्ज देत आहे
3023,713878,D2,Banking,16.0,प्रीतम तुले माहीत शे का बँक भी वित्तीय संस्थामा येस,प्रीतम तुम्हाला माहीत आहे का की बँक वित्तीय संस्था आहे?
3024,722888,D4,Agriculture,15.818,"अमेरिकेतून फिलिपाईन , चीन , जपान , मलेशियामार्गे भारतात पोहोचले आहे","अमेरिकेतून फिलिपाईन, चीन, जपान, मलेशियामार्गे भारतात पोहोचले आहे."
3025,712533,D1,Agriculture,16.0,शेतकऱ्यांकसाठी ट्रॅक्टर खरेदी करुच्या साठी खयच्या विशेष योजना असात काय ?,शेतकऱ्यांसाठी ट्रॅक्टर खरेदीच्या विशेष योजना आहेत का?
3026,712979,D2,Agriculture,16.0,किसान क्रेडिट कार्ड त्या शेतकरीस ले भेटस ज्या पशु नी मासा पायतस,किसान क्रेडिट कार्ड त्या शेतकऱ्याला मिळते ज्या पशु आणि मासे पाळतो
3027,719600,D4,Agriculture,15.727,मधमाश्या पाळणारी व्यक्ती म्हणजे मधमाश्या पाळणारी आणि त्यांची काळजी घेणारी व्यक्ती,मधमाश्या पाळणारी व्यक्ती म्हणजे मधमाश्या पाळणारी आणि त्यांची काळजी घेणारी व्यक्ती
3028,708382,D1,Banking,16.0,पैसा बाजारात साधारण अल्पकालीन कर्ज एक वर्ष नायतर तेच्यापेक्षा कमी काळासाठी मेळता,पैसा बाजारात साधारण अल्पकालीन कर्ज एक वर्ष नाहीतर तेच्यापेक्षा कमी काळासाठी मिळते.
3029,716150,D2,Agriculture,16.0,व्यवहारिक रूपाने कृषी वनीकरनातून ग्रामीण क्षेत्रांमध्ये इंधनाची गरज पूर्ण केली जाते,व्यवहारिक रूपाने कृषी वनीकरनातून ग्रामीण क्षेत्रांमध्ये इंधनाची गरज पूर्ण केली जाते
3030,720914,D4,Agriculture,15.643,"क्रस्टेशियन्सची संस्था तीन झोनमध्ये विभागली गेली आहे , जी तीन झोनमध्ये विभागली गेली आहे","क्रस्टेशियन्सची संस्था तीन झोनमध्ये विभागली गेली आहे, जे तीन झोनमध्ये विभागली गेली आहे."
3031,708930,D1,Banking,16.0,आधी दर महिन्याक माझ्या पत्त्यावर तारखेच्या लेखा जोख्यासकट बॅन्क स्टेटमेंट येता,आधी दर महिन्याला माझ्या पत्त्यावर तारखेच्या लेखासोबत बँक स्टेटमेंट येते.
3032,714524,D2,Agriculture,16.0,"सेंद्रिय शेतीमा पालापाचोया , कंपोस्ट खतना वापर करामुये जमिननी सुपीकता टिकस","सेंद्रिय शेतीमध्ये पालपचोय, कंपोस्ट खता वापरून जमिनीची सुपीकता टिकवा."
3033,723219,D4,Agriculture,15.5,गोदामात उंदरायनं पीक खाल्लं नाही पायजे म्हनून का उपाय करा लागन ?,"गोदामात उंदरांनी पीक खाल्ले नाही, म्हणून काय उपाय करावे लागेल?"
3034,712520,D1,Agriculture,16.0,सेंद्रिय पद्धतीने शेती केलेलो पिकांका बाजारमूल्य जास्त आसा,सेंद्रिय पद्धतीने शेती केल्यावर पिकांचे बाजारमूल्य जास्त असते.
3035,718363,D2,Banking,16.0,सामाजिक क्षेत्रातील योजनाबद्दल माहिती पाहिजे आहे ?,सामाजिक क्षेत्रातील योजनांबद्दल माहिती पाहिजे आहे का?
3036,721040,D4,Agriculture,15.5,कृषी वनीकरणात मासेमारी आणि खाणकाम यांचाही समावेश होतो,कृषी वनीकरणात मासेमारी आणि खाणकाम यांचाही समावेश होतो
3037,708268,D1,Banking,16.0,"खातेधारकांपैकी कोणय , संयुक्त खात्यातले जमा असलेले पैशे मागे घेवक शकतत",खातेधारकांपैकी कोण संयुक्त खात्यातले जमा असलेले पैसे मागे घेऊ शकत?
3038,717809,D2,Agriculture,16.0,पिकावर कोणत्याही रोगाचा प्रादुर्भाव होऊ नये यासाठी कोणती काळजी घ्यावी ?,पिकावर कोणत्याही रोगाचा प्रादुर्भाव होऊ नये यासाठी कोणती काळजी घ्यावी?
3039,724252,D4,Banking,15.5,सामाजिक योजना शोधासाठी कोंती वेबसाईट बघा लागन ?,सामाजिक योजना शोधण्यासाठी कोणती वेबसाईट बघावी लागते?
3040,709389,D1,Agriculture,16.0,"काबुली चणे सेंटीमीटर पेक्षा पण व्यासाचे छोटे , बदामी रंगाचे असतत","काबुली चणे सेंटीमीटरपेक्षा पण व्यासाचे छोटे, बदामी रंगाचे आहेत."
3041,718439,D2,Banking,16.0,ठेवीवरील मॅच्युरिटीची रक्कम माझ्या खात्यात ऑनलाईन पद्धतीने जमा होऊ शकते का ?,ठेवीवरील मॅच्युरिटीची रक्कम माझ्या खात्यात ऑनलाईन पद्धतीने जमा होऊ शकते का?
3042,723905,D4,Banking,15.5,मले माह्या खात्यातून लागलीच पैसे पाठवाचे असल्यास कसे पाठोता यीन ?,मला माह्या खात्यातून पैसे पाठवायचे असल्यास कसे पाठवावे?
3043,710010,D1,Agriculture,16.0,भारतातील कृषी समस्येंमुळे अन्नधान्याच्या उत्पादनात वर्षानुवर्षा चढ उतार होत असतत,भारतातील कृषी समस्यांमुळे अन्नधान्याच्या उत्पादनात वर्षानुवर्षा चढउतार होत होते.
3044,715698,D2,Agriculture,16.0,दोन हजार वीस मध्ये ग्रीन कॉफी बीयांचं विश्वभरात उत्पादन एकशे पंच्याहत्तर करोड किलोग्रॅम होतं,दोन हजार वीसमध्ये ग्रीन कॉफी बीयांचे विश्वभरात उत्पादन एकशे पंच्याहत्तर करोड किलोग्राम होते.
3045,724137,D4,Banking,15.5,धंद्यासाठी कर्ज घ्यासाठी कितीक क्रेडिट स्कोर पायजेन रायते ?,धंद्यासाठी कर्ज घेण्यासाठी किती क्रेडिट स्कोअर पाहिजे?
3046,709650,D1,Banking,16.0,वर्चुअल कार्ड बघितल्या वर त्या पेक्षा जास्त फायदा असल्याचो दिसून येता,वर्चुअल कार्ड पाहिल्यावर त्यापेक्षा जास्त फायदा दिसून येतो
3047,712621,D2,Agriculture,16.0,पिकंसन चांगल उत्पादन येवाना करता माती आणि वातावरणमझरला तापमाननी गरज रहास,उत्तम उत्पादन मिळवण्यासाठी माती आणि वातावरणाचे तापमान तुम्हाला गरज आहे का?
3048,724032,D4,Banking,15.5,मले सामाजिक योजनेचा फायदा घ्यासाठी काय करा लागन ?,मला सामाजिक योजनेचा फायदा घेण्यासाठी काय करावे लागेल?
3049,707634,D1,Agriculture,16.0,तुम्ही कडुलिंबाचा तेल आणि पानांचा पिकांवर नेमॅटिकसाइड म्हणून वापर करू शकतास,तुम्ही कडुलिंबाचे तेल आणि पानांचा वापर नेमॅटिकसाइड म्हणून करू शकता.
3050,713316,D2,Banking,16.0,आर्थिक दृष्टीतीन घरे आणि येवसाय कढतीन भेटनारी कर आकारनीना पैसा राष्ट्रना सरकारकडे जमा व्हतस,आर्थिक दृष्टिकोनातून घरे आणि येवसाय संबंधित कर पैसे राष्ट्राकडे सरकारकडे जमा होतात
3051,724055,D4,Banking,15.5,पंच्यात्तर हजार काढासाठी मले कितीक पैसे जादा द्या लागन ?,एकवीस हजार कर्जासाठी मला किती जास्त पैसे द्यावे लागतील?
3052,710791,D1,Banking,16.0,परदेशी चलनाचो व्यापार करण्याचो फायदो म्हणजे थेट मार्केट मेकरकडना ट्रेडिंग करुक गावता,परदेशी चलनाचे व्यापार करण्याचे फायदे म्हणजे थेट मार्केट मेकरकडून ट्रेडिंग मिळते
3053,716676,D2,Agriculture,16.0,पृष्ठभागावरील सिंचनात पाणी हे जमिनीच्या पृष्ठभागावर पाठ पद्धतीने पिकाला दिले जाते,पृष्ठभागावरील सिंचनात पाणी हे जमिनीच्या पृष्ठभागावर पाठ पद्धतीने पिकाला दिले जाते
3054,724210,D4,Banking,15.5,कराच पात्रता मायती करासाठी मले कोनाले भेटा लागन ?,मला पात्रतेसाठी काय भेटायला लागेल?
3055,710089,D1,Agriculture,16.0,"शेंगांचे अनेक प्रकार आहेत , फळांमध्ये प्रथिनांचे प्रमाण जास्त असते","शेंगांचे अनेक प्रकार आहेत, फळांमध्ये प्रथिनांचे प्रमाण जास्त असते."
3056,716213,D2,Banking,16.0,संयुक्त खातेदारा कडून खात्यावर देवाणघेवणीला प्रभावीत करण्यासाठी अधिकृत आहे,संयुक्त खातेदारांकडून खात्यावर देवाणघेवणीला प्रभावीत करण्यासाठी अधिकृत आहे
3057,724122,D4,Banking,15.5,"माया बचत खात्यात कितीक पैसे बाकी हाय , हे तुम्ही मले सांगू सकानं का ?","माया बचत खात्यात किती पैसे बाकी आहेत, हे तुम्ही मला सांगू शकाल का?"
3058,708596,D1,Agriculture,16.0,आई.पी.एम कार्यक्रम परिणामकारकता आणि जोखमीसाठी योग्य नियंत्रण पद्धतींचा मूल्यांकन करतत,आई.पी.एम कार्यक्रमाच्या परिणामकारकता आणि जोखमीसाठी योग्य नियंत्रण पद्धतींचे मूल्यांकन केले जात आहे
3059,715859,D2,Agriculture,16.0,बांबूच्या काही प्रकारांमध्ये तर पासष्ट ते एकशे वीस वर्षांच्या कालावधीनंतर फुल येते,बांबूच्या काही प्रकारांमध्ये तर पासष्ट ते एकशे वीस वर्षांच्या कालावधीनंतर फुल येते
3060,723643,D4,Banking,15.5,योजनेची पूर्ण मायती मिळवासाठी मले का करावं लागन ?,योजनेची पूर्ण माहिती मिळवण्यासाठी मला का करावे लागते?
3061,708361,D1,Agriculture,16.0,"पशुधन विमा योजनेच्या माहितीसाठी पशुपालन , डेअरी तसाच मत्स्यपालन विभागाक संपर्क साधा","पशुधन विमा योजनेच्या माहितीसाठी पशुपालन, डेअरी तसेच मत्स्यपालन विभागाशी संपर्क साधा."
3062,716994,D2,Agriculture,16.0,सरकारी हितसंबंधांमुळे सागरी शेतीचा पर्यावरणीय प्रभाव गेल्या दोन दशकांत विस्तारला आहे,सरकारी हितसंबंधांमुळे सागरी शेतीचा पर्यावरणीय प्रभाव गेल्या दोन दशकांत विस्तारला आहे
3063,722960,D4,Agriculture,15.5,"मायापाशी एक एकर शेत हाये , मले पीककर्ज मिळायले काय करावं लागन ?","मायापाशी एक एकर शेत आहे, मला पीककर्ज मिळाले, काय करावे लागेल?"
3064,708319,D1,Banking,16.0,तुमच्या आय.बी.ए.एन नंबर वरसुन तुमका म्हायती जाताला की खयच्या देशात तुमचा खाता आसा,तुमच्या आय.बी.ए.एन नंबरवरून तुम्हाला माहिती आहे का की त्या देशात तुमचे खाते आहे?
3065,713980,D2,Banking,16.0,एप्रिलमा नवीन आर्थिक वर्ष सुरू होस आणि भारतामा केंद्रीय अर्थसंकल्प लागू करू शकतस,एप्रिलमध्ये नवीन आर्थिक वर्ष सुरू होईल आणि भारतात केंद्रीय अर्थसंकल्प लागू करता येईल.
3066,722974,D4,Agriculture,15.5,शेतीच्या कामाचे साधनं विकत घ्यासाठी कोनतं ॲप हाये का ?,शेतीच्या कामाचे साधनं विकत घेण्यासाठी कोणते ॲप आहे?
3067,708287,D1,Agriculture,16.0,चांगल्या गुणांका जोर दिवच्यासाठी शेतकऱ्यांकडून व्यवस्थापन केला जाता,चांगल्या गुणांचा जोर दिव्यासाठी शेतकऱ्यांकडून व्यवस्थापन केले जाते
3068,717319,D2,Agriculture,16.0,थंड हवामानाचा माझ्या गव्हावर कोणता परिणाम होईल ?,थंड हवामानाचा माझ्या गव्हावर कोणता परिणाम होईल?
3069,718921,D4,Agriculture,15.5,शेतकऱ्यांनी वापरलेल्या पद्धतींवर अवलंबून शेतीचा पर्यावरणीय प्रभाव मोठ्या प्रमाणात बदलतो,शेतकऱ्यांनी वापरलेल्या पद्धतींवर अवलंबून शेतीचा पर्यावरणीय प्रभाव मोठ्या प्रमाणात बदलतो
3070,708498,D1,Agriculture,16.0,रोपाच्या जपणुकीसाठी तेतुरला रान काढूक होया आणि सेंद्रिय कीटकनाशकांचो वापर करुक होयो,पिकाच्या जपणुकीसाठी त्या भागाचे काढणे हवे आणि सेंद्रिय कीटकनाशकांचा वापर करायला हवा.
3071,717800,D2,Agriculture,16.0,"लेंडी खतामुळे जमिनीवर मोठ्या प्रमाणावर काटेरी झाडे उगवतात , त्यामुळे जमीन नापीक होते का ?","लेंडी कर्जामुळे जमिनीवर मोठ्या प्रमाणावर काटेरी झाडे उगवतात, त्यामुळे जमीन नापीक होते का?"
3072,723469,D4,Agriculture,15.5,हिवाळ्यामंदी रात्री शेतात धुर करून ठेवला तर थंडीपासून पिकाचा बचाव होईन का ?,हिवाळ्यामंदी रात्री शेतात धुर करून ठेवल्यास थंडीपासून पिकाचा बचाव होईल का?
3073,710957,D1,Banking,16.0,म्युचल सेव्हिंग्ज बँकेतलो कपातीनंतरचो नफो सभासदांमध्ये सामायिक केलो जाता,म्युच्युअल सेव्हिंग्ज बँकेत कपातीनंतर नोंदी सभासदांमध्ये सामायिक केल्या जातात
3074,714703,D2,Agriculture,16.0,जरदाळू जास्त खावावर वान्ती व्हस नैते घाम येस,जर जास्त खाल्ले तर वान्ता आणि घाम येतो
3075,721068,D4,Banking,15.5,पासबुक छपाईच्या माध्यमातून रुपयाच्या व्यवहाराची माहिती मिळू शकते,पासबुक छपाईच्या माध्यमातून रुपयाच्या व्यवहाराची माहिती मिळू शकते
3076,707699,D1,Banking,16.0,नॅशनल इलेक्ट्रॉनिक फंड ट्रान्सफर म्हनजे एका बँकेतसून दुसऱ्या खात्यात निधीचा हस्तांतरण करणा होय,नॅशनल इलेक्ट्रॉनिक फंड ट्रान्सफर म्हणजे एका बँकेतून दुसऱ्या खात्यात निधीचे हस्तांतरण होय
3077,713847,D2,Agriculture,16.0,मी वर्तमानपत्रमा वाच की लवकरच दुग्धना ईकास साठे योजना सुरू व्हाई राहिन्यात,मी वर्तमानपत्र वाचले की लवकरच दुधाच्या एका योजनेची सुरुवात होईल.
3078,719774,D4,Banking,15.5,तुम्हाला तुमची स्वतःची संख्या वापरायची किंवा व्यवस्थापित करायची आहे का ?,तुम्हाला तुमची स्वतःची संख्या वापरायची किंवा व्यवस्थापित करायची आहे का ?
3079,707867,D1,Banking,16.0,"मनी मार्केट मध्ये प्रचलित असलेल्या व्याजदरांवर आधारित व्याज देतत , असा समिर सांगा होतो","मनी मार्केटमध्ये प्रचलित असलेल्या व्याजदरांवर आधारित व्याज देत आहे, असा समीर सांगतो होतो."
3080,717702,D2,Agriculture,16.0,"मुरमाड मातीचे इतर मातीत रुपांतर करायचे आहे , काय करावे लागेल ?","मुरमाड मातीचे इतर मातीत रूपांतर करायचे आहे, काय करावे लागेल?"
3081,719099,D4,Banking,15.5,"अर्जाच्या स्थितीचा मागोवा घेतल्यावर , खाते उघडण्यात समस्या असल्याचे आढळून येते",अर्जाच्या स्थितीचा मागोवा घेतल्यावर खाते उघडण्यात समस्या असल्याचे आढळून येते
3082,708666,D1,Agriculture,16.0,धान्याचो जो खाण्याचो भाग असता तेका भुश्यातना वेगळा करुची प्रक्रिया थ्रेशिंग असा,धान्याचा जो भाग खाण्यासाठी असतो तो भुश्यातून वेगळा करण्याची प्रक्रिया थ्रेशिंग आहे
3083,718575,D2,Banking,16.0,खाते उघडण्यासाठीच्या आवश्यक कागदपत्रांची माहिती मला हवी आहे,खाते उघडण्यासाठीच्या आवश्यक कागदपत्रांची माहिती मला हवी आहे
3084,719028,D4,Agriculture,15.5,अपुर्या प्रमाणात साठवणूक घरे असल्याने पीक जास्त काळ सुरक्षित राहत नाही,अपुऱ्या प्रमाणात साठवणूक घरांमुळे पीक जास्त काळ सुरक्षित राहत नाही
3085,706426,D1,Banking,16.0,क्रेडिट युनियन बँकांसारखाच अनेक वित्तीय सेवा देतत पण भरपूर येळेक येगळी शब्दावली वापरतत,क्रेडिट युनियन बँकांसारखेच अनेक वित्तीय सेवा देतात पण भरपूर शब्दावली वापरतात
3086,718364,D2,Banking,16.0,मी पंतप्रधान योजनेसाठी अर्ज करु शकतो का ? सामाजिक योजनेतून पैसे कसे मिळवायचे,मी पंतप्रधान योजनेसाठी अर्ज करू शकतो का? सामाजिक योजनेतून पैसे कसे मिळवायचे?
3087,720720,D4,Banking,15.5,कुशलला बारावीच्या परीक्षेत आंतरराष्ट्रीय नाणेनिधीबद्दल प्रश्न विचारण्यात आला होता,कुशलला बारावीच्या परीक्षेत आंतरराष्ट्रीय नाणेनिधीबद्दल प्रश्न विचारण्यात आला होता
3088,710125,D1,Banking,16.0,अर्थशास्त्राच्या मदतीन देशासाठी येक साधी सरळ अर्थ व्यवस्था बनवता येता,अर्थशास्त्राच्या मदतीने देशासाठी एक साधी सरळ अर्थ व्यवस्था बनवता येते.
3089,716827,D2,Agriculture,16.0,मगरी हे पाळीव प्राणी नसून मानव त्यांना व्यवसायासाठी पाळतात,मगरी हे पाळीव प्राणी नसून मानव त्यांना व्यवसायासाठी पाळतात
3090,719442,D4,Banking,15.5,तुम्हाला जमीन खरेदी करण्यासाठी स्वतःचे भांडवल वापरयाला पाहिजे,तुम्हाला जमीन खरेदी करण्यासाठी स्वतःचे भांडवल वापरायला पाहिजे
3091,708857,D1,Banking,16.0,ऋण गॅरेंटी मध्ये जर तुम्ही कर्ज नाय फेडलास तर तुमका त्रास होतलो,ऋण गॅरंटीमध्ये जर तुम्ही कर्ज फेडले नाही तर तुमचा त्रास होत आहे.
3092,713534,D2,Banking,16.0,"वस्तूसना भाव कायम कमी जास्त व्हतंस , त्याकरता फायनान्स कराले सांगतस","वस्तूसना भाव कायम कमी जास्त बदलत, त्यासाठी फायनान्स सांगत आहे."
3093,721279,D4,Banking,15.5,रिअल इस्टेट ही एक मालमत्ता आहे जी अहवाल देण्याच्या कालावधी पेक्षा अधिक उपयुक्त जीवन असते,रिअल इस्टेट ही एक मालमत्ता आहे जी अहवाल देण्याच्या कालावधीपेक्षा अधिक उपयुक्त जीवन असते
3094,706591,D1,Banking,16.0,"बँक फसवणूक म्हणजे पैसो , मालमत्ता मिळवूक संभाव्य बेकायदेशीर मार्गांचो वापर","बँक फसवणूक म्हणजे पैसे, मालमत्ता मिळवण्याची संभाव्य बेकायदेशीर मार्गांचा वापर."
3095,716324,D2,Agriculture,16.0,विषारी रोगाचा प्रादुर्भाव मुख्यतः पावसाळ्यात होतो व हे विष वासरांचे शरीर स्वतः बनवते,विषारी रोगाचा प्रादुर्भाव मुख्यतः पावसाळ्यात होतो व हे विष वासरांचे शरीर स्वतः बनवते
3096,718717,D4,Banking,15.5,आपल्या देशात गुंतवणुकीसाठी फिक्स्ड डिपॉजिट हा सुरक्षित पर्याय मानला जातो,आपल्या देशात गुंतवणुकीसाठी फिक्स्ड डिपॉझिट हा सुरक्षित पर्याय मानला जातो
3097,708451,D1,Banking,16.0,माका नोकरी लागली काय मगे माझा महिला बचत खाता पगाराच्या खात्यात बदलूक व्हया,"मला नोकरी लागली आहे, मग माझ्या महिला बचत खात्यात पगाराच्या खात्यात बदल झाला आहे का?"
3098,718617,D2,Agriculture,16.0,हायब्रीड बियाणे हवामानातील तीव्र बदल आणि रोगांचे प्रतिरोधक आहे,हायब्रीड बियाणे हवामानातील तीव्र बदल आणि रोगांचे प्रतिरोधक आहे
3099,722621,D4,Banking,15.5,जयने खाते उघडताना आधारसोबत केवायसी अपडेट करण्याचा सल्ला दिला जेणेकरून नंतर कोणतीही अडचण येणार नाही,जयने खाते उघडताना आधारसोबत केवायसी अपडेट करण्याचा सल्ला दिला जेणेकरून नंतर कोणतीही अडचण येणार नाही
3100,709633,D1,Banking,16.0,रास्तो भोगदो किंवा पुलावरूना प्रवास करूसाठी टोल आकारला जाता,रस्त्यांवर किंवा पुलावरून प्रवासासाठी टोल आकारला जातो.
3101,718651,D2,Banking,16.0,कृपया मला माझ्या करंट खात्याची किमान शिल्लक सांगा,कृपया मला माझ्या करंट खात्याची किमान शिल्लक सांगा
3102,721081,D4,Banking,15.5,राष्ट्रीय ग्रामीण उपजीविका अभियान ही सरकारद्वारे चालवली जाणारी एक महत्त्वाची योजना आहे,राष्ट्रीय ग्रामीण उपजीविका अभियान ही सरकारद्वारे चालवली जाणारी एक महत्त्वाची योजना आहे
3103,709811,D1,Agriculture,16.0,उष्णकटिबंधातील शेती मुख्यतः स्वतःच्या उपयोगाच्या हेतून केली जाता,उष्णकटिबंधातील शेती मुख्यतः स्वतःच्या उपयोगाच्या हेतून केली जाते
3104,715843,D2,Agriculture,16.0,बल्क टँकचा वापर डेअरी उद्योगांमध्ये दुधाला थंडी ठेवण्यासाठी केला जातो,बल्क टँकचा वापर डेअरी उद्योगांमध्ये दुधाला थंडी ठेवण्यासाठी केला जातो
3105,721946,D4,Agriculture,15.5,"सूर्यफूल हे कर्नाटक , आंध्र प्रदेश आणि महाराष्ट्रात सर्वात वेगाने वाढणारे तेलबिया पीक आहे","सूर्यफूल हे कर्नाटक, आंध्र प्रदेश आणि महाराष्ट्रात सर्वात वेगाने वाढणारे तेलबिया पीक आहे."
3106,709128,D1,Agriculture,16.0,शेतकी विद्यालयाच्या विद्यार्थ्यांनी बनवलेले सॅम्पल बी रजिस्टर केलेले असतत,शेतकी विद्यालयाच्या विद्यार्थ्यांनी बनवलेले सॅम्पल बी नोंदवलेले होते.
3107,716066,D2,Agriculture,16.0,राजू माहिती आहे का ? पीच च झाड उन्हाळ्यामध्ये चांगलं उत्पादन देत,राजूला माहिती आहे का? पीचचे झाड उन्हाळ्यामध्ये चांगले उत्पादन देते.
3108,719363,D4,Banking,15.5,सामान्य वस्तू किंवा सेवांचा पुरवठादार जी.एस.टी भरण्यास जबाबदार आहे,सामान्य वस्तू किंवा सेवांचा पुरवठादार जी.एस.टी भरण्यास जबाबदार आहे
3109,710068,D1,Agriculture,16.0,लाकूड हा एक नैसर्गिक सेंद्रिय सामग्री असा जो फर्निचर आणि इंधनासाठी वापरला जाता,लाकूड ही एक नैसर्गिक सेंद्रिय सामग्री आहे जी फर्निचर आणि इंधनासाठी वापरली जाते.
3110,718285,D2,Banking,16.0,ऑनलाईन बिल किंवा पेमेंट करण्यासाठी मोबाईलद्वारे खाते क्रमांक कसा जोडता येईल ?,ऑनलाईन बिल किंवा पेमेंट करण्यासाठी मोबाईलद्वारे खाते क्रमांक कसा जोडता येईल?
3111,722203,D4,Agriculture,15.5,पशुपालक आपल्या जनावरांच्या चांगल्या आरोग्यासाठी पौष्टिक खाद्य वापरतात,पशुपालक आपल्या जनावरांच्या चांगल्या आरोग्यासाठी पौष्टिक खाद्य वापरतात
3112,707345,D1,Banking,16.0,"आर्थिक कारणासाठी , व्यवहार खात्यात ठेवलेल्या रकमेक लिक्विड फंड मांनतत","आर्थिक कारणास्तव, व्यवहार खात्यात ठेवलेल्या रकमेला लिक्विड फंड मानणे."
3113,716771,D2,Banking,16.0,मला सीताने नवीन चेकबुक मिळाव यासाठी विनंती अर्ज लिहायला सांगितले,सीताने मला नवीन चेकबुक मिळवण्यासाठी विनंती अर्ज लिहायला सांगितले.
3114,721115,D4,Banking,15.5,ग्राहकांना त्यांच्या बँकेच्या शाखेत पत्ता आणि ओळखीचा पुरावा द्यावा लागेल,ग्राहकांना त्यांच्या बँकेच्या शाखेत पत्ता आणि ओळखीचा पुरावा द्यावा लागेल
3115,707075,D1,Banking,16.0,ताळेबंद ह्या एखादा व्यक्तीच्यो किंवा संस्थेच्यो आर्थिक शिल्लकाचो सारांश असता,ताळेबंद हा एखाद्या व्यक्तीचे किंवा संस्थेचे आर्थिक शिल्लकचे सारांश असतो.
3116,716122,D2,Agriculture,16.0,वायु मंडळातील कार्बन डाय ऑक्साईड आणि जमिनीच्या स्तरावरील ओझोनच्या एकाग्रता मध्ये परिवर्तन होतं,वायु मंडळातील कार्बन डाय ऑक्साईड आणि जमिनीच्या स्तरावरील ओझोनच्या एकाग्रतेत परिवर्तन झाले.
3117,718820,D4,Agriculture,15.5,काश्मिरी शेळ्यांपासून मिळणारे तंतू परदेशात चांगलेच पसंत केले जातात,काश्मिरी शेळ्यांपासून मिळणारे तंतू परदेशात चांगलेच पसंत केले जातात
3118,708724,D1,Agriculture,16.0,"गाईक दूध मिळवूक , मांसासाठी आणि चामड्यासाठी म्हणान पाळतत","गाईचे दूध मिळवणे, मांसासाठी आणि चामड्यासाठी पालन करणे."
3119,715902,D2,Agriculture,16.0,भारतामध्ये कुक्कुट उत्पादन शेती क्षेत्रात झपाट्याने वाढणाऱ्या क्षेत्रांमधून एक आहे,भारतामध्ये कुक्कुट उत्पादन शेती क्षेत्रात झपाट्याने वाढणाऱ्या क्षेत्रांमधून एक आहे
3120,719899,D4,Banking,15.5,वित्तीय संस्था लोकांना त्यांच्या गरजा पूर्ण करण्यासाठी कर्ज देतात,वित्तीय संस्था लोकांना त्यांच्या गरजा पूर्ण करण्यासाठी कर्ज देतात
3121,710556,D1,Banking,16.0,आर्थिक तज्ञांनी सांगितला हा सुधारित अंतर्गत दराचो दर तिमाहीत आढावो घेतलो जाता,आर्थिक तज्ञांनी सांगितला हा सुधारित अंतर्गत दराचा दर तिमाहीत आढावा घेण्यात आला.
3122,718529,D2,Banking,16.0,ऑनलाईन पद्धतीने सामाजिक योजनांची माहिती कुठे बघता येईल ?,ऑनलाईन पद्धतीने सामाजिक योजनांची माहिती कुठे बघता येईल?
3123,722367,D4,Banking,15.5,ओळखल्या गेलेल्या शहरांमध्ये सुधारणा आणि जलद मार्ग काढणे हा त्याचा उद्देश होता,ओळखल्या गेलेल्या शहरांमध्ये सुधारणा आणि जलद मार्ग काढणे हा त्याचा उद्देश होता
3124,707990,D1,Agriculture,16.0,रेशीमच्या उत्पादनासाठी जास्त प्रमाणात पाण्याची गरज असता,रेशीमच्या उत्पादनासाठी जास्त प्रमाणात पाण्याची गरज असते.
3125,713650,D2,Agriculture,16.0,शेपू पालक नी भाजीमा जास्त कॅल्शियम हास,पालक भाजीमध्ये जास्त कॅल्शियम असते
3126,721274,D4,Banking,15.5,त्यामुळे पर्यावरणाचे वातावरण निर्माण करण्याचे आर्थिक भांडवल अधिक महत्त्वाचे आहे,त्यामुळे पर्यावरणाचे वातावरण निर्माण करण्याचे आर्थिक भांडवल अधिक महत्त्वाचे आहे
3127,711020,D1,Agriculture,16.0,वैज्ञानिक जनुकीय बदलाक आरोग्यासाठी हानिकारक म्हणतत,वैज्ञानिक जनुकीय बदलांमुळे आरोग्यासाठी हानिकारक आहे असे म्हटले जाते.
3128,715451,D2,Banking,16.0,कृषी अर्थशास्त्र ग्रामीण समुदाय आणि त्यांच्या अर्थव्यवस्थांवर प्रभाव पाडते,कृषी अर्थशास्त्र ग्रामीण समुदाय आणि त्यांच्या अर्थव्यवस्थांवर प्रभाव पाडते
3129,720821,D4,Agriculture,15.5,मोलस्का ही आर्थ्रोपोडा नंतर अपृष्ठवंशीय प्राण्यांची दुसरी सर्वात मोठी संघटना आहे,मोलस्का ही आर्थ्रोपोडा नंतर अपृष्ठवंशीय प्राण्यांची दुसरी सर्वात मोठी संघटना आहे
3130,707428,D1,Agriculture,16.0,कापणी मुख्यतः त्याच्या नैसर्गिक स्त्रोतापासून कायतरी गोळा करण्यावर भर देता,कापणी मुख्यतः त्याच्या नैसर्गिक स्त्रोतापासून काहीतरी गोळा करण्यावर भर देता
3131,716790,D2,Agriculture,16.0,वनस्पती रोगनिदानशास्त्र हा विषय विद्यापीठांमध्ये शिकवला जातो,वनस्पती रोगनिदानशास्त्र हा विषय विद्यापीठांमध्ये शिकवला जातो
3132,720295,D4,Banking,15.5,संबंधित कर्जाचा व्यवसाय सार्वजनिक बँकांच्या एका गटाद्वारे नियंत्रित केला जातो,संबंधित कर्जाचा व्यवसाय सार्वजनिक बँकांच्या एका गटाद्वारे नियंत्रित केला जातो
3133,707348,D1,Banking,16.0,"आर्थिक तज्ञांच्या मते , उत्पन्नाची गणना एका विशिष्ट पद्धतीने केली जाता",आर्थिक तज्ञांच्या मते उत्पन्नाची गणना एका विशिष्ट पद्धतीने केली जाते
3134,716127,D2,Banking,16.0,वित्त सगळ्या श्रेणी मधल्या व्यवसायाच्या संचालनासाठी आवश्यक प्रोत्साहन देते,वित्त सगळ्या श्रेणींमधील व्यवसायाच्या संचालनासाठी आवश्यक प्रोत्साहन देते
3135,721709,D4,Banking,15.5,"जेव्हा खर्च कर महसुलापेक्षा जास्त असतो , तेव्हा सरकार सरकारी कर्ज गोळा करते","जेव्हा खर्च महसुलापेक्षा जास्त असतो, तेव्हा सरकार सरकारी कर्ज गोळा करते."
3136,710691,D1,Banking,16.0,जगात सगळ्यात जास्त सोन्यात गुंतवणूक भारतात केली जाता,जगात सर्वाधिक सोने गुंतवणूक भारतात केली जाते.
3137,714062,D2,Agriculture,16.0,डाक्टरनी सांगकी सोयाबीनमा सरवाथून जास्ती प्रोटिन सापडंस,डॉक्टरांनी सांगितले की सोयाबीनमधून जास्त प्रोटीन सापडले.
3138,720055,D4,Agriculture,15.5,पिकांना वेळेवर सिंचन होण्यासाठी जलसंसाधन व्यवस्थापन अत्यंत महत्त्वाचे आहे,पिकांना वेळेवर सिंचन होण्यासाठी जलसंसाधन व्यवस्थापन अत्यंत महत्त्वाचे आहे
3139,708260,D1,Agriculture,16.0,कोळी आपली शिकार अडकुच्यासाठी जा जाळा विणता तेकाच स्पायडर सिल्क म्हणतत,कोळी आपली शिकार अडकवण्यासाठी जा जाळा विणता तेकाच स्पायडर सिल्क म्हणतत
3140,715188,D2,Banking,16.0,व्यवसायासाठी जी.एस.टी चा अर्ज करतांना देण्याघेण्याचे खाते आवश्यक असते,व्यवसायासाठी जी.एस.टीचा अर्ज करताना देण्याघेण्याचे खाते आवश्यक असते
3141,721856,D4,Banking,15.5,खाजगी गुंतवणूकदार सामान्यतः सुरुवातीच्या टप्प्यात स्टार्टअपला समर्थन देतात,खाजगी गुंतवणूकदार सामान्यतः सुरुवातीच्या टप्प्यात स्टार्टअपला समर्थन देतात
3142,707301,D1,Banking,16.0,अमिषा तिची प्रकृती बिघडल्यामुळा क्रेडिट समुपदेशनासाठी जोगिंदरकडे ईली आसा,अमिषाची प्रकृती बिघडल्यामुळे क्रेडिट समुपदेशनासाठी जोगिंदरकडे जाणे आवश्यक आहे
3143,715137,D2,Banking,16.0,मी पूर्ण महीनाभर केलेल्या खर्चावर नियंत्रण आणण्यासाठी खाते नियंत्रित केले,मी पूर्ण महीनाभर केलेल्या खर्चावर नियंत्रण आणण्यासाठी खात्यावर नियंत्रण केले.
3144,721775,D4,Agriculture,15.5,सूत कारखान्यांना प्रोत्साहन दिल्यास देशात अंतर्गत विकास होईल,सूत कारखान्यांना प्रोत्साहन दिल्यास देशात अंतर्गत विकास होईल
3145,709856,D1,Agriculture,16.0,केरोटीन एक प्रकारचा प्रोटीन हा जा आपल्या केसांसाठी त्वचेसाठी आणि नखांसाठी बनला जाता,"केरोटीन हा प्रोटीनचा एक प्रकार आहे जो आपल्या केसांसाठी, त्वचेसाठी आणि नखांसाठी बनवला जातो"
3146,716647,D2,Banking,16.0,सामाजिक उद्योजकता लोकप्रिय होण्यामागे अनेक कारणे आहेत,सामाजिक उद्योजकता लोकप्रिय होण्यामागे अनेक कारणे आहेत
3147,724277,D4,Agriculture,15.5,रासायनिक कीटकनाशक देशात आले तवापासून आपल्या शेतीले लईमोठा आधार झाला,रासायनिक कीटकनाशक देशात आले तवापासून आपल्या शेतीला आधार मिळाला
3148,707152,D1,Banking,16.0,"नेटबँकिंग तुमका कुठसूनही , केव्हाही विस्तृत व्यवहार करुची परवानगी देता","नेटबँकिंग तुम्हाला कुठूनही, केव्हाही विस्तृत व्यवहार करण्याची परवानगी देते"
3149,714325,D2,Agriculture,16.0,पंतप्रधान शेतकरी सन्मान योजना मा नाव नोंदानी टाईमले के.वाय.सी करनं बंधनकारक शे,पंतप्रधान शेतकरी सन्मान योजनेमध्ये नाव नोंदवण्यासाठी किती वेळ के.वाई.सी करणे बंधनकारक आहे?
3150,719062,D4,Agriculture,15.5,विनोदने अतिरिक्त कमाई करण्यासाठी ढोलकीच्या पानांचे उत्पादन सुरू केले,विनोदने अतिरिक्त कमाई करण्यासाठी ढोलकीच्या पानांचे उत्पादन सुरू केले
3151,707030,D1,Banking,16.0,पैसो हस्तांतरित करुक हुंडीचो वापर रेमिटन्स इन्स्ट्रुमेंटचो एक प्रकार म्हणून केला जाता,पैसे हस्तांतरित करून हुंडीचा वापर रेमिटन्स इन्स्ट्रुमेंट म्हणून केला जातो.
3152,715060,D2,Banking,16.0,बँकेच्या परीक्षेचे परीक्षा केंद्र विद्यार्थ्याने निवडलेल्या ठिकाणी येते,बँकेच्या परीक्षेचे परीक्षा केंद्र विद्यार्थ्याने निवडलेल्या ठिकाणी असते.
3153,721177,D4,Banking,15.5,मालमत्ता मालक घसारा पासून कर नफ्यासाठी पात्र आहे,मालमत्ता मालक घसारा पासून नफ्यासाठी कर पात्र आहे
3154,710870,D1,Banking,16.0,भांडवली बाजारात दीर्घ मुदतीची कर्जा सुरक्षेच्या रूपात तारण बाँड म्हणून सोबत असतत,भांडवली बाजारात दीर्घ मुदतीची कर्जा सुरक्षेच्या रूपात तारण बाँड म्हणून सोबत असते.
3155,718296,D2,Banking,16.0,मला पंतप्रधान आवास योजनेचा लाभ घेण्यासाठी कोणते नियम पाळावे लागतील ?,मला पंतप्रधान आवास योजनेचा लाभ घेण्यासाठी कोणते नियम पाळावे लागतील?
3156,721749,D4,Banking,15.5,ही अप्लाइड कॉम्प्युटर सायन्सची एक शाखा आहे फायनान्स मधील व्यावहारिक समस्या हाताळते,ही अप्लाइड कॉम्प्युटर सायन्सची एक शाखा आहे जी फायनान्स मधील व्यावहारिक समस्या हाताळते.
3157,707746,D1,Banking,16.0,पेमेंट रिकव्हरीमुळा व्यवसायांसाठी विक्रेत्यांकां दिलेली रक्कम वसूल करुक मदत होता,पेमेंट रिकव्हरीमुळे व्यवसायांसाठी विक्रेत्यांना दिलेली रक्कम वसूल करण्यात मदत झाली.
3158,714160,D2,Banking,16.0,पी.एम.वी.वी.वाय योजनाकडथून म्हातारा लोकेसले पेंशन देतंस कारण त्या सोताना खर्च करू शकथीन,पी.एम.वी.वी.वाय योजनेतून म्हाताऱ्यांना पेन्शन दिली जाते कारण त्या सोताना ते खर्च करू शकतात.
3159,718974,D4,Banking,15.5,प्रधानमंत्री जन धन योजना ही भारतातील आर्थिक समावेशनाला चालना देण्यासाठी आहे,प्रधानमंत्री जन धन योजना ही भारतातील आर्थिक समावेशनाला चालना देण्यासाठी आहे
3160,708327,D1,Agriculture,16.0,दक्षिण कॅरोलिनाच्या वाळवंटी सखल भागात हिमालयाच्या पर्वतराजीतून चाय पिकवलो जाता,दक्षिण कॅरोलिनाच्या वाळवंटी संपूर्ण भागात हिमालयाच्या पर्वतरांगांमधून चहा पिकवला जात होता.
3161,713709,D2,Banking,16.0,गनज साव सरकारले पुढल्या निवडणूका डोळ्यासमोर जिंकासाठे कर माफ करना पडस,अनेक नेते पुढच्या निवडणुका डोळ्यासमोर ठेवून जिंकण्याचा प्रयत्न करा आणि माफ करा.
3162,721362,D4,Banking,15.5,व्याज कव्हरेज रेशोवर येण्यासाठी तुम्ही कोणती बेंचमार्क पातळी घेतली आहे ?,व्याज कव्हरेज रेशोवर येण्यासाठी तुम्ही कोणती बेंचमार्क पातळी घेतली आहे?
3163,710157,D1,Banking,16.0,आर्थिक मॉडेलिंग ह्या एक स्प्रेडशीटच्या स्वरूपात कंपनीच्या खर्च आणि मिळकतीचो सारांश असा,आर्थिक मॉडेलिंग ही एक स्प्रेडशीटच्या स्वरूपात कंपनीच्या खर्चाचे आणि उत्पन्नाचे सारांश आहे.
3164,716816,D2,Banking,16.0,भविष्यात मिळालेले पैसे आज मिळालेल्या रकमेच्या बरोबरीचे नाहीत,भविष्यात मिळालेले पैसे आज मिळालेल्या रकमेच्या बरोबरीचे नाहीत
3165,720291,D4,Banking,15.5,"सरकार प्रदान केलेल्या सुविधांसाठी काही शुल्क आकारते , ज्याला फीस एंड इफेक्टिव म्हणतात","सरकार प्रदान केलेल्या सुविधांसाठी काही शुल्क आकारते, ज्याला फीस एंड इफेक्टिव म्हणतात."
3166,707549,D1,Banking,16.0,"ज्यो गोष्टी ईकले जातत त्येंका माल म्हणतत , ह्या तर तुका माहीतच आसा",जो गोष्टी घडत आहेत त्याचे माल म्हणत आहे हे तर तुला माहीतच आहे
3167,714873,D2,Banking,16.0,कंपनीचे शेअर विकत घेतल्यावर कंपनीच्या मालकी हक्क भागधारकाकडे सुद्धा जातो,कंपनीचे शेअर्स विकत घेतल्यावर कंपनीच्या मालकी हक्क भागधारकाकडे सुद्धा जातात
3168,718874,D4,Banking,15.5,"भाऊ , स्टेट बँक ऑफ इंडिया एक लाख रुपयांपर्यंतच्या रकमेवर दोन दशांश सात टक्के वार्षिक व्याज देते",भाऊ स्टेट बँक ऑफ इंडिया एक लाख रुपयांपर्यंतच्या रकमेवर दोन दशांश सात टक्के वार्षिक व्याज देते
3169,708642,D1,Agriculture,16.0,भारतातल्या गायींच्या प्रजातीत साहिवाल गाय सगळ्यात जास्त दूध देता,भारतातील गायींच्या प्रजातीत साहिवाल गाय सर्वात जास्त दूध देते
3170,713206,D2,Banking,16.0,प्रधानमंत्री जीवन ज्योति विमा मरेल लोकेशना मामलामा मदत करस,प्रधानमंत्री जीवन ज्योति विमा संबंधित या परिस्थितीसाठी मदत करा
3171,721715,D4,Banking,15.5,पर्सनल फायनान्स मधील सर्वात जुने संशोधन हेझेल कर्क यांनी एकोन्निस्से वीस मध्ये केले होते,पर्सनल फायनान्स मधील सर्वात जुने संशोधन हेझेल कर्क यांनी १९२० मध्ये केले होते
3172,707016,D1,Banking,16.0,सिंडिकेट बँकेचा कॅनरा बँकेत विलीनीकरण करुक येणार असल्याची घोषणा अर्थमंत्र्यांन केली,सिंडिकेट बँकेचा कॅनरा बँकेत विलीनीकरण होणार असल्याची घोषणा अर्थमंत्र्यांनी केली
3173,714901,D2,Agriculture,16.0,कृषी पर्यावरणशास्त्र केवळ शेतीशी संबंधित नसून ती एक सेंद्रिय आणि एकात्मिक पद्धत आहे,कृषी पर्यावरणशास्त्र केवळ शेतीशी संबंधित नसून ती एक सेंद्रिय आणि एकात्मिक पद्धत आहे
3174,720172,D4,Agriculture,15.5,"ज्या प्राण्यांचे संगोपन करता येत नाही , ते प्राणी वन्यजीव शेतीसाठी तयार केले जातात","ज्या प्राण्यांचे संगोपन करता येत नाही, ते प्राणी वन्यजीव शेतीसाठी तयार केले जातात."
3175,706478,D1,Banking,16.0,फायनान्शियल अकाउंटिंग स्टँडर्ड्स बोर्ड ह्या येक खाजगी मानक सेटिंग संस्था असा,फायनान्शियल अकाउंटिंग स्टँडर्ड्स बोर्ड हे एक खाजगी मानक सेटिंग संस्था आहे
3176,713606,D2,Agriculture,16.0,"मठनी शेंग लांबी , चपटी आनी जास्त दानावाली ह्रास","मठनी शेंगची लांबी, चपटी आणि जास्त दानांची ह्रास"
3177,721744,D4,Banking,15.5,व्यवसायाची विचारसरणी आणि जोखमींचा अंदाज किफायतशीर पद्धतीने लावण्यास सक्षम करते,व्यवसायाची विचारसरणी आणि जोखमींचा अंदाज किफायतशीर पद्धतीने लावण्यास सक्षम करते
3178,708863,D1,Banking,16.0,निव्वळ वर्तमान मू्ल्य वेगवेगळ्या वेळेक होणाऱ्या नगदी प्रवाहांच्या कडीयेवर लागू होता,निव्वळ वर्तमान मूल्य वेगवेगळ्या वेळेनुसार होणाऱ्या नगदी प्रवाहांच्या कडीयेवर लागू होते
3179,714712,D2,Banking,16.0,ज्यासले नेमबन आणि सुत्राबन बोलता येस त्यानाच धंदा फायदामा रहास,ज्याला नेमके आणि सूत्र माहीत आहे त्यालाच व्यवसायात फायदा मिळवा.
3180,720209,D4,Agriculture,15.5,अलीकडे जाळीचे पदार्थ जलचरात अत्यंत उपयुक्त ठरत आहेत ज्यामध्ये तांब्याची मिश्रधातू विशेष आहे,अलीकडे जाळीचे पदार्थ पाण्यात अत्यंत उपयुक्त ठरत आहेत ज्यामध्ये तांब्याची मिश्रधातू विशेष आहे
3181,708582,D1,Banking,16.0,हालीच्या दिसात डॉलरची मागणी लय जास्ती आसा,तालीच्या दिवसात डॉलरची मागणी खूप जास्त आहे.
3182,717222,D2,Agriculture,16.0,हळदीचे शूट बोअरर बोर्डपासून संरक्षण करण्यासाठी मॅलाथोईनची फवारणी करावी,हळदीचे शूट बोअरर बोर्डपासून संरक्षण करण्यासाठी मॅलाथोईनची फवारणी करावी
3183,720308,D4,Agriculture,15.5,रोलर्सचा वापर क्रिकेट आणि रहिवासी लॉन भागात कृषी कारणांसाठी केला जातो,रोलर्सचा वापर क्रिकेट आणि रहिवासी लॉन भागात कृषी कारणांसाठी केला जातो
3184,706490,D1,Banking,16.0,बाँड मार्केट मध्ये मोठ्या प्रमाणावर युनायटेड स्टेट्सचो वर्चस्व राहिलेलो असा,बाँड मार्केटमध्ये मोठ्या प्रमाणावर युनायटेड स्टेट्सचे वर्चस्व राहिलेलं आहे का?
3185,712742,D2,Banking,16.0,याजदरना कार्यकाय संरचनाना बारामा मास्तरनी पोरेसले सांगं,याजडना कार्यक संरचनाना बारामा मास्तरनी परोसले सांगितले
3186,722577,D4,Agriculture,15.5,"तंबाखूची लागवड उष्ण हवामानात समृद्ध , पाण्याचा निचरा होणारी माती असते","तंबाखूची लागवड उष्ण हवामानात समृद्ध असते, पाण्याचा निचरा होणारी माती असते."
3187,710626,D1,Banking,16.0,किरकोळ गुंतवणूकदार ही एक आकर्षक संज्ञा असा ज्यांका गुंतवणूक कशी करायची ह्या माहित नसता,किरकोळ गुंतवणूकदार ही एक आकर्षक संज्ञा आहे ज्यांची गुंतवणूक कशी करायची हे त्यांना माहीत नव्हते.
3188,716798,D2,Agriculture,16.0,ज्यूटचे तंतू सहा ते दहा फूट लांब असतात हे तुम्हाला माहीत आहे का,ज्यूटचे तंतू सहा ते दहा फूट लांब असतात हे तुम्हाला माहीत आहे का
3189,718922,D4,Agriculture,15.5,हाऊसप्लांट मुख्यतः निवासस्थान आणि कार्यालयांमध्ये सजावटीसाठी उगवले जाते,हाऊसप्लांट मुख्यतः निवासस्थान आणि कार्यालयांमध्ये सजावटीसाठी उगवले जाते
3190,706732,D1,Banking,16.0,परकीय चलन बाजार ह्या चलनांच्यो व्यापारासाठी जागतिक विकेंद्रित बाजारपेठ असा,परकीय चलन बाजार ह्या चलनांच्या व्यापारासाठी जागतिक विकेंद्रित बाजारपेठ आहे.
3191,715500,D2,Agriculture,16.0,गवताच्या माध्यमाने कापण्यासाठी पुरेशा वेगाने फिरते,गवताच्या माध्यमातून कापण्यासाठी पुरेशा वेगाने फिरते
3192,720456,D4,Banking,15.5,मी सुरुवातीपासूनच माझ्या कार्डवर व्यवहाराची मर्यादा ठेवली आहे,मी सुरुवातीपासूनच माझ्या कार्डवर व्यवहाराची मर्यादा ठेवली आहे
3193,709126,D1,Agriculture,16.0,बियांच्या बॅन्केत वेगवेगळ्या प्रकारच्या बियांका संरक्षण मिळता आणि ते करणाऱ्याक देतत,बियांच्या बँकेत वेगवेगळ्या प्रकारच्या बियांक्यांचे संरक्षण मिळते आणि ते करणाऱ्यांना दिले जाते.
3194,716423,D2,Banking,16.0,"बिग फोर त्यांच्या प्रत्येक क्लायंटला ऑडिट , कॉर्पोरेट वित्त आणि कायदेशीर सेवा प्रदान करते","बिग फोर त्यांच्या प्रत्येक क्लायंटला ऑडिट, कॉर्पोरेट वित्त आणि कायदेशीर सेवा प्रदान करते"
3195,719928,D4,Banking,15.5,वचन देणारी व्यक्ती जामीनदार म्हणून ओळखली जाते हे तुम्हाला माहीत आहे का ?,वचन देणारी व्यक्ती जामीनदार म्हणून ओळखली जाते हे तुम्हाला माहीत आहे का?
3196,724860,D1,Banking,16.0,प्रधानमंत्री जन धन योजना ह्या भारत सरकारचा भारतीय नागरिकाकरता खुला असलेला आर्थिक समावेशन कार्यक्रम असा,प्रधानमंत्री जन धन योजना ही भारत सरकारची भारतीय नागरिकांसाठी खुली असलेली आर्थिक समावेशन कार्यक्रम आहे.
3197,714425,D2,Banking,16.0,मनी आंडेरले पैसा बचतनी सवय लावावी करता मी माटीना गल्ला लेयेल शे,मला पैसे वाचवण्याची सवय लावायची आहे.
3198,721571,D4,Agriculture,15.5,"गांजाची कापणी केल्यानंतर , त्याला रेटिंग नावाच्या प्रक्रियेतून जावे लागते",गांजाची कापणी केल्यानंतर त्याला रेटिंग नावाच्या प्रक्रियेतून जावे लागते
3199,724820,D1,Banking,16.0,ई.सी.एस.एन.पी.सी.आय द्वारे संचलित एन.ए.सी.एच च्या अंतर्गत प्रक्रिया केलेल्या व्यवहारांचो समावेश होता,ई.सी.एस.एन.पी.सी.आय द्वारे संचलित एन.ए.सी.एच च्या अंतर्गत प्रक्रिया केलेल्या व्यवहारांचा समावेश होता
3200,715475,D2,Agriculture,16.0,क्रस्टेशियन्स ने सरासरी वार्षिक उत्पादनाच्या जवळपास अठ्ठावीस टक्के योगदान देते,क्रस्टेशियन्सने सरासरी वार्षिक उत्पादनाच्या जवळपास अठ्ठावीस टक्के योगदान देतात
3201,720924,D4,Agriculture,15.5,चीन वीज पासून चालणारी पिस्टन प्रकारची दूध काढणारी मशीन निर्माता आहे,चीन वीज पासून चालणारी पिस्टन प्रकारची दूध काढणारी मशीन निर्माता आहे
3202,710761,D1,Banking,16.0,"तुम्ही तुमच्या हिशोबान पंचवीस , पन्नास आणि शंभर पानावाली चेकबुक निवडु शकतस","तुम्ही तुमच्या हिसाबनुसार पंचवीस, पन्नास आणि शंभर पानावाली चेकबुक निवडू शकता"
3203,717106,D2,Agriculture,16.0,"कारल्याचे खाण्यायोग्य फळ आशिया , आफ्रिका आणि कॅरिबियनमध्ये मोठ्या प्रमाणावर घेतले जाते","कारल्याचे खाण्यायोग्य फळ आशिया, आफ्रिका आणि कॅरिबियनमध्ये मोठ्या प्रमाणावर घेतले जाते"
3204,719209,D4,Agriculture,15.5,व्यावसायिकदृष्ट्या उपलब्ध सीड ड्रिल फार प्रभावी नसतात सामान्यतः हे आदिम शंकू असतात,व्यावसायिकदृष्ट्या उपलब्ध सीड ड्रिल सामान्यतः फार प्रभावी नसतात; हे आदिम शंकू असतात.
3205,724818,D1,Banking,15.944,"अर्ज कर साठी , यु.टी.आय.ए.एम.सी ही भारताची सगळ्यात जुनी मच्युअल फंड कंपनी आसा , असा माका श्याम बोललो",माका श्याम म्हणाले की अर्ज करण्यासाठी यु.टी.आय.ए.एम.सी ही भारताची सर्वात जुनी म्युच्युअल फंड कंपनी आहे.
3206,714087,D2,Banking,16.0,गुंतवणूक बँकिंग जारी करस आर्थिक भांडवल उभारासाठे एजंट म्हणीसन काम करतस,गुंतवणूक बँकिंग करून आर्थिक भांडवल उभारून एजंट म्हणून काम करतो
3207,721106,D4,Banking,15.5,विद्यार्थांच्या उज्ज्वल भविष्यासाठी विद्यार्थी कर्ज दिले जाते,विद्यार्थ्यांच्या उज्ज्वल भविष्यासाठी विद्यार्थी कर्ज दिले जाते
3208,709333,D1,Agriculture,15.941,आधुनिक कृषी यंत्राच्या वापरान शेतकरी उत्पादन आणि मिळकतीत डबल करू शकतत ते पण कमी श्रम आणि भांडवलात,"आधुनिक कृषी यंत्राचा वापर करून शेतकरी उत्पादन आणि मिळकतीत दुप्पट करू शकतात, ते पण कमी श्रम आणि भांडवलात."
3209,715801,D2,Agriculture,16.0,प्रधानमंत्री उज्वला योजनेद्वारे गरीब कुटुंबातील स्त्रियांना मोफत गॅस कनेक्शन दिल जात,प्रधानमंत्री उज्वला योजनेद्वारे गरीब कुटुंबातील स्त्रियांना मोफत गॅस कनेक्शन दिले जाते.
3210,720841,D4,Agriculture,15.5,"झेंडूचे फूल केवळ पूजेच्या मजकुरासाठी उपयुक्त नाही , तर त्यात अनेक औषधी गुणधर्म आहेत","झेंडूचे फूल केवळ पूजेच्या मजकुरासाठी उपयुक्त नाही, तर त्यात अनेक औषधी गुणधर्म आहेत."
3211,708607,D1,Agriculture,15.941,"खाद्य सुरक्षेचो मुख्य सिद्धांत स्वच्छ , पृथक , शिजवना आणि उरलेला जेवाण फ्रिज मध्ये ठेउचा असो हा","खाद्य सुरक्षेचा मुख्य सिद्धांत स्वच्छ, पृथक, शिजवना आणि उरलेले जेवण फ्रिजमध्ये ठेवले पाहिजे हा आहे."
3212,713102,D2,Banking,16.0,बँक अर्ज आणि अन्य प्रकारना वित्तपुरवठासाठे ना करता ग्रांड सगडासमा चांगला विकल्प शे,बँक अर्ज आणि इतर प्रकारचा वित्तपुरवठा न करता चांगले पर्याय आहेत का?
3213,718891,D4,Banking,15.5,दीर्घ वित्तामध्ये पाच वर्षां पेक्षा जास्त काळ कर्ज घेतले जाते,दीर्घ कालावधीत पाच वर्षांपेक्षा जास्त काळ कर्ज घेतले जाते.
3214,707503,D1,Banking,15.938,"चलनवाढीचो उद्देश अर्थव्यवस्थेक चालना देणे आणि चलनवाढीचो सामना करणे ह्यो आसा , ह्या लक्षात घेऊक हव्या","चलनवाढीचा उद्देश अर्थव्यवस्थेला चालना देणे आणि चलनवाढीचा सामना करणे हे असे, हे लक्षात घ्यावे लागेल."
3215,717057,D2,Banking,16.0,अनेकांनी ऐच्छिक उत्पन्न योजनेअंतर्गत त्यांच्या संपत्तीचा खुलासा केला,अनेकांनी ऐच्छिक उत्पन्न योजनेअंतर्गत त्यांच्या संपत्तीचा खुलासा केला
3216,718767,D4,Banking,15.5,गुंतवणूक फायदेशीर नसल्यास फायदा उठवल्याने संभाव्य नकारात्मक जोखीम देखील वाढेल,गुंतवणूक फायदेशीर नसल्यास फायदा उठवल्याने संभाव्य नकारात्मक जोखीम देखील वाढेल
3217,706516,D1,Banking,15.929,विनिमय दर ह्यो असो दर असा ज्यावर येका चलनाचा दुसऱ्या चलनासाठी देवाणघेवाण केला जाता,विनिमय दर तो दर आहे ज्यावर एका चलनाचे दुसऱ्या चलनासाठी देवाणघेवाण केले जाते.
3218,712997,D2,Banking,16.0,ज्या उद्योगसले ब्यांका कर्जे देतसे नयी त्या मायक्रो फायनान्सना उपेग करतस,"ज्या बँका उद्योगांना कर्ज देतात, त्या मायक्रो फायनान्सचा उपयोग केला जातो."
3219,718733,D4,Banking,15.5,तुम्ही मासिक उत्पन्नाला बारा ने गुणून वार्षिक उत्पन्न काढू शकता,तुम्ही मासिक उत्पन्नाला बाराने गुणून वार्षिक उत्पन्न काढू शकता
3220,707655,D1,Agriculture,15.929,"थोडे धागे आपल्याला वनस्पतींमधसून मिळतत त्येची उदाहरणा कापूस , ताग , नारळ अशी आसत","आपल्याला थोडे धागे वनस्पतींमधून मिळतात, त्यांची उदाहरणे कापूस, ताग आणि नारळ अशी आहेत."
3221,716590,D2,Banking,16.0,उपक्रमाशी संबंधित सर्व प्रश्नांची उत्तरे मिलेनियम एंटरप्रेन्योरशिपद्वारे दिली जाऊ शकतात,उपक्रमाशी संबंधित सर्व प्रश्नांची उत्तरे मिलेनियम एंटरप्रेन्योरशिपद्वारे दिली जाऊ शकतात
3222,720334,D4,Agriculture,15.5,किमान आधारभूत किंमत विधेयक तयार करण्याची मागणीही शेतकऱ्यांनी केली आहे,किमान आधारभूत किंमत विधेयक तयार करण्याची मागणीही शेतकऱ्यांनी केली आहे
3223,709392,D1,Banking,15.923,काय तुमका माहीत हा की युनिवर्सल बॅन्केक कधी कधी वित्तीय सुपरमार्केट पण बोलतत,तुम्हाला माहीत आहे का की युनिव्हर्सल बँक कधी कधी वित्तीय सुपरमार्केट पण बोलते
3224,716051,D2,Banking,16.0,"यू.पी.आय सेवा बँक खाते जोडण्याच्या वेळी , यु.पी.आय पिन सेट करण्यासाठी सांगितल जात",यु.पी.आय सेवा बँक खाते जोडण्याच्या वेळी यु.पी.आय पिन सेट करण्यासाठी सांगितले जाते.
3225,722407,D4,Agriculture,15.5,डुक्करांच्या प्रजातीं मध्ये अक्साई ब्लॅक पाईड अमेरिकन यॉर्कशायर अँजेलॉनचा समावेश आहे,डुक्करांच्या प्रजातींमध्ये अक्साई ब्लॅक पाईड अमेरिकन यॉर्कशायर अँजेलॉनचा समावेश आहे
3226,706975,D1,Banking,15.923,वायर ट्रान्सफर ह्या एका व्यक्तीकडसून दुसरा व्यक्तीकडे इलेक्ट्रॉनिक फंड ट्रान्सफर करूची पद्धत असा,वायर ट्रान्सफर ही एका व्यक्तीकडून दुसऱ्या व्यक्तीकडे इलेक्ट्रॉनिक फंड ट्रान्सफर करण्याची पद्धत आहे.
3227,714407,D2,Banking,16.0,भारतमा मौर्य साम्राज्यना कायमा चाणक्यनी आर्थिक व्यवस्था वर हातेवरी पुस्तक लिखेल शे,"भारतात मौर्य साम्राजने काय आर्थिक व्यवस्था वर होते, त्यावर चाणक्याने पुस्तक लिहिले."
3228,721861,D4,Banking,15.5,भाग भांडवल सामान्यतः युनायटेड स्टेट्समध्ये भांडवलाचा साठा म्हणून ओळखले जाते,भाग भांडवल सामान्यतः युनायटेड स्टेट्समध्ये भांडवलाचा साठा म्हणून ओळखले जाते
3229,707440,D1,Agriculture,15.923,"कीटक शेती प्रक्रिया म्हणजे कीटकांची साफसफाई , कोरडे प्रक्रिया इत्यादीची काळजी घेणा होय","कीटक शेती प्रक्रिया म्हणजे कीटकांची साफसफाई, कोरडे प्रक्रिया इत्यादीची काळजी घेणे आवश्यक आहे."
3230,714093,D2,Agriculture,16.0,सुकृतिनी सांग की चिरोसन हाई अशा पोषक तत्वांपैकी एक शे तेना दुष्परिणाम नाही शेत,सुकृतिला सांगा की अशा पोषक तत्वांपैकी एक शेतावर दुष्परिणाम करत नाही.
3231,722832,D4,Agriculture,15.5,तागाच्या देठापासून बनवलेला कोळसा बारूदासाठी चांगला आहे,तागाच्या देठापासून बनवलेला कोळसा बारूदासाठी चांगला आहे
3232,707258,D1,Banking,15.923,यू.पी.आय तुमका एका बँक खात्यातसून दुसऱ्यो बँक खात्यात निधी हस्तांतरित करण्याची परवानगी देता,यू.पी.आय तुम्हाला एका बँक खात्यातून दुसऱ्या बँक खात्यात निधी हस्तांतरित करण्याची परवानगी देते.
3233,713277,D2,Banking,16.0,होम लोन हाऊ मालमत्ता वरला विमा शे जो खाजगी घरले कव्हर करस,होम लोन मालमत्ता आणि खाजगी घराचा विमा कव्हर करतो.
3234,718750,D4,Banking,15.5,मध्ययुगीन भारतात क्रेडिट व्यवहारात वापरण्यासाठी हुंडी हे एक आर्थिक साधन होते,मध्ययुगीन भारतात क्रेडिट व्यवहारात वापरण्यासाठी हुंडी हे एक आर्थिक साधन होते
3235,708052,D1,Agriculture,15.917,शेतकरी ह्यो पूर्वीचो औद्योगिक शेतमजूर आणि मोजक्या जमिनीची मालकी असलेलो शेतकरी आसा,शेतकरी पूर्वी औद्योगिक शेतमजूर आणि मोजक्या जमिनीची मालकी असलेले शेतकरी असे.
3236,724799,D2,Agriculture,15.941,वर्ष दोन हजार एक मध्ये तुतीने एकूण कच्च्या रेशमाच्या सत्तर दशांश सात दशलक्षच्या दोन टक्के उत्पादन केले,वर्ष दोन हजार एक मध्ये तुतीने एकूण कच्च्या रेशमाच्या सत्तर दशांश सात दशलक्षच्या दोन टक्के उत्पादन केले
3237,720136,D4,Agriculture,15.5,डेअरी उद्योजकताचा विकास योजने चा उद्दीष्ट पशु पालनाला प्रोत्साहन देणे आहे,डेअरी उद्योजकता विकास योजनेचा उद्देश पशुपालनाला प्रोत्साहन देणे आहे
3238,710932,D1,Banking,15.917,मिया माझो पिन सांभाळुन ठेवतय कोणाक सांगत नाय कोणाचो काय भरवसो नाय,"मी माझा पिन सांभाळत आहे, कोणाला सांगत नाही आणि कोणाला काय कळवतो नाही."
3239,713850,D2,Banking,15.938,"चालू खाता म्हाईन तुमले चेक , डेबिट कार्ड , आणि इलेक्ट्रॉनिक फंड यानी सुविधा भी शे","माझ्या चालू खात्याचे चेक, डेबिट कार्ड आणि इलेक्ट्रॉनिक फंड म्हणजेच सुविधा देखील आहेत."
3240,720337,D4,Agriculture,15.5,ओलिंडर हे वेस्ट कोस्ट लँडस्केप आणि उबदार हवामानासाठी योग्य झुडूप आहे,ओलिंडर हे वेस्ट कोस्ट लँडस्केप आणि उबदार हवामानासाठी योग्य झुडूप आहे
3241,707874,D1,Banking,15.917,माका माहित आसा रिझर्व्ह बँक ऑफ इंडियाला बँकांची बँक असा पण म्हणतत,मला माहित आहे रिझर्व्ह बँक ऑफ इंडियाला बँकांची बँक असे पण म्हणत आहे
3242,715650,D2,Banking,15.938,"तुम्हाला पेन्शन मिळत असेल , तर तुम्हाला लवकरात लवकर तुमचं जीवन प्रमाणपत्र जमा करणं गरजेचे आहे","तुम्हाला पेन्शन मिळत असेल, तर तुम्हाला तुमचे जीवन प्रमाणपत्र लवकरात लवकर जमा करणे गरजेचे आहे."
3243,719616,D4,Banking,15.5,बँक एक सुविधा प्रदान करते ज्याद्वारे ग्राहक त्याच्या डेबिट कार्डची मर्यादा निवडू शकतो,बँक एक सुविधा प्रदान करते ज्याद्वारे ग्राहक त्याच्या डेबिट कार्डची मर्यादा निवडू शकतो
3244,707143,D1,Banking,15.917,सर्वात सामान्य प्रकारचा खाता ज्यासाठी निवडला जाऊ शकता त्या बचत खाता असा,सर्वात सामान्य प्रकारचा खाता ज्यासाठी निवडला जाऊ शकतो तो बचत खाता आहे
3245,714375,D2,Banking,15.933,बायास्ले सोताना पायावर उभं राहता ई आंगेनी कला दखाडता ई आशा योजना कोणत्या शेतीस ?,"बायला झोपताना पायावर उभे राहून कला दाखवत आहे, ही आशा योजना कोणत्या शेतीची आहे?"
3246,718899,D4,Banking,15.5,सामान्य स्टॉकधारकांना संचालक मंडळाची निवड करण्याचा कायदेशीर अधिकार देखील आहे,सामान्य स्टॉकधारकांना संचालक मंडळाची निवड करण्याचा कायदेशीर अधिकार देखील आहे
3247,706953,D1,Banking,15.917,चार्टर्ड अकाउंटंट ह्या पहिला अकाउंटंट हा ज्यांना व्यावसायिक अकाउंटिंग बॉडी बनवली असा,चार्टर्ड अकाउंटंट हा पहिला अकाउंटंट आहे ज्यांनी व्यावसायिक अकाउंटिंग बॉडी बनवली.
3248,717239,D2,Agriculture,15.929,"कृषी अधिकारी म्हणाले की , कृषी आणि शेतकरी कल्याण मंत्रालय शेतकऱ्यांसाठी अनेक योजना राबवते",कृषी अधिकारी म्हणाले की कृषी आणि शेतकरी कल्याण मंत्रालय शेतकऱ्यांसाठी अनेक योजना राबवते
3249,718688,D4,Agriculture,15.5,तुम्हाला माहीत आहे का वाइन बनवण्याचे पद्धतीला ओएनोलॉजी म्हणून ओळखले जाते,तुम्हाला माहीत आहे का वाइन बनवण्याच्या पद्धतीला ओन्टोलॉजी म्हणून ओळखले जाते
3250,706925,D1,Banking,15.917,सोशल मीडिया मार्केटिंग म्हणजे प्लॅटफॉर्मचो वापर ज्यावर वापरकर्तो सोशल नेटवर्क तयार करता,सोशल मीडिया मार्केटिंग म्हणजे प्लॅटफॉर्मचा वापर ज्यावर वापरकर्ते सोशल नेटवर्क तयार करतात
3251,715026,D2,Agriculture,15.929,पी.एम किसान योजनेची रक्कम वर्षाला सहा हजार रुपयांपासून वाढवून बारा हजार केल गेलं आहे,पी.एम किसान योजनेची रक्कम वर्षाला सहा हजार रुपयांपासून वाढवून बारा हजार झाली आहे.
3252,722279,D4,Banking,15.5,वंचित राहिलेल्या लोकांना बँकिंगशी जोडणे हा प्रधानमंत्री जन धन योजनेचा उद्देश आहे,वंचित राहिलेल्या लोकांना बँकिंगशी जोडणे हा प्रधानमंत्री जन धन योजनेचा उद्देश आहे
3253,709921,D1,Agriculture,15.917,तुम्ही बगलासच आसतलास गवात कापू च्या यंत्रान रस्त्याच्या बाजूचा गवात कापला जाता,"तुम्ही बगलाशी होते, गावाच्या कापच्या यंत्राच्या रस्त्याच्या बाजूच्या गावात कापले जाते."
3254,713471,D2,Agriculture,15.929,शेती आनी शेतकरी कल्याण मंत्रालय कडथीन शेतकरीस्नी आनी शेतीना ईकास कराना परयत्न चालू शेतस,शेती आणि शेतकरी कल्याण मंत्रालयाने शेतकऱ्यांसाठी आणि शेतीसाठी एकस करानाचे प्रयत्न चालू आहेत.
3255,718740,D4,Banking,15.5,तुम्हाला माहिती आहे का की चीन आता जगातील सर्वात मोठा संरक्षण बजेट खर्च करतो ?,तुम्हाला माहिती आहे का की चीन आता जगातील सर्वात मोठा संरक्षण बजेट खर्च करतो?
3256,707283,D1,Banking,15.917,कामगारांका एकशे पंचवीस दिवसांचो रोजगार देण्याचो गरीब कल्याण रोजगार अभियानचो उद्दिष्ट असा,कामगारांना एकशे पंचवीस दिवसांचे रोजगार देण्याचे गरीब कल्याण रोजगार अभियानाचे उद्दिष्ट आहे.
3257,715069,D2,Banking,15.929,बाकी असलेल्या कर्जाची रक्कम ऑनलाइन बघण्यासाठी आपला मोबाइल नंबर व अकाउंट नंबर द्यावा लागतो,बाकीच्या कर्जाची रक्कम ऑनलाइन पाहण्यासाठी आपला मोबाईल नंबर व खाते क्रमांक द्यावा लागतो.
3258,721112,D4,Banking,15.5,ट्रॅव्हल इन्शुरन्स हे ट्रिप दरम्यान अनपेक्षित तोटा भरण्यासाठी एक विमा उत्पादन आहे,ट्रॅव्हल इन्शुरन्स हे ट्रिप दरम्यान अनपेक्षित तोटा भरण्यासाठी एक विमा उत्पादन आहे
3259,707028,D1,Banking,15.917,एकाच बँकात किंवा वेगळ्या बँकात दुसऱ्याच्यो खात्यात धनादेशाद्वारा पैसो जमा करता येतत,एकाच बँकेत किंवा वेगवेगळ्या बँकांमध्ये दुसऱ्या खात्यात धनादेशाद्वारे पैसे जमा करता येतात.
3260,716666,D2,Agriculture,15.929,द्राक्षाच्या न पिकलेल्या फळाचा रंग हिरवा असतो आणि पिकल्यावर हिरवा किंवा हलका पिवळा होतो,द्राक्षाच्या न पिकलेल्या फळाचा रंग हिरवा असतो आणि पिकल्यावर हिरवा किंवा हलका पिवळा होतो
3261,720598,D4,Agriculture,15.5,इतर नवीन तंत्राने बनवलेल्या उपकरणांचा वापर पिकाला ताण देण्यासाठी केला जातो,इतर नवीन तंत्रज्ञानाने बनवलेल्या उपकरणांचा वापर पिकाला ताण देण्यासाठी केला जातो
3262,710824,D1,Agriculture,15.909,प्राणीमुक्त शेतीत सेंद्रिय किंवा बिगर सेंद्रिय शेती पध्दतींचो वापर केलो जाता,प्राणीमुक्त शेतीत सेंद्रिय किंवा बिगर सेंद्रिय शेती पद्धतींचा वापर केला जातो.
3263,724702,D2,Agriculture,15.929,शहरी शेती विकसित आणि विकसनशील दोन्ही देशांमधल्या अनेक शहरांमध्ये मत्स्यपालन आणि वनीकरण समाविष्ट आहे,शहरी शेती विकसित आणि विकसनशील दोन्ही देशांमधील अनेक शहरांमध्ये मत्स्यपालन आणि वनीकरण समाविष्ट आहे
3264,720470,D4,Banking,15.5,खातेदार आपल्या बँकेला लक्ष्य व्यक्तीला पैसे देण्यासाठी धनादेश देतो,खातेदार आपल्या बँकेला लक्ष्य व्यक्तीला पैसे देण्यासाठी धनादेश देतो
3265,706548,D1,Banking,15.909,सिंडिकेटेड कर्ज ह्या कर्जदारांच्या गटाद्वारा प्रदान केलेला आणि संरचित केलेला असता,सिंडिकेटेड कर्ज ह्या कर्जदारांच्या गटाद्वारे प्रदान केलेला आणि संरचित केलेला असतो
3266,717192,D2,Agriculture,15.923,भारतात मोत्यांची शेती कमी आहे आणि त्यामुळे इतर देशांतून मोत्यांची आयात केली जाते,भारतात मोत्यांची शेती कमी आहे आणि त्यामुळे इतर देशांतून मोत्यांची आयात केली जाते
3267,718937,D4,Agriculture,15.5,ग्रीनपीसच्या वन मोहिमेमुळे ऐतिहासिकदृष्ट्या जंगलतोड संपली असती,ग्रीनपीसच्या वन मोहिमेमुळे ऐतिहासिकदृष्ट्या जंगलतोड संपली असती
3268,710212,D1,Agriculture,15.909,कृषी विपणणात कृषी उत्पादनाक शेतातून ग्राहकाकडे नेवसाठी असलेल्या सेवांचो समावेश होता,कृषी विपणणात कृषी उत्पादने शेतातून ग्राहकांकडे नेण्यासाठी असलेल्या सेवांचा समावेश होता.
3269,713548,D2,Banking,15.923,"सामान आथा तथा लयी जावा करता ट्रक , टेम्पो , मालगाड्या काम पडतीस","सामान घेऊन जाण्यासाठी ट्रक, टेम्पो आणि मालगाड्यांची काम पडते."
3270,721565,D4,Agriculture,15.5,पृथ्वीच्या एकूण पाण्यापैकी शहाण्णव दशमलव पाच टक्के पाणी महासागरांमध्ये आहे,पृथ्वीच्या एकूण पाण्यापैकी शहाण्णव दशमलव पाच टक्के पाणी महासागरांमध्ये आहे
3271,709179,D1,Agriculture,15.909,माझ्या बापसान फक्त सोळाशे रुपयात प्रधानमंत्री पीक विमा योजनेसून विमा घेतल्यान,माझ्या वडिलांनी फक्त सोळाशे रुपयांत प्रधानमंत्री पीक विमा योजनेअंतर्गत विमा घेतला.
3272,715256,D2,Banking,15.923,"अटल पेन्शन योजनेला असंघटित क्षेत्राच्या कर्मचाऱ्यांना पेन्शन मिळावी , म्हणून बनवलं गेलं आहे",अटल पेन्शन योजनेला असंघटित क्षेत्राच्या कर्मचाऱ्यांना पेन्शन मिळावी म्हणून बनवले गेले आहे
3273,722863,D4,Agriculture,15.5,पशु फार्मर क्रेडिट कार्ड घेण्यासाठी मोहनने आवश्यक ती सर्व कागदपत्रे बँकेत नेली,पशु फार्मर क्रेडिट कार्ड घेण्यासाठी मोहनने आवश्यक ती सर्व कागदपत्रे बँकेत नेली
3274,710317,D1,Banking,15.9,पेमेंट सिस्टम ऑफलाईन ट्रांसफरसाठी इलेक्ट्रॉनिक पेमेंट स्विकारुची सुवीधा प्रदान करता,पेमेंट सिस्टम ऑफलाईन ट्रान्सफरसाठी इलेक्ट्रॉनिक पेमेंट स्वीकारण्याची सुविधा प्रदान करते
3275,713558,D2,Agriculture,15.917,काही शेतकरीस्ले वाचता लिखता येस नही म्हनीस्नी त्या कोठेच पुढे येतस नही,काही शेतकरी वाचता लिहू शकत नाहीत म्हणून ते कोठेच पुढे येत नाहीत.
3276,720925,D4,Agriculture,15.5,विविध पिके पेरण्यात गुंतलेल्या सर्व शेतकर्यांसाठी अचूक बियाणे ड्रिल खूप उपयुक्त ठरेल,विविध पिके पेरण्यात गुंतलेल्या सर्व शेतकऱ्यांसाठी अचूक बियाणे ड्रिल खूप उपयुक्त ठरेल
3277,707210,D1,Banking,15.889,एफ.डी मॅच्युरिटी कॅल्क्युलेटोन्स जटिल असतत ज्यात एकोधिक व्हेरिएबल्स असतत,एफ.डी. मॅच्युरिटी कॅल्क्युलेटोन्स जटिल आहेत ज्यात एकोधिक व्हेरिएबल्स आहेत
3278,713166,D2,Banking,15.917,आर्थिक स्टेटमेंट हाई आर्थिक कामकाज आनी व्यवसायाना स्थिती ना कामपुरता रेकॉर्ड राहतस,आर्थिक स्टेटमेंट आणि आर्थिक कामकाजाची तसेच व्यवसायाची स्थिती रेकॉर्ड आहे
3279,720292,D4,Banking,15.5,"सार्वजनिक सुविधा आणि लोककल्याणकारी योजनांसाठी , सरकारांना निश्चित उत्पन्नाची गरज असते",सार्वजनिक सुविधा आणि लोककल्याणकारी योजनांसाठी सरकारांना निश्चित उत्पन्नाची गरज असते
3280,708006,D1,Banking,15.889,लीव्हरेज्ड लोन देणारे लीव्हरेज्ड लोनला जास्त जोखीम धारण करतत,लीव्हरेज्ड लोन देणारे त्या लीव्हरेज्ड लोनवर जास्त जोखीम धारण करत आहेत
3281,715458,D2,Agriculture,15.917,"कॉफी उत्पादन , कॉफी च्या रोपांची शेती मोठ्या व्यावसायिक कर्यांमध्ये केली जाते","कॉफी उत्पादन, कॉफीच्या रोपांची शेती मोठ्या व्यावसायिक कर्जांमध्ये केली जाते."
3282,722678,D4,Banking,15.5,"बँक आम्हाला सोळा अंकी युनिफाइड पेमेंट्स इंटरफेस देते , खाते क्रमांक देतो","बँक आम्हाला सोळा अंकी युनिफाइड पेमेंट्स इंटरफेस देते, खाते क्रमांक देते."
3283,707351,D1,Agriculture,15.882,"आल्याचो कंद , आल्याच्या मूळ , आला , आल्याचे मसाले ह्या सगळ्यांचो लोका औषध म्हणून उपयोग करतत","आल्याचा कंद, आल्याच्या मुळापासून आले, आणि आल्याचे मसाले या सगळ्या लोकांचे औषध म्हणून उपयोग करत आहेत."
3284,715328,D2,Banking,15.917,इक्विटी फंड ते म्युचल फंड आहे जे खास करून शेअर्समध्ये गुंतवणूक करतात,इक्विटी फंड ते म्युचल फंड आहे जे खास करून शेअर्समध्ये गुंतवणूक करतात
3285,721917,D4,Agriculture,15.5,म्हशींपासून दूध काढण्यासाठी यंत्रांचा वापर केला जातो,म्हशींपासून दूध काढण्यासाठी यंत्रांचा वापर केला जातो
3286,709944,D1,Agriculture,15.875,"नैसर्गिक आपत्ते , जसा वादाळ , धो धो पाऊस ह्याना कितीतरी वेळा पिकांच्या रूजण्यात अडथळो येता",नैसर्गिक घटना जसे वादळ आणि धो धो पाऊस यामुळे कितीतरी वेळा पिकांच्या वाढीमध्ये अडथळा येतो
3287,714501,D2,Agriculture,15.909,शेतीना व्यवसाय वाढावानीकरता मोठमोठ्या कंपन्यांस्नी कृषी व्यवसाय योजना सुरु करेल शे,शेतीचा व्यवसाय वाढाવાनसाठी मोठ्या कंपन्यांना कृषी व्यवसाय योजना सुरू करतील.
3288,720939,D4,Agriculture,15.5,प्रधानमंत्री किसान सन्मान निधी ही भारत सरकारच्या महत्वाच्या योजनांपैकी एक आहे,प्रधानमंत्री किसान सन्मान निधी ही भारत सरकारच्या महत्वाच्या योजनांपैकी एक आहे
3289,707308,D1,Banking,15.867,"अर्थव्यवस्थेची वाढ , स्थिरता हेंच्यावर नियंत्राण ठेवूसाठी व्याजदर , कर , सरकारी खर्च वापरुचो असता","अर्थव्यवस्थेची वाढ आणि स्थिरता नियंत्रणात ठेवण्यासाठी व्याजदर, कर आणि सरकारी खर्च वापरले जातात."
3290,717050,D2,Banking,15.9,वित्तीय अभियांत्रिकी हे अभियांत्रिकी पद्धतींचा समावेश असलेले बहुविषय क्षेत्र आहे,वित्तीय अभियांत्रिकी हे अभियांत्रिकी पद्धतींचा समावेश असलेले बहुविषय क्षेत्र आहे
3291,722841,D4,Agriculture,15.5,बडीशेप अंड्यापासून ते लोणच्यापर्यंत प्रत्येक गोष्टीला एक विशिष्ट चव देते,बडीशेप अंड्यापासून ते लोणच्यापर्यंत प्रत्येक गोष्टीला एक विशिष्ट चव देते
3292,708999,D1,Banking,15.857,ते उत्पादन कोणत्या पण साधनासाठी वापरूक नाय हत म्हणान ते भांडवल नाय बनू शकत,ते उत्पादन कोणत्याही साधनासाठी वापरले जाऊ शकत नाही आणि ते भांडवल बनू शकत नाही
3293,715658,D2,Banking,15.9,"तुम्हाला माहिती आहे का , येस बँक आय.एस.ओ सर्टिफाइड आहे","तुम्हाला माहिती आहे का, येस बँक आय.एस.ओ सर्टिफाइड आहे?"
3294,722306,D4,Banking,15.5,गुंतवणूकदारांनी खरेदी केलेल्या वेळी भाग भांडवल प्रति समभाग किंमतीवर केंद्रित असते,गुंतवणूकदारांनी खरेदी केलेल्या वेळी भाग भांडवल प्रति समभाग किंमतीवर केंद्रित असते
3295,707129,D1,Banking,15.846,वस्तू अशा वस्तू आसत ज्या मानवी इच्छा पूर्ण करतत आणि उपयुक्तता प्रदान करतत,वस्तू अशा वस्तू आहेत ज्या मानवी इच्छा पूर्ण करत आणि उपयुक्तता प्रदान करत
3296,714314,D2,Agriculture,15.9,शेतकरीनी अपेक्सा रहास की त्यानी जिमीन भारी जिमीन राव्हाले जोयजे,शेतकरीने अपेक्षा ठेवतो की ती जमीन पुरेशी राहील.
3297,719199,D4,Agriculture,15.5,हिरवी वेलची मसाला चाय किंवा अरेबिक कॉफी सारख्या गरम पदार्थांसाठी देखील वापरली जाते,हिरवी वेलची मसाला चहा किंवा अरेबिक कॉफी सारख्या गरम पदार्थांसाठी देखील वापरली जाते
3298,707038,D1,Banking,15.833,काळ्या बाजाराक भूमिगत अर्थ व्यवस्था किंवा सावली अर्थ व्यवस्था असो सुद्धा म्हणतत,काळ्या बाजाराची भूमिगत अर्थ व्यवस्था किंवा सावली अर्थ व्यवस्था असो तरी म्हणत आहे
3299,715467,D2,Banking,15.882,"कोणत्या प्रकारची पेन्शन आहे , यावर अवलंबून असतं , तुम्ही , तुमचा नियोक्ता यामध्ये पेमेंट करू शकता","कोणत्या प्रकारची पेन्शन आहे, यावर अवलंबून असते, तुम्ही तुमचा नियोक्ता यामध्ये पेमेंट करू शकता."
3300,721662,D4,Banking,15.5,ट्रान्झॅक्शन खात्यास क्रेडिट युनियनमध्ये शेअर ड्राफ्ट खाते देखील म्हणतात,ट्रान्झॅक्शन खाते क्रेडिट युनियनमध्ये शेअर ड्राफ्ट खाते देखील असते
3301,710546,D1,Banking,15.833,आयात किंवा निर्यात शुल्क ह्याका सीमाशुल्क किंवा कर शुल्क म्हणून पण ओळखतत,आयात किंवा निर्यात शुल्क हे सीमाशुल्क किंवा कर शुल्क म्हणून पण ओळखले जाते.
3302,716125,D2,Banking,15.875,"विज बिल , डी.टी.एच आणि ब्रॉड बँड बिल इत्यादी बिल यू.पी.आय च्या माध्यमाने भरले जाऊ शकतात","विज बिल, डी.टी.एच आणि ब्रॉड बँड बिल इत्यादी बिल यू.पी.आय च्या माध्यमातून भरले जाऊ शकतात."
3303,720663,D4,Agriculture,15.5,अरुणाचल प्रदेश हे भारतातील परिपूर्ण मासेमारीचे ठिकाण आहे,अरुणाचल प्रदेश हे भारतातील परिपूर्ण मासेमारीचे ठिकाण आहे
3304,710102,D1,Banking,15.833,सरकारी बाँड कमी स्थिर अर्थव्यवस्थावाले देश अधिक स्थिर अर्थव्यवस्थावाले देशाची मुद्रा हा,सरकारी बाँड कमी स्थिर अर्थव्यवस्थावाले देश अधिक स्थिर अर्थव्यवस्थावाले देशाची मुद्रा आहे
3305,716908,D2,Banking,15.818,वित्तीय सेवांमध्ये क्रेडिट कार्ड युनियन बँक क्रेडिट कार्ड कंपन्यांचा समावेश होतो,वित्तीय सेवांमध्ये क्रेडिट कार्ड युनियन बँक क्रेडिट कार्ड कंपन्यांचा समावेश होतो
3306,719100,D4,Banking,15.5,सामान्य माणूस इंटरबैंक लेंडिंग मार्केटतून कर्ज घेऊ शकत नाही,सामान्य माणूस इंटरबैंक लेंडिंग मार्केटमधून कर्ज घेऊ शकत नाही
3307,708514,D1,Banking,15.833,व्यक्तिगत कर्ज किंवा सोन्यार कर्ज घेवच्यासाठी ऑनलाईन अर्ज केल्यार सोमता कर्ज मेळता,व्यक्तिगत कर्ज किंवा सोन्यार कर्ज घेण्याच्यासाठी ऑनलाईन अर्ज केल्यावर सोपे कर्ज मिळते
3308,713532,D2,Agriculture,15.8,"पानीना बेसुमार वापर करनारा पानी पानी कराले लायी देतस , पानी शे ते जीवन शे","पाण्याचा बेसुमार वापर करून पाणी दिले जाते, पाणीच ते जीवन आहे."
3309,721383,D4,Banking,15.5,परताव्याच्या सुधारित अंतर्गत दरामध्ये नकारात्मक रोख प्रवाहाची भूमिका काय आहे ?,परताव्याच्या सुधारित अंतर्गत दरामध्ये नकारात्मक रोख प्रवाहाची भूमिका काय आहे?
3310,708788,D1,Agriculture,15.833,डेअरी उद्यमिता विकास योजना म्हणजे डेअरी सुरू करूक प्रोत्साहन देणारी योजना हा,डेअरी उद्यमिता विकास योजना म्हणजे डेअरी सुरू करण्यासाठी प्रोत्साहन देणारी योजना आहे
3311,714180,D2,Agriculture,15.786,"तण यवस्थापन सांस्कृतिक , जैविक , यांत्रिक , भौतिक , रासायनिक धोरण एकत्र करस","सांस्कृतिक, जैविक, यांत्रिक, भौतिक, रासायनिक धोरणे एकत्र करा"
3312,721176,D4,Banking,15.5,मालमत्ता विमा मालमत्तेच्या जोखमीपासून संरक्षण प्रदान करते,मालमत्ता विमा मालमत्तेच्या जोखमीपासून संरक्षण प्रदान करते
3313,707214,D1,Banking,15.833,माय सर्टिफिकेट यो पर्यायावर क्लिक करा आणि ठेवींच्यो व्याज प्रमाणपत्रावर क्लिक करा,माझे प्रमाणपत्र या पर्यायावर क्लिक करा आणि व्याज प्रमाणपत्रावर क्लिक करा
3314,716969,D2,Agriculture,15.5,जैवइंधन म्हणजे बायोमासपासून मिळणारे कोणतेही प्रकारचे इंधन,जैवइंधन म्हणजे बायोमासपासून मिळणारे कोणतेही प्रकारचे इंधन
3315,719444,D4,Agriculture,15.5,"स्थानिक पातळीवर उगवलेल्या बिया शोधा , सेंद्रिय पद्धतीने पिकवलेल्या बियांचा वापर करा","स्थानिक पातळीवर उगवलेल्या बिया शोधा, सेंद्रिय पद्धतीने पिकवलेल्या बियांचा वापर करा"
3316,707479,D1,Agriculture,15.824,"खरा तर एक बीपासून नुकताच तयार झालेला रोप ह्या एक बीज आसा , पण नुकताच अंकुरलेला आसा","खरा तर एक बीपासून नुकताच तयार झालेला रोप हे एक बीज आहे, पण नुकताच अंकुरलेला आहे."
3317,716764,D2,Agriculture,15.5,कृषी तज्ज्ञांच्या मते ड्रॅगन फ्रूट कमी पाऊस असलेल्या भागात चांगल्या प्रकारे वाढतात,कृषी तज्ज्ञांच्या मते ड्रॅगन फ्रूट कमी पाऊस असलेल्या भागात चांगल्या प्रकारे वाढतात
3318,719387,D4,Banking,15.5,वार्षिक टक्केवारी दराची गणना कशी करायची हे तुम्हाला माहिती आहे का ?,वार्षिक टक्केवारी दराची गणना कशी करायची हे तुम्हाला माहिती आहे का?
3319,708892,D1,Banking,15.818,सार्वजनिक वित्त सरकारी राजस्व आणि सार्वजनिक प्राधिकरणांचे सरकारी खर्चांचा आलोकन करतत,"सार्वजनिक वित्त, सरकारी राजस्व आणि सार्वजनिक प्राधिकरणांचे सरकारी खर्चांचा आलोकन करत आहे."
3320,715153,D2,Banking,15.5,या वित्त संकल्पनेच्या सूत्राचा उपयोग करुन एकूण मूल्य माहित केले जाऊ शकते,या वित्त संकल्पनेच्या सूत्राचा उपयोग करून एकूण मूल्य ज्ञात केले जाऊ शकते.
3321,722525,D4,Banking,15.5,सरकारी रोख्यांमध्ये सामान्यत नियतकालिक व्याज देण्याची वचनबद्धता समाविष्ट असते,सरकारी रोख्यांमध्ये सामान्यत नियतकालिक व्याज देण्याची वचनबद्धता समाविष्ट असते
3322,706658,D1,Banking,15.8,आयात किंवा निर्यात शुल्क याका सीमाशुल्क किंवा आयात सुद्धा म्हणतत,आयात किंवा निर्यात शुल्क सीमाशुल्क किंवा आयात सुद्धा म्हणतात.
3323,715984,D2,Agriculture,15.5,माझ्या वडिलांकडे लिफ सेन्सर आहे त्याची आम्हाला खूप मदत होते,"माझ्या वडिलांकडे लिफ सेन्सर आहे, ज्यामुळे आम्हाला खूप मदत होत होती."
3324,720054,D4,Agriculture,15.5,"मंदिरात फुले अर्पण केली जात असत , देवाला घालण्यासाठी हार घातले जातात","मंदिरात फुले अर्पण केली जात होती, देवाला घालण्यासाठी हार घातले जातात."
3325,707103,D1,Banking,15.8,भारतीय लेखा मानक ह्या भारतातल्या कंपन्यांन स्वीकारलेला लेखा मानक असा,भारतीय लेखा मानक हा भारतातील कंपन्यांनी स्वीकारलेला लेखा मानक आहे
3326,716163,D2,Banking,15.5,"शिक्षकांना त्यांच्या तिथे होणाऱ्या खर्चापेक्षा ही , कमी पेमेंट केलं जात",शिक्षकांना त्यांच्या खर्चापेक्षा कमी पेमेंट केले जाते.
3327,719679,D4,Agriculture,15.5,मुलांनो जगातील सर्वात मोठ्या चेस्टनट उत्पादनात चीन पहिल्या क्रमांकावर आहे,मुलांनो जगातील सर्वात मोठ्या चेस्टनट उत्पादनात चीन पहिल्या क्रमांकावर आहे
3328,706537,D1,Banking,15.8,समुदाय विकास बँकेक समुदाय विकास वित्तीय संस्था असा पण म्हणतत,समुदाय विकास बँकेक समुदाय विकास वित्तीय संस्था असे पण म्हणत आहे
3329,716180,D2,Agriculture,15.5,शेती अवजार तसेच उपकरणांवर भारत सरकार ने चाळीस ते पन्नास टक्क्यांपर्यंत सबसिडी दिली आहे,शेती अवजारे तसेच उपकरणांवर भारत सरकाराने चाळीस ते पन्नास टक्क्यांपर्यंत सबसिडी दिली आहे
3330,720715,D4,Banking,15.5,स्थिर डोळ्यांच्या विश्लेषणामध्ये सर्व प्रमुख समस्यांचे सखोल विश्लेषण समाविष्ट असते,स्थिर डोळ्यांच्या विश्लेषणामध्ये सर्व प्रमुख समस्यांचे सखोल विश्लेषण समाविष्ट असते
3331,710699,D1,Banking,15.8,जागतिक बौध्दिक संपदा संघटनेची स्थापना बौध्दिक संपदा संरक्षणासाठी करण्यात इली,जागतिक बौद्धिक संपदा संघटनेची स्थापना बौद्धिक संपदा संरक्षणासाठी करण्यात आली
3332,715565,D2,Agriculture,15.5,जनावरांना हिरवा चारा योग्य प्रमाणात खाऊ घातल्याने जनावरांचे आरोग्य चांगलं राहतं,जनावरांना हिरवा चारा योग्य प्रमाणात खाऊ घातल्याने जनावरांचे आरोग्य चांगले राहते.
3333,720496,D4,Banking,15.5,त्वरित वितरणासाठी आर्थिक संसाधने किंवा वस्तूंचा व्यापार केला जातो,त्वरित वितरणासाठी आर्थिक संसाधने किंवा वस्तूंचा व्यापार केला जातो
3334,706724,D1,Banking,15.778,शेअर बाजाराक इक्विटी मार्केट किंवा शेअर मार्केट असोही म्हणतत,शेअर बाजार इक्विटी मार्केट किंवा शेअर मार्केट असोही म्हणत आहे
3335,716739,D2,Agriculture,15.5,मधमाश्यांच्या मधापासूनही मध तयार होते हे नीरजला माहीत आहे,मधमाश्यांच्या मधापासूनही मध तयार होते हे नीरजला माहीत आहे
3336,719130,D4,Agriculture,15.5,पाण्यात आढळणारे निळ्या रंगाचे ब्लू वॉटर लिली हे कमळाच्या फुलासारखे असते,पाण्यात आढळणारे निळ्या रंगाचे ब्लू वॉटर लिली हे कमळाच्या फुलासारखे असते
3337,706758,D1,Banking,15.769,"वैयक्तिक , भागीदारी संस्था , भागीदाराचो अधिकार , भागीदाराचो मृत्यू इत्यादी प्रकार आसत","वैयक्तिक, भागीदारी संस्था, भागीदारांचे अधिकार, भागीदाराचा मृत्यू इत्यादी प्रकार होते."
3338,714526,D2,Banking,15.5,सोताना माल सोताच निर्यात करता येस व्हई ते तो कशा कराना ?,सोताना माल निर्यात करता येतो का आणि ते कशा करायचे आहे?
3339,719575,D4,Banking,15.5,निवृत्ती वेतन हा पुढील आयुष्यात पैसे बाजूला ठेवण्याचा कर कार्यक्षम मार्ग आहे,निवृत्ती वेतन हा पुढील आयुष्यात पैसे बाजूला ठेवण्याचा कर कार्यक्षम मार्ग आहे
3340,724816,D1,Agriculture,15.75,"सचिन शिकवीत होतो रबर , ज्याका इंडिया रबर , लेटेक्स , अमेझोनियन रबर , कौचो किंवा काउचॉक असा पण म्हणतत","सचिन रबर शिकत होता, ज्याका इंडिया रबर, लेटेक्स, अमेझोनियन रबर, कौचो किंवा काउचॉक असे पण म्हणत होता."
3341,718339,D2,Banking,15.5,"माझ्या ए.टी.एम चा पिन मी विसरलो आहे , तो रिसेट करण्यासाठी मला मदत कराल ?","माझ्या ए.टी.एमचा पिन मी विसरलो आहे, तो रिसेट करण्यासाठी तुम्ही मला मदत कराल का?"
3342,722418,D4,Agriculture,15.5,तू चिंचेची झाडे पाहिली आहेस का माझ्या कॉलनीत चिंचेचे खूप मोठे झाड आहे,तुम्ही चिंचेची झाडे पाहिली आहेत का? माझ्या कॉलनीत खूप मोठे चिंचेचे झाड आहे.
3343,706545,D1,Banking,15.733,"सांस्कृतिक , वांशिक , स्त्रीवादी , संस्थात्मक , सहस्राब्दी , नवजात ह्ये उद्योजकतेचो प्रकार आसत","सांस्कृतिक, वांशिक, स्त्रीवादी, संस्थात्मक, सहस्राब्दी, नवजात उद्योजकतेचा प्रकार असतो."
3344,717553,D2,Agriculture,15.5,गव्हाच्या काढणीनंतर जमिनीचा पोत टिकवण्यासाठी कोणती पद्धत अवलंबवावी ?,गव्हाच्या काढणीनंतर जमिनीचा पोत टिकवण्यासाठी कोणती पद्धत अवलंबवावी?
3345,721417,D4,Banking,15.5,मला साठ हजार रुपयांचा डिमांड ड्राफ्ट करण्यासाठी पॅन कार्डची आवश्यकता होती,मला साठ हजार रुपयांचा डिमांड ड्राफ्ट करण्यासाठी पॅन कार्डची आवश्यकता होती
3346,710943,D1,Banking,15.5,मूल्यह्रास झाल्यामुळा मालमत्तेचा मू्ल्य पण लक्षणीय रित्या बदलता,मूल्यह्रास झाल्यामुळे मालमत्तेचे मूल्य पण लक्षणीयरीत्या बदलते.
3347,718299,D2,Banking,15.5,सामाजिक योजनेचा लाभ मिळण्यासाठी कोणती कागदपत्रे लागतील ?,सामाजिक योजनेचा लाभ मिळण्यासाठी कोणती कागदपत्रे लागतील?
3348,720777,D4,Agriculture,15.5,अनेक सुरुवातीच्या राज्यांच्या विकासात सिंचन हा एक महत्त्वाचा घटक होता,अनेक सुरुवातीच्या राज्यांच्या विकासात सिंचन हा एक महत्त्वाचा घटक होता
3349,706889,D1,Banking,15.5,चलन ह्या कालांतरान विशिष्ट वातावरणात सामान्य वापरात असलेला पैशाची प्रणाली असा,चलन ह्या कालांतरात विशिष्ट वातावरणात सामान्य वापरात असलेली पैशाची प्रणाली आहे.
3350,717510,D2,Agriculture,15.5,माझ्या शेतातील माल मी स्वत: इतर राज्यात विकू शकते का ?,माझ्या शेतातील माल मी स्वतः इतर राज्यात विकू शकते का?
3351,722879,D4,Agriculture,15.5,जोगिंदरने घरातील डास दूर करण्यासाठी क्रायसॅन्थेममचे रोप लावले,जोगिंदरने घरातील डास दूर करण्यासाठी क्रायसॅन्थेममचे रोप लावले
3352,706898,D1,Banking,15.5,रिलेटिव्ह रिटर्न ह्या गुंतवणुकीचा पोर्टफोलिओच्यो सापेक्ष परताव्याचो मोजमाप असा,रिलेटिव्ह रिटर्न ह्या गुंतवणुकीच्या पोर्टफोलिओचा सापेक्ष परताव्याचा मोजमाप आहे
3353,718159,D2,Banking,15.5,यू.पी.आय च्या माध्यमाने कोणलाही बँक खात्यामधून जलद पैसे पाठवता येतात का ?,यू.पी.आय च्या माध्यमातून कोणाचेही बँक खात्यातून जलद पैसे पाठवता येतात का?
3354,722290,D4,Banking,15.5,रानू यांनी यावर्षी बँक एक्झाम इंडियामध्ये ऑफिसर पदासाठी अर्ज केला होता,रानू यांनी यावर्षी बँक एक्झाम इंडियामध्ये ऑफिसर पदासाठी अर्ज केला होता
3355,708617,D1,Agriculture,15.5,भारतात व्यावसायिकदृष्ट्या महत्त्वाचे असे मधमाश्यांची सहा प्रजाती सापडतत,भारतात मधमाश्यांची सहा व्यावसायिकदृष्ट्या महत्त्वाच्या प्रजाती आढळतात
3356,716300,D2,Agriculture,15.5,हाताने गोळा करणे मासे पकडण्याच्या पद्धती मधून एक आहे,हाताने गोळा करणे मासे पकडण्याच्या पद्धतीमधून एक आहे
3357,721247,D4,Banking,15.5,अँथ्रासाइट कोळशाचा पहिला माल फिलाडेल्फियाला पाठविण्यात आला,अँथ्रासाइट कोळशाचा पहिला माल फिलाडेल्फियाला पाठविण्यात आला
3358,708878,D1,Banking,15.5,पासबुकचो वापर बॅन्क आणि व्यापाऱ्यांच्या देवाण घेवाणीचो रेकॉर्ड ठेऊक करतत,पासबुकचा वापर बँक आणि व्यापाऱ्यांच्या देवाणघेवाणीचा रेकॉर्ड ठेवत आहे.
3359,712857,D2,Agriculture,15.5,आनुवांशिक सुधारित मासासनं संगोपन करीसन वैज्ञानिक संशोधन करतस,आनुवंशिक सुधारित माशांचे संगोपन करून वैज्ञानिक संशोधन केले जाते.
3360,721732,D4,Banking,15.5,उत्पादनाच्या वेगवेगळ्या टप्प्यांवर अंतिम ग्राहक वगळता सर्व पक्षांना जी.एस.टी परत केला जातो,उत्पादनाच्या वेगवेगळ्या टप्प्यांवर अंतिम ग्राहक वगळता सर्व पक्षांना जी.एस.टी परत केला जातो
3361,706726,D1,Banking,15.5,कमोडिटी मार्केट ह्यो एक बाजार असा ज्यो प्राथमिक आर्थिक क्षेत्रात व्यापार करता,कमोडिटी मार्केट एक बाजार आहे जो प्राथमिक आर्थिक क्षेत्रात व्यापार करतो.
3362,717032,D2,Banking,15.5,माहितीची देवाणघेवाण हा रोख प्रवाहाच्या समस्यांवर उपाय आहे,माहितीची देवाणघेवाण हा रोख प्रवाहाच्या समस्यांवर उपाय आहे
3363,721250,D4,Banking,15.5,मध्यवर्ती बँक विविध विकास आणि प्रशासकीय कामांसाठी सार्वजनिक कर्ज सांभाळते,मध्यवर्ती बँक विविध विकास आणि प्रशासकीय कामांसाठी सार्वजनिक कर्ज सांभाळते
3364,709878,D1,Agriculture,15.5,ग्रामीण विकास म्हणजे लोकांची आर्थिक सुधारणा आणि मोठे सामाजिक बदल,ग्रामीण विकास म्हणजे लोकांची आर्थिक सुधारणा आणि मोठे सामाजिक बदल
3365,718277,D2,Banking,15.5,"सहा महिन्यांच्या मुदतीसाठी मला तीस हजाराची ठेव ठेवायची आहे , तर त्यावर किती व्याजदर मिळेल ?","सहा महिन्यांच्या मुदतीसाठी मला तीस हजाराची ठेव ठेवायची आहे, तर त्यावर किती व्याजदर मिळेल?"
3366,721196,D4,Banking,15.5,इंटेक्स ही संरचित निश्चित उत्पन्न बाजारासाठी एक आर्थिक मॉडेलिंग कंपनी आहे,इंटेक्स ही संरचित निश्चित उत्पन्न बाजारासाठी एक आर्थिक मॉडेलिंग कंपनी आहे
3367,708891,D1,Banking,15.5,"नेटबॅन्किंगसाठी लॉगीन आय.डी , पासवर्ड मिळवूची प्रक्रिया प्रत्येक बॅन्केत येगयेगळी असा",नेटबॅन्किंगसाठी लॉगिन आय.डी आणि पासवर्ड मिळवण्याची प्रक्रिया प्रत्येक बँकेत अशीच असते
3368,712762,D2,Banking,15.5,मास्तरांनी वर्गमा करोडपती उद्योजकताना बारामा शिकाडं,शिक्षकांनी वर्गामध्ये करोडपती उद्योजकतेत बारा वेळा शिक्षण घेतले.
3369,721566,D4,Agriculture,15.5,स्थलांतरित कामगार सहसा ते काम करतात त्या देशात किंवा प्रदेशात कायमचे राहण्याचा इरादा नसतात,स्थलांतरित कामगार सहसा ते त्या देशात किंवा प्रदेशात कायमचे राहण्याचा इरादा नसतात.
3370,708221,D1,Banking,15.5,कंपनीन पयलाच आर्थिक स्टेटमेंटमध्ये देयक दिवच्यासाठी अंदाजपत्रक तयार केल्लला आसा,कंपनीच्या आर्थिक स्टेटमेंटमध्ये देयकासाठी अंदाजपत्रक तयार करायला हवे.
3371,715545,D2,Agriculture,15.5,"चिकन हार्वेस्टर ही एक मशीन आहे , ज्याचा उपयोग कुक्कुट पालन करणारे लोक करतात","चिकन हार्वेस्टर ही एक मशीन आहे, ज्याचा उपयोग कुक्कुट पालन करणारे लोक करतात."
3372,721948,D4,Agriculture,15.5,वनस्पती आधारित मूळचे खत प्राणी मुक्त शेतीमध्ये वापरले जाते आणि लिचिंग कमी करते,वनस्पती आधारित मूळचे खत प्राणी मुक्त शेतीमध्ये वापरले जाते आणि लिचिंग कमी करते
3373,710929,D1,Agriculture,15.5,मिया खयच्या तरी कृषी विभागातना फळांच्या शेतीच्या बाबतीत माहिती मिळवलय होतय,कृषी विभागातना फळांच्या शेतीच्या बाबतीत माहिती मिळत आहे.
3374,712800,D2,Banking,15.5,रवीनी येक मासिकमा भविष्य निर्वाह निधीना बारामा वाचं,रवीनी एक मासिक भविष्याचा निर्वाह निधी बारामा वाचं
3375,719647,D4,Agriculture,15.5,माझ्या बहिणीने आज माझ्यासाठी मैद्याची पुरी बनवली आहे,माझ्या बहिणीने आज माझ्यासाठी मैद्याची पुरी बनवली आहे
3376,706930,D1,Banking,15.5,ई.सी.एस ह्या व्यवहारासाठी पेमेंट किंवा पावतीचो इलेक्ट्रॉनिक प्रकार असा,ई.सी.एस च्या व्यवहारासाठी पेमेंट किंवा पावती इलेक्ट्रॉनिक प्रकार आहे.
3377,714884,D2,Agriculture,15.5,कापूस बियाण्यापासून बनवलेले तेल जेवण बनविण्यासाठी वापरले जाते,कापूस बियाण्यापासून बनवलेले तेल जेवण बनविण्यासाठी वापरले जाते
3378,720466,D4,Banking,15.5,व्यक्ती किंवा फर्म यांच्यात चांगले संबंध असणे आर्थिक निर्णय घेण्याची क्षमता मजबूत करते,व्यक्ती किंवा फर्म यांच्यात चांगले संबंध असणे आर्थिक निर्णय घेण्याची क्षमता मजबूत करते
3379,707432,D1,Agriculture,15.5,कारळ्याच्या बियांचो उपयोग जेवण शिवताना आणि साबण बनवण्याच्या कामात करतत,कारळ्याच्या वापराचा उपयोग जेवण शिवताना आणि साबण बनवण्याच्या कामात करत आहे
3380,713089,D2,Banking,15.5,लिव्हरेज अशी पद्धत शे जेनामा संपत्ती खरेदी कराना टाईमले कर्ज ना उपयोग करता येस,"लिव्हरेज अशी पद्धत आहे की ज्याने संपत्ती खरेदी करायची असेल, त्यासाठी कर्जाचा उपयोग करता येतो."
3381,719979,D4,Banking,15.5,"वित्तीय अभियंते सांख्यिकी , संगणक शास्त्रातील तंत्रे आणि ज्ञान वापरतात","वित्तीय अभियंते सांख्यिकी, संगणक शास्त्रातील तंत्रे आणि ज्ञान वापरतात."
3382,706608,D1,Banking,15.5,योग्य लक्ष्य बाजाराची निवड ह्या बाजार विभाजन प्रक्रियेतली अंतिम टप्प्यांपैकी एक असा,योग्य लक्ष्य बाजाराची निवड ही बाजार विभाजन प्रक्रियेतील अंतिम टप्प्यांपैकी एक आहे.
3383,718649,D2,Banking,15.5,मला माझ्या आर.डी च्या परिपक्व होण्याच्या सूचना जाणून घ्यायच्या आहेत,मला माझ्या आर.डी च्या परिपक्व होण्याच्या सूचना जाणून घ्यायच्या आहेत
3384,724446,D4,Agriculture,15.5,"आंतरराष्ट्रीय स्तरावर मगरच्या अनेक प्रजातीं मध्ये , मगर शेती हा साठ ते सत्तर दशलक्ष डॉलर्सचा उद्योग आहे",आंतरराष्ट्रीय स्तरावर मगरच्या अनेक प्रजातींमध्ये मगर शेती हा साठ ते सत्तर दशलक्ष डॉलर्सचा उद्योग आहे
3385,708381,D1,Banking,15.5,पैसा बाजारात खाता उघडल्यार तुमका पैशांवर व्याज जास्ती मेळताला,पैसा बाजारात खर्च केल्यास तुमच्या पैशांवर जास्त व्याज मिळते.
3386,718011,D2,Banking,15.5,सप्टेंबर ते नोव्हेंबर या कालावधीतील माझ्या खात्याचा तपशील कळेल का ?,सप्टेंबर ते नोव्हेंबर या कालावधीतील माझ्या खात्याचा तपशील कळेल का?
3387,720489,D4,Banking,15.433,"गहाण हे एखाद्या व्यक्तीला , कंपनीला किंवा बँकेचे कर्ज नाही , तर कर्जदाराची सुरक्षा आहे","गहाण हे एखाद्या व्यक्तीचे, कंपनीचे किंवा बँकेचे कर्ज नाही, तर कर्जदाराची सुरक्षा आहे."
3388,709979,D1,Agriculture,15.5,फळ आणि भाजीयांसहित कितीतरी कृषी उत्पादित पिकांसाठी उत्पादन एक सामान्य शब्द असा,फळ आणि भाजीयांसहित कितीतरी कृषी उत्पादित पिकांसाठीचे उत्पादन एक सामान्य शब्द आहे.
3389,716747,D2,Banking,15.5,माझ्या साठ्यातून सापेक्ष परतावा न झाल्याकारणाने नुकसान झाले आहे,माझ्या साठ्यातून सापेक्ष परतावा न झाल्याकारणाने नुकसान झाले आहे
3390,719517,D4,Banking,15.433,"हो , बँकेच्या उंचीवरून घसरण्याचे मुख्य कारण म्हणजे प्रवर्तक कुटुंबातील परस्पर कलह , दिलेली कर्जे","हो, बँकेच्या उंचीवरून घसरण्याचे मुख्य कारण म्हणजे प्रवर्तक कुटुंबातील परस्पर कलह आणि दिलेली कर्जे."
3391,710290,D1,Agriculture,15.5,दुष्काळा मुळे शेतीवर परिणाम झालेल्या शेतकऱ्यांका भत्तो दिलो जाता,दुष्काळामुळे शेतीवर परिणाम झालेल्या शेतकऱ्यांना मदत दिली जाते
3392,713839,D2,Banking,15.5,बँक म्हाईन कर्ज तुमी जास्त येळ साठे लेवाले जोयजे,बँकचे कर्ज तुम्ही जास्त घ्यावे.
3393,723937,D4,Banking,15.429,"मले पैसे जमा कराच हाय , त्यासाठी मले ऑनलाईन फारम भरा लागन का ?","मला पैसे जमा करायचे आहेत, त्यासाठी मला ऑनलाईन फॉर्म भरायला लागेल का?"
3394,709434,D1,Banking,15.5,चिंटू तुका माहित हा लॉकडाउन नंतर भारताच्या अर्थव्यवस्थेचे आकडे चांगले झाले,चिंटूला माहीत आहे की लॉकडाउननंतर भारताच्या अर्थव्यवस्थेचे आकडे चांगले झाले
3395,715453,D2,Agriculture,15.5,"केळ हे भारतातले लोकप्रिय आणि चविष्ट फळ आहे , त्याच्या पानांचा उपयोग सजावटीसाठी केला जातो","केळ हे भारतातील लोकप्रिय आणि चविष्ट फळ आहे, त्याच्या पानांचा उपयोग सजावटीसाठी केला जातो"
3396,723808,D4,Banking,15.429,"साहेब , मले माया खात्यात कितीक पैसे बाकी हाय , ते सांगान का ?","साहेब, मला माझ्या खात्यात किती पैसे बाकी आहेत, ते सांगता का?"
3397,710443,D1,Banking,15.5,विद्यार्थ्यांका दिलेला कर्ज परत घेवची प्रोसेस शिक्षण पुर्ण झाल्यानंतर सुरू होता,विद्यार्थ्यांचे दिलेले कर्ज परत घेण्याची प्रक्रिया शिक्षण पूर्ण झाल्यानंतर सुरू झाली
3398,718009,D2,Banking,15.5,माझे खाते सुरळीतपणे चालू राहण्यासाठी काय करावे लागेल ?,माझे खाते सुरळीतपणे चालू राहण्यासाठी काय करावे लागेल?
3399,719593,D4,Agriculture,15.429,"शाश्वत पिके प्रामुख्याने शेतात घेतली जातात आणि संत्री , आंब्याची झाडे आणि नारळ आहेत","शाश्वत पिके प्रामुख्याने शेतात घेतली जातात आणि संत्री, आंब्याची झाडे आणि नारळ आहेत"
3400,707499,D1,Agriculture,15.5,घरातील रोपांका चांगली खता वापरूक हवी आणि चांगल्या कुंडीत ठेवली पाहिजेत,घरातील रोपांकांसाठी चांगली खता वापरणे आवश्यक आहे आणि चांगल्या कुंडीत ठेवले पाहिजेत.
3401,718391,D2,Banking,15.5,पंतप्रधान योजनेसाठी लागणाऱ्या कागदपत्रांची माहिती पाहिजे आहे,पंतप्रधान योजनेसाठी लागणाऱ्या कागदपत्रांची माहिती पाहिजे आहे
3402,720414,D4,Banking,15.429,"मॅक्रो इकॉनॉमिक स्तरावर , देशाच्या भांडवली स्टॉकमध्ये इमारती , उपकरणे आणि यादी समाविष्ट असते","मॅक्रो इकॉनॉमिक स्तरावर देशाच्या भांडवली स्टॉकमध्ये इमारती, उपकरणे आणि यादी समाविष्ट असते."
3403,711095,D1,Agriculture,15.5,सोलानेसी परिवारातल्या जीनस निकोटियाना मध्ये बऱ्याच रोपांची नावा तंबाखू असा,सोलानेसी परिवारातल्या जीनस निकोटियानामध्ये बऱ्याच रोपांची नावे तंबाखू आहेत
3404,714545,D2,Agriculture,15.5,ॲग्रीॲप वर शेती माती पीकेस्न्या बाबतमा माहिती देस,ॲग्रीॲप वर शेती माती पीकेएस बद्दल माहिती द्या
3405,722815,D4,Agriculture,15.423,जोडण्याची जी पद्धत परिभाषित केली आहे ती बेरजेची विच्छेदक बेरीज घेण्याच्या समतुल्य आहे,जोडण्याची जी पद्धत परिभाषित केली आहे ती बेरजेची विच्छेदक बेरीज घेण्याच्या समतुल्य आहे
3406,711586,D1,Agriculture,15.5,गोदामात ठेयलेल्या धान्यांच्या पोत्यातले कीटक कशे काढून टाकतत ?,गोदामात ठेवलेल्या धान्याच्या पोत्यांमध्ये कीटक कसे काढले जात आहेत?
3407,718438,D2,Banking,15.5,पन्नास हजार रुपयांच्या ठेवीवर सहा महिन्यांसाठी किती टक्के व्याज मिळेल ?,पन्नास हजार रुपयांच्या ठेवीवर सहा महिन्यांसाठी किती टक्के व्याज मिळेल?
3408,722171,D4,Banking,15.423,अलिकडेच युक्रेन आणि रशिया यांच्यातील युद्धात युक्रेन सरकारने युद्ध करार जारी केले आहेत,अलिकडेच युक्रेन आणि रशिया यांच्यातील युद्धात युक्रेन सरकारने युद्ध करार जारी केले आहेत
3409,710281,D1,Banking,15.5,तुमका हायब्रिड सिक्युरिटीजवर जास्त परतावो मिळतलो,तुमच्या हायब्रिड सिक्युरिटीजवर जास्त परतावे मिळतात.
3410,716720,D2,Banking,15.5,पेन्शन फंडाच्या बाबतीत तीन वर्षांनंतरच मुदतपूर्व पैसे काढण्यास परवानगी मिळते,पेन्शन फंडाच्या बाबतीत तीन वर्षांनंतरच मुदतपूर्व पैसे काढण्यास परवानगी मिळते
3411,719534,D4,Banking,15.417,एथिकल बँक गुंतवणूक आणि पत यांच्या सामाजिक आणि पर्यावरणीय प्रभावांशी संबंधित आहे,एथिकल बँक गुंतवणूक आणि पत यांच्या सामाजिक आणि पर्यावरणीय प्रभावांशी संबंधित आहे
3412,708056,D1,Agriculture,15.5,शेतकऱ्यांनी कीटकांचो बंदोबस्त कसो करायचो ह्या प्रगत कृषी विश्लेषणावरसून ठरवतत,शेतकऱ्यांनी कीटकांचे बंदोबस्त कसे करायचे हे प्रगत कृषी विश्लेषणावरून ठरवत आहेत.
3413,715385,D2,Banking,15.5,ऑटोमोबाईल विम्याच्या विशेष अटी स्थानिक कायदा निर्बंधाच्या आधारे वेगवेगळ्या असतात,ऑटोमोबाईल विम्याच्या विशेष अटी स्थानिक कायदा निर्बंधाच्या आधारे वेगवेगळ्या असतात
3414,721278,D4,Banking,15.417,"तीन आर्थिक स्टेटमेंट्स म्हणजे उत्पन्नाचे स्टेटमेंट , बॅलन्सशीट आणि कॅश फ्लो स्टेटमेंट","तीन आर्थिक स्टेटमेंट्स म्हणजे उत्पन्नाचे स्टेटमेंट, बॅलन्सशीट आणि कॅश फ्लो स्टेटमेंट"
3415,709426,D1,Banking,15.5,गोविंदका कंपनीच्या सगळ्या व्यवहाराची माहिती लेखांकन अनुसंधानाकडना कळली,गोविंदका कंपनीच्या सर्व व्यवहारांची माहिती लेखांकन अनुशोधाकडे कळली
3416,713740,D2,Banking,15.5,प्रत्येक स्तर वर फायदा आणि तोटा ना मुद्दासले जास्त महत्व देवावस,"प्रत्येक स्तरावर फायदा आणि तोटा असते, त्या मुद्द्यांना जास्त महत्त्व आहे."
3417,719797,D4,Banking,15.417,सर्व प्रमुख बँका युरोपियन बँकिंग पद्धतींचे पालन करणाऱ्या देशांमधील यूनिवर्सल बँका आहेत,सर्व प्रमुख बँका युरोपियन बँकिंग पद्धतींचे पालन करणाऱ्या देशांमधील यूनिवर्सल बँका आहेत
3418,711023,D1,Banking,15.5,व्यवसाय बँकांकडना खाजगीरित्या कर्ज घेतत किंवा सार्वजनिक रित्या निधी उभारतत,व्यवसायासाठी बँकांमध्ये खाजगीरित्या कर्ज घेतले जाते किंवा सार्वजनिक मार्गाने निधी उधार घेतला जातो
3419,715455,D2,Agriculture,15.5,"केळ्याची फुल हा पुर्णपणे खाण्याजोगा पदार्थ आहे आणि रस्त्याच्या कडेला , स्टँडवर मिळतो",केळ्याची फुल हा पूर्णपणे खाण्याजोगा पदार्थ आहे आणि रस्त्याच्या कडेला स्टँडवर मिळतो
3420,719610,D4,Agriculture,15.417,"केंद्र अंतरावरील सिंचनामध्ये , स्प्रिंकलर सिंचन वापरले जाते , ज्यामध्ये पाईप्स वापरतात","केंद्र अंतरावरील सिंचनामध्ये स्प्रिंकलर सिंचन वापरले जाते, ज्यामध्ये पाईप्स वापरतात."
3421,709300,D1,Banking,15.5,क्रेडीट कार्ड घेतलेल्या असुरक्षित कर्जांनी देशाच्या अर्थव्यवस्थेक नुकसान पोहचवला हा,क्रेडिट कार्ड घेतलेल्या असुरक्षित कर्जांनी देशाच्या अर्थव्यवस्थेक नुकसान पोहोचवले.
3422,716395,D2,Agriculture,15.5,"कृषी क्षेत्रात आर्थिक सहाय्य मिळविण्यासाठी , अर्जदार भारतीय नागरिक असणे आवश्यक आहे",कृषी क्षेत्रात आर्थिक सहाय्य मिळविण्यासाठी अर्जदाराने भारतीय नागरिक असणे आवश्यक आहे
3423,722424,D4,Agriculture,15.417,धर्मादाय संस्था संशोधनास समर्थन देऊन आणि पशुपालन प्रजनन शिक्षण देऊन योगदान देते,धर्मादाय संस्था संशोधनास समर्थन देऊन आणि पशुपालन प्रजनन शिक्षण देऊन योगदान देते
3424,707273,D1,Banking,15.5,केंद्र सरकारान दोन हजार सहा मध्ये एकत्रित वित्त विकास निधी योजना मंजूर केल्यान,केंद्र सरकारमध्ये दोन हजार सहा मध्ये एकत्रित वित्त विकास निधी योजना मंजूर केल्या.
3425,717075,D2,Banking,15.5,आतापासून तुम्हाला चोवीस तास आर.टी.जी.एस सुविधा दिली जाईल,आतापासून तुम्हाला चोवीस तास आर.टी.जी.एस सुविधा दिली जाईल
3426,720373,D4,Banking,15.417,नफा हा सामान्यतः नफा विनिमय व्यवहार इव्हेंट नसलेल्या परस्पर व्यवहारांचा परिणाम असतो,नफा हा सामान्यतः नफा विनिमय व्यवहार इव्हेंट नसलेल्या परस्पर व्यवहारांचा परिणाम असतो
3427,708024,D1,Banking,15.5,"विम्यापासून खूप लोकांका सगळ्या प्रकारे उपयोग होता , ह्या लक्षात घेऊक हव्या","विम्याचा खूप लोकांसाठी सगळ्या प्रकारे उपयोग होता, हे लक्षात घ्यावे."
3428,715845,D2,Agriculture,15.5,बहु पोषक खतामध्ये एकापेक्षा जास्त पोषकतत्वे असतात,बहु पोषक खतामध्ये एकापेक्षा जास्त पोषकतत्वे असतात
3429,723331,D4,Agriculture,15.409,ज्या मातीत चुनखडे चुनखडे असन तिले कोनची माती म्हना लागन ?,"ज्या मातीत चुनखडे असतील, त्या मातीची काय गरज आहे?"
3430,711107,D1,Agriculture,15.5,हवामानाचो अंदाज म्हणजे दिलेला ठिकाण आणि वेळेवर वातावरणाची स्थिती सांगणा,हवामानाचा अंदाज म्हणजे दिलेले ठिकाण आणि वेळेवर वातावरणाची स्थिती सांगणे.
3431,717945,D2,Banking,15.5,कोणतेही तारण न देता आवश्यक कामासाठी ग्रामपातळीवर कर्ज उपलब्ध होईल का ?,कोणतेही तारण न देता आवश्यक कामासाठी ग्रामपातळीवर कर्ज उपलब्ध होईल का?
3432,722501,D4,Banking,15.409,राष्ट्रीय आरोग्य विमा योजनेअंतर्गत सरकार तुम्हाला तीस हजार रुपयांचा विमा देईल,राष्ट्रीय आरोग्य विमा योजनेअंतर्गत सरकार तुम्हाला तीस हजार रुपयांचा विमा देईल
3433,707644,D1,Banking,15.5,तुम्ही विक्री करून मिळवलेले पैसे तारण कर्ज भरण्यासाठी वापरू शकतास,तुम्ही विक्री करून मिळवलेले पैसे तारण कर्ज भरण्यासाठी वापरू शकता.
3434,717289,D2,Agriculture,15.5,"काळ्या मातीमध्ये किती पोषक द्रव्ये असतात , त्यात फुलबाग चांगली येईल का ?","काळ्या मातीमध्ये किती पोषक द्रव्ये असतात, त्यात फुलबाग चांगली येईल का?"
3435,718770,D4,Agriculture,15.409,लागवडीत मोत्यांची लागवड समुद्राचे पाणी किंवा गोड पाणी दोघांमध्ये केली जाते,लागवडीत मोत्यांची लागवड समुद्राचे पाणी किंवा गोड पाणी दोघांमध्ये केली जाते
3436,710554,D1,Banking,15.5,"आर्थिक अर्थशास्त्र व्यवसाय , बाजार आणि अर्थ व्यवस्था चालवणाऱ्या घटकांचो समज विकसीत करता","आर्थिक अर्थशास्त्र व्यवसाय, बाजार आणि अर्थ व्यवस्था चालवणाऱ्या घटकांचे समज विकसित करता."
3437,715058,D2,Banking,15.5,बँकेचा खाते क्रमांक बघण्यासाठी मी माझे पासबुक बघितले,मी खाते क्रमांक पाहण्यासाठी माझे पासबुक पाहिले.
3438,721111,D4,Banking,15.409,उच्च उत्पन्न असलेल्या देशांमध्ये मध्यमउत्पन्न असलेल्या देशांपेक्षा कमी व्यापार अडथळे आहेत,उच्च उत्पन्न असलेल्या देशांमध्ये मध्यमउत्पन्न असलेल्या देशांपेक्षा कमी व्यापार अडथळे आहेत
3439,707948,D1,Banking,15.5,"यशस्वी प्रमाणीकरणानंतर , तुमच्या मोबाईल क्रमांकावर आणि प्रमाणपत्र आय.डीवर एसएमएस पाठवलो जाता",यशस्वी प्रमाणीकरणानंतर तुमच्या मोबाईल क्रमांकावर आणि प्रमाणपत्र आय.डीवर एसएमएस पाठवले गेले.
3440,716569,D2,Banking,15.5,गुंतवणूकदार ब्रोकरद्वारे बहुतांश विदेशी चलनांवर सूचीबद्ध केलेले शेअर्स खरेदी करू शकतात,गुंतवणूकदार ब्रोकरद्वारे बहुतांश विदेशी चलनांवर सूचीबद्ध केलेले शेअर्स खरेदी करू शकतात
3441,721419,D4,Banking,15.4,अधिक पैशाचे व्यवहार करण्यासाठी आपल्याला व्यवहार खात्यांचा वापर करावा लागेल,जास्त पैशाचे व्यवहार करण्यासाठी आपल्याला व्यवहार खात्यांचा वापर करावा लागेल
3442,706987,D1,Banking,15.5,संपूर्ण इतिहासात आंतरराष्ट्रीय व्यापार अस्तित्वात असा,संपूर्ण इतिहासात आंतरराष्ट्रीय व्यापार अस्तित्वात होता
3443,717487,D2,Agriculture,15.5,काजूची लागवड करण्यासाठी व तोडण्यासाठी बाजारात यंत्र उपलब्ध आहे का ?,काजूची लागवड आणि तोडण्यासाठी बाजारात यंत्र उपलब्ध आहे का?
3444,721285,D4,Banking,15.389,अर्थशास्त्रात वस्तू म्हणजे मानवाच्या गरजा पूर्ण करणाऱ्या वस्तू असतात,अर्थशास्त्रात वस्तू म्हणजे मानवाच्या गरजा पूर्ण करणाऱ्या वस्तू असतात
3445,710872,D1,Agriculture,15.5,भातशेतीत पाण्याच्या वाढत्या वापरामुळा भुपृष्ठावरील पाण्याची पातळी कमी होत असा,भातशेतीत पाण्याच्या वाढत्या वापरामुळे भुपृष्ठावरील पाण्याची पातळी कमी होत आहे.
3446,717635,D2,Agriculture,15.5,अधिक जमीन ओलिताखाली येण्यासाठी कोणत्या प्रकारच्या ठिबक संचाचा वापर करता येईल ?,अधिक जमीन मिळवण्यासाठी कोणत्या प्रकारच्या ठिबक संचाचा वापर करता येईल?
3447,722000,D4,Banking,15.389,क्रेडिट कार्ड आपल्याला कार्ड जारीकर्त्याकडून पैसे घेण्यास परवानगी देतात,क्रेडिट कार्ड आपल्याला कार्ड जारीकर्त्याकडून पैसे घेण्याची परवानगी देतात.
3448,706939,D1,Banking,15.5,यू.पी.आय ह्या एक प्रणाली असा जी एकाधिक बँक खात्यांका एकाच मोबाईल ऍप्लिकेशनात सामर्थ्य देता,युपीआय ही एक प्रणाली आहे जी एकाधिक बँक खात्यांना एकाच मोबाईल ऍप्लिकेशनमध्ये सामर्थ्य देते.
3449,717990,D2,Banking,15.5,मला विविध सामाजिक योजनांची माहिती मिळू शकेल का ?,मला विविध सामाजिक योजनांची माहिती मिळू शकेल का?
3450,721084,D4,Banking,15.375,वैयक्तिक खाते वैयक्तिक मानवांशी संबंधित खात्यांचे प्रतिनिधित्व करते,वैयक्तिक खाते वैयक्तिक मानवांशी संबंधित खात्यांचे प्रतिनिधित्व करते
3451,707917,D1,Agriculture,15.5,मुद्दा सिंचनामध्ये खजुराच्या पानांचो वापर करून धरण किंवा नदीसून पाणी काढला जाता,सिंचनामध्ये खजुराच्या पानांचा वापर करून धरण किंवा नदीसून पाणी काढले जाते.
3452,717522,D2,Agriculture,15.5,म्हशीच्या शेणाचा उपयोग अगरबत्ती किंवा इतर काही वस्तू बनविण्यासाठी होतो का ?,म्हशीच्या शेणाचा उपयोग अगरबत्ती किंवा इतर काही वस्तू बनविण्यासाठी होतो का?
3453,720742,D4,Banking,15.375,विमा कंपन्यांनी जाहिरातीच्या सहाय्याने अपंगत्वाचा विमा लोकांपर्यंत आणला,विमा कंपन्यांनी जाहिरातीच्या सहाय्याने अपंगत्वाचा विमा लोकांपर्यंत आणला
3454,707384,D1,Banking,15.5,"एनईएफटी म्हंजे पैसो देवघेवसाठी वापरण्यात येणारी इलेट्रॉनिक पद्धत आसा , त्येच्यात काय कठीण नसता","एनईएफटी म्हणजे पैसे देवाणघेवाणीसाठी वापरण्यात येणारी इलेक्ट्रॉनिक पद्धत आहे, त्यात काय कठीण नाही."
3455,716602,D2,Banking,15.5,सार्वजनिक वित्त हे वैयक्तिक वित्तापेक्षा उच्च स्तराचे मानले जाते,सार्वजनिक वित्त हे वैयक्तिक वित्तापेक्षा उच्च स्तराचे मानले जाते
3456,722415,D4,Banking,15.375,"तुम्ही घेतलेल्या कर्जाची रक्कम , परतफेडीचा कालावधी , तुमचे व्याज स्थिर आहे का , इत्यादी पहा","तुम्ही घेतलेल्या कर्जाची रक्कम, परतफेडीचा कालावधी, तुमचे व्याज स्थिर आहे का, इत्यादी पहा."
3457,707628,D1,Banking,15.5,तुमच्या आजोबांका पण डिजिटल पेन्शन प्रमाणपत्रावरून जाउचा लागाचा न्हाय,तुमच्या आजोबांचे पण डिजिटल पेन्शन प्रमाणपत्रावरून लागणे नाही
3458,712798,D2,Banking,15.5,पेन्शनर लोके पोर्टलवर त्यास्नी स्थिती तपासू शकतस,पेन्शनर्स पोर्टलवर त्यांची स्थिती तपासू शकतात.
3459,722261,D4,Agriculture,15.357,"अंगोरा केस किंवा अंगोरा फायबर , अंगोरा सशाने तयार केलेल्या डाउनी कोटचा संदर्भ देते","अंगोरा केस किंवा अंगोरा फायबर, अंगोरा सशाने तयार केलेल्या डाउनी कोटचा संदर्भ देते"
3460,709570,D1,Banking,15.5,भारतीय बॅन्किंग क्षेत्राक साधारणपणे अनुसूचित आणि गैरनुसूचित बॅन्कात वर्गीकरण केला हा,भारतीय बँकिंग क्षेत्राचे साधारणपणे अनुसूचित आणि गैरअनुसूचित बँकांमध्ये वर्गीकरण केले आहे.
3461,717240,D2,Agriculture,15.5,गदा मसाला फक्त मादी वनस्पतीच्या फळापासून मिळतो,गदा मसाला फक्त मादी वनस्पतीच्या फळापासून मिळतो
3462,720239,D4,Agriculture,15.357,"जसे भात लावले जाते , बटाटे जमिनीत दाबले जातात , गव्हाच्या बिया विखुरल्या जातात","जसे भात लावला जातो, तसे बटाटे जमिनीत दाबले जातात आणि गव्हाच्या बिया विखुरल्या जातात."
3463,710821,D1,Banking,15.5,प्रधानमंत्री वय वंदना योजना म्हाताऱ्या लोकांका सुरक्षा देता,प्रधानमंत्री वय वंदना योजना म्हाताऱ्या लोकांची सुरक्षा देते
3464,715244,D2,Agriculture,15.5,हायड्रोपोनिक्स शेतीमध्ये मातीशिवाय पिके घेतली जातात,हायड्रोपोनिक्स शेतीमध्ये मातीशिवाय पिके घेतली जातात
3465,719470,D4,Agriculture,15.346,"फ्री स्टँडिंग ग्रीनहाऊस , हूप हाऊस , क्विन्सेट ग्रीनहाऊस हे ग्रीनहाऊसचे प्रकार आहे","फ्री स्टँडिंग ग्रीनहाऊस, हूप हाऊस, क्विन्सेट ग्रीनहाऊस हे ग्रीनहाऊसचे प्रकार आहेत"
3466,708416,D1,Banking,15.5,बेलिंगकॅटाक क्राउड फंडिंगद्वारा स्वतःच्या विधानाद्वारे निधी दिलो जाता,बेलिंगकॅटाक क्राउड फंडिंगद्वारे स्वतःच्या विधानाद्वारे निधी दिला जातो
3467,715107,D2,Agriculture,15.5,भारतातील संकरित शेळ्यांच्या प्रजननामुळे बहुतांश प्रजातींचे वर्णन केलेले नाही,भारतातील संकरित शेळ्यांच्या प्रजननामुळे बहुतांश प्रजातींचे वर्णन केलेले नाही
3468,718917,D4,Agriculture,15.346,रेशीम किडे जेव्हा अळ्या ते प्रौढ मेटामॉर्फोसिसमधून जातात तेव्हा ते रेशीम तयार करतात,रेशीम किडे जेव्हा अळ्या ते प्रौढ मेटामॉर्फोसिसमधून जातात तेव्हा ते रेशीम तयार करतात.
3469,710450,D1,Agriculture,15.5,करणाऱ्याक पीक विमा सुविधा किसान क्रेडीट कार्डाच्या माध्यमातना उपलब्ध होता,ज्यांच्या कृषीचे काम करत आहेत त्यांच्यासाठी पीक विमा सुविधा क्रेडिट कार्डाच्या माध्यमातून उपलब्ध होती.
3470,716485,D2,Banking,15.5,भारताच्या बाजारपेठेत कमोडिटी मार्केट महत्त्वाची भूमिका बजावते,भारताच्या बाजारपेठेत कमोडिटी मार्केट महत्त्वाची भूमिका बजावते
3471,722648,D4,Banking,15.346,"संचालन , गुंतवणूक क्रियाकलाप , आर्थिक क्रियाकलाप यातून रोख प्रवाहाचे तीन प्रकार आहेत","संचालन, गुंतवणूक क्रियाकलाप, आर्थिक क्रियाकलाप यातून रोख प्रवाहाचे तीन प्रकार आहेत"
3472,708093,D1,Agriculture,15.5,सरकार द्वारा कल्पवृक्ष सामान्य विस्तार योजना रेशम कृषि पालन में वृद्धि के लिए,सरकारद्वारे कल्पवृक्ष सामान्य विस्तार योजना रेशम कृषी पालनात वाढ करण्यासाठी
3473,715569,D2,Agriculture,15.5,जमिनीवरील मातीमध्ये खानिज आणि कार्बनच्या पदार्थांचा एक ठोस टप्पा असतो,जमिनीवरील मातीमध्ये खनिजे आणि कार्बनच्या पदार्थांचा एक ठोस टप्पा असतो
3474,721620,D4,Agriculture,15.346,"सिमला मिरची , अँटीऑक्सिडंट्स , पोषक तत्वांनी समृद्ध असल्याने , कॅन्सरविरोधी फायदे देतात",शिमला मिरची अँटीऑक्सिडंट्स पोषक तत्वांनी समृद्ध असल्याने कॅन्सरविरोधी फायदे देतात
3475,708937,D1,Banking,15.5,दोन हजार सोळा मध्ये माननीय प्रधानमंत्र्यानी स्टॅन्ड अप योजनेचो शुभारंभ केला,माननीय प्रधानमंत्र्यांनी दोन हजार सोळा मध्ये स्टँड अप योजनेचा शुभारंभ केला
3476,714186,D2,Agriculture,15.5,किटकनाशक हायी किटकसले माराणा करता बनाडेल आणि इक्रीकरता ठेयेल रसायन शे,किटकनाशक असेल तर किटक मारून रसायन शेतात ठेवायचे असेल.
3477,719118,D4,Agriculture,15.318,काही जाती अकरा ते बारा टक्क्यांपर्यंत तर काही पन्नास टक्क्यांपर्यंत आढळतात,काही जाती अकरा ते बारा टक्क्यांपर्यंत तर काही पन्नास टक्क्यांपर्यंत आढळतात
3478,708688,D1,Agriculture,15.5,"भारतात रिटेल विक्रीची दुकाना हत जशे की पेंटालुन रीटेल , शॉपर्स स्टॉप स्क्वायर फीट स्पेस इ",भारतात रिटेल विक्रीच्या दुकानांसाठी लागणाऱ्या जागेचा आणि शॉपर्स स्टॉप स्क्वेअर फीट स्पेसचा विचार करा.
3479,712942,D2,Banking,15.5,दिनमझारला चोवीस तास रियल टाइम ग्रास पेमेंट करता येस,दिनमझार्‍या चोवीस तास रियल टाइम ग्रास पेमेंट करता येते.
3480,720235,D4,Agriculture,15.312,"भारतातील प्रमुख फळांमध्ये आंबा , केळी , पपई , पेरू , चिकू डाळिंब इत्यादींचा समावेश होतो","भारतातील प्रमुख फळांमध्ये आंबा, केळी, पपई, पेरू, चिकू, डाळिंब इत्यादींचा समावेश होतो."
3481,709877,D1,Agriculture,15.5,ग्रामीण विकास मंत्रालयाचे मुख्य उद्दिष्ट आमच्या दोन्हीचे अपग्रेड करणे आहे,ग्रामीण विकास मंत्रालयाचे मुख्य उद्दिष्ट आमच्या दोन्हीचे अपग्रेड करणे आहे
3482,717201,D2,Banking,15.5,व्हर्च्युअल कार्ड ऑनलाइन व्यवहारांचा एक सोपा आणि सुरक्षित मार्ग प्रदान करते,व्हर्च्युअल कार्ड ऑनलाइन व्यवहारांचा एक सोपा आणि सुरक्षित मार्ग प्रदान करते
3483,719295,D4,Banking,15.3,युनिव्हर्सल बँक अनेक बँकिंगमध्ये भाग घेते आणि एक व्यावसायिक बँक आणि गुंतवणूक बँक दोन्ही आहे,युनिव्हर्सल बँक अनेक बँकिंगमध्ये भाग घेते आणि एक व्यावसायिक बँक व गुंतवणूक बँक दोन्ही आहेत
3484,708162,D1,Agriculture,15.5,अनामिकान लग्नाच्या मोसमावक्ता गोंड्याच्या फुलांचो धंदो करून बरे पैशे कमयल्यान,अनामिकपणे लग्नाची व्यवस्था गोंड्याच्या फुलांचा धंदा करून चांगले पैसे कमावले.
3485,714265,D2,Banking,15.5,ठाकूर ह्या भला माणूसनी माले याजवरी पैसा देल शेतंस,ठाकूर हा भला माणूस मला शेतांवर पैसा देतो
3486,719469,D4,Agriculture,15.286,"नाशिक खोऱ्यात चेनिन ब्लँक , सॉव्हिग्नॉन ब्लँक , मेरलोट , शिराझ द्राक्षाच्या जाती आहेत","नाशिक खोऱ्यात चेनिन ब्लँक, सॉव्हिग्नॉन ब्लँक, मेरलोट, शिराझ द्राक्षाच्या जाती आहेत."
3487,707822,D1,Banking,15.5,"बॉण्ड्स , म्युच्युअल फंड आणि डेरिव्हेटिव्ह्जचो व्यापार पण शेअर बाजार मध्ये करतत","बॉण्ड्स, म्युच्युअल फंड आणि डेरिव्हेटिव्ह्जचा व्यापार पण शेअर बाजारात करत आहेत"
3488,713764,D2,Agriculture,15.5,एक ठिकाणवरीन दुसऱ्या ठिकाने धान्य घेई जावासाठे शेतकरी उपयोग करस,"एका ठिकाणाहून दुसऱ्या ठिकाणी धान्य घ्यावे लागते, शेतकरी उपयोग करतो."
3489,721573,D4,Agriculture,15.233,"गॉसिपियम हिरसुटम , गॉसिपियम बार्बाडान्स , ओसेपियम आर्बोरम , गॉसिपियम हर्बेसम हा कापसाचा प्रकार आहे","गॉसिपियम हिरसुटम, गॉसिपियम बार्बाडान्स, ओसेपियम आर्बोरम, गॉसिपियम हर्बेसम हा कापसाचा प्रकार आहे."
3490,706942,D1,Banking,15.5,पगार ह्या कर्मचाऱ्याक त्याच्यो कामाची दिलेली निश्चित रक्कम किंवा भरपाई असा,पगार म्हणजे कर्मचाऱ्याला कामाची दिलेली निश्चित रक्कम किंवा भरपाई असते.
3491,715486,D2,Agriculture,15.5,खतांच्या वापराने मातीच्या गुणवत्तेमध्ये सुधारणा केली जाते,खतांच्या वापराने मातीच्या गुणवत्तेमध्ये सुधारणा केली जाते
3492,723988,D4,Banking,15.0,म्या पुऱ्या घरात सर्वांत मोठा हाय तर मले किती पर्यंत कर्ज भेटन ?,"पुऱ्या घरात सर्वात मोठी आहे, तर मला किती पर्यंत कर्ज मिळेल?"
3493,708846,D1,Banking,15.5,जर कुठल्या वस्तूवर विनाकारण टॅक्स लावलो असात तर तेका न भरून पण तू आपलो विरोध दाखवू शकतंस,जर कुठल्या वस्तूवर विनाकारण कर लावलो असात तर ते न भरून पण तू आपले विरोध दाखवू शकतंस
3494,713993,D2,Banking,15.5,खासदार स्थानिक क्षेत्र विकास योजनाना निधीम्हाईन नवीन शाळा बांधतस,खासदार स्थानिक क्षेत्र विकास योजनांमध्ये निधीमध्ये नवीन शाळा बांधत आहे
3495,723505,D4,Agriculture,15.0,मातीत जास्त क्षार तयार झाला तर काय करा लागन ?,मातीत जास्त क्षार तयार झाला तर काय करावे लागेल?
3496,710834,D1,Banking,15.5,"फोनपे विमानाचा तिकिट बुक करुक , जेवण ऑर्डर करूक किंवा किराणा सामान आणूक मदत करता","फोनपेने विमानाचे तिकीट बुक करा, जेवण ऑर्डर करा किंवा किराणा सामान आणायला मदत करतो."
3497,715750,D2,Agriculture,15.5,पिकलेल्या शेंगांसाठी शेतातील शेंगांना जमिनीच्या एका भागावर टाकले जाते,पिकलेल्या शेंगांसाठी शेतातील शेंगा जमिनीच्या एका भागावर टाकले जातात
3498,722973,D4,Agriculture,15.0,मार्केटमंदी सगळ्यात चांगलं पेरणी यंत्र कोनत्या कंपनीचं हाये ?,मार्केटमंदीत सर्वात चांगले पेरणी यंत्र कोणत्या कंपनीचे आहे?
3499,707446,D1,Agriculture,15.5,कीड नियंत्रित करण्यासाठी कृषी रसायना ही स्वस्त आणि कमी गुंतवणूकीचो उपाय आसा,कीड नियंत्रित करण्यासाठी कृषी रसायने ही स्वस्त आणि कमी गुंतवणुकीचा उपाय आहे
3500,712805,D2,Banking,15.5,लघु उद्योगमा अनुजले सुरवातले जास्ती नफा नयी भेटना,लघु उद्योगांची सुरुवात केल्यावर जास्त नफा मिळतो.
3501,719377,D4,Banking,15.0,आर्थिक सुधारणा करण्याचे एक कारण म्हणजे बनावट नोटांच्या संख्येत झालेली वाढ,आर्थिक सुधारणा करण्याचे एक कारण म्हणजे बनावट नोटांच्या संख्येत झालेली वाढ
3502,712521,D1,Agriculture,15.5,रासायनिक कीटकनाशका भारतात इल्यापासून शेतीएत मोठी कामगिरी बजावत आसा,रासायनिक कीटकनाशकांनी भारतात इल्यापासून शेतीमध्ये मोठी कामगिरी बजावली आहे
3503,716036,D2,Agriculture,15.5,मोलस्का प्रजातींच्या संख्येमध्ये अपृष्ठवंशीयांची दुसरी सगळ्यात मोठी जात आहे,मोलस्का प्रजातींच्या संख्येमध्ये अपृष्ठवंशीयांची दुसरी सगळ्यात मोठी जात आहे
3504,722724,D4,Banking,15.0,परिपूर्ण परतावा मालमत्तेला मिळालेला नफा किंवा तोटा मोजतो,परिपूर्ण परतावा मालमत्तेला मिळालेला नफा किंवा तोटा मोजतो
3505,707340,D1,Banking,15.5,आय.पी.पी.बी ह्यो दळणवळण मंत्रालयाच्या अंतर्गत पोस्ट विभागांतर्गत भारतीय पोस्टाचो एक विभाग आसा,आय.पी.पी.बी हे दळणवळण मंत्रालयाच्या अंतर्गत पोस्ट विभागांतर्गत भारतीय पोस्टचा एक विभाग आहे.
3506,715282,D2,Agriculture,15.5,आज पर्यंत पाण्यावरच मानवी सभ्यतांचा निर्माण झाला आहे,आजपर्यंत पाण्यावरच मानवी सभ्यतांचा निर्माण झाला आहे
3507,722390,D4,Agriculture,15.0,"जनावरांच्या आरोग्यासाठी स्वच्छता , चांगले अन्न आणि योग्य काळजी आवश्यक आहे","जनावरांच्या आरोग्यासाठी स्वच्छता, चांगले अन्न आणि योग्य काळजी आवश्यक आहे."
3508,708338,D1,Banking,15.5,नयीन विमा योजना सामाजिक क्षेत्राच्या उन्नतीसाठी म्हत्वाची आसा,नव्या विमा योजना सामाजिक क्षेत्राच्या उन्नतीसाठी महत्त्वाची आहे
3509,715490,D2,Banking,15.5,खात्यातल्या देवाणघेवाणच्या माहितीला पासबुक मध्ये बघितले जाते,खात्यातील देवाणघेवाणीची माहिती पासबुकमध्ये पाहिली जाते
3510,721501,D4,Banking,15.0,बँका कोणत्याही असंघटित संस्थेला कर्ज देण्यापूर्वी वैयक्तिक हमी मागतात,बँका कोणत्याही असंघटित संस्थेला कर्ज देण्यापूर्वी वैयक्तिक हमी मागतात
3511,711152,D1,Agriculture,15.5,रोपाची पाना आनी कोवरी खाणाऱ्या किडीक मारूच्या खाती कसला किटकनाशक वापरावे ?,रोपाची पाने आणि कोवरी खाणाऱ्या किडींना मारण्यासाठी कोणाचे कीटकनाशक वापरावे?
3512,715816,D2,Agriculture,15.5,फरची शेती जास्त करून युरोपातील शेतकऱ्यांन कडून केली जाते,फरची शेती जास्त करून युरोपातील शेतकऱ्यांकडून केली जाते
3513,720467,D4,Banking,15.0,पी.एफ.डी फंड योजना शहरी स्थानिक संस्थेच्या क्रेडिट पात्रतेच्या आधारावर दिली जाते,पी.एफ.डी फंड योजना शहरी स्थानिक संस्थेच्या क्रेडिट पात्रतेच्या आधारावर दिली जाते
3514,707767,D1,Banking,15.5,प्रायव्हेट इक्विटी फंड ह्ये सहसा ठराविक कालावधीसाठी मर्यादित भागीदारीत असतत,प्रायव्हेट इक्विटी फंड सहसा ठराविक कालावधीसाठी मर्यादित भागीदारीत असते
3515,715138,D2,Banking,15.5,मी बघितल कि अमीषाने मिस्ड कॉल दिला व ती तिच्या बँक खात्याची मिनी स्टेटमेंट चेक करत होती,मी पाहिले की अमीषाने मिस्ड कॉल दिला आणि ती तिच्या बँक खात्याचे मिनी स्टेटमेंट तपासत होती.
3516,724253,D4,Banking,15.0,मी तीस वर्षाचा हाय तर मले सामाजिक योजनेचा लाभ भेटन का ?,मी तीस वर्षांचा आहे तर मला सामाजिक योजनेचा लाभ कधी मिळेल?
3517,712537,D1,Agriculture,15.5,बाजारात नाशवंत उत्पादनांची इक्री करुच्यासाठी सगळ्यात चांगलो उपाय खयचो आसा ?,बाजारात नाशवंत उत्पादने विकण्यासाठी सर्वात चांगला उपाय काय आहे?
3518,715883,D2,Banking,15.5,"भारताचे लष्करी बजेट वाढल्यामुळे , जास्त सुरक्षित झाले आहे",भारताचे लष्करी बजेट वाढल्यामुळे जास्त सुरक्षित झाले आहे
3519,723648,D4,Banking,15.0,ज्याईचं बँकेत खातं नाय त्याईले बी यू.पी.आय न पैसे देताघेता येईन काय ?,"ज्याचे बँकेत खाते नाही, त्यांना बी.यु.पी.आय पैसे देत नाहीत तर काय होईल?"
3520,706784,D1,Banking,15.5,"रोख प्रवाह ह्या मू्ल्य , व्याज दर आणि तरलता या संकल्पनांशी संकुचितपणान एकमेकांशी जोडलेला आसत","रोख प्रवाह, व्याज दर आणि तरलता या संकल्पनांशी एकमेकांशी जोडलेले असतात."
3521,713468,D2,Agriculture,15.5,धाकल्ल्या पिशवीस्मा चहानी पत्ती ठिस्नी पेवाना च्या बनाडता येस,धाकल्या पिशवीत चहानी पत्ती मिळवण्याची स्थिती काय आहे
3522,723792,D4,Banking,15.0,सामाजिक योजनेचा फायदा घ्यासाठी मले काय लागन ?,सामाजिक योजनेचा फायदा घेण्यासाठी मला काय लागेल?
3523,709928,D1,Banking,15.5,देश किंवा राज्यातील सरकार खूप वेळा सामाजिक क्षेत्रातील संस्थांका कर सवलत देतत,देश किंवा राज्यातील सरकार खूप वेळा सामाजिक क्षेत्रातील संस्थांकांना कर सवलत देते
3524,713450,D2,Agriculture,15.5,रब्बी ना हंगामना पिके फेब्रुवारी ते मार्च या दोन महिनामा काढातस,रब्बी हंगामातील पिके फेब्रुवारी ते मार्च या दोन महिन्यांत काढली जातात.
3525,722935,D4,Agriculture,15.0,पिकावरील मावा अस तुडतुड्याइच्या बंदोबस्तासाठी का कराच पायजे ?,पिकावरील मावा अस तुडतुड्याइच्या बंदोबस्तासाठी का करावा पायजे?
3526,711181,D1,Agriculture,15.5,भात कापल्या ऑप्रात भाताक कीड किंवा तोको लगता काम नाय त्याच्या खाती काय करुचा ?,"भात कापल्यानंतर आत कीड किंवा तूक लागली आहे, ते काम करत नाही, त्याच्याशी काय करावे?"
3527,715298,D2,Agriculture,15.5,आंब्याची शेती प्राचीन काळापासून दक्षिण पूर्व एशिया मध्ये केली जाते,आंब्याची शेती प्राचीन काळापासून दक्षिण पूर्व आशियामध्ये केली जाते
3528,723015,D4,Agriculture,15.0,जमीनीमंदी क्षार जास्त झाल्यास ते कमी कायनं करता येईन ?,जमीनीमंदी क्षार जास्त झाल्यास ते कमी कार्य करता येईल का?
3529,707172,D1,Banking,15.5,ई के.वाय.सी ह्या तुमची ओळख आणि पत्त्याचो पुरावो ऑनलाइन सबमिट करण्याचो एक प्रभावी मार्ग असा,हे के.वाय.सी तुमची ओळख आणि पत्त्याचे पुरावे ऑनलाइन सबमिट करण्याचा एक प्रभावी मार्ग आहे
3530,714197,D2,Agriculture,15.5,सूतगिरणीमा कपाशीपासून सूत नैते कपडा तयार कराना करता विणकाम यंत्र रहास,सूतगिरणीत कापसापासून सूत निते कपडे तयार करण्यासाठी विणकाम यंत्र हवे आहे का?
3531,722949,D4,Agriculture,15.0,पराटीले एकरामागं किती किलोग्रॅम खताची मात्रा अस कोतं खात द्याव ?,प्रत्येकाला एकमागं किती किलोग्राम खताची मात्रा द्यावी?
3532,710185,D1,Agriculture,15.5,ओकचा सेवन जास्त करून खार करता त्याचबरोबर खारीपासुन बीज पसरला जाता,"ओकचे सेवन जास्त करून खार केले जाते, त्याचबरोबर खारीतून बीज पसरले जातात."
3533,715729,D2,Agriculture,15.5,"परागकणाच्या गरजेला समजण्या आधीच , बागायतदार शक्यतो एकाच जातीच्या सफरचंदाचा पूर्ण ब्लॉक लावायचे",परागकणाच्या गरजेला समजण्याआधी बागायतदारांनी शक्यतो एकाच जातीच्या सफरचंदाचा पूर्ण ब्लॉक लावायचा.
3534,723810,D4,Banking,15.0,मले जनवरी अस फरवरी मइन्याची माया खात्याची मायती भेटन का ?,मला जानेवारी आणि फेब्रुवारीच्या खात्याची माहिती का मिळाली?
3535,710516,D1,Banking,15.5,अर्थ मंत्रालय आर्थिक कायदे भांडवली बाजाराशी संबंधीत बाबी हाताळता,अर्थ मंत्रालयाने आर्थिक कायद्यांशी भांडवली बाजाराशी संबंधित बाबी हाताळल्या.
3536,714342,D2,Banking,15.5,पुढे जाईन आपले पैसासना सावठा परतावा भेटी म्हणीन गुंतवणुकदार त्याना पैसा यानीकरता गुताडस,पुढे जाईन आपल्या पैसाचा सावकाराचा परतावा भेटीबद्दल गुंतवणूकदारांना पैसा देतील
3537,722998,D4,Agriculture,15.0,मले कमी खर्चात सेंद्रीय शेतीत मोसंबीचं जास्त उत्पन्न कस घेता येईन ?,मी कमी खर्चात सेंद्रीय शेतीत मोसंबीचे जास्त उत्पन्न कसे घेता येईन?
3538,710713,D1,Agriculture,15.5,टिकावू आणि लवचिक मोहायर त्याच्या चमकण्यासाठी प्रसिध्द हा,ही मोहायर टिकाऊ आणि लवचिक असून त्याच्या चमकण्यासाठी प्रसिद्ध आहे
3539,716243,D2,Agriculture,15.5,सामाजिक घटक टिकाऊ शेती पद्धतींचा उद्देश पिक आणि खाद्य उत्पादनात वाढ करणे आहे,सामाजिक घटकांचा उद्देश टिकाऊ शेती पद्धतींचा वापर करून पिक आणि खाद्य उत्पादनात वाढ करणे आहे.
3540,723644,D4,Banking,15.0,यू.पी.आय न पैशाचं देणंघेणं करासाठी मले कोनते ॲप वापरा लागन ?,यू.पी.आयचे पैसे देणंघेणं करण्यासाठी मला कोणते ॲप वापरावे लागेल?
3541,706649,D1,Banking,15.5,ह्या देयका बहुधा वेतन किंवा स्वयंरोजगारातसून मिळणाऱ्या कमाईच्यो संदर्भात मोजली जातत,या देयके बहुधा वेतन किंवा स्वयंरोजगारातून मिळणाऱ्या कमाईच्या संदर्भात मोजली जातात.
3542,712822,D2,Agriculture,15.5,रानटी मासा ह्या दोन हजार किलो लोंग होऊ शकतस,रानटी मासे दोन हजार किलो लांब होऊ शकतात.
3543,719787,D4,Banking,15.0,पेन्शनसाठी दरवर्षी पेन्शन धारकाचे जीवन प्रमाणपत्र वित्तीय संस्थेकडे जमा करा,पेन्शनसाठी दरवर्षी पेन्शन धारकाचे जीवन प्रमाणपत्र वित्तीय संस्थेकडे जमा करा
3544,710749,D1,Banking,15.5,तुका माहितच असात पेरोलाक पे प्रोसेसींग असापण म्हणतत,तुला माहीतच आहे पेरोलाक पे प्रोसेसींग असेपण म्हणतत
3545,715978,D2,Agriculture,15.5,"माझ्या गावात सगळ्यांकडे च प्राणी आहे , ते सगळे प्राण्यांना पाळतात","माझ्या गावात सगळ्यांकडे प्राणी आहेत, ते सगळे प्राण्यांना पाळतात."
3546,722077,D4,Agriculture,15.0,मी ट्वीटर वर पाहिले की जपानमध्ये मासे हाताने पकडले जातात,मी ट्विटरवर पाहिले की जपानमध्ये मासे हाताने पकडले जातात
3547,709782,D1,Banking,15.5,अकाउंटिंग च्या इतिहासात सगळ्यात महत्त्वाचे चार घटना हूते,अकाउंटिंगच्या इतिहासातील सर्वात महत्त्वाच्या चार घटना घडल्या.
3548,717048,D2,Banking,15.5,भांडवल उभारणीचे काही प्रमुख मार्ग देवदूत गुंतवणूकदारांद्वारे आहेत,भांडवल उभारणीचे काही प्रमुख मार्ग देवदूत गुंतवणूकदारांद्वारे आहेत
3549,720826,D4,Agriculture,15.0,रोपवाटिकेच्या कामात कमी खर्चात जास्त पैसे मिळू शकतात,रोपवाटिकेच्या कामात कमी खर्चात जास्त पैसे मिळू शकतात
3550,708783,D1,Agriculture,15.5,"चाय , कॉफी किंवा कॅरब सारख्या सामानांचा उपयोग दुसऱ्या कामांसाठी पण होता","चाय, कॉफी किंवा कार्ब सारख्या सामानांचा उपयोग दुसऱ्या कामांसाठी पण होत असे."
3551,715234,D2,Banking,15.5,स्टोक ब्रोकर हा वित्त व्यवसायिक असतो जो शेअर मार्केटशी संबंधित कामे करतो,स्टॉक ब्रोकर हा वित्त व्यवसायिक असतो जो शेअर मार्केटशी संबंधित कामे करतो
3552,722120,D4,Agriculture,15.0,माझे आजोबा उन्हात द्राक्षे वाळवायचे आणि मनुका बाजारात विकायचे,माझे आजोबा उन्हात द्राक्षे वाळवायचे आणि मनुका बाजारात विकायचे
3553,708971,D1,Banking,15.5,सरकार आणि कंपनी आपल्या कामाच्या दरम्यान पेमेंटच्या वॉरेंटने पण पेमेंट करू शकता,सरकार आणि कंपनी आपल्या कामाच्या दरम्यान पेमेंटच्या वॉरेंटने पण पेमेंट करू शकतात.
3554,716552,D2,Banking,15.5,"जर मुलाचे वय दहा वर्षांपेक्षा कमी असेल , तर खात्याच्या प्रभारी व्यक्तीची ओळख सादर करावी लागेल","जर मुलाचे वय दहा वर्षांपेक्षा कमी असेल, तर खात्याच्या प्रभारी व्यक्तीची ओळख सादर करावी लागेल."
3555,719657,D4,Agriculture,15.0,उसापासून इथेनॉल बनवण्याच्या प्रक्रियेत माझे वडील सरकारला साथ देत आहेत,उसापासून इथेनॉल बनवण्याच्या प्रक्रियेत माझे वडील सरकारला साथ देत आहेत
3556,708805,D1,Agriculture,15.5,जैविक बागकामात झाडांच्या विकासात नैसर्गिक खतांचो वापर होता,जैविक बागकामात झाडांच्या विकासात नैसर्गिक खताचा वापर होता
3557,714645,D2,Agriculture,15.5,कोणतंबी किटकनाशक ईषारी रहास तधय धाकल्ला पोरेस्ना हाते लागू देवो नै,कोणती कीटकनाशक जर वापरली तर धाकडा पोरेस्नावर कसे लागू द्यावे?
3558,722027,D4,Banking,15.0,स्थगित पेमेंटचा मानक हा एक मोड आहे ज्याद्वारे भविष्यातील हप्ते केले जातील,स्थगित पेमेंटचा मानक हा एक मोड आहे ज्याद्वारे भविष्यातील हप्ते केले जातात.
3559,710347,D1,Agriculture,15.5,बांबु भारताच्या पुर्वेकडच्या भागात जसा कि आसाम आणि मेघालयात सापडता,बांबू भारताच्या पूर्व भागामध्ये जसे आसाम आणि मेघालयात आढळते
3560,717162,D2,Agriculture,15.5,वैज्ञानिक प्रक्रियेद्वारे व संशोधनामुळे मेंढीच्या प्रजातीमध्ये वाढ होत आहे,वैज्ञानिक प्रक्रियेद्वारे व संशोधनामुळे मेंढीच्या प्रजातीमध्ये वाढ होत आहे
3561,720280,D4,Banking,15.0,हरीश शिंदे यांनी आपली सामाजिक उद्योजकता म्हणून ग्रीन एनर्जीची निवड केली आहे,हरीश शिंदे यांनी आपली सामाजिक उद्योजकता म्हणून ग्रीन एनर्जीची निवड केली आहे
3562,710600,D1,Banking,15.5,कमीत कमी तीन वर्षांसाठी प्रकल्पांमधे जो गुंतवणूक करित त्याका संपूर्ण सार्वभौम मिळतला,किमान तीन वर्षांसाठी प्रकल्पांमध्ये केलेली गुंतवणूक संपूर्ण रक्कम मिळाली.
3563,716455,D2,Agriculture,15.5,मेंढी पालनासाठी भारत सरकारकडून पन्नास हजार रुपये एवढी रक्कम दिली जाते,मेंढी पालनासाठी भारत सरकारकडून पन्नास हजार रुपये एवढी रक्कम दिली जाते
3564,719973,D4,Banking,15.0,उच्च कार्यरत भांडवल म्हणजे कंपनीकडे दायित्वे पूर्ण करण्यासाठी संसाधने आहेत,उच्च कार्यरत भांडवल म्हणजे कंपनीकडे दायित्वे पूर्ण करण्यासाठी संसाधने आहेत
3565,707377,D1,Banking,15.5,एका बँकेतून दुसऱ्या बँकेत निधी हस्तांतरित करण्याचो सर्वात जलद मार्ग म्हणजे आर.टी.जी.एस,एका बँकेतून दुसऱ्या बँकेत निधी हस्तांतरित करण्याचा सर्वात जलद मार्ग म्हणजे आर.टी.जी.एस
3566,712788,D2,Banking,15.5,बजारवर परिणाम व्हवामा मालमत्तानी उलाढालना मोठा हिस्सा रहास,बाजारपेठेवर परिणामांचा मालमत्ता आणि उलाढालीवर मोठा प्रभाव असतो.
3567,720549,D4,Agriculture,15.0,पारंपारिक मासेमारी नौका बहुतेक किनाऱ्याजवळ राहतात,पारंपारिक मासेमारी नौका बहुतेक किनाऱ्याजवळ राहतात
3568,711874,D1,Banking,15.5,बँक माका जादात जादा किती दिवसाचो येळ देयीत कर्जासाठी ?,मला बँकेत जादा किती दिवसांसाठी कर्जासाठी दिले जाते?
3569,718597,D2,Banking,15.5,सामाजिक मदत मिळवण्यास माझी पात्रता आहे का ?,सामाजिक मदत मिळवण्यास माझी पात्रता आहे का?
3570,721695,D4,Banking,15.0,"लेखामध्ये , महामंडळाचे भाग भांडवल हे जारी केलेल्या समभागांचे नाममात्र मूल्य आहे",लेखामध्ये महामंडळाचे भाग भांडवल हे जारी केलेल्या समभागांचे नाममात्र मूल्य आहे
3571,707509,D1,Banking,15.5,"चालू खात्यातील्या व्यवहारांच्या संख्येवर खयचा पण बंधान नसता , असा मका आसिफना सांगल्यान","चालू खात्यातील व्यवहारांच्या संख्येवर खर्चाचे पण बंधने नसता, असे आसिफनाने सांगितले."
3572,716709,D2,Agriculture,15.5,"बियाणे निवडण्याचा सल्ला दिला जातो , एका पॅकेटमध्ये बियांची संख्या लक्षात ठेवा","बियाणे निवडण्याचा सल्ला दिला जातो, एका पॅकेटमध्ये बियांची संख्या लक्षात ठेवा."
3573,720278,D4,Banking,15.0,देवाणघेवाणीचे माध्यम हे कोणतेही साहित्य असू शकते ज्याचे काही मूल्य आहे,देवाणघेवाणीचे माध्यम हे कोणतेही साहित्य असू शकते ज्याचे काही मूल्य आहे
3574,708740,D1,Agriculture,15.5,सूत आणि रेशांचो एक जाळा बनवतत तेच्यासून मच्छी पार जाऊ शकना नाय,"सूत आणि रेशांचो एक जाळा बनवत आहेत, त्यामुळे मच्छी पार जाऊ शकत नाहीत."
3575,717134,D2,Agriculture,15.5,क्रेस्कोग्राफ साधन शेतकरी वनस्पतींची वाढ मोजण्यासाठी वापरतात,क्रेस्कोग्राफ साधन शेतकरी वनस्पतींची वाढ मोजण्यासाठी वापरतात
3576,721059,D4,Agriculture,15.0,स्थानिक वापरासाठी अन्न वाढविणे उष्णकटिबंधीय शेतीचे मूलभूत उद्दीष्ट आहे,स्थानिक वापरासाठी अन्न वाढविणे उष्णकटिबंधीय शेतीचे मूलभूत उद्दीष्ट आहे
3577,708652,D1,Agriculture,15.5,फलोत्पादनात द्रांक्षांचा उत्पादन जास्त प्रमाणात करतत,फलोत्पादनात द्राक्षांचे उत्पादन जास्त प्रमाणात केले जात आहे
3578,713860,D2,Banking,15.5,गणकच सावा बाकिना देशसनी आर्थिक परिस्थिती खराब व्हवामुळे आपले त्यासले थोडा पैसा दान देना पडतस,गणकच सावा बाकीचे देशाचे आर्थिक परिस्थिती खराब असल्यामुळे आपले त्यासले थोडा पैसा दान करावा लागतो.
3579,722876,D4,Agriculture,15.0,चीन आणि अमेरिका तंबाखू पिकवण्यात आघाडीवर आहेत हे तुम्हाला माहीत आहे,चीन आणि अमेरिका तंबाखू पिकवण्यात आघाडीवर आहेत हे तुम्हाला माहीत आहे
3580,707045,D1,Banking,15.5,मालमत्ता मालकीचो मू्ल्य दर्शवता ज्या रोखीत रूपांतरित केला जाऊ शकता,मालमत्तेचे मूल्य जे रोखीत रूपांतरित केले जाऊ शकते ते दर्शवते
3581,716229,D2,Banking,15.5,संस्थात्मक उद्योजकता संपत्तीचा अधिकाराला स्थापित करणे आणि पुनर्रचना करण्याचा प्रयत्न करते,संस्थात्मक उद्योजकता संपत्तीचा अधिकार स्थापित करण्याचा आणि पुनर्रचना करण्याचा प्रयत्न करते
3582,722159,D4,Banking,15.0,"राजू , तू तुझा नवीन धंदा सुरू केलास की नाही हे तुला माहीत आहे","राजू, तू तुझा नवीन धंदा सुरू केला आहे की नाही हे तुला माहीत आहे"
3583,710950,D1,Banking,15.5,मोबाईल पोस्टपेड आणि प्रीपेड रिचार्ज सुवीधा देणाऱ्या कंपन्यांच्या ॲपना पण होता,मोबाईल पोस्टपेड आणि प्रीपेड रिचार्ज सुविधा देणार्या कंपन्यांचे ॲप पण होते
3584,713472,D2,Agriculture,15.5,वासरु ना धांड्या व्हयना का मंग त्याले वावरमा काम करी अशा बैल बनाडता येस,वसरूना धांड्या येण्याला का ते वावरमा काम करतात अशा बैल बनाडता आहेत?
3585,722331,D4,Banking,15.0,ऑनलाइन बँकिंग नसल्यास रिटेल बँकांकडून प्रवासी चेक घेता येणार,ऑनलाइन बँकिंग नसल्यास रिटेल बँकांकडून प्रवासी चेक घेतले जाऊ शकतात.
3586,707002,D1,Banking,15.5,चलनवाढ ह्या अर्थव्यवस्थेतलो वस्तू आणि सेवांच्यो किमतीत होणारा सामान्य वाढ असा,चलनवाढ या अर्थव्यवस्थेत वस्तू आणि सेवांच्या किमतीत होणारा सामान्य वाढ आहे.
3587,714784,D2,Banking,15.5,आत्तेन्या नोटा आणि सुट्टापैसा प्रातिनिधिक स्वरुपमा लेवा देवाना व्यवहारमा वापरतस,नोट्स आणि सुट्टापैसा प्रातिनिधिक स्वरूपात व्यवहारामध्ये वापरले जातात
3588,719263,D4,Agriculture,15.0,"हिरवी मिरची वाढविण्यासाठी गाईचे शेण , खत आणि सूर्यप्रकाश असणे फार महत्वाचे आहे","हिरवी मिरची वाढविण्यासाठी गाईचे शेण, खत आणि सूर्यप्रकाश असणे फार महत्त्वाचे आहे."
3589,708877,D1,Banking,15.5,प्रॉफीटची रक्कम ही मिळकतीच्या वेळेच्या खर्चापेक्षा जास्त असा,प्रॉफिटची रक्कम मिळकतीच्या वेळेच्या खर्चापेक्षा जास्त आहे.
3590,714837,D2,Banking,15.5,आपल्या बँक खात्यातील शिल्लक जाणून घेण्यासाठी बँकेशी संपर्क करणे गरजेचे आहे,आपल्या बँक खात्यातील शिल्लक जाणून घेण्यासाठी बँकेशी संपर्क करणे गरजेचे आहे
3591,722384,D4,Agriculture,15.0,गोड्या पाण्यातील कोळंबी शेतीद्वारे समुद्री कोळंबीचे उत्पादन केले जाते,गोड्या पाण्यातील कोळंबी शेतीद्वारे समुद्री कोळंबीचे उत्पादन केले जाते
3592,706720,D1,Banking,15.5,गुंतवणूक बँकिंग वित्तीय सेवा कंपनीच्यो काही क्रियाकलापांक सूचित करतत,गुंतवणूक बँकिंग वित्तीय सेवा कंपनीचे काही क्रियाकलाप सूचित करत आहे
3593,712896,D2,Agriculture,15.5,जागतिक स्तरवर ब्राजील ऊसनं उत्पादन समदासमा जास्त करस,जागतिक स्तरावर ब्राझीलचे ऊस उत्पादन समनुसार जास्त करतील
3594,720716,D4,Banking,15.0,सुरेशने वर्तमानपत्राच्या शेवटच्या पृष्ठावर निश्चित उत्पन्नाचे विश्लेषण बद्दल वाचले,सुरेशने वर्तमानपत्राच्या शेवटच्या पृष्ठावर निश्चित उत्पन्नाचे विश्लेषण बद्दल वाचले
3595,707221,D1,Banking,15.5,प्रीपेड कनेक्शन असा हा ज्याकरता तुम्ही तुमच्यो फोनची सेवा वापरण्यापूर्वी पैसो भरता,प्रीपेड कनेक्शन म्हणजे ज्यासाठी तुम्ही तुमच्या फोनची सेवा वापरण्यापूर्वी पैसे भरता.
3596,714448,D2,Agriculture,15.5,रबर उत्पादनमा भारत तिसरा नंबरवर शे आणि केरयमझार रबरनं सरवासमा जास्त उत्पादन व्हस,रबराच्या उत्पादनात भारत तिसऱ्या क्रमांकावर आहे आणि शे व केरयमझारमध्ये जास्त उत्पादन झाले.
3597,721206,D4,Banking,15.0,महात्मा गांधी राष्ट्रीय ग्रामीण रोजगार हमी कायद्यामुळे पगार देयके विलंबित आहेत,महात्मा गांधी राष्ट्रीय ग्रामीण रोजगार हमी कायद्यामुळे पगार देयके विलंबित आहेत
3598,707289,D1,Agriculture,15.5,"अंडी अळ्यांमध्ये उबवूक सुमारे चौदा दिवस लागतत , जे कायम खात रवतत","अंडी अळ्यांमध्ये उबवूक सुमारे चौदा दिवस लागतात, जे कायम खात राहतात."
3599,717211,D2,Banking,15.5,वैयक्तिक कर्ज हे एक आर्थिक साधन आहे जे तुम्हाला अनेक वापरांसाठी पैसे मिळवण्यात मदत करते,वैयक्तिक कर्ज हे एक आर्थिक साधन आहे जे तुम्हाला अनेक वापरांसाठी पैसे मिळवण्यात मदत करते
3600,719000,D4,Agriculture,15.0,दुग्ध व्यवसाय क्षेत्रातील व्याज सवलतीमुळे हरियाणामध्ये पंधरा टक्के वाढ अपेक्षित आहे,दुग्ध व्यवसाय क्षेत्रातील व्याज सवलतीमुळे हरियाणामध्ये पंधरा टक्के वाढ अपेक्षित आहे
3601,708044,D1,Banking,15.5,शेअर बाजार येका एक्सचेंजचा मुख्य कार्य निष्पक्ष आणि सुव्यवस्थित व्यापार सुनिश्चित करता,शेअर बाजार एक्सचेंजचे मुख्य कार्य निष्पक्ष आणि सुव्यवस्थित व्यापार सुनिश्चित करते
3602,715922,D2,Agriculture,15.5,"भारतीय पशूंच्या प्रजातींमध्ये सगळ्यात वर काळवीट येते , जे आंध्र प्रदेश मध्ये बघायला मिळते","भारतीय पशूंच्या प्रजातींमध्ये सर्वात वर काळवीट येते, जे आंध्र प्रदेशमध्ये बघायला मिळते."
3603,722219,D4,Agriculture,15.0,मनीषने पशु किसान क्रेडिट कार्डच्या मदतीने गाय खरेदी करण्यासाठी कर्ज घेतले,मनीषने पशु किसान क्रेडिट कार्डच्या मदतीने गाय खरेदी करण्यासाठी कर्ज घेतले
3604,709398,D1,Agriculture,15.5,कृषि विज्ञानात रोपांच्या आनुवंशिक शरीर विज्ञानाच्या संशोधनाक सामील केला हा,कृषि विज्ञानात रोपांच्या आनुवंशिक शरीर विज्ञानाचा संशोधन सामील केला आहे
3605,716409,D2,Agriculture,15.5,वन्यजीव शेती उत्पादनासाठी एक कृषी व्यवस्थेत अनिर्देशित जनावरांस संदर्भात धरते,वन्यजीव शेती उत्पादनासाठी एका कृषी व्यवस्थेत अनिर्देशित जनावरांस संदर्भात धरते
3606,721650,D4,Banking,15.0,वापर कर्त्यांना त्यांच्या क्रेडिट कार्डची बिले वेळेवर भरल्याबद्दल बक्षीस देते,वापरकर्त्यांना त्यांच्या क्रेडिट कार्डची बिले वेळेवर भरल्याबद्दल बक्षीस दिले जाते.
3607,710762,D1,Banking,15.5,तुम्ही मार्जिन तुमच्या सोयीनुसार हप्त्त्यांमध्ये पण भरु शकतास,तुम्ही तुमच्या सोयीनुसार हप्त्यांमध्ये मार्जिन भरू शकता
3608,714838,D2,Banking,15.5,आपल्या मुळच्या खर्चावर नियंत्रण आणण्यासाठी रमेशने बँक खाते नियंत्रित केले,आपल्या मूळ खर्चावर नियंत्रण आणण्यासाठी रमेशने बँक खाते नियंत्रित केले
3609,720918,D4,Agriculture,15.0,पहाडी शेतीने पर्यावरण आणि सांस्कृतिक दृष्ट्या दोन्ही भागांना आकार दिला आहे,पहाडी शेतीने पर्यावरण आणि सांस्कृतिक दृष्ट्या दोन्ही भागांना आकार दिला आहे
3610,710239,D1,Agriculture,15.5,जनावरांकडसून मिळालेल्या नैसर्गिक रेशांचो उपयोग कपडा उद्योगात करतत,जनावरांकडसून मिळालेल्या नैसर्गिक रेशांचा उपयोग कपडा उद्योगात केला जातो.
3611,712695,D2,Agriculture,15.5,भारत देसमा पन्नास टक्का मासा खावाना करता वापरावतस,भारताच्या लोकांचे पन्नास टक्के मासे खावण्याकरिता तुम्ही वापरत होतात
3612,721377,D4,Banking,15.0,स्थगित पेमेंट योजनेंतर्गत मला सुरुवातीला कर्जावर कोणतेही देय द्यावे लागले नाही,स्थगित पेमेंट योजनेंतर्गत मला सुरुवातीला कर्जावर कोणतेही देय द्यावे लागले नाही
3613,707903,D1,Agriculture,15.5,मातीच्या आरोग्याचो अभ्यास करून आपण आपल्या पिकांची गुणवत्ता वाढवू शकतव,मातीचे आरोग्य अभ्यास करून आपण आपल्या पिकांची गुणवत्ता वाढवू शकतो
3614,714074,D2,Agriculture,15.5,"भूगर्भीय प्रक्रियावरी वनस्पती , जनावरसना शरीरम्हाईन नैसर्गिक तंतू तयार व्हतस","भूगर्भीय प्रक्रियांवर वनस्पती, जनावरंच्या शरीरात नैसर्गिक तंतू तयार होतात."
3615,721488,D4,Banking,15.0,आपल्यासारख्या गुंतवणूक दारांकडून आर्थिक बाजारपेठा बरीच पैसे आकर्षित करतात,आपल्यासारख्या गुंतवणूक दारांकडून आर्थिक बाजारपेठा बरीच पैसे आकर्षित करतात
3616,709562,D1,Agriculture,15.5,भारतात राष्ट्रीय बाग केंद्राची स्थापना एकोणीसशे चौऱ्यांशी सालात झाली हुती,भारतात राष्ट्रीय बाग केंद्राची स्थापना एकवीसशे चौऱ्यांशी वर्षात झाली.
3617,716454,D2,Agriculture,15.5,अनुवांशिक सुधारित मासे अठरा महिन्यांत पूर्ण आकार घेतात,अनुवांशिक सुधारित मासे अठरा महिन्यांत पूर्ण आकार घेतात
3618,721508,D4,Banking,15.0,कम्प्युटेशनल फायनान्स आर्थिक विश्लेषणावर लागू होणाऱ्या समस्यांवर लक्ष केंद्रित करते,कम्प्युटेशनल फायनान्स आर्थिक विश्लेषणावर लागू होणाऱ्या समस्यांवर लक्ष केंद्रित करते
3619,709042,D1,Banking,15.5,मागच्या दशकापासना संस्थागत उद्यमितेची धारणा लोकप्रिय झालेली हा,मागच्या दशकातील संस्थात्मक उद्यमितेची धारणा लोकप्रिय झाली आहे.
3620,716616,D2,Banking,15.5,इक्विटी फंडची संपूर्ण माहिती नसल्याने अनेकांचे पैसे त्यात अडकले,इक्विटी फंडची संपूर्ण माहिती नसल्याने अनेकांचे पैसे त्यात अडकले
3621,722557,D4,Agriculture,15.0,केक आणि बिस्किटे बनवण्यासाठी उसापासून साखरेचे उत्पादन होते,केक आणि बिस्किटे बनवण्यासाठी उसापासून साखरेचे उत्पादन होते
3622,710785,D1,Banking,15.5,नोटाबंदी हि कायदेशीर निवीदा म्हणून चलन युनिटची स्थिती काढुन टाकण्याची क्रिया असा,नोटाबंदी ही कायदेशीर निविदा म्हणून चलन युनिटची स्थिती काढून टाकण्याची क्रिया आहे
3623,716895,D2,Banking,15.5,यामध्ये निर्दिष्ट कालावधी दरम्यान केलेल्या विक्री आणि विविध खर्चांचा समावेश असतो,यामध्ये निर्दिष्ट कालावधी दरम्यान केलेल्या विक्री आणि विविध खर्चांचा समावेश असतो
3624,719946,D4,Banking,15.0,"भारतात , बँक खाते क्रमांकामध्ये सामान्यतः अकरा ते सोळा अंक असतात",भारतात बँक खाते क्रमांकामध्ये सामान्यतः अकरा ते सोळा अंक असतात
3625,707854,D1,Banking,15.5,भारतीय रिझर्व्ह बँकेचा कामकाज केंद्रीय संचालक मंडळाद्वारे नियंत्रित केला जाता,भारतीय रिझर्व्ह बँकेचे कामकाज केंद्रीय संचालक मंडळाद्वारे नियंत्रित केले जाते
3626,714667,D2,Agriculture,15.5,खेडामझार ट्रॅक्टर घरेघर येवामुये खयामझारला बैलेस्न्या जोड्या आणि खुटा गायब व्हयी गयात,"खेडामझारचे ट्रॅक्टर आणि घरेघर येऊ नयेत, खेडामझारला बैलांच्या जोड्या आणि खुटा गायब झाल्या आहेत."
3627,719508,D4,Banking,15.0,शेअर सर्टिफिकेट मधील पेमेंटची पावती मागच्या बाजूला पुष्टी केली जाते,शेअर सर्टिफिकेट मधील पेमेंटची पावती मागच्या बाजूला पुष्टी केली जाते
3628,709607,D1,Agriculture,15.5,मोठ बीनची शेती भारत पाकिस्तान ह्या देशांतल्या आहारासाठी करतत,मोठ शेंगांची शेती भारत पाकिस्तानच्या आहारासाठी केली जाते.
3629,714043,D2,Banking,15.5,"निधीनासाठे प्रायोजित कार्यक्रम शेतस , ज्यानामुये संशोधकसले पैसासनी मदत व्हस","निधीनासाठे प्रायोजित कार्यक्रम अस्तित्वात आहे, ज्यानामुये संशोधकाने पैसे मदत केले."
3630,721233,D4,Banking,15.0,कोलकाता येथे पंतप्रधान नरेंद्र मोदी यांच्या हस्ते अटल पेन्शन योजना सुरू करण्यात आली,कोलकाता येथे पंतप्रधान नरेंद्र मोदी यांच्या हस्ते अटल पेन्शन योजना सुरू करण्यात आली
3631,706982,D1,Banking,15.5,कॉर्पोरेट फायनान्समधला भांडवली संरचना ह्या विविध प्रकारच्यो बाह्य निधीचो मिश्रण असा,कॉर्पोरेट फायनान्समध्ये भांडवली संरचना ह्या विविध प्रकारच्या बाह्य निधीचे मिश्रण आहे.
3632,713664,D2,Agriculture,15.5,मना भाऊले तालुका कारयालय माथीन येक योजनामा शेतीना उपकरणं भेटनात,मला भाऊंनी तालुका कार्यालयावरून एका योजनेसाठी शेतीचे उपकरणे मिळाली आहेत.
3633,720206,D4,Agriculture,15.0,"आज , लोक पोल्ट्रीमध्ये वाढलेल्या कोंबड्यांसह वाढत्या अमानुषतेबद्दल राग व्यक्त करीत आहेत",आज लोक पोल्ट्रीमध्ये वाढलेल्या कोंबड्यांसह वाढत्या अमानुषतेबद्दल राग व्यक्त करीत आहेत
3634,706793,D1,Banking,15.5,मनी मार्केट ह्या बँका आणि इतर वित्तीय संस्थांमधील अल्पकालीन कर्जाचो व्यापार आसत,मनी मार्केट ह्या बँका आणि इतर वित्तीय संस्थांमधील अल्पकालीन कर्जाचा व्यापार असत.
3635,715481,D2,Banking,15.5,क्लिंटन ने एक वेळी राज्य भरामध्ये विमा पूलाचं व्यवस्थापन करण्याचा प्रस्ताव ठेवला होता,क्लिंटनने एक वेळी राज्य भरमध्ये विमा पूलाचे व्यवस्थापन करण्याचा प्रस्ताव ठेवला होता
3636,724289,D4,Agriculture,15.0,ट्रॅक्टर विकत घ्याले कास्तकाराइसाठी कायी विशेष योजना हाय का ?,ट्रॅक्टर विकत घेण्यासाठी शेतकऱ्यांसाठी काही विशेष योजना आहेत का?
3637,708341,D1,Banking,15.5,"नाणा ह्या मुखतः देवाणघेवाण करुचा माध्यम , कायदेशीर निविदा म्हणून वापरला जाता",नाणा यांच्या मुखातील देवाणघेवाणीचे माध्यम कायदेशीर निविदा म्हणून वापरले जाते
3638,715619,D2,Agriculture,15.5,डाळिंबाचा रस पिल्याने आपल्या आरोग्याला आणि त्वचेला कितीतरी प्रकारचे फायदे मिळतात,डाळिंबाचा रस पिल्याने आपल्या आरोग्याला आणि त्वचेला कितीतरी प्रकारचे फायदे मिळतात
3639,719514,D4,Banking,15.0,एकोणीसशे तीस मध्ये आलेल्या आर्थिक मंदीमुळे एक हजाराहून अधिक अमेरिकन बँकांवर परिणाम झाला,एकवीसशे तीस मध्ये आलेल्या आर्थिक मंदीमुळे एक हजाराहून अधिक अमेरिकन बँकांवर परिणाम झाला
3640,707637,D1,Banking,15.5,तुम्ही तुमचो मालमत्ता कर महानगरपालिका किंवा पंचायतीमध्ये भरू शकतास,तुम्ही तुमची मालमत्ता कर महानगरपालिका किंवा पंचायतीमध्ये भरू शकता.
3641,714422,D2,Agriculture,15.5,मना काकाले ग्रामीण ईकास मंत्रालयकडथून आवास योजनामा घर भेटनं,मला काकांकडून ग्रामीण मंत्रालयाकडून आवास योजनेमध्ये घर मिळेल.
3642,719653,D4,Agriculture,15.0,नीरज माहित आहे का वायलेट यामी वालुकामय मातीमध्ये चांगले उत्पादन करतो ?,नीरजला माहीत आहे का वायलेट यामी वालुकामय मातीमध्ये चांगले उत्पादन करतो?
3643,708773,D1,Agriculture,15.5,पशू प्रजनन ऐच्छिक आनुवंशिक लक्षण असलेल्या जनावरांच्या निवडिच्या संभोगाची प्रक्रिया असा,पशू प्रजनन ऐच्छिक आनुवंशिक लक्षण असलेल्या जनावरांच्या निवडिच्या संभोगाची प्रक्रिया अशी आहे.
3644,712906,D2,Agriculture,15.5,"शेतकरी ना संबंध पशुपालन , शेती आजू मासोई पालन शे रहास","शेतकऱ्याचा संबंध पशुपालनाशी आहे, शेती आणि मासोई पालन चालू आहे."
3645,722428,D4,Agriculture,15.0,निर्वाह शेतीमध्ये एकाच वेळी विशिष्ट पशुधन क्रियाकलाप पूर्ण करणे सामान्य आहे,निर्वाह शेतीमध्ये एकाच वेळी विशिष्ट पशुधन क्रियाकलाप पूर्ण करणे सामान्य आहे
3646,707671,D1,Banking,15.5,"देशातल्या कर दर युनिटमधल्या वेगवेगळ्या गटांवरचो कराचो बोजो वेगळो आसा , असा समीर सांगा होतो","देशातील कर दर युनिटमधील वेगवेगळ्या गटांवरचा भार वेगळा आहे, असा समीर सांगतो."
3647,713009,D2,Agriculture,15.5,"कृषी क्षेत्रमझारली सहकारी संस्थासनी पोहोच स्थानिक , राज्य आणि आंतरराष्ट्रीय स्तरपावत शे","कृषी क्षेत्रातील सहकारी संस्था स्थानिक, राज्य आणि आंतरराष्ट्रीय स्तरावर पोहोच आहेत."
3648,722072,D4,Agriculture,15.0,प्रीतम कोरोनापासून वाचण्यासाठी आवळा रोज खाणे खूप गरजेचे आहे,प्रीतम कोरोनापासून वाचण्यासाठी आवळा रोज खाणे खूप गरजेचे आहे
3649,708317,D1,Agriculture,15.5,तुमका म्हायतच आसताला की अष्टरची फुला तात्पुरत्या मोसमातच गावतत,तुमचे माहीत आहे का की अष्टरची फुले तात्पुरत्या मोसमात गावत आहेत
3650,714487,D2,Banking,15.5,वित्त मंत्रालयनी वेबसाईट वर जाईन कोणत्या नव्या योजना शेतीस याना तपास कोनीबी करु शकस,वित्त मंत्रालयाच्या वेबसाइटवर जाऊन मी कोणत्या नवीन योजना शेतीसाठी तपास करू शकत नाही.
3651,718784,D4,Agriculture,15.0,माझे शेजारी शेती प्रदूषण पसरवण्यासाठी अन्नधान्य रस्त्यावर सोडतात,माझे शेजारी शेती प्रदूषण पसरवण्यासाठी अन्नधान्य रस्त्यावर सोडतात
3652,707885,D1,Banking,15.5,"माझ्या आईच्या आपरेशनचो सगळो खर्च विमा कंपन्यांनी केल्यानी , ह्या लय झ्याक झाला","माझ्या आईच्या ऑपरेशनचा सगळा खर्च विमा कंपन्यांनी केला, त्यामुळे खूप त्रास झाला."
3653,716447,D2,Agriculture,15.5,नॅशनल मिशन फॉर सस्टेनेबल अग्रीकल्चर हे हवामान बदलाच्या सात मुद्यांपैकी एक आहे,नॅशनल मिशन फॉर सस्टेनेबल अग्रीकल्चर हे हवामान बदलाच्या सात मुद्यांपैकी एक आहे
3654,720328,D4,Agriculture,15.0,एरोपोनिक संस्कृती आणि उपकरणांचे वनस्पती समर्थन कमीतकमी वैशिष्ट्ये प्रदान करते,एरोपोनिक संस्कृती आणि उपकरणांचे वनस्पती समर्थन कमीतकमी वैशिष्ट्ये प्रदान करते.
3655,709473,D1,Banking,15.5,तुमका माहीत असा काय लोक म्हातारंपणात पेन्शन फंड वापरतत,तुम्हाला माहीत आहे का की लोक म्हातारपणात पेन्शन फंड वापरत आहेत
3656,716958,D2,Banking,15.5,पाकिस्तान सरकारने जारी केलेले रोखे जास्त व्याजदर मिळवतात,पाकिस्तान सरकारने जारी केलेले रोखे जास्त व्याजदर मिळवतात
3657,724307,D4,Banking,15.0,मले मायी आर.डी कवा संपन अन त्याबाबतच्या सूचना मायती कराच्या हाय,मला आर.डी खाते संपन आणि त्याबाबतच्या सूचनांची माहिती हवी आहे
3658,707579,D1,Agriculture,15.5,"तणांशिवाय , बुरशी आणि जीवाणू ह्ये जीवसुद्धा शेतात अडचणी निर्माण करतत","तणावाशिवाय, बुरशी आणि जीवाणू हे जीवसुद्धा शेतात अडचणी निर्माण करत आहेत."
3659,716877,D2,Banking,15.5,पूर्वी ऑनलाइन निधी हस्तांतरण फक्त नॅशनल इलेक्ट्रॉनिक फंड ट्रान्सफर एन.ई.एफ.टी द्वारे केले जात होते,पूर्वी ऑनलाइन निधी हस्तांतरण फक्त नॅशनल इलेक्ट्रॉनिक फंड ट्रान्सफर एन.ई.एफ.टी द्वारे केले जात होते
3660,718933,D4,Agriculture,15.0,"खरबूज पिकल्यावर हिरव्या ते पिवळ्या रंगात बदलते , मुळात त्याची फळे उंच वेलींमध्ये वाढतात","खरबूज पिकल्यावर हिरव्या ते पिवळ्या रंगात बदलते, मुळात त्याची फळे उंच वेलींमध्ये वाढतात."
3661,708537,D1,Banking,15.5,संघटना पैशाचो उपेग खेळत्या भांडवलाच्या रुपात आणि कर्ज कमी करुच्यासाठी करतली,संघटनाने खेळत्या भांडवलाच्या रूपात आणि कर्ज कमी करण्यासाठी उपेग केले.
3662,724790,D2,Agriculture,15.444,"पिटा तांदळात फक्त फायबरच नाही तर त्यात जीवनसत्त्वे , लोह , कॅल्शियम आणि थायमिन देखील मुबलक प्रमाणात असते","तांदळात फक्त फायबरच नाही तर त्यात जीवनसत्त्वे, लोह, कॅल्शियम आणि थायमिन देखील मुबलक प्रमाणात असते."
3663,722294,D4,Banking,15.0,"शेअर बाजारात नकारात्मक सापेक्ष परतावा मिळाला , त्यामुळेच सोहनने गुंतवणूक केली नाही","शेअर बाजारात नकारात्मक सापेक्ष परतावा मिळाला, त्यामुळेच सोहनने गुंतवणूक केली नाही."
3664,706643,D1,Banking,15.5,कॅल्क्युलेटर विविध डेटा विचारात घेऊन तुमच्या आयकर दायित्वाचो अंदाजे आकृती प्रदान करता,कॅल्क्युलेटर विविध डेटा विचारात घेऊन तुमच्या आयकर दायित्वाचा अंदाजे आकृती प्रदान करतो
3665,724672,D2,Banking,15.441,"एखांदाले एन.ई.एफ.टी करीन पैसा धाडना झायेत ते त्यानं नाव , खातानानंबर , बँकना आय.एफ.सी कोड ठावूक जोयजे","एखांदाला एन.ई.एफ.टी साठी पैसे हस्तांतरित करायचे असतील तर त्यांना नाव, खाते क्रमांक आणि बँकेचा आय.एफ.सी कोड माहित असायला हवा."
3666,719711,D4,Banking,15.0,"मास्टर जी भारत सरकार रस्ते , शाळा बांधण्यासाठी कर घेते",मास्टर जी भारत सरकारसाठी रस्ते आणि शाळा बांधण्यासाठी कर घेतात.
3667,706943,D1,Banking,15.5,तुमचा वार्षिक उत्पन्नाची गणना केल्यान तुमका तुमच्यो आर्थिक आरोग्याची चांगली समज मिळता,तुमच्या वार्षिक उत्पन्नाची गणना केल्यास तुम्हाला आर्थिक आरोग्याची चांगली समज मिळते.
3668,714714,D2,Banking,15.433,"झटपट बचत खातं उघाडानी करता मानूसनी जोडे आधारकार्ड , पॅनकार्ड , आणि मोबाईल नंबर जोइजे","झटपट बचत खात्याची उघडण्याची प्रक्रिया केल्यावर माणसाला आधारकार्ड, पॅनकार्ड आणि मोबाईल नंबर मिळतात."
3669,721600,D4,Agriculture,15.0,झेंडूचे मुख्य औषधी अनुप्रयोग सर्व प्रकारच्या त्वचेच्या रोगांसाठी केला जातो,झेंडूचे मुख्य औषधी अनुप्रयोग सर्व प्रकारच्या त्वचेच्या रोगांसाठी केले जातात.
3670,708832,D1,Agriculture,15.5,माझी आऊस माझ्यासाठी भरलेली दुधी भोपळ्याची मस्त भाजी बनवता,माझी आऊस माझ्यासाठी भरलेली दुधी भोपळ्याची मस्त भाजी बनवता
3671,715011,D2,Banking,15.429,नेट बँकिंगमध्ये जाऊन मी कर्ज खात्यावर क्लिक केल्या केल्या लगेच मला ई स्टेटमेंट मिळाली,नेट बँकिंगमध्ये जाऊन मी कर्ज खात्यावर क्लिक केल्यावर मला लगेच ई स्टेटमेंट मिळाले
3672,721642,D4,Banking,15.0,यू.पी.आय एप हा विविध बँक खात्यांपर्यंत पोहोचण्यासाठी एकच मोबाइल अनुप्रयोग आहे,यू.पी.आय एप हा विविध बँक खात्यांपर्यंत पोहोचण्यासाठी एकच मोबाइल अनुप्रयोग आहे
3673,706482,D1,Banking,15.5,बँकर्स बँक ही येक वित्तीय संस्था असा जी यू.एस मधल्या समुदाय बँकांका आर्थिक सेवा प्रदान करता,बँकर्स बँक ही एक वित्तीय संस्था आहे जी यू.एस. मधील समुदाय बँकांना आर्थिक सेवा प्रदान करते
3674,714338,D2,Agriculture,15.429,पारंपरिक शेती आधुनिक शेती ना बरोबर आज आपले बठ्ठास्ले शाश्वत शेतीनाबी ईचार करना पडी,पारंपरिक शेती आधुनिक शेती बरोबर आज आपले शाश्वत शेती करायला हवी.
3675,719502,D4,Banking,15.0,राष्ट्रीय इलेक्ट्रॉनिक निधी हस्तांतरण नोव्हेंबर दोन हजार पाँच मध्ये सुरू झाले,राष्ट्रीय इलेक्ट्रॉनिक निधी हस्तांतरण नोव्हेंबर दोन हजार पाच मध्ये सुरू झाले
3676,706821,D1,Banking,15.5,सीड मनी ह्या सिक्युरिटीज ऑफरचो एक प्रकार असा ज्यात गुंतवणूकदार स्टार्टअप कंपनीत भांडवल गुंतवता,सीड मनी ही सिक्युरिटीज ऑफरचा एक प्रकार आहे ज्यात गुंतवणूकदार स्टार्टअप कंपनीत भांडवल गुंतवतात
3677,718297,D2,Banking,15.423,"मला सामाजिक वन नेशन , वन कार्ड या योजनेची माहिती मिळेल का ?",मला सामाजिक वन नेशन वन कार्ड या योजनेची माहिती मिळेल का?
3678,721195,D4,Banking,15.0,राष्ट्रीय सुट्टीमुळे उद्या स्वित्झर्लंड च्या वित्तीय बाजारपेठा बंद राहणार,राष्ट्रीय सुट्टीमुळे उद्या स्वित्झर्लंडच्या वित्तीय बाजारपेठा बंद राहतील.
3679,709635,D1,Banking,15.5,रिटेल बॅन्केतल्यानी वैयक्तिक कर्जाची महिती देऊक उच्च शिक्षित लोक कामावर ठेवले हत,"रिटेल बँकांमध्ये वैयक्तिक कर्जाची माहिती देण्यात आली आहे, उच्च शिक्षित लोक कामावर ठेवले गेले आहेत."
3680,713198,D2,Banking,15.423,घाबरानं नयी पी.एम.जे.जे बीवाई योजना चालू कराना करता के.वाय.सी ना आधारकन करता येस,घाबरून नवीन पीएमजेजे बाय योजना सुरू करायची आहे का आणि के.वाई.सी साठी आधार कार्ड करायचे आहे का?
3681,718971,D4,Banking,15.0,बँका त्यांच्या ग्राहकांना आर.बी.आय ने निश्चित केलेल्या व्याज दराने कर्ज देतात,बँका त्यांच्या ग्राहकांना आर.बी.आयने निश्चित केलेल्या व्याज दराने कर्ज देतात
3682,711058,D1,Agriculture,15.5,समुद्राक लागून असलेल्या राज्यात मश्यांचा जास्त सेवन केला जाता,समुद्राला लागून असलेल्या राज्यात माशांचे जास्त सेवन केले जाते.
3683,713755,D2,Banking,15.423,कर्ज माफ व्हवामुळे ज्या लोक कर्ज नई दिऊ शकतस त्यासले भलत चांगल वाटस,कर्ज माफ झाल्यामुळे ज्या लोकांकडे कर्ज घेऊ शकत नाहीत त्यांना चांगले वाटते.
3684,722657,D4,Banking,15.0,कोणत्याही सेवेचा लाभ घेण्यासाठी आम्हाला बिल भरावे लागते,कोणत्याही सेवेचा लाभ घेण्यासाठी आम्हाला बिल भरावे लागते
3685,707675,D1,Agriculture,15.5,दोन हजार बाराच्या पशुगणनेनुसार भारतात मेंढ्यांची खुली संख्या साडेसहा कोटी आसा,दोन हजार बाराच्या पशुगणनेनुसार भारतात मेंढ्यांची खुली संख्या साडेसहा कोटी आहे
3686,715877,D2,Agriculture,15.423,भारत आणि जगभरात ग्रीन हाऊसचा पापर उच्च गुणवत्ता असणाऱ्या फुलं आणि भाज्यांसाठी होतो,भारत आणि जगभरात ग्रीन हाऊसचा वापर उच्च गुणवत्ता असणाऱ्या फुलं आणि भाज्यांसाठी केला जातो.
3687,722186,D4,Banking,15.0,मला दर महिन्याला माझ्या क्रेडिट कार्डची बिले तपासावी लागतात,मला दर महिन्याला माझ्या क्रेडिट कार्डची बिले तपासावी लागतात
3688,710908,D1,Agriculture,15.5,माझ्या गावात बाजरीचा उत्पादन जास्त प्रमाणात केला जाता,माझ्या गावात बाजरीचे उत्पादन जास्त प्रमाणात केले जाते.
3689,716722,D2,Agriculture,15.417,प्रीतम तुला माहित आहे का हळदीची लागवड करण्यापूर्वी झिंक शिंपडणे आवश्यक आहे,प्रीतम तुला माहित आहे का हळदीची लागवड करण्यापूर्वी झिंक शिंपडणे आवश्यक आहे
3690,721348,D4,Banking,15.0,नवीन व्यवसाय संधींनी संस्थात्मक उद्योजकतेला मोठ्या प्रमाणात प्रोत्साहन दिले आहे,नवीन व्यवसाय संधींनी संस्थात्मक उद्योजकतेला मोठ्या प्रमाणात प्रोत्साहन दिले आहे
3691,706760,D1,Banking,15.5,"व्यक्तीं साठी , कर्जा ह्या अपेक्षित उत्पन्न आणि भविष्यातलो क्रयशक्ती वापरण्याचो साधन असा","व्यक्तींसाठी, कर्जे हे अपेक्षित उत्पन्न आणि भविष्यातील क्रयशक्ती वापरण्याचे साधन आहेत."
3692,717135,D2,Agriculture,15.417,शेतकाऱ्यांना आर्थिक मदत देऊन कृषी क्षेत्रात आर्थिक मदतीची पात्रता निश्चित केली जाते,शेतकाऱ्यांना आर्थिक मदत देऊन कृषी क्षेत्रात आर्थिक मदतीची पात्रता निश्चित केली जाते
3693,720401,D4,Banking,15.0,प्रथम आम्हाला बँकेच्या साइटवर जाऊन वैयक्तिक बँकिंग विभागात लॉगिन करावे लागेल,प्रथम आम्हाला बँकेच्या साइटवर जाऊन वैयक्तिक बँकिंग विभागात लॉगिन करावे लागेल
3694,709823,D1,Agriculture,15.5,एलेक्ट्रोफिशिंग हल्लीच विकसित झालेला माशे पकडण्याचा तंत्र हा,एलेक्ट्रोफिशिंग हल्लीच विकसित झालेले मासे पकडण्याचे तंत्र हे आहे
3695,713736,D2,Agriculture,15.417,भाऊ आपला भागमा पानी नही शे हवामान खातानी दुष्काळना अंदाज सांगेल शे,"भाऊ आपल्या भागामध्ये पाणी नाही, तर हवामान दुष्काळाचा अंदाज सांगेल."
3696,721322,D4,Banking,15.0,पैशाचे वेळेचे मूल्य वेळ प्राधान्याची नंतर विकसित संकल्पना म्हणून पाहिले जाऊ शकते,पैशाचे वेळेचे मूल्य वेळ प्राधान्याची नंतर विकसित संकल्पना म्हणून पाहिले जाऊ शकते
3697,707800,D1,Banking,15.5,"बहुतेक गुन्हेगार आपली लूट काळ्या बाजारात रोख विकूसाठी चोरी करतत , असा ऐकिवात हा","बहुतेक गुन्हेगार आपली लूट काळ्या बाजारात रोख विकण्यासाठी चोरी करत आहेत, असा ऐकिवात आहे."
3698,718125,D2,Banking,15.417,सेविंग्स अकाउंटसोबत मला मिळणाऱ्या सुविधांसाठी मला स्वतंत्र शुल्क भरावे लागेल का ?,सेव्हिंग अकाउंटसोबत मला मिळणाऱ्या सुविधांसाठी मला स्वतंत्र शुल्क भरावे लागेल का?
3699,719846,D4,Agriculture,15.0,टरबूजच्या बियांमध्ये अँटिऑक्सिडेंट असतात जे सुरकुत्या येण्याची समस्या टाळतात,टरबूजच्या बियांमध्ये अँटिऑक्सिडेंट असतात जे सुरकुत्या येण्याची समस्या टाळतात
3700,707801,D1,Agriculture,15.5,बहुतेक मोठे मासे खोल पाण्यात आपलो दिवस घालवतत आणि उथळ भागात खाऊक येतत,बहुतेक मोठे मासे खोल पाण्यात आपले दिवस घालवत आहेत आणि उथळ भागात खाऊ येत आहेत
3701,713774,D2,Banking,15.417,भारतीय योजनासपासून भारत ना लोकेसले छोट्या छोट्या सुविधासनी पण फायदा करि देतस,भारतीय योजनांपासून भारताला छोट्या छोट्या सुविधांसोबतच फायदा देत आहे
3702,721963,D4,Agriculture,15.0,मांसाची वाढ वाढवण्यासाठी ग्रोथ हार्मोनचा वापर केला जातो,मांसाची वाढ वाढवण्यासाठी ग्रोथ हार्मोनचा वापर केला जातो
3703,708305,D1,Banking,15.5,डिजिटल आणि सोशल मीडिया मार्केटिंगमुळे आपल्या कौशल्याक आपण लोकांपर्यंत पोचवक शकतो,डिजिटल आणि सोशल मीडिया मार्केटिंगमुळे आपण आपल्या कौशल्यांनी लोकांपर्यंत पोहोचू शकतो
3704,715362,D2,Agriculture,15.417,"एक राणी मधमाशी सर्वसाधारणपणे एक वयस्कर , संभोग करणारी मादा गाईन असते","एक राणी मधमाशी सर्वसाधारणपणे एक वयस्कर, संभोग करणारी मादा गाईन असते."
3705,718811,D4,Agriculture,15.0,कृषी उपकरणे खरेदी करण्यासाठी बाजारात विविध प्रकारचे ऐप्स अस्तित्त्वात आहेत,कृषी उपकरणे खरेदी करण्यासाठी बाजारात विविध प्रकारचे ॲप्स अस्तित्वात आहेत
3706,708818,D1,Agriculture,15.5,मेंढ्यांच्या लोकरेक तेंच्या चामड्यापासना एका बारीक थर काढुची प्रक्रिया असा,मेंढ्यांच्या लोकरेक तेंच्या चामड्यापासनासाठी एका बारीक थराची प्रक्रिया अशी आहे.
3707,713883,D2,Banking,15.417,राजू एक बँकाना खाता म्हाईन त्यानी दुसरी बँकाना खाताम्हा पैसा धाडी देस,"राजू एक बँक खाते आहे, त्याची दुसरी बँक खाते आहे, मला तो पैसा दे."
3708,720366,D4,Banking,15.0,सुधारणांपूर्वी व्यापारी आणि उद्योग पतींना खूप त्रास सहन करावा लागला,सुधारणांपूर्वी व्यापारी आणि उद्योगपतींना खूप त्रास सहन करावा लागला
3709,708816,D1,Agriculture,15.5,फिरत्या चराइचो उपयोग जास्त करान रवंथ करणाऱ्या ढोरांमध्ये करतत,फिरणारे लोक जास्त उपयोग करत असतात रवंथ करणाऱ्यांमध्ये
3710,717262,D2,Agriculture,15.409,झेंडूच्या फुलांची लागवड कधी करावी ? त्यासाठी कोणते बियाणे वापरावे ?,झेंडूच्या फुलांची लागवड कधी करावी? त्यासाठी कोणते बियाणे वापरावे?
3711,719912,D4,Banking,15.0,हायब्रीड फंड इक्विटी आणि निश्चित उत्पन्न सिक्युरिटीज मिश्रणात गुंतवणूक करतात,हायब्रीड फंड इक्विटी आणि निश्चित उत्पन्न सिक्युरिटीज मिश्रणात गुंतवणूक करतात
3712,707033,D1,Banking,15.5,काही मॉडेल्समधलो वस्तूंच्यो मागणीवर नियंत्रण ठेवूक कामगार तपासणी ह्या एक साधन असा,काही मॉडेल्समध्ये वस्तूंच्या मागणीवर नियंत्रण ठेवण्यासाठी कामगार तपासणी हे एक साधन आहे
3713,716990,D2,Agriculture,15.409,जंगली माशांवर परिणाम असा होतो की त्यांना जंगली खाद्य दिले जाते,जंगली माशांवर असा परिणाम होतो की त्यांना जंगली खाद्य दिले जाते.
3714,722578,D4,Agriculture,15.0,हाताने गोळा करणे हे माणसाच्या काळापासून चालत आले आहे,हाताने गोळा करणे हे माणसाच्या काळापासून चालत आले आहे
3715,707160,D1,Banking,15.5,थकबाकी कर्जा ह्या एक संज्ञा असा ज्या तुम्ही क्रेडिट कार्ड सारांश विधानावर पाहू शकता,थकबाकी कर्जाची ही एक संज्ञा आहे जी तुम्ही क्रेडिट कार्ड सारांश विधानावर पाहू शकता
3716,714890,D2,Banking,15.409,कुठल्याही कंपनीचा किंवा व्यापाराचे उत्पन्न त्याचं महसुली उत्पन्न म्हणून गणले जाते,कुठल्याही कंपनीचे किंवा व्यापाराचे उत्पन्न त्याचे महसुली उत्पन्न म्हणून गणले जाते
3717,721652,D4,Banking,15.0,इन्स्टा अकाऊंट ट्रॅव्हल च्या माध्यमातून तुम्ही कोणतंही बचत खातं निवडू शकता,इंस्टा अकाऊंट ट्रॅव्हलच्या माध्यमातून तुम्ही कोणतंही बचत खाते निवडू शकता
3718,710648,D1,Agriculture,15.5,क्रॅप जास्मिन ह्या प्रामुख्यान पांढऱ्या रंगाचा फुल असा,क्रॅप जास्मिन हे प्रामुख्याने पांढऱ्या रंगाचे फूल आहे
3719,713020,D2,Agriculture,15.409,भारतमा हवामान ना बाबत नी सूचना भारतीय हवामान खाता कडताईन भेटस,भारताचे हवामान बद्दल सूचना भारतीय हवामानाबद्दल मिळते
3720,722240,D4,Agriculture,15.0,गायीच्या दुधाच्या सामग्रीतील चरबी प्रथिने सुमारे साडेतीन टक्के असतात,गायीच्या दुधाच्या सामग्रीतील चरबी प्रथिने सुमारे साडेतीन टक्के असतात
3721,707836,D1,Agriculture,15.5,भारत किसान विधेयक लागू झाल्यामुळा शेती आणि शेतकरी ह्या दोघांचोही फायदो झालो आसा,भारत किसान विधेयक लागू झाल्यामुळे शेती आणि शेतकरी दोघांनाही फायदा झाला आहे
3722,715925,D2,Banking,15.409,भारतीय लेखा मानक संपूर्ण लेखा मध्ये एक समानता आणण्यासाठी मदत करते,भारतीय लेखा मानक संपूर्ण लेखात एक समानता आणण्यासाठी मदत करतात.
3723,721823,D4,Agriculture,15.0,प्रधानमंत्री ग्रामीण आवास योजनेअंतर्गत सर्वांना पक्की घरे बनविली जात आहेत,प्रधानमंत्री ग्रामीण आवास योजनेअंतर्गत सर्वांना पक्की घरे बनविली जात आहेत
3724,709095,D1,Agriculture,15.5,"भारतात सगळ्यात जास्त क्षेत्रफळांत जलोळ , लाल आणि काळी माती असा","भारतात सगळ्यात जास्त क्षेत्रफळांत जलोळ, लाल आणि काळी माती आहे."
3725,713007,D2,Agriculture,15.409,येक देसमाधून दुसरा देसमा पिक येस तवंय त्याना बरोबर तणबी येस,एक देसमाधून दुसरा देसमा पिक असेल तवयाना बरोबर तणबी असेल
3726,720389,D4,Banking,15.0,कॉर्पोरेट फायनान्स मधील भांडवली रचना बाह्य निधीच्या विविध प्रकारांचे मिश्रण आहे,कॉर्पोरेट फायनान्स मधील भांडवली रचना बाह्य निधीच्या विविध प्रकारांचे मिश्रण आहे
3727,709592,D1,Banking,15.5,माझ्या अनेक वर्गमित्रांनी विदयार्थी कर्ज घेऊन अभ्यास केलानी हा,माझ्या अनेक वर्गमित्रांनी विद्यार्थी कर्ज घेऊन अभ्यास केला आहे.
3728,717725,D2,Agriculture,15.389,साठवण केलेल्या फळावर रोग पडतो का ? तसे होत असल्यास रोग पडू नये म्हणून कोणती काळजी घ्यावी ?,साठवलेल्या फळावर रोग पडतो का? तसे होत असल्यास रोग पडू नये म्हणून कोणती काळजी घ्यावी?
3729,720289,D4,Banking,15.0,मालमत्तेचा विमा उतरवल्यास मालमत्तेचे नुकसान टाळता येते,मालमत्तेचा विमा उतरवल्यास मालमत्तेचे नुकसान टाळता येते
3730,706767,D1,Banking,15.5,"वित्तीय अभियांत्रिकीत आर्थिक सिद्धांत , अभियांत्रिकीचा पद्धतींचो समावेश असा",वित्तीय अभियांत्रिकीमध्ये आर्थिक सिद्धांत अभियांत्रिकीच्या पद्धतींमध्ये समाविष्ट आहेत.
3731,715235,D2,Banking,15.389,स्नेहाने मनीऑर्डर पाठवण्यासाठी पोस्ट ऑफिसमधून मनीऑर्डर फॉर्म विकत घेतला,स्नेहाने मनीऑर्डर पाठवण्यासाठी पोस्ट ऑफिसमधून मनीऑर्डर फॉर्म विकत घेतला
3732,721550,D4,Agriculture,15.0,इंटरनेट ऑफ थिंग्जच्या माध्यमातून कृषी उत्पादन प्रणाली मध्ये सर्व जोडलेले आहेत,इंटरनेट ऑफ थिंग्जच्या माध्यमातून कृषी उत्पादन प्रणालीमध्ये सर्व जोडलेले आहेत
3733,708133,D1,Banking,15.5,"स्टॉक ब्रोकर ही अशी व्यक्ती आसा जी शेअर्स , बॉण्ड्स इत्यादी खरेदी करण्यात मध्यस्थ म्हणून काम करता","स्टॉक ब्रोकर ही अशी व्यक्ती आहे जी शेअर्स, बॉण्ड्स इत्यादी खरेदी करण्यात मध्यस्थ म्हणून काम करते."
3734,715489,D2,Banking,15.389,खाते सारांशामध्ये तुम्हाला काय काय माहिती मिळू शकते ?,खाते सारांशामध्ये तुम्हाला काय माहिती मिळू शकते?
3735,719885,D4,Banking,15.0,राष्ट्रीय उत्पन्न आणि एकूण रोजगार विश्लेषणाचे मुख्य लक्ष मॅक्रोइकॉनॉमिक्स मध्ये आहे,राष्ट्रीय उत्पन्न आणि एकूण रोजगार विश्लेषणाचे मुख्य लक्ष मॅक्रोइकॉनॉमिक्समध्ये आहे
3736,711069,D1,Banking,15.5,सर्व सार्वजनिकरित्या व्यापार केलेल्या सिक्युरिटीजचा बाजार भांडवल सात ट्रिलियन असा,सर्व सार्वजनिकरित्या व्यापार केलेल्या सिक्युरिटीजचे बाजार भांडवल सात ट्रिलियन आहे.
3737,714323,D2,Banking,15.389,न्यारा न्यारा विभागमा मालनीकरता सरकार टैरीफ कर लागू करस,न्यारा न्यारा विभागमा सरकार मालनीकरता टॅरीफ कर लागू करेल
3738,721998,D4,Banking,15.0,ऑनलाइन व्यवहारासाठी डेबिट किंवा क्रेडिट कार्ड निष्क्रिय केले जाऊ शकतात,ऑनलाइन व्यवहारासाठी डेबिट किंवा क्रेडिट कार्ड निष्क्रिय केले जाऊ शकतात
3739,709397,D1,Agriculture,15.5,किसान मंडी ते स्थानिक पातळीवर उत्पादित अन्नाची वाढती मागणी पूर्ण करतत,किसान मंडी स्थानिक पातळीवर उत्पादित अन्नाची वाढती मागणी पूर्ण करत आहे
3740,715813,D2,Banking,15.382,"प्रीमियम अनेक प्रकारांचं एक काम आहे , जसे की जीवन , रोजगाराचा प्रकार , वैद्यकीय स्थिती इत्यादी","प्रीमियम अनेक प्रकारांचे एक काम आहे, जसे की जीवन, रोजगाराचा प्रकार, वैद्यकीय स्थिती इत्यादी."
3741,722549,D4,Agriculture,15.0,हायड्रोपोनिक्स हे पोषक तत्वांनी युक्त पाणी आधारित द्रावणांवर अवलंबून असते,हायड्रोपोनिक्स हे पोषक तत्वांनी युक्त पाणी आधारित द्रावणांवर अवलंबून असते
3742,709445,D1,Banking,15.5,जर तुम्ही कोणत्या बॅन्केत बचत खाता उघडतास तर तुमका वीस पानांचो चेकबुक फ्री मिळता,"जर तुम्ही कोणत्या बँकेत बचत खाते उघडता, तर तुम्हाला वीस पानांची चेकबुक मोफत मिळते."
3743,714785,D2,Banking,15.375,आत्मनिर्भर भारतनी स्पर्धामा भारतनी आर्थिक परिस्थिती सुधरि रायनी,आत्मनिर्भर भारताच्या स्पर्धेत आर्थिक परिस्थिती सुधरि आहे
3744,721595,D4,Agriculture,15.0,"पावडर बुरशी , ब्लॅक स्पॉट आणि ग्रे मोल्ड हे तीन सर्वात सामान्य फुलांचे रोग आहेत","पावडर बुरशी, ब्लॅक स्पॉट आणि ग्रे मोल्ड हे तीन सर्वात सामान्य फुलांचे रोग आहेत"
3745,710848,D1,Banking,15.5,"बाजारात जोखिम ही इक्वीटीचे बदलणारे किंमती , व्याज दरात होणारे चढाव उतार ह्यामुळे होता",बाजारात जोखीम ही इक्विटीच्या बदलणाऱ्या किंमती आणि व्याजदरातील चढउतारांमुळे होते.
3746,717719,D2,Agriculture,15.357,ऊसाला पाणी देण्यासाठी ठिबक सिंचन योग्य कि मोटर लावून पाणी देणे योग्य आहे ?,ऊसाला पाणी देण्यासाठी ठिबक सिंचन योग्य आहे की मोटर लावून पाणी देणे योग्य आहे?
3747,719816,D4,Agriculture,15.0,आपल्याला माहित आहे का लोकर चेहर्यावरून आणि स्तन सभोवतालच्या परिसरातून काढले जाते,आपल्याला माहित आहे का लोक चेहऱ्यावरून आणि स्तन सभोवतालच्या परिसरातून काढले जातात
3748,708853,D1,Banking,15.5,बी.सी.टी.टी तो कर हा जो ठरलेल्या सीमेपेक्षा जास्त नगद काढल्यार लागता,"बी.सी.टी.टी तो कर जो ठरलेल्या सीमेपेक्षा जास्त नगद काढतो, तर काय होते?"
3749,717202,D2,Banking,15.333,ग्राहकाला पैसे काढण्याची व्यवहार मर्यादा प्रति व्यवहार प्रति दिवस दहा लाखांपर्यंत आहे,ग्राहकाला पैसे काढण्याची व्यवहार मर्यादा प्रति व्यवहार आणि प्रति दिवस दहा लाखांपर्यंत आहे
3750,722471,D4,Agriculture,15.0,भारतातील पॉलीहाऊस शेती ही विविध प्रकारची हरितगृहे उगवण्याची प्रक्रिया आहे,भारतातील पॉलीहाऊस शेती ही विविध प्रकारची हरितगृहे उगवण्याची प्रक्रिया आहे
3751,708342,D1,Banking,15.5,"नायतर तूमी गुंतवणुकीच्या धोक्याशिवाय , पगारावर दुसऱ्यांसाठी पण काम करू शकतास",तर तुम्ही गुंतवणुकीच्या धोक्याशिवाय पगारावर दुसऱ्यांसाठी पण काम करू शकता.
3752,713148,D2,Banking,15.3,"न्यारा न्यारा संपत्ती फ्लिपिंग , वहिवाट मा फसनुक असा परकार गहान फसनुक योजनास मा व्हस",न्यारा न्यारा संपत्ती फ्लिपिंग वहिवाट मा फसनुक असा परकार गहान फसनुक योजनास मा व्हस
3753,721633,D4,Agriculture,15.0,"मातीचे तीन प्राथमिक प्रकार म्हणजे वाळू , चिकणमाती आणि वाळवंटी माती","मातीचे तीन प्राथमिक प्रकार म्हणजे वाळू, चिकणमाती आणि वाळवंटी माती"
3754,707251,D1,Banking,15.5,तुम्ही जोडू इच्छित असलेल्यो बँक खात्याक तुमच्याकडे डेबिट कार्ड असल्याची खात्री करा,तुम्ही जोडू इच्छित असाल तर बँक खात्यात डेबिट कार्ड असल्याची खात्री करा
3755,716032,D2,Agriculture,15.269,"मेणाचा उपयोग प्लास्टिक च्या रूपात , वंगण , पाणीरोधका च्या रूपात केला जातो","मेणाचा उपयोग प्लास्टिकच्या रूपात, वंगण आणि पाणीरोधकाच्या रूपात केला जातो."
3756,721773,D4,Agriculture,15.0,आपण असे म्हणू शकतो की पाण्याचा आपल्या मानवी संस्कृतीवर सर्वाधिक परिणाम झाला आहे,आपण असे म्हणू शकतो की पाण्याचा आपल्या मानवी संस्कृतीवर सर्वाधिक परिणाम झाला आहे
3757,706413,D1,Banking,15.5,कम्युनिटी बँक मधले कर्मचारी अनेकदा ते सेवा देत असलेलल्यो समुदायांमध्ये रव्हतत,कम्युनिटी बँकेचे कर्मचारी अनेकदा ते सेवा समुदायांमध्ये देतात.
3758,714600,D2,Agriculture,15.25,"एक्स्प्रेसो , फ्लैट वाइट , अमेरिकानो , लाटे , कैप्युचीनो , मोका या कॉफीना प्रकार शेतसं","एक्स्प्रेसो, फ्लॅट वाइट, अमेरिकानो, लट्टे, कॅप्युचीनो, मोका या कॉफीचे प्रकार"
3759,719061,D4,Agriculture,15.0,टरबूजाच्या बिया वाळवून बारीक करून त्यांचा पासून देशी औषध तयार केले जाते,तरबूजाच्या बिया वाळवून बारीक करून त्यांचा देशी औषध तयार केले जाते
3760,707266,D1,Banking,15.5,भारताचे पंतप्रधान नरेंद्र मोदी यांच्या हस्ते डिजिटल इंडियाचो शुभारंभ करण्यात ईला,भारताचे पंतप्रधान नरेंद्र मोदी यांच्या हस्ते डिजिटल इंडियाचा शुभारंभ करण्यात आला.
3761,715687,D2,Banking,15.214,दिव्यांग विमा ज्याला सहसा डी.आय किंवा दिव्यांग आय विमा किंवा आय सुरक्षा म्हटलं जात,दिव्यांग विमा ज्याला सहसा डी.आय. किंवा दिव्यांग आय विमा किंवा आय सुरक्षा म्हटले जाते.
3762,721135,D4,Banking,15.0,सर्व बँकांनी ऑनलाइन कर्जाच्या अर्जासाठी एक प्रणाली तयार केली आहे,सर्व बँकांनी ऑनलाइन कर्जाच्या अर्जासाठी एक प्रणाली तयार केली आहे
3763,706790,D1,Banking,15.5,भाड्योपट्टी वापरकर्त्याक मालमत्याच्यो वापराक मालकाक पैसो देऊक कॉल करता,भाड्योपट्टी वापरकर्त्याच्या मालमत्तेच्या वापरासाठी मालकाला पैसे देण्यासाठी कॉल करतो.
3764,717213,D2,Agriculture,15.0,छत्तीसगडमध्ये मी माझ्यासमोर वन्यप्राण्यांची शेती पाहिली आहे,छत्तीसगडमध्ये मी माझ्यासमोर वन्यप्राण्यांची शेती पाहिली आहे
3765,719716,D4,Banking,15.0,"चिंटू , सर्वात जास्त युनिव्हर्सल बँक युरोप आणि अमेरिका मध्ये आहेत",चिंटू सर्वात जास्त युनिव्हर्सल बँक युरोप आणि अमेरिकेत आहेत
3766,710039,D1,Banking,15.5,मूल्याचे भांडार म्हणजे एक वस्तू किंवा चलन जे घसाराशिवाय त्याचे मू्ल्य टिकवून ठेवते,मूल्याचे भांडार म्हणजे एक वस्तू किंवा चलन जे घसाराशिवाय त्याचे मूल्य टिकवून ठेवते.
3767,716118,D2,Agriculture,15.0,वस्त्र उत्पादनासाठी पाणी फ्रेम ची निर्मिती एक हजार सातशे साठ ई मध्ये झाली,वस्त्र उत्पादनासाठी पाण्याची फ्रेमची निर्मिती एक हजार सातशे साठ रुपये झाली.
3768,721507,D4,Banking,15.0,फायनान्स मधील व्यावहारिक हितसंबंधांच्या समस्या संगणकीय वित्ताने सोडवल्या जाऊ शकतात,फायनान्स मधील व्यावहारिक हितसंबंधांच्या समस्या संगणकीय वित्ताने सोडवल्या जाऊ शकतात
3769,706940,D1,Banking,15.5,"कॅश ऑन डिलिव्हरी , ए.टी.एमकडे धाव किंवा अचूक रक्कम सादर करणा यासाठी ह्यो सर्वोत्तम उत्तर असा","कॅश ऑन डिलिव्हरी, एटीएमकडे धाव किंवा अचूक रक्कम सादर करा यासाठी हे सर्वोत्तम उत्तर आहे."
3770,715620,D2,Banking,15.0,डिजिटल आणि सोशल मीडिया मार्केटिंग मध्ये नोकरीचे अनेक पर्याय उपलब्ध आहेत,डिजिटल आणि सोशल मीडिया मार्केटिंगमध्ये नोकरीचे अनेक पर्याय उपलब्ध आहेत
3771,720736,D4,Banking,15.0,डेरिव्हेटिव्ह मार्केटमधील काउंटर आणि ऑप्सन दोन प्रकारे व्यापार केला जातो,डेरिव्हेटिव्ह मार्केटमधील काउंटर आणि ऑप्सन दोन प्रकारे व्यापार केला जातो
3772,724853,D1,Banking,15.5,जवाहरलाल नेहरू नॅशनल अर्बन रिन्युअल मिशन ह्या भारत सरकारान सुरू केलेली एक विशाल शहर आधुनिकीकरण योजना व्हती,जवाहरलाल नेहरू नॅशनल अर्बन रिन्युअल मिशन ही भारत सरकाराने सुरू केलेली एक विशाल शहर आधुनिकीकरण योजना आहे.
3773,718059,D2,Banking,15.0,शिक्षणासाठी सामाजिक क्षेत्रातून देणगी कशी मिळेल ?,शिक्षणासाठी सामाजिक क्षेत्रातून देणगी कशी मिळेल?
3774,720387,D4,Banking,15.0,"बहुतेक देशांमध्ये , या प्रकारचा व्यापार सकल देशांतर्गत उत्पादनाचे प्रतिनिधित्व करतो",बहुतेक देशांमध्ये या प्रकारचा व्यापार सकल देशांतर्गत उत्पादनाचे प्रतिनिधित्व करतो
3775,710502,D1,Banking,15.5,अकाउंट नंबर सिलेक्ट केल्यावर मागच्या दहा देव घेवीचा ट्रांजॅक्शन डिटेल दिसतले,अकाउंट नंबर सिलेक्ट केल्यावर मागील दहा व्यवहारांचे तपशील दिसत आहेत
3776,717730,D2,Agriculture,15.0,"काही उभी पिके कापल्यावर त्यावर कीड पडते , तसे होऊ नये यासाठी काय खबरदारी घ्यावी ?","काही उभी पिके कापल्यावर त्यावर कीड पडते, तसे होऊ नये यासाठी काय खबरदारी घ्यावी?"
3777,721635,D4,Agriculture,15.0,पावसाचे मोजमाप करण्यासाठी शेतीमध्ये पर्जन्यमापकांचा वापर केला जातो,पावसाचे मोजमाप करण्यासाठी शेतीमध्ये पर्जन्यमापकांचा वापर केला जातो
3778,708615,D1,Banking,15.5,भारत सरकारान दिनदयाल उपाध्याय योजनेचो प्रारंभ पंचवीस सप्टेंबर दोन हजार चौदा मध्ये केल्यानी,भारत सरकारान दिनदयाल उपाध्याय योजनेचा प्रारंभ पंचवीस सप्टेंबर दोन हजार चौदा रोजी करण्यात आला.
3779,716211,D2,Banking,15.0,संपूर्ण सार्वभौम निधीवर राज्याचा एकाधिकार असतो आणि यामध्ये कोणीच हस्तक्षेप करू शकत नाही,संपूर्ण सार्वभौम निधीवर राज्याचा एकाधिकार असतो आणि यामध्ये कोणीच हस्तक्षेप करू शकत नाही
3780,719708,D4,Banking,15.0,"माझे वडील सांगतात की , पूर्वी धान्य पासून अनेक वस्तू विकत घ्यायचे",माझे वडील सांगतात की पूर्वी धान्य पासून अनेक वस्तू विकत घ्यायचे
3781,709779,D1,Agriculture,15.447,"पशुवैद्यकीय ही एक अशी शाखा हा जी प्राण्यांचे रोग , इकार आणि जखमांचो प्रतिबंध , उपचार यावर काम करता","पशुवैद्यकीय ही एक अशी शाखा आहे जी प्राण्यांचे रोग, रोग आणि जखमांचा प्रतिबंध, उपचार यावर काम करते."
3782,716803,D2,Banking,15.0,बँक परीक्षा व त्यानंतर एक चांगली नोकरी हे प्रत्येक विद्यार्थ्याचे अंतिम स्वप्न असते,बँक परीक्षा आणि त्यानंतर एक चांगली नोकरी हे प्रत्येक विद्यार्थ्याचे अंतिम स्वप्न असते.
3783,718789,D4,Agriculture,15.0,"जमीन आपल्यासाठी खूप उपयुक्त आहे , शेतकऱ्यांचे संपूर्ण आयुष्य जमिनीतूनच चालते","जमीन आपल्यासाठी खूप उपयुक्त आहे, शेतकऱ्यांचे संपूर्ण आयुष्य जमिनीतूनच चालते."
3784,709821,D1,Banking,15.438,एखादी कंपनी बँकेकडून जेव्हा एखादी रक्कम उधार घेता तेव्हा त्या रकमेवर बँक आपलो व्याजदर लागू करता,एखादी कंपनी बँकेकडून जेव्हा एखादी रक्कम उधार घेते तेव्हा बँक त्या रकमेवर स्वतःचा व्याजदर लागू करते
3785,714680,D2,Banking,15.0,गृहविमामा घरमझार पाळेल कुत्रा मांजरनी सुदीक जोखिम रहास,गृहविमा आणि घरमजाल पाळले तर कुत्रा मांजर सुरक्षित राहील का जोखिम
3786,720215,D4,Agriculture,15.0,हजारो वन्य जातींमधून वर्गीकरण करून मानवाने काही फायदेशीर पिके विकसित केली आहेत,हजारो वन्य जातींमधून वर्गीकरण करून मानवाने काही फायदेशीर पिके विकसित केली आहेत
3787,710737,D1,Agriculture,15.433,तंतू एकत्रित करून मोठे तंतू बनवु शकतव जे अनेक सेंद्रीय खतांच्या श्रेणिबध्द संरचनेत योगदान देतत,तंतू एकत्रित करून मोठे तंतू बनवता येतात जे अनेक सेंद्रिय खतांच्या संघटित संरचनेत योगदान देतात
3788,717232,D2,Banking,15.0,माझ्या घराशेजारी एक दुकान सुरू आहे दुकानात महिलांना काम मिळते,माझ्या घराशेजारी एक दुकान सुरू आहे दुकानात महिलांना काम मिळते
3789,718788,D4,Agriculture,15.0,पॅन्सी हे एक शोभेचे फूल आहे ज्याचा बागायतीमध्ये मोठ्या प्रमाणावर वापर केला जातो,पॅन्सी हे एक शोभेचे फूल आहे ज्याचा बागायतीमध्ये मोठ्या प्रमाणावर वापर केला जातो
3790,712376,D1,Banking,15.433,माझा आणि माझ्या बहिणीचा जोड खाता करूचा हा तर तेका काय काय कागदपत्र लागतली ?,माझा आणि माझ्या बहिणीचा जोडखात्यासाठी हे काय कागदपत्र लागली?
3791,715478,D2,Banking,15.0,क्रिस्टी चे नाणे आणि बँक नोटांचा तेरा टक्के लिलाव विक्री शिवाय राहून गेला,क्रिस्टीचे नाणे आणि बँक नोटांचा तेरा टक्के लिलाव विक्रीशिवाय राहून गेला
3792,718676,D4,Agriculture,15.0,भारतातील अनेक पूर्वोत्तर राज्यांमध्ये बांबूची फुले अशुभ मानली जातात,भारतातील अनेक पूर्वोत्तर राज्यांमध्ये बांबूची फुले अशुभ मानली जातात
3793,706605,D1,Banking,15.433,अनुदानित कर्ज ह्या एक कर्ज असा ज्यावरलो व्याज स्पष्ट किंवा छुप्या सबसिडीने कमी केला जाता,अनुदानित कर्ज हे एक असे कर्ज आहे ज्यावर व्याज स्पष्ट किंवा गुप्त सबसिडीने कमी केले जाते.
3794,715850,D2,Agriculture,15.0,"बागेत लहान रांगांमध्ये बिया निघतात , ज्या दोन तीन फुटांच्या अंतरावर वेगळ्या असतात","बागेत लहान रांगांमध्ये बिया निघतात, ज्या दोन तीन फुटांच्या अंतरावर वेगळ्या असतात."
3795,720785,D4,Agriculture,15.0,अमरनाथ धान्य या प्रजातीतून गोळा केले जाते काही जातींची पानेही खाल्ली जातात,अमरनाथ धान्य या प्रजातीतून गोळा केले जाते काही जातींची पानेही खाल्ली जातात
3796,707962,D1,Banking,15.433,येस बँकेची स्थापना दोन हजार आठ मध्ये राणा कपूर आणि अशोक कपूर यांनी केल्यानी होती,येस बँकेची स्थापना दोन हजार आठ मध्ये राणा कपूर आणि अशोक कपूर यांनी केली होती.
3797,712972,D2,Banking,15.0,"सांस्कृतिक उद्योजकतामा संगीत , वाद्य आणि खाद्यपदार्थसना समावेश व्हस","सांस्कृतिक उद्योजकतामध्ये संगीत, वाद्य आणि खाद्यपदार्थांचा समावेश आहे."
3798,720231,D4,Agriculture,15.0,पानांपासून मिळणारे फायबर आपण अनेक उपयुक्त वस्तू बनवण्यासाठी वापरतो,पानांपासून मिळणारे फायबर आपण अनेक उपयुक्त वस्तू बनवण्यासाठी वापरतो
3799,706503,D1,Banking,15.433,"मुदत कर्जा साधारणपणे येक ते धा वर्षांपर्यंत असत , परंतु ती तीस वर्षांपर्यंत टिकू शकतत","कर्जाची मुदत साधारणपणे एक ते दहा वर्षांपर्यंत असते, परंतु ती तीस वर्षांपर्यंत टिकू शकते."
3800,715983,D2,Agriculture,15.0,माझ्या मित्राच्या सांगण्यावरून मी बीड सलाड रूपामध्ये खातो,माझ्या मित्राच्या सांगण्यावरून मी बीड सलाड स्वरूपात खातो
3801,721371,D4,Banking,15.0,"तुमचे क्रेडिट युनियनमध्ये खाते असल्यास , तुम्ही त्याचे मालक आहात",तुमचे क्रेडिट युनियनमध्ये खाते असल्यास तुम्ही त्याचे मालक आहात
3802,706683,D1,Banking,15.429,"अपंगत्व विमोमध्ये सशुल्क आजारी रजा , अल्पकालीन आणि दीर्घकालीन अपंगत्व लाभ यांचो समावेश होता",अपंगत्व विमोमध्ये सशुल्क आजारी रजा अल्पकालीन आणि दीर्घकालीन अपंगत्व लाभ यांचा समावेश होता
3803,717925,D2,Agriculture,15.0,बंदिस्त बोकडपालन केल्यानंतर त्याला कोणते खाद्य द्यावे लागेल म्हणजे त्याचे वजन वाढेल ?,बंदिस्त बोकडपालन केल्यानंतर त्याला कोणते खाद्य द्यावे लागेल म्हणजे त्याचे वजन वाढेल?
3804,720749,D4,Banking,15.0,सवलतीची कर्जे प्रामुख्याने विकसनशील देशांना विकसित देशांद्वारे दिली जातात,सवलतीची कर्जे प्रामुख्याने विकसनशील देशांना विकसित देशांद्वारे दिली जातात
3805,709051,D1,Banking,15.423,वाढ साधारण लाभ विनिमय देवाण घेवाणीच्या घटना किंवा अपारंपारीक देवाण घेवाणीचे परीणाम असत,वाढ साधारण लाभ विनिमय देवाणघेवाणीच्या घटना किंवा अपारंपारीक देवाणघेवाणीचे परिणाम असत.
3806,718400,D2,Banking,15.0,माझ्या खात्यात ऑक्टोबर महिन्यात किती वेळा पैसे जमा केले गेले ?,माझ्या खात्यात ऑक्टोबर महिन्यात किती वेळा पैसे जमा झाले?
3807,720741,D4,Banking,15.0,कोणत्याही आपत्तीपासून घर वाचवण्यासाठी गृहविमा केला जातो,कोणत्याही आपत्तीपासून घर वाचवण्यासाठी गृहविमा केला जातो
3808,710530,D1,Banking,15.423,आपण गरजेनुसार कर्ज घेउ शकतव आणि परवडणाऱ्या मासिक हप्त्त्यांत कर्जाची परतफेड करु शकतव,आपण गरजेनुसार कर्ज घेऊ शकता आणि परवडणाऱ्या मासिक हप्त्यांत कर्जाची परतफेड करू शकता
3809,717626,D2,Agriculture,15.0,जमिनीचा पोत सुधारण्यासाठी कोणत्या प्रकारच्या खताचा वापर केला जातो ?,जमिनीचा पोत सुधारण्यासाठी कोणत्या प्रकारच्या खताचा वापर केला जातो?
3810,721972,D4,Agriculture,15.0,रीपर बाइंडर त्याच्या वापरासाठी गुरेढोरे किंवा मशीनशी जोडलेले असते,रीपर बाइंडर त्याच्या वापरासाठी गुरेढोरे किंवा मशीनशी जोडलेले असते
3811,709683,D1,Agriculture,15.423,"शेतीखातीर सगळ्यांत साधनांचो वापर करुसाठी कुदळ , दंताळे , काटे आणि हुकुम वापरतत","शेतीसाठी सगळ्या साधनांचा वापर करण्यासाठी कुदळ, दंताळे, काटे आणि हुकूम वापरत आहेत"
3812,717541,D2,Agriculture,15.0,काळ्या मातीतील मेथीचे रोगापासून संरक्षण कसे करावे ?,काळ्या मातीतील मेथीच्या रोगापासून संरक्षण कसे करावे?
3813,719173,D4,Agriculture,15.0,दुग्ध व्यवसाय हा दुधाच्या दीर्घकालीन उत्पादनासाठी शेतीचा एक विभाग आहे,दुग्ध व्यवसाय हा दुधाच्या दीर्घकालीन उत्पादनासाठी शेतीचा एक विभाग आहे
3814,709799,D1,Banking,15.423,आयकर सरकारच्या कायद्यानुसार व्यवसाय आणि व्यक्ती कर किंवा कर परतावा देण्यास पात्र आहेत,आयकर सरकारच्या कायद्यानुसार व्यवसाय आणि व्यक्ती कर किंवा कर परतावा देण्यास पात्र आहेत
3815,713964,D2,Banking,15.0,माले चक्रव्याज ले फेडाम्हास दोन वर्ष लागी गयथात,माझे चक्रवाढीचे व्याज दोन वर्षांसाठी गेले.
3816,719373,D4,Banking,15.0,वाहन विमा हा दुखापती पासून आर्थिक संरक्षण प्रदान करण्यासाठी आहे,वाहन विमा हा दुखापतीपासून आर्थिक संरक्षण प्रदान करण्यासाठी आहे
3817,710722,D1,Banking,15.423,"डिजीटल पैसो , इलेक्ट्रॉनिक कॉम्प्युटर डेटाबेस , डिजिटल फाईली मध्ये रेकॉर्ड केलो जाता","डिजिटल पैसे, इलेक्ट्रॉनिक कॉम्प्युटर डेटाबेस, डिजिटल फाईल्समध्ये रेकॉर्ड केले जातात."
3818,715048,D2,Banking,15.0,पैसे वेळेवर पोहोचवण्यासाठी मांगेरामने पेमेंट वॉरंटचा वापर केला,पैसे वेळेवर पोहोचवण्यासाठी मांगेरामने पेमेंट वॉरंटचा वापर केला
3819,720551,D4,Agriculture,15.0,"युरोपमध्ये , उन्हाळ्याच्या सुट्टीत लोक सहसा मासे पकडतात",युरोपमध्ये उन्हाळ्याच्या सुट्टीत लोक सहसा मासे पकडतात
3820,710944,D1,Agriculture,15.423,मॅकॅनिकल ट्री शेकर एक असा उपकरण असा जा झाड पिळुसाठी हायड्रॉलिक सिलेंडर वापरता,मॅकॅनिकल ट्री शेकर हे एक असे उपकरण आहे जे झाड पिळण्यासाठी हायड्रॉलिक सिलेंडर वापरते.
3821,715295,D2,Banking,15.0,आपला मोबाईल नंबर आणि जन्मतारखेचा वापर करून कर्जत थकबाकीची माहिती जाणून घ्या,आपला मोबाईल नंबर आणि जन्मतारखेचा वापर करून कर्जातील थकबाकीची माहिती जाणून घ्या
3822,718996,D4,Banking,15.0,"एन.पी.एस खाते उघडण्यासाठी आय.डी प्रूफ , पत्रव्यवहार आणि पासपोर्ट साइज फोटोची आवश्यकता असेल","एन.पी.एस खाते उघडण्यासाठी आय.डी प्रूफ, पत्रव्यवहार आणि पासपोर्ट साईज फोटोची आवश्यकता असेल."
3823,709681,D1,Agriculture,15.423,शेती आणि शेतकरी कल्याण मंत्रालय शेती क्षेत्राक सतत फायदेशीर रोजगार देऊक कार्यरत असता,शेती आणि शेतकरी कल्याण मंत्रालय शेती क्षेत्राला सतत फायदेशीर रोजगार देत कार्यरत असते
3824,715338,D2,Agriculture,15.0,"उच्च अनुवांशिक क्षमता असणाऱ्या बैलांना , रेडकू प्रजननाच्या उद्देशाने पाळले जाते",उच्च अनुवांशिक क्षमता असणाऱ्या बैलांना रेडकू प्रजननाच्या उद्देशाने पाळले जाते
3825,719933,D4,Banking,15.0,तुम्हाला माहिती आहे की प्रत्यक्ष आणि अप्रत्यक्ष असे दोन प्रकारचे कर आहेत,तुम्हाला माहिती आहे की प्रत्यक्ष आणि अप्रत्यक्ष असे दोन प्रकारचे कर आहेत
3826,708100,D1,Agriculture,15.423,"सरपटणाऱ्या प्राण्यांमध्ये मगरी आणि कासव , सरडे आणि सापांच्या भरपूर प्रजातींचो समावेश आसा","सरपटणाऱ्या प्राण्यांमध्ये मगरी आणि कासव, सरडे आणि सापांच्या भरपूर प्रजातींचा समावेश आहे."
3827,717581,D2,Agriculture,15.0,लहरी वातावरणापासून बचावासाठी पिकांवर कोणती औषध फवारणी उपयोगी पडत आहे ?,लहरी वातावरणापासून बचावासाठी पिकांवर कोणती औषध फवारणी उपयोगी पडत आहे?
3828,722473,D4,Banking,15.0,भारतीय अर्थ व्यवस्थेत फ्युचर्स ट्रेडिंगचा प्रवेश हा पूर्णपणे नवीन प्रकारचा आर्थिक उपक्रम आहे,भारतीय अर्थव्यवस्थेत फ्युचर्स ट्रेडिंगचा प्रवेश हा पूर्णपणे नवीन प्रकारचा आर्थिक उपक्रम आहे
3829,707647,D1,Agriculture,15.423,"तू बघलंस ना , सायप्रसच्य वेलीक म्हणजेच गणेशयेलिक पातळ , धाग्यासारखी पाना असतत","तू पाहिले ना, सायप्रस्य वेळ म्हणजे गणेशयेलिक पातळ, धाग्यासारखी पाने आहेत."
3830,717520,D2,Agriculture,15.0,जास्त काळ अंडी टिकवण्यासाठी साधने कोणती ?,अंडी जास्त काळ टिकवण्यासाठी कोणती साधने कोणती?
3831,721539,D4,Agriculture,15.0,"नारळ तेल एक पांढरा घन चरबी आहे , जो सुमारे पंचवीस अंश सेल्सिअस गरम खोलीच्या तपमानावर वितळतो","नारळ तेल एक पांढरी घन चरबी आहे, जी सुमारे पंचवीस अंश सेल्सिअस गरम खोलीच्या तापमानावर वितळते."
3832,709052,D1,Banking,15.417,"इलेक्ट्रॉनिक बिल पेमेंट , ए.टी.एम प्रत्यक्ष जमा इत्यादी इलेक्ट्रॉनिक ट्रांसफर मध्ये येता","इलेक्ट्रॉनिक बिल पेमेंट, एटीएम प्रत्यक्ष जमा इत्यादी इलेक्ट्रॉनिक ट्रान्सफरमध्ये होते."
3833,716075,D2,Banking,15.0,राष्ट्रीय पेन्शन योजना भारतामध्ये इच्छेप्रमाणे परिभाषित योगदान पेंशन प्रणाली आहे,राष्ट्रीय पेन्शन योजना भारतामध्ये इच्छेप्रमाणे परिभाषित योगदान पेंशन प्रणाली आहे
3834,718737,D4,Banking,15.0,तुम्ही तुमच्या उत्पन्नातील काही रक्कम बचत करण्यासाठी बाजूला काढून टाका,तुम्ही तुमच्या उत्पन्नातील काही रक्कम बचत करण्यासाठी बाजूला काढून टाका
3835,706719,D1,Banking,15.417,"म्युनिसिपल बॉण्ड , ह्या राज्य किंवा स्थानिक सरकाराद्वारा जारी केलेला बॉण्ड असा",म्युनिसिपल बॉण्ड म्हणजे राज्य किंवा स्थानिक सरकाराद्वारे जारी केलेला बॉण्ड असा
3836,715613,D2,Agriculture,15.0,झेंडू ची फुलं सजावटीसाठी सगळ्यात जास्त वापरली जातात,झेंडूची फुले सजावटीसाठी सगळ्यात जास्त वापरली जातात
3837,721146,D4,Banking,15.0,प्राचीन काळी लोक किरकोळ नाणी सुरक्षित करण्यासाठी पिगी बँकांचा वापर करत असत,प्राचीन काळी लोक किरकोळ नाणी सुरक्षित करण्यासाठी पिगी बँकांचा वापर करत असत.
3838,709008,D1,Banking,15.417,तू जो गृहकर्जासाठी अर्ज दिलेलंस त्याचा बॅन्केकडना काय उत्तर ईला काय ?,"तू ज्या गृहकर्जासाठी अर्ज दिला आहेस, त्याचा बँकेचा उत्तर काय आहे?"
3839,713136,D2,Banking,15.0,फिएट मनी सामान्यपणे सरकारी नियमानुसारच स्थापन करता येस,फिएट मनी सामान्यपणे सरकारी नियमानुसार स्थापित करता येते.
3840,719669,D4,Agriculture,15.0,"प्रीतम कांटेदार लौकी सावनमध्ये तयार होते , ती पेरणीनंतर ऐंशी दिवसांनी कापली जाते","प्रीतम कांटेदार लौकी सावनमध्ये तयार होते, ती पेरणीनंतर ऐंशी दिवसांनी कापली जाते."
3841,706693,D1,Banking,15.417,पेमेंट प्रोटेक्शन इन्शुरन्स क्रेडिट इन्शुरन्स किंवा कर्ज परतफेड विमो म्हणूनही ओळखला जाता,"पेमेंट प्रोटेक्शन इन्शुरन्स, क्रेडिट इन्शुरन्स किंवा कर्ज परतफेड विमो म्हणूनही ओळखला जातो."
3842,717224,D2,Banking,15.0,कार्यक्रमात नवीन व्यवसायाला पाठिंबा देण्यासाठी लोक पैसे देत होते,कार्यक्रमात नवीन व्यवसायाला पाठिंबा देण्यासाठी लोक पैसे देत होते
3843,721028,D4,Agriculture,15.0,मुख्य पिके सामान्यतः कृत्रिम निवडीच्या उत्पत्तीपासून असतात,मुख्य पिके सामान्यतः कृत्रिम निवडीच्या उत्पत्तीपासून असतात
3844,707998,D1,Agriculture,15.417,"लसीकरण , शस्त्रक्रिया , जनावरांचे ऑपरेशन अशी कामा पशुवैद्यकीय अधिकाऱ्याक करुची लागतत","लसीकरण, शस्त्रक्रिया, जनावरांचे ऑपरेशन अशा कामांसाठी पशुवैद्यकीय अधिकाऱ्यांनी करावे लागत आहे."
3845,713905,D2,Agriculture,15.0,रेशीम नी मागणी वाढी राहिनी म्हणीसन रेशीमना किडासना व्यवसाय बनेल शे,रेशीमची मागणी वाढली राहिली म्हणून रेशीम व्यवसायाचे क्षेत्र बनेल.
3846,722664,D4,Banking,15.0,पेमेंट संरक्षण विमा ग्राहकांना कर्जाची परतफेड सुनिश्चित करण्यास सक्षम करतो,पेमेंट संरक्षण विमा ग्राहकांना कर्जाची परतफेड सुनिश्चित करण्यास सक्षम करतो
3847,707155,D1,Banking,15.417,कृषी कर्जा शेतकरी आणि कृषी संबंधित कार्यात गुंतलेल्यो इतर व्यक्तींका दिला जाता,कृषी कर्जाचे शेतकरी आणि कृषी संबंधित कामांमध्ये गुंतलेल्या इतर व्यक्तींना दिले जाते.
3848,718585,D2,Banking,15.0,मुदतीनंतर किंवा मॅच्युरिटी माझ्या खात्यात रक्कम पाठवली जाईल का ?,मुदतीनंतर किंवा मॅच्युरिटी माझ्या खात्यात रक्कम पाठवली जाईल का?
3849,721738,D4,Banking,15.0,व्याज कव्हरेज रेशो हे कंपनीचा कर्ज परत देणाऱ्या सन्मान क्षमतेचे एक माप आहे,व्याज कव्हरेज रेशो हे कंपनीच्या कर्ज परत देण्याच्या क्षमतेचे एक माप आहे
3850,709631,D1,Agriculture,15.417,राम यांनी सांगितला हा की शेतकऱ्यांसाठी पशुपालन आणि मत्स्यपालन अनिवार्य केलेला हा,राम यांनी सांगितले की शेतकऱ्यांसाठी पशुपालन आणि मत्स्यपालन अनिवार्य केले आहे.
3851,716258,D2,Banking,15.0,सुरुवातीला युरोपीय संघामध्ये पेमेंटच्या सुविधेसाठी विकसित केला गेला,सुरुवातीला युरोपीय संघामध्ये पेमेंटच्या सुविधेसाठी विकसित केला गेला
3852,719111,D4,Agriculture,15.0,मका सुकवण्याचे यंत्र हे नवीन डिझाइन केलेले ड्रायर आहे जे कमी तापमानात गरम करण्याची पद्धत अवलंबते,मका सुकवण्याचे हे यंत्र नवीन डिझाइन केलेला ड्रायर आहे जे कमी तापमानात गरम करण्याची पद्धत अवलंबते
3853,707064,D1,Banking,15.417,"वैयक्तिक खात्यांची काही उदाहरणा म्हणजे ग्राहक , विक्रेता , कर्मचाऱ्यांचो पगार खाती","वैयक्तिक खात्यांची काही उदाहरणे म्हणजे ग्राहक, विक्रेता, कर्मचाऱ्यांचे पगार खाती"
3854,712687,D2,Agriculture,15.0,साठावानी येवस्था नसाना कारण भाजीपाला खराब व्हयी जास,साठ्याची अवस्था नसाने भाजीपाला खराब झाला आहे
3855,721544,D4,Agriculture,15.0,राज्यात एकोणीसशे पन्नास ते एकवन्न या काळात पीक पाहणी योजना राबविण्यात येत आहे,राज्यात एकोणीसशे पन्नास ते एकवन्न या काळात पीक पाहणी योजना राबविण्यात येत आहे
3856,710386,D1,Agriculture,15.417,"माश्यांचे रोग खासकरून गोड्या पाण्यातल्या इक्वेरियम मधल्या कॉलमरीस , गील रोग असता",माशांचे रोग खासकरून गोड पाण्यातल्या एक्वेरियममधील कॉलमरीस रोग असतात
3857,717164,D2,Agriculture,15.0,उच्च दर्जाच्या तुषार सिंचन यंत्राद्वारे पिकाला पाणी देणे अधिक चांगले होते,उच्च दर्जाच्या तुषार सिंचन यंत्राद्वारे पिकाला पाणी देणे अधिक चांगले होते
3858,720282,D4,Banking,15.0,भविष्य निर्वाह निधीची रक्कम व्यक्तीच्या निवृत्तीच्या वेळी गोळा केली जाते,भविष्य निर्वाह निधीची रक्कम व्यक्तीच्या निवृत्तीच्या वेळी गोळा केली जाते
3859,707692,D1,Agriculture,15.409,नायट्रोजन अमोनियाचो वापर इतर सगळ्या नायट्रोजन खतासाठी फीडस्टॉक म्हणान केलो जाता,नायट्रोजन आणि अमोनिया इतर सर्व नायट्रोजन खतांसाठी फीडस्टॉक म्हणून वापरले जातात.
3860,715493,D2,Agriculture,15.0,"खुप कमी लोकांना माहिती असतं की , केळ्याच्या फुलाची भाजी पण बनते","खूप कमी लोकांना माहिती असते की, केळ्याच्या फुलाची भाजी पण बनते"
3861,721924,D4,Agriculture,15.0,जॅकफ्रूट हे दीमक प्रतिरोधक आहे आणि म्हणूनच ते फर्निचर तयार करण्यासाठी वापरले जाते,जॅकफ्रूट हे दीमक प्रतिरोधक आहे आणि म्हणूनच ते फर्निचर तयार करण्यासाठी वापरले जाते
3862,708134,D1,Banking,15.409,स्टॉक मध्ये गुंतवणुकीत धोको जास्त आसा पण इतरांपेक्षा थोडो कमी आसा,स्टॉक गुंतवणुकीत धोका जास्त आहे पण इतरांपेक्षा थोडे कमी आहे
3863,715491,D2,Agriculture,15.0,खाद्यासाठी पक्षांना खुरसनी किंवा जंगली फिंच साठी मिश्रण मिळते,खाद्यासाठी पक्षांना खुरसनी किंवा जंगली फिंचसाठी मिश्रण मिळते
3864,720089,D4,Agriculture,15.0,मला भेंडीची भाजी खूप आवडते माझी आई अनेक प्रकारच्या भेंडीच्या भाज्या बनवते,मला भेंडीची भाजी खूप आवडते माझी आई अनेक प्रकारच्या भेंडीच्या भाज्या बनवते
3865,707029,D1,Banking,15.409,हुंडी किंवा हुंडी ह्या मध्ययुगीन भारतात विकसित झालेला आर्थिक साधन असा,हुंडी किंवा हुंडी हे मध्ययुगीन भारतात विकसित झालेले आर्थिक साधन आहे.
3866,716380,D2,Agriculture,15.0,यावर्षी माझ्या वडिलांनी बटाट्याची चांगली साठवणूक केली आहे,यावर्षी माझ्या वडिलांनी बटाट्याची चांगली साठवणूक केली आहे
3867,720846,D4,Agriculture,15.0,कृषी व्यवसाय हा केवळ शेतीपुरता मर्यादित नसून त्यात अनेक माध्यमांचा समावेश आहे,कृषी व्यवसाय हा केवळ शेतीपुरता मर्यादित नसून त्यात अनेक माध्यमांचा समावेश आहे
3868,707559,D1,Banking,15.409,टार्गेट मार्केट ह्या असा मार्केट हा झय उत्पादनाक बरी मागणी असता,"टार्गेट मार्केट हे असे मार्केट आहे, ज्यासाठी उत्पादनाची बरी मागणी आहे."
3869,715540,D2,Agriculture,15.0,चाफ्याच्या झाडे चे साल आणि झाडाच्या इतर भागांचा उपयोग औषधी च्या रूपात केला जातो,चाफ्याच्या झाडांची साल आणि झाडाच्या इतर भागांचा उपयोग औषधी रूपात केला जातो.
3870,721522,D4,Banking,15.0,भारत सरकारने कर्मचाऱ्यांसाठी कर्मचारी भविष्य निर्वाह निधी संस्था सुरू केली आहे,भारत सरकारने कर्मचाऱ्यांसाठी कर्मचारी भविष्य निर्वाह निधी संस्था सुरू केली आहे
3871,708379,D1,Banking,15.409,पैसा बाजार म्हणजे अल्प मुदतीची कर्जा देणा आणि घेण्यासाठीचो आर्थिक बाजार,पैसा बाजार म्हणजे अल्प मुदतीची कर्जे देणे आणि घेण्यासाठीचा आर्थिक बाजार
3872,715365,D2,Agriculture,15.0,एका शेळीच्या उद्योजकाला उत्पादकांना सोबतच फायबर तथा मांस विकण्याचा पर्याय उपलब्ध होतो,एका शेळीच्या उद्योजकाला उत्पादकांना सोबतच फायबर आणि मांस विकण्याचा पर्याय उपलब्ध होतो.
3873,721989,D4,Agriculture,15.0,कापडाचे साहित्य तयार करण्यासाठी फळांच्या तंतूंचा वापर केला जातो,कापडाचे साहित्य तयार करण्यासाठी फळांच्या तंतूंचा वापर केला जातो
3874,708155,D1,Banking,15.409,आसलल्या बँक खात्याक सॅलरी खात्यात बदलुच्यासाठी बँक मॅनेजराक याक पत्र लिव्हा,जर बँक खात्यात सॅलरी खात्यात बदल करायचा असेल तर बँक मॅनेजरला पत्र द्यावे.
3875,716057,D2,Agriculture,15.0,रमेश ने दुधी भोपळ्याच्या पेरणीच्या वेळी दीड किलो बियाणे एका हेक्टर मध्ये टाकले,रमेशने दुधी भोपळ्याच्या पेरणीच्या वेळी दीड किलो बियाणे एका हेक्टरमध्ये टाकले
3876,720399,D4,Banking,15.0,गुंतवणूकदार सामान्यतः धोकादायक गुंतवणुकीतून उच्च परताव्याची अपेक्षा करतात,गुंतवणूकदार सामान्यतः धोकादायक गुंतवणुकीतून उच्च परताव्याची अपेक्षा करतात
3877,706984,D1,Banking,15.409,"अर्थशास्त्र आणि लेखात , भांडवलाची किंमत ह्या कंपनीच्यो निधीची किंमत असता",अर्थशास्त्र आणि लेखात भांडवलाची किंमत त्या कंपनीच्या निधीची किंमत असते.
3878,714423,D2,Agriculture,15.0,मना गावमा भुईमुंगनी शेती करतस माले भुईमुंगन्या शेंगा खावाले आवडस,"मला गावमध्ये भुईमुंगनी शेती करत आहे, मला भुईमुंगन्या शेंगा खायला आवडतात."
3879,722299,D4,Banking,15.0,"शंकर यांनी सांगितले की , नवजात उद्योजकतेमध्ये सुरुवातीला कोणताही फायदा होत नाही",शंकर यांनी सांगितले की नवजात उद्योजकतेमध्ये सुरुवातीला कोणताही फायदा होत नाही
3880,710323,D1,Banking,15.4,प्रधानमंत्री सुरक्षा बीमा योजना वीमा आणि सामाजिक क्षेत्राची योजना असा,प्रधानमंत्री सुरक्षा बीमा योजना वीमा आणि सामाजिक क्षेत्राची योजना आहे
3881,716318,D2,Agriculture,15.0,लाकडांचा उपयोग हजारो वर्षांपासून इंधनाच्या रूपामध्ये केला जात आहे,लाकडांचा उपयोग हजारो वर्षांपासून इंधनाच्या रूपामध्ये केला जात आहे
3882,721503,D4,Banking,15.0,एखाद्या भागातील रस्ते दुरुस्त करण्यासाठी मुनी बाँड पुरेसा आहे का ?,एखाद्या भागातील रस्ते दुरुस्त करण्यासाठी मुनी बाँड पुरेसा आहे का?
3883,709788,D1,Banking,15.4,"अर्थशास्त्रात ठेवीत वस्तू , टिकाऊ उत्पादित वस्तू सामील केलेले असतत",अर्थशास्त्रात ठेवीत वस्तू आणि टिकाऊ उत्पादित वस्तू सामील होत्या.
3884,718615,D2,Agriculture,15.0,खरीप पिकांची पेरणी पावसाच्या सुरुवातीला एप्रिल ते मे च्या दरम्यान केली जाते,खरीप पिकांची पेरणी पावसाच्या सुरुवातीला एप्रिल ते मे दरम्यान केली जाते
3885,719451,D4,Agriculture,15.0,सिद्ध ट्रेंडवर आधारित संसाधन व्यवस्थापन निर्णय घेण्यास शेतकऱ्यांना मदत करू शकते,सिद्ध ट्रेंडवर आधारित संसाधन व्यवस्थापन निर्णय घेण्यास शेतकऱ्यांना मदत करू शकते
3886,710499,D1,Agriculture,15.4,"ॲंटेरोपॉड्स , प्लॅक्लोमी , पॉलीप्लाकोफोरा हे मोलस्कचे प्रकार मानले जातत","ॲंटेरोपॉड्स, प्लॅक्लोमी, पॉलीप्लाकोफोरा हे मोलस्कचे प्रकार मानले जातात."
3887,718110,D2,Banking,15.0,कृषी कर्जासाठी कोणत्या योजना राबविण्यात आल्या आहेत ?,कृषी कर्जासाठी कोणत्या योजना राबविण्यात आल्या आहेत?
3888,719964,D4,Banking,15.0,वर्तमान आणि नजीकच्या भविष्यातील कंपनीच्या ऑपरेशन्स च्या संख्येचे प्रतिनिधित्व आहे,वर्तमान आणि नजीकच्या भविष्यातील कंपनीच्या ऑपरेशन्सच्या संख्येचे प्रतिनिधित्व आहे
3889,711637,D1,Agriculture,15.389,पीक विकुच्यासाठी गावातल्या शेतकऱ्यांनी कसले कसले मार्ग काढले ?,पीक विकण्यासाठी गावातील शेतकऱ्यांनी कोणते मार्ग काढले?
3890,718082,D2,Banking,15.0,"टी.वी खरेदीचे पन्नास हजार रुपयांचे बिल मला ऑफलाईन पाठवायचे आहे , ते मी कसे पाठवू ?","टीव्ही खरेदीचे पन्नास हजार रुपयांचे बिल मला ऑफलाईन पाठवायचे आहे, ते मी कसे पाठवू?"
3891,719747,D4,Agriculture,15.0,जलस्रोतांवर होणारा खर्च टाळण्यासाठी मोहन यांनी कोरडवाहू शेती राबवली,जलस्रोतांवर होणारा खर्च टाळण्यासाठी मोहन यांनी कोरडवाहू शेती राबवली
3892,709907,D1,Agriculture,15.389,डेअरी उद्योग विकास योजनेतना डेअरी उद्योगासाठी कर्ज दिला जाता,डेअरी उद्योग विकास योजनेसाठी डेअरी उद्योगाकरिता कर्ज दिले जाते
3893,716881,D2,Banking,15.0,मालमत्तेच्या वापरानुसार मालमत्ता कराचे दर बदलू शकतात,मालमत्तेच्या वापरानुसार मालमत्ता कराचे दर बदलू शकतात
3894,720851,D4,Agriculture,15.0,ट्यूलिप्स मूळतः दक्षिण युरोपपासून मध्य आशियापर्यंत पसरलेल्या बँडमध्ये आढळतात,ट्यूलिप्स मूळतः दक्षिण युरोपपासून मध्य आशियापर्यंत पसरलेल्या बँडमध्ये आढळतात
3895,710455,D1,Agriculture,15.389,शेतीचे पर्यावरणीय प्रभाव कृषि प्रथांच्या आसपासच्या परिस्थितीवर प्रभाव पाडतत,शेतीचे पर्यावरणीय परिणाम कृषी पद्धतींच्या आसपासच्या परिस्थितीवर प्रभाव पाडत आहेत
3896,718644,D2,Banking,15.0,मला माझ्या खात्यातील मागील पांच व्यवहार दाखवा,मला माझ्या खात्यातील मागील पाच व्यवहार दाखवा
3897,721272,D4,Banking,15.0,निर्यात देखील महत्त्व पूर्ण जागतिक बाजारपेठेतील हिस्सा हस्तगत करण्याची संधी सादर करू शकते,निर्यात देखील जागतिक बाजारपेठेतील महत्त्व पूर्ण हिस्सा हस्तगत करण्याची संधी सादर करू शकते
3898,708020,D1,Banking,15.382,वित्त व्यवसाय म्हनजे नेमका काय ? त्याची व्याख्या काय आसा ? असे सगळे प्रश्न माझ्या मनात आसत,वित्त व्यवसाय म्हणजे नेमके काय? त्याची व्याख्या काय आहे? असे सगळे प्रश्न माझ्या मनात होते.
3899,715919,D2,Banking,15.0,भारताला सुरक्षित आणि स्थिर डिजिटल पायाभूत सुविधांचा विकास करायचा आहे,भारताला सुरक्षित आणि स्थिर डिजिटल पायाभूत सुविधांचा विकास करायचा आहे
3900,719184,D4,Agriculture,15.0,पेरणीची पेरणी प्रक्रिया बियाणांवर आणि मातीच्या गुणधर्मांवर अवलंबून असते,पेरणीची प्रक्रिया बियाणांवर आणि मातीच्या गुणधर्मांवर अवलंबून असते
3901,709850,D1,Agriculture,15.375,कृषी भौतिक शास्त्र म्हणजे कृषी उपयोगी गोष्टींचों अभ्यास,कृषी भौतिक शास्त्र म्हणजे कृषी उपयोगी गोष्टींचा अभ्यास
3902,715575,D2,Banking,15.0,जर विक्री किंमत खरेदी किमतीपेक्षा जास्त असेल तर नफा मिळतो,जर विक्री किंमत खरेदी किमतीपेक्षा जास्त असेल तर नफा मिळतो
3903,722399,D4,Banking,15.0,जे.एन.एन.यू.आर.एम भारतातील काही शहरांमध्ये विकासाला गती देण्याचा उद्देश होता,जे.एन.एन.यू.आर.एम भारतातील काही शहरांमध्ये विकासाला गती देण्याचा उद्देश होता
3904,707309,D1,Banking,15.375,अर्थशास्त्रातल्या भांडवलाची किंमत म्हणजेच कंपनीच्या निधीची किंमत असता,अर्थशास्त्रात भांडवलाची किंमत म्हणजे कंपनीच्या निधीची किंमत असते.
3905,716203,D2,Banking,15.0,सगळ्या प्रकारच्या बँका आपल्याला आपलं बचत खातं वेतन खात्यामध्ये बदलण्याची परवानगी देतं का ?,सर्व प्रकारच्या बँका आपल्याला आपले बचत खाते वेतन खात्यात बदलण्याची परवानगी देतात का?
3906,719462,D4,Agriculture,15.0,शेतकरी मातीला छिद्र पाडतात कारण ते त्याद्वारे रेषीयरित्या काढले जातात,शेतकरी मातीला छिद्र पाडतात कारण ते त्याद्वारे रेषीयरित्या काढले जातात
3907,706706,D1,Banking,15.357,"स्टॉक ब्रोकर ह्यो नियमन केलेलो ब्रोकर , ब्रोकर डीलर किंवा नोंदणीकृत गुंतवणूक सल्लागार असता","स्टॉक ब्रोकर हे नियमन केलेला ब्रोकर आहे, ब्रोकर डीलर किंवा नोंदणीकृत गुंतवणूक सल्लागार असतो."
3908,717975,D2,Banking,15.0,दीर्घमुदतीचे ठेव मी किमान किती काळासाठी ठेवू शकतो ?,दीर्घमुदतीचे ठेव मी किमान किती काळासाठी ठेवू शकतो?
3909,721919,D4,Agriculture,15.0,लुई पाश्चर हे फ्रेंच रसायनशास्त्रज्ञ असून त्यांनी पाश्चरायझेशनवर काम केले,लुई पाश्चर हे फ्रेंच रसायनशास्त्रज्ञ असून त्यांनी पाश्चरायझेशनवर काम केले
3910,706627,D1,Banking,15.357,कर आकारणीचो आर्थिक सिद्धांत कर आकारणीद्वारा आर्थिक कल्याण कसो वाढवायचो या प्रश्नाकडे लक्ष देतत,कर आकारणीचा आर्थिक सिद्धांत कर आकारणीद्वारे आर्थिक कल्याण कसे वाढवायचे या प्रश्नाकडे लक्ष देत आहे
3911,713828,D2,Banking,15.0,यू.पी.आय पिन सेट कराना बरोबर आपला ब्यांक खातं त्यानाम्हा समाविष्ट करू शकतस,"यू.पी.आय पिन सेट करणे बरोबर आहे, ते आपल्या बँकेला समाविष्ट करू शकतात."
3912,722445,D4,Agriculture,15.0,फार्म ट्रक ही शेती पिकांची वाहतूक करण्यासाठी वापरली जाणारी वाहने आहेत,फार्म ट्रक ही शेती पिकांची वाहतूक करण्यासाठी वापरली जाणारी वाहने आहेत
3913,706639,D1,Banking,15.318,आंतरराष्ट्रीय कर आकारणी ह्या वैयक्तिक देशाच्यो कर कायद्यांचो आंतरराष्ट्रीय पैलू असा,आंतरराष्ट्रीय कर आकारणी ही वैयक्तिक देशाच्या कर कायद्यांची आंतरराष्ट्रीय बाजू आहे.
3914,716993,D2,Agriculture,15.0,स्वता बच्चन यांना हिरवा सिग्नल देऊन जमिनीच्या रेकॉर्डमध्ये कोणतीही गडबड नाही हे दाखवले,स्वता बच्चन यांना हिरवा सिग्नल देऊन जमिनीच्या रेकॉर्डमध्ये कोणतीही गडबड नाही हे दाखवले
3915,721435,D4,Banking,14.941,"वैयक्तिक कर्ज हा एक असुरक्षित कर्जाचा एक प्रकार आहे , म्हणून आपण यासाठी बँकेत अर्ज करू शकता",वैयक्तिक कर्ज हा एक असुरक्षित कर्जाचा एक प्रकार आहे म्हणून आपण यासाठी बँकेत अर्ज करू शकता
3916,706961,D1,Banking,15.3,वस्तू आणि सेवा कर ह्या भारतात वस्तू आणि सेवांच्यो पुरवठ्यावर वापरलो जाणारो अप्रत्यक्ष कर असा,वस्तू आणि सेवा कर भारतामध्ये वस्तू आणि सेवांच्या पुरवठ्यावर वापरले जाणारे अप्रत्यक्ष कर आहे.
3917,713331,D2,Banking,15.0,खातामा कितला पैसा उरेल शेतस ते आपुन स्टेटमेंटवरी महिनाना शेवटले दखु शकतस,"खात्यात किती पैसा राहील, ते स्वतः स्टेटमेंटवरून महिन्याचा शेवट दुखू शकतो."
3918,724415,D4,Banking,14.938,"सार्वजनिक वित्तामध्ये , आपण सरकारचा खर्च आणि कमाई तसेच त्याचे उत्पन्न आणि खर्चाचे व्यवस्थापन समजू शकतो",सार्वजनिक वित्तामध्ये आपण सरकारचा खर्च आणि कमाई तसेच त्याचे उत्पन्न आणि खर्चाचे व्यवस्थापन समजू शकतो
3919,709047,D1,Banking,15.278,क्रेडीट सल्ला नेहमी क्रेडीट सल्ला एजेंसींच्या माध्यमातना दिलो जाता,क्रेडिट सल्ला नेहमी क्रेडिट सल्ला एजन्सींच्या माध्यमातून दिला जातो
3920,717107,D2,Agriculture,15.0,काजू हे काजूच्या झाडापासून मिळणाऱ्या किडनीच्या आकाराचे बी आहे,काजू हे काजूच्या झाडापासून मिळणाऱ्या किडनीच्या आकाराचे बी आहे
3921,721628,D4,Agriculture,14.933,"ब्राझील , अगदी सोप्या भाषेत सांगायचे तर , जगातील सर्वात मोठा कॉफी उत्पादक देश आहे",ब्राझील अगदी सोप्या भाषेत सांगायचे तर जगातील सर्वात मोठा कॉफी उत्पादक देश आहे
3922,707558,D1,Agriculture,15.0,"टरबूज ताजो खाऊसाठी किंवा भाजी बनवूसाठी एक चांगलो पर्याय आसा , होय की नाय पश्या ?","टरबूज ताजे खाण्यासाठी किंवा भाजी बनवण्यासाठी एक चांगला पर्याय आहे, होय की नाही?"
3923,712585,D2,Banking,15.0,जूना जमानामा पारतिनिधिक पैसाजास्ती चलनमा नयी व्हता,"जुना जमाना, पारिभाषिक पैसा जास्त चलनमध्ये नवीन आहे."
3924,722851,D4,Agriculture,14.933,"बंगाल ग्राम पिवळ्या रंगाची मसूर , जी एका बाजूला गोलाकार आणि दुसऱ्या बाजूला सपाट असते",बंगाल गाव पिवळ्या रंगाची मसूर जी एका बाजूला गोलाकार आणि दुसऱ्या बाजूला सपाट असते
3925,710532,D1,Banking,15.0,आपण फियाट पैशावर विश्वास ठेवु शकणव नाय त्याचा मू्ल्य गमवुची भीती असता,"आपण फियाट पैशावर विश्वास ठेवू शकत नाही, त्याचा मूल्य गमावण्याची भीती असते."
3926,716327,D2,Banking,15.0,नरसिंह राव यांनी खासदार स्थानिक क्षेत्र विकास योजना सुरू केली होती,नरसिंह राव यांनी खासदार स्थानिक क्षेत्र विकास योजना सुरू केली होती
3927,722550,D4,Agriculture,14.923,धान्यांमध्ये प्रथिने कमी असतात आणि नैसर्गिक रित्या कॅल्शियम आणि अ जीवनसत्वाची कमतरता असते,धान्यांमध्ये प्रथिने कमी असतात आणि नैसर्गिकरित्या कॅल्शियम व जीवनसत्वाची कमतरता असते
3928,706606,D1,Banking,15.0,अनुदानित कर्ज ह्या आर्थिक गरज असलेल्यो पदवीपूर्व विद्यार्थ्यांकरता कर्जा असतत,अनुदानित कर्ज ही आर्थिक गरज आहे पदवीपूर्व विद्यार्थ्यांसाठी कर्जे आहेत
3929,718476,D2,Banking,15.0,माझ्या आईच्या खात्यावर दुसऱ्या देशात मला पैसे पाठविता येतील का ?,माझ्या आईच्या खात्यावर दुसऱ्या देशात मला पैसे पाठवता येतील का?
3930,719450,D4,Agriculture,14.917,"क्रेप चमेली मूळचे दक्षिण आशिया , दक्षिणपूर्व आशिया आणि चीनचे मूल निवासीआहे","क्रेप चमेलीचे मूळ दक्षिण आशिया, दक्षिणपूर्व आशिया आणि चीन आहे."
3931,706648,D1,Banking,15.0,अनेक देश सार्वजनिकरित्या निवृत्ती किंवा आरोग्य सेवा प्रणाली प्रदान करतत,अनेक देश सार्वजनिकरित्या निवृत्ती किंवा आरोग्य सेवा प्रणाली प्रदान करत आहेत.
3932,717561,D2,Agriculture,15.0,टोमॅटो येण्यापूर्वी बुरशीनाशक फवारल्यास फळ येण्यावर किती परिणाम होतो ?,टोमॅटो येण्यापूर्वी बुरशीनाशक फवारल्यास फळ येण्यावर किती परिणाम होतो?
3933,720412,D4,Banking,14.917,अर्थ शास्त्रातील भांडवल एक प्रकारचे भांडवल तयार करण्याचे साधन म्हणून वापरले जाते,अर्थ शास्त्रातील भांडवल एक प्रकारचे भांडवल तयार करण्याचे साधन म्हणून वापरले जाते
3934,709939,D1,Agriculture,15.0,नासपती आपल्या पौष्टिक गुणधर्मामुळे रोगांच्या उपचारात मदत करणारी ठरता,नासपती आपल्या पौष्टिक गुणधर्मांमुळे रोगांच्या उपचारात मदत करणारा ठरतो
3935,717497,D2,Agriculture,15.0,जमिनीच्या आत येणाऱ्या पिकांवर कोणत्या हवामानाचा परिणाम होतो ?,जमिनीच्या आत येणाऱ्या पिकांवर कोणत्या हवामानाचा परिणाम होतो?
3936,724314,D4,Banking,14.917,माया मोबाईल ॲपवर माया खात्यात किती पैसे उरले हाय हे नाही आलं,माया मोबाईल ॲपवर माया खात्यात किती पैसे उरले हे मला माहीत नाही.
3937,708867,D1,Banking,15.0,कॉलेजच्या अभ्यासासाठी तेंका तेंची गाडी विकूची लागली हुती,कॉलेजच्या अभ्यासासाठी गाडी विकण्याची गरज लागली आहे.
3938,715516,D2,Agriculture,15.0,गुरांच्या हर्मोन्स ला मानव निर्मित हार्मोन्स म्हटल जात,गुरांच्या हार्मोन्सला मानव निर्मित हार्मोन्स म्हटले जाते
3939,718912,D4,Agriculture,14.917,शेताचा उपयोग आपली अन्न पिके आणि फळे आणि भाजीपाला वाढवण्यासाठी केला जातो,"शेताचा उपयोग आपली अन्न पिके, फळे आणि भाजीपाला वाढवण्यासाठी केला जातो."
3940,709028,D1,Banking,15.0,ट्रस्ट फंडाच्या माध्यमातना गरीब लोकांची मदत केली जाता,ट्रस्ट फंडाच्या माध्यमातून गरीब लोकांची मदत केली जाते
3941,715794,D2,Banking,15.0,प्रत्यक्ष बँकेमध्ये सगळ्या सुविधा ऑनलाईन माध्यमाने प्राप्त होतात,प्रत्यक्ष बँकांमध्ये सर्व सुविधा ऑनलाईन माध्यमाद्वारे प्राप्त होतात.
3942,718837,D4,Agriculture,14.909,अंडी देणारी कोंबडी सोळा ते एकवीस आठवड्यांपर्यंत अंडी घालण्यास सक्षम असते,अंडी देणारी कोंबडी सोळा ते एकवीस आठवड्यांपर्यंत अंडी घालण्यास सक्षम असते
3943,708952,D1,Banking,15.0,आय.एम.पी.एस फोनच्या माध्यमातना एक आंतरबँक इलेक्ट्रॉनिक फंड ट्रांसफर करुची सेवा देता,आय.एम.पी.एस फोनच्या माध्यमातून एक आंतरबँक इलेक्ट्रॉनिक फंड ट्रान्सफरची सेवा देते
3944,718440,D2,Banking,15.0,माझ्या ठेवीवर मॅच्युरिटी मुदतीच्या पूर्वी ठेव मिळू शकते का ?,माझ्या ठेवीवर मॅच्युरिटी मुदतीच्या पूर्वी ठेव मिळू शकते का?
3945,724116,D4,Banking,14.909,मले सोन्यावर किती रुपया परमाने कर्ज भेटन व किती दिसासाठी ?,मला सोन्यावर किती रुपयांचे कर्ज परवाने आणि किती दिवसांसाठी?
3946,707401,D1,Banking,15.0,कंपनीच्या ताळेबंदाच्या वहीवर किंवा बॅलन्स शीटवर सामान्य शेअर्स दाखवले जातत,कंपनीच्या ताळेबंदाच्या वहीवर किंवा बॅलन्स शीटवर सामान्य शेअर्स दाखवले जात आहेत
3947,714862,D2,Banking,15.0,एस.बी.आई बँकेद्वारे दिल्या गेलेल्या नंबरवर मिस कॉल दिल्यावर मिनी स्टेटमेंट मिळाली,एस.बी.आई बँकेद्वारे दिलेल्या नंबरवर मिस कॉल दिल्यावर मिनी स्टेटमेंट मिळाले
3948,718961,D4,Banking,14.909,कार्यरत भांडवलाची गणना चालू मालमत्ता कमी चालू दायित्वे म्हणून केली जाते,कार्यरत भांडवलाची गणना चालू मालमत्ता व चालू दायित्वांच्या वजाबाकीने केली जाते.
3949,706565,D1,Banking,15.0,आर्थिक स्थिरता आणि देशाच्या अर्थ व्यवस्थेत बँका महत्त्वाची भूमिका बजावतत,आर्थिक स्थिरता आणि देशाच्या अर्थव्यवस्थेत बँका महत्त्वाची भूमिका बजावतात
3950,717674,D2,Agriculture,15.0,आपल्या मालाला योग्य बाजारपेठ मिळण्यासाठी काय करावे ?,आपल्या मालाला योग्य बाजारपेठ मिळण्यासाठी काय करावे?
3951,719815,D4,Agriculture,14.909,"पारंपारिकपणे , तलाव , पावसाचे पाणी आणि नद्या सिंचनासाठी वापरल्या जातात",पारंपारिकपणे तलाव पावसाचे पाणी आणि नद्या सिंचनासाठी वापरल्या जातात
3952,711609,D1,Agriculture,15.0,उन्हाळी भुईमूग लागवडीत पीकांच्या वाढीची अवस्था कशी करतत ?,उन्हाळी भुईमूग लागवडीत पीकांच्या वाढीची अवस्था कशी आहे?
3953,715938,D2,Agriculture,15.0,मधमाशांच पोळ कोणत्याही मधमाशा कॉलनीच्या घरट्याचे वर्णन करण्यासाठी वापरल जात,मधमाशांचे पोळ कोणत्याही मधमाशा कॉलनीच्या घरट्याचे वर्णन करण्यासाठी वापरले जाते.
3954,718835,D4,Agriculture,14.909,"कुक्कुटपालन हा पशुपालनाचा एक प्रकार आहे , लोक व्यवसायासाठी कुक्कुटपालन ठेवतात",कुक्कुटपालन हा पशुपालनाचा एक प्रकार आहे लोक व्यवसायासाठी कुक्कुटपालन ठेवतात
3955,707547,D1,Agriculture,15.0,ज्येनीं मानवी गरजांची पूर्तता होता त्येंका उत्पादन म्हणतत,"ज्येवढ्या मानवी गरजांची पूर्तता होते, ते उत्पादन म्हणत."
3956,716004,D2,Agriculture,15.0,मी पिकाच वजन करण्यासाठी जास्तकरून मशीन चा वापर करतो,मी पिकाचे वजन करण्यासाठी जास्त करून मशीनचा वापर करतो
3957,721479,D4,Banking,14.909,आम्ही खूप प्रवास करतो म्हणून आम्ही कुटुंबातील सर्व सदस्यांचा विमा उतरविला,आम्ही खूप प्रवास करत असल्याने आम्ही कुटुंबातील सर्व सदस्यांचा विमा उतरविला
3958,711970,D1,Banking,15.0,निधी हस्तांतरण करताना पैसे एक्या जाग्यावरून दुसऱ्या जाग्यार पोचाक कितको वेळ लागतलो ?,निधी हस्तांतरण करताना पैसे एका ठिकाणाहून दुसऱ्या ठिकाणी पोहोचायला किती वेळ लागला?
3959,716723,D2,Agriculture,15.0,कृषी क्षेत्रात कालांतराने विस्तार होत असल्यामुळे जंगलामध्ये मोठी घट झाली आहे,कृषी क्षेत्रात कालांतराने विस्तार होत असल्यामुळे जंगलामध्ये मोठी घट झाली आहे
3960,722322,D4,Banking,14.909,जागतिकीकरणाच्या युगात सरकारांना कर स्पर्धेअंतर्गत कर कमी करण्याचे उद्दिष्ट मिळाले आहे,जागतिकीकरणाच्या युगात सरकारांना कर स्पर्धेअंतर्गत कर कमी करण्याचे उद्दिष्ट मिळाले आहे
3961,712426,D1,Banking,15.0,बँकांमध्ये सामाजिक क्षेत्रांच्या योजना आल्या की कसे कळतत ?,बँकांमध्ये सामाजिक क्षेत्रांच्या योजना आल्या की कसे कळते?
3962,716650,D2,Banking,15.0,सिक्युरिटीज ट्रेडिंग ही तिन्ही गटांची सर्वात वेगाने वाढणारी गुंतवणूक आहे,सिक्युरिटीज ट्रेडिंग ही तिन्ही गटांची सर्वात वेगाने वाढणारी गुंतवणूक आहे
3963,723050,D4,Agriculture,14.889,"तूर सवंगाले आली हाये , पन थे आता वली झाली हाये , त सवंगनीनंतर कशी साठवून ठेवाव ?","तूर सवंगाले आली आहे, पण आता वली झाली आहे, तसवंगनीनंतर कशी साठवून ठेवावी?"
3964,706667,D1,Banking,15.0,भारताच्यो केंद्रीय अर्थसंकल्पाक वार्षिक वित्तीय विवरण म्हणून देखील संबोधला जाता,भारताचे केंद्रीय अर्थसंकल्प वार्षिक वित्तीय विवरण म्हणून देखील संबोधला जातो
3965,715017,D2,Agriculture,15.0,पाण्याच्या रासायनिक सूत्रात एक ऑक्सीजन आणि दोन हायड्रोजन चे अणु असतात,पाण्याच्या रासायनिक सूत्रात एक ऑक्सिजन आणि दोन हायड्रोजनचे अणू असतात.
3966,721548,D4,Agriculture,14.889,"भाव हमी , कृषी सेवा कायदा , दोन हजार वीस आणि जीवनावश्यक वस्तू कायदा याबाबत शेतकऱ्यांचा करार आहे","भावहमी, कृषी सेवा कायदा आणि दोन हजारवीस व जीवनावश्यक वस्तू कायदा याबाबत शेतकऱ्यांचा करार आहे."
3967,708307,D1,Banking,15.0,डेबिट कार्डपेक्षा क्रेडिट कार्ड फसवेगिरीविरुद्ध चांगली ग्राहक सुरक्षा पुरवता,क्रेडिट कार्ड डेबिट कार्डपेक्षा फसवणुकीविरुद्ध चांगली ग्राहक सुरक्षा पुरवते
3968,715860,D2,Agriculture,15.0,"बांबूच्या जाती खूप सार्या आहेत , माझ्या गावात चपटा बांबू आहे","बांबूच्या जाती खूप सार्या आहेत, माझ्या गावात चपटा बांबू आहे."
3969,718909,D4,Banking,14.882,तुम्ही तुमच्या घरी बसून मोबाईल किंवा संगणकावर ई विमा खाते उघडू शकता आणि विमा सुरू करू शकता,तुम्ही तुमच्या घरी बसून मोबाईल किंवा संगणकावर ई विमा खाते उघडू शकता आणि विमा सुरू करू शकता
3970,710015,D1,Agriculture,15.0,भारतीय शेती एकोणीसशे पन्नास टक्क्यांवरना दोन हजार आठ मध्ये अठरा टक्क्यांवर घसरली,भारतीय शेती एकशे पंच्यासट्या टक्क्यांवरून दोन हजार आठमध्ये अठरा टक्क्यांवर घसरली
3971,716904,D2,Banking,15.0,बचत खाते पगाराच्या खात्यात रूपांतरित करण्यासाठी बँकेत अर्ज करावा लागतो,बचत खाते पगाराच्या खात्यात रूपांतरित करण्यासाठी बँकेत अर्ज करावा लागतो
3972,724360,D4,Banking,14.882,बाजार पद्धती आणि केस कायदा सोबत आर्थिक नियमन हे कायदेशीर श्रेण्या तयार करतात जे आर्थिक कायदा बनवतात,बाजार पद्धती आणि केस कायदा सोबत आर्थिक नियमन हे कायदेशीर श्रेण्या तयार करतात जे आर्थिक कायदा बनवतात
3973,709521,D1,Agriculture,15.0,प्राण्यांच्या प्रजननात इनब्रीडिंग लाइन ब्रीडिंग या तंत्राचो वापर केलो जाता,प्राण्यांच्या प्रजननात इनब्रीडिंग लाइन ब्रीडिंग या तंत्राचा वापर केला जातो.
3974,718360,D2,Banking,15.0,मोबाईलद्वारे मला विम्याचा मासिक प्रीमियम भरता येईल का ?,मोबाईलद्वारे मला विम्याचा मासिक प्रीमियम भरता येईल का?
3975,720491,D4,Banking,14.875,उद्योजक सामाजिक उद्योजक तेतील लोकांच्या कल्याणासाठी काम करतात,उद्योजक सामाजिक उद्योजक त्यातील लोकांच्या कल्याणासाठी काम करतात
3976,708868,D1,Banking,15.0,विश्व वाणिज्य संघ एक बहुपक्षीय संघटन हा जो वैश्विक व्यापाराक नियंत्रित करता आणि आधार देता,विश्व वाणिज्य संघ एक बहुपक्षीय संघटन आहे जो वैश्विक व्यापारावर नियंत्रण ठेवतो आणि आधार देतो
3977,714569,D2,Banking,15.0,आपला करजंना बाबतनी माहिती गनच परकारे लेवू शकतस,तुम्हाला तुमच्या कर्जाबद्दल माहिती अनेक प्रकारे मिळू शकते
3978,721000,D4,Agriculture,14.875,"बाजरी व्हिटॅमिन बी , कॅल्शियम , लोह , झिंक आणि पोटॅशियम सारख्या आवश्यक खनिजांनी भरलेली असते","बाजरी व्हिटॅमिन बी, कॅल्शियम, लोह, झिंक आणि पोटॅशियम सारख्या आवश्यक खनिजांनी भरलेली असते."
3979,708246,D1,Agriculture,15.0,कीटकांची शेती ही जनावरांसारखी किड्यांका पाळूची आणि पिल्ला दिवची पद्धत आसा,कीटकांची शेती ही जनावरांसारखी किड्यांका पाळूची आणि पिल्ला दिवची पद्धत आहे
3980,712784,D2,Banking,15.0,थॉमसनी शेअर बजारमा गुंतवणूक करीसन बँकना याजपक्सा जास्त कमावात,थॉमसनच्या शेअर बाजारात गुंतवणूक करून बँकेला जास्त नफा होतो.
3981,720362,D4,Agriculture,14.867,"योजने जसे शेतीमित्र पुरस्कार , हमाल भवन अनूदान योजना , हवामानावर आधारित फळपीक विमा योजना","जसे योजना शेतीमित्र पुरस्कार, हमाल भवन अनुदान योजना, हवामानावर आधारित फळपीक विमा योजना"
3982,708142,D1,Banking,15.0,हायब्रीड इकत घेवान कर्ज आणि सिक्युरिटीज या दोघांचव फायदो घेता येता,हायब्रीड इकत कर्ज आणि सिक्युरिटीज या दोघांचे फायदे घेता येतात.
3983,715216,D2,Banking,15.0,सर्व हिशोब मिळविण्यासाठी रमेशने खात्याच्या सारांशची पी.डी.एफ काढली,सर्व हिशोब मिळविण्यासाठी रमेशने खात्याच्या सारांशची पी.डी.एफ काढली
3984,723518,D4,Agriculture,14.867,"संत्रे विकाचे हाये , पन संत्र्याचा रंग हिरवाच हाये , त का कराच पायजे ?","संत्र्यांचे विकास झाले आहे, पण संत्र्याचा रंग हिरवाच आहे, तर का करायचे?"
3985,711018,D1,Banking,15.0,"वेळेवर पैशे नाय भरले , कराची चोरी किंवा कर आकारणीक विरोध हे कायद्याद्वारे अपराध असत","वेळेवर पैसे भरले नाहीत, कराची चोरी किंवा कर आकारणीक विरोध हे कायद्याद्वारे अपराध असते."
3986,714904,D2,Agriculture,15.0,कृषीशास्त्रात शास्त्रोक्त पद्धतीने शेती केली जाते,कृषीशास्त्रात शास्त्रोक्त पद्धतीने शेती केली जाते
3987,719691,D4,Agriculture,14.867,"प्रीतमने हरियाणातून एक बैल आणून त्याची पैदास केली आहे , हा बैल उच्च जातीचा आहे","प्रीतमने हरियाणातून एक बैल आणून त्याची पैदास केली आहे, हा बैल उच्च जातीचा आहे."
3988,710948,D1,Agriculture,15.0,मेंढ्याच्या चामड्यापासून बनवलेलो बेल्ट राजूच्या दुकानात गावता,मेंढ्याच्या चामड्यापासून बनवलेली बेल्ट राजूच्या दुकानात मिळाली
3989,716867,D2,Agriculture,15.0,जगात उत्पादित होणाऱ्या एकूण तेलापैकी तेहतीस टक्के तेल पामपासून तयार होते,जगात उत्पादित होणाऱ्या एकूण तेलापैकी तेहतीस टक्के तेल पामपासून तयार होते
3990,721584,D4,Agriculture,14.857,"सेंद्रिय शेतीमध्ये सेंद्रिय उत्पत्तीची खते , हिरवळीचे खत , बोन मील यांचा वापर होतो","सेंद्रिय शेतीमध्ये सेंद्रिय उत्पत्तीची खते, हिरवळीचे खत आणि बोन मील यांचा वापर होतो."
3991,708573,D1,Agriculture,15.0,हरितगृहाचो वापर थंड प्रदेशात जास्त केलो जाता,हरितगृहाचा वापर थंड प्रदेशात जास्त किलो जातो
3992,717070,D2,Banking,15.0,पैशाचे वेळेचे मूल्य तुम्हाला गुंतवणुकीच्या मूल्याचा आधार देते,पैशाचे वेळेचे मूल्य तुम्हाला गुंतवणुकीच्या मूल्याचा आधार देते
3993,719826,D4,Agriculture,14.846,"कडूलिंब , लौकी , कोथिंबीर , टरबूज या फळांवर कुजण्याच्या रोगाचा प्रादुर्भाव होतो","कडूलिंब, लौकी, कोथिंबीर आणि टरबूजांवर कुजण्याच्या रोगाचा प्रादुर्भाव होतो."
3994,707080,D1,Banking,15.0,इंटरनॅशनल बँक अकाउंट नंबर ह्या आंतरराष्ट्रीय स्तरावर मान्यता प्राप्त प्रणाली असा,इंटरनॅशनल बँक अकाउंट नंबर ही आंतरराष्ट्रीय स्तरावर मान्यताप्राप्त प्रणाली आहे.
3995,714272,D2,Agriculture,15.0,समुद्रमा जाई टाकी मासा पकडतंस त्याले समुद्र मत्स्यपालन म्हणतस,समुद्रात मासे पकडता तर त्याला समुद्र मत्स्यपालन म्हणतात
3996,720408,D4,Banking,14.846,हेज फंड विकिपीडिया पासून मुक्त विश्वकोश हेज फंड हा पूल गुंतवणूक निधी आहे,हेज फंड विकिपीडियापासून मुक्त विश्वकोश हेज फंड हा पूल गुंतवणूक निधी आहे
3997,707569,D1,Banking,15.0,डिजिटल इंडियाचो मुख्य हेतू भारतातल्या दुर्गम भागांचा डिजिटायझेशन करना ह्यो आसा,डिजिटल इंडियाचा मुख्य हेतू भारतातील दुर्गम भागांचे डिजिटायझेशन करणे आहे.
3998,715379,D2,Agriculture,15.0,एरोपोनिक्स प्रक्रियेद्वारे उगवणाऱ्या पिकांमध्ये पाणी आणि पोषकांची बचत होते,एरोपोनिक्स प्रक्रियेद्वारे उगवणाऱ्या पिकांमध्ये पाणी आणि पोषकांची बचत होते
3999,720260,D4,Banking,14.842,"पैसे कमी करून आपल्याला बचत खात्यातून पैसे कमी करावे लागतील , आपण एकाच वेळी अधिक पैसे काढू शकत नाही","पैसे कमी करून आपल्याला बचत खात्यातून पैसे कमी करावे लागतील, आपण एकाच वेळी अधिक पैसे काढू शकत नाही."
4000,710720,D1,Banking,15.0,डिजीटल इंडिया भारत सरकारचो एक उपक्रम असा ज्या अंतर्गत सरकारी विभाग देशाच्या जनतेसोबत जोडला जाऊ शकता,डिजिटल इंडिया भारत सरकारचे एक उपक्रम आहे ज्या अंतर्गत सरकारी विभाग देशाच्या जनतेसोबत जोडले जाऊ शकतात
