dialect_text,standard_text,dialect
"म्हाजी शेतात सोयाबीन पिकवले म्हाले, काय लाभ भेटत हाय?","माझ्या शेतात सोयाबीन पिकवले आहे, काय लाभ मिळत आहे?",D4
"हाय शेतात तुरीच्या पिकावर उष्णता लागली हाय, काय वाचनीय साधन करवतत?","आहे शेतात तुरीच्या पिकावर उष्णता आली आहे, काय वाचनीय साधन करून घेतात?",D4
"म्हाजी फळभाजूंची पिक लागली हाय, काय काळजी पायजे?","माझ्या फळभाजूंची पिक लागली आहे, काय काळजी पाहिजे?",D4
कायले शेतात क्रियाशील पाणी पुरवठा होत हाय?,कशामुळे शेतात क्रियाशील पाणी पुरवठा होत आहे?,D4
"हाय शेतावर कीड लागला हाय, काय क्रियाशील प्रतिकार करवतत?","आहे शेतावर कीड लागला आहे, काय क्रियाशील प्रतिकार करून घेतात?",D4
म्हाजी शेतात सोयाबीनला काय भाव भेटत हाय?,माझ्या शेतात सोयाबीनला काय भाव मिळत आहे?,D4
म्हाजी शेतात फळभाजूंची पिक कशा केली हाय?,माझ्या शेतात फळभाजूंची पिक कशी केली आहे?,D4
काय भाव भेटत हाय शेतात सोयाबीनले?,काय भाव मिळत आहे शेतात सोयाबीनला?,D4
हाय शेतात पाणी सारखे काय कार्यक्षमता दाखवली हाय?,आहे शेतात पाणी सारखे काय कार्यक्षमता दाखवली आहे?,D4
"म्हाजी शेतात फळभाजूंची पिकाची कापणी झाली हाय, काय व्यवस्था करवतत?","माझ्या शेतात फळभाजूंची पिकाची कापणी झाली आहे, काय व्यवस्था करून घेतात?",D4
"म्हाजी शेतात फव्वारा घातले हाय, पाणी सांडले काय पायजे?","माझ्या शेतात फव्वारा घातला आहे, पाणी सांडले पाहिजे?",D4
तुमाले पिकांना शेतात कोणत्या पीक सिंचनाचा वापर करतात हाय?,तुम्हाला पिकांना शेतात कोणत्या पीक सिंचनाचा वापर केला जातो हे काय आहे?,D4
"म्हाले हायवरी कीटनाशक फवारले हाय, कोणत्या त्याची काळजी घ्यावी पायजे?","मला हायवरी कीटनाशक फवारला आहे, कोणत्याची त्याची काळजी घ्यावी पाहिजी?",D4
"शेतात वाळूचे पीक काय भाव भेटत हाय, बाजारात काय मागणी असते हाय?","शेतात वाळूचे पीक काय भाव मिळत आहे, बाजारात काय मागणी असते?",D4
"म्हाजी पिकाला पाण्याची किती शेंडी प्रति एकर लागते हाय, सिंचाई व्यवस्था कशी असते हाय?","माझ्या पिकाला पाण्याची किती शेंडी प्रति एकर लागते आहे, सिंचाई व्यवस्था कशी असते?",D4
"तुमाले शेतात कोणत्या प्रकारच्या मातीचे पुरवठा करतात हाय, शेतकरी कोणत्या प्रकारची माती घेतात हाय?","तुम्हाला शेतात कोणत्या प्रकारच्या मातीचे पुरवठा केले जातात हे काय आहे?, शेतकरी कोणत्या प्रकारची माती घेतात हे काय आहे?",D4
म्हाले शेतात कोणत्या प्रकारच्या शेतमालाची काळजी घ्यावी पायजे?,मला शेतात कोणत्या प्रकारच्या शेतमालाची काळजी घ्यावी पाहिजी?,D4
"शेतात फव्वारा घातले हाय, पाण्याची किती शेंडी प्रति एकर लागते हाय?","शेतात फव्वारा घातला आहे, पाण्याची किती शेंडी प्रति एकर लागते आहे?",D4
म्हाजी बागेत कोणत्या रोगाची काळजी घ्यावी पायजे?,माझ्या बागेत कोणत्या रोगाची काळजी घ्यावी पाहिजी?,D4
"तुमाले शेतात कोणत्या प्रकारच्या बियांचे पुरवठा करतात हाय, फायदा काय होतो हाय?","तुम्हाला शेतात कोणत्या प्रकारच्या बियांचे पुरवठा केले जातात हे काय आहे?, फायदा काय होतो हे काय आहे?",D4
"कायले म्हाजी शेतात जाड पानाले झाड घेतले हाय, पालवी काय प्रकारची प्लास्टिक दोन हाय?","कशामुळे माझ्या शेतात जाड पानाले झाड घेतले जात आहे, पालवी किती प्रकारची प्लास्टिक देतात?",D4
"म्हाजी शेतात शेतकऱ्यांना जेवण देण्यात पोरगा मदत करते हाय, तुमाले काय भावाने कच्च्या भाताच्या लोणचे म्हातले हाय?","माझ्या शेतात शेतकऱ्यांना जेवण देण्यात मुलगा मदत करतो आहे, तुम्हाला किती भावाने कच्च्या भाताचे लोणचे मिळते?",D4
"म्हाजी शेतात मळणी करवतत हाय, पिकेचे मळणी करता तुमाले किती पैसे मिळत हाय?","माझ्या शेतात मळणी करून घेतात आहे, पिकेचे मळणी करता तुम्हाला किती पैसे मिळतात?",D4
"म्हाजी शेतात सिंचनाची प्रणाली म्हाले म्हणजे फिरती पंपची हाय, तुमाले काय प्रकारचा पाणी पुरवठा करते हाय?","माझ्या शेतात सिंचनाची प्रणाली माझी म्हणजे फिरती पंपची आहे, तुम्हाला काय प्रकारचा पाणी पुरवठा करता आहे?",D4
"म्हाजी शेतात विजेचे मोटर तुमाले काय भावाने देते हाय, म्हाले काय फायदा होतो हाय?","माझ्या शेतात विजेचे मोटर तुम्हाला किती भावाने देतात आहे, माझ्यावर काय फायदा होतो आहे?",D4
"म्हाजी शेतात कीड लागली हाय, काय औषध फवारले पायजे हाय?","माझ्या शेतात कीड लागली आहे, काय औषध फवारले पाहिजे?",D4
"म्हाजी शेतात शेतकऱ्यांना रोजगार देण्यात पोरगा मदत करते हाय, तुमाले काय वेतनाने शेतकऱ्यांना रोजगार देते हाय?","माझ्या शेतात शेतकऱ्यांना रोजगार देण्यात मुलगा मदत करतो आहे, तुम्हाला काय वेतनाने शेतकऱ्यांना रोजगार देता आहे?",D4
"म्हाजी शेतात मळणी करवतत हाय, पिकेचे मळणी करता तुमाले काय ग्रामीण उद्योग सुरू करू शकते हाय?","माझ्या शेतात मळणी करून घेतात आहे, पिकेचे मळणी करता तुम्हाला काय ग्रामीण उद्योग सुरू करू शकतात?",D4
"म्हाजी शेतात भाताची पिका घेतली हाय, म्हाले काय भावाने भाताची पिका मिळत हाय?","माझ्या शेतात भाताची पिका घेतली आहे, माझ्यावर काय भावाने भाताची पिका मिळत आहे?",D4
"म्हाजी शेतात सोनेरी कांदे लागले हाय, काय किती पैसे मिळत हाय?","माझ्या शेतात सोनेरी कांदे लागले आहेत, काय किती पैसे मिळतात?",D4
पोरगा शेतात उंबरठ्यावर तुरीची पिक कशी लावतो हाय?,मुलगा शेतात उंबरठ्यावर तुरीची पिक कशी लावतो?,D4
म्हाले शेतात कीडनाशक फवारून काय पायजे?,मला शेतात कीडनाशक फवारून काय पाहिजे?,D4
हाय म्हाजी शेतात जिरेवरी लागली आहे काय कशामुळे?,आहे माझ्या शेतात जिरेवरी लागली आहे काय कशामुळे?,D4
म्हाजी शेतात फळांची पिक काय काळजी घ्यावी पायजे?,माझ्या शेतात फळांची पिक काय काळजी घ्यावी पाहिजे?,D4
हाय शेतात दुष्काळ आला आहे काय पायजे?,आहे शेतात दुष्काळ आला आहे काय पाहिजे?,D4
म्हाजी शेतात पाण्याचा साठा कशी केला पायजे?,माझ्या शेतात पाण्याचा साठा कशी केला पाहिजे?,D4
म्हाले शेतात मळ कशी मुरून घ्यावी हाय?,मला शेतात मळ कशी मुरून घ्यावी?,D4
कायले म्हाजी शेतात जाड पाऊस आला आहे?,कशामुळे माझ्या शेतात जाड पाऊस आला आहे?,D4
म्हाजी शेतात बियाणे लावतांना काय काळजी घ्यावी पायजे?,माझ्या शेतात बियाणे लावतांना काय काळजी घ्यावी पाहिजे?,D4
म्हाजी शेतात पाला कोंबडे फार चावून घेत हाय.,माझ्या शेतात पाला कोंबडे फार चावून घेत आहेत.,D4
हाय तुमाले काय म्हणत होते की जाडपाणी आल्यावर माझी बागायत कशी भावत हाय?,तुम्हाले काय म्हणत होते की जाडपाणी आल्यावर माझी बागायत कशी भावते?,D4
हाय तुमाले शेतात जैविक कृषी पध्दती शिकवू काय पायजे?,तुम्हाले शेतात जैविक कृषी पध्दती शिकवू पाहिजे काय?,D4
पोरगा फार चिंतित आहे की ताज्या पावसाच्या नंतर माझी बागायत कशी भावत हाय?,मुलगा फार चिंतित आहे की ताज्या पावसाच्या नंतर माझी बागायत कशी भावते?,D4
म्हाजी बागायतीतील पिकाला काय औषध फवारले पायजे कायले कीड लागली हाय?,माझ्या बागायतीतील पिकाला काय औषध फवारले पाहिजे कशामुळे कीड लागली आहे?,D4
"हाय तुमाले बागायतीची कापणी कशा करतात हाय, म्हाजी बागायतीची कापणी हाय.",तुम्हाले बागायतीची कापणी कशा करतात आहे? माझ्या बागायतीची कापणी आहे.,D4
"म्हाले शेतात जास्त किड-पतंगी आहे हाय, बागायतीची काळजी म्हाले पाहिजे पायजे?",मला शेतात जास्त किड-पतंगी आहे आहे. बागायतीची काळजी मला पाहिजे काय?,D4
"पोरग्याचे पिक म्हाजी शेतात बियाणे पेरले हाय, किती दिवसांनी हिरवणी घेतले पायजे?","मुलाचे पिक माझ्या शेतात बियाणे पेरले आहे, किती दिवसांनी हिरवणी घेतली पाहिजे?",D4
"म्हाजी शेतात गवताची कापणी करावी हाय, जून महिन्यात किती रुपये प्रति क्विंटल मिळत हाय?","माझ्या शेतात गवताची कापणी करावी आहे, जून महिन्यात किती रुपये प्रति क्विंटल मिळत आहे?",D4
"तुमाले शेतात ज्वाराची पिक कशी घ्यावी हाय, जुलै महिन्यात काय तापमानाची अपेक्षा हाय?","तुम्हाला शेतात ज्वाराची पिक कशी घ्यावी आहे, जुलै महिन्यात काय तापमानाची अपेक्षा आहे?",D4
"शेतात पिकाची कीड नियंत्रणासाठी काय औषध फवारले हाय, काय प्रमाणात फवारावे पायजे?","शेतात पिकाची कीड नियंत्रणासाठी काय औषध फवारले आहे, काय प्रमाणात फवारावे पाहिजे?",D4
"म्हाले शेतात सोयाबीनची पिक करावी हाय, एप्रिल महिन्यात किती पेशी घ्यावी हाय?","मला शेतात सोयाबीनची पिक करावी आहे, एप्रिल महिन्यात किती पेशी घ्यावी आहे?",D4
"म्हाजी शेतात कापूसची पिक घेण्यासाठी काय विशेष आहे हाय, किती दिवसांनी हिरवणी घेतले पायजे?","माझ्या शेतात कापूसची पिक घेण्यासाठी काय विशेष आहे, किती दिवसांनी हिरवणी घेतली पाहिजे?",D4
"तुमाले शेतात उंबरठ्यावर काय काम करावे हाय, जून महिन्यात काय तापमानाची अपेक्षा हाय?","तुम्हाला शेतात उंबरठ्यावर काय काम करावे आहे, जून महिन्यात काय तापमानाची अपेक्षा आहे?",D4
"शेतात पिकाची बियाणे पेरणी कशी करावी हाय, एप्रिल महिन्यात किती पेशी घ्यावी हाय?","शेतात पिकाची बियाणे पेरणी कशी करावी आहे, एप्रिल महिन्यात किती पेशी घ्यावी आहे?",D4
"म्हाजी शेतात दुधाची पिक घेण्यासाठी काय विशेष आहे हाय, जून महिन्यात किती रुपये प्रति क्विंटल मिळत हाय?","माझ्या शेतात दुधाची पिक घेण्यासाठी काय विशेष आहे, जून महिन्यात किती रुपये प्रति क्विंटल मिळत आहे?",D4
"तुमाले शेतात ज्वाराची पिक घेण्यासाठी काय विशेष आहे हाय, जानेवारी महिन्यात काय तापमानाची अपेक्षा हाय?","तुम्हाला शेतात ज्वाराची पिक घेण्यासाठी काय विशेष आहे, जानेवारी महिन्यात काय तापमानाची अपेक्षा आहे?",D4
"म्हाजी शेतात पिकाची हिरवणी कशी घ्यावी हाय, जून महिन्यात काय तापमानाची अपेक्षा हाय?","माझ्या शेतात पिकाची हिरवणी कशी घ्यावी आहे, जून महिन्यात काय तापमानाची अपेक्षा आहे?",D4
"म्हाले कोणी शेतात जाळीचे कार्यक्रम सुरू केले हाय, त्याची वेळा काय आहे पायजे?","तुम्हाला कोणी शेतात जाळीचे कार्यक्रम सुरू केले आहे, त्याची वेळा काय आहे पाहिजे?",D4
"म्हाजी शेतात कापूसची पिक कसा केली हाय, काय बाजारातील भाव आहे हाय?","माझ्या शेतात कापूसची पिक कशी केली आहे, बाजारातील भाव काय आहे?",D4
"तुमाले शेतात रासायनिक खत कसा वापरावा हाय, काय प्रकारे पुरवठा होतो हाय?","तुम्हाला शेतात रासायनिक खत कसा वापरणे आहे, काय प्रकारे पुरवठा होतो?",D4
"म्हाले शेतात निसर्गसंवर्धनाचे कार्यक्रम कसे सुरू केले हाय, त्याच्या फायद्या काय आहे हाय?","तुम्हाला शेतात निसर्गसंवर्धनाचे कार्यक्रम कसे सुरू केले आहे, त्याच्या फायद्या काय आहेत?",D4
"हाय माथून सावल्या पाण्याचे वाटप कसे केले हाय, काय प्रकारे शेतात वापरावा हाय?","हे मधून सावल्या पाण्याचे वाटप कसे केले आहे, शेतात काय प्रकारे वापरणे आहे?",D4
"करवतत शेतात निर्यातीसाठी उत्पादनाची तयारी कसी केली हाय, काय प्रक्रिया होती हाय?","शेतात निर्यातीसाठी उत्पादनाची तयारी कशी केली आहे, काय प्रक्रिया होती?",D4
"पायजे शेतात जैविक कृषी पद्धतीने उत्पादन कसे तयार केले हाय, काय प्रकारे फायदे आहे हाय?","पाहिजे शेतात जैविक कृषी पद्धतीने उत्पादन कसे तयार केले आहे, काय फायदे आहेत?",D4
"कायले शेतात पीक संरक्षणासाठी काय प्रकारे उपाय केले हाय, काय प्रकारे प्रतिबंध आहे हाय?","कशामुळे शेतात पीक संरक्षणासाठी काय उपाय केले आहेत, काय प्रतिबंध आहेत?",D4
"म्हाले शेतात सिंचाईसाठी जतन कसे केले हाय, काय प्रकारे पाणी वापरले हाय?","तुम्हाले शेतात सिंचाईसाठी जतन कसे केले आहे, काय प्रकारे पाणी वापरले आहे?",D4
"पोरगा शेतात पिक वाढवण्यासाठी काय प्रकारे शेतकऱ्यांना मदत केली हाय, काय प्रकारे फायदे होते हाय?","मुलगा शेतात पिक वाढवण्यासाठी काय प्रकारे शेतकऱ्यांना मदत केली आहे, काय फायदे होते?",D4
म्हाजी शेतात गोळा करण्यासाठी कसे काय साधने वापरले म्हाले?,माझ्या शेतात गोळा करण्यासाठी कसे काय साधने वापरली?,D4
तुम्ही शेतात पिकांची सुरुवात कशी कराले? पायजे,तुम्ही शेतात पिकांची सुरुवात कशी कराल? पाहिजे,D4
"शेतात गायांची पाळणी कशी करावी हाय, पायजे",शेतात गायांची पाळणी कशी करावी आहे? पाहिजे,D4
म्हाजी कारखान्यात पिकांचे साठवण कशी करतात हाय?,माझ्या कारखान्यात पिकांचे साठवण कशी करतात आहे?,D4
"शेतात बारडी कशी वाढवतात हाय, पोरगा",शेतात बारडी कशी वाढवतात आहे? मुलगा,D4
"तुम्ही शेतात कसे काय कीटनाशक वापरतात हाय, माथून?",तुम्ही शेतात कसे काय कीटनाशक वापरतात आहे? मधून,D4
"म्हाजी शेतात कोणते पीक फायदेशीर आहे हाय, कायले?",माझ्या शेतात कोणते पीक फायदेशीर आहे? कशामुळे,D4
"तुम्ही शेतात कसे काय कोळंबीचे रोग निर्माण होतात हाय, पायजे?",तुम्ही शेतात कसे काय कोळंबीचे रोग निर्माण होतात आहे? पाहिजे,D4
म्हाजी शेतात कसे काय जैविक पिकांची वाढी होते हाय?,माझ्या शेतात कसे काय जैविक पिकांची वाढी होते आहे?,D4
"शेतात पाण्याची व्यवस्था कशी करतात हाय, पोरगा?",शेतात पाण्याची व्यवस्था कशी करतात आहे? मुलगा,D4
"म्हाजी धान्य पेरणी होणारी आहे, काय पावसाची खाली पाऊस होतो हाय?","माझ्या धान्य पेरणी होणार आहे, काय पावसाची खाली पाऊस होतो आहे?",D4
शेतात गायी पाळण्यात काय वाईट लागले तुमाले?,शेतात गायी पाळण्यात काय वाईट म्हणून आले तुम्हाला?,D4
"म्हाले सोयाबीनची पिका लावली आहे, काय हाताने काढले पायजे?","मला सोयाबीनची पिका लावली आहे, काय हाताने काढले पाहिजे?",D4
हाय शेतात क्षीरपात पेरणी करावी काय पायजे?,आहे शेतात क्षीरपात पेरणी करावी काय पाहिजे?,D4
"म्हाजी शेतात कोळंबी पाळणारा आहे, म्हाले काय शेती करतात हाय?","माझ्या शेतात कोळंबी पाळणारा आहे, मला काय शेती करतात आहे?",D4
"तुमाले शेतात क्षीरपात काढणी करू नका हाय, काय होणार कायले?","तुम्हाला शेतात क्षीरपात काढणी करू नका आहे, काय होणार कशामुळे?",D4
"म्हाजी शेतात बांबूशाही पाळणारा आहे, काय पाला फोडले हाय?","माझ्या शेतात बांबूशाही पाळणारा आहे, काय पाला फोडले आहे?",D4
"हाय शेतात बाजरीची पिका लावली आहे, काय काढले तुमाले?","आहे शेतात बाजरीची पिका लावली आहे, काय काढले तुम्हाला?",D4
म्हाले शेतात कोळंबी पाळण्यात काय वाईट लागले हाय?,मला शेतात कोळंबी पाळण्यात काय वाईट म्हणून आले आहे?,D4
"तुमाले शेतात क्षीरपात पेरणी करू नका हाय, काय होणार कायले?","तुम्हाला शेतात क्षीरपात पेरणी करू नका आहे, काय होणार कशामुळे?",D4
"म्हाजी शेतात फवारे घेतले हाय, किती पाणी प्रतिदिनी पायजे?","माझ्या शेतात फवारे घेतले आहे, किती पाणी प्रतिदिनी पाहिजे?",D4
"शेतात तुम्हाले खताचे पुरवठा केले काय, हाय?",शेतात तुम्हाला खताचे पुरवठा केले काय आहे?,D4
"म्हाजी बागेत काय पीक घेतले हाय, पोरगा?",माझ्या बागेत काय पीक घेतले आहे?,D4
शेतात काय कीड नियंत्रणाचे उपाय पायजे?,शेतात काय कीड नियंत्रणाचे उपाय पाहिजे?,D4
"म्हाले शेतात फसलीची नमुनेदारी करवतत हाय, काय कारण कायले?","माळा शेतात फसलीची नमुनेदारी करून घेतात, काय कारण आहे?",D4
"शेतात सिंचनाचे प्रक्रम पायजे हाय, पोरगा.",शेतात सिंचनाचे प्रक्रम पाहिजे आहे.,D4
म्हाजी शेतात काय प्रकारच्या मळाचे नियंत्रण करवतत हाय?,माझ्या शेतात काय प्रकारच्या मळाचे नियंत्रण करून घेतात?,D4
"शेतात उष्णकटिबंधीय शेती करवतत हाय, काय फायदे कायले?","शेतात उष्णकटिबंधीय शेती करून घेतात, काय फायदे आहेत?",D4
"बागेत पानाचे पाने म्हाजी पायजे हाय, पोरगा.",बागेत पानाचे पाने माझ्या पाहिजे आहे.,D4
"म्हाजी शेतात मेढे पाडण्याची कामे होत हाय, पाल्याची बेले किती जमीन वरती हाय?","माझ्या शेतात मेढे पाडण्याची कामे होत आहेत, पाल्याची बेले किती जमीन वरती आहेत?",D4
"म्हाले शेतात गाजरची पेरणी झाली हाय, किती गाजराची पीक आहे हाय?","माळे शेतात गाजरची पेरणी झाली आहे, किती गाजराची पीक आहे?",D4
"म्हाजी सोयाबीनची पेरणी करवतत, किती दिवसांनी कापणी हाय?","माझी सोयाबीनची पेरणी करून घेतात, किती दिवसांनी कापणी होते?",D4
"पोरगा शेतात घोडी रांगवली हाय, किती घोड्यांचे काम होत हाय?","मुलगा शेतात घोडी रांगवली आहे, किती घोड्यांचे काम होत आहे?",D4
"म्हाजी पिकाची उरकी झाली हाय, किती उरक्याची मालमत्ता आहे हाय?","माझ्या पिकाची उरकी झाली आहे, किती उरक्याची मालमत्ता आहे?",D4
"म्हाले शेतात सोयाबीनची बिया पेरत हाय, किती बिया पेरल्या हाय?","माळे शेतात सोयाबीनची बिया पेरत आहे, किती बिया पेरल्या आहेत?",D4
"म्हाजी शेतात घोड्यांची पायजे किती हाय, किती घोडे आहेत हाय?","माझ्या शेतात घोड्यांची पाहिजे किती आहे, किती घोडे आहेत?",D4
"तुमाले शेतात तुरीची पेरणी केली हाय, किती तुरी पीक आहे हाय?","तुम्हाले शेतात तुरीची पेरणी केली आहे, किती तुरी पीक आहे?",D4
"म्हाजी शेतात मेढ्यांची कामे होत हाय, किती मेढे आहेत हाय?","माझ्या शेतात मेढ्यांची कामे होत आहेत, किती मेढे आहेत?",D4
"म्हाले शेतात पिकाची कापणी झाली हाय, किती पीक कापले हाय?","माळे शेतात पिकाची कापणी झाली आहे, किती पीक कापले आहे?",D4
"म्हाजी शेतात गोळा झाडांची जाळणी केली हाय, नंतर काय वळणे घेतले पायजे?","माझ्या शेतात गोळा झाडांची जाळणी केली आहे, नंतर काय वळणे घेतले पाहिजे?",D4
"शेतात तुरीच्या पिकावर कीड लागली हाय, काय औषध फवारले पायजे?","शेतात तुरीच्या पिकावर कीड लागली आहे, काय औषध फवारले पाहिजे?",D4
"म्हाले पिकांची मिरगी झाली हाय, पुढे काय करणे पोरगा?","मला पिकांची मिरगी झाली आहे, पुढे काय करणे मुलगा?",D4
"म्हाजी शेतात दुधाची फळी येत नाही हाय, काय प्रक्रिया सुरू केली पायजे?","माझ्या शेतात दुधाची फळी येत नाही आहे, काय प्रक्रिया सुरू केली पाहिजे?",D4
"शेतात मासळीची लागवड झाली हाय, काय देखभाल करावी पायजे?","शेतात मासळीची लागवड झाली आहे, काय देखभाल करावी पाहिजे?",D4
"म्हाले शेतात पाण्याची कमतरता आहे हाय, काय पावसाचे प्रकार फुटले पायजे?","मला शेतात पाण्याची कमतरता आहे आहे, काय पावसाचे प्रकार फुटले पाहिजे?",D4
"म्हाजी शेतात तांदळाची पिक झाली हाय, काय उत्पादन मिळेल हाय?","माझ्या शेतात तांदळाची पिक झाली आहे, काय उत्पादन मिळेल आहे?",D4
"शेतात पिंपळ्याची फळी येत नाही हाय, काय कारणे आहेत पायजे?","शेतात पिंपळ्याची फळी येत नाही आहे, काय कारणे आहेत पाहिजे?",D4
"म्हाले शेतात मावसात कीड पसरले हाय, काय कारक प्रक्रिया सुरू करावी पोरगा?","मला शेतात मावसात कीड पसरले आहे, काय कारक प्रक्रिया सुरू करावी मुलगा?",D4
"म्हाजी शेतात बाजरीची पिक झाली हाय, काय विविध प्रकारे वापरतात हाय?","माझ्या शेतात बाजरीची पिक झाली आहे, काय विविध प्रकारे वापरतात आहे?",D4
"म्हाजी शेतात तुरीची पिका म्हाले फसवली हाय, तुमाले सांगा काय काम होत हाय?","माझ्या शेतात तुरीची पिका मला फसवली आहे, तुम्हाला सांगा काय काम होत आहे?",D4
"बाजारात म्हाजी शेंगदाणे लोकांना काय भाव भेटत हाय, म्हाले पोरगा खायचे आहेत हाय?","बाजारात माझ्या शेंगदाणे लोकांना काय भाव मिळत आहे, मला मुलगा खायचे आहेत?",D4
"म्हाजी शेतात म्हाले पानाची बाली झाली हाय, कायले ही काय काम होत हाय?","माझ्या शेतात मला पानाची बाली झाली आहे, कशामुळे ही काम होत आहे?",D4
"शेतात म्हाजी धान्याची कापणी करवतत हाय, तुमाले सांगा काय पैसे मिळत हाय?","शेतात माझ्या धान्याची कापणी करून घेतात आहे, तुम्हाला सांगा काय पैसे मिळत आहे?",D4
"म्हाजी शेतात म्हाले फळी पाली हाय, हाय पोरगा खायचे आहेत हाय?","माझ्या शेतात मला फळी पाली आहे, आहे पोरगा खायचे आहेत?",D4
"बाजारात म्हाजी कांदे लोकांना काय भाव भेटत हाय, म्हाले पोरगा खायचे आहेत हाय?","बाजारात माझ्या कांदे लोकांना काय भाव मिळत आहे, मला मुलगा खायचे आहेत?",D4
"म्हाजी शेतात म्हाले बागायती करवतत हाय, तुमाले सांगा काय पैसे मिळत हाय?","माझ्या शेतात मला बागायती करून घेतात आहे, तुम्हाला सांगा काय पैसे मिळत आहे?",D4
"शेतात म्हाजी शेंगदाणे म्हाले फसवली हाय, कायले ही काय काम होत हाय?","शेतात माझ्या शेंगदाणे मला फसवली आहे, कशामुळे ही काम होत आहे?",D4
"म्हाजी शेतात म्हाले फाली म्हाजी हाय, हाय पोरगा खायचे आहेत हाय?","माझ्या शेतात मला फाली माझी आहे, आहे पोरगा खायचे आहेत?",D4
"बाजारात म्हाजी शेंगदाणे लोकांना काय भाव भेटत हाय, म्हाले पोरगा खायचे आहेत हाय?","बाजारात माझ्या शेंगदाणे लोकांना काय भाव मिळत आहे, मला मुलगा खायचे आहेत?",D4
तुमाले शेतात कोणती उष्णकटिबंधीय फळवृक्षे लावली हाय?,तुम्हाला शेतात कोणती उष्णकटिबंधीय फळवृक्षे लावली आहेत?,D4
"म्हाजी कोळंबी पीकावर कीड लागला हाय, काय कीटकनाशक फवारले पायजे?","माझ्या कोळंबी पीकावर कीड लागला आहे, काय कीटकनाशक फवारले पाहिजे?",D4
"म्हाले शेतात कांदे लावले हाय, काय किमती आहेत तुमाले?","मला शेतात कांदे लावले आहेत, काय किमती आहेत तुम्हाला?",D4
हाय म्हाजी शेतात पाण्याची किंमत काय भेटत हाय?,हे आहे माझ्या शेतात पाण्याची किंमत काय भेटत आहे?,D4
"म्हाजी शेतात कोणते रासायनिक खत फवारले हाय, पोरगा काय म्हणतात?","माझ्या शेतात कोणते रासायनिक खत फवारले आहे, मुलगा काय म्हणतात?",D4
कायले तुमाले शेतात कोणती फळबागा लावली हाय?,कशामुळे तुम्हाला शेतात कोणती फळबागा लावली आहेत?,D4
"म्हाले शेतात कोणते तण फवारले हाय, तुमाले काय म्हणतात कारण?","मला शेतात कोणते तण फवारले आहेत, तुम्हाला काय म्हणतात कारण?",D4
"म्हाजी शेतात कोणते गोळा फवारले हाय, पोरगा काय काय कामगिरी करतात?","माझ्या शेतात कोणते गोळा फवारले आहे, मुलगा काय काय कामगिरी करतात?",D4
"हाय म्हाजी शेतात कोणती फळे लागली हाय, काय भाव भेटत हाय?","हे आहे माझ्या शेतात कोणती फळे लागली आहेत, काय भाव भेटत आहे?",D4
"म्हाले शेतात कोणती उष्णकटिबंधीय फळवृक्षे लावले हाय, तुमाले काय काय काय कामगिरी करतात?","मला शेतात कोणती उष्णकटिबंधीय फळवृक्षे लावले आहेत, तुम्हाला काय काय कामगिरी करतात?",D4
"म्हाजी गायीचे पाळणे सुरू केले हाय, दहा तासांत पायजे?","माझ्या गायीचे पाळणे सुरू केले आहे, दहा तासांत पाहिजे?",D4
"शेतात कांद्याचे पेरणे केले हाय, पेरतांना काय गोष्टी लक्षात घ्याव्या हाय?","शेतात कांद्याचे पेरणे केले आहे, पेरतांना काय गोष्टी लक्षात घ्याव्या आहेत हे?",D4
"म्हाले शेतात जिरीचे पिक केले हाय, त्याची किमती काय आहे हाय?","मला शेतात जिरीचे पिक केले आहे, त्याची किमती काय आहे?",D4
सोयाबीनचे बियांचे उत्पादन शेतात किती हाय?,सोयाबीनचे बियांचे उत्पादन शेतात किती आहे?,D4
"म्हाजी शेतात फणसाची पिक केली हाय, फणसाच्या पानांचा उपयोग काय हाय?","माझ्या शेतात फणसाची पिक केली आहे, फणसाच्या पानांचा उपयोग काय आहे?",D4
"शेतात मक्याचे पेरणे केले हाय, पेरतांना काय लक्षात घ्यावे हाय?","शेतात मक्याचे पेरणे केले आहे, पेरतांना काय लक्षात घ्यावे आहे?",D4
म्हाले शेताला किती पाणी द्यावे हाय?,मलाला शेताला किती पाणी द्यावे आहे?,D4
"सोयाबीनची कापणी केली हाय, सोयाबीनची किमती काय हाय?","सोयाबीनची कापणी केली आहे, सोयाबीनची किमती काय आहे?",D4
"म्हाजी शेतात भाताची पिक केली हाय, भाताची किंमत काय हाय?","माझ्या शेतात भाताची पिक केली आहे, भाताची किंमत काय आहे?",D4
"शेतात कांद्याची पिक केली हाय, कांद्याच्या पानांचा उपयोग काय हाय?","शेतात कांद्याची पिक केली आहे, कांद्याच्या पानांचा उपयोग काय आहे?",D4
"म्हाजी शेतात बियाण्याची लागवड केली हाय, काय काळजी घ्यावी पायजे?","माझ्या शेतात बियाण्याची लागवड केली आहे, काय काळजी घ्यावी पाहिजे?",D4
"सरकारी योजनेंतर्गत शेतीचे ऋण दोन टक्के बाजारभावाने मिळते हाय, म्हाले काय लागेल पोरगाच्या नावे?","सरकारी योजनेंतर्गत शेतीचे ऋण दोन टक्के बाजारभावाने मिळत आहे, मला काय लागेल मुलगाच्या नावे?",D4
"शेतात फवारे पाणी पुरवले तयाच्या पिकाच्या पानांवर दिसत हाय, कायले तुरीची पिका सांभाळणे कठीण असते का?","शेतात फवारे पाणी पुरवले तेव्हा तिच्या पिकाच्या पानांवर दिसत आहे, कशामुळे तुरीची पिका सांभाळणे कठीण असते?",D4
"म्हाजी शेतात पाण्याची कमतरता पडली हाय, स्थानिक नियोजन प्राधिकाऱ्यांकडून काय मदत मिळेल?","माझ्या शेतात पाण्याची कमतरता पडली आहे, स्थानिक नियोजन प्राधिकाऱ्यांकडून काय मदत मिळेल?",D4
"कृषी विभागाच्या माध्यमातून शेतकऱ्यांच्या मानधनाचे भरणे केले जाते हाय, तुमाले काय प्रतिक्रिया दिली असेल?","कृषी विभागाच्या माध्यमातून शेतकऱ्यांच्या मानधनाचे भरणे केले जात आहे, तुम्हाला काय प्रतिक्रिया दिली असेल?",D4
"शेतात पिकांची क्षयक्षयामुळे नुकसान झाले हाय, म्हाले काय पायजे शेतकऱ्यांना सांभाळण्यासाठी केले पाहिजे?","शेतात पिकांची क्षयक्षयामुळे नुकसान झाले आहे, मला काय पाहिजे शेतकऱ्यांना सांभाळण्यासाठी केले पाहिजे?",D4
"सरकारी योजनेंतर्गत शेतकऱ्यांना दिले जाणारे पीक भाव आधी निश्चित करण्याची व्यवस्था केली हाय, म्हाजी पिकांचा भाव काय होतो?","सरकारी योजनेंतर्गत शेतकऱ्यांना दिले जाणारे पीक भाव आधी निश्चित करण्याची व्यवस्था केली आहे, माझ्या पिकांचा भाव काय होतो?",D4
"शेतात सिंचाईच्या साधनांचे नवीनीकरण करण्याची कामे सुरू केली हाय, तुमाले सिंचाईच्या साधनांचे काय फायदे सांगितले असतील?","शेतात सिंचाईच्या साधनांचे नवीनीकरण करण्याची कामे सुरू केली आहे, तुम्हाला सिंचाईच्या साधनांचे काय फायदे सांगितले असतील?",D4
"शेतकऱ्यांच्या पिकांचे कारखाने संबंधित ग्रामपंचायतींकडून मंजूर केले जातात हाय, कायले मंजूरी मिळवण्यासाठी शेतकऱ्यांना काय काळजी घ्यावी?","शेतकऱ्यांच्या पिकांचे कारखाने संबंधित ग्रामपंचायतींकडून मंजूर केले जात आहे, कशामुळे मंजूरी मिळवण्यासाठी शेतकऱ्यांना काय काळजी घ्यावी?",D4
"शेतात रासायनिक खते वापरण्याची पूर्ण व्यवस्था केली हाय, म्हाजी पिकांमध्ये काय फायदे झाले आहेत?","शेतात रासायनिक खते वापरण्याची पूर्ण व्यवस्था केली आहे, माझ्या पिकांमध्ये काय फायदे झाले आहेत?",D4
"म्हाजी फळांचा उतारा आला हाय, तुमाले सांभर तयार केला पायजे?","माझ्या फळांचा उतारा आला आहे, तुम्हाला सांभर तयार केला पाहिजे?",D4
शेतात बटाटा पिकाला पाण्याचा साठा कशामुळे हाय?,शेतात बटाटा पिकाला पाण्याचा साठा कशामुळे आहे?,D4
"म्हाले बाजारात शेंगदाणे लागतात हाय, किती दहा रुपये प्रति किलो पोरगा?","मला बाजारात शेंगदाणे लागतात आहे, किती दहा रुपये प्रति किलो मुलगा?",D4
"कोणाला शेतात कच्चा कोपरा लागतो हाय, तुमाले काय केले पायजे?","कोणाला शेतात कच्चा कोपरा लागतो आहे, तुम्हाला काय केले पाहिजे?",D4
म्हाजी मावसात तुरीची पिकाला काय फवारणी करवतत हाय?,माझ्या मावसात तुरीची पिकाला काय फवारणी करून घेतात आहे?,D4
"शेतात धान्याची काळजी करवतत हाय, कुणाला मिळेल 20 टन धान्य पोरगा?","शेतात धान्याची काळजी करून घेतात आहे, कुणाला 20 टन धान्य मिळेल मुलगा?",D4
म्हाले कोणाला शेतात कांदे पिकवायला म्हाजी मदत करवतत हाय?,मला कोणाला शेतात कांदे पिकवायला माझी मदत करून घेतात आहे?,D4
"शेतात जावू साठी, फळांची काळजी करवतत हाय, काय फवारणी करावी पायजे?","शेतात जावू साठी, फळांची काळजी करून घेतात आहे, काय फवारणी करावी पाहिजे?",D4
म्हाजी वर्षात शेतात कोणती फळे म्हाले कोणाला लागतात हाय?,माझ्या वर्षात शेतात कोणती फळे मला कोणाला लागतात आहे?,D4
"शेतात धान्याच्या पिकाची काळजी करवतत हाय, किती टन धान्य मिळेल पोरगा?","शेतात धान्याच्या पिकाची काळजी करून घेतात आहे, किती टन धान्य मिळेल मुलगा?",D4
"वर्षातल्या शेतात पानाची लागण झाली हाय, काय काळजी घ्यावी पोरगाला?","वर्षातल्या शेतात पानाची लागण झाली आहे, काय काळजी घ्यावी मुलाला?",D4
म्हाजी भाजीपाला पाणी देतात तेव्हा त्याला काय मिळत हाय?,माझ्या भाजीपाला पाणी देतात तेव्हा त्याला काय मिळत आहे?,D4
"शेतात मूळणी सुरु झाली हाय, सगळी शेतकरी एकत्र आले हाय","शेतात मूळणी सुरु झाली आहे, सगळे शेतकरी एकत्र आले आहेत",D4
म्हाला बांबूचे झाड लावण्यास पायजे?,मला बांबूचे झाड लावण्यास पाहिजे?,D4
कोळंबीच्या पिकाला काय विशेष आहे हाय?,कोळंबीच्या पिकाला काय विशेष आहे?,D4
तुमाले शेतात कोणता काळजीपूर्वक पिके घेतात हाय?,तुम्हाला शेतात कोणता काळजीपूर्वक पिके घेतात?,D4
"म्हाजी मिठाईच्या पिकाचे दाणे मोठे झाले हाय, काय काय करावे पोरगाला?","माझ्या मिठाईच्या पिकाचे दाणे मोठे झाले आहे, काय काय करावे मुलाला?",D4
वर्षातल्या शेतात कोणती पिके कापून घ्यावी हाय?,वर्षातल्या शेतात कोणती पिके कापून घ्यावी?,D4
"शेतात रासायनिक खत फवारले हाय, काय काय काळजी घ्यावी पोरगाला?","शेतात रासायनिक खत फवारले आहे, काय काय काळजी घ्यावी मुलाला?",D4
"म्हाजी तळी निरोगी आहेत, म्हातारे म्हज्या पिकाला काय विशेष आहे हाय?","माझ्या तळी निरोगी आहेत, म्हातारे माझ्या पिकाला काय विशेष आहे?",D4
म्हाजी शेतात धान्याची रोपे घालण्यासाठी म्हाले कोणते पिक लावले पायजे?,माझ्या शेतात धान्याची रोपे घालण्यासाठी मला कोणते पिक लावणे पाहिजे?,D4
"हाय, म्हाजी शेतात पाण्याची व्यवस्था चांगली आहे काय?","आहे, माझ्या शेतात पाण्याची व्यवस्था चांगली आहे का?",D4
"म्हाजी म्हाले गाय दुधारी आहेत, हाय त्यांचे दूध गोणले काय?","माझ्या मला गाय दुधारी आहेत, आहे त्यांचे दूध गोणले काय?",D4
म्हाजी शेतात म्हाले कोणते पिक फार फायदेशीर आहे?,माझ्या शेतात मला कोणते पिक फार फायदेशीर आहे?,D4
"हाय, शेतात कोणते जंतुनाशक फवारले पायजे?","आहे, शेतात कोणते जंतुनाशक फवारले पाहिजे?",D4
म्हाजी शेतात म्हाले कोणते दुर्गंध निर्माण होतो?,माझ्या शेतात मला कोणते दुर्गंध निर्माण होतो?,D4
म्हाजी शेतात म्हाले कोणते पिक जास्त पाणी वापरतो?,माझ्या शेतात मला कोणते पिक जास्त पाणी वापरतो?,D4
"हाय, शेतात कोणते पिक जास्त उत्पादन देते?","आहे, शेतात कोणते पिक जास्त उत्पादन देते?",D4
म्हाजी शेतात जिर्याचे पीक घ्यायला येते काय?,माझ्या शेतात जिर्याचे पीक घ्यायला येते का?,D4
तुमाले शेतात सोयाबीन कशाला घेतली हाय?,तुम्हाला शेतात सोयाबीन कशाला घेतली आहे?,D4
"म्हालया शेतात कीड दिसत हाय, काय करवतत?","माझ्या शेतात कीड दिसत आहे, काय करून घेतात?",D4
म्हाल्या शेतात पिकाची काळजी काय पाहिजे हाय?,माझ्या शेतात पिकाची काळजी काय पाहिजे आहे?,D4
पोरगा शेतात काय काम करतो हाय?,मुलगा शेतात काय काम करत आहे?,D4
म्हालया शेतात जिर्याचे पीक लागते काय?,माझ्या शेतात जिर्याचे पीक लागत आहे?,D4
हाय शेतात सोयाबीन कशाला नेणारी?,शेतात सोयाबीन कशाला नेणार आहे?,D4
म्हालया शेतात कोणते पीक लागते हाय?,माझ्या शेतात कोणते पीक लागत आहे?,D4
तुमाले शेतात काय काम करतात हाय?,तुम्हाला शेतात काय काम करत आहे?,D4
म्हालया शेतात कोणती काळजी पाहिजे हाय?,माझ्या शेतात कोणती काळजी पाहिजे आहे?,D4
"म्हाजी शेतात जिराला पेरले म्हाले, त्याचा काय लाभ हाय?","माझ्या शेतात जिराला पेरले, त्याचा काय लाभ आहे?",D4
शेतात फवारणी करतांना किती पाणी वापरले म्हाजी?,शेतात फवारणी करतांना किती पाणी वापरले आहे?,D4
तुम्हाला शेतात धान्याचा उत्पादन होण्यासाठी काय प्रक्रिया करावी हाय?,तुम्हाला शेतात धान्याचा उत्पादन होण्यासाठी काय प्रक्रिया करावी?,D4
म्हाजी शेतात सोयाबीन उगवण्यासाठी काय माती आहे पायजे?,माझ्या शेतात सोयाबीन उगवण्यासाठी काय माती आहे?,D4
भाताची लागवड करतांना किती दिवस प्रतीक्षा करावी हाय?,भाताची लागवड करतांना किती दिवस प्रतीक्षा करावी?,D4
कोणत्या हंगामात बाजरी उगवणे पोरगा योग्य आहे?,कोणत्या हंगामात बाजरी उगवणे मुलगा योग्य आहे?,D4
शेतात फसवणूक होण्याच्या चौकशीला म्हाले कोणी जाणे हाय?,शेतात फसवणूक होण्याच्या चौकशीला कोणी जाणे आहे?,D4
म्हाजी नावीची लागवड कश्या वेळेला होते म्हाले?,माझ्या नावीची लागवड कश्या वेळेला होते?,D4
"कोणती जातीची मासेमारी करावी हाय, ती कश्या प्रकारे होते?","कोणती जातीची मासेमारी करावी, ती कश्या प्रकारे होते?",D4
म्हाजी शेतात दोनवेळी पाणी फवारणी करावी पायजे का?,माझ्या शेतात दोनवेळी पाणी फवारणी करावी का?,D4
"म्हाजी शेतात रब्बी सागवानी वाढवीत आहे, किती दिवसांनी कोपर्या लागतील हाय?","माझ्या शेतात रब्बी सागवानी वाढवीत आहे, किती दिवसांनी कोपर्या लागू शील?",D4
"शेतात माझ्या पिकाची कापणी झाली हाय, काय प्रक्रिया असते बांधवल्या कोपर्या?","शेतात माझ्या पिकाची कापणी झाली आहे, काय प्रक्रिया असते बांधवल्या कोपर्या?",D4
तुमाले शेतात खत वापरले काय पायजे? हिताचे खत कुठून मिळेल हाय?,तुम्हाला शेतात खत वापरले पाहिजे? हिताचे खत कुठून मिळेल?,D4
म्हाजी शेतात वार्षिक फसलीच्या काळात कोणती फारसी सुर्वेखा करावी लागते हाय?,माझ्या शेतात वार्षिक फसलीच्या काळात कोणती फारसी सुर्वेखा करावी लागते?,D4
"शेतात म्हाजी कोपरी लागली हाय, खत म्हणजे काय कायले?","शेतात माझ्या कोपरी लागली आहे, खत म्हणजे काय कशामुळे?",D4
"शेतात म्हाजी पानाची सुर्वेखा करावी लागते हाय, काय प्रक्रिया असते काय?",शेतात माझ्या पानाची सुर्वेखा करावी लागते? काय प्रक्रिया असते काय?,D4
"म्हाजी शेतात गाळाची सुकवण केली हाय, पुढील कारवटी काय पायजे?","माझ्या शेतात गाळाची सुकवण केली आहे, पुढील कारवटी काय पाहिजे?",D4
कोणत्या फारसी सारख्या सुर्वेखा करावी लागतात हाय? म्हाजी शेतात कोपर्या लागल्या आहेत हाय.,कोणत्या फारसी सारख्या सुर्वेखा करावी लागतात? माझ्या शेतात कोपर्या लागल्या आहेत.,D4
"म्हाजी शेतात कोपर्या लागल्या आहेत हाय, काय फारसी करावी लागतात कायले?",माझ्या शेतात कोपर्या लागल्या आहेत. काय फारसी करावी लागतात कशामुळे?,D4
म्हाजी शेतात फुटलेल्या फारसी साठी काय कारवटी पोरगा करावी लागते हाय?,माझ्या शेतात फुटलेल्या फारसी साठी काय कारवटी मुलगा करावी लागते?,D4
"म्हाजी बागातल्या बटाट्याची लागवड झाली हाय, किती दिवसात सुरुवातीला फळे येत हाय?","माझ्या बागेतल्या बटाट्याची लागवड झाली आहे, किती दिवसात सुरुवातीला फळे येतात?",D4
शेतातल्या जिर्याच्या पिकाला काय उर्जेदार पोषक द्रव्ये देतात हाय?,शेतातल्या जिर्याच्या पिकाला काय उर्जेदार पोषक द्रव्ये देतात?,D4
"म्हाजी शेताला काय पाणी दिले पायजे हाय, पाण्याचा दगडा किती हाय?","माझ्या शेताला काय पाणी दिले पाहिजे आहे, पाण्याचा दगड किती आहे?",D4
शेतातल्या गवताचा पिका काय तयार केले आहे हाय?,शेतातल्या गवताचा पिका काय तयार केला आहे?,D4
"म्हाजी बागातल्या शेंगदाण्याची लागवड करवतत हाय, किती दिवसात ते फुलतात हाय?",माझ्या बागेतल्या शेंगदाण्याची लागवड करून घेतात आणि किती दिवसात ते फुलतात?,D4
शेतातल्या मक्याच्या पिकाला काय कीडनाशक फवारले पायजे हाय?,शेतातल्या मक्याच्या पिकाला काय कीडनाशक फवारले पाहिजे?,D4
म्हाजी बागेतल्या कापूसाचे पिक किती कोटीचे झाले हाय?,माझ्या बागेतल्या कापूसाचे पिक किती कोटीचे झाले आहे?,D4
शेतातल्या दुधाच्या पिकाला काय कचरा काढला पायजे हाय?,शेतातल्या दुधाच्या पिकाला काय कचरा काढला पाहिजे?,D4
"म्हाजी बागेतल्या मिरच्याची लागवड झाली हाय, किती दिवसात ती खायला येत हाय?","माझ्या बागेतल्या मिरच्याची लागवड झाली आहे, किती दिवसात ती खायला येतात?",D4
शेतातल्या तुरीच्या पिकाला काय पोषक द्रव्ये दिले पायजे हाय?,शेतातल्या तुरीच्या पिकाला काय पोषक द्रव्ये दिले पाहिजे?,D4
"म्हाजी शेतात जिर्याच्या पिकाची कापणी झाली हाय, सोलसोल फळे पिकणारी कोणती वेल आहे हाय?","माझ्या शेतात जिर्याच्या पिकाची कापणी झाली आहे, सोलसोल फळे पिकणारी कोणती वेल आहे?",D4
"शेतात तुरीच्या पिकावर कीड लागली हाय, काय औषध फवारले पायजे?","शेतात तुरीच्या पिकावर कीड लागली आहे, काय औषध फवारले पाहिजे?",D4
"म्हाले दुधाच्या पिकाची काढणी झाली हाय, प्रतिदिन किती किलो दुध येते हाय?","मला दुधाच्या पिकाची काढणी झाली आहे, प्रतिदिन किती किलो दुध येते?",D4
"बागेत चिंचांची पिक केली हाय, किती किलो फळ पिकणार हाय?","बागेत चिंचांची पिक केली आहे, किती किलो फळ पिकणार आहे?",D4
"म्हाजी शेतात तांदळाची पिक घेतली हाय, किती टन तांदळ पिकणार हाय?","माझ्या शेतात तांदळाची पिक घेतली आहे, किती टन तांदळ पिकणार आहे?",D4
"शेतात मक्याची पिक केली हाय, जास्त किती किलो फळ पिकणार हाय?","शेतात मक्याची पिक केली आहे, जास्त किती किलो फळ पिकणार आहे?",D4
"म्हाले बागेत सुक्रे पिकणारे फळ पीक केले हाय, किती किलो फळ पिकणार हाय?","मला बागेत सुक्रे पिकणारे फळ पीक केले आहे, किती किलो फळ पिकणार आहे?",D4
"म्हाजी शेतात कोपरीची पिक केली हाय, कोपरी किती टन पिकणार हाय?","माझ्या शेतात कोपरीची पिक केली आहे, कोपरी किती टन पिकणार आहे?",D4
"बागेत कांद्याची पिक केली हाय, कांदा किती टन पिकणार हाय?","बागेत कांद्याची पिक केली आहे, कांदा किती टन पिकणार आहे?",D4
"म्हाले शेतात पावलाची पिक केली हाय, पावला किती किलो पिकणार हाय?","मला शेतात पावलाची पिक केली आहे, पावला किती किलो पिकणार आहे?",D4
"म्हाजी शेतात मिरची लागवड केली हाय, जानेवारी महिन्यात काय उत्पादन मिळत हाय?","माझ्या शेतात मिरची लागवड केली आहे, जानेवारी महिन्यात काय उत्पादन मिळत आहे?",D4
कायले या वर्षी दुष्काळ पडल्यामुळे पिकांना काय नुकसान झाले हाय?,कशामुळे या वर्षी दुष्काळ पडल्यामुळे पिकांना काय नुकसान झाले आहे?,D4
म्हाजी शेतात धान्याची पेरणी करण्यासाठी कोणती मशिनरी वापरली हाय?,माझ्या शेतात धान्याची पेरणी करण्यासाठी कोणती मशिनरी वापरली आहे?,D4
"माथून खऱ्या शेतकऱ्यांनी मुरमूडाची लागवड केली हाय, जास्त उत्पादन कसे मिळत हाय?","मधून खऱ्या शेतकऱ्यांनी मुरमूडाची लागवड केली आहे, जास्त उत्पादन कसे मिळत आहे?",D4
करवतत शेतात कोणत्या पिकांची काळजी घेतात हाय?,करून घेतात शेतात कोणत्या पिकांची काळजी घेतात आहे?,D4
बांधवांसोबत शेतात काम करण्यासाठी म्हाजी कोणती मशिनरी वापरत हाय?,बांधवांसोबत शेतात काम करण्यासाठी माझ्या कोणती मशिनरी वापरत आहे?,D4
शेतात रासायनिक कीटनाशक वापरण्यापूर्वी काय तपासणी करावी पायजे?,शेतात रासायनिक कीटनाशक वापरण्यापूर्वी काय तपासणी करावी पाहिजे?,D4
"तुमाले वर्षभर शेतात काय उपाय केले हाय, पीक वाढीसहाया होते काय?","तुम्हाला वर्षभर शेतात काय उपाय केले आहे, पीक वाढीसहाया होत आहे?",D4
"म्हाजी शेतात कोणत्या फळांची लागवड केली हाय, जास्त उत्पादन मिळत हाय?","माझ्या शेतात कोणत्या फळांची लागवड केली आहे, जास्त उत्पादन मिळत आहे?",D4
"पोरगा शेतात कोणत्या पिकांची जागा लागते हाय, जास्त उत्पादन मिळत हाय?","मुलगा शेतात कोणत्या पिकांची जागा लागत आहे, जास्त उत्पादन मिळत आहे?",D4
बाजारात हारवल्या मक्याच्या पाच रुपये पोरगा भेटत हाय?,बाजारात हारवल्या मक्याच्या पाच रुपये मुला मिळत आहेत का?,D4
"म्हाजी शेतात कांद्याची पाने चुकली म्हाले, काय करायचे?","माझ्या शेतात कांद्याची पाने चुकली आहेत, काय करायचे?",D4
बाजारात कोंबड्यांचे कायले काय भाव भेटत हाय?,बाजारात कोंबड्यांचे भाव काय आहेत?,D4
म्हाजी शेतात फुटलेली पाने म्हाले पाहिजे काय पायजे?,माझ्या शेतात फुटलेली पाने पाहिजे काय?,D4
"शेतात जिर्याचा पिका करवतत हाय, पण शेतात काय औषध घालायचे?","शेतात जिर्याचा पिका करून घेतात, पण शेतात काय औषध घालायचे?",D4
"म्हाजी पिकाची कापणी झाली हाय, तुमाले काय भाव भेटत हाय?","माझ्या पिकाची कापणी झाली आहे, तुम्हाला काय भाव मिळत आहे?",D4
बाजारात बटाट्यांची पाने म्हाले काय पायजे?,बाजारात बटाट्यांची पाने पाहिजे काय?,D4
म्हाजी पिका म्हाजी शेतात काय भाग घेत हाय?,माझ्या पिका माझ्या शेतात काय भाग घेत आहे?,D4
"शेतात काय पिका करवतत हाय, तुमाले काय भाव भेटत हाय?","शेतात काय पिका करून घेतात, तुम्हाला काय भाव मिळत आहे?",D4
म्हाजी शेतात फुटलेले पाने म्हाजी पायजे काय?,माझ्या शेतात फुटलेले पाने पाहिजे काय?,D4
"म्हाजी शेतात तुमाले फवारे घालण्यासाठी पायजे पाणी पुरवतात हाय, काय पाणी पुरवठा सेवा घेतली हाय?","माझ्या शेतात तुम्हाला फवारे घालण्यासाठी पाणी पुरवतात पाहिजे, काय पाणी पुरवठा सेवा घेतली आहे?",D4
"शेतातील तुमाले बियाणे खरेदी करतात हाय, कोणत्या बियाण्याचे खरेदी केले हाय?","शेतातील तुम्हाला बियाणे खरेदी करतात आहेत, कोणत्या बियाण्याचे खरेदी केले आहे?",D4
"शेतातील तुमाले नमुना शेती करवतत हाय, कोणत्या नमुना शेतीचे कार्य केले हाय?","शेतातील तुम्हाला नमुना शेती करून घेतात आहेत, कोणत्या नमुना शेतीचे कार्य केले आहे?",D4
"काय म्हाजी पिकांचे उत्पादन कशाला हाय, पिकांचे फायदे काय हाय?","काय माझ्या पिकांचे उत्पादन कशाला आहे, पिकांचे फायदे काय आहेत?",D4
"म्हाजी शेतातील तुमाले सिंचाई प्रक्रिया करवतत हाय, कोणती सिंचाई प्रक्रिया केली हाय?","माझ्या शेतातील तुम्हाला सिंचाई प्रक्रिया करून घेतात आहेत, कोणती सिंचाई प्रक्रिया केली आहे?",D4
"काय म्हाजी शेतातील तुमाले कोणत्या नावाचे बियाणे वापरत हाय, बियाणे कशा प्रकारे वापरत हाय?","काय माझ्या शेतातील तुम्हाला कोणत्या नावाचे बियाणे वापरत आहेत, बियाणे कशा प्रकारे वापरत आहेत?",D4
"म्हाजी पिकांची कालावधी कशाला हाय, पिकांची कालावधी काय हाय?","माझ्या पिकांची कालावधी कशाला आहे, पिकांची कालावधी काय आहे?",D4
कोणत्या कारखान्यातील शेतकरी म्हाजी शेतातील तुमाले मदत करवतत हाय?,कोणत्या कारखान्यातील शेतकरी माझ्या शेतातील तुम्हाला मदत करून घेतात आहेत?,D4
"म्हाजी शेतातील तुमाले कोणत्या प्रकारच्या कापणी करवतत हाय, कोणत्या कापणीचे कार्य केले हाय?","माझ्या शेतातील तुम्हाला कोणत्या प्रकारच्या कापणी करून घेतात आहेत, कोणत्या कापणीचे कार्य केले आहे?",D4
"म्हाजी शेतातील तुमाले कोणत्या प्रकारचे कार्यक्रम कार्य करवतत हाय, कोणत्या प्रकारचे कार्यक्रम कार्य केले हाय?","माझ्या शेतातील तुम्हाला कोणत्या प्रकारचे कार्यक्रम करून घेतात आहेत, कोणत्या प्रकारचे कार्यक्रम कार्य केले आहे?",D4
"शेतातील पाण्याची साठवण करवतत, तरीही पाला वाढली हाय.","शेतातील पाण्याची साठवण करून घेतात, तरीही पाला वाढला आहे.",D4
"म्हाजी पिकाची कापणी झाली हाय, सोयाबीनला काय भाव भेटत हाय?","माझ्या पिकाची कापणी झाली आहे, सोयाबीनला काय भाव मिळत आहे?",D4
तुमाले फळांचा पिकवला काय हाय?,तुम्हाला फळांचा पिकवला काय आहे?,D4
"शेतातील कीड नियंत्रण करवतत हाय, पिकाला काय फायदा होतो हाय?",शेतातील कीड नियंत्रण करून घेतात आणि पिकाला काय फायदा होतो?,D4
म्हाले शेतातील मालाची विक्री कशी होते हाय?,मला शेतातील मालाची विक्री कशी होते?,D4
"शेतातील दगडी पेरणी हाय, पिकाला काय लाभ होतो हाय?",शेतातील दगडी पेरणी आहे आणि पिकाला काय लाभ होतो?,D4
म्हाजी पिकाची देखभाल करवतत हाय?,माझ्या पिकाची देखभाल करून घेतात?,D4
काही शेतकरी शेतातील मालाची विक्री करवतत हाय?,काही शेतकरी शेतातील मालाची विक्री करून घेतात?,D4
शेतातील कामाची संख्या पोरगे पायजे हाय?,शेतातील कामाची संख्या मुलगा पाहिजे?,D4
म्हाले शेतातील विविध पिकांना काय भाव भेटत हाय?,मला शेतातील विविध पिकांना काय भाव मिळत आहे?,D4
"म्हाजी शेतात जाडी पिका घेतल्या म्हाले, त्यांना काय पाणी द्यावे पायजे?","माझ्या शेतात जाडी पिका घेतल्या, त्यांना काय पाणी द्यावे पाहिजे?",D4
"शेतात तुरीचे पिक म्हाजी फार फळदार हाय, काय काळजी घ्यावी पायजे?","शेतात तुरीचे पिक माझे फार फळदार आहे, काय काळजी घ्यावी पाहिजे?",D4
"म्हाजी बियाण्यावर कीटकनाशक फवारला हाय, पिकाला काय फायदा होतो हाय?","माझ्या बियाण्यावर कीटकनाशक फवारला, पिकाला काय फायदा होतो आहे?",D4
"शेतात काळा सोने फितारला हाय, त्याच्या पिकाला काय वाढ होतो हाय?","शेतात काळा सोने फितारला, त्याच्या पिकाला काय वाढ होते आहे?",D4
"म्हाजी शेतात पाला तुडवला हाय, त्याची काय वापर करावी पायजे?","माझ्या शेतात पाला तुडवला, त्याची काय वापर करावी पाहिजे?",D4
"शेतात धान्याची कापणी झाली हाय, त्याच्या भावाची काय वापर करावी पायजे?","शेतात धान्याची कापणी झाली आहे, त्याच्या भावाची काय वापर करावी पाहिजे?",D4
"म्हाजी शेतात फुलपाखरू काढले हाय, त्याच्या काय फायदे होतो हाय?","माझ्या शेतात फुलपाखरू काढले, त्याच्या काय फायदे होते आहे?",D4
"शेतात तुरीचे पिक म्हाजी वाईट फळदार हाय, काय कारण आहे कायले?","शेतात तुरीचे पिक माझे वाईट फळदार आहे, काय कारण आहे कशामुळे?",D4
"म्हाजी शेतात बियाणे पेरले हाय, त्याच्या काय फायदे होतो हाय?","माझ्या शेतात बियाणे पेरले, त्याच्या काय फायदे होते आहे?",D4
"शेतात पिकाची कापणी झाली हाय, त्याच्या काय वापर करावी पायजे?","शेतात पिकाची कापणी झाली आहे, त्याच्या काय वापर करावी पाहिजे?",D4
"म्हाजी शेतात जिरु लावली हाय, काय पाणी पुरविले पोरगा?","माझ्या शेतात जिरु लावले आहे, काय पाणी पुरविले पाहिजे?",D4
"तुमाले काय काम घेतले हाय, शेतात कुडल्यांना काय पाणी पुरविले पायजे?","तुम्हाला काय काम केले आहे, शेतात कुडल्यांना काय पाणी पुरविले पाहिजे?",D4
"शेतात मका लावला हाय, काय निवाऱ्यावर काय वापरले पोरगा?","शेतात मका लावला आहे, काय निवाऱ्यावर काय वापरले पाहिजे?",D4
"म्हाजी कापसात जिरु लागली हाय, काय कीटनाशक फवारले पायजे?","माझ्या कопасात जिरु लागली आहे, काय कीटनाशक फवारले पाहिजे?",D4
"तुमाले काय काम घेतले हाय, बागायतीत काय पाणी पुरविले पायजे?","तुम्हाला काय काम केले आहे, बागायतीत काय पाणी पुरविले पाहिजे?",D4
"शेतात धान्याची कापणी झाली हाय, काय बाजारात काय भाव भेटत हाय?","शेतात धान्याची कापणी झाली आहे, बाजारात काय भाव मिळत आहे?",D4
"म्हाजी शेतात तुरी लावली हाय, काय विरोधी कीड फवारले पोरगा?","माझ्या शेतात तुरी लावली आहे, काय विरोधी कीड फवारले पाहिजे?",D4
"तुमाले काय काम घेतले हाय, शेतात काय पाणी पुरविले पायजे?","तुम्हाला काय काम केले आहे, शेतात काय पाणी पुरविले पाहिजे?",D4
"शेतात बागायतीत काय पाणी पुरविले हाय, काय काय होते आहे?","शेतात बागायतीत काय पाणी पुरविले आहे, काय काय होत आहे?",D4
"म्हाजी शेतात धान्याची कापणी झाली हाय, काय काय वापरले पोरगा?","माझ्या शेतात धान्याची कापणी झाली आहे, काय काय वापरले पाहिजे?",D4
"म्हाजी शेतात जिर्याची पिका घेतली हाय, काय बिया फुटण्याची कालावधी पायजे?","माझ्या शेतात जिर्याची पिका घेतली आहे, काय बिया फुटण्याची कालावधी पाहिजे?",D4
"तुमाले शेतात कोपर्यापुरती पाणी देतात काय, कारण बागायती पिका पाणी पाहिजे?","तुम्हाला शेतात कोपर्यापुरती पाणी द्यावे काय, कारण बागायती पिका पाणी पाहिजे?",D4
म्हाजी बागायती पिकांसाठी काय प्रकारचे उर्जा साठवणी करवतत?,माझ्या बागायती पिकांसाठी काय प्रकारचे उर्जा साठवणी करून घेतात?,D4
"पोरगा शेतात काय काम करतात हाय, म्हाजी पिका पाहिजे काय सांभाळण्याची?","मुलगा शेतात काय काम करतात आहे, माझ्या पिका पाहिजे काय सांभाळण्याची?",D4
कोपर्याच्या शेतात काय बिया फुटण्याची कालावधी पायजे म्हाजी?,कोपर्याच्या शेतात काय बिया फुटण्याची कालावधी पाहिजे माझ्या?,D4
"म्हाजी शेतात काय प्रकारचे उर्जा प्रकार पाहिजे हाय, बागायती पिकांना?","माझ्या शेतात काय प्रकारचे उर्जा प्रकार पाहिजे आहे हाय, बागायती पिकांना?",D4
"तुमाले शेतात काय बिया लावण्याचे प्रकरण असते काय, म्हाजी पिकांसाठी?","तुम्हाला शेतात काय बिया लावण्याचे प्रकरण असते काय, माझ्या पिकांसाठी?",D4
म्हाजी बागायती पिकांसाठी काय प्रकारचे मौसमी आंकडे पाहिजे पायजे?,माझ्या बागायती पिकांसाठी काय प्रकारचे मौसमी आंकडे पाहिजे पाहिजे?,D4
"शेतात कोपर्याची पिका घेतली हाय, तुमाले काय प्रकारचे कीटक नियंत्रण करवतत?","शेतात कोपर्याची पिका घेतली आहे, तुम्हाले काय प्रकारचे कीटक नियंत्रण करून घेतात?",D4
म्हाजी पिका पाहिजे हाय काय कारण शेतात पाणी पाहिजे हाय?,माझ्या पिका पाहिजे आहे हाय काय कारण शेतात पाणी पाहिजे आहे हाय?,D4
"शेतात फणसाची पिका काढली हाय, काय कापणी करणे पायजे?","शेतात फणसाची पिका काढली आहे, काय कापणी करावी?",D4
"येथे फक्त गहू लावले म्हाले, कसे फवारे करावे हाय?","येथे फक्त गहू लावले आहे, कसे फवारे करावेत?",D4
"बाजारात सोयाबीनचे पुरवठा सुरू झाले हाय, कुठून ते मिळणार हाय?","बाजारात सोयाबीनचे पुरवठा सुरू झाले आहेत, कुठून ते मिळणार आहेत?",D4
"शेतात मावळ्याचे पान फुटले हाय, काय करावे कायले?","शेतात मावळ्याचे पान फुटले आहे, काय करावे?",D4
"शेतात कापूसची पिका काढली म्हाजी, काय कापणी करणे पायजे?","शेतात कापूसची पिका काढली आहे, काय कापणी करावी?",D4
"शेतात पिकवलेल्या बटाट्यांचे पुरवठा सुरू झाले हाय, कुठून ते मिळणार हाय?","शेतात पिकवलेल्या बटाट्यांचे पुरवठा सुरू झाले आहेत, कुठून ते मिळणार आहेत?",D4
"शेतात तुरीचे पिकावर कीड लागले हाय, काय औषध फवारले पायजे?","शेतात तुरीचे पिकावर कीड लागले आहे, काय औषध फवारले पाहिजे?",D4
"शेतात जटेची पिका काढली म्हाजी, काय कापणी करणे पायजे?","शेतात जटेची पिका काढली आहे, काय कापणी करावी?",D4
"येथे फक्त पिकवलेल्या कांद्याचे पुरवठा सुरू झाले हाय, कुठून ते मिळणार हाय?","येथे फक्त पिकवलेल्या कांद्याचे पुरवठा सुरू झाले आहेत, कुठून ते मिळणार आहेत?",D4
"शेतात फणसाचे पिकावर कीड लागले हाय, काय औषध फवारले पायजे?","शेतात फणसाचे पिकावर कीड लागले आहे, काय औषध फवारले पाहिजे?",D4
तुमाले शेतात गवताची पिका घालण्यासाठी कोणत्या पद्धतीचे पाणी द्यावे हाय?,तुम्हाला शेतात गवताची पिका घालण्यासाठी कोणत्या पद्धतीचे पाणी द्यावे आहे?,D4
म्हाजी पिका फिकून गेल्या म्हणून काय करावे हाय?,माझ्या पिका फिकून गेल्या म्हणून काय करावे आहे?,D4
शेतात धान्याची कापणी करण्यासाठी कोणते यंत्र वापरतात हाय?,शेतात धान्याची कापणी करण्यासाठी कोणते यंत्र वापरतात आहेत?,D4
तुमाले शेतात पाने कशा स्वच्छ करतात हाय?,तुम्हाला शेतात पाने कशा स्वच्छ करतात आहेत?,D4
म्हाज्या शेतात मावळलेल्या फळांच्या काय वापराचे करावे हाय?,माझ्या शेतात मावळलेल्या फळांच्या काय वापराचे करावे आहे?,D4
शेतात कीड नियंत्रणासाठी कोणत्या रसायने वापरतात हाय?,शेतात कीड नियंत्रणासाठी कोणत्या रसायने वापरतात आहेत?,D4
तुमाले शेतात कोणत्या जातीची मासेमारी करावी हाय?,तुम्हाला शेतात कोणत्या जातीची मासेमारी करावी आहे?,D4
कोणत्या संस्थेच्या माध्यमातून शेती विकासासाठी वीज पुरवठा करतात हाय?,कोणत्या संस्थेच्या माध्यमातून शेती विकासासाठी वीज पुरवठा करतात आहे?,D4
हाय शेतात गवताची पिका घालण्यासाठी कोणत्या पद्धतीचे उर्जा संच वापरतात?,शेतात गवताची पिका घालण्यासाठी कोणत्या पद्धतीचे उर्जा संच वापरतात आहे?,D4
म्हाज्या शेतात कोणत्या प्रकारे कचरा व्यवस्था करतात हाय?,माझ्या शेतात कोणत्या प्रकारे कचरा व्यवस्था करतात आहे?,D4
म्हाजी शेतात उगवणार्‍या बाजरीची जाडपणे नियंत्रण करावे पायजे.,माझ्या शेतात उगवणार्‍या बाजरीची जाडपणे नियंत्रण करावे पाहिजे.,D4
"शेतात मावसाच्या शाळेचे विद्यार्थ्यांनी शेतात हाती घेतले हाय, त्यांना शेती संबंधित काय शिकवायचे पायजे?","शेतात मावसाच्या शाळेचे विद्यार्थ्यांनी शेतात हाती घेतले आहे, त्यांना शेती संबंधित काय शिकवावे पाहिजे?",D4
मला प्रात्यक्षिकात प्रतिक्रियांच्या कोणत्या गोष्टी देण्यात येतात हाय?,माझ्या प्रात्यक्षिकात प्रतिक्रियांच्या कोणत्या गोष्टी देण्यात येतात हे?,D4
म्हाजी शेतात सिंचनासाठी कोणते यंत्र उपयुक्त आहे हाय?,माझ्या शेतात सिंचनासाठी कोणते यंत्र उपयुक्त आहे?,D4
वर्षभर शेतात नोकरी करणार्‍यांना काय काय वेतनाची रकमा मिळते पायजे?,वर्षभर शेतात नोकरी करणार्‍यांना काय काय वेतनाची रकमा मिळते पाहिजे?,D4
"शेतात कोणत्या पिकाची कापणी झाली हाय, त्याची कोणती मागणी आहे हाय?","शेतात कोणत्या पिकाची कापणी झाली आहे, त्याची कोणती मागणी आहे?",D4
"शेतात फिरते कार्यकर्त्यांना काय मिळते हाय, त्यांची काय भूमिका आहे हाय?",शेतात फिरते कार्यकर्त्यांना काय मिळत आहे आणि त्यांची काय भूमिका आहे?,D4
म्हाजी शेतात उगवणार्‍या पिकांसाठी काय काय निवडण्यात येते हाय?,माझ्या शेतात उगवणार्‍या पिकांसाठी काय काय निवडण्यात येते?,D4
वर्षभर शेतात कामगिरी करणार्‍यांना काय काय शिक्षणाची सुविधा दिली पायजे?,वर्षभर शेतात कामगिरी करणार्‍यांना काय काय शिक्षणाची सुविधा दिली पाहिजे?,D4
शेतात शेतकऱ्यांना कोणत्या प्रकारच्या शेतीवर विशेष लक्ष देणे पायजे?,शेतात शेतकऱ्यांना कोणत्या प्रकारच्या शेतीवर विशेष लक्ष देणे पाहिजे?,D4
"म्हाजी शेती काढी सुरू होऊ द्यावी हाय, पीकडाउन कधी होणार हाय?","माझ्या शेतीची काढी सुरू होऊ द्यावी, पीकडाउन कधी होणार?",D4
म्हाले शेतात तेलबिया पिकवावी पायजे; पण त्यासाठी किती जागा कायका भाव भेटत हाय?,तुम्हाला शेतात तेलबिया पिकवावी पाहिजे; पण त्यासाठी किती जागा काय भाव मिळत आहे?,D4
शेतात बियाणे कशाच्या पिकासाठी म्हाजी पुरवल्या हाय?,शेतात बियाणे कशाच्या पिकासाठी माझ्या पुरवली आहे?,D4
म्हाजी फळेची गोडवूनी शेतात घालावी हाय काय विश्वासाने फळे येतील हाय?,माझ्या फळेची गोडवूनी शेतात घालावी आहे का विश्वासाने फळे येतील?,D4
"शेतात पाण्याची कमतरता होती म्हाजी, काय आहे त्यामुळे पाणी मिळत नाही हाय?","शेतात पाण्याची कमतरता आहे माझ्या, काय आहे त्यामुळे पाणी मिळत नाही?",D4
म्हाले शेतात हिरव्या कांद्या पिकवावी पायजे पण कशी हाय?,तुम्हाला शेतात हिरव्या कांद्या पिकवावी पाहिजे पण कशी?,D4
"शेतात कोळी फवणूक केली नाही त्यामुळे शेती बरोबर निघत नाही हाय, हाय काय करावे!","शेतात कोळी फवणूक केली नाही त्यामुळे शेती बरोबर निघत नाही, काय करावे?",D4
"म्हाजी शेतात दुधाची पिक सुरू होऊ द्यावी हाय, काय बाजारात दुधाचा भाव भेटत हाय?","माझ्या शेतात दुधाची पिक सुरू होऊ द्यावी, बाजारात दुधाचा काय भाव मिळत आहे?",D4
शेतात सोलाचे बियाणे कशाच्या पिकासाठी म्हाजी पुरवल्या हाय?,शेतात सोलाचे बियाणे कशाच्या पिकासाठी माझ्या पुरवली आहे?,D4
"म्हाले शेतात बटाट्याची पिक होणार हाय, पण काय कारणाने बटाटे होत नाहीत हाय?","तुम्हाला शेतात बटाट्याची पिक होणार आहे, पण काय कारणाने बटाटे होत नाहीत?",D4
"तुमाले म्हाले शेतात कोळसा बाळगले हाय, काय प्रकारचे काम करत हाय?","तुम्हाला मला शेतात कोळसा बाळगले आहे, काय प्रकारचे काम करत आहे?",D4
"म्हाजी मेथीचे पीक माथून काढून आणले हाय, तुम्हाले ते काय करत हाय?","माझ्या मेथीचे पीक मधून काढून आणले आहे, तुम्हाला ते काय करत आहे?",D4
"शेतात क्रोशणारा वाघ काय केला हाय, करवतत तो काही बिघडत नाही हाय?","शेतात क्रोशणारा वाघ काय केला आहे, करून घेतात तो काही बिघडत नाही?",D4
"म्हाले सोयाबीनचे पीक निघाले हाय, बाजारात भाव कायले हाय?","मला सोयाबीनचे पीक निघाले आहे, बाजारात भाव कशामुळे?",D4
"तुमाले शेतात हिरवे गवत कसे काढत हाय, काय साधणी वापरत हाय?","तुम्हाला शेतात हिरवे गवत कसे काढत आहे, काय साधणी वापरत आहे?",D4
"म्हाजी धान्याचे पीक चालू आहे हाय, काय प्रकारचे काम पोरग्यांनी करत हाय?","माझ्या धान्याचे पीक चालू आहे आहे, काय प्रकारचे काम मुलांनी करत आहे?",D4
शेतात कीडबुझण्यासाठी काय औषध फवारले पायजे?,शेतात कीडबुझण्यासाठी काय औषध फवारले पाहिजे?,D4
"म्हाले शेतात कोळसा निघाला हाय, तुम्हाले त्याचा भाव कायले हाय?","मला शेतात कोळसा निघाला आहे, तुम्हाला त्याचा भाव कशामुळे?",D4
"तुमाले म्हाजी सोयाबीनचे पीक कसे काढत हाय, काय साधणी वापरत हाय?","तुम्हाला माझ्या सोयाबीनचे पीक कसे काढत आहे, काय साधणी वापरत आहे?",D4
"शेतात कोळसा बाळगतांना काय योग्य काम करत हाय, करवतत ते काही बिघडत नाही हाय?","शेतात कोळसा बाळगतांना काय योग्य काम करत आहे, करून घेतात ते काही बिघडत नाही?",D4
म्हाजी शेतात बियाणे बोन्यासाठी काय काळजी घेत हाय?,माझ्या शेतात बियाणे बोन्यासाठी काय काळजी घ्यावी आहे?,D4
तुमाले सुपर फॉस्फेटचे किती किलो शेतात फवारले हाय?,तुम्हाला सुपर फॉस्फेटचे किती किलो शेतात फवारावे आहे?,D4
"म्हाले हिरव्या मुळांची पीक करवतत हाय, काय काळजी घेतात?","मला हिरव्या मुळांची पीक करून घेतात, काय काळजी घेतात?",D4
कायले शेतात जळे न पडण्यासाठी काय उपाय करावे हाय?,कशामुळे शेतात जळे न पडण्यासाठी काय उपाय करावे आहे?,D4
म्हाजी शेतात नेमका कोणत्या किडी लागण्याची भीती हाय?,माझ्या शेतात नेमका कोणत्या किडी लागण्याची भीती आहे?,D4
माथून पाण्याची पुरवठा करण्यासाठी काय पायजे हाय?,मधून पाण्याची पुरवठा करण्यासाठी काय पाहिजे आहे?,D4
शेतात बियाणे फवारल्यानंतर काय काळजी घेत हाय?,शेतात बियाणे फवारल्यानंतर काय काळजी घ्यावी आहे?,D4
काय भाव भेटतो तुमाले शेतात पिकवलेली पाम शेंग हाय?,काय भाव मिळतो तुम्हाला शेतात पिकवलेली पाम शेंग आहे?,D4
म्हाले तुमच्या शेतात कोणत्या पिकांचा उतारा होण्याची भीती हाय?,मला तुमच्या शेतात कोणत्या पिकांचा उतारा होण्याची भीती आहे?,D4
कायले शेतात सिंचाईसाठी काय पायजे हाय?,कशामुळे शेतात सिंचाईसाठी काय पाहिजे आहे?,D4
"म्हाजी शेतात फुलबागा पेरला म्हाले, त्यांची लागवडी कशी करतात म्हाजी?","माझ्या शेतात फुलबागा पेरला आहे, त्यांची लागवडी कशी करतात?",D4
"काय हे म्हाजी शेतात फळबागा पेरला म्हाले, त्यांची काळजी काय पोरगा?","काय हे माझ्या शेतात फळबागा पेरला आहे, त्यांची काळजी काय होती?",D4
"म्हाजी शेतात पाला करण्याची यादी त्यांच्याकडे पाहिली हाय, त्यात काय गोष्टी आहेत?","माझ्या शेतात पाला करण्याची यादी त्यांच्याकडे पाहिली आहे, त्यात काय गोष्टी आहेत?",D4
कोणत्या शेतकऱ्यांनी म्हाजी शेतात गवती चांगल्या दरात विक्री केली हाय?,कोणत्या शेतकऱ्यांनी माझ्या शेतात गवती चांगल्या दरात विक्री केली आहे?,D4
तुम्ही म्हाजी शेतात गवती पेरण्याची यादी कशी तयार करतात म्हाजी काय?,तुम्ही माझ्या शेतात गवती पेरण्याची यादी कशी तयार करतात काय?,D4
म्हाजी शेतात कोणत्या शेतकऱ्यांची सोयाबीन बाजारात काय भाव भेटती हाय?,माझ्या शेतात कोणत्या शेतकऱ्यांची सोयाबीन बाजारात काय भाव मिळत आहे?,D4
काय हे म्हाजी शेतात पिकाची लागवडी कशी करतात म्हाजी तुम्ही काय निर्णय घेतात?,काय हे माझ्या शेतात पिकाची लागवडी कशी करतात माझ्या शेतात काय निर्णय घेतात?,D4
"म्हाजी शेतात फुलबागा पेरली आहे काय, त्यांची काळजी काय पोरगा?","माझ्या शेतात फुलबागा पेरला आहे, त्यांची काळजी काय होती?",D4
"तुम्ही म्हाजी शेतात फळबागा पेरला आहे काय, त्यांची लागवडी कशी करतात म्हाजी?","तुम्ही माझ्या शेतात फळबागा पेरला आहे, त्यांची लागवडी कशी करतात?",D4
शेतात म्हाजी गवती पेरण्याची यादी कशी तयार करतात म्हाजी काय पोरगा?,शेतात माझ्या गवती पेरण्याची यादी कशी तयार करतात काय?,D4
"म्हाजी शेतात भाताची पेरणी केली हाय, काय वेळी पाणी पाजले पायजे?","माझ्या शेतात भाताची पेरणी केली आहे, काय वेळी पाणी पाजले पाहिजे?",D4
"शेतात तुरीच्या पिकावर कीड लागली हाय, काय औषध फवारले पायजे?","शेतात तुरीच्या पिकावर कीड लागली आहे, काय औषध फवारले पाहिजे?",D4
"म्हाजी पिकाची कापणी झाली हाय, बाजारात सोयाबीनले काय भाव भेटत हाय?","माझ्या पिकाची कापणी झाली आहे, बाजारात सोयाबीनला काय भाव मिळत आहे?",D4
"शेतात कांद्याचा पिका करवतत हाय, काय रेट लागतो तुमाले?","शेतात कांद्याचा पिका करून घेतात आहे, काय रेट लागतो तुम्हाला?",D4
"म्हाले गाईच्या पिकाच्या भाज्या माहेरी घेतली हाय, काय कापणी केली पोरगा?","माळे गाईच्या पिकाच्या भाज्या माहेरी घेतल्या आहे, काय कापणी केली मुलगा?",D4
"शेतात भाताच्या पिकावर काय सारवणी केली हाय, तुमाले काय सांगत हाय?","शेतात भाताच्या पिकावर काय सारवणी केली आहे, तुम्हाला काय सांगत आहे?",D4
"म्हाजी पिकाच्या कारंज्या पाण्याची लागणी झाली हाय, काय बांधतात म्हाजी?","माझ्या पिकाच्या कारंज्या पाण्याची लागणी झाली आहे, काय बांधतात माझी?",D4
शेतात तुरीच्या पिकावर कांद्याचे कोळवण काय लागतो पोरगा?,शेतात तुरीच्या पिकावर कांद्याचे कोळवण काय लागतो मुलगा?,D4
"म्हाजी शेतात कांद्याचा पिका करवतत हाय, काय कापणी लागतो तुमाले?","माझ्या शेतात कांद्याचा पिका करून घेतात आहे, काय कापणी लागतो तुम्हाला?",D4
"शेतात भाताच्या पिकावर काय पाणी पाजले पायजे?, म्हाजी कारंज्या पाण्याची लागणी काय झाली हाय?","शेतात भाताच्या पिकावर काय पाणी पाजले पाहिजे, माझ्या कारंज्या पाण्याची लागणी काय झाली आहे?",D4
"म्हाजी शेतात किंचित कापणी झाली म्हाले, बियाण्याले काय पुरवठा म्हाजी पायजे?","माझ्या शेतात किंचित कापणी झाली आहे, बियाण्याचा पुरवठा कशामुळे होत आहे?",D4
"शेतात माझ्या तुरीच्या पिकाला कीड लागलेले आहेत हाय, काय जादूशी फवारले पायजे?","शेतात माझ्या तुरीच्या पिकाला कीड लागली आहेत, काय औषध फवारले पाहिजे?",D4
"म्हाजी शेतात पाण्याची टेंक म्हाजी माथून आली हाय, काय काळजी घेतात पायजे?","माझ्या शेतात पाण्याची टेंक मधून आली आहे, काय काळजी घेतात?",D4
"बाजारात माझ्या सोयाबीनला काय भाव भेटत हाय, म्हाजी पिकाची कापणी झाली हाय?","बाजारात माझ्या सोयाबीनला काय भाव मिळत आहे, माझ्या पिकाची कापणी झाली आहे?",D4
"म्हाजी शेतात जिर्याची पिक केली म्हाले, काय फळे म्हाजी पिकात पाहिजे?","माझ्या शेतात जिर्याची पिक केली आहे, जिर्याच्या पिकात काय फळे असतात?",D4
"शेतात माझ्या कापूसच्या पिकाला मोठा भाव भेटत हाय, म्हाजी पिकाची कापणी झाली हाय?","शेतात माझ्या कापूसच्या पिकाला मोठा भाव मिळत आहे, माझ्या पिकाची कापणी झाली आहे?",D4
"म्हाजी शेतात म्हाजी वाढवण्याची काम म्हाजी माथून होत हाय, काय काम केले पायजे?","माझ्या शेतात माझ्या वाढवण्याची काम मधून होत आहे, काय काम केले आहे?",D4
"शेतात माझ्या बाजरीच्या पिकाला काय दुष्काळ झाला हाय, काय काळजी घेतात पायजे?","शेतात माझ्या बाजरीच्या पिकाला काय दुष्काळ आला आहे, काय काळजी घेतात?",D4
"म्हाजी शेतात म्हाजी पिकाची निरीक्षण म्हाजी माथून करत हाय, काय पुरवठा म्हाजी पायजे?","माझ्या शेतात माझ्या पिकाची निरीक्षण मधून करत आहे, काय पुरवठा होत आहे?",D4
"बाजारात माझ्या कांद्याला काय भाव भेटत हाय, म्हाजी शेतात कापणी झाली हाय?","बाजारात माझ्या कांद्याला काय भाव मिळत आहे, माझ्या शेतात कापणी झाली आहे?",D4
"म्हाजी शेतात म्हाजी पिकाची काढणी म्हाजी माथून करत हाय, काय फळे म्हाजी पिकात पाहिजे?","माझ्या शेतात माझ्या पिकाची काढणी मधून करत आहे, जिर्याच्या पिकात काय फळे असतात?",D4
"म्हाजी शेती सालभर जोरात सुरूच हाय, काय शेतकरी काय विविधता घेतात हाय?","माझ्या शेती सालभर जोरात सुरूच आहे, काय शेतकरी काय विविधता घेतात?",D4
"तुमाले सर्वात जास्त कोथिंबीर आणि पालक लागली हाय, काय व्हाईटवॉश आणि काय पॉलिसी घेतली हाय?","तुम्हाला सर्वात जास्त कोथिंबीर आणि पालक लागली आहे, काय व्हाईटवॉश आणि काय पॉलिसी घेतली आहे?",D4
"म्हाले कोणी बांबूचे कारखाने उभे केले हाय, ते बांबू काय उपयोगासाठी केले हाय?","मला कोणी बांबूचे कारखाने उभे केले आहे, ते बांबू काय उपयोगासाठी केले आहे?",D4
"म्हाजी शेतात पांढरी मावस आली हाय, पोरगा खूप कंटाळलेला हाय.","माझ्या शेतात पांढरी मावस आली आहे, मुलगा खूप कंटाळलेला आहे.",D4
"शेतात पाळीव प्राण्यांच्या आरोग्याची काय व्यवस्था आहे हाय, काय व्हॅक्सिनेशन केले हाय?",शेतात पाळीव प्राण्यांच्या आरोग्याची काय व्यवस्था आहे? काय व्हॅक्सिनेशन केले आहे?,D4
"कायले तुम्ही सोयाबीनच्या पिकासाठी काय केले हाय, काय पीक वाढवण्यासाठी काय सामग्री घेतली हाय?",कशामुळे तुम्ही सोयाबीनच्या पिकासाठी काय केले आहे? काय पीक वाढवण्यासाठी काय सामग्री घेतली आहे?,D4
"तुमाले हे शेत का खरेदी केले हाय, कायले तुम्ही या शेतासाठी काय करावे हाय?",तुम्हाले हे शेत का खरेदी केले आहे? कशामुळे तुम्ही या शेतासाठी काय करावे?,D4
"म्हाजी शेतात कीड लागले हाय, काय केले पायजे ती कीड दूर काढावी हाय?","माझ्या शेतात कीड लागले आहे, काय करावे ती कीड दूर काढावी?",D4
"म्हाले पाली प्रतिबंधक औषध फवारले हाय, त्याला काय परिणाम होणार हाय?",मला पाली प्रतिबंधक औषध फवारले आहे; त्याला काय परिणाम होणार आहे?,D4
"कायले शेतात तुरीच्या पिकावर कीड लागली हाय, काय फवारी केली हाय?",कशामुळे शेतात तुरीच्या पिकावर कीड लागली आहे? काय फवारी केली आहे?,D4
"म्हाजी शेतात कोथिंबीर पीक वाढले हाय, पोरगा खूप आनंदी हाय.","माझ्या शेतात कोथिंबीर पीक वाढले आहे, मुलगा खूप आनंदी आहे.",D4
शेतात बागायती फळे ह्या पिकांसाठी काय पाणी पुरवले म्हाजी?,शेतात बागायती फळे या पिकांसाठी काय पाणी पुरवले आहे?,D4
म्हाले पिकात शेतकऱ्यांना काय प्रमाणात प्रादेशिक निव्वळ पुरवले पायजे?,माझ्या पिकात शेतकऱ्यांना काय प्रमाणात प्रादेशिक निव्वळ पुरवले पाहिजे?,D4
"शेतात कीड आणि रोग नियंत्रणासाठी काय क्रियाकलाप केले हाय, जास्त काय खर्च झाला?","शेतात कीड आणि रोग नियंत्रणासाठी काय क्रियाकलाप केले आहे, जास्त काय खर्च झाला?",D4
"म्हाजी सोयाबीनची कापणी झाली हाय, प्राथमिक प्रोसेसिंग सुविधा काय मिळाली?","माझ्या सोयाबीनची कापणी झाली आहे, प्राथमिक प्रोसेसिंग सुविधा काय मिळाली?",D4
शेतात बागायती फळे ह्या पिकांसाठी काय उर्जा साठवली म्हाजी?,शेतात बागायती फळे या पिकांसाठी काय उर्जा साठवली?,D4
म्हाले शेतात तुरीच्या पिकावर काय क्रियाकलाप केले म्हाजी?,माझ्या शेतात तुरीच्या पिकावर काय क्रियाकलाप केले आहे?,D4
शेतात जैविक पिकवल्यास काय प्रमाणात फायदा होतो म्हाजी?,शेतात जैविक पिकवल्यास काय प्रमाणात फायदा होतो?,D4
म्हाजी पिकात शेतकऱ्यांना काय प्रमाणात फायदा होतो म्हाले?,माझ्या पिकात शेतकऱ्यांना काय प्रमाणात फायदा होतो?,D4
"शेतात काय क्रियाकलाप केले हाय, सोयाबीनची कापणी झाली कशामुळे दिवसापूर्वी?","शेतात काय क्रियाकलाप केले आहे, सोयाबीनची कापणी झाली कशामुळे दिवसापूर्वी?",D4
म्हाजी पिकात शेतकऱ्यांना काय प्रमाणात प्रादेशिक निव्वळ पुरवले पायजे म्हाले?,माझ्या पिकात शेतकऱ्यांना काय प्रमाणात प्रादेशिक निव्वळ पुरवले पाहिजे?,D4
शेतात फुलबागा घालण्यासाठी काय वेळ पायजे?,शेतात फुलबागा घालण्यासाठी काय वेळ पाहिजे?,D4
म्हाजी फळांची बाजारात काय मिळत हाय?,माझ्या फळांची बाजारात काय मिळत आहे?,D4
शेतात खत पेरण्यासाठी कायले?,शेतात खत पेरण्यासाठी कशामुळे?,D4
म्हाले शेतात नायट्रोजनचे खत कशा प्रकारे वापरावे हाय?,मला शेतात नायट्रोजनचे खत कसे वापरावे आहे?,D4
शेतात कोणत्या पिकांना अधिक पाणी पुरवावे हाय?,शेतात कोणत्या पिकांना अधिक पाणी पुरवावे आहे?,D4
म्हाजी शेतात कीड नियंत्रणाचे काय उपाय आहेत हाय?,माझ्या शेतात कीड नियंत्रणाचे काय उपाय आहेत?,D4
शेतात तुरीच्या पिकावर काय खत पुरवावे हाय?,शेतात तुरीच्या पिकावर काय खत पुरवावे आहे?,D4
कृषी बँकेतून शेतीसाठी काय कर्ज मिळत हाय?,कृषी बँकेतून शेतीसाठी काय कर्ज मिळत आहे?,D4
म्हाले शेतात कोणत्या फळांना जास्ती पाणी पुरवावे हाय?,मला शेतात कोणत्या फळांना जास्ती पाणी पुरवावे आहे?,D4
शेतात पाणी साठवण्यासाठी काय प्रकारे पायजे?,शेतात पाणी साठवण्यासाठी काय प्रकारे पाहिजे?,D4
"म्हाजी माळी जेत्री उगवली हाय, त्यांचा काय बागायतीचा फायदा होत हाय?","माझ्या माळी जेत्री उगवली आहे, त्यांचा काय बागायतीचा फायदा होत आहे?",D4
"तुमाले काळ्या मातीचे जेट्री पिकवले पायजे, करवतत काय फायदे होतात?","तुम्हाला काळ्या मातीचे जेट्री पिकवायला पाहिजे, करून घेतात काय फायदे होतात?",D4
"पिकाची काळजी करण्यासाठी म्हाजी पंपसेट उगवले हाय, काय वेळा होत हाय?","पिकाची काळजी करण्यासाठी माझ्या पंपसेट उगवले आहे, काय वेळा होत आहे?",D4
"शेतात तुरीच्या पिकावर कीड लागली हाय, काय कीटनाशक फवारले पायजे?","शेतात तुरीच्या पिकावर कीड लागली आहे, काय कीटनाशक फवारले पाहिजे?",D4
म्हाजी सोयाबीनच्या पिकावर शेतकरी माहिती देण्यासाठी बायोटेक्नॉलॉजीचा फायदा होत हाय?,माझ्या सोयाबीनच्या पिकावर शेतकरी माहिती देण्यासाठी बायोटेक्नॉलॉजीचा फायदा होत आहे?,D4
"जमीनी काळजी करण्यासाठी म्हाजी सोलिंगचे बोर्ड उगवले हाय, त्यांचा काय फायदा होत हाय?","जमीनी काळजी करण्यासाठी माझ्या सोलिंगचे बोर्ड उगवले आहे, त्यांचा काय फायदा होत आहे?",D4
पिकाची काळजी करण्यासाठी तुमाले काय सोलिंगचे नाव घेतले पायजे?,पिकाची काळजी करण्यासाठी तुम्हाला काय सोलिंगचे नाव घेतले पाहिजे?,D4
"म्हाजी वेळेवर पेरणी करून मी खताचा फायदा होत हाय, काय पीक होत हाय?","माझ्या वेळेवर पेरणी करून मी खताचा फायदा होत आहे, काय पीक होत आहे?",D4
"शेतात काय कीटनाशक फवारतात हाय, त्यांचा काय फायदा होत हाय?",शेतात काय कीटनाशक फवारतात आहे? त्यांचा काय फायदा होत आहे?,D4
"म्हाजी सोयाबीनची पेरणी करून मी पीकाचा फायदा होत हाय, काय वेळा होत हाय?","माझ्या सोयाबीनची पेरणी करून मी पीकाचा फायदा होत आहे, काय वेळा होत आहे?",D4
"म्हाजी शेतात गवताची लागवड केली हाय, काय सावकारी फायदा होणार हाय?","माझ्या शेतात गवताची लागवड केली आहे, काय सावकारी फायदा होणार आहे?",D4
"शेतात भाताची किंमत मोठी होऊनी माथून गावात तुटली हाय, काय करूया?","शेतात भाताची किंमत मोठी होऊनी वरून गावात तुटली आहे, काय करू?",D4
"म्हाजी शेतात धान्य काढलेले हाय, काय करवतत होणार?","माझ्या शेतात धान्य काढले आहे, काय करून घेतात?",D4
"पिकाची काळजी न करता म्हाजी शेतात काळे कीड आले हाय, काय काय पोरगा केले?","पिकाची काळजी न करता माझ्या शेतात काळे कीड आले आहे, काय काय मुलगा केला?",D4
"म्हाजी शेतात शेतकऱ्यांची कामगिरी पाहिली हाय, काय पायजे?","माझ्या शेतात शेतकऱ्यांची कामगिरी पाहिली आहे, काय पाहिजे?",D4
"शेतात तुरीच्या पिकावर कीड लागला हाय, काय औषध फवारले पोरगा?","शेतात तुरीच्या पिकावर कीड लागला आहे, काय औषध फवारला मुलगा?",D4
"म्हाजी शेतात धान्याचा पुरवठा वाढवला हाय, काय हाय?","माझ्या शेतात धान्याचा पुरवठा वाढवला आहे, काय आहे?",D4
"शेतात कापणीच्या यंत्रावर दुरुस्ती केली हाय, काय पोरगा?","शेतात कापणीच्या यंत्रावर दुरुस्ती केली आहे, काय मुलगा?",D4
"म्हाजी शेतात पाण्याची वितरिती केली हाय, काय कायले?","माझ्या शेतात पाण्याची वितरिती केली आहे, कशामुळे?",D4
"शेतात सिंचाईच्या यंत्रावर कामगिरी करून घेतात हाय, काय काय पोरगा?","शेतात सिंचाईच्या यंत्रावर कामगिरी करून घेतात आहे, काय काय मुलगा?",D4
"म्हाजी शेतात मेथीचे पिक घेतले हाय, काय पाणी देत हाय?","माझ्या शेतात मेथीचे पिक घेतले आहे, काय पाणी द्यायचे आहे?",D4
"शेतात तुमाले सोयाबीनची पेरणी केली हाय, काय फवारे करावे पायजे?","शेतात तुम्हाला सोयाबीनची पेरणी केली आहे, काय फवारे करावी पाहिजे?",D4
"म्हाजी कोंढ्याच्या पिकावर कीड लागली हाय, कायले कोणते औषध फवारले पायजे?","माझ्या कोंढ्याच्या पिकावर कीड लागली आहे, कशामुळे कोणते औषध फवारले पाहिजे?",D4
"शेतात तुमाले गहू पेरला हाय, करवतत तुम्हाले काय पाणी देत हाय?","शेतात तुम्हाला गहू पेरला आहे, करून घेतात तुम्हाला काय पाणी द्यायचे आहे?",D4
"म्हाजी बटाट्याचे पिक झाले हाय, बाजारात काय भाव भेटत हाय?","माझ्या बटाट्याचे पिक झाले आहे, बाजारात काय भाव मिळत आहे?",D4
"शेतात तुमाले मक्याची कापणी केली हाय, काय फवारे करावे पायजे?","शेतात तुम्हाला मक्याची कापणी केली आहे, काय फवारे करावी पाहिजे?",D4
"म्हाजी शेतात तुरीचे पिक घेतले हाय, कायले कोणते रोग आले हाय?","माझ्या शेतात तुरीचे पिक घेतले आहे, कशामुळे कोणते रोग आले आहे?",D4
"शेतात तुमाले पावसाच्या वेळी तुरी पेरली हाय, काय फवारे करावे पायजे?","शेतात तुम्हाला पावसाच्या वेळी तुरी पेरली आहे, काय फवारे करावी पाहिजे?",D4
"म्हाजी शेतात मिरच्यांची फुलणी झाली हाय, काय फवारे करावे पायजे?","माझ्या शेतात मिरच्यांची फुलणी झाली आहे, काय फवारे करावी पाहिजे?",D4
"शेतात तुमाले शेंगदाणाची कापणी केली हाय, बाजारात काय भाव भेटत हाय?","शेतात तुम्हाला शेंगदाणाची कापणी केली आहे, बाजारात काय भाव मिळत आहे?",D4
"म्हाजी शेतात कांद्याची लागवड केली हाय, पावसाची पुरवठा कुठले पायजे?","माझ्या शेतात कांद्याची लागवड केली आहे, पावसाचा पुरवठा कशा प्रकारे होत आहे?",D4
"म्हाले शेंगदाणाच्या पिकावर कीड लागली कायले, काय तरकारी फवारले पायजे?","मला शेंगदाणाच्या पिकावर कीड लागली आहे, काय तरकारी फवारले पाहिजे?",D4
तुमाले शेतात मावसात कोणती पिके करवतत हाय? मी शेंगदाणाचा खेती करणार म्हाले.,तुम्हाला शेतात मावसात कोणती पिके करून घेतात हे आहे? मी शेंगदाणाचा खेती करणार आहे.,D4
"म्हाजी शेतात पावसाच्या दुरुस्ती काम झाले हाय, काय करणे पायजे?","माझ्या शेतात पावसाच्या दुरुस्ती काम झाले आहे, काय करणे पाहिजे?",D4
"म्हाले शेतात रोपांची लागवड केली हाय, काय वाढीचे पायजे?","मला शेतात रोपांची लागवड केली आहे, काय वाढीचे पाहिजे?",D4
पोरगा तुमच्या शेतात कोणत्या पिक्या हाय? माझ्या शेतात सोयाबीन हाय.,मुलगा तुमच्या शेतात कोणत्या पिके आहेत? माझ्या शेतात सोयाबीन आहे.,D4
"म्हाजी शेतात मावसात कोणती पिके पिकली आहेत हाय, बाजारात काय भाव भेटत हाय?","माझ्या शेतात मावसात कोणती पिके पिकली आहेत, बाजारात काय भाव मिळत आहे?",D4
"म्हाले शेतात तुरीची कापणी झाली हाय, काय करणे पायजे?","मला शेतात तुरीची कापणी झाली आहे, काय करणे पाहिजे?",D4
"म्हाजी शेतात कीड लागली हाय, काय तरकारी फवारले पायजे?","माझ्या शेतात कीड लागली आहे, काय तरकारी फवारले पाहिजे?",D4
"म्हाले शेटात पावसाच्या दुरुस्ती काम झाले हाय, काय करणे पायजे?","मला शेटात पावसाच्या दुरुस्ती काम झाले आहे, काय करणे पाहिजे?",D4
"म्हाजी शेतात विरळ्या फुलांचा पालव फुटला हाय, काय करावे?","माझ्या शेतात विरळ्या फुलांचा पालव फुटला आहे, काय करावे?",D4
तुमाले क्षयरोगाच्या औषधाची किती पाऊणसे दिली पायजे?,तुम्हाला क्षयरोगाच्या औषधाची किती पाऊणसे दिली पाहिजे?,D4
"शेतात पाण्याची कमतरता झाली हाय, काय उपाय केले हाय?","शेतात पाण्याची कमतरता झाली आहे, काय उपाय केले आहेत?",D4
म्हाले बाजारात तुरीच्या पिकाचा काय भाव भेटत हाय?,मला बाजारात तुरीच्या पिकाचा काय भाव मिळत आहे?,D4
शेतात फवारलेल्या पाण्यात कीड लागले पायजे?,शेतात फवारलेल्या पाण्यात कीड लागले पाहिजे?,D4
म्हाजी शेतात किती पावसाची कमतरता झाली हाय?,माझ्या शेतात किती पावसाची कमतरता झाली आहे?,D4
तुमाले किती पिकांची कापणी झाली पोरगा?,तुम्हाला किती पिकांची कापणी झाली आहे मुलगा?,D4
शेतात काय उपाय केले पायजे कीड न लागण्यासाठी?,शेतात काय उपाय केले पाहिजे कीड न लागण्यासाठी?,D4
म्हाजी शेतात किती फुलांचा पालव फुटला हाय?,माझ्या शेतात किती फुलांचा पालव फुटला आहे?,D4
तुमाले शेतात किती पावसाची कमतरता झाली हाय?,तुम्हाला शेतात किती पावसाची कमतरता झाली आहे?,D4
"म्हाजी शेतात सोनेरी मक्याचे पीक लागले हाय, म्हाले किती टन मक्याचा उत्पादन मिळेल हाय?","माझ्या शेतात सोनेरी मक्याचे पीक लागले आहे, मला किती टन मक्याचा उत्पादन मिळेल आहे?",D4
"म्हाले शेतात तुरीचे पीक आहे, तुमाले काही नुकसान झाले तर काय करावे हाय?","मला शेतात तुरीचे पीक आहे, तुम्हाला काही नुकसान झाले तर काय करावे आहे?",D4
"शेतात खूप जोरदार पाऊस पडला हाय, म्हाजी उत्पादन कशाला वाढत हाय?","शेतात खूप जोरदार पाऊस पडला आहे, माझ्या उत्पादनाला कशाला वाढत आहे?",D4
"पोरगा शेतात पिकवितात सोयाबीन हाय, पायजे ते कशासाठी पिकवितात हाय?","मुलगा शेतात सोयाबीन पिकवतात, पाहिजे ते कशासाठी पिकवतात?",D4
"म्हाजी शेतात काही मोठे प्राणी दिसतात हाय, ते कोणते प्राणी आहेत हाय?","माझ्या शेतात काही मोठे प्राणी दिसतात आहेत, ते कोणते प्राणी आहेत?",D4
शेतात उगवणारे फुलांचे पीक म्हाजी मोठे कशामुळे हाय?,शेतात उगवणारे फुलांचे पीक माझे मोठे कशामुळे आहे?,D4
"म्हाले किती टन धान्याचा बाजारात उत्पादन मिळेल हाय, तुमाले काय सांगतात हाय?","मला किती टन धान्याचा बाजारात उत्पादन मिळेल आहे, तुम्हाला काय सांगतात?",D4
"म्हाजी शेतात कीड लागला हाय, म्हाले ही काय औषध फवारली हाय?","माझ्या शेतात कीड लागला आहे, मला ही काय औषध फवारली आहे?",D4
"पोरगा शेतात कशा प्रकारच्या पिकांचे पाणी देतात हाय, म्हाजी कशाला वाढत हाय?","मुलगा शेतात कशा प्रकारच्या पिकांचे पाणी देतात, माझ्या कशाला वाढत आहे?",D4
"म्हाजी शेतात कोणत्या प्रकारची कापणी केली जात हाय, तुमाले काय सांगतात हाय?","माझ्या शेतात कोणत्या प्रकारची कापणी केली जात आहे, तुम्हाला काय सांगतात?",D4
"म्हाजी शेतात दुधळ्या मावळ्या पिकवल्या आहेत, काय पाणी पावसाने येते आहे?","माझ्या शेतात दुधळ्या मावळ्या पिकवल्या आहेत, काय पाणी पावसाने येत आहे?",D4
"बाजारात तांदळाचा भाव चांगला वाढला आहे, म्हाले काय स्टॉक घेतले पायजे?","बाजारात तांदळाचा भाव चांगला वाढला आहे, तुम्हाला काय स्टॉक घ्यावे पाहिजे?",D4
"शेतात सांग्री पिकाने कशामुळे चांगली फळणी होते हाय, म्हाजी काय गोष्टी पाहिजे?","शेतात सांग्री पिकाने कशामुळे चांगली फळणी होते आहे, माझ्या काय गोष्टी पाहिजे?",D4
"बाजारात मेवा पिकाचा काय भाव भेटत हाय, म्हाजी काय पावसाने पडते आहे?","बाजारात मेवा पिकाचा काय भाव मिळत आहे, माझ्या काय पावसाने पडत आहे?",D4
"शेतात तोरण्या पिकाने हाय पीक फळणी होते हाय, म्हाजी काय काम करावे?","शेतात तोरण्या पिकाने चांगले पीक फळणी होत आहे, माझ्या काय काम करावे?",D4
"बाजारात बटाट्याचा भाव काय भेटत हाय, म्हाले काय शेतात पावसाची तयारी करावी?","बाजारात बटाट्याचा भाव काय मिळत आहे, तुम्हाला काय शेतात पावसाची तयारी करावी?",D4
"शेतात शेंगदाण्याच्या पिकावर कीड लागली हाय, काय औषध फवारले पायजे?","शेतात शेंगदाण्याच्या पिकावर कीड लागली आहे, काय औषध फवारले पाहिजे?",D4
"बाजारात गवताळ्या पिकाचा काय भाव भेटत हाय, म्हाजी काय स्टॉक घेतले आहे?","बाजारात गवताळ्या पिकाचा काय भाव मिळत आहे, माझ्या काय स्टॉक घेतले आहे?",D4
"शेतात शिंगोडा पिकावर पावसाची तयारी कशी करावी हाय, म्हाजी काय काम करावे?","शेतात शिंगोडा पिकावर पावसाची तयारी कशी करावी आहे, माझ्या काय काम करावे?",D4
"बाजारात शेंगदाण्याचा भाव काय भेटत हाय, म्हाले काय स्टॉक घेतले पायजे?","बाजारात शेंगदाण्याचा भाव काय मिळत आहे, तुम्हाला काय स्टॉक घ्यावे पाहिजे?",D4
"म्हाजी शेतात पाण्याचे पुरवठे केले म्हाले, आता शेतात काय पिकाले करवतत?","माझ्या शेतात पाण्याचे पुरवठे केले मी, आता शेतात काय पिकाले करून घेतात?",D4
"शेतात बाजरीचे पिक माथून फवारले हाय, सगळे फळ तुमाले मिळत असेल.","शेतात बाजरीचे पिक मधून फवारले आहे, सगळे फळ तुम्हाला मिळत आहे.",D4
"शेतात पिकाची काळजी घेतली हाय, आता काय पिकाला काय प्रकारे करवतत.","शेतात पिकाची काळजी घेतली आहे, आता काय पिकाला काय प्रकारे करून घेतात?",D4
"म्हाजी शेतात काही वाढवले म्हाले, आता शेतात काय पिकाले पायजे?","माझ्या शेतात काही वाढवले मी, आता शेतात काय पिकाले पाहिजे?",D4
"शेतात बाजरीचे पिक माथून फवारले हाय, सगळे शेतकरी तुमाले मिळत असेल.","शेतात बाजरीचे पिक मधून फवारले आहे, सगळे शेतकरी तुम्हाला मिळत आहे.",D4
"म्हाजी शेतात काही प्रकारे दिवाळी केली म्हाले, आता शेतात काय पिकाले करवतत.","माझ्या शेतात काही प्रकारे दिवाळी केली मी, आता शेतात काय पिकाले करून घेतात?",D4
"शेतात बाजरीचे पिक माथून फवारले हाय, सगळे शेतकरी तुमाले मिळत असेल.","शेतात बाजरीचे पिक मधून फवारले आहे, सगळे शेतकरी तुम्हाला मिळत आहे.",D4
म्हाजी शेतात फुलबागा घालून पाने कसे निवतात हाय?,माझ्या शेतात फुलबागा घालून पाने कसे वाढतात आहेत?,D4
"पिकाच्या उगवणीचा वेळ आला हाय, काय करवतत?","पिकाच्या उगवणीचा वेळ आला आहे, काय करून घेतात?",D4
"या वर्षी धान्याचे उत्पादन कमी पडले हाय, कायले?","या वर्षी धान्याचे उत्पादन कमी झाले आहे, कशामुळे?",D4
बैलगाडीने फळे हाताळून पायजे काय चांगले हाय?,बैलगाडीने फळे हाताळून पाहिजे काय चांगले आहे?,D4
"शेतात विविध प्रकारचे पिक घेतले हाय, काय फायदे होतात हाय?","शेतात विविध प्रकारचे पिक घेतले आहेत, काय फायदे होतात?",D4
म्हाजी शेतात कीटकनाशक फवारून काय सावधगिरी पायजे हाय?,माझ्या शेतात कीटकनाशक फवारून पाहिजे काय सावधगिरी आहे?,D4
"देशातील शेतकऱ्यांचा आजार काय आहे हाय, कायले?","देशातील शेतकऱ्यांचा आजार काय आहे आहे, कशामुळे?",D4
"पिकाच्या जाळीचे कार्य पूर्ण झाले हाय, म्हाले तुमाले सांगतात काय हाय?","पिकाच्या जाळीचे कार्य पूर्ण झाले आहे, मला तुम्हाला सांगतात काय आहे?",D4
"शेतात विविध प्रकारच्या फार्मिंगचे मार्ग सांगतात हाय, काय चांगले हाय?","शेतात विविध प्रकारच्या फार्मिंगचे मार्ग सांगतात आहेत, काय चांगले आहे?",D4
"काही जागी पोरगा वेगवेगळ्या पिकांचे पालन करीत आहे हाय, कायले?","काही जागी मुलगा वेगवेगळ्या पिकांचे पालन करीत आहे, कशामुळे?",D4
"म्हाजी शेतात जाड पानाची फुले झाली हाय, काय त्यासाठी कृत्रिम खत वापरले पायजे?","माझ्या शेतात जाड पानाची फुले झाली आहे, काय त्यासाठी कृत्रिम खत वापरले पाहिजे?",D4
"तुम्ही शेतात काही नवीन जातीचे पिक काढत आहे हाय, त्याच्या नावाची काय पर्यायी निवड केली आहे?","तुम्ही शेतात काही नवीन जातीचे पिक काढत आहेत, त्याच्या नावाची काय पर्यायी निवड केली आहे?",D4
"म्हाले कृषी विद्यालयात जाऊन शेतीचे नवीन तरीके शिकायला गेले हाय, तुम्ही काय शिकले हाय?","मला कृषी विद्यालयात जाऊन शेतीचे नवीन तरीके शिकायला गेले आहे, तुम्ही काय शिकले आहे?",D4
"म्हाजी दुकानातून जाड पानाचे पिक विकत घेतले हाय, त्याच्या दरात काय गुंतागुंत आहे हाय?","माझ्या दुकानातून जाड पानाचे पिक विकत घेतले आहे, त्याच्या दरात काय गुंतागुंत आहे?",D4
"शेतात पाणी पुरवठा कमी आहे हाय, काय उपायाची काय पर्यायी निवड केली हाय?","शेतात पाणी पुरवठा कमी आहे, काय उपायाची काय पर्यायी निवड केली आहे?",D4
"तुम्ही कोणत्या प्रकारचे शेती करू शिकले हाय, त्यासाठी काय प्रशिक्षण घेतले हाय?","तुम्ही कोणत्या प्रकारचे शेती करू शिकले आहेत, त्यासाठी काय प्रशिक्षण घेतले आहे?",D4
"बाजारातील भावात काय बदल झाला आहे हाय, त्याच्या आधारे काय निर्णय घेतले हाय?","बाजारातील भावात काय बदल झाला आहे, त्याच्या आधारे काय निर्णय घेतले आहे?",D4
"म्हाजी शेतात कीड लागत असतात हाय, त्यासाठी काय औषध फवारले पायजे?","माझ्या शेतात कीड लागत असतात, त्यासाठी काय औषध फवारले पाहिजे?",D4
"शेतात रासायनिक खत वापरत असतात हाय, त्याच्या वापरात काय सावधगिरी घ्यावी हाय?","शेतात रासायनिक खत वापरत असतात, त्याच्या वापरात काय सावधगिरी घ्यावी आहे?",D4
"म्हाजी शेतात नवीन जातीच्या पिकाची कापणी झाली हाय, त्याच्या आधारे काय निर्णय घेतले हाय?","माझ्या शेतात नवीन जातीच्या पिकाची कापणी झाली आहे, त्याच्या आधारे काय निर्णय घेतले आहे?",D4
"शेतात जाड पानाचे पिक वाढत असतात हाय, त्याच्या आधारे काय निर्णय घेतले पायजे?","शेतात जाड पानाचे पिक वाढत असतात, त्याच्या आधारे काय निर्णय घेतले पाहिजे?",D4
म्हाजी शेतात मिरची उत्पादनावर काय विचार केले पायजे?,माझ्या शेतात मिरची उत्पादनावर काय विचार करावा?,D4
"शेतात हिरव्या मिरच्या पिकाची काळजी करवतत, पोरगा त्यासाठी काय काम केले हाय?","शेतात हिरव्या मिरच्या पिकाची काळजी घेतात, मुलाला त्यासाठी काय काम केले आहे?",D4
"बाजारात तांदूळचा भाव खूप उंच झाला हाय, म्हाजी शेतात काय करावे पायजे?","बाजारात तांदूळचा भाव खूप उंच झाला आहे, माझ्या शेतात काय करावे?",D4
"म्हाजी शेतात तांदूळाची काळजी माथून केली हाय, पोरगा त्याच्या पीकला काय काय दिले हाय?","माझ्या शेतात तांदूळाची काळजी घेतली आहे, मुलाला त्याच्या पीकला काय काय दिले आहे?",D4
"कृषी विभागाने शेतकऱ्यांना काय मदत केली हाय, म्हाजी शेतात काय चांगले बदल झाले पायजे?","कृषी विभागाने शेतकऱ्यांना काय मदत केली आहे, माझ्या शेतात काय चांगले बदल झाले आहे?",D4
शेतात कांद्याची पिका काय प्रकारे घेतली पायजे?,शेतात कांद्याची पिका काय प्रकारे घेतली पाहिजे?,D4
"म्हाजी शेतात पामाच्या पिकाची काळजी करवतत, पोरगा त्यासाठी काय काम केले हाय?","माझ्या शेतात पामाच्या पिकाची काळजी घेतात, मुलाला त्यासाठी काय काम केले आहे?",D4
"बाजारात दुधाचा भाव खूप उंच झाला हाय, म्हाजी शेतात काय करावे पायजे?","बाजारात दुधाचा भाव खूप उंच झाला आहे, माझ्या शेतात काय करावे?",D4
"म्हाजी शेतात दुधाची काळजी माथून केली हाय, पोरगा त्याच्या पीकला काय काय दिले हाय?","माझ्या शेतात दुधाची काळजी घेतली आहे, मुलाला त्याच्या पीकला काय काय दिले आहे?",D4
"कृषी विभागाने शेतकऱ्यांना काय मदत केली हाय, म्हाजी शेतात काय चांगले बदल झाले पायजे?","कृषी विभागाने शेतकऱ्यांना काय मदत केली आहे, माझ्या शेतात काय चांगले बदल झाले आहे?",D4
"म्हाजी गायीचे पाळणे झाले हाय, आता त्यांना कोणते जिरे द्यायचे पायजे?","माझ्या गायीचे पाळणे झाले आहे, आता त्यांना कोणते जिरे द्यावी पाहिजे?",D4
"शेतात मी सोयाबीनली बिया पेरली हाय, काय प्रकारची जागी निवडली पायजे?","शेतात मी सोयाबीनली बिया पेरली आहे, काय प्रकारची जागी निवडली पाहिजे?",D4
"म्हाजी भाऊ माझ्या शेतात गहू पेरत हाय, त्यांना कोणते प्रकारचे बियाणे वापरावे पायजे?","माझा भाऊ माझ्या शेतात गहू पेरत आहे, त्यांना कोणते प्रकारचे बियाणे वापरावे पाहिजे?",D4
तुमाले शेतात कोणते पीक लावले आहे? मी त्यात काय मदत करू शकते हाय?,तुम्हाला शेतात कोणते पीक लावले आहे? मी त्यात काय मदत करू शकते आहे?,D4
म्हाजी शेतात कोणत्या प्रकारच्या कीटकनाशक फवारले पायजे?,माझ्या शेतात कोणत्या प्रकारच्या कीटकनाशक फवारले पाहिजे?,D4
"हाय, शेतात मी पिकाची कापणी करवतत आहे. कोणत्या प्रकारचे कापूस काढावे?","हाय, शेतात मी पिकाची कापणी करून घेत आहे. कोणत्या प्रकारचे कापूस काढावा?",D4
म्हाजे शेतात पाण्याची कमतरता आहे हाय. काय उपाय केले पायजे?,माझ्या शेतात पाण्याची कमतरता आहे आहे. काय उपाय केले पाहिजे?,D4
म्हाजे भाव शेतात दोन्ही पिके लावल्या आहेत हाय. त्यांना काय मदत करू शकते हाय?,माझा भाऊ शेतात दोन्ही पिके लावल्या आहेत आहे. त्यांना काय मदत करू शकते आहे?,D4
"हाय, शेतात मी सोयाबीन पेरली हाय. आता कोणत्या प्रकारचे उर्वरित पिके लावली पायजे?","हाय, शेतात मी सोयाबीन पेरली आहे. आता कोणत्या प्रकारचे उर्वरित पिके लावली पाहिजे?",D4
म्हाजे शेतात कोणती प्रकारची उर्वरित जमीन असते हाय? त्यांना काय प्रकारच्या पिकांसाठी वापरावी पायजे?,माझ्या शेतात कोणती प्रकारची उर्वरित जमीन असते आहे? त्यांना काय प्रकारच्या पिकांसाठी वापरावी पाहिजे?,D4
"म्हाजी शेतात गोड भाज्यांची लागवड केली हाय, काय काळजी घेतली पायजे?","माझ्या शेतात गोड भाज्यांची लागवड केली आहे, काय काळजी घेतली पाहिजे?",D4
शेतात बियाणे पेरताना काय गोष्टी लक्षात घेतल्या पायजे?,शेतात बियाणे पेरताना काय गोष्टी लक्षात घेतल्या पाहिजेत?,D4
"म्हाजी शेतात फसवणूक केली हाय, काय कारवाई केली पायजे?","माझ्या शेतात फसवणूक केली आहे, काय कारवाई केली पाहिजे?",D4
"हाय शेतात मूगची लागवड केली हाय, काय काळजी घेतली पायजे?","माझ्या शेतात मूगची लागवड केली आहे, काय काळजी घेतली पाहिजे?",D4
"शेतात जाळीची नियुक्ती केली हाय, काय तांत्रिक गोष्टी लक्षात घेतल्या पायजे?","माझ्या शेतात जाळीची नियुक्ती केली आहे, काय तांत्रिक गोष्टी लक्षात घेतल्या पाहिजेत?",D4
"म्हाजी शेतात पालेभाज्यांची लागवड केली हाय, काय काळजी घेतली पायजे?","माझ्या शेतात पालेभाज्यांची लागवड केली आहे, काय काळजी घेतली पाहिजे?",D4
"शेतात कापूसची उत्पादन केली हाय, काय प्रक्रिया घेतली पायजे?","माझ्या शेतात कापूसची उत्पादन केली आहे, काय प्रक्रिया घेतली पाहिजे?",D4
"हाय शेतात माहेरची लागवड केली हाय, काय काळजी घेतली पायजे?","माझ्या शेतात माहेरची लागवड केली आहे, काय काळजी घेतली पाहिजे?",D4
"शेतात रासायनिक खताचा वापर केला हाय, काय तांत्रिक गोष्टी लक्षात घेतल्या पायजे?","माझ्या शेतात रासायनिक खताचा वापर केला आहे, काय तांत्रिक गोष्टी लक्षात घेतल्या पाहिजेत?",D4
"म्हाजी शेतात मिरचीची लागवड केली हाय, काय काळजी घेतली पायजे?","माझ्या शेतात मिरचीची लागवड केली आहे, काय काळजी घेतली पाहिजे?",D4
"म्हाजी शेतात मोठ्या पीक वाढवले हाय, काय फळानुसार ह्या साठी पावती द्यावी लागते?","माझ्या शेतात मोठ्या पीक वाढवले आहे, काय फळानुसार ह्यासाठी पावती द्यावी लागते?",D4
"कोळंबीरीच्या पिकांमध्ये कीड लागले हाय, हे पोरगा काय केले पायजे?","कोळंबीरीच्या पिकांमध्ये कीड लागले आहे, हे मुलगा काय केले पाहिजे?",D4
म्हाले शेतात गवत वाढवण्यासाठी कोणते योग्य फळद्रावी पिकेंट वापरतात कायले?,मला शेतात गवत वाढवण्यासाठी कोणते योग्य फळद्रावी पिकेंट वापरतात कशामुळे?,D4
कोळंबीरीच्या पिकांची बिया कसे साठवल्या पायजे म्हाजी?,कोळंबीरीच्या पिकांची बिया कसे साठवल्या पाहिजे माझ्या?,D4
"हाय शेतात गवत वाढवण्यासाठी कोणते पावसारखे पिकेंट वापरतात, तुमाले पण वापरा","आहे शेतात गवत वाढवण्यासाठी कोणते पावसारखे पिकेंट वापरतात, तुम्हाला पण वापरा",D4
म्हाजी शेतात कोणते पीक साठवले पायजे ज्यामुळे पोटासाठी पोरगा पैसे कमवण्यास सक्षम होतात?,माझ्या शेतात कोणते पीक साठवले पाहिजे ज्यामुळे पोटासाठी मुलगा पैसे कमवण्यास सक्षम होतात?,D4
तुमाले शेंगाडा पिकांचे निरनिराळे प्रकार समजले आहेत कायले? वाटते त्याची काय वापरी वाटते हाय?,तुम्हाले शेंगाडा पिकांचे निरनिराळे प्रकार समजले आहेत कशामुळे? वाटते त्याची काय वापरी वाटते आहे?,D4
म्हाजी शेतात वाढवलेल्या पीकाचे पुनरुत्पादन करण्यासाठी कोणते प्राकृतिक पद्धती वापरतात कायले?,माझ्या शेतात वाढवलेल्या पीकाचे पुनरुत्पादन करण्यासाठी कोणते प्राकृतिक पद्धती वापरतात कशामुळे?,D4
"हाय शेतात तुरीचे पीक मोठ्या प्रमाणावर वाढवले हाय, काय फळानुसार यासाठी पावती द्यावी लागते?","आहे शेतात तुरीचे पीक मोठ्या प्रमाणावर वाढवले आहे, काय फळानुसार यासाठी पावती द्यावी लागते?",D4
म्हाजी शेतात गवत वाढवण्यासाठी कोणते कार्यक्षम पिकेंट निवडतात कायले?,माझ्या शेतात गवत वाढवण्यासाठी कोणते कार्यक्षम पिकेंट निवडतात कशामुळे?,D4
"शेतात भाताचे पिक काढले म्हाले, काय पाण्याचे स्त्रोती भेटत हाय?","शेतात भाताचे पिक काढले आहे, काय पाण्याचे स्त्रोती मिळत आहे?",D4
कोळी ने मला काय जतन केले म्हाले पिकासाठी?,कोळी ने मला काय जतन केले पिकासाठी?,D4
"शेतात सोयाबीनचे पिक काढले हाय, पिकानंतर काय जतन पाहिजे माथून?","शेतात सोयाबीनचे पिक काढले आहे, पिकानंतर काय जतन करावे लागते?",D4
म्हाजी शेतात काय शेतकऱ्यांनी पिक केले आहे हाय?,माझ्या शेतात काय शेतकऱ्यांनी पिक केले आहे?,D4
कोळी ने मला काय काम कळवले म्हाले कोळी ला करवतत?,कोळी ने मला काय काम कळवले कोळी ला?,D4
"शेतात तुरीचे पिक काढले हाय, तुरीची कार्यक्षमता काय हाय?","शेतात तुरीचे पिक काढले आहे, तुरीची कार्यक्षमता काय आहे?",D4
शेतात पिकाच्या काढणी दरम्यान काय सावधानी घ्यावी पोरगा?,शेतात पिकाच्या काढणी दरम्यान काय सावधानी घ्यावी?,D4
"म्हाजी शेतात काय कीड सापडले हाय, काय जतन करावे हाय?","माझ्या शेतात काय कीड सापडले आहे, काय जतन करावे?",D4
कोळी ने मला काय पिकाच्या काढणी दरम्यान मदत केली म्हाले?,कोळी ने मला काय पिकाच्या काढणी दरम्यान मदत केली?,D4
"शेतात पिकाचे काढणी केले हाय, काय काम करावे हाय पिकाच्या काढणी नंतर?","शेतात पिकाचे काढणी केले आहे, काय काम करावे पिकाच्या काढणी नंतर?",D4
म्हाजी शेतात पिकणाऱ्या बटाट्यांचा भाव काय आहे हाय?,माझ्या शेतात पिकणाऱ्या बटाट्यांचा भाव काय आहे?,D4
"म्हाजी माझ्या शेताला उशिरा जास्त पाणी फवले आहे, पायजे मी काय करू?","माझ्या शेताला उशिरा जास्त पाणी फवले आहे, पाहिजे तर मी काय करू?",D4
म्हाजी पिकवलेल्या शेंगदाण्यांची काली काय मिळते हाय?,माझ्या पिकवलेल्या शेंगदाण्यांची काली काय मिळते?,D4
पोरगा शेतात कोणत्या गाईच्या दूधाला काय भाव भेटत हाय?,मुलगा शेतात कोणत्या गाईच्या दूधाला काय भाव भेटत आहे?,D4
म्हाजी खताची वाढवणी केली नाही तर पिकाला काय होईल हाय?,माझ्या खताची वाढवणी केली नाही तर पिकाला काय होईल?,D4
कायले शेतात जास्त पाऊस पडला का हाय?,कशामुळे शेतात जास्त पाऊस पडला?,D4
म्हाजी कोणती पिके शेतात हिरवे गोड घास घेतात हाय?,माझ्या शेतात कोणती पिके हिरवे गोड घास घेतात?,D4
म्हाजी नांदी केली नाही तर पिकाला काय होईल हाय?,माझ्या नांदी केली नाही तर पिकाला काय होईल?,D4
"म्हाले शेतात कोळगुंडीची पिका वाढवली म्हाजी, याला काय विविधता द्यायची पायजे?","माळे शेतात कोळगुंडीची पिका वाढवल्या, याला काय विविधता द्यावी पाहिजे?",D4
"तुमाले शेतात तुरीची पिका कसे वाढवावीत हाय, योग्य कोणते पौष्टिक तेल फवारतात?","तुम्हाले शेतात तुरीची पिका कसे वाढवावीत आहे, योग्य कोणते पौष्टिक तेल फवारतात?",D4
"म्हाजी फळबागेत कोणते प्रकारचे फळ पेरतात हाय, पासून काय सावधगिरी घ्यावी पायजे?","माझ्या फळबागेत कोणते प्रकारचे फळ पेरतात आहे, पासून काय सावधगिरी घ्यावी पाहिजे?",D4
हाय शेतात बेडमध्ये कोणते प्रकारचे उत्पादन वाढवायला करवतत हाय?,शेतात बेडमध्ये कोणते प्रकारचे उत्पादन वाढवायला करून घेतात आहे?,D4
"म्हाजी शेतात कोणते प्रकारचे पाणी पुरवणे कशामुळे हाय, पाण्या पुरवणे कोणत्या वेळी पायजे?","माझ्या शेतात कोणते प्रकारचे पाणी पुरवणे कशामुळे आहे, पाण्या पुरवणे कोणत्या वेळी पाहिजे?",D4
"म्हाले शेतात नमवण्याचे काय कोणते शास्त्रोपचार कार्यक्रम आहेत हाय, मला काय उपाय सांगा पायजे?","माळे शेतात नमवण्याचे काय कोणते शास्त्रोपचार कार्यक्रम आहेत आहे, मला काय उपाय सांगावासे पाहिजे?",D4
"तुमाले शेतात कोणते प्रकारचे माती कसे मिसळावीत हाय, योग्य कोणते साहित्य वापरावे पायजे?","तुम्हाले शेतात कोणते प्रकारचे माती कसे मिसळावीत आहे, योग्य कोणते साहित्य वापरावे पाहिजे?",D4
"म्हाजी फळबागेत कोणते प्रकारचे प्रक्रिया कशा सुरू कराव्यात हाय, काय तांत्रिक प्रक्रिया आहेत पायजे?","माझ्या फळबागेत कोणते प्रकारचे प्रक्रिया कशा सुरू कराव्यात आहे, काय तांत्रिक प्रक्रिया आहेत पाहिजेत?",D4
"हाय शेतात कोणत्या वेळी कोणते प्रकारची मिठाई लावावी हाय, योग्य कोणती प्रक्रिया आहे पायजे?","शेतात कोणत्या वेळी कोणते प्रकारची मिठाई लावावी आहे, योग्य कोणती प्रक्रिया आहे पाहिजे?",D4
"म्हाजी शेतात कोणते प्रकारची कीटकनाशक कशा जोडतात हाय, योग्य कोणता प्रकारचा कीटकनाशक वापरावा पायजे?","माझ्या शेतात कोणते प्रकारची कीटकनाशक कशा जोडतात आहे, योग्य कोणता प्रकारचा कीटकनाशक वापरावा पाहिजा?",D4
"म्हाजी कांद्याची लागवड केली हाय, काय फळे मिळत हाय?","माझ्या कांद्याची लागवड केली आहे, काय फळे मिळत आहेत?",D4
"तुमाले धान्य पेरले काय हाय, काय प्रकारचे धान्य हाय?","तुम्हाला धान्य पेरले काय आहे, काय प्रकारचे धान्य आहे?",D4
"म्हाजी जिर्याची लागवड केली हाय, काय फायदा मिळत हाय?","माझ्या जिर्याची लागवड केली आहे, काय फायदे मिळत आहेत?",D4
"शेतात काम करणारे कोणी पोरगा आहे हाय, काय काम करत हाय?","शेतात काम करणारे कोणी मुलगा आहे आहे, काय काम करत आहे?",D4
"म्हाजी गेवडीची लागवड केली हाय, काय फळे मिळत हाय?","माझ्या गेवडीची लागवड केली आहे, काय फळे मिळत आहेत?",D4
"शेतात फवारे पाणी फवारले हाय, काय फायदा मिळत हाय?","शेतात फवारे पाणी फवारले आहे, काय फायदे मिळत आहेत?",D4
"म्हाजी मिरचीची लागवड केली हाय, काय फळे मिळत हाय?","माझ्या मिरचीची लागवड केली आहे, काय फळे मिळत आहेत?",D4
"शेतात कीड लागला हाय, काय औषध फवारले पायजे?","शेतात कीड लागला आहे, काय औषध फवारले पाहिजे?",D4
"म्हाजी बटाट्याची लागवड केली हाय, काय फळे मिळत हाय?","माझ्या बटाट्याची लागवड केली आहे, काय फळे मिळत आहेत?",D4
"मला शेतात पातळ काळजी घेतली पायजे, कुठल्या पिकासाठी पाणी द्यावे हाय?","मला शेतात पातळ काळजी घेतली पाहिजे, कुठल्या पिकासाठी पाणी द्यावे आहे?",D4
"म्हाजी मावशीने तुरीचे पीक कापले हाय, त्याला काय भाव भेटत हाय?","माझ्या मावशीने तुरीचे पीक कापले आहे, त्याला काय भाव मिळत आहे?",D4
"शेतात माली हिरवी गवताची फवारी केली हाय, त्याचे फायदे काय हाय?","शेतात माली हिरवी गवताची फवारी केली आहे, त्याचे फायदे काय आहेत?",D4
"म्हाजी शेतात बियाण्याची झाडे माथून उगवली हाय, कुठे बियाणे मिळते हाय?","माझ्या शेतात बियाण्याची झाडे मधून उगवली आहे, कुठे बियाणे मिळते?",D4
"कृषी बँकेतून कर्ज घेतले हाय, काय शर्ती पूर्ण कराव्या हाय?","कृषी बँकेतून कर्ज घेतले आहे, काय शर्ती पूर्ण कराव्या आहेत?",D4
"शेतात रेती मिळाली हाय, त्याने पायजे पिके लावाव्या हाय?","शेतात रेती मिळाली आहे, त्याने पिके लावाव्या पाहिजेत?",D4
"कृषी उत्पादनाचे कायदे पालन करावे हाय, कुठले अधिकारी देखरेख करतात हाय?","कृषी उत्पादनाचे कायदे पालन करावे आहेत, कुठले अधिकारी देखरेख करतात?",D4
"म्हाजी शेतात विविध पिके लावली हाय, कोणत्या पिकांना जास्त पाणी द्यावे हाय?","माझ्या शेतात विविध पिके लावली आहेत, कोणत्या पिकांना जास्त पाणी द्यावे आहे?",D4
"कृषी उत्पादनाच्या निमित्ताने पोरगे व्यवसाय सुरु केले हाय, काय प्रकारे लाभ मिळेल हाय?","कृषी उत्पादनाच्या निमित्ताने मुलगा व्यवसाय सुरु केला आहे, काय प्रकारे लाभ मिळेल?",D4
"शेतात फळबागा लावली हाय, सुरेख फळे कशामुळे मिळतात हाय?","शेतात फळबागा लावली आहे, सुरेख फळे कशामुळे मिळतात?",D4
"म्हाजी शेतात धान्याच्या पिकाची कापणी झाली हाय, तुमाले फिरती पिका साठी काय पैसे मागवले हाय?","माझ्या शेतात धान्याच्या पिकाची कापणी झाली आहे, तुम्हाला फिरती पिका साठी काय पैसे मागवले आहेत?",D4
"शेतात कापूसची पिका हाय, काय जतन केले हाय जेणे करवतत तिचे काळे फळ होऊ द्यावे?","शेतात कापूसची पिका आहे, काय जतन केले आहे जेणे करून तिचे काळे फळ होऊ द्यावे?",D4
"म्हाले पिका लागवल्याने पोरग्यांना पिकांचे काम सोपविले हाय, पायजे काही शिवाय काय?","मला पिका लागवल्याने मुलांना पिकांचे काम सोपविले आहे, पाहिजे काही शिवाय काय?",D4
"कोळंबीची पिका हाय, म्हाजी कोळंबीचे पीक फार चांगले हाय, पोरगा हा कोळंबी पिका घ्यावी?","कोळंबीची पिका आहे, माझ्या कोळंबीचे पीक फार चांगले आहे, मुला ही कोळंबी पिका घ्यावी?",D4
"काही पिके हाय ज्या वर कीड लागतात, करवतत काय औषध फवारले पायजे कीड पिकांवर लागू नये?","काही पिके आहेत ज्या वर कीड लागतात, करून घेतात काय औषध फवारले पाहिजे कीड पिकांवर लागू नये?",D4
"हाय, म्हाजी शेतात बाजरीची पिका लागली हाय, तुमाले बाजरी पिका घ्यावी ना?","हाय, माझ्या शेतात बाजरीची पिका लागली आहे, तुम्हाला बाजरी पिका घ्यावी ना?",D4
"काय औषध फवारले पायजे पिकांवरील कीड होऊ नये हाय, करवतत काय केले हाय पिकांना संरक्षण द्यावे?","काय औषध फवारले पाहिजे पिकांवरील कीड होऊ नये आहे, करून घेतात काय केले आहे पिकांना संरक्षण द्यावे?",D4
"म्हाजी पिकांचे काम म्हाले पोरग्याला सोपविले हाय, पायजे काही शिवाय काय ते करावे?","माझ्या पिकांचे काम मला मुलाला सोपविले आहे, पाहिजे काही शिवाय काय ते करावे?",D4
"पिकांचे पाणी पुरवणे हाय, कायले पिकांच्या पाण्याच्या वापरासाठी काय प्रकारांची व्यवस्था केली हाय?","पिकांचे पाणी पुरवणे आहे, कशामुळे पिकांच्या पाण्याच्या वापरासाठी काय प्रकारांची व्यवस्था केली आहे?",D4
"हाय, म्हाजी शेतात पामाची पिका लागली हाय, तुमाले पामाची पिका घ्यावी ना?","हाय, माझ्या शेतात पामाची पिका लागली आहे, तुम्हाला पामाची पिका घ्यावी ना?",D4
"माझ्या शेतात पावसाची कमतरता झाली हाय, हे काय पायजे?","माझ्या शेतात पावसाची कमतरता झाली आहे, हे काय पाहिजे?",D4
तुम्हाला निर्जलित पिकांचे काय तपासणे करावे हाय?,तुम्हाला निर्जलित पिकांचे काय तपासणे करावे आहे?,D4
क्षयजनक कीडांवर गोळ्या फवारल्या म्हाजी पिका तळविण्यास पायजे?,क्षयजनक कीडांवर गोळ्या फवारल्या माझ्या पिका तळविण्यास पाहिजे?,D4
शेतात कार्बेन्डाजिम पेरल्याने काय परिणाम होत हाय?,शेतात कार्बेन्डाजिम पेरल्याने काय परिणाम होत आहे?,D4
काय भाव भेटत हाय तुम्हाला सोयाबीनचे कांटे पाजवले पायजे?,काय भाव मिळत आहे तुम्हाला सोयाबीनचे कांटे पाजवले पाहिजे?,D4
माथून काढलेल्या क्षयजनक कीडांचे तपासणे काय पायजे?,मधून काढलेल्या क्षयजनक कीडांचे तपासणे काय पाहिजे?,D4
बजाज फसली पुनर्वसन योजनेच्या अंमलबजावणी काय पायजे?,बजाज फसली पुनर्वसन योजनेच्या अंमलबजावणी काय पाहिजे?,D4
तुम्हाला फसली पेरणीच्या कामी काय मदत करावी हाय?,तुम्हाला फसली पेरणीच्या कामी काय मदत करावी आहे?,D4
शेतात कीड नियंत्रणासाठी काय कौशल्यांची वापर केली हाय?,शेतात कीड नियंत्रणासाठी काय कौशल्यांची वापर केली आहे?,D4
"म्हाजी शेतात धान्य कशाला मिळेल हाय, काय पायजे?","माझ्या शेतात धान्य कशाला मिळेल आहे, काय पाहिजे?",D4
"म्हाजी शेतात नावी पीक फळले म्हाले, म्हणून शेतातली पाणी पुरवठा प्रशासनाकडून पोरगा पाहिजे?","माझ्या शेतात नावी पीक फळले मला, म्हणून शेतातली पाणी पुरवठा प्रशासनाकडून मुलाला पाहिजे?",D4
"म्हाजी कांट्या पिकाला बियाण्याची सुरवात केली म्हाले, काय करवतत कामाला घेतात?","माझ्या कांट्या पिकाला बियाण्याची सुरवात केली मले, काय करून घेतात?",D4
"म्हाजी शेतात कीड लागल्यामुळे फक्त बियाण्याची उर्ध्वगामी काढली हाय, पोरगा पाहिजे काय?","माझ्या शेतात कीड लागल्यामुळे फक्त बियाण्याची उर्ध्वगामी काढली आहे, मुलाला पाहिजे काय?",D4
"म्हाजी पिकाची वाढ होण्यासाठी शेतात पाण्याची देखरेख करावी, पोरगा म्हणजे काय?","माझ्या पिकाची वाढ होण्यासाठी शेतात पाण्याची देखरेख करावी, मुला म्हणजे काय?",D4
म्हाजी शेतातली पिकाची काळजी घेण्यासाठी शेतकऱ्याला पोरगा पाहिजे काय?,माझ्या शेतातली पिकाची काळजी घेण्यासाठी शेतकऱ्याला मुलाला पाहिजे काय?,D4
"म्हाजी काय बियाणे म्हाजी पिकाला फार चांगली काळजी घेतात म्हाले, पोरगा शिक्षित होतात काय?","माझ्या काय बियाणे माझ्या पिकाला फार चांगली काळजी घेतात मले, मुलाला शिक्षित होतात काय?",D4
"म्हाजी शेतात काय पिकातली कीड फक्त औषध फवारून काढतात म्हाले, पोरगा काय?","माझ्या शेतात काय पिकातली कीड फक्त औषध फवारून काढतात मले, मुलाला काय?",D4
म्हाजी पिकाच्या वाढीसाठी शेतात काय शेतकऱ्याला पोरगा पाहिजे?,माझ्या पिकाच्या वाढीसाठी शेतात शेतकऱ्याला मुलाला पाहिजे?,D4
"म्हाजी काय पिकातली कीड फक्त बियाण्याच्या संगती फवारून काढतात म्हाले, पोरगा शेतात पाहिजे काय?","माझ्या काय पिकातली कीड फक्त बियाण्याच्या संगती फवारून काढतात मले, मुलाला शेतात पाहिजे काय?",D4
म्हाजी बागायतीची पाणीपुरवठा कशामुळे हाय?,माझ्या बागायतीचा पाणीपुरवठा कशामुळे आहे?,D4
वर्षभरात शेतात फावडे कश्या करवतत हाय?,वर्षभरात शेतात फावडे कशी करून घेतात?,D4
"नांदीच्या पिकावर कोणती कीड लागली हाय, काय फवारले पायजे?","नांदीच्या पिकावर कोणती कीड लागली आहे, काय फवारले पाहिजे?",D4
शेतात जिर्याची सांडली कश्या कापतात हाय?,शेतात जिर्याची सांडली कशी कापतात?,D4
"सोयाबीनची कापणी झाली हाय, बाजारात काय भाव भेटत हाय?","सोयाबीनची कापणी झाली आहे, बाजारात काय भाव मिळत आहे?",D4
शेतात खत दिले पायजे कश्या म्हटले हाय?,शेतात खत दिले पाहिजे कश्या म्हटले आहे?,D4
हिवाळ्यात शेतात कोणती झाडे उगवली हाय?,हिवाळ्यात शेतात कोणती झाडे उगवली आहे?,D4
"शेतात बटाट्याची पिका झाली हाय, काय भाव भेटत हाय?","शेतात बटाट्याची पिका झाली आहे, बाजारात काय भाव मिळत आहे?",D4
जवळीला शेतकरी म्हाले सांडली कश्या कापतात हाय?,जवळीला शेतकरी माझ्या सांडली कशी कापतात?,D4
हिवाळ्यात शेतात कोणते औषध फवारले पायजे हाय?,हिवाळ्यात शेतात कोणते औषध फवारले पाहिजे आहे?,D4
"म्हाजी शेतात फुलबागा बांधला आहे, त्यात कोणते फूल दाखवले पायजे?","माझ्या शेतात फुलबागा बांधला आहे, त्यात कोणते फूल दाखवले पाहिजे?",D4
"तुमाले शेती सुरू केली हाय, तुम्हाला काय सोयाबीन पिकवायला पाहिजे?",तुम्हाला शेती सुरू केली आहे; तुम्हाला काय सोयाबीन पिकवायला पाहिजे?,D4
कायले शेतात कोणते पिक म्हाले आहे?,कशामुळे शेतात कोणते पिक माझे आहे?,D4
"म्हाजी शेतात जाड शेतमाल पडला आहे, तेव्हा हाय काय करावे?","माझ्या शेतात जाड शेतमाल पडला आहे, तेव्हा काय करावे?",D4
"तुमाले शेतात जाड शेतमाल पडला हाय, तुम्हाला काय करावे पायजे?","तुम्हाला शेतात जाड शेतमाल पडला आहे, तुम्हाला काय करावे पाहिजे?",D4
शेतात म्हाजी पिकाला काय पाणी द्यावे हाय?,माझ्या शेतात पिकाला काय पाणी द्यावे आहे?,D4
कायले शेतात कोणते मुलगे काम करतात हाय?,कशामुळे शेतात कोणते मुलगे काम करतात?,D4
"पिकाची कापणी झाली हाय, तुमाले त्यातून काय कमावणे पायजे?","पिकाची कापणी झाली आहे, तुम्हाला त्यातून काय कमावणे पाहिजे?",D4
म्हाजी शेतात कोणती कीटकनाशकाची फवारणी करावी हाय?,माझ्या शेतात कोणती कीटकनाशकाची फवारणी करावी आहे?,D4
कायले शेतात कोणती पिके सुरक्षित राहू पायजे?,कशामुळे शेतात कोणती पिके सुरक्षित राहू पाहिजे?,D4
"हाय, म्हाले पिकात बायो फर्टिलायझर शेती करू शकतो का?","आहे, मला पिकात बायो फर्टिलायझर शेती करून घेणे शक्य आहे का?",D4
म्हाजी शेतात पाण्याची वाढती किंमत कायले?,माझ्या शेतात पाण्याची वाढती किंमत कशामुळे?,D4
म्हाले शेतात कोणती जातीचे बी लावतात हाय?,मला शेतात कोणती जातीचे बी लावतात आहे?,D4
"हाय, वाढवलेला पोरगा शेतकऱ्याने काय काम करतो?","आहे, वाढवलेला मुलगा शेतकऱ्याने काय काम करतो?",D4
म्हाजी पिकाला फवारलेले कोणते औषध कार्यक्षम हाय?,माझ्या पिकाला फवारलेले कोणते औषध कार्यक्षम आहे?,D4
शेतात फवारलेल्या पाण्यात कोणती जातीचे माशी आहेत हाय?,शेतात फवारलेल्या पाण्यात कोणती जातीचे माशी आहेत?,D4
म्हाले शेटकरी मालवाहून नेण्यासाठी कोणता वाहन वापरतात हाय?,मला शेटकरी मालवाहून नेण्यासाठी कोणते वाहन वापरतात?,D4
म्हाजी शेतात कोणत्या जातीचे पिक हि प्रतिकूल हवामानातही उगवू शकतात हाय?,माझ्या शेतात कोणत्या जातीचे पिक हि प्रतिकूल हवामानातही उगवू शकतात?,D4
"हाय, शेतात वाढवलेली गाय कोणत्या पदार्थांचे प्रोटीन साठवू शकते?","आहे, शेतात वाढवलेली गाय कोणत्या पदार्थांचे प्रोटीन साठवू शकते?",D4
म्हाले शेतकरी कोणत्या कृषी उत्पादनांचे निर्यात करू शकतात हाय?,मला शेतकरी कोणत्या कृषी उत्पादनांचे निर्यात करून घेतात?,D4
म्हाजी बागवणी सोलीसाठी पोतनी म्हाले काय काय सामग्री काढत हाय?,माझ्या बागवणी सोलीसाठी पोतनी मला काय काय सामग्री काढावी आहे?,D4
"शेतात कोळवण चांगली कशामुळे फुलते हाय, पोरगांना खायला द्यावी पायजे?","शेतात कोळवण चांगली कशामुळे फुलते आहे, मुलांना खायला द्यावे पाहिजे?",D4
"म्हाजी मावसाला क्रीम पेरतात हाय, दुधाची पातळी काय हाय?","माझ्या मावसाला क्रीम पेरते आहे, दुधाची पातळी काय आहे?",D4
"शेतात गवताची लागवड कशी करावी हाय, जास्त लागवड करवतत पायजे?","शेतात गवताची लागवड कशी करावी आहे, जास्त लागवड करून घेतात पाहिजे?",D4
"म्हाजी पिकेची उष्णता कशी चालवावी हाय, तापमान काय हाय?","माझ्या पिकेची उष्णता कशी चालावी आहे, तापमान काय आहे?",D4
"शेतात कीडाची नियंत्रणे कशी करावी हाय, कीड लागली कशामुळे हाय?","शेतात कीडाची नियंत्रणे कशी करावी आहे, कीड लागली कशामुळे आहे?",D4
"म्हाजी पिकेचा पाण्याचा पुरवठा कशा प्रकारे करावा हाय, पाण्याची कमतरता काय हाय?","माझ्या पिकेचा पाण्याचा पुरवठा कशा प्रकारे करावा आहे, पाण्याची कमतरता काय आहे?",D4
"शेतात भूजलाच्या वापराची माहिती कशी मिळवावी हाय, पाणी पुरवठा काय हाय?","शेतात भूजलाच्या वापराची माहिती कशी मिळावी आहे, पाणी पुरवठा काय आहे?",D4
"म्हाजी शेतात निर्जलीकरण कशी रोकावी हाय, पाण्याची कमतरता कशामुळे हाय?","माझ्या शेतात निर्जलीकरण कशी रोकावी आहे, पाण्याची कमतरता कशामुळे आहे?",D4
"शेतात सिंचाई सुविधा कशी सुरू करावी हाय, पाण्याचा पुरवठा काय हाय?","शेतात सिंचाई सुविधा कशी सुरू करावी आहे, पाण्याचा पुरवठा काय आहे?",D4
"म्हाजी शेतात फसलीची बिया साठवल्याचा काय हाय, काय प्रकारे साठवल्याचा","माझ्या शेतात फसलीची बिया साठवल्याचा काय आहे, काय प्रकारे साठवल्याचा?",D4
"शेतात धान्याची कुटाई होऊन सुरू होती हाय, तरीही काय दोष आहेत हाय?","शेतात धान्याची कुटाई होऊन सुरू होती आहे, तरीही काय दोष आहेत?",D4
"शेतात उष्णकटिबंधीय पिका वाढवण्यासाठी काय करावे हाय, काय योग्य हाय?","शेतात उष्णकटिबंधीय पिका वाढवण्यासाठी काय करावे आहे, काय योग्य आहे?",D4
"म्हाजी शेतात वाढवल्या पिकेचा काय भाव मिळतो हाय, म्हणून काय करावे हाय?","माझ्या शेतात वाढवल्या पिकेचा काय भाव मिळतो आहे, म्हणून काय करावे आहे?",D4
"शेतात पिकांचे संरक्षण करण्यासाठी काय उपाय आहेत हाय, काय प्रकारे करावे हाय?","शेतात पिकांचे संरक्षण करण्यासाठी काय उपाय आहेत आहेत, काय प्रकारे करावे आहे?",D4
"म्हाजी शेटीची क्षारता चांगली झाली हाय, जास्त मऊ पावसाने पिकाची वाढ कशामुळे?","माझ्या शेताची क्षारता चांगली झाली आहे, जास्त मऊ पावसाने पिकाची वाढ कशामुळे?",D4
"म्हाले खूप पावसाने पिकाची झाडे नुकसान झाले हाय, काय उपाय करावे पाहिजे?","मला खूप पावसाने पिकाची झाडे नुकसान झाला आहे, काय उपाय करावे पाहिजे?",D4
"माथून तुम्हाले काय भाव मिळतो हाय, म्हाजी पिकाची कापणी कधी करावी पायजे?","मधून तुम्हाला काय भाव मिळत आहे, माझ्या पिकाची कापणी कधी करावी पाहिजे?",D4
"हाय, म्हाजी बागायती पिकाची फवारे फिरवली हाय, सगळ्या क्षेत्रात फवारे कशाला करावेत?","आहे, माझ्या बागायती पिकाची फवारे फिरवली आहे, सगळ्या क्षेत्रात फवारे कशाला करावेत?",D4
"म्हाले गंगा बिरसे फारसे काम करणार नाही हाय, काय फायदे होतात काय?","मला गंगा बिरसे फारसे काम करणार नाही आहे, काय फायदे होतात काय?",D4
"म्हाजी शेटीची क्षारता चांगली झाली हाय, सामान्य क्षेत्रात काय सुधारणा केल्या पायजे?","माझ्या शेताची क्षारता चांगली झाली आहे, सामान्य क्षेत्रात काय सुधारणा केल्या पाहिजे?",D4
"म्हाले कोणत्या पिकाला उत्तम भाव मिळतो हाय, म्हाजी पिकाची कापणी झाली हाय?","मला कोणत्या पिकाला उत्तम भाव मिळत आहे, माझ्या पिकाची कापणी झाली आहे?",D4
"म्हाजी शेटीची क्षारता चांगली झाली हाय, माथून काय पीक नुकसान झाले हाय?","माझ्या शेताची क्षारता चांगली झाली आहे, मधून काय पीक नुकसान झाले आहे?",D4
"म्हाले कोणत्या क्रीडाला रोग लागला हाय, म्हाजी बागायती पिकाची फवारे फिरवली हाय?","मला कोणत्या क्रीडाला रोग लागला आहे, माझ्या बागायती पिकाची फवारे फिरवली आहे?",D4
"म्हाजी पीकाची कापणी झाली हाय, पोरगा शेताची क्षारता चांगली करणे कशाला शिकावे?","माझ्या पिकाची कापणी झाली आहे, मुलगा शेताची क्षारता चांगली करणे कशाला शिकावे?",D4
"म्हाजी शेतात गायी लावल्या हाय, काय पाळणीचे काम वाहून घेतले म्हाले?","माझ्या शेतात गायी लावल्या आहेत, काय पाळणीचे काम वाहून घेतले आहे?",D4
तुमाले पिकवलेल्या ज्वाराचा फायदा कशामुळे होत नाही हाय?,तुम्हाला पिकवलेल्या ज्वाराचा फायदा कशामुळे होत नाही आहे?,D4
"शेतात धान्याची काटणी करून घेतली हाय, तेव्हा काय गाजरेची कापणी करवतत?","शेतात धान्याची काटणी करून घेतली आहे, तेव्हा काय गाजरेची कापणी करून घेतात?",D4
"म्हाजी बागाने फळाचे पीक आले हाय, पायरी कशा काढतो पायजे?","माझ्या बागाने फळाचे पीक आले आहे, पायरी कशा काढता पाहिजे?",D4
"शेतात कांद्याची लागवड केली हाय, काय पीक आले काय हाय?","शेतात कांद्याची लागवड केली आहे, काय पीक आले आहे?",D4
तुमाले पिकवलेल्या कांचनाचा काय अंदाज आहे हाय?,तुम्हाला पिकवलेल्या कांचनाचा काय अंदाज आहे?,D4
"म्हाजी शेतात कापूस पिकवला हाय, काय फायदा होतो हाय?","माझ्या शेतात कापूस पिकवला आहे, काय फायदा होतो आहे?",D4
"शेतात खताचे फवारणी केली हाय, काय पीक लागते हाय?","शेतात खताचे फवारणी केली आहे, काय पीक लागते आहे?",D4
"म्हाजी शेतात बटाट्याची लागवड केली हाय, काय पीक आले काय हाय?","माझ्या शेतात बटाट्याची लागवड केली आहे, काय पीक आले आहे?",D4
तुमाले पिकवलेल्या मक्याचा काय उत्पादन मिळतो हाय?,तुम्हाला पिकवलेल्या मक्याचा काय उत्पादन मिळत आहे?,D4
"म्हाजी शेतात बियाणे गोळा करणे हाय, कोणती बियाणे पॉलिसी घ्यावी पायजे?","माझ्या शेतात बियाणे गोळा करण्याची वेळ आली आहे, कोणती बियाणे पॉलिसी घ्यावी पाहिजे?",D4
म्हाले फिशिंग केली तर काय पायजे? पाण्यात कोणती रोग पडतात हाय?,मला फिशिंग केली तर काय पाहिजे? पाण्यात कोणती रोग पडतात आहेत?,D4
"शेतात मळ झाला हाय, काय पावडर फवारले पायजे? वेगळी पिका करावी काय हाय?","शेतात मळ झाला आहे, काय पावडर फवारले पाहिजे? वेगळी पिका करावी काय आहे?",D4
म्हाजी शेतात पाण्याची किती प्रमाणित पुरवठा हाय? सिंचाईसाठी कोणती मशिनरी घ्यावी पायजे?,माझ्या शेतात पाण्याची किती प्रमाणित पुरवठा आहे? सिंचाईसाठी कोणती मशिनरी घ्यावी पाहिजे?,D4
कोणते कीटाणूतंत्र शेतात बांधले पायजे? सुरक्षित शेती करण्यासाठी काय उपाय हाय?,कोणते कीटाणूतंत्र शेतात बांधले पाहिजे? सुरक्षित शेती करण्यासाठी काय उपाय आहेत?,D4
म्हाजी शेतात फवारे देण्यासाठी कोणती मशिनरी वापरली हाय? किती लाभ होतो हाय?,माझ्या शेतात फवारे देण्यासाठी कोणती मशिनरी वापरली आहे? किती लाभ होतो आहे?,D4
बाजारात कोणते शेताचे उत्पादन विकणे हाय? किती ते लाभ होते हाय?,बाजारात कोणते शेताचे उत्पादन विकणे आहे? किती ते लाभ होते आहे?,D4
शेतात वाळवंट पाण्याची पुरवठा करावी पायजे? काय उपाय हाय?,शेतात वाळवंट पाण्याची पुरवठा करावी पाहिजे? काय उपाय आहेत?,D4
म्हाजी शेतात शेतकऱ्यांची सुरक्षितता पाहिजे हाय. काय कारवाई होऊ शकते हाय?,माझ्या शेतात शेतकऱ्यांची सुरक्षितता पाहिजे आहे. काय कारवाई होऊ शकते आहे?,D4
कोणते शेताचे उत्पादन काढले पायजे? किती भाव होतो हाय?,कोणते शेताचे उत्पादन काढले पाहिजे? किती भाव होतो आहे?,D4
म्हाजी शेतात खरणी झाडांवर पाणी पुरवले हाय. तुमाले शेतात किती पाणी वापरत आहेत?,माझ्या शेतात खरणी झाडांवर पाणी पुरवले आहे. तुम्हाला शेतात किती पाणी वापरता?,D4
तुमाले कोणत्या बियाण्यांचा वापर करावा हाय? मी माझ्या शेतात सोयाबीन बियाणे घेत आहे.,तुम्हाला कोणत्या बियाण्यांचा वापर करावा आहे? मी माझ्या शेतात सोयाबीन बियाणे घेत आहे.,D4
म्हाजी शेतात कोणत्या किडांचे कीड लागले हाय? हायजडे काही कीड नाशक फवारले पायजे?,माझ्या शेतात कोणत्या किडांचे कीड लागले आहे? हायजडे काही कीड नाशक फवारले पाहिजे?,D4
तुमाले शेतात कोणत्या खताचा वापर करावा हाय? मी माझ्या शेतात डिअमॉनिअम फॉस्फेट खत घेत आहे.,तुम्हाला शेतात कोणत्या खताचा वापर करावा आहे? मी माझ्या शेतात डिअमॉनिअम फॉस्फेट खत घेत आहे.,D4
म्हाजी शेतात कोणत्या फुलांचे फुल पाले हाय? तुमाले शेतात फुलांचा वापर केला हाय काय?,माझ्या शेतात कोणत्या फुलांचे फुल पाले आहे? तुम्हाले शेतात फुलांचा वापर केला आहे का?,D4
तुमाले शेतात जैविक खताचा वापर करावा हाय? मी माझ्या शेतात गोबर खत घेत आहे.,तुम्हाला शेतात जैविक खताचा वापर करावा आहे? मी माझ्या शेतात गोबर खत घेत आहे.,D4
म्हाजी शेतात कोणत्या प्रकारचे रोग आहे हाय? तुमाले शेतात रोगांचा वैद्यकीय प्रमाणित उपचार करावा हाय?,माझ्या शेतात कोणत्या प्रकारचे रोग आहे आहे? तुम्हाले शेतात रोगांचा वैद्यकीय प्रमाणित उपचार करावा आहे?,D4
तुमाले शेतात कोणत्या किसान बँकेचे खाते उघडले हाय? मी माझ्या शेतात राष्ट्रीय किसान क्रेडिट पारिजतन बँकेचे खाते उघडले आहे.,तुम्हाला शेतात कोणत्या किसान बँकेचे खाते उघडले आहे? मी माझ्या शेतात राष्ट्रीय किसान क्रेडिट पारिजतन बँकेचे खाते उघडले आहे.,D4
म्हाजी शेतात कोणत्या प्रकारचे पाणी संचयन केले हाय? तुमाले शेतात जतन केले पायजे?,माझ्या शेतात कोणत्या प्रकारचे पाणी संचयन केले आहे? तुम्हाले शेतात जतन करावे पाहिजे?,D4
तुमाले शेतात कोणत्या प्रकारचे कचऱ्याचे पुनर्वापर केले हाय? मी माझ्या शेतात प्लास्टिक कचऱ्याचे पुनर्वापर करत आहे.,तुम्हाला शेतात कोणत्या प्रकारचे कचऱ्याचे पुनर्वापर केले आहे? मी माझ्या शेतात प्लास्टिक कचऱ्याचे पुनर्वापर करत आहे.,D4
म्हाजी शेतात कोणत्या प्रकारचे पोषकतलाचे खताचा वापर केला हाय? तुमाले शेतात पोषकतलाचे खताचा वापर करावा हाय?,माझ्या शेतात कोणत्या प्रकारचे पोषकतलाचे खताचा वापर केला आहे? तुम्हाले शेतात पोषकतलाचे खताचा वापर करावा आहे?,D4
तुमाले शेतात फळबागा तयार केली हाय?,तुम्हाला शेतात फळबागा तयार केली आहे?,D4
"म्हाजी बागायतीत शेतकऱ्यांनी रबडी पेरली हाय, पिक झाली काय हाय?","माझ्या बागायतीत शेतकऱ्यांनी रबडी पेरली आहे, पिक झाली काय आहे?",D4
पोरगा शेतात कांद्याच्या पिकाने काय कमावतो हाय?,मुलगा शेतात कांद्याच्या पिकाने काय कमावतो?,D4
"हाय, वर्षातील या पहिल्या जाड्यामध्ये शेतात पाणी वापरू नये हाय.","आहे, वर्षातील या पहिल्या जाड्यामध्ये शेतात पाणी वापरू नये, हे पोरगा सांगतो.",D4
म्हाजी मोहरी पिकाने तुमाले काय कमावतात हाय?,माझ्या मोहरी पिकाने तुम्हाला काय कमावतात?,D4
"कायले शेतात पाण्याची किंमत मोठी असते हाय, काय उपाय करावेत हाय?",कशामुळे शेतात पाण्याची किंमत मोठी असते; काय उपाय करावेत?,D4
"म्हाजी शेतात कोळंबीर पेरली हाय, माथून तरी काय हाय?","माझ्या शेतात कोळंबीर पेरली आहे, मधून तरी काय?",D4
"शेतात भाताची झाडी दाटली हाय, हाय काय करावे पायजे?","शेतात भाताची झाडी दाटली आहे, हे काय करावे पाहिजे?",D4
"म्हाजी शेतात शेतकऱ्यांनी सोयाबीन पेरली हाय, जाड्याला काय काय भाव भेटत हाय?","माझ्या शेतात शेतकऱ्यांनी सोयाबीन पेरली आहे, जाड्याला काय काय भाव मिळत आहे?",D4
"कायले शेतात कांदा पिकात कीड लागतात हाय, काय औषध फवारावे हाय?",कशामुळे शेतात कांदा पिकात कीड लागतात; काय औषध फवारावे?,D4
"म्हाजी शेतात पाणी देण्यासाठी तळी म्हाले बांधले हाय, काय प्रकारची तळी बांधली पायजे?","माझ्या शेतात पाणी देण्यासाठी तळी मला बांधले आहे, काय प्रकारची तळी बांधली पाहिजे?",D4
"तुमाले फक्त जिरेबरगा शेतात फारसे पाणी वापरत नाही हाय, काय कारण कायले?","तुम्हाले फक्त जिरेबरगा शेतात फारसे पाणी वापरत नाही, काय कारण आहे?",D4
"म्हाजी गवताच्या पिकाला तेल वाढवण्यासाठी काय करावे हाय, काय पद्धतीतले तेल वापरतात हाय?","माझ्या गवताच्या पिकाला तेल वाढवण्यासाठी काय करावे, काय पद्धतीतले तेल वापरतात?",D4
"शेतात कीड-भक्षक पीकाचा पिकवला तर काय फायदा होतो हाय, काय प्रकारचे पीक पिकू शकतो हाय?","शेतात कीड-भक्षक पीकाचा पिकवला तर काय फायदा होतो आहे, काय प्रकारचे पीक पिकू शकतो?",D4
"म्हाजी शेतात फक्त उष्णकटिबंधीय पिके ही घेतो नाही हाय, काय प्रकारचे पिके पोरगा घेतो?","माझ्या शेतात फक्त उष्णकटिबंधीय पिके ही घेत नाही, काय प्रकारचे पिके मुलगा घेतो?",D4
"तुमाले शेतात सिंचाई न घेता पिके घेत नाही हाय, काय कारण कायले पोरगा?","तुम्हाले शेतात सिंचाई न घेता पिके घेत नाही, काय कारण आहे मुलगाच्या?",D4
"म्हाजी शेताच्या दुसरीकडील भागात मोठी कोळी झाली हाय, काय कारण कायले तुमाले?","माझ्या शेताच्या दुसरीकडील भागात मोठी कोळी झाली आहे, काय कारण आहे तुम्हाला?",D4
"शेतात बायोडिझेल तंत्रज्ञानाचा वापर केला तर काय फायदा होतो हाय, काय प्रकारचे तंत्रज्ञान पोरगा वापरतात?","शेतात बायोडिझेल तंत्रज्ञानाचा वापर केला तर काय फायदा होतो आहे, काय प्रकारचे तंत्रज्ञान मुलगा वापरतात?",D4
"म्हाजी शेतात बायोकम्पोस्टाचा वापर केला तर काय फायदा होतो हाय, काय प्रकारचे कचऱ्याचे पुनर्वापर करू शकतो हाय?","माझ्या शेतात बायोकम्पोस्टाचा वापर केला तर काय फायदा होतो आहे, काय प्रकारचे कचऱ्याचे पुनर्वापर करू शकतो?",D4
"तुमाले रेशीम पिका शेतात ही नाही घेतो हाय, काय कारण कायले म्हाजी पिका हे नाही घेतल्या?","तुम्हाले रेशीम पिका शेतात ही नाही घेत, काय कारण आहे माझ्या पिका ही नाही घेतल्या?",D4
"म्हाजी शेतात सायकल पिका आहेत हाय, काय प्रकारचे पिके तुमाले पोरगा घेतो?","माझ्या शेतात सायकल पिका आहेत आहेत, काय प्रकारचे पिके मुलगा घेतो?",D4
"म्हाजी शेतात फवारे पाणी पुरवले म्हाले, पिकांना किती पाणी पुरवले पायजे?","माझ्या शेतात फवारे पाणी पुरवले आहे, पिकांना किती पाणी पुरवले पाहिजे?",D4
"हाय! पिका पाण्यात फिरताही नाहीत, पाळल्या म्हणजे काय हाय?","हे! पिका पाण्यात फिरत नाहीत, पाळल्यामुळे काय होते आहे?",D4
बीज म्हाजी शेतात लावले म्हाले; किती दिवस बीजांना पाणी पुरवले पायजे?,"बीज माझ्या शेतात लावले आहे, किती दिवस बीजांना पाणी पुरवले पाहिजे?",D4
"शेतात तुरीच्या पिकावर कीड लागली हाय, काय कीड नाशक फवारले पायजे?","शेतात तुरीच्या पिकावर कीड लागली आहे, काय कीड नाशक फवारले पाहिजे?",D4
म्हाजी शेतात पिकांना काय व्हायटल मिळत हाय?,माझ्या शेतात पिकांना काय व्हायटल मिळत आहे?,D4
पिकांना नुकसान झाले कारण कायले हाय?,पिकांना नुकसान झाले कारण कशामुळे आहे?,D4
बाजारात शेतीचे उत्पादन किती भाव भेटत हाय?,बाजारात शेतीचे उत्पादन किती भाव मिळत आहे?,D4
"म्हाजी शेतात बऱ्याच पिकांची कापणी झाली हाय, पिकांची किंमत काय हाय?","माझ्या शेतात बऱ्याच पिकांची कापणी झाली आहे, पिकांची किंमत काय आहे?",D4
"शेतात पिकांना पाण्याची कमी होत हाय, काय उपाय केले पायजे?","शेतात पिकांना पाण्याची कमी होत आहे, काय उपाय केले पाहिजे?",D4
म्हाजी शेतात पिकांना काय सारखे रोग होत हाय?,माझ्या शेतात पिकांना काय सारखे रोग होत आहे?,D4
"म्हाजी शेतात जिर्या लावले हाय, काय फळ मिळणार हाय?","माझ्या शेतात जिर्या लावले आहे, काय फळ मिळणार आहे?",D4
तुमाले खताची किती पाती शेतात फवारले पायजे?,तुम्हाला खताची किती पाती शेतात फवारली पाहिजे?,D4
हाय म्हाले शेतात बाजरीची किती पिंजऱ्या लावली हाय?,आहे मला शेतात बाजरीची किती पिंजऱ्या लावल्या आहेत?,D4
कायले शेतात पानाचा कोणता प्रकार फवारला पायजे?,कशामुळे शेतात पानाचा कोणता प्रकार फवारला पाहिजे?,D4
म्हाजी शेतात कापूसचे पीक किती प्रमाणे वाजले हाय?,माझ्या शेतात कापूसचे पीक किती प्रमाणे वाजले आहे?,D4
तुमाले शेतात नावी पाण्याची किती जिंकी भरले पायजे?,तुम्हाला शेतात नावी पाण्याची किती जिंकी भरली पाहिजे?,D4
काय हाय म्हाजी शेतात वाटपाची किती पाती घेतली हाय?,काय आहे माझ्या शेतात वाटपाची किती पाती घेतल्या आहेत?,D4
म्हाजी शेतात तुरीच्या पिकावर कोणते औषध फवारले पायजे?,माझ्या शेतात तुरीच्या पिकावर कोणते औषध फवारले पाहिजे?,D4
हाय म्हाले बाजरीच्या पीकाची कोणती किती पाती कापली हाय?,आहे मला बाजरीच्या पीकाची कोणती किती पाती कापल्या आहेत?,D4
कायले शेतात फळांच्या पीकाची किती पाती वाजली पायजे?,कशामुळे शेतात फळांच्या पीकाची किती पाती वाजली पाहिजे?,D4
म्हाले किती एकर शेती केले म्हाजी?,तुम्हाला किती एकर शेती केली आहे?,D4
शेतात सोयाबीनची पिक सुरू केले हाय,शेतात सोयाबीनची पिक सुरू आहे,D4
"म्हाजी धान्याच्या पिकात कीड लागले हाय, काय औषध फवारले पायजे?","माझ्या धान्याच्या पिकात कीड लागले आहे, काय औषध फवारले पाहिजे?",D4
शेतात कोळमधून धान्य पेरले हाय,शेतात कोळ्यांमधून धान्य पेरले आहे,D4
कोळमधून धान्य पेरल्याने शेतात कायफळ पडले हाय?,कोळ्यांमधून धान्य पेरल्याने शेतात कायफळ पडले आहे?,D4
शेतात कीड लागल्या कारणी पोरगा काय कररे हाय?,शेतात कीड लागल्या कारणी मुलगा काय करे आहे?,D4
म्हाजी रबडलेल्या शेतात सोयाबीन पेरले हाय,माझ्या रबडलेल्या शेतात सोयाबीन पेरले आहे,D4
शेतात फवारे फिरवल्याने शेतात कायफळ पडले हाय?,शेतात फवारे फिरवल्याने शेतात कायफळ पडले आहे?,D4
म्हाले शेतात कोळमधून धान्य पेरले काय?,तुम्हाला शेतात कोळ्यांमधून धान्य पेरले आहे का?,D4
"म्हाजी शेतात खत लावले हाय, काय फायदे होतात हाय?","माझ्या शेतात खत लावले आहे, काय फायदे होतात आहेत?",D4
"तुमाले धान्याची काढणी केली काय, कुठून केली पायजे?","तुम्हाला धान्याची काढणी केली काय, कुठून केली पाहिजे?",D4
"शेतात मक्याची पेरणी केली हाय, काय काळजी घ्यावी हाय?","शेतात मक्याची पेरणी केली आहे, काय काळजी घ्यावी आहे?",D4
"म्हाले शेतात पाण्याची चिंता करवतत, काय संभाव्यता होती हाय?","मला शेतात पाण्याची चिंता करून घेतात, काय संभाव्यता होती आहे?",D4
कायले शेतात उर्वरित खत वापरले पायजे?,कशामुळे शेतात उर्वरित खत वापरले पाहिजे?,D4
"तुमाले फळाची काढणी केली काय, कुठून केली पायजे?","तुम्हाला फळाची काढणी केली काय, कुठून केली पाहिजे?",D4
"म्हाजी शेतात रोगाची निदान केले हाय, काय उपचार होतात हाय?","माझ्या शेतात रोगाची निदान केली आहे, काय उपचार होतात आहेत?",D4
"शेतात कीडाची निदान केली हाय, काय काळजी घ्यावी हाय?","शेतात कीडाची निदान केली आहे, काय काळजी घ्यावी आहे?",D4
"म्हाले शेतात कृष्णता लागली हाय, काय काळजी घ्यावी हाय?","मला शेतात कृष्णता लागली आहे, काय काळजी घ्यावी आहे?",D4
कायले शेतात बियांची लावणी केली पायजे?,कशामुळे शेतात बियांची लावणी केली पाहिजे?,D4
"म्हाजी शेतात बियाणे वाढवले म्हाले, काय पावसाचा पाऊस येतो हाय?","माझ्या शेतात बियाणे वाढवले आहे, काय पावसाचा पाऊस येतो आहे?",D4
"म्हाले जैविक खत घेण्याची पायजे हाय, पिकाला काय फायदा होतो?","मला जैविक खत घेण्याची पाहिजे आहे, पिकाला काय फायदा होतो?",D4
"हाय शेतात कीड नियंत्रण करवतत आहे, काय प्रक्रिया होतो माथून?","आहे शेतात कीड नियंत्रण करून घेतात आहे, काय प्रक्रिया होते?",D4
"म्हाजी शेतात पाण्याची काय माहिती हाय, पीक फुटते काय पायजे?","माझ्या शेतात पाण्याची काय माहिती आहे, पीक फुटते काय पाहिजे?",D4
"तुमाले शेताची काय देखभाल करवतत आहेत हाय, काय काम होते माथून?","तुम्हाला शेताची काय देखभाल करून घेतात आहेत आहे, काय काम होते?",D4
"पोरगा शेतात काय काम करतो हाय, मला काय शिकवले पायजे?","मुलगा शेतात काय काम करतो आहे, मला काय शिकवले पाहिजे?",D4
"म्हाजी शेतात काय प्रकारचे बीज वापरतो हाय, काय फायदे होतो?","माझ्या शेतात काय प्रकारचे बीज वापरतो आहे, काय फायदे होतो?",D4
"म्हाले स्वस्त कार्गो पिकवले म्हाजी हाय, शेतात काय फायदे होतो?","मला स्वस्त कार्गो पिकवले आहे माझे, शेतात काय फायदे होतो?",D4
"हाय शेतात संपूर्ण काळजी घ्यातात हाय, पिकाला काय फायदा होतो?","आहे शेतात संपूर्ण काळजी घ्यातात आहे, पिकाला काय फायदा होतो?",D4
"म्हाजी शेतात काय प्रकारचे खत वापरतो हाय, पिकाला काय फायदा होतो?","माझ्या शेतात काय प्रकारचे खत वापरतो आहे, पिकाला काय फायदा होतो?",D4
"म्हाजी शेतात गायीची पाळणी सुरू केली हाय, बायो फर्टिझर वापरावे पायजे?","माझ्या शेतात गायीची पाळणी सुरू केली आहे, बायो फर्टिलाइझर वापरावा पाहिजे?",D4
"शेतात तुरीच्या पिकावर कीड लागली हाय, कायले कोणत्या पेस्टिसाईडची वापरावी?","शेतात तुरीच्या पिकावर कीड लागली आहे, कशामुळे कोणत्या पेस्टिसाइडची वापरावी?",D4
"म्हाजी पिकाची कापणी झाली हाय, बाय साठी कोणत्या पिकासाठी पायजे वाटप करावे?","माझ्या पिकाची कापणी झाली आहे, बाय साठी कोणत्या पिकासाठी पाहिजे वाटप करावे?",D4
"शेतात खताची बळी फुटली हाय, काय करावे पायजे?","शेतात खताची बळी फुटली आहे, काय करावे पाहिजे?",D4
"शेतात मवासारखी फुले येती हाय, ती काय पिक असते पायजे?","शेतात मवासारखी फुले येतात आहेत, ती काय पिक असते पाहिजे?",D4
"शेतात गायीच्या दुधाच्या पिशव्या फुटल्या हाय, काय करावे पायजे?","शेतात गायीच्या दुधाच्या पिशव्या फुटल्या आहेत, काय करावे पाहिजे?",D4
"शेतात गुळाची पिका होती हाय, आता बाईला पिका द्याव्या पायजे?","शेतात गुळाची पिका होती आहे, आता बाईला पिका द्यावी पाहिजे?",D4
"म्हाजी निळ्या कापूसची पिक काढली हाय, काय भाव भेटत हाय?","माझ्या निळ्या कापूसची पिक काढली आहे, बाजारात काय भाव मिळत आहे?",D4
"कोळी शेतात सोयाबीनची पिक लावली हाय, काय पावसाची प्राधान्य पायजे?","कोळी शेतात सोयाबीनची पिक लावली आहे, बाजारात काय पावसाची प्राधान्य पाहिजे?",D4
"म्हाजी शेतात गवळीची पिक काढली हाय, काय काळजी घेतली पायजे?","माझ्या शेतात गवळीची पिक काढली आहे, शेतात काय काळजी घेतली पाहिजे?",D4
कोळी शेतात रब्बीच्या पिकाला काय पाण्याची आवश्यकता पायजे?,कोळी शेतात रब्बीच्या पिकाला काय पाण्याची आवश्यकता पाहिजे?,D4
"म्हाजी शेतात बटाट्याची पिक कापणी झाली हाय, काय भाव भेटत हाय?","माझ्या शेतात बटाट्याची पिक कापणी झाली आहे, बाजारात काय भाव मिळत आहे?",D4
"कोळी शेतात शेंगदाण्याची पिक लावली हाय, काय पाण्याची प्राधान्य पायजे?","कोळी शेतात शेंगदाण्याची पिक लावली आहे, शेतात काय पाण्याची प्राधान्य पाहिजे?",D4
"म्हाजी शेतात कांद्याची पिक काढली हाय, काय काळजी घेतली पायजे?","माझ्या शेतात कांद्याची पिक काढली आहे, शेतात काय काळजी घेतली पाहिजे?",D4
"कोळी शेतात मक्याची पिक लावली हाय, काय पावसाची प्राधान्य पायजे?","कोळी शेतात मक्याची पिक लावली आहे, शेतात काय पावसाची प्राधान्य पाहिजे?",D4
"म्हाजी शेतात उडीदची पिक काढली हाय, काय भाव भेटत हाय?","माझ्या शेतात उडीदची पिक काढली आहे, बाजारात काय भाव मिळत आहे?",D4
"कोळी शेतात तुरीची पिक लावली हाय, काय पाण्याची आवश्यकता पायजे?","कोळी शेतात तुरीची पिक लावली आहे, शेतात काय पाण्याची आवश्यकता पाहिजे?",D4
"म्हाजी पिकाची कापणी झाली हाय, बाजारात सोयाबीनले काय भाव भेटत हाय?","माझ्या पिकाची कापणी झाली आहे, बाजारात सोयाबीनला काय भाव मिळत आहे?",D4
"शेतात तुरीच्या पिकावर कीड लागली हाय, काय औषध फवारले पायजे?","शेतात तुरीच्या पिकावर कीड लागली आहे, काय औषध फवारले पाहिजे?",D4
"म्हाजी कारखानात पिकाच्या भावाची गणना झाली हाय, काय फायदा होऊ शकतो हाय?","माझ्या कारखानात पिकाच्या भावाची गणना झाली आहे, काय फायदा होऊ शकतो आहे?",D4
पिकाची सिंचनासाठी कोणकोणती मोटरवर जोर देणे पायजे?,पिकाची सिंचनासाठी कोणकोणती मोटरवर जोर देणे पाहिजे?,D4
म्हाजी फळांची वाढ घडवून आणण्यासाठी काय प्रक्रिया कार्यान्वित करावी हाय?,माझ्या फळांची वाढ घडवून आणण्यासाठी काय प्रक्रिया कार्यान्वित करावी आहे?,D4
शेतात कालसिंचनाचे श्रेणी वापरण्यासाठी काय प्रकारे काळजी घेणे पायजे?,शेतात कालसिंचनाचे श्रेणी वापरण्यासाठी काय प्रकारे काळजी घेणे पाहिजे?,D4
म्हाजी कार्यक्षमतेची मोजमाप करण्यासाठी कोणत्या साधनांचा वापर करावा हाय?,माझ्या कार्यक्षमतेची मोजमाप करण्यासाठी कोणत्या साधनांचा वापर करावा आहे?,D4
शेतात कोणत्या प्रकारच्या कीटकांचा नाश करण्यासाठी काय साधने वापरणे पायजे?,शेतात कोणत्या प्रकारच्या कीटकांचा नाश करण्यासाठी काय साधने वापरणे पाहिजे?,D4
म्हाजी शेतात जैविक प पद्धतीने पिके वाढवण्यासाठी काय प्रक्रिया कार्यान्वित करावी हाय?,माझ्या शेतात जैविक पद्धतीने पिके वाढवण्यासाठी काय प्रक्रिया कार्यान्वित करावी आहे?,D4
पिकांची सिंचनासाठी काय प्रकारे त्रिकम्पी वापरणे पायजे?,पिकांची सिंचनासाठी काय प्रकारे त्रिकम्पी वापरणे पाहिजे?,D4
"हाय पिकवणी सुरू झाली हाय, पावसाची मुळे शेततीर पाणी कशामुळे भरले आहे?","हे पिकवणी सुरू झाली आहे, पावसाची मुळे शेततीर पाणी कशामुळे भरले आहे?",D4
"म्हाजी शेतात धान्याची बिया सांभाळून घेणे पोरग्यांना पाहिजे हाय, काय प्रकारे सांभाळतात?","माझ्या शेतात धान्याची बिया सांभाळून घेणे मुलांना पाहिजे आहे, काय प्रकारे सांभाळतात?",D4
"शेतात तळी पूर्ण केली म्हाले, पाणी वाहून पाहिजे काय प्रकारे?","शेतात तळी पूर्ण केली आहे, पाणी वाहून पाहिजे काय प्रकारे?",D4
"म्हाजी शेतात फळबागा साजरी केली हाय, काय फळे लावले आहेत?","माझ्या शेतात फळबागा साजरी केली आहे, काय फळे लावले आहेत?",D4
"शेतात तुरीच्या पिकावर कीड लागली हाय, म्हाजी काय औषध फवारले आहेत?","शेतात तुरीच्या पिकावर कीड लागली आहे, माझ्या काय औषध फवारले आहेत?",D4
"हाय पिकाची कापणी झाली हाय, बाजारात पावसाचा भाव भेटत हाय काय?","हे पिकाची कापणी झाली आहे, बाजारात पावसाचा भाव मिळत आहे काय?",D4
म्हाजी शेतात धान्याची बिया दाणे कशामुळे सांभाळतात हाय?,माझ्या शेतात धान्याची बिया दाणे कशामुळे सांभाळतात आहेत?,D4
"हाय पिकवणी सुरू झाली हाय, शेतात पाणी वाहून काय प्रकारे पाहिजे?","हे पिकवणी सुरू झाली आहे, शेतात पाणी वाहून काय प्रकारे पाहिजे?",D4
"म्हाजी शेतात तळी पूर्ण केली म्हाले, पावसाचे पाणी पायजे काय प्रकारे वाहावे?","माझ्या शेतात तळी पूर्ण केली आहे, पावसाचे पाणी पाहिजे काय प्रकारे वाहावे?",D4
"हाय शेतात फळबागा साजरी केली हाय, काय फळांचे जतन करून घ्यावे?","हे शेतात फळबागा साजरी केली आहे, काय फळांचे जतन करून घ्यावे?",D4
"म्हाजी शेतात धान्याची सिंचनी झाली हाय, पाण्याचा कसा वापर केला पायजे?","माझ्या शेतात धान्याची सिंचनी झाली आहे, पाण्याचा कसा वापर केला पाहिजे?",D4
"शेतात रब्बीच्या पिकासाठी कोणता भाव चालू आहे हाय, म्हाले काय भाव मिळतो?","शेतात रब्बीच्या पिकासाठी कोणता भाव चालू आहे, मला काय भाव मिळतो?",D4
"म्हाजी शेतात फुलबागा उघडला हाय, त्यात कोणते फुल पाहतात हाय?","माझ्या शेतात फुलबागा उघडला आहे, त्यात कोणते फुल पाहतात?",D4
"अगदी शेतात सोयाबीनची पिका कसा करावी हाय, म्हाले काय दाखवून द्यावे?","अगदी शेतात सोयाबीनची पिका कसा करावी, मला काय दाखवून द्यावे?",D4
"म्हाजी शेतात कोणते कीटकनाशक फवारले हाय, ते कश्या कारणासाठी फवारले पायजे?","माझ्या शेतात कोणते कीटकनाशक फवारले आहे, ते कश्या कारणासाठी फवारले पाहिजे?",D4
"शेतात जिर्याची पिका कशा करतात हाय, त्यात कोणते विविध प्रकारचे जिरे वापरतात हाय?","शेतात जिर्याची पिका कशा करतात, त्यात कोणते विविध प्रकारचे जिरे वापरतात?",D4
"म्हाजी शेतात कोणत्या प्रकारच्या मृदा आहेत हाय, त्या कश्या कारणासाठी महत्वाच्या आहेत हाय?","माझ्या शेतात कोणत्या प्रकारच्या मृदा आहेत, त्या कश्या कारणासाठी महत्वाच्या आहेत?",D4
"शेतात फळांच्या पिकासाठी कोणते पाण्याचे साहित्य वापरतात हाय, म्हाले काय महत्वाचे आहे?","शेतात फळांच्या पिकासाठी कोणते पाण्याचे साहित्य वापरतात, मला काय महत्वाचे आहे?",D4
"म्हाजी शेतात कोणते कार्यक्रम पासून सुरु केले हाय, त्यांचे कोणत्या फायदे आहेत हाय?","माझ्या शेतात कोणते कार्यक्रम पासून सुरु केले आहेत, त्यांचे कोणत्या फायदे आहेत?",D4
"शेतात कोणता प्रकारचा कीटकाचा नाश करावा हाय, म्हाले कश्या कारणासाठी केला पाहिजे?","शेतात कोणता प्रकारचा कीटकाचा नाश करावा, मला कश्या कारणासाठी केला पाहिजे?",D4
"म्हाजी शेतात कोणते प्रकारचे उर्जा स्त्रोत वापरले हाय, ते कश्या कारणासाठी वापरले पायजे?","माझ्या शेतात कोणते प्रकारचे उर्जा स्त्रोत वापरले आहे, ते कश्या कारणासाठी वापरले पाहिजे?",D4
म्हाजी पिकाच्या पाण्याच्या सिस्टीमला काय समस्या आहे हाय?,माझ्या पिकाच्या पाण्याच्या सिस्टीमला काय समस्या आहे?,D4
शेतात माझ्या कांद्याच्या पिकाला काय लागले आहे हाय?,शेतात माझ्या कांद्याच्या पिकाला काय लागले आहे?,D4
तुमाले कुठून शेतात कीड नाशकाची गोळी घ्याले हाय?,तुम्हाला कुठून शेतात कीड नाशकाची गोळी घ्यावी आहे?,D4
म्हाजी खताची वापरासाठी काय प्रकरांची कायमची गरज आहे हाय?,माझ्या खताची वापरासाठी काय प्रकारची कायमची गरज आहे?,D4
शेतातल्या गडद भाताच्या पिकाला काय प्रकारचे पाणी पाहिजे हाय?,शेतातल्या गडद भाताच्या पिकाला काय प्रकारचे पाणी पाहिजे?,D4
म्हाज्या शेतात गवताची पिक करवतत आहे हाय?,माझ्या शेतात गवताची पिक करून घेतात?,D4
काय किसान संघटना शेतकऱ्यांना काय मदत करते हाय?,काय किसान संघटना शेतकऱ्यांना काय मदत करते?,D4
म्हाज्या शेतात काय काम हा पोरगा करायला शिकणार आहे हाय?,माझ्या शेतात काय काम हा मुलगा करायला शिकणार आहे?,D4
शेतातल्या झाडाच्या पिकाला काय प्रकारचे पाणी पाहिजे हाय?,शेतातल्या झाडाच्या पिकाला काय प्रकारचे पाणी पाहिजे?,D4
तुमाले कुठून शेतात काय प्रकारचे उर्जा साचवणारे साधने घ्याले हाय?,तुम्हाला कुठून शेतात काय प्रकारचे उर्जा संचयित करणारे साधने घ्यावी आहे?,D4
म्हाजी शेतात काय पीक घेतले आहे? हाय काय प्रकारची पीक घेतले आहे?,माझ्या शेतात काय पीक घेतले आहे? आहे काय प्रकारची पीक घेतली आहे?,D4
तुम्हाला शेतात काय शेतकामाची कामे करायला पाहिजे? म्हाले,तुम्हाला शेतात काय शेतकामाची कामे करायला पाहिजेत? मला,D4
माथून आलेल्या पाऊसामुळे शेताची फसल कशी होणार हाय?,मधून आलेल्या पाऊसामुळे शेताची फसल कशी होणार आहे?,D4
तुम्ही कोणते पीक घेतले आहे? हाय कोणत्या प्रकारची पीक घेतले आहे?,तुम्ही कोणते पीक घेतले आहे? आहे कोणत्या प्रकारची पीक घेतली आहे?,D4
शेतात काय फळांची लागवड करावी? पोरगा कोणत्या फळांची लागवड करावी?,शेतात काय फळांची लागवड करावी? मुलगा कोणत्या फळांची लागवड करावी?,D4
तुम्ही काय प्रकारची उर्वरित वापरू शकताय? तुम्हाले,तुम्ही काय प्रकारची उर्वरित वापरू शकता? मला,D4
शेतात काय पाण्याची वापरावी? पायजे काय प्रकारची पाण्याची वापरावी?,शेतात काय पाण्याची वापरावी? पाहिजे काय प्रकारची पाण्याची वापरावी?,D4
अगदी शेतात कोणते कीड फवारले पोरगा?,अगदी शेतात कोणते कीड फवारले मुलगा?,D4
शेतात काय प्रकारची शेतकामाची कामे करावी? तुमाले,शेतात काय प्रकारची शेतकामाची कामे करावी? तुम्हाला,D4
शेतात काय प्रकारची माती घालणारी वापरावी? हाय काय प्रकारची माती घालणारी वापरावी?,शेतात काय प्रकारची माती घालणारी वापरावी? आहे काय प्रकारची माती घालणारी वापरावी?,D4
"म्हाजी पिकाची रोपाळी पाण्यात ठेवली हाय, उगवण्यास किती दिवस पाहिजे?","माझ्या पिकाची रोपाळी पाण्यात ठेवली आहे, उगवण्यास किती दिवस पाहिजे?",D4
"शेतात मक्याची लागवड केली हाय, लागवडीनंतर किती दिवस त्याचे कापणी करवतत?","शेतात मक्याची लागवड केली आहे, लागवडीनंतर किती दिवस त्याचे कापणी करून घेतात?",D4
"म्हाले पिकाचे पाण्याचे नियंत्रण करावे लागते, शेतात पाण्याचा अभाव काय कारण होय?","मला पिकाचे पाण्याचे नियंत्रण करावे लागते, शेतात पाण्याचा अभाव कशामुळे होतो?",D4
"तुमाले शेतात कोणत्या पिकाची लागवड करावी असे सांगत हाय, त्याचे फायदे कोणती?","तुम्हाला शेतात कोणत्या पिकाची लागवड करावी असे सांगत आहे, त्याचे फायदे कोणती?",D4
"कोऱ्याच्या पिकाला कीटकनाशक फवारले हाय, लागण्यापूर्वी त्याची किती दिवस पाहिजे?","कोऱ्याच्या पिकाला कीटकनाशक फवारला आहे, लागण्यापूर्वी त्याची किती दिवस पाहिजे?",D4
"हाय शेतात तळे पाण्यात भरले हाय, पाण्याचा साठा कोणत्या वेळी करवतत?","आहे शेतात तळे पाण्यात भरले आहे, पाण्याचा साठा किती दिवस करून घेतात?",D4
"शेतात मक्याच्या पिकात पाण्याचा अभाव पडला हाय, काय करावे पाहिजे?","शेतात मक्याच्या पिकात पाण्याचा अभाव पडला आहे, काय करावे पाहिजे?",D4
"म्हाजी पिकाची देखभाल करावी लागते, ज्याची किंमत कमी असते त्याची किती पोरगा पाहिजे?","माझ्या पिकाची देखभाल करावी लागते, ज्याची किंमत कमी असते त्याची किती मुलगा पाहिजे?",D4
"शेतात गवताची लागवड केली हाय, त्याचा फायदा कोणता?","शेतात गवताची लागवड केली आहे, त्याचा फायदा कोणता?",D4
"म्हाले शेतात किती वेळा बियाणे पेरावे लागते, पेरण्यापूर्वी कोणती तयारी करावी?","मला शेतात किती वेळा बियाणे पेरावे लागते, पेरण्यापूर्वी कोणती तयारी करावी?",D4
"म्हाजी सिंचाई पुरवठा चालू झाला हाय, पाण्याचा भाव काय होणार हाय?","माझ्या सिंचाई पुरवठ्याची चालू झाली आहे, पाण्याचा भाव काय होणार आहे?",D4
"क्षेत्रफळात वाढ हा शेतीचा लाभ हाय, पुढे काय करते पायजे?","क्षेत्रफळात वाढ हा शेतीचा लाभ आहे, पुढे काय करते पाहिजे?",D4
"पिकांची काळजी नसले तरी म्हाले नुकसान होणार हाय, तुमाले काही करणार हाय?","पिकांची काळजी नसले तरी मला नुकसान होईल आहे, तुम्हाला काही करणार आहेस?",D4
"सहकारी संस्था द्वारे कृषि कर्ज दिले जाते हाय, काय शुल्क द्यावे हाय?","सहकारी संस्था द्वारे कृषि कर्ज दिले जात आहे, काय शुल्क द्यावे आहे?",D4
"शेतातील उत्पन्न वाढविणे म्हणजे शेतकरी जीवनातील सुख हाय, हाय.","शेतातील उत्पन्न वाढविणे म्हणजे शेतकरी जीवनातील सुख आहे, आहे.",D4
"शेतातील मालाचा भाव वाढला हाय, तुम्हाला काय करायचे हाय?","शेतातील मालाचा भाव वाढला आहे, तुम्हाला काय करावे लागेल?",D4
"म्हाजी शेतात जिर्याला काढून फवारले पायजे, काय सावधानी घ्यावी हाय?","माझ्या शेतात जिर्याला काढून फवारले पाहिजे, काय सावधानी घ्यावी आहे?",D4
"शेतात फक्त तुरीची पिका केल्याने काय फायदा होतो हाय, दुसरे कोणते फायदे पायजे?","शेतात फक्त तुरीची पिका केल्याने काय फायदे होतात आहेत, दुसरे कोणते फायदे आहेत?",D4
"म्हाजी शेतात बियाण्याची लागवड केली हाय, काय ही लागवडीच्या वेळी पायजे?","माझ्या शेतात बियाण्याची लागवड केली आहे, काय ही लागवडीच्या वेळी पाहिजे?",D4
"शेतात कीडनाशक फवारल्याने काय नुकसान होतो हाय, काय फायदे पायजे?","शेतात कीडनाशक फवारल्याने काय नुकसान होतात आहे , काय फायदे आहेत?",D4
"म्हाजी शेतात पाण्याची कमतरता पडली हाय, काय व्यवस्था करण्याचे पायजे?","माझ्या शेतात पाण्याची कमतरता पडली आहे, काय व्यवस्था करण्याची पाहिजे?",D4
"शेतात फक्त मावशी पिका केल्याने काय फायदा होतो हाय, दुसरे कोणते फायदे पायजे?","शेतात फक्त मावशी पिका केल्याने काय फायदे होतात आहेत, दुसरे कोणते फायदे आहेत?",D4
"म्हाजी शेतात उष्णतेचा कार्यक्रम सुरू केला हाय, काय त्याचे लाभ पायजे?","माझ्या शेतात उष्णतेचा कार्यक्रम सुरू केला आहे, काय त्याचे लाभ आहेत?",D4
"शेतात दुष्काळाची स्थिती निर्माण झाली हाय, काय उपाय होतात पायजे?","शेतात दुष्काळाची स्थिती निर्माण झाली आहे, काय उपाय होतात पाहिजे?",D4
"म्हाजी शेतात काय पिके केल्याने काय फायदा होतो हाय, दुसरे कोणते फायदे पायजे?","माझ्या शेतात काय पिके केल्याने काय फायदे होतात आहेत, दुसरे कोणते फायदे आहेत?",D4
"शेतात कोणत्या पिकांच्या पाण्याची वापर करावा हाय, काय सावधानी घ्यावी पायजे?","शेतात कोणत्या पिकांच्या पाण्याची वापर करावी आहे, काय सावधानी घ्यावी पाहिजे?",D4
"म्हाले शेतात मिरची पिका घेतल्या हाय, किती कोटी किलो मिरचे मिळत हाय?","तुम्हाला शेतात मिरची पिका घेतल्या आहेत, किती कोटी किलो मिरचे मिळत आहेत?",D4
"शेतात ज्यांच्या बागेत म्हाजी कोपरे फुलले हाय, त्यांच्या कोपर्यांना काय नुकसान होऊ शकते हाय?","शेतात ज्या बागेत माझे कोपरे फुलले आहेत, त्यांच्या कोपर्यांना काय नुकसान होऊ शकते आहे?",D4
"तुमाले शेतात कांदा पीक वाढवला हाय, कांद्यांचा भाव काय आहे हाय?","तुम्हाला शेतात कांदा पीक वाढवला आहे, कांद्यांचा भाव काय आहे?",D4
"म्हाजी शेतात उभे बेड़े मावळले हाय, काय कारण होते हाय?","माझ्या शेतात उभे बेड़े मावळले आहेत, काय कारण होते?",D4
शेतात भाजीपाला लावल्यावर काय विविधता वाढते हाय?,शेतात भाजीपाला लावल्यावर काय विविधता वाढते?,D4
"म्हाले कोपरे कशी पाळावी हाय, तुमाले कशी चांगली कोपरी पाळता हाय?","तुम्हाला कोपरे कशी पाळावीत हे, तुम्हाला कशी चांगली कोपरी पाळता आहे?",D4
शेतात कोपरी पीक पाळण्यासाठी काय प्रकारच्या किती जाती होती हाय?,शेतात कोपरी पीक पाळण्यासाठी काय प्रकारच्या किती जाती आहेत?,D4
"म्हाजी शेतात कोपरे फुलले हाय, कोपरी पीक पाळण्यासाठी काय वेळ वापरावी हाय?","माझ्या शेतात कोपरे फुलले आहेत, कोपरी पीक पाळण्यासाठी काय वेळ वापरावी आहे?",D4
"शेतात कोपर्याचे फूल कशी पाळावे हाय, म्हाजी कोपर्यांना काय नुकसान होऊ शकते हाय?","शेतात कोपर्याचे फूल कशी पाळावे हे, माझ्या कोपर्यांना काय नुकसान होऊ शकते आहे?",D4
"म्हाले शेतात मिरची पिका घेतल्या हाय, कोपर्यांच्या फुलांना काय प्रकारचे सुरक्षितता द्यावी हाय?","तुम्हाला शेतात मिरची पिका घेतल्या आहेत, कोपर्यांच्या फुलांना काय प्रकारचे सुरक्षितता द्यावी आहे?",D4
"म्हाजी शेतात उंबरठा लावला म्हाले, आता काय पायजे फवारले पोरगा?","माझ्या शेतात उंबरठा लावला आहे, आता काय फवारले पाहिजे मुलगा?",D4
"काय दिवसा पिके तळली हाय, म्हाजी शेतात काय नुकसान झाले हाय?","काय दिवसा पिके तळली आहे, माझ्या शेतात काय नुकसान झाले आहे?",D4
"तुमाले शेतात जास्त पाणी फवारले हाय, म्हाजी पिका कशामुळे नुकसान होते हाय?","तुम्हाला शेतात जास्त पाणी फवारले आहे, माझ्या पिका कशामुळे नुकसान होते?",D4
"कोणते पिके शेतात फायदा देतात हाय, म्हाजी त्यांचे काय करवतात हाय?","कोणते पिके शेतात फायदा देतात आहेत, माझ्या त्यांचे काय करून घेतात?",D4
"तुमाले शेतात काय पिके दाखवतात हाय, म्हाजी त्यांचे काय शेतकरी पोरगा करतात हाय?","तुम्हाला शेतात काय पिके दाखवतात आहेत, माझ्या त्यांचे काय शेतकरी मुलगा करतात?",D4
"म्हाजी शेतात उंबरठा लावला म्हाले, आता काय पायजे त्यांनी फवारले हाय?","माझ्या शेतात उंबरठा लावला आहे, आता काय फवारले पाहिजे त्यांनी?",D4
"म्हाजी शेतात धान्य पेरणीची कामे झाली हाय, पेरणीचे कशा कामाचे पायजे?","माझ्या शेतात धान्य पेरणीची कामे झाली आहेत, पेरणीचे कशाकामाचे पाहिजे?",D4
"मले बागवणी केलेला सोयाबीन गोड हाय, तुमाले देखील म्हाजी बागवणी कशाची केली हाय?","मला बागवणी केलेला सोयाबीन गोड आहे, तुम्हाला देखील माझ्या बागवणी कशाची केली आहे?",D4
"शेतात निर्जीव कीडांची पैदावारी झाली हाय, काय प्रकारचे पाणी वापरावे पायजे?","शेतात निर्जीव कीडांची पैदावारी झाली आहे, काय प्रकारचे पाणी वापरता पाहिजे?",D4
"म्हाजी शेतात काही लवाद्यांचे कामे होती हाय, कायले तुम्ही त्यांना शेतात आणले होते हाय?","माझ्या शेतात काही लवाद्यांचे कामे होती आहेत, कशामुळे तुम्ही त्यांना शेतात आणले आहेत?",D4
"तुमाले शेतात धान्य कापणीचे काम करण्याचे पोरगा शिकावे हाय, काय शिकवावे पायजे?","तुम्हाला शेतात धान्य कापणीचे काम करण्याचे मुला शिकावे आहे, काय शिकवावे पाहिजे?",D4
"शेतात तूर पिकाच्या वाढीसाठी काय प्रकारचे उर्जा लागते हाय, कायले पोरगा त्याला फिट करण्याचे पायजे?","शेतात तूर पिकाच्या वाढीसाठी काय प्रकारची उर्जा लागते आहे, कशामुळे मुला त्याला फिट करण्याचे पाहिजे?",D4
"म्हाजी शेतात बागवणी केलेली फळांची पिका झाली हाय, तुमाले काय प्रकारच्या फळांची पिका बागवण्याचे पायजे?","माझ्या शेतात बागवणी केलेली फळांची पिका झाली आहेत, तुम्हाला काय प्रकारच्या फळांची पिका बागवण्याचे पाहिजे?",D4
"शेतात म्हाजी पिकाच्या वाढीसाठी काय प्रकारचे पाणी वापरावे हाय, कायले तुम्ही त्याचे पाणी वापरले हाय?","शेतात माझ्या पिकाच्या वाढीसाठी काय प्रकारचे पाणी वापरता आहे, कशामुळे तुम्ही त्याचे पाणी वापरले आहेत?",D4
"मले शेतात बागवणी केलेले पाला जेवणासाठी फारच चांगले हाय, तुमाले देखील हे जेवण कशाच्या साठी घेता हाय?","मला शेतात बागवणी केलेले पाला जेवणासाठी फारच चांगले आहे, तुम्हाला देखील हे जेवण कशाच्या साठी घेत आहेत?",D4
"शेतात तुमाले काय प्रकारचे गोळ्यांचे काम करण्याचे पोरगा शिकावे हाय, कायले तुम्ही त्यांना शेतात आणले हाय?","शेतात तुम्हाला काय प्रकारचे गोळ्यांचे काम करण्याचे मुला शिकावे आहे, कशामुळे तुम्ही त्यांना शेतात आणले आहेत?",D4
"म्हाजी शेतात बागवणी केलेला काजू पीक झाला हाय, तुमाले काय प्रकारच्या काजू पीक बागवण्याचे पायजे?","माझ्या शेतात बागवणी केलेला काजू पीक झाला आहे, तुम्हाला काय प्रकारच्या काजू पीक बागवण्याचे पाहिजे?",D4
"तुमाले शेतात जिर्याची पिका घेतली हाय, काय पावसाची वेळ पाहिजे?","तुम्हाला शेतात जिर्याची पिका घेतली आहे, काय पावसाची वेळ पाहिजे?",D4
"म्हाजी खेळण्या साठी जिर्याची पिका पालटली हाय, काय फारसे पावसा भेटला हाय?","माझ्या खेळण्या साठी जिर्याची पिका पालटली आहे, काय फारसा पावसा मिळाला आहे?",D4
"हाय शेतात बटाट्याची पिका कापली हाय, दिवशी काय भाव भेटले?","बटाट्याची पिका कापली आहे, दिवशी काय भाव मिळाला?",D4
"कायले शेतात बटाट्याचा रोग का लागला हाय, काय औषध फवारले पायजे?","कशामुळे शेतात बटाट्याचा रोग लागला आहे, काय औषध फवारले पाहिजे?",D4
"शेतात तुरीच्या पिकावर कीड लागली हाय, माथून काय औषध फवारले हाय?","शेतात तुरीच्या पिकावर कीड लागली आहे, मधून काय औषध फवारले आहे?",D4
"म्हाजी शेतात सोयाबीनची पिका कापली हाय, काय भाव भेटला हाय?","माझ्या शेतात सोयाबीनची पिका कापली आहे, काय भाव मिळाला आहे?",D4
"पोरग्या शेतात बाजरीची पिका पालटली हाय, काय फारसे पावसा भेटला हाय?","मुलाच्या शेतात बाजरीची पिका पालटली आहे, काय फारसा पावसा मिळाला आहे?",D4
"हाय शेतात गहू पेरले हाय, काय उगवल्यावर काय काम पाहिजे?","गहू पेरले आहे, उगवल्यावर काय काम पाहिजे?",D4
"कायले शेतात कापूसची पिका कापली हाय, काय फारसी भाव भेटले?","कशामुळे शेतात कापूसची पिका कापली आहे, काय फारसा भाव मिळाला?",D4
"म्हाजी शेतात जिर्याची पिका पालटली हाय, काय फारसे पावसा भेटला हाय?","माझ्या शेतात जिर्याची पिका पालटली आहे, काय फारसा पावसा मिळाला आहे?",D4
हे कोळंबी वाढवण्यासाठी म्हाजी पिकांची कापणी केव्हा करावी पायजे?,हे कोळंबी वाढवण्यासाठी माझ्या पिकांची कापणी केव्हा करावी पाहिजे?,D4
म्हाजी फळबागेत त्याची फळे कसे पाळली पोरगा?,माझ्या फळबागेत त्याची फळे कसे पाळली पाहिजे?,D4
शेतात वाढत असलेल्या सोयाबीन पिकावर कोणती कीड लागली हाय?,शेतात वाढत असलेल्या सोयाबीन पिकावर कोणती कीड लागली आहे?,D4
"म्हाजी बागेत दुधाळ गाजर लागले हाय, काय केले करवतत?","माझ्या बागेत दुधाळ गाजर लागले आहेत, काय केले करून घ्यावे?",D4
शेतात म्हाज्या कांद्याच्या पिकावर कोणता व्हाइट रॉट लागला हाय?,शेतात माझ्या कांद्याच्या पिकावर कोणता व्हाइट रॉट लागला आहे?,D4
म्हाजी गायीच्या गाईपाळाने कोणते औषध फवारले पोरगा?,माझ्या गायीच्या गाईपाळाने कोणते औषध फवारले पाहिजे?,D4
शेतात म्हाज्या शेंगदाण्याच्या पिकावर कोणती कीड लागली हाय?,शेतात माझ्या शेंगदाण्याच्या पिकावर कोणती कीड लागली आहे?,D4
म्हाज्या बागेत कोणत्या प्रकारचे फळ कसे पाळली पायजे?,माझ्या बागेत कोणत्या प्रकारचे फळ कसे पाळले पाहिजे?,D4
शेतात म्हाज्या मक्याच्या पिकावर कोणती कीड लागली हाय?,शेतात माझ्या मक्याच्या पिकावर कोणती कीड लागली आहे?,D4
म्हाजी बागेत कोणती माती पुरवली पोरगा?,माझ्या बागेत कोणती माती पुरवली पाहिजे?,D4
म्हाजी बाजरीच्या पिकाची माझी शेतीत काय प्रकारे वाढती हाय?,माझ्या बाजरीच्या पिकाची शेतीत काय प्रकारे वाढते आहे?,D4
"कोयत्या शेतात पीक सांडताना करमती लागली हाय, काय तात्पुरती काळजी पायजे?",कोयत्या शेतात पीक सांडताना काय तात्पुरती काळजी पाहिजे?,D4
"म्हाले खूप प्रादेशिक हाय, शेतात सिंचनासाठी म्हाजी काय यंत्र लागतात हाय?",मला खूप प्रादेशिक आहे; शेतात सिंचनासाठी माझ्या काय यंत्र लागतात?,D4
म्हाजी पिकाचे काटकसर करून साखरेचे पीक म्हाजी पायजे हाय?,माझ्या पिकाचे काटकसर करून साखरेचे पीक पाहिजे आहे?,D4
"म्हाजी शेतात हायवरती दाणे लागतात हाय, काय दाण्यांचे क्रम पायजे?",माझ्या शेतात आठवड्यात दाणे लागतात; काय दाण्यांचे क्रम पाहिजे?,D4
अगदी शेतात पानाच्या रोगापासून म्हाजी शेत म्हाले कशामुळे वाचती हाय?,अगदी शेतात पानाच्या रोगापासून माझ्या शेताला कशामुळे वाचते?,D4
"म्हाजी खूप प्रादेशिक आहे, म्हाले शेतात जैविक पद्धतीने पिकवणे पायजे हाय?",मला खूप प्रादेशिक आहे; मला शेतात जैविक पद्धतीने पिकवणे पाहिजे आहे?,D4
म्हाजी शेतात कोयत्या किंवा बाजरीच्या पिकांचे पाला म्हाजी काय प्रकारे काढतात हाय?,माझ्या शेतात कोयत्या किंवा बाजरीच्या पिकांचे पाला काय प्रकारे काढतात?,D4
"म्हाजी बाजरीच्या पिकाची कापणी झाली हाय, म्हाजी बाजरीची काय सोयाबीनले किंमत पायजे?",माझ्या बाजरीच्या पिकाची कापणी झाली आहे; माझ्या बाजरीची काय सोयाबीनली किंमत पाहिजे?,D4
म्हाजी शेतात हायवरती पिकण्यासाठी म्हाजी काय उर्जा लागतात हाय?,माझ्या शेतात आठवड्यात पिकण्यासाठी माझ्या काय उर्जा लागतात?,D4
म्हाजी शेतात उरखणीच्या कार्यात जाताना उरखणी कार्यक्रमाचा मोबाइल ऐप काय काम करतो हाय?,माझ्या शेतात उरखणीच्या कार्यात जाताना उरखणी कार्यक्रमाचा मोबाइल ऐप काय काम करत आहे?,D4
"म्हाले धान्याची काढणी केली हाय, पेरणी करावी काय आणि कोणत्या शेतकऱ्यांनी केली हाय?","मला धान्याची काढणी झाली आहे, पेरणी करावी काय आणि कोणत्या शेतकऱ्यांनी केली आहे?",D4
"तुमाले शेतात रोपांची लावणी केली हाय, का पूर्ण झाल्या आणि कोणत्या रोपांची केली हाय?","तुम्हाला शेतात रोपांची लावणी केली आहे, का पूर्ण झाल्या आणि कोणत्या रोपांची केली आहे?",D4
शेतात वाढत असलेल्या शेतकऱ्यांना प्रशिक्षण देण्यासाठी कोणत्या संस्था प्रतिबद्ध आहेत हाय?,शेतात वाढत असलेल्या शेतकऱ्यांना प्रशिक्षण देण्यासाठी कोणत्या संस्था प्रतिबद्ध आहेत?,D4
म्हाजी शेतात पाण्याची वापर हे कशामुळे महत्त्वाचे आहे हाय?,माझ्या शेतात पाण्याची वापर हे कशामुळे महत्त्वाचे आहे?,D4
कोणत्या गावातील शेतकऱ्यांनो कापडाच्या उगवणीच्या प्रक्रियेचे प्रशिक्षण दिले हाय?,कोणत्या गावातील शेतकऱ्यांनो कापडाच्या उगवणीच्या प्रक्रियेचे प्रशिक्षण दिले आहे?,D4
कोणती उरखणी कार्यक्रमाची मोबाइल ऐप उरखणीच्या कार्यात मदत करतो हाय?,कोणती उरखणी कार्यक्रमाची मोबाइल ऐप उरखणीच्या कार्यात मदत करत आहे?,D4
म्हाजी शेतात रासायनिक खताचे वापर कशाला टाळावे हाय?,माझ्या शेतात रासायनिक खताचे वापर कशाला टाळावे?,D4
कोणत्या शेतकऱ्यांनी सांढूळची पिकणी केली हाय आणि ते कोणत्या भागात आहेत हाय?,कोणत्या शेतकऱ्यांनी सांढूळची पिकणी केली आहे आणि ते कोणत्या भागात आहेत?,D4
म्हाजी शेतात पाण्याचे बाळवणीच्या कार्यात कोणत्या संस्था मदत करतात हाय?,माझ्या शेतात पाण्याचे बाळवणीच्या कार्यात कोणत्या संस्था मदत करतात?,D4
कोणत्या शेतकऱ्यांनी रोपांची लावणी केली हाय आणि त्यांची पिकाचे कोणत्या प्रकार लागले हाय?,कोणत्या शेतकऱ्यांनी रोपांची लावणी केली आहे आणि त्यांची पिकाचे कोणत्या प्रकार लागले आहे?,D4
म्हाजी शेतात पिकविलेले भाजीपाला जास्त कशामुळे हाय?,माझ्या शेतात पीकविलेले भाजीपाला जास्त कशामुळे आहे?,D4
"शेतात पाल्याचे पाणी फवारले पोरगा वाटत हाय, भाजीपालाला किती पाणी वापरतात हाय?","शेतात पाल्याचे पाणी फवारले आहे, भाजीपालाला किती पाणी वापरतात?",D4
"म्हाले शेतात हिरव्या तुरीचे पिक वाढवतायत, काय पावडर फवारले पायजे?","मला शेतात हिरव्या तुरीचे पिक वाढवतो, काय पावडर फवारले पाहिजे?",D4
बाजारात पिकविलेल्या कांद्याचा भाव काय भेटत हाय?,बाजारात पीकविलेल्या कांद्याचा भाव काय मिळत आहे?,D4
"म्हाजी शेतात कोळंबीर पिकविल्या कशामुळे हाय, तीन महिन्यांनी काय भाव भेटत हाय?","माझ्या शेतात कोळंबीर पीकविल्या कशामुळे आहे, तीन महिन्यांनी काय भाव मिळत आहे?",D4
"शेतात बटाट्याची कापणी झाली हाय, किती टन बटाटे मिळाले हाय?","शेतात बटाट्याची कापणी झाली आहे, किती टन बटाटे मिळाले आहे?",D4
"म्हाजी शेतात फसळी पिकविल्या कशामुळे हाय, काय पिकविल्या कशामुळे हाय?","माझ्या शेतात फसळी पीकविल्या कशामुळे आहे, काय पिकविल्या कशामुळे आहे?",D4
शेतात पिकविलेले तुरीचे पाणी फवारले पायजे काय पाणी वापरतात हाय?,शेतात पीकविलेले तुरीचे पाणी फवारले पाहिजे काय पाणी वापरतात?,D4
"म्हाजी शेतात हिरव्या तुरीचे पिक वाढवले हाय, काय सावली लावली पायजे?","माझ्या शेतात हिरव्या तुरीचे पिक वाढवले आहे, काय सावली लावली पाहिजे?",D4
क्या म्हाजी शेतात पिकविलेले भाजीपाला जास्त कशामुळे हाय?,क्या माझ्या शेतात पीकविलेले भाजीपाला जास्त कशामुळे आहे?,D4
"म्हाजी शेतात बाजरीचा पिका घेतला हाय, 20 एकर प्लॉटमध्ये किती पावणे फुलले पायजे?","माझ्या शेतात बाजरीचा पीक घेतला आहे, 20 एकर प्लॉटमध्ये किती पावणे फुलले पाहिजे?",D4
"तुमाले शेती करावी हाय, सोयाबीनला काय पाऊस पडतो हाय?","तुम्हाला शेती करावी आहे, सोयाबीनला काय पाऊस पडत आहे?",D4
"म्हाले काय पिका घेतले हाय, पिका झाल्यावर काय शेतात काम करावे हाय?","मला काय पीक घेतले आहे, पीक झाल्यावर शेतात काय काम करावे आहे?",D4
"म्हाजी पिकाच्या झाडाला काय किडे लागतात हाय, काय औषध फवारले पायजे?","माझ्या पिकाच्या झाडाला काय किडे लागतात आहे, काय औषध फवारले पाहिजे?",D4
"कायले शेतात मूग पिका घेतली हाय, मूग पिका घेतली किती दिवसात लागते हाय?","कशामुळे शेतात मूग पीक घेतले आहे, मूग पीक घेतली किती दिवसात लागते?",D4
"तुमाले शेतात धान्य पिका घेतले हाय, धान्य पिका घेतल्यावर काय काम करावे हाय?","तुम्हाला शेतात धान्य पीक घेतले आहे, धान्य पीक घेतल्यावर काय काम करावे आहे?",D4
"म्हाले पिका झाल्यावर शेतात काय काम करावे हाय, काही दिवसांनी काय काम करावे हाय?","मला पीक झाल्यावर शेतात काय काम करावे आहे, काही दिवसांनी काय काम करावे आहे?",D4
"हाय, शेतात मका पिका घेतले हाय, मका पिका घेतली किती दिवसात लागते हाय?","हे आहे, शेतात मका पीक घेतले आहे, मका पीक घेतली किती दिवसात लागते?",D4
"म्हाजी तुरीच्या पिकावर कीड लागला हाय, काय औषध फवारले पायजे?","माझ्या तुरीच्या पिकावर कीड लागला आहे, काय औषध फवारले पाहिजे?",D4
"कायले शेतात बटाटा पिका घेतला हाय, बटाटा पिका घेतल्यावर काय काम करावे हाय?","कशामुळे शेतात बटाटा पीक घेतले आहे, बटाटा पीक घेतल्यावर काय काम करावे आहे?",D4
"म्हाजी खताची चाळणी करवतत हाय, काय खत लागवडीस पायजे?","माझ्या खताची चाळणी करून घेतात आहे, काय खत लागवडीस पाहिजे?",D4
"शेतात धान्याची साठवणी कशामुळे हाय, ते सांभाळण्याची तयारी करवतत हाय?","शेतात धान्याची साठवणी कशामुळे आहे, ते सांभाळण्याची तयारी करून घेतात?",D4
"म्हाले सोयाबीनच्या पीकाची लागवडी केली हाय, त्याची कापणी कधी हाय?","मला सोयाबीनच्या पीकाची लागवडी केली आहे, त्याची कापणी कधी आहे?",D4
"शेतात पांढर्या बाजरीची पीक लागणे मला भाविकायचे हाय, ती कशा प्रकारे लागवतात हाय?","शेतात पांढर्या बाजरीची पीक लागणे मला भाविकायचे आहे, ती कशा प्रकारे लागवतात?",D4
"म्हाजी शेतात बाजरीची साठवणी करवतत हाय, काय प्रकारे ते करण्याची वेळ पायजे?","माझ्या शेतात बाजरीची साठवणी करून घेतात आहे, काय प्रकारे ते करण्याची वेळ पाहिजे?",D4
"तुमाले शेतात सोयाबीनची लागवडी केली हाय, तिचा काय उपयोग हाय?","तुम्हाला शेतात सोयाबीनची लागवडी केली आहे, तिचा काय उपयोग आहे?",D4
"म्हाले पिकाचे नमुने म्हाजी शेतात दाखवले हाय, त्यातून काय शिकणे हाय?","मला पिकाचे नमुने माझ्या शेतात दाखवले आहे, त्यातून काय शिकणे आहे?",D4
शेतात कापणीच्या काळात बारा तासानी काय प्रकारे पिकाचा संरक्षण करवतत हाय?,शेतात कापणीच्या काळात बारा तासानी काय प्रकारे पिकाचा संरक्षण करून घेतात?,D4
म्हाजी खताच्या प्रकाराला म्हाले मला कशा प्रकारे उपयोग करणे हाय?,माझ्या खताच्या प्रकाराला मला कशा प्रकारे उपयोग करणे आहे?,D4
"शेतात सोयाबीनची लागवडी केल्यानंतर काय काळानंतर हाय, त्याची कापणी करवतत हाय?","शेतात सोयाबीनची लागवडी केल्यानंतर काय काळानंतर आहे, त्याची कापणी करून घेतात?",D4
"अरे बाबा हाय, म्हाजी शेतात फळभाज्यांची लागवड केली म्हाले, काय दिवसा पीक पाहिजे हाय?","अरे बाबा, माझ्या शेतात फळभाज्यांची लागवड केली आहे, काय दिवसा पीक पाहिजे आहे?",D4
"माथून काही किडी लागल्या हाय, शेतात कोणते औषध फवारले पायजे मले?","मधून काही किडी लागल्या आहेत, शेतात कोणते औषध फवारले पाहिजे?",D4
"कायले मला पिकाने किती पैसे मिळतात हाय, म्हाजी शेतात कोणती गोडभाज्या लागतात हाय?","कशामुळे मला पिकाने किती पैसे मिळतात आहेत, माझ्या शेतात कोणती गोडभाज्या लागतात आहेत?",D4
"तुमाले शेतात कोणती भाज्या लागतात हाय, म्हाजी शेतात पान कापणी किती दिवसांनी हाय?","तुम्हाला शेतात कोणती भाज्या लागतात आहेत, माझ्या शेतात पान कापणी किती दिवसांनी आहे?",D4
"म्हाजी शेतात फुलबाग्या लागवड केल्या हाय, काय फुले पोचले पायजे हाय?","माझ्या शेतात फुलबाग्या लागवड केल्या आहेत, काय फुले पोचले पाहिजे आहेत?",D4
"शेतात कोणती पिके होती हाय, म्हाले तुमचे नाव काय आहे हाय?","शेतात कोणती पिके होती आहेत, मला तुमचे नाव काय आहे आहे?",D4
"अरे बाबा हाय, म्हाजी शेतात कोणते कीटनाशक वापरले पायजे हाय?","अरे बाबा, माझ्या शेतात कोणते कीटनाशक वापरले पाहिजे आहे?",D4
"म्हाजी शेतात मावसाची काढी केली हाय, काय शेतात काढी करणे किती पैसे मिळतात हाय?","माझ्या शेतात मावसाची काढी केली आहे, काय शेतात काढी करणे किती पैसे मिळतात आहे?",D4
"म्हाजी शेतात कोणती पिके होती हाय, तुमाले शेतात कोणते पिके लागतात हाय?","माझ्या शेतात कोणती पिके होती आहेत, तुम्हाला शेतात कोणते पिके लागतात आहेत?",D4
"कायले मला कोणती पिके लागतात हाय, म्हाजी शेतात कोणते किडी लागतात हाय?","कशामुळे मला कोणती पिके लागतात आहेत, माझ्या शेतात कोणते किडी लागतात आहेत?",D4
"अरे बाबा हाय, म्हाजी शेतात पिकाची काढी केली म्हाले पायजे हाय?","अरे बाबा, माझ्या शेतात पिकाची काढी केली आहे, पाहिजे आहे?",D4
"क्षेत्रात गायींची पाळणी सुरू केली हाय, काय दूधाची मावशी दिली पायजे?","क्षेत्रात गायींची पाळणी सुरू केली आहे, काय दूधाची मावशी दिली पाहिजे?",D4
"शेतात तुरीची पिका फार उगवली हाय, काय भाजीपाला कापला पायजे?","शेतात तुरीची पिका फार उगवली आहे, काय भाजीपाला कापला पाहिजे?",D4
"म्हाजी फळेच्या पिकावर कीड लागले हाय, मग काय केले माथून?","माझ्या फळेच्या पिकावर कीड लागले आहे, मग काय केले मधून?",D4
"शेतात शेणगोळा मिळत नाही हाय, काय केले करवतत?","शेतात शेणगोळा मिळत नाही आहे, काय केले करून घेतात?",D4
"दुकानात धान्याची मिळत नाही हाय, सोयाबीनले काय भाव भेटत हाय?","दुकानात धान्याची मिळत नाही आहे, सोयाबीनला काय भाव मिळत आहे?",D4
"म्हाज्या शेतात काय घास घालावा हाय, काय पिका उगवावी पायजे?","माझ्या शेतात काय घास घालावा आहे, काय पिका उगवावी पाहिजे?",D4
"शेतात काय कापणी करावी हाय, म्हाजी पिका फार उगवली हाय?","शेतात काय कापणी करावी आहे, माझ्या पिका फार उगवली आहे?",D4
"शेतात पाण्याचा वापर काय करावा हाय, म्हाजी पिका पाण्याने कसी होते हाय?","शेतात पाण्याचा वापर काय करावा आहे, माझ्या पिका पाण्याने कसी होती आहे?",D4
"म्हाज्या शेतात काय बिज लावावा हाय, काय पिका उगवावी पायजे?","माझ्या शेतात काय बिज लावावा आहे, काय पिका उगवावी पाहिजे?",D4
"शेतात काय रासायनिक खत द्यावे हाय, म्हाजी पिका फार उगवली हाय?","शेतात काय रासायनिक खत द्यावे आहे, माझ्या पिका फार उगवली आहे?",D4
"हाय, मला कश्या पिकांचा विचार करायला पोरगा पोरग्याला पायजे?","आहे, मला कश्या पिकांचा विचार करण्याची वेळ आली आहे, मुलाने म्हणजे मुलालाही पाहिजे?",D4
कोकमच्या पिकाला काय पाण्याची पातळी ठेवली पायजे?,कोकमच्या पिकाला काय पाण्याची पातळी ठेवली पाहिजे?,D4
मले बाजारी भावात जावून काय पिकाची किंमत जाणून घेतली पायजे?,"माझ्या बाजारी भावात जाऊन काय पिकाची किंमत जाणून घेण्याची वेळ आली आहे, माझ्या वर पाहिजे?",D4
म्हाजी शेतात काय फळी वाढत आहेत हाय?,"माझ्या शेतात काय फळी वाढत आहेत आहे, हाय?",D4
काय शेतात कीड नियंत्रण केले आहे हाय?,काय शेतात कीड नियंत्रण केले आहे?,D4
शेतात काय पाण्याचा वापर करावा पायजे?,शेतात काय पाण्याचा वापर करावा पाहिजे?,D4
मल्या शेतात काय पिकासाठी जैविक पदार्थ वापरले पायजे?,माझ्या शेतात काय पिकासाठी जैविक पदार्थ वापरले पाहिजे?,D4
शेतात काय हवामानाचा विचार करावा हाय?,शेतात काय हवामानाचा विचार करावा आहे?,D4
म्हाजी शेतात काय पिकाचे नुकसान झाले हाय?,माझ्या शेतात काय पिकाचे नुकसान झाले आहे?,D4
काय शेतात काय यंत्रणा प्रत्येक वेळी काय आहे हाय?,काय शेतात काय यंत्रणा प्रत्येक वेळी काय आहे?,D4
म्हाजी जिर्या उत्पादन किती टने झाली हाय?,माझ्या जिर्या उत्पादन किती टने झाले आहे?,D4
"शेतात सिंचनाचे पंप बंद झाले हाय, काय करू पायजे?","शेतात सिंचनाचे पंप बंद झाले आहे, काय करावे पाहिजे?",D4
कोळमधे कोणाला कोणते नाव द्यावे हाय?,कोळमधे कोणाला कोणते नाव द्यावे आहे?,D4
तुमाले किती क्विंटल माहेरी पिकवली हाय?,तुम्हाले किती क्विंटल माहेरी पिकवली आहे?,D4
म्हाजी क्रायसिस्टल माशीचे नियंत्रण कशाला केले हाय?,माझ्या क्रायसिस्टल माशीचे नियंत्रण कशाला केले आहे?,D4
कृषी कार्यालयातील कर्मचारी किती संख्येने हाय?,कृषी कार्यालयातील कर्मचारी किती संख्येने आहेत?,D4
कोणत्या पिकांचे उत्पादन म्हाजी शेतात होत हाय?,कोणत्या पिकांचे उत्पादन माझ्या शेतात होत आहे?,D4
शेतातील कीड नियंत्रण कशाच्या मदतीने केले हाय?,शेतातील कीड नियंत्रण कशाच्या मदतीने केले आहे?,D4
तुमाले किती टने मऊ कापूस पिकवली हाय?,तुम्हाले किती टने मऊ कापूस पिकवली आहे?,D4
म्हाजी शेतातील पाण्याचे वितरण कशाला केले हाय?,माझ्या शेतातील पाण्याचे वितरण कशाला केले आहे?,D4
क्षेत्रफळातून प्रति हेक्टरवर किती किलो फुलबेरीज मिळतात हाय?,क्षेत्रफळातून प्रति हेक्टरवर किती किलो फुलबेरीज मिळतात आहे?,D4
"तुमाले शेतात कोणती मोठी भाजी उगवली हाय, तिचा पीक पुरवठा कोणी करणार हाय?","तुम्हाला शेतात कोणती मोठी भाजी उगवली आहे, तिचा पीक पुरवठा कोणी करणार आहे?",D4
बाजारात माझ्या कापणीची सोयाबीन सेल करण्यासाठी पैसे मिळवावयास काय प्रयत्न करावयात हाय?,बाजारात माझ्या कापणीची सोयाबीन सेल करण्यासाठी पैसे मिळवावयास काय प्रयत्न करावयाचे आहे?,D4
पिकाची काळजी घेतली नाही तर त्यामुळे कशामुळे शेतात पीक पुरत नाही हाय?,पिकाची काळजी घेतली नाही तर त्यामुळे कशामुळे शेतात पीक पुरत नाही?,D4
"क्षेत्रफळातून प्रति हेक्टरवर किती किलो कांदे मिळतात हाय, त्याचा पुरवठा कोणी करणार हाय?","क्षेत्रफळातून प्रति हेक्टरवर किती किलो कांदे मिळतात आहे, त्याचा पुरवठा कोणी करणार आहे?",D4
"शेतात जाडसबण्यांची फवारणी केली पाहिजे काय हाय, त्याचा शेतात फायदा कोणता हाय?","शेतात जाडसबण्यांची फवारणी केली पाहिजे काय, त्याचा शेतात फायदा कोणता आहे?",D4
क्षेत्रफळातून प्रति हेक्टरवर किती किलो बटाट्यांचे पीक मिळतात हाय?,क्षेत्रफळातून प्रति हेक्टरवर किती किलो बटाट्यांचे पीक मिळत आहे?,D4
"शेतात उगवलेल्या पिकाचा उत्पादन खर्च सोयाबीन, कांद्या, बटाट्यांच्या पिकांच्या खरेदी करण्यासाठी पैसे मिळवावयास काय प्रयत्न करावयात हाय?","शेतात उगवलेल्या पिकाचा उत्पादन खर्च सोयाबीन, कांद्या, बटाट्यांच्या पिकांच्या खरेदी करण्यासाठी पैसे मिळवावयास काय प्रयत्न करावयाचे आहे?",D4
शेतात उगवलेल्या पिकांची जतन कशाच्या माध्यमातून करावयात हाय?,शेतात उगवलेल्या पिकांची जतन कशाच्या माध्यमातून करावयाचे आहे?,D4
शेतात उगवलेले पीक कोणत्या गोष्टींचे पुरवठा केले पाहिजे हाय?,शेतात उगवलेले पीक कोणत्या गोष्टींचे पुरवठा केले पाहिजे आहे?,D4
"म्हाजी शेतात पानाची लागण झाली हाय, काय काळजी घेतली पायजे?","माझ्या शेतात पानाची लागण झाली आहे, काय काळजी घेतली पाहिजे?",D4
"तुमाले शेतावर कोणता शेतकरी कर्ज घेतला हाय, काय शेती केली हाय?","तुम्हाला शेतावर कोणता शेतकरी कर्ज घेतला आहे, काय शेती केली आहे?",D4
"म्हाजी पिकावर कोणती कीड लागली हाय, काय काळजी घेतली पायजे?","माझ्या पिकावर कोणती कीड लागली आहे, काय काळजी घेतली पाहिजे?",D4
"तुमाले शेतात कोणत्या शेती करण्याची तयारी केली हाय, काय प्रतिक्रिया मिळाली हाय?","तुम्हाला शेतात कोणत्या शेती करण्याची तयारी केली आहे, काय प्रतिक्रिया मिळाली आहे?",D4
"शेतात कोणते फळ झाकून गेले हाय, म्हाजी फळांची गुणवत्ता कशी आहे हाय?","शेतात कोणते फळ झाकून गेले आहे, माझ्या फळांची गुणवत्ता कशी आहे?",D4
"म्हाजी शेतात कोणते ससळे पडले हाय, काय उपाय केले पायजे?","माझ्या शेतात कोणते ससळे पडले आहे, काय उपाय केले पाहिजे?",D4
"तुमाले शेतात कोणत्या शेती करण्याची शिकवण मिळवली हाय, काय अनुभव मिळाला हाय?","तुम्हाला शेतात कोणत्या शेती करण्याची शिकवण मिळवली आहे, काय अनुभव मिळाला आहे?",D4
"शेतात कोणते फळ कापले हाय, म्हाजी फळांची पातळी कशी आहे हाय?","शेतात कोणते फळ कापले आहे, माझ्या फळांची पातळी कशी आहे?",D4
"म्हाजी शेतात कोणती वैशिष्ट्ये आहेत हाय, काय वैशिष्ट्ये आहेत पायजे?","माझ्या शेतात कोणती वैशिष्ट्ये आहेत आहेत, काय वैशिष्ट्ये आहेत पाहिजेत?",D4
"शेतात बाजरीचे पीक झाले हाय, जास्त भावाला कश्या बाजारात पाठवणे पायजे?","शेतात बाजरीचे पीक झाले, जास्त भावाला कश्या बाजारात पाठवणे पाहिजे?",D4
"म्हाजी शेतात जाडपातळ कच्ची बाजरी घेतली हाय, पासून कुठली शिफारसी हाय?","माझ्या शेतात जाडपातळ कच्ची बाजरी घेतली आहे, पासून कुठली शिफारसी आहे?",D4
"म्हाले शेतात फणसाची पिका झाली हाय, पाण्याचा पुरवठा कसल्या कंपनीने हाय?","मला शेतात फणसाची पिका झाली आहे, पाण्याचा पुरवठा कसल्या कंपनीने आहे?",D4
"शेतात खताचे किती पॅकेट म्हाजी घेतले हाय, त्याची काय किंमत हाय?","शेतात खताचे किती पॅकेट माझ्या घेतले आहेत, त्याची काय किंमत आहे?",D4
"म्हाजी शेतात किंचित कीड लागली हाय, कायले काढता पिका सुटते हाय?","माझ्या शेतात किंचित कीड लागली आहे, कशामुळे काढता पिका सुटते आहे?",D4
"म्हाले शेतात किती टन गायगधा पिकवले हाय, त्याची काय किंमत हाय?","मला शेतात किती टन गायगधा पिकवले आहे, त्याची काय किंमत आहे?",D4
"शेतात किती पाने घेतले हाय, म्हाजी पिका सारख्या कश्या हाय?","शेतात किती पाने घेतले आहेत, माझ्या पिका सारख्या कश्या आहेत?",D4
"म्हाजी शेतात किती किलो काजू पिकवले हाय, त्याची काय किंमत हाय?","माझ्या शेतात किती किलो काजू पिकवले आहे, त्याची काय किंमत आहे?",D4
"शेतात काय क्रिया करावी हाय, म्हाजी पिका सारख्या हाय?","शेतात काय क्रिया करावी आहे, माझ्या पिका सारख्या आहे?",D4
"म्हाजी शेतात किती किलो भुईया पिकवले हाय, त्याची काय किंमत हाय?","माझ्या शेतात किती किलो भुईया पिकवले आहे, त्याची काय किंमत आहे?",D4
"म्हाजी शेतात धान्यांची बाली फोडली हाय, तुम्हाले कोणती किंमत मिळत हाय?","माझ्या शेतात धान्यांची बाली फोडली आहे, तुम्हाला कोणती किंमत मिळत आहे?",D4
"म्हाले शेतात जैविक पद्धतीने जिर्या लावली हाय, कोणत्या सावधानी घेतल्या पायजे?","मला शेतात जैविक पद्धतीने जिर्या लावली आहे, कोणत्या सावधानी घेतल्या पाहिज्या?",D4
"तुमाले शेतात कापूस कापणी करायला सुरु केली हाय, कोणते काम फक्त कापणी पूर्ण झाल्यानंतर करवतत?","तुम्हाला शेतात कापूस कापणी करायला सुरुवात केली आहे, कोणते काम फक्त कापणी पूर्ण झाल्यानंतर करून घेतात?",D4
"म्हाजी शेतात किती पाने झाडून घेण्यात आले हाय, कोणती साथी सोबत आली हाय?","माझ्या शेतात किती पाने झाडून घेण्यात आले आहे, कोणती साथी सोबत आली आहे?",D4
"कोणी पोरगा शेतात कार्यक्रमांची घोषणा केली हाय, ते कोणत्या संस्थेचे हाय?","कोणता मुलगा शेतात कार्यक्रमांची घोषणा केली आहे, ते कोणत्या संस्थेचे आहे?",D4
"म्हाजी शेतात कामाच्या कार्यक्रमाची माहिती मिळाली हाय, कोणत्या तारखेला काम सुरु होयले पायजे?","माझ्या शेतात कामाच्या कार्यक्रमाची माहिती मिळाली आहे, कोणत्या तारखेला काम सुरु होणे पाहिजे?",D4
"तुमाले शेतात किती पातळीत कार्यक्रम पूर्ण केले हाय, कोणते दोष दाखविण्यात आले हाय?","तुम्हाला शेतात किती पातळीत कार्यक्रम पूर्ण केले आहे, कोणते दोष दाखविण्यात आले आहे?",D4
"म्हाजी शेतात कोणत्या कार्यक्रमाचे नाव सांगितले हाय, कोणत्या संस्थेचे हाय?","माझ्या शेतात कोणत्या कार्यक्रमाचे नाव सांगितले आहे, ते कोणत्या संस्थेचे आहे?",D4
"कोणी पोरगा शेतात कोणत्या उत्पादनाची माहिती दिली हाय, कोणती किंमत हाय?","कोणता मुलगा शेतात कोणत्या उत्पादनाची माहिती दिली आहे, कोणती किंमत आहे?",D4
"तुमाले शेतात कोणत्या उत्पादनाची किंमत पूर्ण केली हाय, कोणत्या संस्थेचे हाय?","तुम्हाला शेतात कोणत्या उत्पादनाची किंमत पूर्ण केली आहे, ते कोणत्या संस्थेचे आहे?",D4
"म्हाजी शेतात कोणत्या उत्पादनाचे कार्यक्रम पूर्ण केले हाय, कोणत्या संस्थेचे हाय?","माझ्या शेतात कोणत्या उत्पादनाचे कार्यक्रम पूर्ण केले आहे, ते कोणत्या संस्थेचे आहे?",D4
"म्हाजी कामात पिकाची किंमत हाय, काय पायजे ती कमी करण्यासाठी?","माझ्या कामात पिकाची किंमत आहे, काय पाहिजे ती कमी करण्यासाठी?",D4
"शेतात तुरीच्या पिकावर कीड लागले हाय, काय औषध फवारले पायजे?","शेतात तुरीच्या पिकावर कीड लागली आहे, काय औषध फवारले पाहिजे?",D4
म्हाले बांधण्यात पांढऱ्या मिट्टीचे पायजे घालणे म्हणजे काय?,तुम्हाला बांधण्यात पांढऱ्या मिट्टीचे पाहिजे घालणे काय आहे?,D4
म्हाजी शेतात सोयाबीन पिकायला काय पायजे करावे?,माझ्या शेतात सोयाबीन पिकायला काय पाहिजे करावे?,D4
शेतात पाण्याच्या व्यवस्थेला सुधारण्यासाठी काय कारवाई करावी हाय?,शेतात पाण्याच्या व्यवस्थेला सुधारण्यासाठी काय कारवाई करावी आहे?,D4
म्हाजी शेतात कीड नियंत्रणासाठी काय पायजे करावे?,माझ्या शेतात कीड नियंत्रणासाठी काय पाहिजे करावे?,D4
"शेतात फुलपाखरू लागले हाय, काय पायजे घ्यावे?","शेतात फुलपाखरू लागली आहे, काय पाहिजे घ्यावे?",D4
म्हाजी शेतात भुकेलीच्या पिकासाठी काय पायजे करावे?,माझ्या शेतात भुकेलीच्या पिकासाठी काय पाहिजे करावे?,D4
शेतात मालाची विक्रीसाठी काय पायजे करावी हाय?,शेतात मालाची विक्रीसाठी काय पाहिजे करावी आहे?,D4
म्हाजी शेतात पाण्याच्या साठवणीसाठी काय पायजे करावे?,माझ्या शेतात पाण्याच्या साठवणीसाठी काय पाहिजे करावे?,D4
"म्हाजी शेतात कांद्याची लागवड केली हाय, ती येत्या महिन्यात काढता पायजे?","माझ्या शेतात कांद्याची लागवड केली आहे, ती येत्या महिन्यात काढावी पाहिजे?",D4
"कोळंबी शेतात म्हाले दुष्काळ झाला हाय, काय उपाय करावे हाय?","कोळंबी शेतात मला दुष्काळ झाला आहे, काय उपाय करावे आहे?",D4
"पिकाची काढणी झाली हाय, म्हाजी कोळंबी साठी काय पैसे मिळतात हाय?","पिकाची काढणी झाली आहे, माझ्या कोळंबीसाठी काय पैसे मिळतात आहेत?",D4
"बाजारात पिकाचा भाव कमी होत आहे हाय, काय करावे हाय?","बाजारात पिकाचा भाव कमी होत आहे, काय करावे आहे?",D4
"म्हाजी शेतात फवारे केले हाय, काय औषध फवारले पायजे?","माझ्या शेतात फवारे केले आहेत, काय औषध फवारले पाहिजे?",D4
"जिर्याची पेरणी केली हाय, ती उगवणे म्हाजी किती दिवस पाहिजे हाय?","जिर्याची पेरणी केली आहे, ती उगवणे माझ्या किती दिवस पाहिजे आहे?",D4
"कोळंबी शेतात तुरीचा पिका केला हाय, ती काढणी कोणता महिना हाय?","कोळंबी शेतात तुरीचा पिका केला आहे, ती काढणी कोणता महिना आहे?",D4
"म्हाजी शेतात पानाचा रोग झाला हाय, काय औषध फवारले पायजे?","माझ्या शेतात पानाचा रोग झाला आहे, काय औषध फवारले पाहिजे?",D4
"बाजारात पिकाचा भाव किती होतो हाय, ती कोणत्या वेळी मिळते हाय?","बाजारात पिकाचा भाव किती होतो आहे, ती कोणत्या वेळी मिळते आहे?",D4
"कोळंबी शेतात म्हाले वृष्टी झाली हाय, पिकाची काढणी कोणत्या दिवशी हाय?","कोळंबी शेतात मला वृष्टी झाली आहे, पिकाची काढणी कोणत्या दिवशी आहे?",D4
"म्हाजी शेतात पाण्याची कस्ट करवतत हाय, काय दरी भेटत हाय?","माझ्या शेतात पाण्याची कस्ट करतात आहे, काय दरी मिळत आहे?",D4
"शेतात फळांची कार्यक्रम करवतत हाय, तुमाले काय कार्यक्रम भेटत हाय?","शेतात फळांची कार्यक्रम करतात आहेत, तुम्हाला काय कार्यक्रम मिळत आहेत?",D4
म्हाजी शेतात कीटकनाशक फवारले पायजे कायले?,माझ्या शेतात कीटकनाशक फवारले पाहिजे कशामुळे?,D4
"बाजारात गहू लागले हाय, तुमाले काय गहू भेटत हाय?","बाजारात गहू लागले आहे, तुम्हाला काय गहू मिळत आहे?",D4
"शेतात बांबूच्या तांदळाची पिक केली हाय, काय भाव भेटत हाय?","शेतात बांबूच्या तांदळाची पिक केली आहे, बाजारात काय भाव मिळत आहे?",D4
"म्हाजी शेतात जिर्याची वाढवणी करवतत हाय, काय काम करवतत हाय?","माझ्या शेतात जिर्याची वाढवणी करतात आहे, काय काम करतात आहेत?",D4
बाजारात तांदळाचे किलो भाव पोरगा पाहिजे कायले?,बाजारात तांदळाचे किलो भाव मुलग्याला पाहिजे कशामुळे?,D4
"शेतात तांदळाची पिक झाली हाय, तुमाले काय वाटत हाय?","शेतात तांदळाची पिक झाली आहे, तुम्हाला काय वाटत आहे?",D4
"म्हाजी शेतात भाताची पिक केली हाय, काय भाव भेटत हाय?","माझ्या शेतात भाताची पिक केली आहे, बाजारात काय भाव मिळत आहे?",D4
"बाजारात शेंगदाणा लागले हाय, तुमाले काय शेंगदाणा भेटत हाय?","बाजारात शेंगदाणा लागले आहे, तुम्हाला काय शेंगदाणा मिळत आहे?",D4
शेतात बियाणे पेरले म्हाजी सिंचनासाठी पाणी पातळी कमी आहे हाय.,"शेतात बियाणे पेरले आहे, माझ्या सिंचनासाठी पाणी पातळी कमी आहे.",D4
"म्हाजी सोयाबीनची पिका काढल्या म्हाले काही कीड आहे हाय, काय औषध घ्यावे पायजे?","माझ्या सोयाबीनच्या पिका काढल्या आहेत, तुम्हाला काही कीड आहे, काय औषध घ्यावे पाहिजे?",D4
"तुमाले शेतात नावीन्यपूर्ण बियाणे पेरायला तयार आहात हाय, प्रयत्न केल्याने २०% फायदा मिळेल हाय.","तुम्हाला शेतात नावीन्यपूर्ण बियाणे पेरायला तयार आहात आहेत, प्रयत्न केल्याने २०% फायदा मिळेल आहे.",D4
"म्हाजी बागायती पिका म्हाले काही गोड कीड आहे हाय, काय उपाय करावे पायजे?","माझ्या बागायती पिका तुम्हाला काही गोड कीड आहे, काय उपाय करावे पाहिजे?",D4
शेतात जोरदार वाढत असलेली मिरची पिका म्हाजी पाण्याच्या वापरासाठी काय वीज पंप घ्यावे पोरगा?,शेतात जोरदार वाढत असलेली मिरची पिका माझ्या पाण्याच्या वापरासाठी काय वीज पंप घ्यावे लागतील?,D4
"तुमाले शेतात नावीन्यपूर्ण जैविक खत वापरायला तयार आहात हाय, १०% फायदा होईल हाय.","तुम्हाला शेतात नावीन्यपूर्ण जैविक खत वापरायला तयार आहात आहेत, १०% फायदा होईल आहे.",D4
"म्हाजी शेतात सिंचनासाठी पाण्याची पातळी कमी आहे हाय, काय उपाय करावे पायजे?","माझ्या शेतात सिंचनासाठी पाण्याची पातळी कमी आहे, काय उपाय करावे पाहिजे?",D4
शेतात बियाणे पेरले म्हाजी कीड नियंत्रणासाठी काय औषध घ्यावे पोरगा?,"शेतात बियाणे पेरले आहे, माझ्या कीड नियंत्रणासाठी काय औषध घ्यावे लागतील?",D4
"तुमाले शेतात नावीन्यपूर्ण खत वापरायला तयार आहात हाय, १५% फायदा मिळेल हाय.","तुम्हाला शेतात नावीन्यपूर्ण खत वापरायला तयार आहात आहेत, १५% फायदा मिळेल आहे.",D4
"म्हाजी बागायती पिका म्हाले काही फूटपंप नाही हाय, काय उपाय करावे पायजे?","माझ्या बागायती पिका तुम्हाला काही फूटपंप नाही, काय उपाय करावे पाहिजे?",D4
"म्हाजी शेतात सोयाबीन पेरत आहे हाय, तुमाले काय फळ मिळत हाय?","माझ्या शेतात सोयाबीन पेरत आहे, तुम्हाला काय फळ मिळत आहे?",D4
"शेतात तुरीची कापणी झाली हाय, म्हाले फळ किती पैसे मिळत हाय?","शेतात तुरीची कापणी झाली आहे, मला फळ किती पैसे मिळत आहे?",D4
"म्हाजी शेतात कापूस पेरत आहे हाय, तुमाले काय फायदा होत हाय?","माझ्या शेतात कापूस पेरत आहे, तुम्हाला काय फायदा होत आहे?",D4
"शेतात गवतांची कापणी झाली हाय, कायले तुमाले पैशांची व्यवस्था केली हाय?","शेतात गवतांची कापणी झाली आहे, कशामुळे तुम्हाला पैशांची व्यवस्था केली आहे?",D4
"म्हाजी शेतात धान्याची मुदत वाढवली हाय, हाय पोरगा मोठा होतो?","माझ्या शेतात धान्याची मुदत वाढवली आहे, मुलगा मोठा होत आहे?",D4
"शेतात ज्वार पेरत आहे हाय, तुमाले किती उत्पादन मिळत हाय?","शेतात ज्वार पेरत आहे, तुम्हाला किती उत्पादन मिळत आहे?",D4
"म्हाजी शेतात बाजरी पेरत आहे हाय, हाय पोरगा स्वस्त भोजन मिळतो?","माझ्या शेतात बाजरी पेरत आहे, मुलगा स्वस्त भोजन मिळत आहे?",D4
"शेतात कांद्याची कापणी झाली हाय, म्हाले पैसे किती पैसे मिळत हाय?","शेतात कांद्याची कापणी झाली आहे, मला पैसे किती पैसे मिळत आहे?",D4
"म्हाजी शेतात नारळ पेरत आहे हाय, तुमाले काय फायदे होत हाय?","माझ्या शेतात नारळ पेरत आहे, तुम्हाला काय फायदे होत आहे?",D4
"शेतात गहू पेरत आहे हाय, म्हाले काय फळ मिळत हाय?","शेतात गहू पेरत आहे, मला काय फळ मिळत आहे?",D4
"म्हाजी शेतात कापूशी पिकाची कापणी झाली हाय, माझ्या क्षेत्रात फळी कशी पडली?","माझ्या शेतात कापूशी पिकाची कापणी झाली आहे, माझ्या क्षेत्रात फळी कशी पडली?",D4
"तुमाले बागायती कशी दाखवावी? काय पिके ह्यात घालावी, काय सांभाळावे?","तुम्हाला बागायती कशी दाखवावी? काय पिके ह्यात घालावी, काय सांभाळावे?",D4
शेतात काय सांभाळावे काय नुकसान होत नाही हाय? दुष्काळ कशा टाळतो?,शेतात काय सांभाळावे काय नुकसान होत नाही? दुष्काळ कशा टाळतो?,D4
म्हाजी बागायती पाण्यात पाणी वाहती करवतत हाय. तुम्हाले काय विचार केले?,माझ्या बागायती पाण्यात पाणी वाहती करून घेतात आहे. तुम्हाला काय विचार केले?,D4
"तुमाले काय पिके घालावीत? फळी, कांदे, कांदे कशा सांभाळावे?","तुम्हाला काय पिके घालावीत? फळी, कांदे, कांदे कशा सांभाळावे?",D4
म्हाजी रोपे कशा घालावी? म्हाले काय पिके घालावी काय मिळेल?,माझ्या रोपे कशा घालावी? मला काय पिके घालावी काय मिळेल?,D4
शेतात काय होणार हाय? खत फिरवणी कशी केली पायजे?,शेतात काय होणार आहे? खत फिरवणी कशी केली पाहिजे?,D4
तुमाले काय शेती करावी? म्हाजी बागायती कशी सांभाळावी?,तुम्हाला काय शेती करावी? माझ्या बागायती कशी सांभाळावी?,D4
म्हाजी शेतात काय पिके घालावी? तुमाले काय सल्ला देत?,माझ्या शेतात काय पिके घालावी? तुम्हाला काय सल्ला द्यायचा?,D4
"शेतात काय काय होत नाही हाय? काय पिके ह्यात घालावी, काय सांभाळावे?","शेतात काय काय होत नाही? काय पिके ह्यात घालावी, काय सांभाळावे?",D4
"म्हाले शेतात निर्जीवी घातली हाय, पीक कसे काढत हाय?","मला शेतात निर्जीवी घातली आहे, पीक कसे काढतो?",D4
"बाळू फवारला पोरगा खूप आनंदले हाय, तुमाले पण आनंदले हाय!","बाळू फवारला मुलगा खूप आनंदला, तुम्हाला पण आनंदले आहे!",D4
"हाय, म्हाजी भाजीपाला पाण्या पुरवले माथून, काय होते?","माझ्या भाजीपाला पाणी पुरवले मधून, काय होते?",D4
"तुमाले शेतात कसले फळ दाखवले हाय, स्वादिष्ट का होते?","तुम्हाला शेतात कसले फळ दाखवले आहेत, स्वादिष्ट का होते?",D4
"शेतात म्हाळू पावले काय होते हाय, काय करवतत पायजे?","शेतात म्हाळू पावले काय होते आहे, काय करून घेतात पाहिजे?",D4
"हाय, म्हाजी शेतात मेथीची पीक कसी घेतली हाय, पोरगा खूप खात हाय!","माझ्या शेतात मेथीची पीक कशी घेतली आहे, मुलगा खूप खात आहे!",D4
"म्हाले शेतात कोळी पावले काय होते हाय, काय फळ येत हाय?","मला शेतात कोळी पावले काय होते आहे, काय फळ येत आहे?",D4
"म्हाजी शेतात पांढरे पावले काय होते हाय, काय पीक घेत हाय?","माझ्या शेतात पांढरे पावले काय होते आहे, काय पीक घेत आहे?",D4
"शेतात म्हाळू केले काय होते हाय, काय फळ येत हाय पायजे?","शेतात म्हाळू केले काय होते आहे, काय फळ येत आहे पाहिजे?",D4
"म्हाजी शेतात काळ्या गवताची बिया साचल्या आहेत, ह्या बियांनी काय होणार हाय?","माझ्या शेतात काळ्या गवताची बिया साचली आहेत, ह्या बियांनी काय होणार आहे?",D4
"कोपर्यात फळांची गोडी जायला लागली हाय, कोपरी स्वच्छ ठेवली पायजे?","कोपर्यात फळांची गोडी जायला लागली आहे, कोपरी स्वच्छ ठेवली पाहिजे?",D4
म्हाजी शेतात गवताची खत नीट फवारले पायजे काय होणार?,माझ्या शेतात गवताची खत नीट फवारली पाहिजे काय होणार?,D4
"शेतात तळी पाण्याने भरली आहेत, ह्या तळ्यामध्ये काय पाणी वापरणार हाय?","शेतात तळी पाण्याने भरली आहेत, ह्या तळ्यामध्ये काय पाणी वापरणार आहे?",D4
"म्हाजी शेतात कापणी झाली हाय, कोणत्या पिकांची कापणी करावी पायजे?","माझ्या शेतात कापणी झाली आहे, कोणत्या पिकांची कापणी करावी पाहिजे?",D4
"म्हाज्या शेतात पाण्याची कमी होती हाय, कोणत्या साधनांनी पाणी चढवावे पायजे?","माझ्या शेतात पाण्याची कमी होती आहे, कोणत्या साधनांनी पाणी चढवावे पाहिजे?",D4
"शेतात कोंबड्यांची पिका होती हाय, कोणत्या कारणाने कोंबड्यांची मृत्यू झाले?","शेतात कोंबड्यांची पिका होती आहे, कोणत्या कारणाने कोंबड्यांची मृत्यू झाली?",D4
"म्हाजी शेतात कोपर्याचा लाभ झाला हाय, कोपर्याच्या मोठ्या प्रमाणात वापरावयाचा हाय!","माझ्या शेतात कोपर्याचा लाभ झाला आहे, कोपर्याच्या मोठ्या प्रमाणात वापरावयाचा आहे!",D4
"शेतात तुरीच्या पिकावर कीड लागली हाय, काय औषध फवारले पायजे?","शेतात तुरीच्या पिकावर कीड लागली आहे, काय औषध फवारले पाहिजे?",D4
"म्हाजी शेतात कापणी झाली हाय, कोणत्या पिकांची कापणी झाली आहे?","माझ्या शेतात कापणी झाली आहे, कोणत्या पिकांची कापणी झाली आहे?",D4
"म्हाजी शेतात मेथीची पिका काढायची आहे म्हाले, प्रत्येक हेक्टरला किती रुपये पैसे मिळतील हाय?","माझ्या शेतात मेथीची पिका काढायची आहे, प्रत्येक हेक्टरला किती रुपये मिळतील आहे?",D4
"शेतात गावातल्या कोणाच्या भाजीपाल्याचे पिक करवतत, माझ्या किंवा कुणाचे पायजे?","शेतात गावातल्या कोणाच्या भाजीपाल्याचे पिक करून घेतात, माझ्या किंवा कुणाचे पाहिजे?",D4
"ही साली ज्याची शेती चांगली झाली हाय, त्याच्या बागायतीची फायदा किती रुपये भेटले हाय?","ही साली ज्याची शेती चांगली झाली आहे, त्याच्या बागायतीचा फायदा किती रुपये मिळाला आहे?",D4
"म्हाजी शेतात सोयाबीन पेरायची आहे हाय, शेती साठी किती कोटी रुपये सरकारला कायले?","माझ्या शेतात सोयाबीन पेरायची आहे, शेती साठी किती कोटी रुपये सरकारला कशामुळे?",D4
"शेतात म्हाजी नावाचे पोरगा खूप तयार झाले आहेत हाय, त्यांनी शेतीचे काय कामे सांभाळली हाय?","शेतात माझ्या नावाचे मुलगा खूप तयार झाले आहेत, त्यांनी शेतीचे काय कामे सांभाळली आहे?",D4
"सहकारी संस्था शेतकऱ्यांना किती रुपये लोन देतात, ह्या लोनवर किती टक्के पिशाच्या दराने करवतत?","सहकारी संस्था शेतकऱ्यांना किती रुपये लोन देतात, ह्या लोनवर किती टक्के पिशाच्या दराने करून घेतात?",D4
"म्हाजी पिकाची पाऊस कमी पडल्या हाय, शेती साठी किती पाऊस पडणे पोरगा पायजे?","माझ्या पिकाची पाऊस कमी पडला आहे, शेती साठी किती पाऊस पडणे पाहिजे?",D4
"शेतात म्हाजी पिकी कोणती पिके काढतात हाय, त्यांचे काय फायदे होतात हाय?","शेतात माझ्या पिकी कोणती पिके काढतात आहेत, त्यांचे काय फायदे होतात आहे?",D4
"शेतात म्हाजी शेतकऱ्यांना किती कोटी रुपये कृषी कर्ज मिळते हाय, ते कर्ज पोरगा पायजे?","शेतात माझ्या शेतकऱ्यांना किती कोटी रुपये कृषी कर्ज मिळत आहे, ते कर्ज पाहिजे?",D4
"सहकारी संस्थेच्या शेतकऱ्यांना किती टक्के फायदा किती रुपये मिळतात हाय, ते फायदे पायजे?","सहकारी संस्थेच्या शेतकऱ्यांना किती टक्के फायदा किती रुपये मिळतात आहे, ते फायदे पाहिजे?",D4
"म्हाजी शेतात बागायती करून कोणती पिके काढण्याची शिकवण मिळतात हाय, ती शिकवण पोरगा पायजे?","माझ्या शेतात बागायती करून कोणती पिके काढण्याची शिकवण मिळत आहे, ती शिकवण पाहिजे?",D4
"म्हाजी शेतात धान्याची पेरणी केली हाय, पेरणीची काय वेळ हाय?","माझ्या शेतात धान्याची पेरणी केली आहे, पेरणीची काय वेळ आहे?",D4
शेतात फवारे पाणी पुरवण्याची काय वेळ पायजे?,शेतात फवारे पाणी पुरवण्याची काय वेळ पाहिजे?,D4
म्हाले सोयाबीनला काय खत द्यावे हाय?,मला सोयाबीनला काय खत द्यावे आहे?,D4
म्हाजी बाजरीच्या पिकासाठी काय दाणे लागतात हाय?,माझ्या बाजरीच्या पिकासाठी काय दाणे लागतात आहेत?,D4
तुमाले शेतात काय उपाय सांगता हाय?,तुम्हाला शेतात काय उपाय सांगावे आहे?,D4
म्हाले वाढवण्याच्या शेतात काय पावले घ्यावे हाय?,मला वाढवण्याच्या शेतात काय पावले घ्यावी आहेत?,D4
म्हाजी शेतात पाणी साठवण्याची काय व्यवस्था आहे हाय?,माझ्या शेतात पाणी साठवण्याची काय व्यवस्था आहे आहे?,D4
कायले शेतात मोठे फसवण्याच्या प्रकरणी काय कारवाई केली हाय?,कशामुळे शेतात मोठे फसवण्याच्या प्रकरणी काय कारवाई केली आहे?,D4
हाय शेतात काय कार्यान्वित केले हाय?,आहे शेतात काय कार्यान्वित केले आहे?,D4
म्हाजी बागायतीत काय फळे लागतात हाय?,माझ्या बागायतीत काय फळे लागतात आहेत?,D4
"म्हाले शेतात बाजरीचे पिक फुलले हाय, उरक्या पाण्यात काय पातळी आहे?","मला शेतात बाजरीचे पिक फुलले आहे, उरक्या पाण्यात काय पातळी आहे?",D4
"शेतात मी सोयाबीनचे पिक काढले हाय, भाजीपाला काय प्रकारा सुद्धा हाय?","शेतात मी सोयाबीनचे पिक काढले आहे, भाजीपाल्याचा काय प्रकार आहे?",D4
"म्हाजी शेतात बटाट्याची पिक कापली हाय, कोणी बेटा दिला पायजे?","माझ्या शेतात बटाट्याची पिक कापली आहे, कोणी बेटा दिला पाहिजे?",D4
"म्हाले शेतात फणसाचे पिक काढले हाय, कशामुळे फणसाची फळे झाली नाही हाय?","मला शेतात फणसाचे पिक काढले आहे, कशामुळे फणसाची फळे झाली नाहीत?",D4
"शेतात उगवणीचे पिक पावले हाय, कोणी बापला पायजे?","शेतात उगवणीचे पिक पावले आहे, कोणी बापला पाहिजे?",D4
"म्हाजी शेतात कांद्याची पिक कापली हाय, काय प्रकारा फावड्या घेतल्या हाय?","माझ्या शेतात कांद्याची पिक कापली आहे, काय प्रकारा फावड्या घेतल्या आहेत?",D4
"म्हाले शेतात कापूसचे पिक काढले हाय, माझ्या शेतात काय पायजे?","मला शेतात कापूसचे पिक काढले आहे, माझ्या शेतात काय पाहिजे?",D4
"शेतात सोयाबीनचे पिक कापले हाय, कोणी देवा दिला हाय?","शेतात सोयाबीनचे पिक कापले आहे, कोणी देवा दिला आहे?",D4
"म्हाजी शेतात पावले हाय, कोणी फणसा फकला हाय?","माझ्या शेतात पावले आहे, कोणी फणसा फकला आहे?",D4
"म्हाले शेतात फणसाचे पिक काढले हाय, काय प्रकारा खाद्य पावले हाय?","मला शेतात फणसाचे पिक काढले आहे, काय प्रकारा खाद्य पावले आहेत?",D4
तुमाले बाजारात तांदळाचे किती रुपये भाव भेटत हाय?,तुम्हाला बाजारात तांदळाचे किती रुपये भाव मिळत आहे?,D4
"म्हाजी शेतात सोयाबीनचे फवारे खूप चांगले केले हाय, काय उपज मिळेल हाय?","माझ्या शेतात सोयाबीनचे फवारे खूप चांगले केले आहे, काय उपज मिळेल आहे?",D4
शेतात काय फवारे द्यावीत हाय? ज्याप्रमाणे तुमाले करवतत हाय?,शेतात काय फवारे द्यावीत आहेत? ज्याप्रमाणे तुम्हाला करून घेतात आहेत?,D4
तुमाले गावाचे बाजारात मक्याचा काय भाव भेटत हाय?,तुम्हाला गावाचे बाजारात मक्याचा काय भाव मिळत आहे?,D4
म्हाले शेतात काय उभे पिके आहेत हाय? कोणते पिके काय करावीत हाय?,मला शेतात काय उभे पिके आहेत आहे? कोणते पिके काय करावीत आहेत?,D4
पोरग्याला शेतात काय पिके घालायची हाय? तुमाले म्हाजी पाहिजे?,मुलाला शेतात काय पिके घालायची आहे? तुम्हाला माझी पाहिजे?,D4
तुमाले बाजारात मेवाचा काय भाव भेटत हाय? काय भाव होतो हाय?,तुम्हाला बाजारात मेवाचा काय भाव मिळत आहे? काय भाव होत आहे?,D4
म्हाजी शेतात काय उभे केले आहेत हाय? काय पिके फार चांगले आहेत हाय?,माझ्या शेतात काय उभे केले आहेत आहे? काय पिके फार चांगले आहेत आहेत?,D4
तुमाले शेतात काय फवारे द्यावीत हाय? म्हाजी पिका काय होईल हाय?,तुम्हाला शेतात काय फवारे द्यावीत आहेत? माझ्या पिका काय होईल आहे?,D4
म्हाजी शेतात काय कीड लागले आहेत हाय? काय औषध फवारले पायजे?,माझ्या शेतात काय कीड लागले आहेत आहे? काय औषध फवारले पाहिजे?,D4
"म्हाजी बागवणीच्या तळ्यात पाणी पुरवले नाही हाय, काय बरे पाणी येणार हाय?","माझ्या बागवणीच्या तळ्यात पाणी पुरवले नाही, काय बरे पाणी येणार आहे?",D4
"शेतात धान्याच्या पिकाला कीड लागली हाय, काय औषध फवारले पायजे?","शेतात धान्याच्या पिकावर कीड लागली आहे, काय औषध फवारले पाहिजे?",D4
"म्हाले सोयाबीन पिकासाठी सिंचाईची गरज आहे हाय, काय सिंचाईचे साधन म्हाजी?","मला सोयाबीन पिकासाठी सिंचाईची गरज आहे, काय सिंचाईचे साधन माझे?",D4
"कृषी बँकेतून शेतीच्या देखरेखीसाठी क्रेडिट कार्ड काढले हाय, काय भाव मिळेल हाय?","कृषी बँकेतून शेतीच्या देखरेखीसाठी क्रेडिट कार्ड काढले आहे, काय भाव मिळेल आहे?",D4
"म्हाजी कापूस पिकाला कीटनाशक फवारले हाय, काय जास्त फवारले पायजे?","माझ्या कापूस पिकाला कीटनाशक फवारले आहे, काय जास्त फवारले पाहिजे?",D4
"तुमाले फुलबाग पिकासाठी सिंचाईची गरज आहे हाय, काय सिंचाईचे साधन म्हाजी?","तुम्हाला फुलबाग पिकासाठी सिंचाईची गरज आहे, काय सिंचाईचे साधन माझे?",D4
"म्हाजी शेतात बियाण्यांचा पौष्टिक फवारा केला हाय, काय पौष्टिक चांगले हाय?","माझ्या शेतात बियाण्यांचा पौष्टिक फवारा केला आहे, काय पौष्टिक चांगले आहे?",D4
"शेतात पिकासाठी पाण्याची व्यवस्था केली नाही हाय, काय पाण्याचे साधन म्हाजी?","शेतात पिकासाठी पाण्याची व्यवस्था केली नाही, काय पाण्याचे साधन माझे?",D4
"म्हाजी शेतात कापूस पिकासाठी कीटनाशक फवारले हाय, काय जास्त फवारले पायजे?","माझ्या शेतात कापूस पिकासाठी कीटनाशक फवारले आहे, काय जास्त फवारले पाहिजे?",D4
"शेतात पिकासाठी भुसांचे नियंत्रण करावे हाय, काय भुसांचे नियंत्रण तरतूद म्हाजी?","शेतात पिकासाठी भुसांचे नियंत्रण करावे, काय भुसांचे नियंत्रण तरतूद माझी?",D4
"म्हाजी शेतात फुलबागा लावली हाय, जेणे करून पालीकडे वाढली पायजे.","माझ्या शेतात फुलबागा लावली आहे, जेणे करून पालीकडे वाढणे पाहिजे.",D4
"शेतात कापूसाची कापणी करवतत, पीक कोणत्या दिवशी लागले कायले?","शेतात कापूसाची कापणी करून घेतात, पीक कोणत्या दिवशी लागले?",D4
"शेतात गायी पाळत हाय, कशामुळे त्यांच्या पोटापुढे वाढली पायजे.","शेतात गायी पाळत आहे, कशामुळे त्यांच्या पोटापुढे वाढणे पाहिजे.",D4
"म्हाजी शेतात तुरीचे पिक म्हाले घेत हाय, पोरगा कसे होईल कायले?","माझ्या शेतात तुरीचे पिक मला घेत आहे, मुलगा कसा होईल?",D4
"शेतात वाढदिवशी कुणाचे कार्य हाय, तुमाले शेतात तळी भरल्या नाहीत कायले?","शेतात वाढदिवशी कुणाचे काम आहे, तुम्हाला शेतात तळी भरल्या नाहीत कशामुळे?",D4
"शेतात फळबागा लावले हाय, जेणे करून केलेले पीक लवकर होणार.","शेतात फळबागा लावले आहे, जेणे करून केलेले पीक लवकर होईल.",D4
"म्हाजी शेतात शिंपणी करवतत, पीक कोणत्या दिवशी लागले कायले?","माझ्या शेतात शिंपणी करून घेतात, पीक कोणत्या दिवशी लागले?",D4
"म्हाजी शेतात फुलबागा घातला हाय, तुमाले किती फुले आले हाय?","माझ्या शेतात फुलबागा घातला आहे, तुम्हाला किती फुले आली आहेत?",D4
"शेतात जिर्यामध्ये कोळमी आली हाय, कायले काय केले पायजे?","शेतात जिर्यामध्ये कोळमी आली आहे, कशामुळे काय केले पाहिजे?",D4
"म्हाले धान्याचे दाना काढले हाय, बाजारात काय भाव भेटत हाय?","मला धान्याचे दाना काढले आहे, बाजारात काय भाव मिळत आहे?",D4
"शेतात फ्रेश पाने वापरले हाय, हाय काय सांगत होते हाय?","शेतात फ्रेश पाने वापरले आहे, आहे काय सांगत होते?",D4
"म्हाले शेतात बायो फर्टिलाइझर वापरले हाय, काय फायदे होते हाय?","मला शेतात बायो फर्टिलाइझर वापरले आहे, काय फायदे होते?",D4
"शेतात सोलर पंप वापरला हाय, पोरगा काय करत होता हाय?","शेतात सोलर पंप वापरला आहे, मुलगा काय करत होता?",D4
"म्हाजी शेतात पेडावर कीड नियंत्रण केले हाय, हाय काय केले हाय?","माझ्या शेतात पेडावर कीड नियंत्रण केले आहे, आहे काय केले?",D4
"शेतात ट्रॅक्टरची किंमत किती हाय, तुमाले किती पैसे दिले हाय?","शेतात ट्रॅक्टरची किंमत किती आहे, तुम्हाला किती पैसे दिले आहेत?",D4
"म्हाले शेतात पाणी कसे बचवले हाय, हाय काय सल्ला मिळाला हाय?","मला शेतात पाणी कसे बचवले आहे, आहे काय सल्ला मिळाला?",D4
"शेतात धान्याची पिकली माल विकत घेतली हाय, तुमाले किती पैसे वाजवले हाय?","शेतात धान्याची पिकली माल विकत घेतली आहे, तुम्हाला किती पैसे वाजवले आहेत?",D4
म्हाजी शेतात उंबरठ्यावर काय भाव भेटत हाय?,माझ्या शेतात उंबरठ्यावर काय भाव मिळत आहे?,D4
तुमाले बाजारात तूर कशामुळे खरेदी केली हाय?,तुम्हाला बाजारात तूर कशामुळे खरेदी केली आहे?,D4
म्हाजी कृषी शेती सेवा प्रक्रिया कशी करून घेतांना आहे?,माझ्या कृषी शेती सेवा प्रक्रिया कशी करून घेण्याचा प्रयत्न आहे?,D4
माथून शेतात काय उगवायचे आहे पायजे?,मधून शेतात काय उगवायचे आहे पाहिजे?,D4
हाय म्हाजी शेतात कोणत्या पीकाचा चांगला भाव मिळत हाय?,आहे माझ्या शेतात कोणत्या पीकाचा चांगला भाव मिळत आहे?,D4
तुमाले कृषी उत्पादन साठी काय प्रकारची उभारणी केली हाय?,तुम्हाला कृषी उत्पादन साठी काय प्रकारची उभारणी केली आहे?,D4
पोरगा शेतात काय प्रकारची सावधानी घ्यावी हाय?,मुलगा शेतात काय प्रकारची सावधानी घ्यावी आहे?,D4
"म्हाजी पिका माझी नाही, तरी सुद्धा काय प्रकारची देखभाल करावी हाय?","माझ्या पिका माझ्या नाही, तरी सुद्धा काय प्रकारची देखभाल करावी आहे?",D4
हाय तुमाले कोणत्या पीकाची वाढवणी करू शकता हाय?,आहे तुम्हाले कोणत्या पीकाची वाढवणी करू शकत आहे?,D4
म्हाजी कृषी शेती सेवा कोणत्या वेळी मिळत हाय?,माझ्या कृषी शेती सेवा कोणत्या वेळी मिळत आहे?,D4
मले शिकायले कर्ज घ्याच असन तर कुठ अर्ज करा लागन त्याची मायती मले कुठी भेटन त्यासाठी ऑनलाईन अर्ज करा लागन का?,"मला शिक्षणासाठी कर्ज घ्यायचे असेल तर कुठे अर्ज करावा लागेल, त्याची माहिती मला कुठे मिळेल? त्यासाठी ऑनलाईन अर्ज करावा लागेल का?",D4
"बँकेतून पीक कर्ज घ्यायचे हाय, काय काय कागदपत्रे द्या लागन?","बँकेतून पीक कर्ज घ्यायचे आहे, काय काय कागदपत्रे द्यावी लागतील?",D4
क्रेडिट कार्ड शेड्यूलमधून भारी बकाया असण्यामुळे मले हाय म्हाले काय करा लागन?,क्रेडिट कार्ड शेड्यूलमधून भारी बकाया असण्यामुळे मला काय करावे लागते?,D4
तुमाले UPI पेमेंट करण्यासाठी म्हाजी मोबाइल नंबर पाहिजे हाय?,तुम्हाला UPI पेमेंट करण्यासाठी माझा मोबाइल नंबर पाहिजे आहे?,D4
मले EMI रेट कमी करण्यासाठी काय काय कागदपत्रे द्या लागन?,मला EMI रेट कमी करण्यासाठी काय काय कागदपत्रे द्यावी लागतील?,D4
तुम्ही KYC पूर्ण केल्यानंतर बँक खाती खुल्ली करवतत हाय?,तुम्ही KYC पूर्ण केल्यानंतर बँक खाती खुल्ली करून घेतात आहे?,D4
मले म्हाले कोणत्या बँकेमधून कर्ज घ्यायचे असन तर त्या बँके पोरगा म्हाजी बँके आहेत हाय?,मला कोणत्या बँकेमधून कर्ज घ्यायचे असेल तर त्या बँकेचा मुलगा कोण आहे आहे?,D4
बँक खाती खुल्ली करण्यासाठी काय काय कागदपत्रे द्या लागन?,बँक खाती खुल्ली करण्यासाठी काय काय कागदपत्रे द्यावी लागतील?,D4
तुम्ही म्हाजी खाती कोणत्या बँकेमधून तुमाले चालवतात हाय?,तुम्ही माझा खाती कोणत्या बँकेमधून चालवतात आहे?,D4
"मले शिकायले कर्जाचा लोअन दर पाहिजा हाय, पोरगा म्हाजी बँकेचा वाईट दर आहे हाय?","मला शिक्षणासाठी कर्जाचा लोअन दर पाहिजा आहे, त्या बँकेचा वाईट दर आहे आहे?",D4
"तुमाले क्रेडिट कार्ड वापरायचे हाय, तुमच्या पत्त्यावर काय भेटन त्याची मायती काय द्या लागन?","तुम्हाला क्रेडिट कार्ड वापरायचे आहे, तुमच्या पत्त्यावर काय मिळेल त्याची माहिती काय द्यावी लागतील?",D4
मले स्टॉक ट्रेडिंगसाठी खाते खोलीन काय काय प्रक्रिया करावी लागन?,मला स्टॉक ट्रेडिंगसाठी खाते खोलण्यासाठी काय काय प्रक्रिया करावी लागतील?,D4
तुमाले प्रिन्सिपल आणि इंटरेस्टची माहिती काय काय प्रक्रिया करावी लागन?,तुम्हाला प्रिन्सिपल आणि इंटरेस्टची माहिती काय काय प्रक्रिया करावी लागतील?,D4
"मले बँक खाते खोलीन नोकरी सुरु करायचे हाय, काय कागदपत्रे द्या लागन?","मला बँक खाते खोलण्यासाठी नोकरी सुरु करायचे आहे, काय कागदपत्रे द्यावी लागतील?",D4
तुमाले ट्रेडिंग खाते खोलीन प्रिन्सिपल आणि इंटरेस्टची माहिती काय काय प्रक्रिया करावी लागन?,तुम्हाला ट्रेडिंग खाते खोलण्यासाठी प्रिन्सिपल आणि इंटरेस्टची माहिती काय काय प्रक्रिया करावी लागतील?,D4
"मले डीप डिस्काउंट कार्ड वापरायचे हाय, तुम्ही काय काय भेट्न त्याची मायती काय द्या लागन?","मला डीप डिस्काउंट कार्ड वापरायचे आहे, तुम्ही काय मिळेल त्याची माहिती काय द्यावी लागतील?",D4
"तुमाले पीक कर्ज घ्यायचे हाय, तुमच्या फसलीची माहिती काय काय प्रक्रिया करावी लागन?","तुम्हाला पीक कर्ज घ्यायचे आहे, तुमच्या फसलीची माहिती काय काय प्रक्रिया करावी लागतील?",D4
"मले मोबाइल पेमेंट बँकिंगसाठी प्रक्रिया करायची हाय, काय कागदपत्रे द्या लागन?","मला मोबाइल पेमेंट बँकिंगसाठी प्रक्रिया करायची आहे, काय कागदपत्रे द्यावी लागतील?",D4
तुमाले खाते खोलीन म्हातारपणी पेन्शनची माहिती काय काय प्रक्रिया करावी लागन?,तुम्हाला खाते खोलण्यासाठी म्हातारपणी पेन्शनची माहिती काय काय प्रक्रिया करावी लागतील?,D4
"मले ट्रेडिंग खाते आणि डीप डिस्काउंट कार्ड वापरायचे हाय, काय कागदपत्रे द्या लागन?","मला ट्रेडिंग खाते आणि डीप डिस्काउंट कार्ड वापरायचे आहे, काय कागदपत्रे द्यावी लागतील?",D4
तुमाले बँक खाते खोलीन पेन्शनची माहिती काय काय प्रक्रिया करावी लागन?,तुम्हाला बँक खाते खोलण्यासाठी पेन्शनची माहिती काय काय प्रक्रिया करावी लागतील?,D4
"मले क्रेडिट कार्ड तुमाले कुठून धकलन, काय काय कागदपत्रे द्या लागन?","मला क्रेडिट कार्ड तुम्हाला कुठून मिळणार, काय काय कागदपत्रे द्यावी लागतील?",D4
मले पीक कर्ज म्हाजी काय काय शाळेची पात्रता पाहिजे लागन?,मला पीक कर्ज माझ्या शाळेची पात्रता काय आहे ते पाहिजे लागतील?,D4
"हाय म्हाले UPI काय म्हणायचे आहे, काय करावे लागन?","आहे मला UPI काय म्हणतात, काय करावे लागते?",D4
"मले बँकेचे शाखेचे पत्ते म्हाजी काय आहे, मले तिथे कुठून जावे लागन?","मला बँकेचे शाखेचे पत्ते माझ्या कुठून मिळणार, मला तिथे कुठून जावे लागतील?",D4
"तुमाले शिक्षणासाठी EMI करावयाचे हाय, काय काय कागदपत्रे द्या लागन?","तुम्हाला शिक्षणासाठी EMI द्यायचे आहे, काय काय कागदपत्रे द्यावी लागतील?",D4
"मले नुकत्याच क्रेडिट कार्ड धकल्ल्या म्हाले, त्याची KYC प्रोसेस पायजे कशी आहे?","मला नुकताच क्रेडिट कार्ड मिळाला आहे, त्याची KYC प्रोसेस कशी कार्य करते ते पाहिजे लागतील?",D4
"मले पायजे बँकेतून लोन कुठून मिळणार, काय काय कागदपत्रे द्या लागन?","पाहिजे मला बँकेतून लोन कुठून मिळणार, काय काय कागदपत्रे द्यावी लागतील?",D4
"तुमाले ATM पासवर्ड तुम्हाजी काय म्हणायचे आहे, हाय ते कसे बदलून घ्यायचे आहे?","तुम्हाला ATM पासवर्ड तुम्हा काय म्हणतात, आहे ते कसे बदलून घ्यावे लागते?",D4
"मले ऑनलाईन बँकिंग म्हाजी काय विशेषता आहे, हाय मले ते कसे करावे लागन?","मला ऑनलाईन बँकिंग माझ्या काय विशेषता आहेत, आहे मले ते कसे करावे लागतील?",D4
"मले बँकेने दिलेले चेकबुक काय काय विशेषता आहे, मले त्याची मायती कुठून भेटन?","मला बँकेने दिलेले चेकबुक काय काय विशेषता आहेत, मला त्याची माहिती कुठून मिळेल?",D4
"मले स्टँडर्ड बँकेतून स्टूडेंट लोन द्यायचे हाय, मला काय काय कागदपत्रे द्या लागन?","मला स्टँडर्ड बँकेतून स्टूडेंट लोन द्यावे आहे, मला काय काय कागदपत्रे द्यावी लागतील?",D4
तुमाले एका वर्षाच्या EMI च्या रकमेवर काय काय बँके द्यायची वाटन त्याची मायती कुठी आहे?,तुम्हाला एका वर्षाच्या EMI च्या रकमेवर काय काय बँके देतात? त्याची माहिती कुठे आहे?,D4
"कुणाला क्रेडिट कार्ड मिळायचे हाय, मले काय काय कागदपत्रे द्या लागन त्याची मायती मले कुठी भेटन?","कुणाला क्रेडिट कार्ड मिळावे आहे, मला काय काय कागदपत्रे द्यावी लागतील? त्याची माहिती मला कुठे मिळेल?",D4
"बँकेतून UPI द्यायचे हाय, मला काय काय कागदपत्रे द्या लागन त्याची मायती मले कुठी भेटन?","बँकेतून UPI द्यावे आहे, मला काय काय कागदपत्रे द्यावी लागतील? त्याची माहिती मला कुठे मिळेल?",D4
मले शिकायले कर्ज घ्याच असन तर कुठ अर्ज करा लागन त्याची मायती मले कुठी भेटन त्यासाठी KYC काय काय करावे लागन?,"मला शिक्षणासाठी कर्ज घ्यायचे असेल तर कुठे अर्ज करावा लागेल, त्याची माहिती मला कुठे मिळेल? त्यासाठी KYC काय काय करावी लागतील?",D4
"कुणाला शिक्षा कर्ज मिळायचे हाय, तुमाले काय काय कागदपत्रे द्या लागन त्याची मायती कुठी आहे?","कुणाला शिक्षा कर्ज मिळावे आहे, तुम्हाला काय काय कागदपत्रे द्यावी लागतील? त्याची माहिती कुठे आहे?",D4
"मले बँकेतून पीक कर्ज घ्यायचे हाय, काय काय कागदपत्रे द्या लागन त्याची मायती मले कुठी भेटन?","मला बँकेतून पीक कर्ज घ्यायचे आहे, काय काय कागदपत्रे द्यावी लागतील? त्याची माहिती मला कुठे मिळेल?",D4
"कुणाला स्टँडर्ड बँकेचा खाता मिळायचे हाय, मले काय काय कागदपत्रे द्या लागन त्याची मायती मले कुठी भेटन?","कुणाला स्टँडर्ड बँकेचा खाता मिळावा आहे, मला काय काय कागदपत्रे द्यावी लागतील? त्याची माहिती मला कुठे मिळेल?",D4
मले एका वर्षाच्या EMI च्या रकमेवर काय काय बँके द्यायची वाटन त्याची मायती कुठी आहे?,मला एका वर्षाच्या EMI च्या रकमेवर काय काय बँके देतात? त्याची माहिती कुठे आहे?,D4
"कुणाला क्रेडिट कार्ड मिळायचे हाय, मले काय काय कागदपत्रे द्या लागन त्याची मायती मले कुठी भेटन?","कुणाला क्रेडिट कार्ड मिळावा आहे, मला काय काय कागदपत्रे द्यावी लागतील? त्याची माहिती मला कुठे मिळेल?",D4
"मले बँकेतून UPI द्यायचे हाय, मले काय काय कागदपत्रे द्या लागन त्याची मायती मले कुठी भेटन?","मला बँकेतून UPI द्यावे आहे, मला काय काय कागदपत्रे द्यावी लागतील? त्याची माहिती मला कुठे मिळेल?",D4
मले बँकेतून EMI ला भरण्याची कागदपत्रे द्यावी लागतील काय?,मला बँकेतून EMI ला भरण्याची कागदपत्रे द्यावी लागतील काय?,D4
तुमाले UPI च्या मदतीने कुठे पैसे भरण्याचे पोरगा सांगतात?,तुम्हाला UPI च्या मदतीने कुठे पैसे भरण्याचे मुलगा सांगतात?,D4
मले व्यक्तिगत लोनाची मायती कुठी भेटन लागन त्याची म्हाजी पायजे पाहिजे लागन.,मला व्यक्तिगत लोनाची माहिती कुठे मिळेल लागण्याची माझी पाहिजे पाहिजे लागतील.,D4
"हाय, मले काय काय कागदपत्रे द्या लागन बँकेतून पीक कर्ज घ्यायचे?","मी बँकेतून पीक कर्ज घ्यायचे आहे, काय काय कागदपत्रे द्यावी लागतील?",D4
"क्रेडिट कार्डच्या फायद्यांचे वर्णन करवतत पाहिजे लागन, काय?","क्रेडिट कार्डच्या फायद्यांचे वर्णन करून घेतात पाहिजे लागणार, काय?",D4
बँकेतून EMI ला भरण्याची कागदपत्रे द्यावी लागतील काय पोरगाने?,बँकेतून EMI ला भरण्याची कागदपत्रे द्यावी लागतील काय मुलगाने?,D4
"हाय, मले कुठे अर्ज करा लागन त्याची मायती मले कुठी भेटन?","मी कुठे अर्ज करावा लागेल, त्याची माहिती मला कुठे मिळेल?",D4
मले UPI च्या मदतीने कुठे पैसे भरण्याचे माथून काय?,मला UPI च्या मदतीने कुठे पैसे भरण्याचे मधून काय?,D4
मले EMI म्हाजी पाहिजे लागन त्याची मायती मले कुठी भेटन त्यासाठी बँकेत जावे लागन का?,मला EMI माझी पाहिजे लागते का? त्याची माहिती मला कुठे मिळेल? त्यासाठी बँकेत जावे लागते का?,D4
काय काय कागदपत्रे मले द्या लागन बँकेतून UPI कर्ज घ्यायचे हाय?,काय काय कागदपत्रे द्यावी लागतील बँकेतून UPI कर्ज घ्यायचे आहे?,D4
मले शिकायले क्रेडिट कार्ड चावा लागन त्याची मायती मले कुठी भेटन त्यासाठी बँकेत जावे लागन का?,मला शिक्षणासाठी क्रेडिट कार्ड मिळवायचा आहे तर त्याची माहिती मला कुठे मिळेल? त्यासाठी बँकेत जावे लागते का?,D4
कायले मले बँक पासबुक पोरगा वाचवन लागन त्याची मायती मले कुठी भेटन?,कशामुळे मला बँक पासबुक मुलाला वाचवावी लागते? त्याची माहिती मला कुठे मिळेल?,D4
बँकेतून काय काय नोट्स कर्ज घ्यायचे त्याची मायती मले त्यासाठी संपर्क करा लागन का?,बँकेतून काय काय नोट्स कर्ज घ्यायचे आहे? त्याची माहिती मला त्यासाठी कोणता संपर्क करावा लागतो का?,D4
"मले बँक पासबुक हाय, काय काय बाकी कागदपत्रे द्या लागन त्यासाठी तुमाले ऑनलाईन अर्ज करा लागन?","मला बँक पासबुक आहे, काय काय बाकी कागदपत्रे द्यावी लागतील त्यासाठी तुम्हाला ऑनलाईन अर्ज करावा लागतो का?",D4
मले KYC शिकायले मले कुठी अर्ज करा लागन त्याची मायती मले कुठी भेटन?,मला KYC शिकवायची आहे तर कुठे अर्ज करावा लागते? त्याची माहिती मला कुठे मिळेल?,D4
काय काय कागदपत्रे मले तुमाले द्या लागन बँकेतून पीक कर्ज घ्यायचे हाय?,काय काय कागदपत्रे द्यावी लागतील बँकेतून पीक कर्ज घ्यायचे आहे?,D4
"मले EMI हाय, त्याची मायती मले कुठी भेटन त्यासाठी बँकेत जावे लागन का?","मला EMI आहे, त्याची माहिती मला कुठे मिळेल? त्यासाठी बँकेत जावे लागते का?",D4
मले क्रेडिट कार्ड अर्ज करा लागन त्याची मायती मले कुठी भेटन त्यासाठी संपर्क करा लागन का?,मला क्रेडिट कार्ड अर्ज करावा लागतो तर त्याची माहिती मला कुठे मिळेल? त्यासाठी कोणता संपर्क करावा लागतो का?,D4
मले नेटबँकिंग व्हिडीओ सेवाचा फायदा घ्याच असन तर कुठ अर्ज करा लागन त्याची मायती मले कुठी भेटन,"मला नेटबँकिंग व्हिडीओ सेवेचा फायदा घ्यायचे असेल तर कुठे अर्ज करावा लागेल, त्याची माहिती मला कुठे मिळेल?",D4
"बँकेतून पीक कर्ज घ्यायचे हाय, काय काय कागदपत्रे द्या लागन?","बँकेतून पीक कर्ज घ्यायचे आहे, काय काय कागदपत्रे द्यावी लागतील?",D4
"आपल्या खात्यावर EMI चा पेमेंट करवतत आहे, त्यामुळे पोरगा म्हणजे मुला त्यातला काय भाग म्हणजे काय?","आपल्या खात्यावर EMIचा पेमेंट करून घेतात, त्यामुळे मुलाला त्यातला काय भाग म्हणजे काय समजतो?",D4
मले क्रेडिट कार्ड आणि डेबिट कार्डच्या सेवेचा फायदा घ्याच असन तर कुठ अर्ज करा लागन?,मला क्रेडिट कार्ड आणि डेबिट कार्डच्या सेवेचा फायदा घ्यायचे असेल तर कुठे अर्ज करावा लागेल?,D4
मले UPI च्या सेवेचा फायदा घ्याच असन तर कुठ अर्ज करा लागन त्याची मायती मले कुठी भेटन,"मला UPI च्या सेवेचा फायदा घ्यायचे असेल तर कुठे अर्ज करावा लागेल, त्याची माहिती मला कुठे मिळेल?",D4
"आपल्या खात्यावर KYC केले पायजे आहे, पोरगा म्हणजे मुला त्यातला काय भाग म्हणजे काय?","आपल्या खात्यावर KYC केले आहे, मुलाला त्यातला काय भाग म्हणजे काय समजतो?",D4
मले शिकायले कर्ज घ्याच असन तर कुठ अर्ज करा लागन त्याची मायती मले कुठी भेटन,"मला शिक्षणासाठी कर्ज घ्यायचे असेल तर कुठे अर्ज करावा लागेल, त्याची माहिती मला कुठे मिळेल?",D4
"बँकेतून कार्यशाळा कर्ज घ्यायचे हाय, काय काय कागदपत्रे द्या लागन?","बँकेतून कार्यशाळा कर्ज घ्यायचे आहे, काय काय कागदपत्रे द्यावी लागतील?",D4
आपल्या खात्यावर पेमेंट चा पोरगा म्हणजे मुला पेमेंट चे काय तपशील म्हणजे काय?,आपल्या खात्यावर पेमेंटचा मुलाला पेमेंटचे काय तपशील म्हणजे काय समजतो?,D4
मले फ्रँचाईज कर्ज घ्याच असन तर कुठ अर्ज करा लागन त्याची मायती मले कुठी भेटन,"मला फ्रँचाईज कर्ज घ्यायचे असेल तर कुठे अर्ज करावा लागेल, त्याची माहिती मला कुठे मिळेल?",D4
"बँकेतून मुदत शाळा कर्ज घ्यायचे हाय, काय काय कागदपत्रे द्या लागन?","बँकेतून मुदत शाळा कर्ज घ्यायचे आहे, काय काय कागदपत्रे द्यावी लागतील?",D4
मले क्रेडिट कार्ड म्हाजी कुठी अर्ज करा लागन?,मला क्रेडिट कार्ड मिळवायचे असेल तर कुठे अर्ज करावा लागेल?,D4
हाय म्हाले माझ्या खात्यातील विश्वासघाती व्यवहाराची मायती काय काय?,मला माझ्या खात्यातील विश्वासघाती व्यवहाराची माहिती काय काय?,D4
मले UPI पेमन्ट म्हाजी कुठे करा लागन?,मला UPI पेमन्ट करायचे असेल तर कुठे करावा लागेल?,D4
बँकेतून काय काय कागदपत्रे द्या लागन PPF खाते खुलण्यासाठी?,बँकेतून काय काय कागदपत्रे द्यावी लागतील? PPF खाते खुलण्यासाठी,D4
पोरगा शिकायले EMI कर्ज घ्यायचे असन तर काय काय अर्ज करा लागन?,मुलगा शिक्षणासाठी EMI कर्ज घ्यायचे असेल तर काय काय अर्ज करावा लागेल?,D4
मले FD खाते खुलण्यासाठी काय काय कागदपत्रे द्या लागन?,मला FD खाते खुलण्यासाठी काय काय कागदपत्रे द्यावी लागतील?,D4
कायले मलेला KYC कागदपत्रे काय काय द्या लागन?,कशामुळे मला KYC कागदपत्रे द्यावी लागतील?,D4
मले म्हाजी बँक खात्यातील खाताधारक म्हणून पैसे काय काय मिळन?,मला माझ्या बँक खात्यातील खाताधारक म्हणून पैसे काय काय मिळतील?,D4
हाय म्हाले पोरगा काय काय कागदपत्रे द्या लागन बँकेतून पीक कर्जासाठी?,मला मुलाला बँकेतून पीक कर्जासाठी काय काय कागदपत्रे द्यावी लागतील?,D4
मले म्हाजी खात्यातील पोरग्या खात्यात पैसे काय काय ट्रान्सफर करा लागन?,मला माझ्या खात्यातील मुलाच्या खात्यात पैसे काय काय ट्रान्सफर करावा लागेल?,D4
कोणत्या बँकेमधून क्रेडिट कार्ड पोरगा म्हाले द्या लागन?,कोणत्या बँकेतून क्रेडिट कार्ड मिळवायचा आहे मुलगा माझ्या?,D4
मले UPI ची कुणाला देण्याची मायती मले कुठी भेटन त्यासाठी हाय?,मला UPI ची कुणाला देण्याची माहिती मला कुठे मिळेल? त्यासाठी हे काय आहे?,D4
काय काय EMI करण्याच्या कागदपत्रे तुमाले द्या लागन?,काय काय EMI करण्याचे कागदपत्र द्यावी लागतील तुम्हाला?,D4
मले बँकेतून पोरगा साठी करंज पावला करायचे हाय काय?,मला बँकेतून मुलगा साठी करंज पावला करावा लागतो का?,D4
कोणत्या बँकेमधून काय काय करंज पावला करायचे कायले?,कोणत्या बँकेतून काय काय करंज पावला करावा लागतो कशामुळे?,D4
मले शिकायले कर्ज घ्याच असन त्याची मायती मले कुठी भेटन त्यासाठी पोरगा काय करावा?,मला शिक्षणासाठी कर्ज घ्यायचे असेल तर त्याची माहिती मला कुठे मिळेल? त्यासाठी मुलगा काय करावा?,D4
काय काय KYC पोरगा साठी करावे लागन त्यांची मायती मले कुठी भेटन?,काय काय KYC मुलगा साठी करावी लागतील त्यांची माहिती मला कुठे मिळेल?,D4
मले बँकेतून करंज पावला करायचे हाय तुमाले काय काय कागदपत्रे द्या लागन?,मला बँकेतून करंज पावला करावा लागतो तुम्हाला काय काय कागदपत्रे द्यावी लागतील?,D4
कोणत्या बँकेमधून पोरगा म्हाले हाय काय काय करंज पावला करायचे?,कोणत्या बँकेतून मुलगा माझ्या हाय काय काय करंज पावला करावे लागतील?,D4
मले पोरगा साठी EMI करंज पावला करायचे हाय काय करावे लागन?,मला मुलगा साठी EMI करंज पावला करावा लागतो काय करावे लागतील?,D4
मला क्रेडिट कार्ड वापरण्याची मायती कुठी भेटन?,मला क्रेडिट कार्ड वापरण्याची माहिती कुठे मिळेल?,D4
"बँकेतून खाता नंबर बदलायचे हाय, हाय काय काय कागदपत्रे द्या लागन?","बँकेतून खाता क्रमांक बदलायचे आहे, काय काय कागदपत्रे द्यावी लागतील?",D4
"मला UPI पेमेंट करायचे असन, कुठे स्टोर केलेली पेमेंट केली लागन?","मला UPI पेमेंट करायचे असेल, कुठे स्टोर केलेली पेमेंट केली जाईल?",D4
काय काय कागदपत्रे द्या लागन क्रेडिट कार्ड नंतर दाखल करुन घ्यायचे हाय?,काय काय कागदपत्रे द्यावी लागतील क्रेडिट कार्ड नंतर दाखल करून घेतले जाईल?,D4
"मला शिकायले कर्ज घ्याच असन, कुठ अर्ज करा लागन त्याची मायती मला कुठी भेटन?","मला शिक्षणासाठी कर्ज घ्यायचे असेल, कुठे अर्ज करावा लागेल, त्याची माहिती मला कुठे मिळेल?",D4
"बँकेतून पोरग्यांचे अकाउंट खोलायचे हाय, काय काय कागदपत्रे द्या लागन?","बँकेतून मुलांचे खाते खोलायचे आहे, काय काय कागदपत्रे द्यावी लागतील?",D4
"तुमाले KYC कंप्लीट केले असेल काय, हाय त्याची मायती मले कुठी भेटन?",तुम्हाला KYC पूर्ण केले आहे का? त्याची माहिती मला कुठे मिळेल?,D4
"मला EMI विचारायचे असन, काय काय कागदपत्रे द्या लागन त्याची मायती मला कुठी भेटन?","मला EMI विचारायचे असेल, काय काय कागदपत्रे द्यावी लागतील त्याची माहिती मला कुठे मिळेल?",D4
काय काय कागदपत्रे द्या लागन तुमाले बँकेतून पीक कर्ज घ्यायचे हाय?,काय काय कागदपत्रे द्यावी लागतील तुम्हाला बँकेतून पीक कर्ज घ्यायचे आहे?,D4
"मला डेबिट कार्ड वापरण्याची मायती कुठी भेटन, पायजे मला त्या वापरणे पाहिजे?",मला डेबिट कार्ड वापरण्याची माहिती कुठे मिळेल? मला त्या वापरणे पाहिजे का?,D4
मले नोकरी साठी कर्ज घ्याच असेल तर कुठे अर्ज करा लागन त्याची मायती मले कुठी भेटन त्यासाठी ऑनलाईन अर्ज करा लागन का?,"मला नोकरीसाठी कर्ज घ्यायचे असेल तर कुठे अर्ज करावा लागेल, त्याची माहिती मला कुठे मिळेल? त्यासाठी ऑनलाईन अर्ज करावा लागेल का?",D4
"हाय, मला क्रेडिट कार्ड साठी अर्ज करण्यासाठी काय कागदपत्रे द्या लागन?","हाय, मला क्रेडिट कार्डासाठी अर्ज करण्यासाठी काय कागदपत्रे द्यावी लागतील?",D4
"बँकेतून पीक कर्ज घ्यायचे हाय, काय काय कागदपत्रे द्या लागन?","बँकेतून पीक कर्ज घ्यायचे आहे, काय काय कागदपत्रे द्यावी लागतील?",D4
तुमाले केव्हा पासबुकची प्रति द्या लागन?,तुम्हाला केव्हा पासबुकची प्रत द्यावी लागतील?,D4
कायले मला म्हाजी नोकरी साठी कर्ज द्यायचे असेल तर बँकेच्या या काही युनिटी म्हाले काय काम करतात?,कशामुळे मला माझ्या नोकरीसाठी कर्ज द्यायचे असेल तर बँकेच्या या काही युनिटीमध्ये काय काम होते?,D4
मले म्हाले कोणत्या बँकेचा डेबिट कार्ड घ्यायचा असेल तर तुमाले काय काय म्हाजी तपशीले द्या लागन?,मला कोणत्या बँकेचा डेबिट कार्ड घ्यायचा असेल तर तुम्हाला काय काय माझे तपशील द्यावे लागतील?,D4
पोरगा कोणत्या बँकेला जावा लागन जे माझ्या पीक कर्जाचे फायदे सांगतात?,मुलगा कोणत्या बँकेला जावे लागतील जे माझ्या पीक कर्जाचे फायदे सांगतात?,D4
मला UPI च्या म्हाजी सेवेसाठी कुठे रजिस्टर करा लागन का?,मला UPI च्या माझ्या सेवेसाठी कुठे रजिस्टर करावा लागेल का?,D4
काय कागदपत्रे द्या लागन बँकेतून EMI ची सेवा घेण्यासाठी?,काय कागदपत्रे द्यावी लागतील बँकेतून EMI ची सेवा घेण्यासाठी?,D4
तुमाले काय काय म्हाजी तपशीले द्या लागन जे मला KYC साठी भरायला लागेल?,तुम्हाला काय काय माझे तपशील द्यावे लागतील जे मला KYC साठी भरायला लागतील?,D4
या UPI कार्डसाठी काय कागदपत्रे द्या लागन?,या UPI कार्डसाठी काय कागदपत्रे द्यावी लागतील?,D4
क्रेडिट कार्डशी काय काय नियमे आहेत?,क्रेडिट कार्डशी काय काय नियमे आहेत?,D4
KYC कागदपत्रे पुरवून बँकेतून खाते म्हाजी खुल्या लागने?,KYC कागदपत्रे पुरवून बँकेतून खाते माझे खुले लागतील का?,D4
मले पोरग्याला सेविंग अकाउंट म्हाजी खुल्या लागने?,मला मुलाला सेविंग अकाउंट माझे खुले लागेल का?,D4
मले EMI शोधण्यासाठी काय कागदपत्रे द्या लागन?,मला EMI शोधण्यासाठी काय कागदपत्रे द्यावी लागतील?,D4
"हाय, बँकेतून पेन्शन अकाउंट म्हाजी खुल्या लागने?",बँकेतून पेन्शन अकाउंट माझे खुले लागतील का?,D4
काय कागदपत्रे द्या लागन तुमाले स्टॉक ट्रेडिंग खाते म्हाजी खुल्या लागने?,काय कागदपत्रे द्यावी लागतील तुम्हाला स्टॉक ट्रेडिंग खाते माझे खुले लागतील?,D4
मले म्हाजी खाते म्हाले किंमती करून पाहिजे काय?,मला माझे खाते मला किंमती करून पाहिजे काय?,D4
व्याज दर म्हाजी काय आहेत?,व्याज दर माझे काय आहेत?,D4
काय कागदपत्रे द्या लागन तुमाले कर्ज म्हाजी मिळवायचे?,काय कागदपत्रे द्यावी लागतील तुम्हाला कर्ज माझे मिळवायचे?,D4
"क्रेडिट कार्ड लागणे म्हाजी पोरगाने करवतत. उगीच दोन तीन महिने वेळ लागतो, म्हाले काय होते?","क्रेडिट कार्ड लागणे माझ्या मुलाने करून घेतात. उगीच दोन तीन महिने वेळ लागतो, मला काय होते?",D4
"मले कायम पायजे बँकेच्या शाखेत जायला जावे लागते. हाय, कुठे जावे लागते?","मला कायम पाहिजे बँकेच्या शाखेत जाण्यास जावे लागते. आहे, कुठे जावे लागते?",D4
काय म्हाले नोकरी लागणे वगैरे करवतत? क्रेडिट स्कोर काय आहे तुमाले पाहाइले?,काय मला नोकरी लागणे वगैरे करून घेतात? क्रेडिट स्कोर काय आहे तुम्हाला पाहिले?,D4
काय पोरगा स्पॉट लोन घ्यायला तयार आहे तर उगीच काय काय कागदपत्रे द्या लागन?,काय मुलगा स्पॉट लोन घ्यायचा आहे तर उगीच काय काय कागदपत्रे द्यावी लागतील?,D4
कसं होय तुमाले काय करवतात त्यामुळे मले पोरगा लोन मिळणे हाय?,कशामुळे तुम्हाले काय करून घेतात त्यामुळे मला मुलगा लोन मिळणे आहे?,D4
"काय म्हाले जास्त काही EMI होतात म्हाज्या अकाउंटकडून? हाय, काय होते?","काय मला जास्त काही EMI होतात माझ्या अकाउंटकडून? आहे, काय होते?",D4
मले म्हाज्या बँकेच्या ऑनलाइन प्लॅटफॉर्म वरून काय करवतत?,मला माझ्या बँकेच्या ऑनलाइन प्लॅटफॉर्म वरून काय करून घेतात?,D4
"तुमाले KYC पुरवठा काय लावण्याचा प्रक्रिया हाय, मले काय काय पुरवठा द्या लागन?","तुम्हाले KYC पुरवठा काय लावण्याचा प्रक्रिया आहे, मला काय काय पुरवठा द्यावी लागतील?",D4
"मले विदेशी कर्ज लागणे म्हाज्या बँकेच्या मंत्र्याने करवतत, काय होते?","मला विदेशी कर्ज लागणे माझ्या बँकेच्या मंत्र्याने करून घेतात, काय होते?",D4
"मले बँक खाते खुलवयचे हाय, कशी तरी ऑनलाईन केली पाहिजे?","मला बँक खाते खुलवायचे आहे, कशी तरी ऑनलाईन केली पाहिजे?",D4
"क्रेडिट कार्ड चालू करायचे हाय, काय काय प्रक्रिया आहे ती सांगा","क्रेडिट कार्ड चालू करायचे आहे, काय काय प्रक्रिया आहे ती सांगा?",D4
बँक खाते खुलवली असती तर काय काय करायचे हाय?,बँक खाते खुलवले असते तर काय काय करायचे आहे?,D4
तुमाले काय काय प्रक्रिया सांगता कि शिक्षणासाठी कर्ज घ्यायचे हाय?,तुम्हाला काय काय प्रक्रिया सांगता कि शिक्षणासाठी कर्ज घ्यायचे आहे?,D4
काय काय प्रक्रिया आहे ती सांगा कि क्रेडिट कार्ड चालू करायचे हाय,काय काय प्रक्रिया आहे ती सांगा कि क्रेडिट कार्ड चालू करायचे आहे?,D4
तुमाले अर्ज करू शकता का कि नोकरी साठी कर्ज घ्यायचे हाय?,तुम्हाला अर्ज करू शकता का कि नोकरी साठी कर्ज घ्यायचे आहे?,D4
बँक खाते खुलवले असती तर काय काय करायचे हाय नोकरी साठी?,बँक खाते खुलवले असते तर काय काय करायचे आहे नोकरी साठी?,D4
मले व्हॉलेट खाते तयार करण्यासाठी किती काळ लागतो हाय?,मला व्हॉलेट खाते तयार करण्यासाठी किती काळ लागतो आहे?,D4
कर्जाची म्हाजी माहिती कुठे पोरग्याकडून मिळवावी लागते हाय?,कर्जाची माझी माहिती कुठे मुलाच्या मुलासारख्या काही तरी मिळवावी लागते आहे?,D4
मले UPI ID नोंदवण्यासाठी पायजे काय कागदपत्रे द्या लागन?,मला UPI ID नोंदवण्यासाठी पाहिजे काय कागदपत्रे द्यावी लागतील?,D4
बँकेतून क्रेडिट कार्ड कशाच्या नावावर द्यावी लागते हाय?,बँकेतून क्रेडिट कार्ड कशाच्या नावावर द्यावी लागतो आहे?,D4
मले EMI करण्यासाठी कायले म्हटले जाते हाय?,मला EMI करण्यासाठी कशामुळे म्हटले जाते आहे?,D4
अर्जासाठी माथून काय आवश्यकता आहे हाय?,अर्जासाठी मधून काय आवश्यकता आहे?,D4
मले केवळ KYC करण्यासाठी करवतत काय काळ लागतो हाय?,मला केवळ KYC करण्यासाठी करून घेतात काय काळ लागतो आहे?,D4
मले बँकचा ATM कार्ड बदलण्यासाठी तुमाले काय पैसे द्यावी लागते हाय?,मला बँकचा ATM कार्ड बदलण्यासाठी तुम्हाला काय पैसे द्यावी लागतील?,D4
काही विलम्ब झाल्यास अर्जाची म्हाजी नोंद कशाला व्हावी हाय?,काही विलम्ब झाल्यास अर्जाची माझी नोंद कशाला व्हावी आहे?,D4
अर्जाचा निकाल पोरग्याला कुठे कळवावा लागतो हाय?,अर्जाचा निकाल मुलाला कुठे कळवावा लागतो आहे?,D4
मले शिकायले कर्ज घ्याच असन तर कुठ अर्ज करा लागन त्याची मायती मले कुठी भेटन त्यासाठी ऑनलाईन अर्ज करा लागन का?,"मला शिक्षणासाठी कर्ज घ्यायचे असेल तर कुठे अर्ज करावा लागेल, त्याची माहिती मला कुठे मिळेल? त्यासाठी ऑनलाईन अर्ज करावा लागेल का?",D4
"बँकेतून पीक कर्ज घ्यायचे हाय, काय काय कागदपत्रे द्या लागन?","बँकेतून पीक कर्ज घ्यायचे आहे, काय काय कागदपत्रे द्यावी लागतील?",D4
मले क्रेडिट कार्ड प्राप्त करायचे असन तर कुठ जावे लागन?,मला क्रेडिट कार्ड प्राप्त करायचे असेल तर कुठे जावे लागेल?,D4
पोरगा काय काय फायदे म्हाजी क्रेडिट कार्ड प्राप्ती करायचे असन?,मुलगा काय काय फायदे माझ्या क्रेडिट कार्ड प्राप्तीसाठी आहेत?,D4
बँकेतून EMI ची व्याज दर किती असते हाय?,बँकेतून EMI ची व्याज दर किती आहे?,D4
तुमाले UPI च्या माध्यमातून किती पैसे प्राप्त करू शकतात हाय?,तुम्हाला UPI च्या माध्यमातून किती पैसे प्राप्त करू शकतात?,D4
मले काय काय कागदपत्रे द्या लागन क्रेडिट कार्ड अर्जी करायचे असन?,मला काय काय कागदपत्रे द्यावी लागतील क्रेडिट कार्ड अर्जीसाठी?,D4
"बँकेतून पोरग्या खाती प्राप्त करायचे हाय, काय काय कागदपत्रे द्या लागन?","बँकेतून मुलाच्या खाती प्राप्त करायचे आहे, काय काय कागदपत्रे द्यावी लागतील?",D4
मले काय काय फायदे म्हाजी डेबिट कार्ड प्राप्ती करायचे असन?,मला काय काय फायदे माझ्या डेबिट कार्ड प्राप्तीसाठी आहेत?,D4
बँकेतून KYC कागदपत्रे कुठी भेटन हाय?,बँकेतून KYC कागदपत्रे कुठे मिळतात?,D4
मले व्यक्तिगत लोन पाठवण्यासाठी अर्ज करा लागन असेल तर कुठे भेटन त्याची मायती म्हाजी काय?,मला व्यक्तिगत लोन पाठवण्यासाठी अर्ज करावा लागेल तर कुठे भेटू शकतो? त्याची माहिती मला काय आहे?,D4
क्रेडिट कार्ड शेपूट करण्यासाठी मला तुमाले काय कागदपत्रे द्या लागन?,क्रेडिट कार्ड शेपूट करण्यासाठी मला तुम्हाला काय कागदपत्रे द्यावी लागतील?,D4
"पोरग्यांना शिक्षणासाठी स्कॉलरशिप द्यायचे हाय, मला त्याची मायती कुठी भेटन?","पोरग्यांना शिक्षणासाठी स्कॉलरशिप द्यायचे आहे, मला त्याची माहिती कुठे मिळेल?",D4
बँकेतून व्यवसाय कर्ज घ्यायचे म्हाले असेल तर कुठे ऑनलाईन अर्ज करा लागन?,बँकेतून व्यवसाय कर्ज घ्यायचे असेल तर मला कुठे ऑनलाईन अर्ज करावा लागेल?,D4
मले पॅन कार्ड शेपूट करा लागन असेल तर कुठे भेटन त्याची मायती म्हाजी काय?,मला पॅन कार्ड शेपूट करावा लागेल तर कुठे भेटू शकतो? त्याची माहिती मला काय आहे?,D4
अगदी वाईट काय होऊ द्या लागन काय काय कागदपत्रे द्या लागन म्हाले?,अगदी वाईट काय होऊ द्यावे लागेल काय काय कागदपत्रे द्यावी लागतील?,D4
बँकेतून होम लोन पाठवण्यासाठी मला तुमाले काय कागदपत्रे द्या लागन?,बँकेतून होम लोन पाठवण्यासाठी मला तुम्हाला काय कागदपत्रे द्यावी लागतील?,D4
मले UPI पेमेंट करा लागन असेल तर कुठे ऑनलाईन करा लागन असेल?,मला UPI पेमेंट करावा लागेल तर कुठे ऑनलाईन करावा लागेल?,D4
काय करवतत हाय त्या बाबतीत मला काय म्हाजी काय म्हाले?,काय करून घेतात त्या बाबतीत मला काय आहे? काय करायचे आहे?,D4
काय पायजे हाय तुमाले व्यवसाय कर्ज घ्यायचे असेल तर कुठे ऑनलाईन अर्ज करा लागन?,काय पाहिजे ते तुम्हाले व्यवसाय कर्ज घ्यायचे असेल तर कुठे ऑनलाईन अर्ज करावा लागेल?,D4
तुमाले EMI ची माहिती मले कुठी भेटन त्याची साथी तुम्हाला हाय?,तुम्हाला EMI ची माहिती माझी कुठे मिळेल? त्याची साथी तुम्हाला आहे का?,D4
"पोरगा क्रेडिट कार्ड म्हाजी कुठे मिळेल, काय काय कागदपत्रे द्या लागन पोरगा?","मुलगा क्रेडिट कार्ड माझ्या कुठे मिळेल, काय काय कागदपत्रे द्यावी लागतील मुलगांना?",D4
"हाय, म्हाजी काय काय बँक खाते खुल्या लागन पोरगा हाय?","आहे, माझ्या काय काय बँक खाते खुल्ले लागतील मुलगांना?",D4
"मले KYC प्रोसेस कुठे फॉलो करा लागन, तुम्हाले हाय काय काय कागदपत्रे द्या लागन?",मला KYC प्रोसेस कुठे फॉलो करावा लागतो? तुम्हाला आहे काय काय कागदपत्रे द्यावी लागतील?,D4
"पोरगा UPI ची माहिती मले कुठी भेटन, त्याची साथी पोरगा हाय?","मुलगा UPI ची माहिती माझी कुठे मिळेल, त्याची साथी मुलगांना आहे का?",D4
"मले लोन रिपेमेंट तुम्हाले करा लागन, काय काय म्हाजी प्रोसेस हाय?","मला लोन रिपेमेंट तुम्हाला करावा लागतो, काय काय माझी प्रोसेस आहे?",D4
"हाय, बँकेतून EMI ची माहिती मले कुठी भेटन, त्याची साथी म्हाजी पोरगा हाय?","आहे, बँकेतून EMI ची माहिती माझी कुठे मिळेल, त्याची साथी मुलगांना आहे का?",D4
"पोरगा क्रेडिट शो दाखवा लागन, काय काय म्हाजी कागदपत्रे द्या लागन पोरगा?","मुलगा क्रेडिट शो दाखवावा लागतो, काय काय माझी कागदपत्रे द्यावी लागतील मुलगांना?",D4
"मले पीक कर्ज तुम्हाले घ्यायचे म्हाजी काय काय कागदपत्रे द्या लागन, हाय?","मला पीक कर्ज तुम्हाला घ्यायचे माझ्या, काय काय कागदपत्रे द्यावी लागतील, आहे?",D4
"अर्जासाठी ऑनलाईन पोरग्यांना नोंदणी करावी लागन हाय, पोरग्यांनी म्हाजी कार्ड व्याजासाठी चुकीची जाहिराते पाहिल्या का?","अर्जासाठी ऑनलाइन मुलांना नोंदणी करावी लागेल आहे, मुलांनी माझ्या कार्ड व्याजासाठी चुकीची जाहिराते पाहिल्या का?",D4
क्रेडिट कार्ड पायज्या व्याजासाठी पोरग्यांनी कुठे संपर्क करा लागन हाय?,क्रेडिट कार्ड पाहिज्या व्याजासाठी मुलांनी कुठे संपर्क करावा लागेल आहे?,D4
"तुमाले KYC करवतत कश्या काढता असता हाय, मले काय करायला पाहिजे?","तुम्हाला KYC करून घेतात कशी काढतात आहे, मला काय करावे लागते?",D4
"मले म्हाले ऑनलाईन बँकिंग सुविधा नोंदणी करावी लागन हाय, पोरग्यांना काय सांगावे?","मला ऑनलाइन बँकिंग सुविधा नोंदणी करावी लागते आहे, मुलांना काय सांगावे?",D4
बँकिंग सुविधा तुमाले म्हाजी कश्या देणारी आहे हाय?,बँकिंग सुविधा तुम्हाला माझी कशी देणारी आहे आहे?,D4
पोरग्यांच्या शिक्षणासाठी EMI पायज्या काढतात का हाय?,मुलांच्या शिक्षणासाठी EMI पाहिज्या काढतात का आहे?,D4
मले अर्जासाठी तुमाले पोरग्यांनी कश्या नावे नोंदणी करावी लागन हाय?,मला अर्जासाठी तुम्हाला मुलांनी कश्या नावे नोंदणी करावी लागेल आहे?,D4
UPI पायज्या करवतत कश्या काढता असता हाय?,UPI पाहिज्या करून घेतात कशी काढतात आहे?,D4
पोरग्यांनी बँकिंग सुविधा ऑनलाईन कश्या चालवता असता हाय?,मुलांनी बँकिंग सुविधा ऑनलाइन कशी चालवतात आहे?,D4
क्षयांत्रित कर्जाचे पोरग्यांनी काय काय कागदपत्रे द्या लागन हाय?,क्षयांत्रित कर्जाचे मुलांनी काय काय कागदपत्रे द्यावी लागतील आहे?,D4
मले UPI च्या माध्यमातून क्रेडिट कार्डमधून पैसे भेटवा लागन पोरग्यासाठी पोरगा कुठे अर्ज करा लागन?,मला UPI च्या माध्यमातून क्रेडिट कार्डमधून पैसे भेटवा लागतील मुलग्यासाठी मुलगा कुठे अर्ज करावा लागतील?,D4
बँकेतून म्हाजी काय काय कागदपत्रे द्या लागन पीक कर्ज घ्यायचे आहे हाय?,बँकेतून माझी काय काय कागदपत्रे द्यावी लागतील पीक कर्ज घ्यायचे आहे आहे?,D4
"तुमाले काय काय कागदपत्रे द्या लागन हाय, क्रेडिट कार्डमधून PPI पैसे भेटवा लागन?",तुम्हाला काय काय कागदपत्रे द्यावी लागतील आहे क्रेडिट कार्डमधून PPI पैसे भेटवा लागतील?,D4
कोणीही मला कायले ऑनलाईन EMI च्या माध्यमातून कर्ज घ्यायचे आहे की नाही?,कोणीही मला कशामुळे ऑनलाईन EMI च्या माध्यमातून कर्ज घ्यायचे आहे की नाही?,D4
मले KYC कगदपत्रे द्या लागन कुठे अर्ज करा लागन त्याची मायती म्हाजी कुठी भेटन?,"मला KYC कागदपत्रे द्यावी लागतील कुठे अर्ज करावा लागेल, त्याची माहिती माझी कुठे मिळेल?",D4
"तुमाले शिकायले कर्ज घ्यायचे आहे हाय, काय काय कागदपत्रे द्या लागन?",तुम्हाला शिक्षणासाठी कर्ज घ्यायचे आहे आहे काय काय कागदपत्रे द्यावी लागतील?,D4
बँकेतून म्हाजी काय काय कागदपत्रे द्या लागन PPI पैसे भेटवा लागन?,बँकेतून माझी काय काय कागदपत्रे द्यावी लागतील PPI पैसे भेटवा लागतील?,D4
कोणीही मला कायले ऑनलाईन EMI च्या माध्यमातून कर्ज घ्यायचे आहे हाय का?,कोणीही मला कशामुळे ऑनलाईन EMI च्या माध्यमातून कर्ज घ्यायचे आहे आहे का?,D4
"मले शिकायले कर्ज घ्यायचे आहे हाय, म्हाजी काय काय कागदपत्रे द्या लागन?",मला शिक्षणासाठी कर्ज घ्यायचे आहे आहे माझी काय काय कागदपत्रे द्यावी लागतील?,D4
बँकेतून तुमाले काय काय कागदपत्रे द्या लागन पीक कर्ज घ्यायचे आहे हाय?,बँकेतून तुम्हाला काय काय कागदपत्रे द्यावी लागतील पीक कर्ज घ्यायचे आहे आहे?,D4
मले UPI च्या माध्यमातून PPI पैसे भेटवा लागन पोरग्यासाठी पोरगा कुठे अर्ज करा लागन?,मला UPI च्या माध्यमातून PPI पैसे भेटवा लागतील मुलग्यासाठी मुलगा कुठे अर्ज करावा लागतील?,D4
मले क्रेडिट कार्ड सारखे पोरगे तुमाले वापरू लागले काय?,मला क्रेडिट कार्ड सारखे कार्ड तुम्हाला वापरू लागले काय?,D4
बँकेतून हाय काय प्रकारची कर्जे म्हाजी पाहिजे लागन?,बँकेतून काय प्रकारची कर्जे माझी पाहिजे लागतील?,D4
मले EMI कशामुळे कमी होऊ द्यावी लागन?,मलाला EMI कशामुळे कमी होऊ द्यावी लागणार?,D4
"तुमाले UPI का करून घेतात, मले वापरू लागले नाही?","तुम्हाला UPI का करून घेतात, मला वापरू लागले नाही?",D4
क्रेडिट कार्डवर EMI काय प्रकारचे म्हाजी पाहिजे लागन?,क्रेडिट कार्डवर EMI काय प्रकारचे माझी पाहिजे लागतील?,D4
बँकेकडून काय कर्जे मलाले घ्यावी लागन?,बँकेकडून काय कर्जे मला घ्यावी लागणार?,D4
काय म्हाजी पाहिजे लागन त्याची मायती मले कुठी भेटन?,काय माझी पाहिजे लागतील त्याची माहिती मला कुठे मिळेल?,D4
तुमाले काय कागदपत्रे द्या लागन बँकेतून कर्ज घेताना?,तुम्हाला काय कागदपत्रे द्यावी लागतील बँकेतून कर्ज घेताना?,D4
मले काय प्रकारची कर्जे हाय तुमाले घ्याले लागले?,मलाला काय प्रकारची कर्जे आहेत तुम्हाला घ्याले लागले?,D4
बँकेतून EMI कमी कशामुळे होऊ द्यावी लागन?,बँकेतून EMI कमी कशामुळे होऊ द्यावी लागणार?,D4
"मले व्हिडिओ कॅमरा खरेदी करायले पैसे उधार घ्याच असन, काय प्रकारे बँकेतून कर्ज मिळेल?",मला व्हिडिओ कॅमरा खरेदी करायचे असेल तर पैसे उधार घ्यायचे असेल तर काय प्रकारे बँकेतून कर्ज मिळेल?,D4
कोणत्या बँकेतून EMI चा कर्ज मिळेल ते मले कायले काय कारणे आहेत?,कोणत्या बँकेतून EMI चा कर्ज मिळेल ते मला कशामुळे आहेत?,D4
बँकेतून लोन प्रकरणात माझ्या पोरगाला काय सांगावय करवतत हाय?,बँकेतून लोन प्रकरणात माझ्या मुलाला काय सांगावे करून घेतात हे आहे?,D4
व्यावसायिक बँकेमध्ये माझ्या स्टॉक ट्रेडिंगसाठी काय प्रकारे कर्ज मिळेल म्हाजी?,व्यावसायिक बँकेमध्ये माझ्या स्टॉक ट्रेडिंगसाठी काय प्रकारे कर्ज मिळेल माझी?,D4
तुम्ही या बँकेतून UPI चा कर्ज भरल्याच्या तारीखी काय प्रकारे नमूद केले असतील?,तुम्ही या बँकेतून UPI चा कर्ज भरल्याच्या तारीखी काय प्रकारे नमूद केले असतील?,D4
बँकेतून डेबिट कार्ड शॉपिंग कसे करावय तुमच्या बँकेच्या माहिती काय आहे?,बँकेतून डेबिट कार्ड शॉपिंग कसे करावे तुमच्या बँकेच्या माहिती काय आहे?,D4
कोणत्या प्रकारच्या बँकेच्या KYC नियमानुसार मला काय कागदपत्र द्यावय पायजे?,कोणत्या प्रकारच्या बँकेच्या KYC नियमानुसार मला काय कागदपत्र द्यावे पाहिजे?,D4
तुमाले बँकेच्या वेबसाइटवरून ऑनलाईन लोन अर्ज कशी भरावय तुमच्या बँकेच्या सोबती कसे संपर्क करा लागन?,तुम्हाला बँकेच्या वेबसाइटवरून ऑनलाईन लोन अर्ज कशी भरावे तुमच्या बँकेच्या सोबती कसे संपर्क करावा लागेल?,D4
कोणत्या बँकेमध्ये कार्यालयातून कर्ज किती पैसे उधार देतात ते मले कायले मल्या कारणे काय आहेत?,कोणत्या बँकेमध्ये कार्यालयातून कर्ज किती पैसे उधार देतात ते मला कशामुळे आहेत मल्या कारणे काय आहेत?,D4
मले वेतनाचे खाते खुला करायचे असे तर ऑनलाईन का करणे पोरगा,मला वेतनाचे खाते खुले करायचे असेल तर ऑनलाइन का करावे लागते?,D4
क्रेडिट कार्ड म्हाजी कुठी पोरगा म्हाले जातो आहे सांगा लागन?,माझ्याकडे क्रेडिट कार्ड कुठे जातो हे मला कळेल का?,D4
तुमाले बँक पासबुक म्हाले तुम्हाला मिळणे पोरगा हाय?,तुम्हाला बँक पासबुक मिळते का आणि माझ्याकडे कुठे जातो हे तुम्हाला कळेल का?,D4
काय काय कर्ज म्हाजी हाय सांगा लागन त्याची मायती मले कुठी भेटन त्यासाठी ऑनलाईन अर्ज करा लागन?,काय काय कर्ज माझे आहे हे सांगावे लागते आणि त्याची माहिती मला कुठे मिळेल? त्यासाठी ऑनलाईन अर्ज करावा लागतो का?,D4
कसे करा लागन तुमाले EMI पोरगा हाय मले शिकायले?,कसे करावे लागते तुम्हाला EMI पोरगा आहे हे मला कळेल का?,D4
तुमाले बँक काय काय कागदपत्रे द्याले पोरगा हाय मले?,तुम्हाला बँकेत काय काय कागदपत्रे द्यावी लागतात हे मला कळेल का?,D4
मले बँकिंग खाते खुला करायचे असे तर तुमाले काय सांगा लागन पायजे,मला बँकिंग खाते खुले करायचे असेल तर तुम्हाला काय सांगावे लागते?,D4
काय काय KYC म्हाजी हाय सांगा लागन त्याची मायती मले कुठी भेटन त्यासाठी ऑनलाईन अर्ज करा लागन?,काय काय KYC माझे आहे हे सांगावे लागते आणि त्याची माहिती मला कुठे मिळेल? त्यासाठी ऑनलाईन अर्ज करावा लागतो का?,D4
काय काय व्याज दर म्हाजी हाय मले जाणून घ्या लागन पोरगा,काय काय व्याज दर माझे आहे हे मला कळेल का?,D4
मले डेबिट कार्ड म्हाले पोरगा म्हाजी कुठी भेटतो हाय?,माझ्याकडे डेबिट कार्ड कुठे जातो हे मला कळेल का?,D4
मले शिकायले कर्ज घ्याच असन तर कुठ अर्ज करा लागन त्याची मायती मले कुठी भेटन त्यासाठी ऑनलाईन अर्ज करा लागन का?,"मला शिक्षणासाठी कर्ज घ्यायचे असेल तर कुठे अर्ज करावा लागेल, त्याची माहिती मला कुठे मिळेल? त्यासाठी ऑनलाईन अर्ज करावा लागेल का?",D4
तुमाले हा क्रेडिट कार्ड सापडतो का? मला हा कार्ड कुठे भेटतो?,तुम्हाला हा क्रेडिट कार्ड सापडला का? मला हा कार्ड कुठे मिळेल?,D4
मले उधाराची रक्कम परत द्यायले काय काय करावे लागन?,मला उधाराची रक्कम परत द्यावी लागते; काय काय करावे लागते?,D4
"बँकेतून पीक कर्ज घ्यायचे हाय, काय काय कागदपत्रे द्या लागन?","बँकेतून पीक कर्ज घ्यायचे आहे, काय काय कागदपत्रे द्यावी लागतील?",D4
मले हा EMI ची वाटप करणे कशाला लागन?,मला हा EMI ची वाटप कशी करावी लागते?,D4
काय म्हणजे KYC प्रक्रिया? मला हा प्रक्रिया कुठे शिकायचा पोरगा?,काय म्हणजे KYC प्रक्रिया? मला ही प्रक्रिया कुठे शिकावी लागते?,D4
मले या UPI पेमेंट ची प्रक्रिया माथून समजत नाही,मला या UPI पेमेंट ची प्रक्रिया मधून समजत नाही,D4
तुमाले माझ्या खात्यावर पायजे काय रक्कम डबावी लागन?,तुम्हाला माझ्या खात्यावर पाहिजे काय रक्कम डबावी लागते?,D4
मले या बँक खात्यात जाण्यासाठी काय काय कागदपत्रे द्या लागन?,मला या बँक खात्यात जाण्यासाठी काय काय कागदपत्रे द्यावी लागतील?,D4
मले शेतकऱ्यांना कर्ज देण्यात आलेल्या योजना कशाला लागन?,मला शेतकऱ्यांना कर्ज देण्यात आलेल्या योजना कशी घ्यावी लागते?,D4
मले क्रेडिट कार्ड प्राप्त करायचे असण तर कुठेच कार्ड विचार करा लागन?,मला क्रेडिट कार्ड प्राप्त करावे असेल तर कुठेच कार्ड विचार करावा लागेल?,D4
मले UPI तंत्रज्ञानाचा वापर करू नये का पोरगा क्रेडिट कार्ड वापरतात तुमाले?,मला UPI तंत्रज्ञानाचा वापर करू नये का मुलगा क्रेडिट कार्ड वापरतात तुम्हाला?,D4
मले KYC प्रक्रिया पूर्ण करायची असण तर कुठेच शाखेची मायती मले कुठी भेटन?,मला KYC प्रक्रिया पूर्ण करावी असेल तर कुठेच शाखेची माहिती मला कुठे मिळेल?,D4
बँकेच्या EMI यंत्रणेमधून मले पोरगा कर्जाची मायती कुठेच कायम पाहिजे?,बँकेच्या EMI यंत्रणेमधून मला मुलगा कर्जाची माहिती कुठे कायम पाहिजे?,D4
तुमाले काय काय कागदपत्रे द्या लागन शेतकऱ्यांना पीक कर्जाची मायती करवतत?,तुम्हाला काय काय कागदपत्रे द्यावी लागतील शेतकऱ्यांना पीक कर्जाची माहिती करून घेतात?,D4
मले जातीची शिक्षा करायची असण तर बँकेतून काय कार्ड विचार करा लागन?,मला जातीची शिक्षा करावी असेल तर बँकेतून काय कार्ड विचार करावा लागेल?,D4
मले कुठेच UPI पेमेंट करायचे असण तर काय कागदपत्रे द्या लागन?,मला कुठेच UPI पेमेंट करावे असेल तर काय कागदपत्रे द्यावी लागतील?,D4
मले काय कार्ड वापरतात बँकेच्या कर्ज प्रक्रियेमधून कायले?,मला काय कार्ड वापरतात बँकेच्या कर्ज प्रक्रियेमधून कशामुळे?,D4
मले बँकेतून EMI यंत्रणा कशी कार्यान्वित करायची असण तर ऑनलाईन काय कागदपत्रे द्या लागन?,मला बँकेतून EMI यंत्रणा कशी कार्यान्वित करावी असेल तर ऑनलाईन काय कागदपत्रे द्यावी लागतील?,D4
मले शेतकऱ्यांना पीक कर्जाची मायती कुठेच करवतत काय कागदपत्रे द्या लागन?,"मला शेतकऱ्यांना पीक कर्जाची माहिती कुठे करून घेतात, काय कागदपत्रे द्यावी लागतील?",D4
मले क्रेडिट कार्ड वापरायचे असल तर तुमाले काय काय सावधान्याने करावे लागन?,मला क्रेडिट कार्ड वापरायचे असेल तर तुम्हाला काय काय सावधान्याने करावे लागतील?,D4
काय तुमाले एका दिवसात EMI च्या पैसे चालू होण्यासाठी अर्ज करा लागतात हाय?,काय तुम्हाला एका दिवसात EMI च्या पैसे चालू होण्यासाठी अर्ज करावा लागतात आहे?,D4
बँकेतून म्हाजी खाती उघडायची असेल तर तुमाले काय काय कागदपत्रे द्या लागन हाय?,बँकेतून माझी खाती उघडायची असेल तर तुम्हाला काय काय कागदपत्रे द्यावी लागतील?,D4
मले UPI चा वापर करायचे असल तर तुमाले काय काय शिकून घ्या लागन?,मला UPI चा वापर करायचा असेल तर तुम्हाला काय काय शिकून घ्यावे लागतील?,D4
"स्टॉक मार्केटमध्ये निवेश करायचे हाय, काय प्रकारे तुमाले ग्रोह तयार करा लागन?","स्टॉक मार्केटमध्ये निवेश करायचे आहे, काय प्रकारे तुम्हाले ग्रोह तयार करावा लागतील?",D4
तुमाले एका वर्षात सेविंग्ज खाती ओपन करा लागन हाय?,तुम्हाला एका वर्षात सेविंग्ज खाती ओपन करावी लागतील आहे?,D4
काय तुमाले म्हाजी आयटीओनक्रेडिट कार्ड हाती घ्या लागन हाय?,काय तुम्हाला माझी आयटीओनक्रेडिट कार्ड हाती घ्यावी लागतील?,D4
मले KYC अपडेट करायचा असल तर तुमाले काय प्रकारची कागदपत्रे द्या लागन?,मला KYC अपडेट करायचा असेल तर तुम्हाला काय प्रकारची कागदपत्रे द्यावी लागतील?,D4
बँकेतून पोरगा खाती उघडायची असेल तर तुमाले काय काय कागदपत्रे द्या लागन हाय?,बँकेतून मुलगा खाती उघडायची असेल तर तुम्हाला काय काय कागदपत्रे द्यावी लागतील?,D4
काय तुमाले फ्री चार्जिंग पॉइंट तयार करा लागतात हाय?,काय तुम्हाला फ्री चार्जिंग पॉइंट तयार करावी लागतात आहे?,D4
मले क्रेडिट कार्ड ची व्याज दर वाचण्यासाठी ऑनलाईन जावे लागन का?,मला क्रेडिट कार्डची व्याज दर वाचण्यासाठी ऑनलाईन जावे लागेल का?,D4
"हाय, मल्याकडे कोणता क्रेडिट कार्ड असेल तर तुम्हाला किती कोटी रुपये म्हाजी व्याजी वापरायचे पाहिजे?","आहे, मलाकडे कोणता क्रेडिट कार्ड असेल तर तुम्हाला किती कोटी रुपये माझी व्याजी वापरायचे पाहिजे?",D4
तुम्हाले उधोगाची सुरुवात करायची आहे तर कोणत्या बँकेच्या शाखेत जावे लागन का?,तुम्हाला उधोगाची सुरुवात करायची आहे तर कोणत्या बँकेच्या शाखेत जावे लागेल का?,D4
काय करण्यासाठी काही नावे असेल तर तुम्हाला कोणत्या बँकेला जावे लागन पोरगा?,काय करण्यासाठी काही नावे असेल तर तुम्हाला कोणत्या बँकेला जावे लागेल मुलगा?,D4
मल्याकडे व्याजी राशी वाचून देण्यासाठी कोणत्या बँकेच्या सेल्फ सेविंग क्लबमध्ये जावे लागन का?,मलाकडे व्याजी राशी वाचून देण्यासाठी कोणत्या बँकेच्या सेल्फ सेविंग क्लबमध्ये जावे लागेल का?,D4
"हाय, कर्जाच्या भरण्यासाठी कोणत्या बँकेचे मोबाइल बँकिंग ऐप डाउनलोड करायचे पाहिजे?","आहे, कर्जाच्या भरण्यासाठी कोणत्या बँकेचे मोबाइल बँकिंग ऐप डाउनलोड करावे लागेल?",D4
मल्याकडे कोणत्या बँकेच्या कार्डले असेल तर तुम्हाले कोणत्या बँकेच्या एटीएममधून पैसे घ्यावे लागन का?,मलाकडे कोणत्या बँकेच्या कार्डले असेल तर तुम्हाला कोणत्या बँकेच्या एटीएममधून पैसे घ्यावे लागेल का?,D4
कोणत्या बँकेच्या ऑनलाइन बँकिंग सेवेचे पासवर्ड बदलण्यासाठी काय करावे लागते हाय?,कोणत्या बँकेच्या ऑनलाइन बँकिंग सेवेचे पासवर्ड बदलण्यासाठी काय करावे लागते आहे?,D4
तुम्हाले कोणत्या बँकेच्या चेकबुकमधून पैसे काढून घ्यावे लागन क्याले?,तुम्हाला कोणत्या बँकेच्या चेकबुकमधून पैसे काढून घ्यावे लागतील कशामुळे?,D4
कोणत्या बँकेच्या लोन सेल्फ असेल तर तुम्हाला किती कोटी रुपये म्हाजी व्याजी वापरायचे पाहिजे हाय?,कोणत्या बँकेच्या लोन सेल्फ असेल तर तुम्हाला किती कोटी रुपये माझी व्याजी वापरायचे पाहिजे आहे?,D4
मले क्रेडिट कार्ड म्हाजी नोंदणी केली आहे पायजे मल्या पासून चाचणी घ्याली लागन?,मला क्रेडिट कार्ड माझी नोंदणी केली आहे पाहिजे मल्या पासून चाचणी घ्यावी लागेल का?,D4
बँकेकडून म्हाले EMI सूट म्हाजी मिळते हाय कुठे अर्ज करा लागन?,बँकेकडून मला EMI सूट माझी मिळते आहे कुठे अर्ज करावा लागेल?,D4
काय काय कागदपत्रे द्या लागन तुम्हाले UPI पेमेंट म्हाजी करयाची हाय?,काय काय कागदपत्रे द्यावी लागतील तुम्हाला UPI पेमेंट माझी करावी लागेल का?,D4
मले म्हाजी खाती योग्य आहे पायजे मल्या म्हाजी बँकिंग अकाउंट पोरग्या म्हाजी केले पाहिजे?,मला माझी खाती योग्य आहे पाहिजे मल्या माझी बँकिंग अकाउंट मुलग्या माझी केली पाहिजे?,D4
काय काय शुल्के द्या लागन तुमाले डेबिट कार्ड म्हाजी मिळते हाय?,काय काय शुल्के द्यावी लागतील तुम्हाला डेबिट कार्ड माझी मिळते आहे का?,D4
"बँकेतून म्हाले कृषी कर्ज म्हाजी मिळते हाय, काय कागदपत्रे द्या लागन?",बँकेतून मला कृषी कर्ज माझी मिळते आहे काय कागदपत्रे द्यावी लागतील?,D4
मले KYC प्रोफाइल वर्गणी म्हाजी मिळाली आहे पायजे मल्या म्हाजी बँकिंग सेवा पोरग्या म्हाजी हाय?,मला KYC प्रोफाइल वर्गणी माझी मिळाली आहे पाहिजे मल्या माझी बँकिंग सेवा मुलग्या माझी आहे का?,D4
काय काय विहितप्रमाणे कागदपत्रे द्या लागन तुमाले पेमेंट ट्रॅकिंग म्हाजी करयाची हाय?,काय काय विहितप्रमाणे कागदपत्रे द्यावी लागतील तुम्हाला पेमेंट ट्रॅकिंग माझी करावी लागेल का?,D4
मले म्हाजी पॅन कार्ड म्हाले नोंदणी केली आहे पायजे मल्या पासून चाचणी घ्याली लागन?,मला माझी पॅन कार्ड मला नोंदणी केली आहे पाहिजे मल्या पासून चाचणी घ्यावी लागेल का?,D4
"बँकेतून म्हाले EMI कर्ज म्हाजी मिळते हाय, काय काय कागदपत्रे द्या लागन?",बँकेतून मला EMI कर्ज माझी मिळते आहे काय कागदपत्रे द्यावी लागतील?,D4
काय काय कागदपत्रे द्या लागन तुम्हाले रुपे म्हाजी व्याजाने मिळते हाय?,काय काय कागदपत्रे द्यावी लागतील तुम्हाला रुपे माझी व्याजाने मिळते आहे का?,D4
मले शिकायले कर्ज घ्याच असन तर कुठ अर्ज करा लागन त्याची मायती मले कुठी भेटन त्यासाठी ऑनलाईन अर्ज करा लागन का?,"मला शिक्षणासाठी कर्ज घ्यायचे असेल तर कुठे अर्ज करावा लागेल, त्याची माहिती मला कुठे मिळेल? त्यासाठी ऑनलाईन अर्ज करावा लागेल का?",D4
"बँकेतून पीक कर्ज घ्यायचे हाय, काय काय कागदपत्रे द्या लागन?","बँकेतून पीक कर्ज घ्यायचे आहे, काय काय कागदपत्रे द्यावी लागतील?",D4
कोणी मले क्रेडिट कार्ड दिले असले तर काय तो करा लागन?,कोणी मला क्रेडिट कार्ड दिले असेल तर काय त्या बाबतीत करावा लागेल?,D4
"काय काय व्यवसायासाठी फणसे लागणार नं हाय, मले फणसे निकाला लागन?",काय काय व्यवसायासाठी फणसे लागतील? मला फणसे निकाली लागतील?,D4
"काय काय शिक्षणासाठी आर्थिक मदत मिळते हाय, मले जाण्यासाठी मिती कुठी द्या लागन?",काय काय शिक्षणासाठी आर्थिक मदत मिळते? मला जाण्यासाठी मिती कुठे द्यावी लागेल?,D4
कोणी माझ्या खात्यातून पैसे काढा लागन त्याची मायती मले कुठी कळन?,कोणी माझ्या खात्यातून पैसे काढण्याची बाबतीत मला काय माहिती दिली पाहिजे?,D4
"काय काय मी बँकेतून UPI लागणार नं हाय, मले काय करा लागन?",काय काय मी बँकेतून UPI लागणार नाही? मला काय करावे लागेल?,D4
काय काय सोन्याच्या कागदांनी काय काय तपासा लागन?,काय काय सोन्याच्या कागदांचा तपासा केला पाहिजे?,D4
"काय काय मला बँकेतून EMI लागणार नं हाय, मले काय करा लागन?",काय काय मला बँकेतून EMI लागणार नाही? मला काय करावे लागेल?,D4
काय काय कोणी या बँकेतून KYC पूर्ण केले असले तर काय तो करा लागन?,काय काय कोणी या बँकेतून KYC पूर्ण केले असेल तर काय त्या बाबतीत करावा लागेल?,D4
मले यकूण क्रेडिट कार्ड भरण्यासाठी ऑनलाईन बँकींग सुविधा वापरा लागन त्यासाठी पायजे आहे का?,"मला यकूण क्रेडिट कार्ड भरण्यासाठी ऑनलाइन बँकिंग सुविधा वापरावी लागेल, त्यासाठी पाहिजे आहे का?",D4
"मले एकदा वर्षी EMI च्या क्रेडिट कार्ड परती म्हाजी देयके भरण्यासाठी पोरगा हाय, पायजे मला या म्हाले काय करूं?","मला एकदा वर्षी EMI च्या क्रेडिट कार्ड परतीच्या देयके भरण्यासाठी माझ्या पोरगा आहे, पाहिजे मला या मला काय करावे?",D4
मले व्यावसायिक खाती उघडण्यासाठी काय कागदपत्रे द्या लागन हाय?,मला व्यावसायिक खाती उघडण्यासाठी काय कागदपत्रे द्यावी लागतील आहे?,D4
मले या नमुन्याचा KYC फॉर्म पूर्ण करण्यासाठी माथून कुठी भेटन?,मला हा नमुन्याचा KYC फॉर्म पूर्ण करण्यासाठी मधून कुठे भेटणे?,D4
"मले या व्यावसायिक खाती वरून शेतकरी क्रेडिट कार्ड घ्यायचे हाय, काय कागदपत्रे द्या लागन?","मला या व्यावसायिक खाती वरून शेतकरी क्रेडिट कार्ड घ्यायचे आहे, काय कागदपत्रे द्यावी लागतील?",D4
"मले या बँकेतून UPI पेमेंट करण्यासाठी पोरगा हाय, काय करूं?","मला या बँकेतून UPI पेमेंट करण्यासाठी माझा पोरगा आहे, काय करावे?",D4
मले या क्रेडिट कार्ड वरून EMI चे भरण्यासाठी काय पायजे मला हाय?,मला या क्रेडिट कार्ड वरून EMI चे भरण्यासाठी काय पाहिजे मला आहे?,D4
"मले बँकेतून शिक्षणासाठी कर्ज घ्यायचे हाय, काय कागदपत्रे द्या लागन?","मला बँकेतून शिक्षणासाठी कर्ज घ्यायचे आहे, काय कागदपत्रे द्यावी लागतील?",D4
"मले या व्यावसायिक खाती वरून शेतकरी कर्ज घ्यायचे हाय, काय कागदपत्रे द्या लागन?","मला या व्यावसायिक खाती वरून शेतकरी कर्ज घ्यायचे आहे, काय कागदपत्रे द्यावी लागतील?",D4
"मले बँकेतून पीक कर्ज घ्यायचे हाय, काय कागदपत्रे द्या लागन?","मला बँकेतून पीक कर्ज घ्यायचे आहे, काय कागदपत्रे द्यावी लागतील?",D4
"मले या ऑनलाईन बँकींग सुविधा वरून EMI चे भरण्यासाठी पोरगा हाय, पायजे मला या म्हाले काय करूं?","मला या ऑनलाइन बँकिंग सुविधा वरून EMI चे भरण्यासाठी माझा पोरगा आहे, पाहिजे मला या मला काय करावे?",D4
बँकेतून क्रेडिट कार्ड वापरून खर्च करायचे हाय मले कशा होतील?,"बँकेतून क्रेडिट कार्ड द्वारे खर्च करायचे आहे, मला काय होईल?",D4
मले शिकायले कर्ज घ्याच असन तुम्हाले कोणती बँकची सर्व्हिसेस सुचवा लागन?,मला शिक्षणासाठी कर्ज घ्यायचे असेल तर तुम्हाला कोणत्या बँकेची सेवा सुचवावी लागतील?,D4
मले तुमाले EMI ची माहिती कशाला आहे हाय?,"मला तुमच्याकडे EMI ची माहिती कशी आहे, आहे?",D4
क्रेडिट कार्ड अर्ज करायचे हाय मले तुम्हाले कोणत्या बँकेतून करा लागन?,"क्रेडिट कार्ड अर्ज करायचे आहे, मला तुम्हाला कोणत्या बँकेतून करावे लागेल?",D4
मले बँकेची माहिती मला काय पोरगा विचारा लागन?,"मला बँकेची माहिती कशी मिळेल, मला कोण विचारावे लागतील?",D4
बँकेतून UPI चा पेमेंट करायचे हाय मले कशा होतील?,"बँकेतून UPI चा पेमेंट करायचे आहे, मला काय होईल?",D4
तुमाले मले KYC करा लागन्या कागदपत्रे कुठे द्या लागन?,तुम्हाला मला KYC करावे लागणार्‍या कागदपत्रे कुठे द्यावी लागतील?,D4
बँकेच्या सेवांची माहिती मले कोणाला विचारा लागन?,बँकेच्या सेवांची माहिती मला कोणाकडे विचारावे लागतील?,D4
मले तुम्हाले EMI ची राशी कशाला होतील हाय?,"मला तुमच्याकडे EMI ची रक्कम कशी होईल, आहे?",D4
बँकेतून पीक कर्ज चा पेमेंट करायचे हाय मले काय होतील?,"बँकेतून पीक कर्ज चा पेमेंट करायचे आहे, मला काय होईल?",D4
क्रेडिट कार्डचा आहे आणि स्विच ऑफ करण्यासाठी तो ऑनलाईन साईटवर जायचे मले कुठी पाहिजे?,क्रेडिट कार्डाचा आहे आणि स्विच ऑफ करण्यासाठी तो ऑनलाईन साईटवर जायचे माझी कुठे माहिती आहे?,D4
"मले बँकेतून लोन घ्यायचे हाय, तो काय काय कागदपत्रे द्या लागन असेल?","मला बँकेतून लोन घ्यायचे आहे, तो काय काय कागदपत्रे द्यावे लागतील असेल?",D4
तुमच्या बँक खात्यातून पैसे ट्रान्सफर करण्यासाठी तो काय म्हणजे?,तुमच्या बँक खात्यातून पैसे ट्रान्सफर करण्यासाठी तो काय म्हणजे?,D4
अर्थिक सेवांच्या खात्यातून पैसे काढण्यासाठी तुमाले ऑनलाईन प्रोसेस काय करावा लागन?,अर्थिक सेवांच्या खात्यातून पैसे काढण्यासाठी तुम्हाला ऑनलाईन प्रोसेस काय करावी लागेल?,D4
पोरग्याच्या नावे बँक अकाउंट तयार करण्यासाठी काय काय प्रक्रिया पाहिजे,मुलाच्या नावे बँक अकाउंट तयार करण्यासाठी काय काय प्रक्रिया पाहिजे?,D4
नकदी कर्जचे पोरोग्या वयानुसार किती पैसे द्या लागतील?,नकदी कर्जचे मुलाच्या वयानुसार किती पैसे द्यावे लागतील?,D4
बँक खात्यातून पैसे ट्रान्सफर करण्यासाठी कोणत्या कागदपत्रे द्या लागन?,बँक खात्यातून पैसे ट्रान्सफर करण्यासाठी कोणत्या कागदपत्रे द्यावी लागतील?,D4
मले पीक कर्जाच्या योजनेतून किती पैसे मिळणार?,मला पीक कर्जाच्या योजनेतून किती पैसे मिळणार?,D4
बँकेतून क्रेडिट कार्ड लावण्यासाठी काय काय प्रक्रिया पाहिजे,बँकेतून क्रेडिट कार्ड लावण्यासाठी काय काय प्रक्रिया पाहिजे?,D4
UPI सेवा काढण्यासाठी काय काय कागदपत्रे द्या लागन?,UPI सेवा काढण्यासाठी काय काय कागदपत्रे द्यावी लागतील?,D4
बँक खात्यातून पैसे ट्रान्सफर करण्यासाठी कोणत्या बँकेच्या सेवा पाहिजे?,बँक खात्यातून पैसे ट्रान्सफर करण्यासाठी कोणत्या बँकेच्या सेवा पाहिजे?,D4
"क्रेडिट कार्डसाठी अर्ज करण्या लागण्या वाटते हाय, मले ऑनलाईन कुठून अर्ज करा लागन?",क्रेडिट कार्डसाठी अर्ज करण्याची वेळ आली आहे आणि मला ऑनलाईन कुठून अर्ज करावा लागतो?,D4
काय माहिती मले कुठे द्या लागन बँकेत क्रेडिट कार्ड प्रोसेसिंग केल्या काय?,काय माहिती मला बँकेत क्रेडिट कार्ड प्रोसेसिंग केल्यावर कुठे द्यावी लागते?,D4
"तुमाले UPI असल्या काय, UPI च्या मदतीने फक्त रुपये ट्रान्सफ़र करवतत हाय!",तुम्हाला UPI असेल का? UPI च्या मदतीने फक्त रुपये ट्रान्सफ़र करून घेतात हे आहे!,D4
मले काय माहिती तुम्ही EMI च्या मदतीने कर्ज देतात पोरगाला हाय!,मला माहीत नाही की तुम्ही EMI च्या मदतीने मुलाला कर्ज देता का?,D4
"क्रेडिट कार्डसाठी अर्ज करण्या लागण्या वाटते हाय, पोरगाला कुठून अर्ज करा लागन?",क्रेडिट कार्डसाठी अर्ज करण्याची वेळ आली आहे आणि मुलाला ऑनलाईन कुठून अर्ज करावा लागतो?,D4
मलाला KYC अपडेट केल्यावर कर्ज कायम पायजे हाय?,मला KYC अपडेट केल्यावर कर्ज कायम दिले जाते का?,D4
अर्थदात्यांकी शिकायले कर्ज द्यावा लागण त्याची मायती बँकेच्या वेबसाइटवरच असेल काय?,"अर्थदात्यांकित शिकायले कर्ज द्यावे लागेल, त्याची माहिती बँकेच्या वेबसाइटवर कसे मिळेल?",D4
"बँकेतून सावधानी कर्ज घ्यायचे हाय, तर तेव्हा काय काय पाहिजे?","बँकेतून सावधानी कर्ज घ्यायचे आहे, तर तेव्हा काय काय पाहिजे?",D4
"क्रेडिट कार्ड स्वीकारल्यास, त्याची काय ची व्याज दर पाळन?","क्रेडिट कार्ड स्वीकारल्यास, त्याची काय ची व्याज दर पाळणार?",D4
तुमाले काय करून काय कागदपत्रे भरतात का?,तुम्हाला काय करून काय कागदपत्रे भरावेत का?,D4
काय काय डाक्युमेंट्स द्यावा लागन त्याची मायती तुमाले कोणत्या ठिकाणी भेटन त्यासाठी?,काय काय डाक्युमेंट्स द्यावे लागले त्याची माहिती तुम्हाला कोणत्या ठिकाणी मिळेल त्यासाठी?,D4
काय म्हणजे UPI पेमेंट? मले काय काय कामी आहे?,काय म्हणजे UPI पेमेंट? मला काय काय कामी आहे?,D4
"क्रेडिट स्कोरवर काय दखवले जाते, तर मले काय काय कामी आहे?","क्रेडिट स्कोरवर काय दाखवले जाते, तर मला काय काय कामी आहे?",D4
"अर्थदात्यांकित EMI काय असते, काय काय भाव द्यावा लागतात?","अर्थदात्यांकित EMI काय असते, काय काय भाव द्यावे लागतात?",D4
"बँकेच्या KYC कागदपत्रे कुठे आहेत, मले कुठी भेटन त्यासाठी?","बँकेच्या KYC कागदपत्रे कुठे आहेत, मला कुठी मिळतील त्यासाठी?",D4
"क्रेडिट कार्ड स्वीकारल्यास, त्याची काय ची व्याज दर पाळन, मले काय काय कामी आहे?","क्रेडिट कार्ड स्वीकारल्यास, त्याची काय ची व्याज दर पाळणार, मला काय काय कामी आहे?",D4
मले शिकायले कर्ज घ्याच असन तर कुठ अर्ज करा लागन त्याची मायती मले कुठी भेटन त्यासाठी ऑनलाईन अर्ज करा लागन का?,"मला शिक्षणासाठी कर्ज घ्यायचे असेल तर कुठे अर्ज करावा लागेल, त्याची माहिती मला कुठे मिळेल? त्यासाठी ऑनलाईन अर्ज करावा लागेल का?",D4
क्रेडिट कार्डचे चालू करण्यासाठी ऑनलाईन अर्ज करा लागन का?,क्रेडिट कार्डचे चालू करण्यासाठी ऑनलाइन अर्ज करावा लागेल का?,D4
"बँकेतून पीक कर्ज घ्यायचे हाय, काय काय कागदपत्रे द्या लागन?","बँकेतून पीक कर्ज घ्यायचे आहे, काय काय कागदपत्रे द्यावी लागतील?",D4
मले UPI सेवांना सुरुवात करण्यासाठी कुठी निवड आहे का?,मला UPI सेवांना सुरुवात करण्यासाठी कुठे निवड आहे का?,D4
पोरगा तुमाले EMI साठी अर्ज करा लागन तुम्हाला?,मुलगा तुम्हाला EMI साठी अर्ज करावा लागेल का?,D4
"हाय, म्हाले ह्याच्या खात्याजवळ क्रेडिट स्कोर लहान आहे हाय, काय काय करण्यास पाहिजे?","आहे, मला ह्याच्या खात्याजवळ क्रेडिट स्कोर लहान आहे, काय काय करावे लागतील?",D4
मले बँकिंग सेवांचा वापर करण्यासाठी तुमाले काय काय अर्ज करा लागन?,मला बँकिंग सेवांचा वापर करण्यासाठी तुम्हाला काय काय अर्ज करावे लागतील?,D4
बँकेतून प्रिन्सिपल आणि इंटरेस्ट साठी काय काय द्या लागन?,बँकेतून प्रिन्सिपल आणि इंटरेस्ट साठी काय काय द्यावी लागतील?,D4
मले डिजिटल पेमेंट सेवांना सुरुवात करण्यासाठी कुठी निवड आहे का?,मला डिजिटल पेमेंट सेवांना सुरुवात करण्यासाठी कुठे निवड आहे का?,D4
कायले मले बँकिंग सेवांचा वापर करण्यासाठी अर्ज करा लागन म्हाजी?,कशामुळे मला बँकिंग सेवांचा वापर करण्यासाठी अर्ज करावा लागेल माझी?,D4
क्रेडिट कार्डवर EMI ची माहिती मले कुठी द्यावी लागन?,क्रेडिट कार्डवर EMI ची माहिती मला कुठे मिळेल?,D4
अर्ज करण्यासाठी माझ्या आयकर कॅम्प व्हिडिओ कोणत्या बँकेच्या वेबसाइटला स्टेपला भेटुन द्या लागन हाय?,अर्ज करण्यासाठी माझे आयकर कॅम्प व्हिडिओ कोणत्या बँकेच्या वेबसाइटला स्टेपला भेटून द्यावे लागेल आहे?,D4
"तुमाले UPI ही कसे भेटुन घेता हाय, मले योग्य प्रकारे वापरायचे शिकायले?","तुम्हाला UPI कसे भेटून घेतात, मला योग्य प्रकारे वापरायचे शिकायला आहे?",D4
काय काय कागदपत्रे द्या लागन तुम्हाले स्टँप डीलरासाठी शाळेतील पोरग्याले क्रेडिट कार्ड कुठे भेटुन द्या लागन?,काय काय कागदपत्रे द्यावी लागतील तुम्हाला स्टँप डीलरला शाळेतील मुलाला क्रेडिट कार्ड कुठे भेटून द्यावे लागेल?,D4
"अर्ज नाकारण्याची मायले कायले हाय, मले तुम्हाला पुढील वेळी कोणत्या बँकेच्या स्टोरला भेटायचा प्रस्ताव लागन?","अर्ज नाकारण्याची माहिती कशामुळे आहे, मला तुम्हाला पुढील वेळी कोणत्या बँकेच्या स्टोरला भेटायचा प्रस्ताव लागत आहे?",D4
पायजे माझ्या बँक खात्यातून UPI ची सुविधा कोणत्या वेळी चालू करा लागन हाय?,पाहिजे माझ्या बँक खात्यातून UPI ची सुविधा कोणत्या वेळी चालू करावी लागेल आहे?,D4
काय काय कागदपत्रे द्या लागन तुम्हाले बँकेतून पीक कर्ज घ्यायचे हाय?,काय काय कागदपत्रे द्यावी लागतील तुम्हाला बँकेतून पीक कर्ज घ्यायचे आहे?,D4
मले KYC फोटो आणि व्हिडिओ पंजीकरण तुम्हाले कुठे ऑनलाईन भेटुन द्या लागन?,मला KYC फोटो आणि व्हिडिओ पंजीकरण तुम्हाला कुठे ऑनलाईन भेटून द्यावे लागेल?,D4
तुम्हाले कोणत्या बँकेच्या वेबसाइटला स्टेपला भेटुन EMI स्टेटमेंट मले कुठी भेटायचा प्रस्ताव लागन?,तुम्हाला कोणत्या बँकेच्या वेबसाइटला स्टेपला भेटून EMI स्टेटमेंट मला कुठे भेटायचा प्रस्ताव लागत आहे?,D4
"अर्ज म्हाले करावी लागन कुठे, काय काय कागदपत्रे द्या लागन तुम्हाले शिकायले कर्ज घ्यायचे हाय?","अर्ज करावी लागते कुठे, काय काय कागदपत्रे द्यावी लागतील तुम्हाला शिक्षणासाठी कर्ज घ्यायचे आहे?",D4
"मले स्टेट बँकेतून पीक कार्ड वाढवायचे हाय, काय काय कागदपत्रे द्या लागन?","मला स्टेट बँकेतून पीक कार्ड वाढवायचे आहे, काय काय कागदपत्रे द्यावी लागतील?",D4
म्हाजी बँक खात्यातून UPI लिंक केले आहे काय?,माझ्या बँक खात्यातून UPI लिंक केलेला आहे का?,D4
तुमाले EMI च्या सूची कुठे दाखवा लागन?,तुम्हाला EMI च्या सूची कुठे दाखवावी लागतील?,D4
मले क्रेडिट कार्ड ची वार्षिक शुल्क पोरगा दाखवतो काय?,मला क्रेडिट कार्ड ची वार्षिक शुल्क मुलगा दाखवतो का?,D4
बँक खात्यातून नकद पैसे निघतात काय?,बँक खात्यातून नकद पैसे निघतात का?,D4
"हाय, मला बँक पासबुक प्रिंट केला आहे काय?","आहे, मला बँक पासबुक प्रिंट केलेला आहे का?",D4
कायले मले क्रेडिट कार्ड ची लिमिट म्हाजी खात्यातून दाखवा लागन?,कशामुळे मला क्रेडिट कार्ड ची लिमिट माझ्या खात्यातून दाखवावी लागतील?,D4
मले बँक खात्यातून काय काय पैसे काढू शकतो?,मला बँक खात्यातून काय काय पैसे काढायचे आहेत?,D4
बँकेतून पोरगा सारखा कर्ज घेता येते काय?,बँकेतून मुलगा सारखा कर्ज घेता येतो का?,D4
क्रेडिट कार्ड ची वार्षिक शुल्क पायजे होते काय?,क्रेडिट कार्ड ची वार्षिक शुल्क पाहिजे होते का?,D4
तुमाले युनिव्हर्सल पेमेंट्स इंटरफेस (UPI) कसे चालू करावा लागन?,तुम्हाला युनिव्हर्सल पेमेंट्स इंटरफेस (UPI) कसे चालू करावा लागेल?,D4
क्रेडिट कार्डचा बिल भरायला मले फेसबुक वर चालू केलेला पेमेंट गेटवे कसे वापरावा लागन?,क्रेडिट कार्डचा बिल भरायला मला फेसबुक वर चालू केलेला पेमेंट गेटवे कसे वापरावा लागेल?,D4
मले खात्यावर क्रेडिट कार्ड द्यायचे असेल तर मल्याला काय काय कागदपत्रे द्या लागन?,मला खात्यावर क्रेडिट कार्ड द्यायचे असेल तर मलाला काय काय कागदपत्रे द्यावी लागतील?,D4
काय म्हणजे खात्यावर ईएमアイ (EMI) ची सेवा?,काय म्हणजे खात्यावर ईएमアイ (EMI) ची सेवा?,D4
"हाय, मल्याला काय व्यवसाय लाईस खाती चालू करावी लागन?","आहे, मलाला काय व्यवसाय लाईस खाती चालू करावी लागेल?",D4
मले खात्यावर केव्ही चालू करायचे असेल तर मल्याला काय काय कागदपत्रे द्या लागन?,मला खात्यावर केव्ही चालू करायचे असेल तर मलाला काय काय कागदपत्रे द्यावी लागतील?,D4
काय पोरगा लाईस खाती चालू करायची केली पाहिजे आणि काय कागदपत्रे द्यायची पाहिजे?,काय मुलगा लाईस खाती चालू करायची केली पाहिजे आणि काय कागदपत्रे द्यावी लागतील?,D4
बँकेतून काही पैसे उधारी घ्यायचे ते पोरग्यांनी कशा कश्या चालून कसे करावा लागन?,बँकेतून काही पैसे उधारी घ्यायचे ते मुलांनी कशा कश्या चालून कसे करावे लागेल?,D4
मल्याला खात्यावर चालू केलेल्या EMI मध्ये बदल कसा करावा लागन?,मलाला खात्यावर चालू केलेल्या EMI मध्ये बदल कसा करावा लागेल?,D4
काय म्हणजे खात्यावर KYC करायचे?,काय म्हणजे खात्यावर KYC करायचे?,D4
"हाय, मल्याला खात्यावर कोणत्या प्रकारच्या बँकची कार्ड द्यायचे असेल का?","आहे, मलाला खात्यावर कोणत्या प्रकारच्या बँकची कार्ड द्यायचे असेल का?",D4
बँकेतून EMI करावा लागन का? म्हणजे काय काय प्रकारे पैसे जमा करावा लागन?,बँकेतून EMI करावा लागेल का? म्हणजे काय काय प्रकारे पैसे जमा करावा लागतील?,D4
मले UPI लागू करण्यासाठी कुठे अर्ज करा लागन? तुम्हाला कुठे पैसे जमा करावा लागन?,मला UPI लागू करण्यासाठी कुठे अर्ज करावा लागेल? तुम्हाला कुठे पैसे जमा करावा लागतील?,D4
मले काय काय कागदपत्रे द्या लागन बँकेतून कोपरी कर्ज घ्यायचे हाय?,मला काय काय कागदपत्रे द्यावी लागतील बँकेतून कोपरी कर्ज घ्यायचे आहे?,D4
मले KYC पूर्ण करण्यासाठी कुठे जावा लागन? तुम्हाला कुठे जावा लागन?,मला KYC पूर्ण करण्यासाठी कुठे जावा लागेल? तुम्हाला कुठे जावा लागतील?,D4
मले कर्ज घ्यायचे असेल तर कुठे अर्ज करा लागन? तुम्हाला कुठे जावा लागन?,मला कर्ज घ्यायचे असेल तर कुठे अर्ज करावा लागेल? तुम्हाला कुठे जावा लागतील?,D4
"बँकेतून पीक कर्ज घ्यायचे हाय, काय काय कागदपत्रे द्या लागन? तुमाला काय काय करावे लागन?","बँकेतून पीक कर्ज घ्यायचे आहे, काय काय कागदपत्रे द्यावी लागतील? तुम्हाला काय काय करावे लागतील?",D4
मले शिकायले कर्ज घ्यायचे असन तर कुठे अर्ज करा लागन? तुम्हाला कुठे जावा लागन?,मला शिक्षणासाठी कर्ज घ्यायचे असेल तर कुठे अर्ज करावा लागेल? तुम्हाला कुठे जावा लागतील?,D4
"बँकेतून कोपरी कर्ज घ्यायचे हाय, काय काय कागदपत्रे द्या लागन? तुम्हाला काय काय करावे लागन?","बँकेतून कोपरी कर्ज घ्यायचे आहे, काय काय कागदपत्रे द्यावी लागतील? तुम्हाला काय काय करावे लागतील?",D4
मले UPI लागू करण्यासाठी कुठे अर्ज करा लागन? तुम्हाला काय काय करावे लागन?,मला UPI लागू करण्यासाठी कुठे अर्ज करावा लागेल? तुम्हाला काय काय करावे लागतील?,D4
"बँकेतून पीक कर्ज घ्यायचे हाय, काय काय कागदपत्रे द्या लागन? तुमहाला काय काय करावे लागन?","बँकेतून पीक कर्ज घ्यायचे आहे, काय काय कागदपत्रे द्यावी लागतील? तुम्हाला काय काय करावे लागतील?",D4
मले शिकायले कर्ज घ्याच असन तर कुठ अर्ज करा लागन त्याची मायती मले कुठी भेटन त्यासाठी ऑनलाईन अर्ज करा लागन का?,"मला शिक्षणासाठी कर्ज घ्यायचे असेल तर कुठे अर्ज करावा लागेल, त्याची माहिती मला कुठे मिळेल? त्यासाठी ऑनलाईन अर्ज करावा लागेल का?",D4
"बँकेतून पीक कर्ज घ्यायचे हाय, काय काय कागदपत्रे द्या लागन?","बँकेतून पीक कर्ज घ्यायचे आहे, काय काय कागदपत्रे द्यावी लागतील?",D4
मले क्रेडिट कार्ड साठी अर्ज करा लागन म्हाजी विश्वासू बँकेचे कुठे नाव म्हणाल का?,"मला क्रेडिट कार्डासाठी अर्ज करावा लागेल, मला विश्वासू बँकेचे कुठे नाव माहित असेल का?",D4
मले तुमाले EMI म्हणता काय? शहाणे म्हणाल तुम्ही म्हाळे,मला तुम्हाला EMI म्हणता काय? शहाणे म्हणाल तुम्ही मला सांगाल,D4
काय काय KYC कागदपत्रे द्या लागन त्याची पोरग्याला कुठे भेटन त्यासाठी?,काय काय KYC कागदपत्रे द्यावी लागतील त्याची माहिती मुलाला कुठे मिळेल?,D4
मले UPI पेमेंट साठी म्हाळे ऑनलाईन चालू ना त्याची मायती मले कुठी भेटन?,मला UPI पेमेंटसाठी ऑनलाईन चालू आहे का? त्याची माहिती मला कुठे मिळेल?,D4
हाय तुम्ही म्हाळे काय काय बँक खाते खुले करण्यासाठी कागदपत्रे द्या लागन?,आहे तुम्ही मला काय काय बँक खाते खुले करण्यासाठी कागदपत्रे द्यावी लागतील?,D4
मले म्हाळे काय काय लोन कागदपत्रे म्हणता काय? काय काय द्या लागन?,मला म्हणता काय लोन कागदपत्रे? काय काय द्यावी लागतील?,D4
मले पायजे तुम्ही हाय बँकेचे कोणते नाव म्हणाल का? त्याची मायती मले कुठी भेटन?,पाहिजे तुम्ही मला बँकेचे कोणते नाव माहित असेल का? त्याची माहिती मला कुठे मिळेल?,D4
काय तुमाले म्हाळे बँकेचे काय काय कागदपत्रे द्या लागन काय तुम्ही म्हणता?,काय तुम्हाला म्हणता? काय काय बँकेचे कागदपत्रे द्यावी लागतील?,D4
हाय बँकेचे काय सारे खाते पायजे? मले ऑनलाईन शॉपिंग करून रुपये उभारायचे आहेत.,आहे बँकेचे काय सारे खाते पाहिजे? मला ऑनलाईन शॉपिंग करून रुपये उभारायचे आहेत.,D4
तुमाले बँकेतून UPI सेवेसाठी कोणते कागदपत्रे द्या लागन?,तुम्हाला बँकेतून UPI सेवेसाठी कोणते कागदपत्रे द्यावी लागतील?,D4
कोणी कोणाच्या खात्याची KYC पुरवठा करावा लागन? हे बँकेचे कर्मचारी आहेत!,कोणी कोणाच्या खात्याची KYC पुरवठा करावी लागतील? हे बँकेचे कर्मचारी आहेत!,D4
मले म्हाजी EMI शोधण्यासाठी ऑनलाईन असणारे बँकेचे पोर्टल बघावे पोरगा!,मला माझी EMI शोधण्यासाठी ऑनलाईन असणारे बँकेचे पोर्टल बघावे मुलगा!,D4
तुमी क्रेडिट कार्डवर EMI ची सुविधा कुठे मिळते? हे बँकेचे मोबाइल ऐप आहे!,तुमी क्रेडिट कार्डवर EMI ची सुविधा कुठे मिळते? हे बँकेचे मोबाइल ऐप आहे!,D4
चुकीच्या खात्यावर EMI ची अदा करायची असेल तर म्हाजी काय करावे म्हाले?,चुकीच्या खात्यावर EMI ची अदा करायची असेल तर माझी काय करावी मला?,D4
काय तुमाले बँकेतून बाल गट सेवेसाठी अर्ज करावा लागन? हे बँकेचे पोर्टल आहे!,काय तुम्हाला बँकेतून बाल गट सेवेसाठी अर्ज करावा लागेल? हे बँकेचे पोर्टल आहे!,D4
मले कोणत्या बँकेतून प्राइवेट लॉंन लाभ घ्यायचे असेल कुठे अर्ज करावे लागन?,मला कोणत्या बँकेतून प्राइवेट लॉंन लाभ घ्यायचे असेल कुठे अर्ज करावे लागेल?,D4
मले क्रेडिट कार्ड वापरायचे असन तर तुमाले शुल्क किती पायजे पाहिजे?,मला क्रेडिट कार्ड वापरण्याची गरज असेल तर तुम्हाला शुल्क किती पाहिजे?,D4
"हाय, मला काही नाणे उधार करायचे असेल तर बँकेतून काय योग्य म्हाले?","हाय, मला काही पैसे उधार घेण्याची गरज असेल तर बँकेतून काय योग्य आहे?",D4
काय कागदपत्रे द्या लागन तुमाले कसा शाळेचे टायम टेबल क्रमांक प्राप्त करू शकता?,काय कागदपत्रे द्यावी लागतील तुम्हाला शाळेचे टायम टेबल क्रमांक कसे मिळवावे?,D4
मला UPI पेमेंट करायचे असन तर विचार करवतत कशा प्रकारे पेमेंट करू शकता?,मला UPI पेमेंट करण्याची गरज असेल तर ते कसे करावे?,D4
काय कागदपत्रे द्या लागन तुमाले कसा KYC पूर्ण करू शकता?,काय कागदपत्रे द्यावी लागतील तुम्हाला KYC कसे पूर्ण करावे?,D4
तुमाले EMI करायचे असन तर काय काय कागदपत्रे द्या लागन?,तुम्हाला EMI करण्याची गरज असेल तर काय काय कागदपत्रे द्यावी लागतील?,D4
मला म्हाजी व्यक्तिगत शुल्काची मायती तुमाले कुठी भेटन?,मला माझ्या व्यक्तिगत शुल्काची माहिती तुम्हाला कुठे मिळेल?,D4
"हाय, मला पोरगा शाळेत जायला जात असताना शाळेचे शुल्क किती पायजे पाहिजे?","हाय, मला मुलगा शाळेत जायला जात असताना शाळेचे शुल्क किती पाहिजे?",D4
काय कागदपत्रे द्या लागन तुमाले कसा व्यापार सुरू करू शकता?,काय कागदपत्रे द्यावी लागतील तुम्हाला व्यापार कसे सुरू करावे?,D4
मले शाळेत जायला जात असताना शाळेचे शुल्क काय कागदपत्रे द्या लागन?,मला शाळेत जायला जात असताना शाळेचे शुल्क काय कागदपत्रे द्यावी लागतील?,D4
मले शिकायले कर्ज घ्याच असन तर कुठ अर्ज करा लागन त्याची मायती मले कुठी भेटन त्यासाठी ऑनलाईन अर्ज करा लागन का?,"मला शिक्षणासाठी कर्ज घ्यायचे असेल तर कुठे अर्ज करावा लागेल, त्याची माहिती मला कुठे मिळेल? त्यासाठी ऑनलाईन अर्ज करावा लागेल का?",D4
"बँकेतून पीक कर्ज घ्यायचे हाय, काय काय कागदपत्रे द्या लागन?","बँकेतून पीक कर्ज घ्यायचे आहे, काय काय कागदपत्रे द्यावी लागतील?",D4
क्रेडिट कार्ड सारखे कोणते कार्ड पोरगा वापरन का,क्रेडिट कार्ड सारखे कोणते कार्ड मुलगा वापरतील का?,D4
तुमाले जीमी या खाती त्यातून पैसे काढण्यासाठी काय करावे लागन?,तुम्हाला जीमी या खाती त्यातून पैसे काढण्यासाठी काय करावे लागेल?,D4
काय काय पैसे जमा करण्यासाठी ऑनलाईन बँक पोरगा वापरन का,काय काय पैसे जमा करण्यासाठी ऑनलाईन बँक मुलगा वापरतील का?,D4
काय काय प्रमाणपत्रे म्हाजी द्या लागन बँकेचे खाती खुली करायची,काय काय प्रमाणपत्रे माझी द्यावी लागतील बँकेचे खाती खुली करायची?,D4
मले नोकरी त्यातून पैसे काढण्यासाठी काय करावे लागन?,मला नोकरी त्यातून पैसे काढण्यासाठी काय करावे लागेल?,D4
तुमाले पोरगा क्रेडिट कार्ड साठी काय प्रमाणपत्रे द्या लागन?,तुम्हाला मुलगा क्रेडिट कार्डसाठी काय प्रमाणपत्रे द्यावी लागतील?,D4
कोणते हाय काय कार्ड पोरगा त्यावरून पैसे काढू शकतात,कोणते आहे काय कार्ड मुलगा त्यावरून पैसे काढू शकतात?,D4
बँकेचे खाती खुली करण्यासाठी मले काय प्रमाणपत्रे द्या लागन?,बँकेचे खाती खुली करण्यासाठी मला काय प्रमाणपत्रे द्यावी लागतील?,D4
कर्जाचा EMI पायजे किती असणार?,क्रेडिटचा EMI पाहिजा किती असणार?,D4
मले शिकायले कर्ज घ्याच असन तर कुठ अर्ज करा लागन त्याची मायती मले कुठी भेटन त्यासाठी ऑनलाईन अर्ज करा लागन का?,"मला शिक्षणासाठी कर्ज घ्यायचे असेल तर कुठे अर्ज करावा लागेल, त्याची माहिती मला कुठे मिळेल? त्यासाठी ऑनलाईन अर्ज करावा लागेल का?",D4
तुमाले काय कागदपत्रे द्या लागन क्रेडिट कार्ड काढायले?,तुम्हाला काय कागदपत्रे द्यावी लागतील क्रेडिट कार्ड काढायला?,D4
मले स्टेट बँकेचा खाता पोरगा विकत घ्यायले आहे तर काय कागदपत्रे द्या लागन?,मला स्टेट बँकेचा खाता मुलगा विकत घ्यायचा आहे तर काय कागदपत्रे द्यावी लागतील?,D4
मला काय कागदपत्रे पाहिजे लागन क्रेडिटची काढायले?,मला काय कागदपत्रे पाहिजे लागतील क्रेडिट काढायला?,D4
क्रेडिटची KYC पूर्ण करावी लागन काय प्रक्रिया असणार?,"क्रेडिटची KYC पूर्ण करावी लागते, काय प्रक्रिया असणार?",D4
मले ऑनलाईन बँकिंग का करू शकत नाही?,मला ऑनलाईन बँकिंग का करू शकत नाही?,D4
मले लोन प्राप्ती झाल्यावर EMI पायजे काय असणार?,मला लोन प्राप्त झाल्यावर EMI पाहिजा काय असणार?,D4
बँकेतून UPI पोरगा सेट करायचे हाय,बँकेतून UPI मुलगा सेट करावा लागतो.,D4
मले क्रेडिट कार्ड काढायले आहे त्यासाठी काय प्रक्रिया असणार?,मला क्रेडिट कार्ड काढायला आहे त्यासाठी काय प्रक्रिया असणार?,D4
मले क्रेडिट कार्डची उधारी रोखायची असेल तर ऑनलाईन कुठे अर्ज करा लागन पायजे?,मला क्रेडिट कार्डची उधारी रोखायची असेल तर ऑनलाईन कुठे अर्ज करावा लागेल पाहिजे?,D4
"तुमाले शिक्षणासाठी कर्ज घ्यायचे हाय, काय कर्तव्ये काय कागदपत्रे द्या लागन?",तुम्हाला शिक्षणासाठी कर्ज घ्यायचे आहे; काय कर्तव्ये काय कागदपत्रे द्यावी लागतील?,D4
"मले बँकेत पीक कर्ज घ्यायचे हाय, काय कागदपत्रे द्या लागन पोरगा?",मला बँकेत पीक कर्ज घ्यायचे आहे; काय कागदपत्रे द्यावी लागतील मुलगा?,D4
तुमाले काय कागदपत्रे द्या लागन कुठे अर्ज करा लागन बँकेच्या कार्यालयात?,तुम्हाला काय कागदपत्रे द्यावी लागतील कुठे अर्ज करावा लागेल बँकेच्या कार्यालयात?,D4
मले पीक कर्ज देणाऱ्या बँकेची माहिती मले भेटन म्हाजी?,मला पीक कर्ज देणाऱ्या बँकेची माहिती माझी कुठे मिळेल?,D4
तुमाले क्रेडिट कार्डची उधारी रोखायची असेल तर काय कागदपत्रे द्या लागन?,तुम्हाला क्रेडिट कार्डची उधारी रोखायची असेल तर काय कागदपत्रे द्यावी लागतील?,D4
"बँकेतून कर्ज घ्यायचे हाय, काय कागदपत्रे द्या लागन काय कर्तव्ये?",बँकेतून कर्ज घ्यायचे आहे; काय कागदपत्रे द्यावी लागतील काय कर्तव्ये?,D4
मले क्रेडिट कार्डची उधारी रोखायची असेल तर काय कागदपत्रे द्या लागन तुमाले?,मला क्रेडिट कार्डची उधारी रोखायची असेल तर काय कागदपत्रे द्यावी लागतील तुम्हाला?,D4
"तुमाले शिक्षणासाठी कर्ज घ्यायचे हाय, काय कागदपत्रे द्या लागन म्हाले?",तुम्हाला शिक्षणासाठी कर्ज घ्यायचे आहे; काय कागदपत्रे द्यावी लागतील मला?,D4
"बँकेच्या कार्यालयात अर्ज करायचे हाय, काय कागदपत्रे द्या लागन ऑनलाईन अर्ज करायचे?",बँकेच्या कार्यालयात अर्ज करावा लागेल आहे; काय कागदपत्रे द्यावी लागतील ऑनलाईन अर्ज करावा लागेल?,D4
मले क्रेडिट कार्ड पोरग्याचे म्हाले वापरायले पोरग्याचे काय वाटेल?,मला क्रेडिट कार्डचे वापर करतांना माझ्या मुलाने काय वाटेल?,D4
"हाय, मले हायच्या खात्यातून EMI करावतात काय?","आहे, मला माझ्या खात्यातून EMI करावी लागते का?",D4
तुमाले UPI चा वापर करवतत काय?,तुम्हाला UPI चा वापर करून घेतात का?,D4
कायले क्रेडिट कार्ड खात्यातून हायचे पैसे जातात आणि ते पोरग्याचे पोरग्याला भेटतात,कशामुळे क्रेडिट कार्ड खात्यातून पैसे जातात आणि ते माझ्या मुलाला मिळतात?,D4
मले हायच्या खात्यातून EMI करावतात काय करवतत?,मला माझ्या खात्यातून EMI करावी लागते का करून घेतात?,D4
"हाय, मले शिकायले कर्ज घ्याच असन तर कुठ अर्ज करा लागन त्याची मायती मले कुठी भेटन","आहे, मला शिक्षणासाठी कर्ज घ्यायचे असेल तर कुठे अर्ज करावा लागेल, त्याची माहिती मला कुठे मिळेल?",D4
तुमाले क्रेडिट कार्ड पोरग्याचे वापरायले काय पायजे असतील त्यांच्या खात्यातून पैसे जातात,"तुम्हाला क्रेडिट कार्डचे वापर करतांना माझ्या मुलाचे काय वाटेल, खात्यातून पैसे जातात ते काय काय पाहिजेत?",D4
मले क्रेडिट कार्ड म्हाजी बँकेतून म्हाले प्राप्त केले असल्यास तुमाले काय अर्ज करा लागन?,मलाला क्रेडिट कार्ड माझ्या बँकेतून मिळाले असल्यास तुम्हाला काय अर्ज करावा लागेल?,D4
"मलांचा काय व्यासांग क्रेडिट कार्ड किंमत हाय, काय काय व्यवहार करा लागन?","मल्याचा काय व्यासांग क्रेडिट कार्ड किंमत आहे, काय काय व्यवहार करावे लागतील?",D4
मले EMI च्या म्हाजी यंत्रणा मला काय काय मायती द्या लागन?,मलाला EMI च्या माझ्या यंत्रणेमध्ये काय काय माहिती द्यावी लागतील?,D4
"बँकेतून म्हाजी काही प्रकारची कर्ज करवतत, म्हाले काय काय मायती द्या लागन?","बँकेतून माझ्या काही प्रकारच्या कर्ज केले जातात, मलाला काय काय माहिती द्यावी लागतील?",D4
मले UPI च्या म्हाजी प्रक्रिया करण्यासाठी पायजे तुमाले काही व्यवहार करा लागन?,मलाला UPI च्या माझ्या प्रक्रिया करण्यासाठी पाहिजे तुम्हाला काय काय व्यवहार करावे लागतील?,D4
"काय काय करण्याची काही कागदपत्रे म्हाजी बँकेतून द्या लागन, हाय?","काय काय करण्याची काही कागदपत्रे माझ्या बँकेतून द्यावी लागतील, आहे?",D4
"मले म्हाजी सावधानी सांगतो या KYC म्हाले प्राप्त करा लागन, पोरगा!","मलाला माझ्या सावधानी सांगतो या KYC मिळवा लागेल, मुलगा!",D4
मले काय काय कागदपत्रे द्या लागन त्यासाठी बँकेतून कार्ड म्हाजी द्या लागन?,मलाला काय काय कागदपत्रे द्यावी लागतील त्यासाठी बँकेतून कार्ड मिळवावे लागतील?,D4
"मले म्हाजी बँकेतून सामान्य तुमाले काय काय मायती द्या लागन, हाय?","मलाला माझ्या बँकेतून सामान्य तुम्हाला काय काय माहिती द्यावी लागतील, आहे?",D4
"मले क्रेडिट कार्ड चे KYC पूर्ण करवतत लागन, मला कुठी जावे लागन?","मला क्रेडिट कार्डचे KYC पूर्ण करून घेतात लागेल, मला कुठे जावे लागेल?",D4
तुमाले पोरगा किंवा स्त्रीच्या नावावर UPI अकाउंट कसे तयार करावे लागन?,तुम्हाला मुलाच्या किंवा स्त्रीच्या नावावर UPI अकाउंट कसे तयार करावे लागेल?,D4
मला EMI ची रक्कम पायजे असते का?,मला EMI ची रक्कम पाहिजे असते का?,D4
"मले बँकेतून पीक कर्ज घ्यायचे हाय, काय काय कागदपत्रे द्या लागन?","मला बँकेतून पीक कर्ज घ्यायचे आहे, काय काय कागदपत्रे द्यावी लागतील?",D4
तुमाले काय काय लांब कालीन UPI पेमेंट करवतत लागन?,तुम्हाला काय काय लांब कालीन UPI पेमेंट करून घेतात लागेल?,D4
मले काय काय बँक कार्ड शंभर चे शुल्क पूर्ण करवतत लागन?,मला काय काय बँक कार्ड शंभर चे शुल्क पूर्ण करून घेतात लागेल?,D4
काय काय कागदपत्रे द्या लागन तुमाले बँकेतून कर्ज घ्यायचे असते की नाही?,काय काय कागदपत्रे द्यावी लागतील तुम्हाला बँकेतून कर्ज घ्यायचे असतील की नाही?,D4
क्रेडिट कार्ड शंभर चे म्हाजी पोर्टलवर पेमेंट करवतत लागन का?,क्रेडिट कार्ड शंभर चे माझ्या पोर्टलवर पेमेंट करून घेतात लागेल का?,D4
"मले बँक कार्ड शंभर चे चालू करवतत लागन, काय काय प्रक्रिया आहे त्याची मायती मले कुठी भेटन?","मला बँक कार्ड शंभर चे चालू करून घेतात लागेल, काय काय प्रक्रिया आहे त्याची माहिती मला कुठे मिळेल?",D4
काय काय कागदपत्रे द्या लागन तुमाले बँकेतून पीक कर्ज घ्यायचे असते की नाही?,काय काय कागदपत्रे द्यावी लागतील तुम्हाला बँकेतून पीक कर्ज घ्यायचे असतील की नाही?,D4
मले विकास खात्याची क्रेडिट कार्ड लागण द्याच असन तर कुठ जावो लागन?,मला विकास खात्याची क्रेडिट कार्ड लागण द्यावी असेल तर कुठे जावे लागेल?,D4
शेतकऱ्यांना कुठे कृषी कर्जाची अंमलबजावणी करतात त्याची मायती मले कुठी भेटन,शेतकऱ्यांना कुठे कृषी कर्जाची अंमलबजावणी केली जाते त्याची माहिती मला कुठे मिळेल?,D4
"मले म्हाजी व्यक्तिगत लोन चालू करवतत, पायजे काय कागदपत्रे द्या लागन?","मल्या व्यक्तिगत लोनचा चालू करून घेतात, पाहिजे काय कागदपत्रे द्यावी लागतील?",D4
"ज्याला बँकिंग सेवा कायमची करवतत, त्याला काय काय विशेष फायदे मिळतात हाय?","ज्याला बँकिंग सेवा कायमची करून घेतात, त्याला काय काय विशेष फायदे मिळतात आहेत?",D4
"क्रेडिट कार्ड आणि डेबिट कार्डात काय काय फरक आहे हाय, त्याची कायले मले सांगा",क्रेडिट कार्ड आणि डेबिट कार्डात काय काय फरक आहे आहे? त्याची कशामुळे मला सांगा,D4
मले तुमाले नेटबँकिंगचा वापर केल्यास काय काय सवलती मिळन हाय?,मल्या तुम्हाला नेटबँकिंगचा वापर केल्यास काय काय सवलती मिळतात आहेत?,D4
ज्याचे डेबिट कार्ड ब्लॉक झाले आहे त्याने काय करावे का हाय?,ज्याचे डेबिट कार्ड ब्लॉक झाले आहे त्याने काय करावे आहे आहे?,D4
"मले हाय, मले शेतकऱ्यांसाठी कृषी कर्जाची योजना माहिती द्याच असन, कुठ जावो लागन?",मला आहे म्हणून मल्या शेतकऱ्यांसाठी कृषी कर्जाची योजना माहिती द्यावी असेल तर कुठे जावे लागेल?,D4
मले तुमाले स्टेटमेंट नेहमी म्हाजी खात्यावरच द्यावे पोरगा,मल्या तुम्हाला स्टेटमेंट नेहमी माझ्या खात्यावरच द्यावे मुलगा,D4
उपभोक्तांच्या सुरक्षिततेसाठी बँक काय काय पावले उचलतात हाय?,उपभोक्तांच्या सुरक्षिततेसाठी बँक काय काय पावले उचलतात आहेत?,D4
मले येण्याऱ्या महिन्यातील क्रेडिट कार्ड शुल्काने तरी पोरगा हाय काय काय काय करा लागन?,माझ्या येण्याऱ्या महिन्यातील क्रेडिट कार्ड शुल्काने तरी मुलगा काय काय काय करावा लागेल?,D4
मले हाय माझ्या बँक खात्यातून UPI च्या मदतीने भरण करा लागन?,मला आता माझ्या बँक खात्यातून UPI च्या मदतीने भरण करावा लागेल का?,D4
काय कायले मलेला त्या बँकेतून शेतकरी कर्ज किंवा पीक कर्ज मिळवणे ते पायजे असते?,काय कशामुळे मलाला त्या बँकेतून शेतकरी कर्ज किंवा पीक कर्ज मिळवले पाहिजे?,D4
मले कुठे काय शुल्काचा तपशील बघा लागन? त्यासाठी मले तुमाले कुठे भेटन?,माझ्या शुल्काचा तपशील कुठे बघावा लागेल? त्यासाठी मला तुम्हाला कुठे भेटावी लागेल?,D4
मले शेतकऱ्यांना कर्ज देण्यासाठी बँकेतील योजना काय आहे हाय?,मला शेतकऱ्यांना कर्ज देण्यासाठी बँकेतील योजना काय आहे?,D4
मले EMI टक्केवारी कमी होण्यासाठी काय करा लागन?,माझ्या EMI टक्केवारी कमी होण्यासाठी काय करावे लागेल?,D4
काय कायले मलेला बँकेतून शेती कर्ज मिळेल काय काय अटी लागन?,काय कशामुळे मलाला बँकेतून शेती कर्ज मिळेल काय काय अटी लागणार?,D4
मले येण्याऱ्या महिन्यातील क्रेडिट कार्ड भरणा शुल्काने तरी पोरगा हाय काय काय करा लागन?,माझ्या येण्याऱ्या महिन्यातील क्रेडिट कार्ड भरणा शुल्काने तरी मुलगा काय काय करावा लागेल?,D4
हाय माझ्या बँक खात्यातून KYC पूर्ण केले असल्या तरी मले काय काय कागदपत्रे द्या लागन?,मला आता माझ्या बँक खात्यातून KYC पूर्ण केले असल्या तरी मला काय काय कागदपत्रे द्यावी लागतील?,D4
मले बँकेतून शेतकरी कर्ज किंवा पीक कर्ज मिळवण्यासाठी काय काय अटी पायजे असते?,मलाला बँकेतून शेतकरी कर्ज किंवा पीक कर्ज मिळवण्यासाठी काय काय अटी लागणार?,D4
मले क्रेडिट कार्ड शिवाय असले तर कायले पोरगा काय करू शकेल?,मला क्रेडिट कार्ड नसल्यास कायले मुलगा काय करू शकेल?,D4
मले शेतकळीने EMI चे भाव म्हाजी काय आहा?,मल्या शेतकळीने EMI चा भाव माझा काय आहे?,D4
"बँकेतून लोन घ्यायचे हाय, पायजे मले काय कागदपत्रे द्या लागन?","बँकेतून लोन घ्यायचे आहे, पाहिजे मला काय कागदपत्रे द्यावी लागतील?",D4
मले UPI चा बिल शिवाय असले तर तुमाले काय करू शकतात?,मला UPI चा बिल नसल्यास तुम्हाला काय करू शकतात?,D4
मले KYC प्रमाणपत्र म्हाजी काय आहा?,मल्या KYC प्रमाणपत्रा माझा काय आहे?,D4
"बँकेतून पीक कर्ज घ्यायचे हाय, काय काय म्हाले करून घ्यावी लागतील?","बँकेतून पीक कर्ज घ्यायचे आहे, काय काय मला करून घ्यावी लागतील?",D4
मले व्याज दर म्हाजी काय आहा?,मल्या व्याज दरा माझा काय आहे?,D4
मले प्राधिकरणात संबंधित असले तर काय काय कागदपत्रे द्या लागन?,मला प्राधिकरणाशी संबंधित असल्यास काय काय कागदपत्रे द्यावी लागतील?,D4
"बँकेतून बिल्ट अप लोन घ्यायचे हाय, पायजे मले काय कागदपत्रे द्या लागन?","बँकेतून बिल्ट अप लोन घ्यायचे आहे, पाहिजे मला काय कागदपत्रे द्यावी लागतील?",D4
मले स्टँडअप लोन शिवाय असले तर तुमाले काय करू शकतात?,मला स्टँडअप लोन नसल्यास तुम्हाला काय करू शकतात?,D4
मले क्रेडिट कार्ड स्वाइप कुठी करा लागन?,मला क्रेडिट कार्ड स्वाइप कुठे करावा लागेल?,D4
तुम्हाले काय कागदपत्रे द्या लागन त्यांची विचारा करा लागन?,तुम्हाला काय कागदपत्रे द्यावी लागतील त्यांची विचार करावी लागेल?,D4
मला UPI चालविण्यासाठी काय प्रक्रिया करावी लागन?,मला UPI चालविण्यासाठी काय प्रक्रिया करावी लागेल?,D4
काय कायते हाय की पोरग्यांना स्वीकारली जाणार नाही त्या पोरग्यांचे काय करू शकते?,काय कारण आहे की मुलांसाठी स्वीकारली जात नाही ते मुले काय करू शकतात?,D4
तुमाले काय किंमती पेमेंट करा लागन त्याची मायती कुठी भेटन?,तुम्हाला काय किंमती पेमेंट करावी लागेल त्याची माहिती कुठे मिळेल?,D4
मले काय ईएमआयची राशी काय प्रकारे भरता येईल?,मला काय ईएमआयची राशी काय प्रकारे भरावी लागेल?,D4
हाय काय कागदपत्रे द्या लागन त्यांची मायती मले कुठी भेटन?,आहे काय कागदपत्रे द्यावी लागतील त्यांची माहिती मला कुठे मिळेल?,D4
काय कायले मलाला KYC पूर्ण करावी लागन?,काय कारण आहे मलाला KYC पूर्ण करावी लागेल?,D4
मले बँकेतून पीक कर्ज कुठी अर्ज करा लागन?,मला बँकेतून पीक कर्ज कुठे अर्ज करावा लागेल?,D4
काय तुमाले EMI ची राशी काय प्रकारे भरता येईल?,काय तुम्हाला EMI ची राशी काय प्रकारे भरावी लागेल?,D4
मले क्रेडिट कार्ड द्यावा लागन म्हाजी खाती पोरगा खाती सुद्धा द्यावा लागन काय?,"मला क्रेडिट कार्ड द्यावा लागेल, माझ्या खाती आणि माझ्या पोरगा खाती सुद्धा द्यावा लागेल काय?",D4
मले बँकेचे नेटबँकिंग सुविधा कसे वापरावी माथून मी काय करावा लागन?,"मला बँकेचे नेटबँकिंग वापरण्याचे कसे शिकायचे आहे, मला माथून काय करावे लागते?",D4
"मले शिकायले कर्ज घ्यावा लागन, पायजे मला काय करावे लागन त्याची मायती मले कुठी भेटन?",मला शिक्षणासाठी कर्ज घ्यावे लागते; पाहिजे मला काय करावे लागते त्याची माहिती मला कुठे मिळेल?,D4
कायले अर्ज करायचे असेल तर कुठेच अर्ज करा लागन काय?,कशामुळे अर्ज करायचे आहे तर कुठे अर्ज करावा लागते?,D4
"मले डेबिट कार्ड द्यावा लागन, पायजे मला काय करावा लागन त्याची मायती मले कुठी भेटन?",मला डेबिट कार्ड द्यावे लागते; पाहिजे मला काय करावे लागते त्याची माहिती मला कुठे मिळेल?,D4
मले बँकेच्या वेबसाइटवर चालू करावी लागते काय?,मला बँकेच्या वेबसाइटवर चालू करावे लागते काय?,D4
"मले पीक कर्ज घ्यायचे हाय, काय काय कागदपत्रे द्या लागन?",बँकेतून पीक कर्ज घ्यायचे आहे; काय काय कागदपत्रे द्यावी लागतील?,D4
तुमाले बँकेचे खाती चालू करावी लागते काय?,तुम्हाला बँकेचे खाती चालू करावे लागते काय?,D4
"मले EMI द्यावी लागन, पायजे मला काय करावा लागन त्याची मायती मले कुठी भेटन?",मला EMI द्यावे लागते; पाहिजे मला काय करावे लागते त्याची माहिती मला कुठे मिळेल?,D4
कायले व्यवहार करायचे असेल तर कुठेच व्यवहार करा लागन काय?,कशामुळे व्यवहार करायचे आहे तर कुठे व्यवहार करावा लागते?,D4
मले नोकरी साठी खाती उघडायची असती तर कुठे जायला पाहिजे?,मला नोकरी साठी खाती उघडायची असेल तर कुठे जावे लागेल?,D4
मले EMI ची रक्कम पायजे असती काय?,मल्या EMI ची रक्कम कशी पाहिजे?,D4
अर्ज करतांना कोणत्या तपशिलांची मायती द्यावी लागतील?,अर्ज करतांना कोणत्या तपशिलांची माहिती द्यावी लागतील?,D4
अर्ज करतांना काय कागदपत्रे द्या लागन?,अर्ज करतांना काय कागदपत्रे द्यावी लागतील?,D4
मले UPI कर्ड दिले नाही तर काय करू शकतो?,मला UPI कर्ड दिले नाही तर काय करावे शकतो?,D4
मले क्रेडिट कार्ड साठी अर्ज केला असता तर त्याची मायती मले कुठी भेटू शकतो?,मला क्रेडिट कार्ड साठी अर्ज केला असेल तर त्याची माहिती मला कुठे मिळेल?,D4
कुठे KYC केले जातात?,कुठे KYC केले जातात?,D4
मले चुकली रक्कम तिथून परत मिळेल काय?,मल्या चुकली रक्कम तिथून परत मिळेल का?,D4
मले कुठे बँक खाती उघडता येईल?,मला कुठे बँक खाती उघडायची आहे?,D4
मले तुमाले शिक्षा कर्ज लावल्यावर काय कागदपत्रे द्यावी लागतील?,मला तुम्हाला शिक्षा कर्ज लावल्यासाठी काय कागदपत्रे द्यावी लागतील?,D4
"अर्जाची पूर्ण मायती मले ऑनलाईन साईटवर वाचली लागली, हाय म्हणजे तुमाले अर्ज कशाचा केला लागला?","अर्जाची पूर्ण माहिती मला ऑनलाईन साईटवर वाचली लागली, आहे तुम्हाला अर्ज कशाचा केला?",D4
जावे लागेल काय कागदपत्रे आणि म्हाजी क्रेडिट कार्डची म्हाले कुठी तयार करा लागन?,जावे लागतील काय कागदपत्रे आणि माझी क्रेडिट कार्डची मला कुठे तयार करावी लागणार?,D4
कसे म्हाले EMI ची रकमा वाढविण्याचा काय तुमाले केला लागला?,कशासाठी मला EMI ची रकमा वाढविण्याचा केला लागला?,D4
कर्जाच्या रकमेची पूर्ण मायती मले तुमाले कुठी काढा लागन?,कर्जाच्या रकमेची पूर्ण माहिती मला तुम्हाला कुठे काढली?,D4
अर्जासाठी काय कागदपत्रे तुमाले द्या लागली म्हाजी पात्र व्यक्ती आहे काय?,अर्जासाठी काय कागदपत्रे तुम्हाला द्यावी लागली म्हणून मला पात्र व्यक्ती आहे का?,D4
काय म्हाले KYC पात्र नसता तर त्याची देखरेख कोणाला लागेल?,काय मला KYC पात्र नसता तर त्याची देखरेख कोणाला लागेल?,D4
म्हाजी पोरगा संगणकावर online banking सुविधा कुठी काढा लागन?,माझा मुलगा संगणकावर online banking सुविधा कुठे काढली लागेल?,D4
कर्जाच्या रकमेची रकमा वाढविण्याच्या वेळी काय कागदपत्रे तुमाले द्या लागन?,कर्जाच्या रकमेची रकमा वाढविण्याच्या वेळी काय कागदपत्रे तुम्हाला द्यावी लागतील?,D4
म्हाजी पोरगा संगणकावर UPI सुविधा कुठी काढा लागन?,माझा मुलगा संगणकावर UPI सुविधा कुठे काढली लागेल?,D4
अर्जासाठी काय कागदपत्रे तुमाले द्या लागली म्हाजी पात्र नसता तर काय करावे लागन?,अर्जासाठी काय कागदपत्रे तुम्हाला द्यावी लागली म्हणून मला पात्र नसता तर काय करावे लागेल?,D4
मले क्रेडिट कार्ड बदलायले काय काय कागदपत्रे द्या लागन?,मला क्रेडिट कार्ड बदलतांना काय काय कागदपत्रे द्यावी लागतील?,D4
काय नेट बँकिंग वापरायले पायजे? तुमाले कुठे पासवर्ड भूलले असणार?,काय नेट बँकिंग वापरणे पाहिजे? तुम्हाला कुठे पासवर्ड भूलला असणार?,D4
"मले ट्रान्सॅक्शन हाय, मले कुठे पैसे गेले आहेत हाय?","मला ट्रान्सॅक्शन आहे, मला कुठे पैसे गेले आहेत आहेत?",D4
"मले बँकेतून नॅक डेबिट कार्ड वापरायले माथून, काय काय कागदपत्रे द्या लागन?","मला बँकेतून नॅक डेबिट कार्ड वापरतांना, काय काय कागदपत्रे द्यावी लागतील?",D4
मले लोन चुकावल्याची मायती मले कुठी पाहण्याच पोरगा?,मला लोन चुकावल्याची माहिती मला कुठे पाहण्याचा मुलगा?,D4
काय UPI वापरायले पायजे? मले कुठल्या बँकेचा वापर करतो हाय?,काय UPI वापरणे पाहिजे? मला कुठल्या बँकेचा वापर करतो आहे?,D4
मले EMI चुकाल्याची मायती मले कुठी पाहण्याच पोरगा?,मला EMI चुकावल्याची माहिती मला कुठे पाहण्याचा मुलगा?,D4
मले बँकेतून काय कागदपत्रे द्या लागन शिकायले कर्ज घ्याचे हाय?,मला बँकेतून काय कागदपत्रे द्यावी लागतील शिक्षणासाठी कर्ज घ्यायचे आहे?,D4
मले KYC अद्यतन करायले काय काय कागदपत्रे द्या लागन?,मला KYC अद्यतन करतांना काय काय कागदपत्रे द्यावी लागतील?,D4
काय डेबिट कार्ड बदलायले पायजे? तुमाले कुठे पासवर्ड भूलले असणार?,काय डेबिट कार्ड बदलणे पाहिजे? तुम्हाला कुठे पासवर्ड भूलला असणार?,D4
मले UPI आणि क्रेडिट कार्डशी संबंधित पायजे काय आहे?,मला UPI आणि क्रेडिट कार्डशी संबंधित काय पाहिजे आहे?,D4
"आपल्या बँक खात्यातून KYC पुरवणी हाय, काय काय करावे लागन?","आपल्या बँक खात्यातून KYC पुरवणी आहे, काय काय करावी लागतील?",D4
"मले शिक्षणासाठी EMI चे कर्ज घ्यायचे म्हाले, तर कुठी अर्ज करा लागन?",मला शिक्षणासाठी EMI चे कर्ज घ्यायचे असेल तर कुठे अर्ज करावा लागेल?,D4
नकदी वर्गीकरण नियमांची मायती मले कुठी भेटन त्यासाठी ऑनलाईन अर्ज करा लागन का?,नकदी वर्गीकरण नियमांची माहिती मला कुठे मिळेल? त्यासाठी ऑनलाईन अर्ज करावा लागेल का?,D4
कर्जाच्या करावशीच्या दरावर कायले पाहिजे?,कर्जाच्या करावशीच्या दरावर कशामुळे काय?,D4
बँकेतून घराचे लोन देण्याची प्रक्रिया काय आहे?,बँकेतून घराचे लोन देण्याची प्रक्रिया काय आहे?,D4
मले वित्तीय माहिती करावी लागन त्यासाठी काय शाळेला जावे लागन?,मला वित्तीय माहिती करावी लागतील? त्यासाठी काय शाळेला जावी लागतील?,D4
क्रेडिट कार्डसाठी पासवर्ड बदलण्याची प्रक्रिया काय आहे?,क्रेडिट कार्डसाठी पासवर्ड बदलण्याची प्रक्रिया काय आहे?,D4
अर्धवट भरण्याच्या प्रक्रियेची मायती मले कुठी भेटन त्यासाठी ऑनलाईन अर्ज करा लागन का?,अर्धवट भरण्याच्या प्रक्रियेची माहिती मला कुठे मिळेल? त्यासाठी ऑनलाईन अर्ज करावा लागेल का?,D4
मले खाती म्हाजी चांगली चालत असतील तर काय चालेल?,मला खाती माझी चांगली चालत असेल तर काय चालेल?,D4
"मला क्रेडिट कार्ड म्हाजी श्रीमंती कमी करू शकते हाय, कुठून काढा लागन?","मला क्रेडिट कार्ड माझी श्रीमंती कमी करू शकते आहे, कुठून काढावा लागतील?",D4
"तुमाले युनिफॉर्म कर्ज कशाला घ्यायला लागत ना, मला व्हिसा पास करा लागना काय?","तुम्हाला युनिफॉर्म कर्ज कशाच्या कारणाने घ्यावा लागत नाही, मला व्हिसा पास कशा करावा लागतो?",D4
"मले स्विस बँक खाते म्हाले उघडायचे हाय, शाळेतून फी भरण्यासाठी कुठून द्या लागन?","मला स्विस बँक खाते उघडायचे आहे, शाळेतून फी भरण्यासाठी कुठून द्यावा लागतील?",D4
बँकेतून काय काय कर्ज द्या लागतील मल्यासाठी पोरगा शिकायला?,बँकेतून काय काय कर्ज द्यावी लागतील मला पोरगा शिकायला?,D4
तुम्ही व्हँकूअर कर्ज कुठून द्या लागना मल्यासाठी म्हला काय काय आहे?,तुम्ही व्हँकूअर कर्ज कुठून द्यावा लागतो मल्यासाठी मला काय काय आहे?,D4
मल्यासाठी काय काय कागदपत्रे तुम्हाले लावा लागतील प्रिव्हेंटिव्ह कर्ज म्हाजी?,मल्यासाठी काय काय कागदपत्रे तुम्हाला लावावी लागतील प्रिव्हेंटिव्ह कर्ज माझी?,D4
"मल्यासाठी पीक कर्ज पायजे आहे, कुठून करा लागना ऑनलाईन?","मल्यासाठी पीक कर्ज पाहिजे आहे, कुठून करावा लागेल ऑनलाईन?",D4
काय काय कर्ज द्या लागतील मल्यासाठी करमणूक खाते उघडायचे हाय?,काय काय कर्ज द्यावी लागतील मल्यासाठी करमणूक खाते उघडायचे आहे?,D4
"तुमाले शिकायले कर्ज घ्यायचे हाय मल्यासाठी, कुठून करा लागना?","तुमाला शिकायले कर्ज घ्यायचे आहे मल्यासाठी, कुठून करावा लागेल?",D4
मल्यासाठी काय काय कागदपत्रे तुम्हाले लावा लागतील प्रॉपर्टी कर्ज म्हाजी?,मल्यासाठी काय काय कागदपत्रे तुम्हाला लावावी लागतील प्रॉपर्टी कर्ज माझी?,D4
अर्थदात्याची माहिती म्हाजी असल्याने तुमाले क्रेडिट कार्ड कळीचे पेमेंट करू शकाले हाय?,अर्थदात्याची माहिती माझी असल्याने तुम्हाला क्रेडिट कार्ड कळीचे पेमेंट करू शकाला आहे?,D4
तुमाले एक कोटी रुपये लोन घ्यायचे असेल तर म्हाले काय कागदपत्रे द्या लागन?,तुम्हाला एक कोटी रुपये लोन घ्यायचे असेल तर मला काय कागदपत्रे द्यावी लागतील?,D4
या UPI पेमेंट संकेतस्थळावरून पेमेंट करू शकाले का हाय?,या UPI पेमेंट संकेतस्थळावरून पेमेंट करू शकाला आहे का?,D4
क्रेडिट कार्डसाठी KYC कागदपत्रे द्यान काय पोरगा काम करतो?,"क्रेडिट कार्डसाठी KYC कागदपत्रे द्यावी लागतात, मुलगा काय काम करतो?",D4
मले शिकायले कार्ड लाभ घ्याच असन तर काय करू शकाले हाय?,मला शिक्षणासाठी कार्ड लाभ घ्यायचे असेल तर काय करावे लागेल?,D4
"बँकेतून EMI चा लोन घ्यायचे हाय, काय प्रकारे करू शकाले?","बँकेतून EMI चा लोन घ्यायचे आहे, काय प्रकारे करावे लागतील?",D4
काय कारणाने तुमाले पेमेंट करू शकू शकत नाहीत हाय?,काय कारणाने तुम्हाला पेमेंट करू शकू शकत नाही आहे?,D4
एका महिन्यासाठी लोन पेमेंट करू शकाले का हाय?,एका महिन्यासाठी लोन पेमेंट करू शकाला आहे का?,D4
कल्याण जिल्ह्यासाठी बँकेची योजना काय आहे हाय?,कल्याण जिल्ह्यासाठी बँकेची योजना काय आहे?,D4
मले एक लाख रुपये लोन घ्यायचे असन त्या लोनसाठी काय करू शकाले हाय?,मला एक लाख रुपये लोन घ्यायचे असेल त्या लोनसाठी काय करावे लागेल?,D4
मले क्रेडिट कार्ड प्राप्त करायचे असेल तर कुठे अर्ज करा लागन?,मला क्रेडिट कार्ड मिळावा असेल तर कुठे अर्ज करावा लागेल?,D4
मले शिकायले कर्ज घ्याच असन तर कुठ अर्ज करा लागन त्याची मायती मले कुठी भेटन त्यासाठी ऑनलाईन अर्ज करा लागन का?,"मला शिक्षणासाठी कर्ज घ्यायचे असेल तर कुठे अर्ज करावा लागेल, त्याची माहिती मला कुठे मिळेल? त्यासाठी ऑनलाईन अर्ज करावा लागेल का?",D4
मले बँकिंग उत्पादने कशाला कारवी लागन?,"मल्याला बँकिंग उत्पादने कशा कार्य करतात, मला कुठे माहिती मिळेल?",D4
मले स्टॉक मार्केटमध्ये निवेश करायचे असेल तर कुठे सल्ला मिळन का?,मला स्टॉक मार्केटमध्ये निवेश करायचे असेल तर कुठे सल्ला मिळेल का?,D4
मले यूपीला नेटबँकिंग थ्रू कार्ड करायचे असेल तर कुठे अर्ज करा लागन?,मला यूपीसाठी नेटबँकिंग थ्रू कार्ड मिळावा असेल तर कुठे अर्ज करावा लागेल?,D4
"बँकेतून पीक कर्ज घ्यायचे हाय, काय काय कागदपत्रे द्या लागन?","बँकेतून पीक कर्ज घ्यायचे आहे, काय काय कागदपत्रे द्यावी लागतील?",D4
मले व्हॅल्यूट सेवा कशाला कारवी लागन?,"मल्याला व्हॅल्यूट सेवा कशा कार्य करतात, मला कुठे माहिती मिळेल?",D4
"मले केव्हल म्हाजी खाती खोली असणारी हाय, मला कशा सेवा मिळणारी?","मला केवळ माझे खाते खोली असणारी आहे, मला कशा सेवा मिळणारी?",D4
मले कार लोन प्राप्त करायचे असेल तर कुठे अर्ज करा लागन का?,मला कार लोन मिळावा असेल तर कुठे अर्ज करावा लागेल का?,D4
मले बँकिंग सेवा वापरायचे असेल तर कुठे पायजे आहे?,"मल्याला बँकिंग सेवा वापरण्याची पाहिजे आहे, मला कुठे माहिती मिळेल?",D4
"मले क्रेडिट कार्ड ची कार्यक्षमता पोरगा ला कुठ विचारवी लागन, काय काय सेवा तुमाले घेता हो?","मलाला क्रेडिट कार्डची कार्यक्षमता मुलाला कुठे विचारवी लागेल, काय काय सेवा तुम्हाला घेता होतील?",D4
"हाय, मले बँकेतून कर्जाची संधी म्हाजी मिळते असन, पायजे मले अर्ज करा लागन पाहिजे का?","आहे, मलाला बँकेतून कर्जाची संधी माझी मिळते आहे, पाहिजे मला अर्ज करावा लागेल का?",D4
"काय काय दस्तऐवज तुमाले बँकेत कर्ज मिळवयासाठी द्या लागन, तुमाले कायले?","काय काय दस्तऐवज तुम्हाला बँकेत कर्ज मिळवण्यासाठी द्यावी लागतील, तुम्हाला कशामुळे?",D4
"मले पीक कर्जाच्या संधी म्हाजी मिळत असन, करवतत तुमाले कुठ अर्ज करा लागन?","मलाला पीक कर्जाच्या संधी माझी मिळत आहे, करून घेतात तुम्हाले कुठे अर्ज करावा लागेल?",D4
मले काय काय कागदपत्रे द्या लागन बँकेत पीक कर्जाची अर्ज करायची असन?,मलाला काय काय कागदपत्रे द्यावी लागतील बँकेत पीक कर्जाची अर्ज करायची आहे?,D4
"पोरगा बँकेतून EMI च्या रजेचा लाभ मले म्हाजी मिळत असन, पायजे मले अर्ज करा लागन पाहिजे का?","मुलाला बँकेतून EMI च्या रजेचा लाभ माझी मिळत आहे, पाहिजे मला अर्ज करावा लागेल का?",D4
"मले UPI च्या सेवा तुमाले कुठ विचारवी लागन, काय काय फायदे तुमाले घेता हो?","मलाला UPI च्या सेवा मुलाला कुठे विचारवी लागेल, काय काय फायदे तुम्हाला घेता होतील?",D4
"काय काय दस्तऐवज तुमाले बँकेत KYC पूर्ण करायची असन, तुमाले कायले?","काय काय दस्तऐवज तुम्हाला बँकेत KYC पूर्ण करण्यासाठी द्यावी लागतील, तुम्हाला कशामुळे?",D4
"हाय, मले बँकेतून पीक कर्जाची संधी म्हाजी मिळते असन, पायजे मले अर्ज करा लागन पाहिजे का?","आहे, मलाला बँकेतून पीक कर्जाची संधी माझी मिळत आहे, पाहिजे मला अर्ज करावा लागेल का?",D4
"मले क्रेडिट कार्ड ची कार्यक्षमता पोरगा ला कुठ विचारवी लागन, काय काय सेवा तुमाले घेता हो?","मलाला क्रेडिट कार्डची कार्यक्षमता मुलाला कुठे विचारवी लागेल, काय काय सेवा तुम्हाला घेता होतील?",D4
"मले बँकेतून EMI च्या रजेचा लाभ म्हाजी मिळत असन, करवतत तुमाले कुठ अर्ज करा लागन?","मलाला बँकेतून EMI च्या रजेचा लाभ माझी मिळत आहे, करून घेतात तुम्हाले कुठे अर्ज करावा लागेल?",D4
मले एका क्रेडिट कार्डवर EMI देणे लागण यासाठी कशामुळे मला अर्ज करावा लागन?,मला एका क्रेडिट कार्डवर EMI देणे देण्यासाठी कशामुळे मला अर्ज करावा लागेल?,D4
"हाय, मला प्रिन्सिपल आणि इंटरेस्टची रक्कम पायजे कशी मिळणी?","आहे, मला प्रिन्सिपल आणि इंटरेस्टची रक्कम पाहिजे कशी मिळणार?",D4
"मले या बँकेचे खाते तुम्हाले सुरु करायचे हाय, शुल्क कशामुळे किती लागणी?","मला या बँकेचे खाते तुम्हाला सुरु करायचे आहे, शुल्क कशामुळे किती लागतील?",D4
"मले UPI चा साठा करून तुमाले वापर करायचा असन, काय काय कागदपत्रे द्या लागन?","मला UPI चा साठा करून तुम्हाला वापर करायचे असेल, काय काय कागदपत्रे द्यावी लागतील?",D4
"कुठे मला KYC शुल्क भरायचा असन, काय कागदपत्रे द्या लागन?","कुठे मला KYC शुल्क भरावा लागेल, काय कागदपत्रे द्यावी लागतील?",D4
"मले स्टेट बँकेच्या शाखेतून पीक कर्ज घ्यायचे हाय, कशामुळे मला अर्ज करावा लागन?","मला स्टेट बँकेच्या शाखेतून पीक कर्ज घ्यायचे आहे, कशामुळे मला अर्ज करावा लागेल?",D4
"मले तुमाले पासबुक, चेकबुक द्यावा लागन यासाठी कशामुळे मला अर्ज करावा लागन?","मला तुम्हाला पासबुक, चेकबुक द्यावी लागण्यासाठी कशामुळे मला अर्ज करावा लागेल?",D4
"मले बँकेटून पीक कर्ज घ्याच असन, यासाठी मला कशामुळे अर्ज करावा लागन?","मला बँकेतून पीक कर्ज घ्यायचे असेल, यासाठी मला कशामुळे अर्ज करावा लागेल?",D4
मले EMI ची रक्कम म्हाजी काय करमणी कशी होणी?,मला EMI ची रक्कम माझी काय करमणी कशी होणार?,D4
कुठे मला शिकायले कर्ज घ्यायचे असन तर ऑनलाईन अर्ज करा लागन का?,मला शिक्षणासाठी कर्ज घ्यायचे असेल तर ऑनलाईन अर्ज करावा लागेल का?,D4
मले क्रेडिट कार्डचे बिल भरवायले काय काय प्रक्रिया असन?,मला क्रेडिट कार्डचे बिल भरवायचे असेल तर काय काय प्रक्रिया असते?,D4
तुमाले EMI च्या प्रकारे काय असतात म्हाजी?,तुम्हाला EMI च्या प्रकारे काय असतात माझी?,D4
काय काय कागदपत्रे पोरगाने बँकेत पीक कर्जासाठी अर्ज करायले पाहिजेवे?,काय काय कागदपत्रे मुलगाने बँकेत पीक कर्जासाठी अर्ज करावे लागतील?,D4
हाय काय असन पेमेंट गेटवे कार्ड चालू करायले पाहिजे?,आहे काय असते पेमेंट गेटवे कार्ड चालू करण्यासाठी?,D4
मले UPI च्या सुविधा काय असन?,मला UPI च्या सुविधा काय असते?,D4
काय म्हाले KYC पूर्ण करायले पाहिजे?,काय मला KYC पूर्ण करावे लागते?,D4
पोरगाने बँकेत जाऊन काय काय कागदपत्रे द्या लागन?,मुलगाने बँकेत जाऊन काय काय कागदपत्रे द्यावी लागतील?,D4
मले शिकायले कर्ज घ्यायचे हाय त्यासाठी अर्ज करायले कुठ?,मला शिक्षणासाठी कर्ज घ्यायचे आहे त्यासाठी अर्ज करावा लागेल कुठे?,D4
तुमाले EMI ची रकमा प्रकरणी पायजे काय असतात हाय?,तुम्हाला EMI ची रकमा प्रकरणी काय असते आहे?,D4
काय म्हाले लोन ची रकमा म्हाजी ते काय काय कारणे असतात?,काय मला लोन ची रकमा माझी ते काय काय कारणे असतात?,D4
मले क्रेडिट कार्ड वाढवायले अर्ज करा लागन त्यासाठी मली काय काय सांगा लागन?,"मला क्रेडिट कार्ड वाढवायचा आहे तो अर्ज करावा लागतो, त्यासाठी मला काय काय सांगावे लागते?",D4
"तुमाले UPI पेमेंट सेट करावे हाय, काय काय प्रक्रिया आहे?","तुम्हाला UPI पेमेंट सेट करावे आहे, काय काय प्रक्रिया आहे?",D4
"मले म्हाजी कामासाठी कर लावण्याची शाळा आहे हाय, कुठे अर्ज करा लागन?","मला माझ्या कामासाठी कर लावण्याची शाळा आहे आहे, कुठे अर्ज करावा लागतो?",D4
बँकेतून काय काय लोन मिळतात मले कायले?,"बँकेतून काय काय लोन मिळतात, कशामुळे?",D4
मले स्टॅटिक क्रेडिट कार्ड वापरुन पेमेंट करण्याची प्रक्रिया काय आहे?,मला स्टॅटिक क्रेडिट कार्ड वापरून पेमेंट करण्याची प्रक्रिया काय आहे?,D4
तुमाले EMI ची माहिती कुठे भेटन त्यासाठी ऑनलाईन अर्ज करा लागन का?,"तुम्हाला EMI ची माहिती कुठे मिळेल, त्यासाठी ऑनलाईन अर्ज करावा लागतो का?",D4
मले पोरग्याला पेमेंट अकाउंट ओपन करण्याची प्रक्रिया काय आहे,मला मुलाला पेमेंट अकाउंट ओपन करण्याची प्रक्रिया काय आहे?,D4
मले KYC प्रोसेस करण्याची प्रक्रिया काय आहे हाय?,मला KYC प्रोसेस करण्याची प्रक्रिया काय आहे आहे?,D4
"तुमाले म्हाले डेबिट कार्ड सेट करावे हाय, कुठे अर्ज करा लागन?","तुम्हाला मला डेबिट कार्ड सेट करावे आहे, कुठे अर्ज करावा लागतो?",D4
"क्रेडिट कार्डच्या अॅक्सेसची सुरक्षिती कायम करवा लागन, काय म्हणजे डुअल फॅक्टर अॅक्सेस?","क्रेडिट कार्डच्या अॅक्सेसची सुरक्षिती कायम करावी लागेल, काय म्हणजे डुअल फॅक्टर अॅक्सेस?",D4
बँकेतून लोन मिळाला म्हणजे म्हाले काय करावे लागन?,बँकेतून लोन मिळाला म्हणजे मला काय करावे लागेल?,D4
"जीमी म्हाजी खाती चालणारी म्हणजे हाय, म्हाले काय प्रक्रिया झाली पाहिजे?","जीमी माझी खाती चालणारी आहे, मला काय प्रक्रिया झाली पाहिजे?",D4
"काय म्हणजे UPI पेमेंट, तुमाले ऑनलाईन पेमेंट कसे करू शकता हाय?","काय म्हणजे UPI पेमेंट, तुम्हाला ऑनलाईन पेमेंट कसे करू शकता आहे?",D4
बँकेतून स्टॉक मार्केटमध्ये निवेश करण्यासाठी पोरगाला पायजे काय प्रकारे आहे लागन?,बँकेतून स्टॉक मार्केटमध्ये निवेश करण्यासाठी मुलाला काय प्रकारे पाहिजे आहे?,D4
"काय म्हणजे KYC पात्र, मले बँकेतून कशामुळे कर्ज मिळू शकत नाही हाय?","काय म्हणजे KYC पात्र, मला बँकेतून कशामुळे कर्ज मिळू शकत नाही?",D4
मले EMI च्या वेळेवर पेमेंट करण्यासाठी पायजे काय उपाय आहे हाय?,मला EMI च्या वेळेवर पेमेंट करण्यासाठी काय उपाय आहे?,D4
"काय म्हणजे डिजिटल पेमेंट, मले स्टोरमध्ये भरण्यासाठी काय प्रकारे तरी करू शकतो हाय?","काय म्हणजे डिजिटल पेमेंट, मला स्टोरमध्ये भरण्यासाठी काय प्रकारे तरी करू शकता आहे?",D4
माथून बँकेतून पीक कर्ज मिळवण्यासाठी काय म्हणजे काय प्रक्रिया झाली पाहिजे हाय?,मधून बँकेतून पीक कर्ज मिळवण्यासाठी काय प्रक्रिया झाली पाहिजे?,D4
तुमाले बँकेतून क्रेडिट कार्ड मिळवले म्हणजे पायजे काय प्रकारे करू शकतात हाय?,तुम्हाला बँकेतून क्रेडिट कार्ड मिळवले म्हणजे काय प्रकारे करू शकतात आहे?,D4
मले व्यापारीसाठी क्रेडिट कार्ड मिळण्याची वाट पाहत असतान काय काय कागदपत्रे द्या लागन?,मला व्यापारासाठी क्रेडिट कार्ड मिळण्याची वाट बाळगत असतान काय काय कागदपत्रे द्यावी लागतील?,D4
"हाय देव्हा स्टेट बँकेचे व्यापारी खाती उघडणे स्वीकारीले आहे, काय त्याची शुल्क आहे?","आहे देव्हा स्टेट बँकेचे व्यापारी खाती उघडणे स्वीकारिले आहे, काय त्याची शुल्क आहे?",D4
"मले UPI पेमेंट स्वीकार करण्यासाठी बँकेत जावयाचे हाय, काय काय प्रक्रिया आहे?","मला UPI पेमेंट स्वीकार करण्यासाठी बँकेत जावे लागतात, काय काय प्रक्रिया आहे?",D4
मले EMI ची माहिती माझी बँकेतून कुठी भेटन त्यासाठी माझ्या शेतकरी बंधू बरोबर जावयाचे हाय,"मला EMI ची माहिती माझ्या बँकेतून कुठे मिळेल, त्यासाठी माझ्या वडिलांबरोबर जावे लागतील?",D4
कायले बँकेच्या EMI दरात कुठे फायदा आहे?,कशामुळे बँकेच्या EMI दरात कुठे फायदा आहे?,D4
मले KYC पूर्ण करण्यासाठी बँकेत नेण्याची वाट पाहत असतान कुठे अर्ज करा लागन?,"मला KYC पूर्ण करण्यासाठी बँकेत जावे लागतात, कुठे अर्ज करावा लागेल?",D4
पोरगा शाळेत जाण्यासाठी काय काय प्रक्रिया आहे जेणासाठी माझ्या शाळेत पैसा पाठवायाचे हाय,मुलाला शाळेत जाण्यासाठी काय काय प्रक्रिया आहे जेणासाठी माझ्या शाळेत पैसा पाठवावा लागतात?,D4
मले स्टेट बँकेच्या व्यापारी खाती उघडण्यासाठी काय काय कागदपत्रे द्या लागन?,मला स्टेट बँकेच्या व्यापारी खाती उघडण्यासाठी काय काय कागदपत्रे द्यावी लागतील?,D4
बँकेच्या शेतकरी कर्जासाठी करावयाच्या प्रक्रियेला म्हाजी विचार करावयाचे हाय,बँकेच्या शेतकरी कर्जासाठी करावी लागणारी प्रक्रियेला माझ्या विचार करावी लागतील?,D4
तुमाले माझ्या शेतीच्या लाभासाठी क्रेडिट कार्ड मिळविण्यासाठी काय काय प्रक्रिया आहे?,तुम्हाला माझ्या शेतीच्या लाभासाठी क्रेडिट कार्ड मिळविण्यासाठी काय काय प्रक्रिया आहे?,D4
मले चालू खाते तयार करण्यासाठी अर्ज करा लागन त्याची मायती मले कुठी भेटन?,"मला चालू खाते तयार करण्यासाठी अर्ज करावा लागेल, त्याची माहिती मला कुठे मिळेल?",D4
बँकेतून लोन कशामुळे मिळतो हाय?,बँकेतून लोन कशामुळे मिळतो आहे?,D4
पीक कर्जाची अटी काय काय आहेत हाय?,पीक कर्जाची अटी काय काय आहेत?,D4
मला शिकायले कर्ज घ्यायचे असन तर कुठेच दाखला द्या लागन?,मला शिक्षणासाठी कर्ज घ्यायचे असेल तर कुठे दाखला द्यावा लागेल?,D4
बँकेतून क्रेडिट कार्ड कुठे मिळते हाय?,बँकेतून क्रेडिट कार्ड कुठे मिळतो आहे?,D4
मले KYC कोणत्या कागदातून पुरवले लागतात हाय?,मले KYC कोणत्या कागदातून पुरवले जातात आहेत?,D4
आमच्या बँकेची शाखा कुठे आहे म्हाजी त्याच्या माहिती मले कुठल्या दिवशी पाहिले की पाहिजे?,आमच्या बँकेची शाखा कुठे आहे? त्याची माहिती मला फक्त एकदाच पाहिजे?,D4
मले UPI कोणत्या कागदातून पुरवले लागतात हाय?,मले UPI कोणत्या कागदातून पुरवले जातात आहेत?,D4
कर्जाची रेशिमा काय आहे हाय?,कर्जाची रेशिमा काय आहे?,D4
मला काय काय कागदपत्रे द्या लागन नेमके हाय?,मला काय काय कागदपत्रे द्यावी लागतील नेमके?,D4
मले व्यक्तिगत कर्जाचे लोण घ्याच असन तर कुठे अर्ज करा लागन त्याची मायती मले कुठी भेटन त्यासाठी काय कागदपत्रे द्या लागन?,"मला व्यक्तिगत कर्जाचे लोन घ्यायचे असेल तर कुठे अर्ज करावा लागेल, त्याची माहिती मला कुठे मिळेल? त्यासाठी काय कागदपत्रे द्यावी लागतील?",D4
काय हाय या EMI ची राते मले पायजे आहेत?,काय आहे या EMI ची राते मला पाहिजे आहेत?,D4
मले शिकायले कर्ज केव्हा करूं? कुठे कोणकडे हाय?,मला शिक्षणासाठी कर्ज केव्हा घ्यायचे? कुठे कोणकडे माहिती आहे?,D4
काय हाय हे प्रोसेस तळा मले त्याची मायती काय हाय?,काय आहे हे प्रोसेस तळा मला त्याची माहिती कशी आहे?,D4
"मले नोकरी वरून पोरगा द्यायचे हाय, मले कोणकडे अर्ज करा लागन?","मला नोकरी वरून मुलगा द्यायचा आहे, मला कोणकडे अर्ज करावा लागेल?",D4
काय हाय या UPI पेमेंट ची राते मले पायजे आहेत?,काय आहे या UPI पेमेंट ची राते मला पाहिजे आहेत?,D4
कोणकडे हाय मले या KYC प्रमाणपत्राची मायती?,कोणकडे माहिती आहे मला या KYC प्रमाणपत्राची?,D4
"मले क्रेडिट कार्ड पोरगा द्यायचे हाय, मले काय कागदपत्रे द्या लागन?","मला क्रेडिट कार्ड मुलगा द्यायचा आहे, मला काय कागदपत्रे द्यावी लागतील?",D4
काय हाय या EMI कर्जाची राते मले पायजे आहेत?,काय आहे या EMI कर्जाची राते मला पाहिजे आहेत?,D4
मले केव्हा UPI पेमेंट करूं? कुठे कोणकडे हाय?,मला केव्हा UPI पेमेंट करावा लागतो? कुठे कोणकडे माहिती आहे?,D4
"मले वेतनाचे खाते चालवायचे असन तर हाय, काय प्रकारचे बँक खाते चालवा लागन?","मला वेतनाचे खाते चालवायचे असेल तर आहे, काय प्रकारचे बँक खाते चालवावे लागतील?",D4
तुमाले माझ्या बँक खात्यात पैसे जमा करून घ्या लागण?,तुम्हाला माझ्या बँक खात्यात पैसे जमा करून घ्यावे लागतील?,D4
मले क्रेडिट कार्ड स्वीच्या नावे भरणे करून घ्या लागन का?,मला क्रेडिट कार्ड स्वीच्या नावे भरणे करून घ्यावे लागेल का?,D4
बँकेकडून काय कागदपत्रे म्हाजी द्यावी लागतील म्हणून पाहिजे?,बँकेकडून काय कागदपत्रे माझी द्यावी लागतील म्हणून पाहिजे?,D4
मले बँक खात्यातून नोकरी पैसे निघतात ते पोरगा पाहिजे लागन?,मला बँक खात्यातून नोकरी पैसे निघतात ते मुलगा पाहिजे लागतील?,D4
काय प्रकारचे खाते म्हाले चालवायचे असन पाहिजे लागन?,काय प्रकारचे खाते मला चालवायचे असेल पाहिजे लागतील?,D4
मले ऑनलाईन बँकिंग वापरून अर्ज करा लागन का?,मला ऑनलाईन बँकिंग वापरून अर्ज करावा लागेल का?,D4
म्हाजी वेतनाचे बँक खाते चालवायचे असन तर कुठे अर्ज करा लागन?,माझी वेतनाचे बँक खाते चालवायचे असेल तर कुठे अर्ज करावा लागेल?,D4
पोरगा पाहिजे लागन बँक खात्यातून नोकरी पैसे निघतात ते काय प्रकारचे आहे?,मुलगा पाहिजे लागतील बँक खात्यातून नोकरी पैसे निघतात ते काय प्रकारचे आहे?,D4
मले म्हाजी क्रेडिट कार्ड स्वीच्या नावे भरणे करून घ्या लागन?,मला माझी क्रेडिट कार्ड स्वीच्या नावे भरणे करून घ्यावे लागेल?,D4
तुम्हाला क्रेडिट कार्ड तयार करायचे असेल तर काय काय कागदपत्रे द्यावी लागतील?,तुम्हाला क्रेडिट कार्ड तयार करायचे असेल तर काय काय कागदपत्रे द्यावी लागतील?,D4
मले नोकरीचे वेतनाचे खाते तयार करायचे असेल तर काय करा लागन?,मला नोकरीचे वेतनाचे खाते तयार करायचे असेल तर काय करावे लागेल?,D4
"हाय, बँकेतून EMI च्या कर्जाचे कागदपत्रे मला कुठी भेटन लागन?","हाय, बँकेतून EMI च्या कर्जाचे कागदपत्रे मला कुठे मिळेल?",D4
काय काय कागदपत्रे द्या लागन बँकेतून स्टँडअप लोन घ्यायचे असेल?,काय काय कागदपत्रे द्यावी लागतील बँकेतून स्टँडअप लोन घ्यायचे असेल?,D4
मले ऑनलाईन शॉपिंग करायचे असेल तर काय सुरक्षित असा म्हाले विचार करा लागन?,मला ऑनलाईन शॉपिंग करायचे असेल तर काय सुरक्षित असा मला विचार करावा लागेल?,D4
काय काय कागदपत्रे द्या लागन बँकेतून म्हाजी नोकरी प्रगती करायचे असेल?,काय काय कागदपत्रे द्यावी लागतील बँकेतून माझी नोकरी प्रगती करायचे असेल?,D4
मले UPI चा वापर करायचे असेल तर मले काय करा लागन?,मला UPI चा वापर करायचे असेल तर मला काय करावे लागेल?,D4
"हाय, तुम्हाला KYC कागदपत्रे तयार करायचे असेल तर काय करा लागन?","हाय, तुम्हाला KYC कागदपत्रे तयार करायचे असेल तर काय करावे लागेल?",D4
काय काय कागदपत्रे द्या लागन बँकेतून घराचे लोन घ्यायचे असेल?,काय काय कागदपत्रे द्यावी लागतील बँकेतून घराचे लोन घ्यायचे असेल?,D4
मले पोरगा म्हणजे मुलगा क्रेडिट कार्ड तयार करायचे असेल तर काय करा लागन?,मला मुला म्हणजे पोरगा क्रेडिट कार्ड तयार करायचे असेल तर काय करावे लागेल?,D4
मले व्हँक शार्ट टर्म लोन म्हाजी काय काय कागदपत्रे द्या लागन?,मला व्हँक शार्ट टर्म लोन माझी काय काय कागदपत्रे द्यावी लागतील?,D4
"बँकेतून क्रेडिट कार्ड कर्ज घ्यायचे हाय, तुमाले काय काय कागदपत्रे द्या लागन?","बँकेतून क्रेडिट कार्ड कर्ज घ्यायचे आहे, तुम्हाला काय काय कागदपत्रे द्यावी लागतील?",D4
मले पीक कर्ज घ्यायचे म्हाले पोरगा त्यासाठी काय काय कागदपत्रे द्या लागन?,मला पीक कर्ज घ्यायचे असेल तर मुलगा त्यासाठी काय काय कागदपत्रे द्यावी लागतील?,D4
हाय बँकेतून शिक्षण कर्ज घ्यायचे असले तर करमतात पायजे त्यासाठी काय काय कागदपत्रे द्या लागन?,बँकेतून शिक्षण कर्ज घ्यायचे आहे असे असले तर पाहिजे त्यासाठी काय काय कागदपत्रे द्यावी लागतील?,D4
मले व्हँक लोन म्हाजी काय काय कागदपत्रे द्या लागन? पोरगा ते करमतात काय काय शिक्का लागतील?,मला व्हँक लोन माझी काय काय कागदपत्रे द्यावी लागतील? मुलगा ते शिक्का लागतील काय काय?,D4
"बँकेतून क्रेडिट कार्ड कर्ज घ्यायचे हाय, तुमाले पोरगा त्यासाठी काय काय कागदपत्रे द्या लागन?","बँकेतून क्रेडिट कार्ड कर्ज घ्यायचे आहे, तुम्हाला मुलगा त्यासाठी काय काय कागदपत्रे द्यावी लागतील?",D4
मले पीक कर्ज घ्यायचे म्हाले मला त्यासाठी काय काय कागदपत्रे द्या लागन?,मला पीक कर्ज घ्यायचे असेल तर मला त्यासाठी काय काय कागदपत्रे द्यावी लागतील?,D4
हाय बँकेतून शिक्षण कर्ज घ्यायचे असले तर पोरगा त्यासाठी काय काय कागदपत्रे द्या लागन?,बँकेतून शिक्षण कर्ज घ्यायचे आहे असे असले तर मुलगा त्यासाठी काय काय कागदपत्रे द्यावी लागतील?,D4
"बँकेतून व्हँक लोन घ्यायचे हाय, तुमाले काय काय कागदपत्रे द्या लागन?","बँकेतून व्हँक लोन घ्यायचे आहे, तुम्हाला काय काय कागदपत्रे द्यावी लागतील?",D4
मले पीक कर्ज घ्यायचे म्हाले पोरगा त्यासाठी ऑनलाईन अर्ज करा लागन का?,मला पीक कर्ज घ्यायचे असेल तर मुलगा त्यासाठी ऑनलाईन अर्ज करावा लागेल का?,D4
"काय अर्थ तुम्हाला UPI चा अकाउंट हाय, पेनी ट्रान्सफर केले पाहिजे त्यासाठी?","काय अर्थ तुम्हाला UPI चा अकाउंट आहे, पेनी ट्रान्सफर केले पाहिजे त्यासाठी?",D4
मले शिकायले कर्ज घ्याच असन तर कुठ अर्ज करा लागन त्याची मायती मले कुठी भेटन त्यासाठी ऑनलाईन अर्ज करा लागन का?,"मला शिक्षणासाठी कर्ज घ्यायचे असेल तर कुठे अर्ज करावा लागेल, त्याची माहिती मला कुठे मिळेल? त्यासाठी ऑनलाईन अर्ज करावा लागेल का?",D4
"बँकेतून पीक कर्ज घ्यायचे हाय, काय काय कागदपत्रे द्या लागन?","बँकेतून पीक कर्ज घ्यायचे आहे, काय काय कागदपत्रे द्यावी लागतील?",D4
मले म्हाजी लहान भावांना रोजगार सुरू करण्यासाठी लोन द्या लागन.,मला माझ्या लहान भावांना रोजगार सुरू करण्यासाठी लोन द्यावा लागतो.,D4
क्रेडिट कार्डला EMI ची विनंती करण्यासाठी काय कागदपत्रे द्या लागन?,क्रेडिट कार्डवर EMI ची विनंती करण्यासाठी काय कागदपत्रे द्यावी लागतील?,D4
तुमाला क्रेडिट कार्डला EMI ची विनंती करण्यासाठी म्हाले काय करावे?,तुम्हाला क्रेडिट कार्डवर EMI ची विनंती करण्यासाठी मला काय करावे लागते?,D4
"काय अर्थ तुम्ही UPI चा अकाउंट हाय, पेनी ट्रान्सफर केले पाहिजे त्यासाठी?","काय अर्थ तुम्ही UPI चा अकाउंट आहे, पेनी ट्रान्सफर केले पाहिजे त्यासाठी?",D4
"बँकेतून पीक कर्ज घ्यायचे हाय, मले पोरगाच्या नावावर द्या लागन.","बँकेतून पीक कर्ज घ्यायचे आहे, मला मुलगा ह्या नावावर द्यावा लागतो.",D4
"काय करवतत तुम्हाला UPI चा अकाउंट हाय, पेनी ट्रान्सफर केले पाहिजे त्यासाठी?","काय करवतत तुम्हाला UPI चा अकाउंट आहे, पेनी ट्रान्सफर केले पाहिजे त्यासाठी?",D4
"तुमाले पोरग्या लागण क्रेडिट कार्ड वापरायचा हाय, तो वापरायचा कसा काय?","तुम्हाला मुलगा लागण क्रेडिट कार्ड वापरावा आहे, तो वापरायचा कसा होतो?",D4
"मले या स्पर्धेच्या जाऊन पेमेंट करायचे म्हाजी, कुठे म्हणजे बँकेच्या बाय-मोबाइल सेवेतून करायचे हाय?","मला ह्या स्पर्धेसाठी पेमेंट करावा आहे, कुठे म्हणजे बँकेच्या बाय-मोबाइल सेवेतून करावा आहे?",D4
"हाय, पोरग्यांनी बँकेच्या शाखेत जाणे पाहिजे काय?","आहे, मुलांनी बँकेच्या शाखेत जाणे पाहिजे का?",D4
"कायले कुठे कार्ड वाढवायचा हाय, बँकेच्या पोर्टलवरून केला तर योग्य आहे का?","कशामुळे कुठे कार्ड वाढवायचा आहे, बँकेच्या पोर्टलवरून केला तर योग्य आहे का?",D4
"कर्जाचा ब्याज रोखण्यासाठी ऑनलाईन अर्ज करायचा हाय, कुठे अर्ज केला तर योग्य हाय?","कर्जाचा ब्याज रोखण्यासाठी ऑनलाईन अर्ज करावा आहे, कुठे अर्ज केला तर योग्य आहे?",D4
"मलेला तुमाला EMIचे भरणे योग्य आहे काय, बँकेच्या लेन्डरमधून केला तर तयार काय?","मला तुम्हाला EMIचे भरणे योग्य आहे का, बँकेच्या लेन्डरमधून केला तर तयार आहे का?",D4
"पायजे बँकेतून UPI सेवा वापरायचा हाय, काय काय कागदपत्रे द्यायचे हाय?","पाहिजे बँकेतून UPI सेवा वापरावी आहे, काय काय कागदपत्रे द्यावी लागतील?",D4
"मलेला हाय, KYC अपडेट करायचा हाय, बँकेच्या क्लायंट पोर्टलवरून केला तर योग्य हाय?","मला आहे, KYC अपडेट करावा आहे, बँकेच्या क्लायंट पोर्टलवरून केला तर योग्य आहे?",D4
"करवतत आपल्याला बँकेच्या सेवांचा फायदा मिळवायचा हाय, कुठे अर्ज करायचा हाय?","करून घेतात आपल्याला बँकेच्या सेवांचा फायदा मिळवावा आहे, कुठे अर्ज करावा लागेल?",D4
"तुमाले व्हँक्षर करायचा हाय, पोरग्यांनी कोणत्या बँकेच्या शाखेत जावे लागन?","तुम्हाला व्हँक्षर करावा आहे, मुलांनी कोणत्या बँकेच्या शाखेत जावे लागतील?",D4
मले शिकायले कर्ज घ्याच असन तर कुठ अर्ज करा लागन त्याची मायती मले कुठी भेटन त्यासाठी ऑनलाईन अर्ज करा लागन का?,"मला शिक्षणासाठी कर्ज घ्यायचे असेल तर कुठे अर्ज करावा लागेल, त्याची माहिती मला कुठे मिळेल? त्यासाठी ऑनलाईन अर्ज करावा लागेल का?",D4
"बँकेतून पीक कर्ज घ्यायचे हाय, काय काय कागदपत्रे द्या लागन?","बँकेतून पीक कर्ज घ्यायचे आहे, काय काय कागदपत्रे द्यावी लागतील?",D4
तुमाले EMI ची पायजे कशी ठेवन असण?,तुम्हाला EMIची पाहिजे कशी ठेवावी?,D4
कोणती बँक UPI च्या सुविधा देते तुमाले?,कोणती बँक UPIच्या सुविधा देते तुम्हाला?,D4
मले प्रगती शाळेचे शिक्षणासाठी कर्ज घ्याच असन तर काय करावे लागन?,मला प्रगती शाळेचे शिक्षणासाठी कर्ज घ्यायचे असेल तर काय करावे लागेल?,D4
अरेरे मला बँकेची मायती भेटत नाहीत मले ऑनलाईन,अरे मला बँकेची माहिती मिळत नाही मला ऑनलाईन,D4
मले शिकायले कर्ज घ्याच असन तर कुठ अर्ज करा लागन त्याची मायती मले कुठी भेटन त्यासाठी ऑनलाईन अर्ज करा लागन का?,"मला शिक्षणासाठी कर्ज घ्यायचे असेल तर कुठे अर्ज करावा लागेल, त्याची माहिती मला कुठे मिळेल? त्यासाठी ऑनलाईन अर्ज करावा लागेल का?",D4
क्रेडिट कार्डवर EMI ची योग्यता पाहता काय प्रक्रिया होते?,क्रेडिट कार्डवर EMI ची योग्यता पाहता काय प्रक्रिया होते?,D4
"बँकेतून पीक कर्ज घ्यायचे हाय, काय काय कागदपत्रे द्या लागन?","बँकेतून पीक कर्ज घ्यायचे आहे, काय काय कागदपत्रे द्यावी लागतील?",D4
अहमदनगर जिल्ह्यात कुठल्या बँकेत सांगितले स्ट्रेचिंग शुल्क लागते?,अहमदनगर जिल्ह्यात कुठल्या बँकेत सांगितले स्ट्रेचिंग शुल्क लागते?,D4
पोरग्यांना कधी शाळेतून UPI पेमेंट करण्याची व्यवस्था आहे?,मुलांना कधी शाळेतून UPI पेमेंट करण्याची व्यवस्था आहे?,D4
कमिशनर ऑफ कॉपरेशनचे कार्यालय त्याची मायले कुठी भेटते?,कमिशनर ऑफ कॉपरेशनचे कार्यालय त्याची माहिती मला कुठे मिळेल?,D4
काय काय शुल्क होते ज्यावर बँक पोरग्या वर EMI प्रक्रिया करते?,काय काय शुल्क होते ज्यावर बँक मुलांवर EMI प्रक्रिया करते?,D4
उपभोक्ता संरक्षण मंडळाचा काय कार्यालय त्याची मायले कुठी भेटते?,उपभोक्ता संरक्षण मंडळाचा कार्यालय त्याची माहिती मला कुठे मिळेल?,D4
कोणत्या बँकेने पोरग्यांना UPI पेमेंट केले आहे?,कोणत्या बँकेने मुलांना UPI पेमेंट केले आहे?,D4
बँकेतून कोणत्या प्रकारचे कर्जे घ्यायच्या काय?,बँकेतून कोणत्या प्रकारचे कर्ज घ्यायचे आहे?,D4
मले बँकेतून UPI पेमेंट करण्याचे शिकायले असन तर काय काय प्रक्रिया आहे त्याची मायती मले कुठी भेटन त्यासाठी पाहिजे?,मला बँकेतून UPI पेमेंट करण्याचे शिकायले असेल तर काय काय प्रक्रिया आहे त्याची माहिती मला कुठे मिळेल? त्यासाठी पाहिजे काय?,D4
काय काय क्रेडिट कार्ड कागदपत्रे द्या लागन बँकेतून क्रेडिट कार्ड देतात?,काय काय क्रेडिट कार्ड कागदपत्रे द्यावी लागतात बँकेतून क्रेडिट कार्ड देतात?,D4
मले कर्ज काढताना काय काय प्रक्रिया आहे त्याची मायती मले माथून हाय?,मला कर्ज काढताना काय काय प्रक्रिया आहे त्याची माहिती मला मधून माहीत आहे?,D4
बँकेतून काय काय ब्याज दरांची सूची आहे त्याची मायती मले तुमाले भेटन त्यासाठी पोरग्याले पाहिजे?,बँकेतून काय काय ब्याज दरांची सूची आहे त्याची माहिती मला तुम्हाला मिळेल? त्यासाठी मुलग्याला पाहिजे काय?,D4
मले शिकायले नेटबँकिंग करण्याचे असन तर कुठ ऑनलाईन बँकिंग करा लागन त्याची मायती मले कुठी भेटन त्यासाठी पाहिजे?,मला शिकायले नेटबँकिंग करण्याचे असेल तर कुठे ऑनलाईन बँकिंग करावी लागेल? त्याची माहिती मला कुठे मिळेल? त्यासाठी पाहिजे काय?,D4
काय काय कागदपत्रे द्या लागन बँकेतून शाळेतील विद्यार्थ्यांना कर्ज देतात?,काय काय कागदपत्रे द्यावी लागतात बँकेतून शाळेतील विद्यार्थ्यांना कर्ज देतात?,D4
मले काय काय कागदपत्रे द्या लागन बँकेतून कार लावण्यासाठी कर्ज देतात?,मला काय काय कागदपत्रे द्यावी लागतात बँकेतून कार लावण्यासाठी कर्ज देतात?,D4
काय काय प्रक्रिया आहे बँकेतून पीक कर्ज देतात त्याची मायती मले कुठी भेटन त्यासाठी पाहिजे?,काय काय प्रक्रिया आहे बँकेतून पीक कर्ज देतात त्याची माहिती मला कुठे मिळेल? त्यासाठी पाहिजे काय?,D4
मले काय काय कागदपत्रे द्या लागन बँकेतून घर लावण्यासाठी कर्ज देतात?,मला काय काय कागदपत्रे द्यावी लागतात बँकेतून घर लावण्यासाठी कर्ज देतात?,D4
काय काय प्रक्रिया आहे बँकेतून पेमेंट गेटवे देतात त्याची मायती मले तुमाले भेटन त्यासाठी पोरग्याले पाहिजे?,काय काय प्रक्रिया आहे बँकेतून पेमेंट गेटवे देतात त्याची माहिती मला तुम्हाला मिळेल? त्यासाठी मुलग्याला पाहिजे काय?,D4
मले शिकायले कर्ज घ्याच असन तर कुठ अर्ज करा लागन त्याची मायती मले कुठी भेटन त्यासाठी ऑनलाईन अर्ज करा लागन का?,"मला शिक्षणासाठी कर्ज घ्यायचे असेल तर कुठे अर्ज करावा लागेल, त्याची माहिती मला कुठे मिळेल? त्यासाठी ऑनलाईन अर्ज करावा लागेल का?",D4
"क्रेडिट कार्डची देयके मले शाळेतून पाला लागन, तर कुठून त्यातली पैसे निघतील?","क्रेडिट कार्डची देयके मला शाळेतून पळतील, तर कुठून त्यातले पैसे निघतील?",D4
काय काय कागदपत्रे द्या लागन असेल त्याची मायती मले बँकेतून खात्री करावी लागन?,काय काय कागदपत्रे द्यावी लागतील असे त्याची माहिती मला बँकेतून खात्री करावी लागेल?,D4
"हाय, मले UPI च्या माध्यमातून पैसे पाठवा लागन, तर त्यातली अटी काय आहे?","आहे, मला UPI च्या माध्यमातून पैसे पाठवावे लागतील, तर त्यातली अटी काय आहे?",D4
तुम्हाला कोणत्या प्रकारचे कर्ज द्या लागन आणि काय काय कागदपत्रे द्या लागन?,तुम्हाला कोणत्या प्रकारचे कर्ज द्यावे लागतील आणि काय काय कागदपत्रे द्यावी लागतील?,D4
कोणत्या प्रकारच्या बँकेतून पोरग्यांचे बँक खाती खोल्या लागन आणि त्याची काय काय अटी आहे?,कोणत्या प्रकारच्या बँकेतून मुलांचे बँक खाती खोल्या लागन आणि त्याची काय काय अटी आहे?,D4
कोणत्या प्रकारचे म्हाज्याचे बँक खाती खोल्या लागन आणि त्याची काय काय अटी आहे?,कोणत्या प्रकारचे माझे बँक खाती खोल्या लागन आणि त्याची काय काय अटी आहे?,D4
काय काय दस्तऐवजे द्या लागन त्याची मायती मले अर्जासाठी कुठून भेटन त्यासाठी ऑनलाईन अर्ज करा लागन का?,काय काय दस्तऐवजे द्यावी लागतील त्याची माहिती मला अर्जासाठी कुठे भेटेल? त्यासाठी ऑनलाईन अर्ज करावा लागेल का?,D4
काय काय प्रकारचे कर्ज द्या लागन असेल त्याची मायती मले बँकेतून खात्री करावी लागन?,काय काय प्रकारचे कर्ज द्यावे लागतील असे त्याची माहिती मला बँकेतून खात्री करावी लागेल?,D4
काय काय अटी असेल त्याची मायती मले अर्जासाठी कुठून भेटन त्यासाठी ऑनलाईन अर्ज करा लागन का?,काय काय अटी असेल त्याची माहिती मला अर्जासाठी कुठे भेटेल? त्यासाठी ऑनलाईन अर्ज करावा लागेल का?,D4
काय काय प्रकारच्या बँकेतून शाळेतील मुलांचे बँक खाती खोल्या लागन आणि त्याची काय काय अटी आहे?,काय काय प्रकारच्या बँकेतून मुलांचे बँक खाती खोल्या लागन आणि त्याची काय काय अटी आहे?,D4
"मले सार्वजनिक बँकेतून UPI पेमेंट करवतत हाय, काय तुमाले कळले आहे ते कायले?","मला सार्वजनिक बँकेतून UPI पेमेंट करून घेतात आहे, काय तुम्हाला कळले आहे ते कशामुळे?",D4
"तुमाले क्रेडिट कार्ड लावले आहे काय, तुम्हाले कुठे जावे लागेल त्यासाठी काय कागदपत्रे द्या लागन?","तुम्हाला क्रेडिट कार्ड लावले आहे काय, तुम्हाला कुठे जावे लागेल त्यासाठी काय कागदपत्रे द्यावी लागतील?",D4
"हाय, मले काही पैसे जमा करायचे असतील तर कुठे जावे लागन?","हाय, मला काही पैसे जमा करायचे असतील तर कुठे जावे लागेल?",D4
"अर्थसंकल्पातून म्हाजी खाती खोली लागन, काय कागदपत्रे आणि काळजाने द्या लागन?","अर्थसंकल्पातून माझी खाती खोली लागेल, काय कागदपत्रे आणि काळजाने द्यावी लागतील?",D4
काय पोरगा EMI ची रक्कम द्यावी लागते त्यासाठी पायजे मला कोणते विचार करावेत?,काय मुलगा EMI ची रक्कम द्यावी लागते त्यासाठी पाहिजे मला कोणते विचार करावेत?,D4
काय मला KYC प्रक्रिया पूर्ण करायचे असेल तर कुठे जावे लागन आणि काय कागदपत्रे द्या लागन?,काय मला KYC प्रक्रिया पूर्ण करायची असेल तर कुठे जावे लागेल आणि काय कागदपत्रे द्यावी लागतील?,D4
काय बँकेतून शिक्षण कर्ज घ्यायचे असेल तर काय प्रक्रिया आणि काळजाने पार पाडायची असेल त्यासाठी पायजे मला कोणते पुढे करावेत?,काय बँकेतून शिक्षण कर्ज घ्यायचे असेल तर काय प्रक्रिया आणि काळजाने पार पाडायची असेल त्यासाठी पाहिजे मला कोणते पुढे करावेत?,D4
"मले पोरगा पेंशन व्यवहार करतो हाय, तुमाले काय सुचवितात त्यासाठी?","मला मुलगा पेंशन व्यवहार करतो आहे, तुम्हाले काय सुचवतात त्यासाठी?",D4
काय मले लघु व्यवसायासाठी कर्ज घ्यायचे असेल तर कुठे जावे लागन आणि काय कागदपत्रे द्या लागन?,काय मला लघु व्यवसायासाठी कर्ज घ्यायचे असेल तर कुठे जावे लागेल आणि काय कागदपत्रे द्यावी लागतील?,D4
"मले कोणत्या बँकेचे बँकिंग सेवा स्वत: म्हाजी करण्याची योजना आहे हाय, तुमाले काय सुचवितात त्यासाठी?","मला कोणत्या बँकेचे बँकिंग सेवा स्वत: माझी करण्याची योजना आहे आहे, तुम्हाले काय सुचवतात त्यासाठी?",D4
म्हाले UPI असल्यांचा क्रेडिट कार्ड अर्ज करा लागन का?,मला UPI असलेल्या व्यक्तींचा क्रेडिट कार्ड अर्ज करावा लागेल का?,D4
तुम्हाला काय EMI शाळेली आहे म्हाजी?,तुम्हाला काय EMI शाळेली आहे माझी?,D4
मले खात्यात KYC करून घ्याच असन तर कुठ फॉर्म भरा लागन त्याची मायती मले कुठी भेटन त्यासाठी?,"मला खात्यात KYC करून घ्यायचे असेल तर कुठे फॉर्म भरावा लागेल, त्याची माहिती मला कुठे मिळेल?",D4
"हाय, मले नोकरी सुरू करायचे हाय, काय काय कागदपत्रे द्या लागन?","हाय, मला नोकरी सुरू करायचे आहे, काय काय कागदपत्रे द्यावी लागतील?",D4
"मले नुकताच क्रेडिट कार्ड मिळाला म्हाजी पोरगा, त्याची EMI किती आहे?","मला नुकताच क्रेडिट कार्ड मिळाला माझा मुलगा, त्याची EMI किती आहे?",D4
आपल्या बँकेतून UPI असल्यांचा मोबाईल लोन अर्ज करा लागन का?,आपल्या बँकेतून UPI असलेल्या व्यक्तींचा मोबाईल लोन अर्ज करावा लागेल का?,D4
"मले स्टडी लोन म्हाले म्हाजी पोरगा, काय काय कागदपत्रे द्या लागन?","मला स्टडी लोन म्हाला माझा मुलगा, काय काय कागदपत्रे द्यावी लागतील?",D4
तुम्हाला काय पीक कर्ज शाळेली आहे म्हाजी?,तुम्हाला काय पीक कर्ज शाळेली आहे माझी?,D4
मले मोबाईल लोन घ्याच असन तर कुठ अर्ज करा लागन त्याची मायती मले कुठी भेटन त्यासाठी?,"मला मोबाईल लोन घ्यायचे असेल तर कुठे अर्ज करावा लागेल, त्याची माहिती मला कुठे मिळेल?",D4
"हाय, मले नोकरी सोडायचे हाय, काय काय कागदपत्रे द्या लागन?","हाय, मला नोकरी सोडायचे आहे, काय काय कागदपत्रे द्यावी लागतील?",D4
मले बँकेतून क्रेडिट कार्ड घ्याच असन तर कुठ अर्ज करा लागन?,मला बँकेतून क्रेडिट कार्ड घ्यायचे असेल तर कुठे अर्ज करावा लागेल?,D4
मले पोरगा नोकरी करत असतांना तुमाले वेतनाच्या वाटपाचा म्हाजी खाता द्या लागन का?,मला मुलगा नोकरी करत असताना तुम्हाला वेतनाच्या वाटपाचा माझा खाता द्यावा लागेल का?,D4
हाय कुठून कार्ड सेट करा लागन त्याची मायती मले कुठी भेटन?,कुठून कार्ड सेट करावा लागेल त्याची माहिती मला कुठे मिळेल?,D4
मले युनिक पोर्टर स्कीममधून म्हाले लाभ मिळवच असन तर कुठ अर्ज करा लागन?,मला युनिक पोर्टर स्कीममधून मला लाभ मिळवायचा असेल तर कुठे अर्ज करावा लागेल?,D4
कुठून जीपीएन कार्ड अर्ज करा लागन का?,कुठून जीपीएन कार्ड अर्ज करावा लागेल का?,D4
मले बँकेतून सामान्य कर्ज घ्याच असन तर तुमाले काय काय कागदपत्रे द्या लागन?,मला बँकेतून सामान्य कर्ज घ्यायचे असेल तर तुम्हाला काय काय कागदपत्रे द्यावी लागतील?,D4
काय काय डॉक्युमेंट्स अर्ज करा लागन त्याची मायती मले कुठी भेटन?,काय काय डॉक्युमेंट्स अर्ज करावा लागेल त्याची माहिती मला कुठे मिळेल?,D4
मले बँकेच्या नेटबँकिंगमधून पायजे फ्रीचार्ज कार्ड धारण करा लागन का?,मला बँकेच्या नेटबँकिंगमधून पाहिजे फ्रीचार्ज कार्ड धारण करावा लागेल का?,D4
हाय बँकेतून EMI कार्ड अर्ज करा लागन कुठ?,बँकेतून EMI कार्ड अर्ज करावा लागेल कुठे?,D4
मले वित्तीय सेवा नेटवर्कमधून KYC पूर्ण करा लागन हाय?,मला वित्तीय सेवा नेटवर्कमधून KYC पूर्ण करावा लागेल आहे?,D4
मले क्रेडिट कार्डदे बाहेर काढायले करवतत आहे त्यामुळे मला पायजे म्हणजे काय काय कागदपत्रे द्या लागन?,मला क्रेडिट कार्ड काढायचे आहे त्यामुळे मला पाहिजे म्हणजे काय काय कागदपत्रे द्यावी लागतील?,D4
तुमाले वार्षिक लाभ भत्ता देण्यासाठी पात्र आहात काय हाय त्यासाठी पोरगा अर्ज करा लागन?,तुम्हाला वार्षिक लाभ भत्ता देण्याची पात्रता आहे का त्यासाठी मुलगा अर्ज करावा लागेल?,D4
मले ऑनलाईन बँकिंग काढायले करवतत आहे त्यामुळे मला म्हाजी खाती सारखी काय कागदपत्रे द्या लागन?,मला ऑनलाईन बँकिंग काढायचे आहे त्यामुळे मलाची खाती सारखी कागदपत्रे द्यावी लागतील?,D4
मले शिकायले कर्ज घ्याच असन तर काय काय कागदपत्रे द्या लागन त्यासाठी अर्ज करा लागन का?,"मला शिक्षणासाठी कर्ज घ्यायचे असेल तर काय काय कागदपत्रे द्यावी लागतील, त्यासाठी अर्ज करावा लागेल का?",D4
तुमाले बँकेचा व्याजाची वळरी मिळवायले करवतत आहे त्यासाठी काय काय कागदपत्रे द्या लागन?,तुम्हाला बँकेचा व्याजाची वळरी मिळवायची आहे त्यासाठी काय काय कागदपत्रे द्यावी लागतील?,D4
मले माझे सेविंग अकाउंट शाळेत देण्यासाठी पोरगा अर्ज करा लागन का?,मला माझे सेविंग अकाउंट शाळेत देण्याची इच्छा आहे त्यासाठी मुलगा अर्ज करावा लागेल का?,D4
"हाय, नोकरी करायले म्हाले त्यामुळे काय काय कागदपत्रे द्या लागन?","आहे, नोकरी करायची आहे माझी त्यामुळे काय काय कागदपत्रे द्यावी लागतील?",D4
मले बँकेतून व्याजाने कर्ज घ्याच असन तर पायजे म्हणजे काय काय कागदपत्रे द्या लागन?,मला बँकेतून व्याजाने कर्ज घ्यायचे असेल तर पाहिजे म्हणजे काय काय कागदपत्रे द्यावी लागतील?,D4
तुमाले EMI करायले करवतत आहे त्यामुळे तुमाले काय काय कागदपत्रे द्या लागन?,तुम्हाला EMI काढायची आहे त्यामुळे तुम्हाला काय काय कागदपत्रे द्यावी लागतील?,D4
मले KYC पूर्ण करायले म्हाले त्यामुळे मला काय काय कागदपत्रे द्या लागन?,मला KYC पूर्ण करायचे आहे त्यामुळे मला काय काय कागदपत्रे द्यावी लागतील?,D4
मले वित्तीय विवेचना करायले करवतत आहे त्यामुळे मला काय काय कागदपत्रे द्या लागन?,मला वित्तीय विवेचना करायची आहे त्यामुळे मला काय काय कागदपत्रे द्यावी लागतील?,D4
मले शिकायले कर्ज घ्याच असन तर कुठ अर्ज करा लागन त्याची मायती मले कुठी भेटन त्यासाठी ऑनलाईन अर्ज करा लागन का?,"मला शिक्षणासाठी कर्ज घ्यायचे असेल तर कुठे अर्ज करावा लागेल, त्याची माहिती मला कुठे मिळेल? त्यासाठी ऑनलाईन अर्ज करावा लागेल का?",D4
काय काय कागदपत्रे पोरगाने त्याची बँकेतून खाती उघडायची असतील?,काय काय कागदपत्रे मुलाने त्याची बँकेतून खाती उघडायची असतील?,D4
तुमाले कोणत्या बँकेतून क्रेडिट कार्ड मिळवायचे हाय त्याची सर्व मायती मले कुठी भेटन?,तुम्हाला कोणत्या बँकेतून क्रेडिट कार्ड मिळवायचे आहे त्याची सर्व माहिती मला कुठे मिळेल?,D4
मले एका महिन्याच्या EMIच्या भावाने अर्थव्यवस्था करूण पाहिजे ते कशामुळे?,मला एका महिन्याच्या EMIच्या भावाने अर्थव्यवस्था करणे पाहिजे ते कशामुळे?,D4
काय काय विद्युत पुरवठा बिले तुमाले मागवायचे हाय त्याची बँकेतून काय काय कागदपत्रे द्या लागन?,काय काय विद्युत पुरवठा बिले तुम्हाला मागवायचे आहेत त्याची बँकेतून काय काय कागदपत्रे द्यावी लागतील?,D4
तुमाले ऑनलाइन शॉपिंग वर UPI वापरायचे हाय त्याची सर्व मायती मले कुठी भेटन?,तुम्हाला ऑनलाइन शॉपिंग वर UPI वापरायचे आहे त्याची सर्व माहिती मला कुठे मिळेल?,D4
काय काय कागदपत्रे द्या लागन तुमाले बँकेतून खाती उघडायची असतील काय काय कोटकोमोनी बँक?,काय काय कागदपत्रे द्यावी लागतील तुम्हाला बँकेतून खाती उघडायची असतील काय काय कोटकोमोनी बँक?,D4
मले तुमाले KYC कागदपत्रे भेटवस्ती करायचे हाय त्याची सर्व मायती मले कुठी भेटन?,मला तुम्हाला KYC कागदपत्रे भेटवस्ती करावी लागेल त्याची सर्व माहिती मला कुठे मिळेल?,D4
मले शेतकरी कोणत्या बँकेतून कर्ज मिळवायचे हाय त्याची सर्व मायती मले कुठी भेटन?,मला शेतकरी कोणत्या बँकेतून कर्ज मिळवायचे आहे त्याची सर्व माहिती मला कुठे मिळेल?,D4
तुमाले एका महिन्याच्या EMIच्या भावाने अर्थव्यवस्था करूण पाहिजे त्यासाठी कोणत्या बँकेतून भाव कमी होणार का?,तुम्हाला एका महिन्याच्या EMIच्या भावाने अर्थव्यवस्था करणे पाहिजे त्यासाठी कोणत्या बँकेतून भाव कमी होणार आहे?,D4
मले शिकायले कर्ज घ्याच असन तर कुठ अर्ज करा लागन त्याची मायती मले कुठी भेटन त्यासाठी ऑनलाईन अर्ज करा लागन का?,"मला शिक्षणासाठी कर्ज घ्यायचे असेल तर कुठे अर्ज करावा लागेल, त्याची माहिती मला कुठे मिळेल? त्यासाठी ऑनलाईन अर्ज करावा लागेल का?",D4
हाय बँकेतून क्रेडिट कार्ड मिळवले तर काय कागदपत्रे द्या लागन?,बँकेतून क्रेडिट कार्ड मिळवायचे आहे तर काय कागदपत्रे द्यावी लागतील?,D4
मले शेतीमध्ये उर्जा बचत करण्यासाठी काय यंत्रणा बांधली पाहिजे तुमाले कळते का?,मला शेतीमध्ये उर्जा बचत करण्यासाठी काय यंत्रणा बांधली पाहिजे तुम्हाला कळते का?,D4
"बँकेतून पीक कर्ज घ्यायचे हाय, काय काय कागदपत्रे द्या लागन?","बँकेतून पीक कर्ज घ्यायचे आहे, काय काय कागदपत्रे द्यावी लागतील?",D4
पोरगा तुमच्या बँक खात्यातून किती रुपये आहेत तुमाले कळते का?,मुलगा तुमच्या बँक खात्यातून किती रुपये आहेत तुम्हाला कळते का?,D4
मले UPI चा फायदा घ्यायचा आहे काय कार्ये करावी लागन तुमाले कळते का?,मला UPI चा फायदा घ्यायचा आहे काय कार्ये करावी लागतील तुम्हाला कळते का?,D4
हाय बँकेतून प्रत्यक्षात लोन मिळवले तर काय कागदपत्रे द्या लागन?,बँकेतून प्रत्यक्षात लोन मिळवायचे आहे तर काय कागदपत्रे द्यावी लागतील?,D4
मले शेतीला फायदा करण्यासाठी काय व्यवस्था बांधली पाहिजे तुमाले कळते का?,मला शेतीला फायदा करण्यासाठी काय व्यवस्था बांधली पाहिजे तुम्हाला कळते का?,D4
पोरगा तुमच्या डेबिट कार्डवर किती शुल्क आहेत तुमाले कळते का?,मुलगा तुमच्या डेबिट कार्डवर किती शुल्क आहेत तुम्हाला कळते का?,D4
मले शिकायले कर्ज घ्याच असन तर कुठ अर्ज करा लागन त्याची मायती मले कुठी भेटन त्यासाठी KYC करा लागन का?,"मला शिक्षणासाठी कर्ज घ्यायचे असेल तर कुठे अर्ज करावा लागेल, त्याची माहिती मला कुठे मिळेल? त्यासाठी KYC करावा लागेल का?",D4
"मले क्रेडिट कार्डचा खाता पोरगा नावावर ठेवायचा आहे, म्हाजी खात्यातील माहिती मले पाहिजे काय?","मला क्रेडिट कार्डचा खाता मुलगा नावावर ठेवायचा आहे, माझ्या खात्यातील माहिती मला काय पाहिजे?",D4
बँकेतून म्हाले EMI द्यायचे असतील तर काय कागदपत्रे तुमाले द्या लागन?,बँकेतून मला EMI द्यायचे असतील तर काय कागदपत्रे तुम्हाला द्यावी लागतील?,D4
"मले UPI चा कोड म्हाजी मोबाइलवर माथून भेटायचा आहे, कायले याची मायती मले कुठी भेटन त्याची मायती मले पाहिजे?","मला UPI चा कोड माझ्या मोबाइलवर वरून भेटायचा आहे, कशामुळे याची माहिती मला कुठे मिळेल त्याची माहिती मला पाहिजे?",D4
बँकेतून म्हाले पीक कर्ज घ्यायचे असतील तर व्याज दर कुठी म्हाजी दिसतात?,बँकेतून मला पीक कर्ज घ्यायचे असतील तर व्याज दर कुठे दिसतात?,D4
बँकेतून कर्तवता म्हाले KYC म्हाजी स्वीकारली जाईल काय?,बँकेतून करून घेतात मला KYC माझी स्वीकारली जाईल का?,D4
मले म्हाजी खात्यातील माहिती ऑनलाईन पाहिजे काय?,मला माझ्या खात्यातील माहिती ऑनलाईन पाहिजे काय?,D4
बँकेतून म्हाले म्हाजी खात्यातील माहिती पाहिजे काय?,बँकेतून मला माझ्या खात्यातील माहिती पाहिजे काय?,D4
मले म्हाजी खात्यातून म्हाले पैसे निघन पायजे काय?,मला माझ्या खात्यातून मला पैसे निघणे पाहिजे काय?,D4
बँकेतून म्हाले म्हाजी खात्यातील माहिती पोरगा नावावर द्यायची आहे काय?,बँकेतून मला माझ्या खात्यातील माहिती मुलगा नावावर द्यायची आहे का?,D4
"मले म्हाजी खात्यातील माहिती तुमाले द्यायची आहे, पायजे काय?","मला माझ्या खात्यातील माहिती तुम्हाला द्यायची आहे, पाहिजे काय?",D4
मले क्रेडिट कार्ड पासपोर्टसाठी अर्ज करून घ्याच असन तर काय कागदपत्रे द्या लागन?,मला क्रेडिट कार्ड वापरून पासपोर्टासाठी अर्ज करायला हवा असेल तर काय कागदपत्रे द्यावी लागतील?,D4
"मले बँकेत युनिटी लिंक्ड सेव्हिंग्स अकाउंट (यूएलएसी) खाता हाय, त्यात फंड ट्रान्सफर करा लागन काय?","मला बँकेत युनिटी लिंक्ड सेव्हिंग्स अकाउंट (यूएलएसी) खाता आहे, त्यात फंड ट्रान्सफर करण्यासाठी काय करावे लागते?",D4
"मले कायमचे खाते म्हाजी असणार तर पायजे हाय, कुठे खाती खुली लागन?","मला कायमचे खाते माझे असणार तर पाहिजे आहे, कुठे खाती खुली लागेल?",D4
"मले म्हाले यूपीबायस क्रेडिट कार्ड हाय, काय कागदपत्रे द्या लागन?","मला यूपीबायस क्रेडिट कार्ड आहे, काय कागदपत्रे द्यावी लागतील?",D4
"मले बँकेतून लोन हाय, काय कागदपत्रे द्या लागन?","मला बँकेतून लोन आहे, काय कागदपत्रे द्यावी लागतील?",D4
मले क्रेडिट कार्डच्या बिल्स भेटन त्यासाठी ऑनलाईन पेमेंट करा लागन काय?,मला क्रेडिट कार्डच्या बिल्स मिळतात त्यासाठी ऑनलाईन पेमेंट करावे लागते का?,D4
"मले पोरगा यापुढे कायमचे खाते खुले लागन, काय कागदपत्रे द्या लागन?","मला मुलगा यापुढे कायमचे खाते खुले लागेल, काय कागदपत्रे द्यावी लागतील?",D4
"मले बँकेतून कार लोन हाय, काय कागदपत्रे द्या लागन?","मला बँकेतून कार लोन आहे, काय कागदपत्रे द्यावी लागतील?",D4
मले शिकायले कर्ज घ्याच असन तर कुठ अर्ज करा लागन त्याची मायती मले कुठी भेटन?,"मला शिक्षणासाठी कर्ज घ्यायचे असेल तर कुठे अर्ज करावा लागेल, त्याची माहिती मला कुठे मिळेल?",D4
"मले म्हाले पेंशन अकाउंट हाय, त्यात फंड ट्रान्सफर करा लागन काय?","मला पेंशन अकाउंट आहे, त्यात फंड ट्रान्सफर करण्यासाठी काय करावे लागते?",D4
कर्ज भरण्याच्या निमित्ताने हाय मले पोरगा कुठे जावे लागन तुमाले ह्या कर्जासाठी तुम्हाला काय काय कागदपत्रे द्या लागन?,"कर्ज भरण्याच्या निमित्ताने आहे, मला मुलगा कुठे जावे लागेल? तुम्हाला ह्या कर्जासाठी काय काय कागदपत्रे द्यावी लागतील?",D4
क्रेडिट कार्ड पोर्ट नंबर तुमाले म्हाजी कुठे द्यावे लागन?,क्रेडिट कार्ड पोर्ट नंबर तुम्हाला माझ्याकडे कुठे द्यावा लागेल?,D4
काय काय शुल्क ही मले तुमाले कुठे भेटन त्याची काय आहे ह्याची मायती मले कुठी भेटन?,काय काय शुल्क ही मला तुम्हाला कुठे मिळेल? त्याची काय आहे ह्याची माहिती मला कुठे मिळेल?,D4
अ‍ॅकाउंट हाय तुमाले म्हाजी कुठे पोरगा काय वाजता कळशी द्या लागन?,"अ‍ॅकाउंट आहे, तुम्हाला माझ्याकडे मुलगा काय वाजता कळशी द्यावी लागतील?",D4
मले कायले बँकेच्या ब्रँचेच्या खुणेकडे जावे लागन ह्याची मायती मले कुठी भेटन?,मला कशामुळे बँकेच्या ब्रँचेच्या खुणेकडे जावे लागेल? त्याची माहिती मला कुठे मिळेल?,D4
कुठ हाय कर्ज वाढवाची मायती मले पोरगा कुठे भेटन तुमाले ह्या कर्जासाठी काय काय कागदपत्रे द्या लागन?,कुठे आहे कर्ज वाढवाची माहिती मला मुलगा कुठे मिळेल? तुम्हाला ह्या कर्जासाठी काय काय कागदपत्रे द्यावी लागतील?,D4
बँकेच्या वेबसाइटवरून हाय ह्या सेवेसाठी तुमाले काय काय कागदपत्रे द्या लागन?,बँकेच्या वेबसाइटवरून आहे ह्या सेवेसाठी तुम्हाला काय काय कागदपत्रे द्यावी लागतील?,D4
क्रेडिट कार्ड शुल्क काय आहे मले पोरगा कुठे जावे लागन तुमाले ह्या शुल्कासाठी काय काय कागदपत्रे द्या लागन?,क्रेडिट कार्ड शुल्क काय आहे मला मुलगा कुठे जावे लागेल? तुम्हाला ह्या शुल्कासाठी काय काय कागदपत्रे द्यावी लागतील?,D4
काय काय शुल्क ही मले तुमाले कुठे भेटन त्याची मायती मले कुठी भेटन ह्या कर्जासाठी?,काय काय शुल्क ही मला तुम्हाला कुठे मिळेल? त्याची माहिती मला कुठे मिळेल ह्या कर्जासाठी?,D4
मले शिक्षणासाठी हाय कर्ज मिळते का तुमाले म्हाजी काय कागदपत्रे द्या लागन?,मला शिक्षणासाठी आहे कर्ज मिळते का? तुम्हाला काय कागदपत्रे द्यावी लागतील?,D4
"बँकेतून गावातील शेतकरी कर्ज द्या लागन वाटते, मला कुठल्या कागदपत्रे लागतील?","बँकेतून गावातील शेतकर्याला कर्ज द्यावे लागते आहे, मला कुठले कागदपत्र लागतील?",D4
"मले क्रेडिट कार्ड ची फीस काय असणार हाय, मला किती पैसे भरावे लागतील?","मला क्रेडिट कार्ड ची फीस काय असणार आहे, मला किती पैसे भरावे लागतील?",D4
मला स्टॉक मार्केट ची माहिती मले कुठी पाहिजे त्यासाठी ऑनलाईन सर्व्हिस किती खर्च होणार,मला स्टॉक मार्केट ची माहिती मला कुठे पाहिजे त्यासाठी ऑनलाईन सर्व्हिस किती खर्च होईल,D4
मले शिकायले कर्ज घ्याच असन तर कुठ अर्ज करा लागन त्याची मायती मले कुठी भेटन त्यासाठी ऑनलाईन अर्ज करा लागन का,"मला शिक्षणासाठी कर्ज घ्यायचे असेल तर कुठे अर्ज करावा लागेल, त्याची माहिती मला कुठे मिळेल? त्यासाठी ऑनलाईन अर्ज करावा लागेल का?",D4
"बँकेतून पीक कर्ज घ्यायचे हाय, काय काय कागदपत्रे द्या लागन?","बँकेतून पीक कर्ज घ्यायचे आहे, काय काय कागदपत्रे द्यावी लागतील?",D4
मले ग्रेच्या कर किती भरावे लागन तुमाले सांगा लागन,मला ग्रेच्या कर किती भरावे लागेल तुम्हाला सांगावे लागेल,D4
कुठे डिजिटल पेमेंट चे व्यवस्था करावा त्याची मायती मले कुठी भेटन त्याची किती फी होणार?,कुठे डिजिटल पेमेंट चे व्यवस्था करावे लागेल त्याची माहिती मला कुठे मिळेल? त्याची किती फी होईल?,D4
"मले डेबिट कार्ड लायसेन्स फीस भरण्यासाठी ऑनलाईन पेमेंट करवतत, काय तुमाले बँकेच्या साइटवर जावे लागन?","मला डेबिट कार्ड लायसेन्स फीस भरण्यासाठी ऑनलाईन पेमेंट करून घेतात, काय तुम्हाला बँकेच्या साइटवर जावे लागते?",D4
"हाय, मले क्रेडिट कार्ड खात्यावर EMI भरण्याची मायती पोरगा काय काय पाहिजे लागन?","आहे, मला क्रेडिट कार्ड खात्यावर EMI भरण्याची माहिती मुलगा काय काय पाहिजे लागते?",D4
मले बँकेच्या शाखेतून UPI पेमेंट सुविधा वापरवयाची मलटी च्या पोरगा काय काय पाहिजे लागन?,मला बँकेच्या शाखेतून UPI पेमेंट सुविधा वापरवयाची माहिती मुलगा काय काय पाहिजे लागते?,D4
"करवतत, मले आयकर व्यवस्थापन करपासून KYC अपडेट करू शकतो, हाय?","करून घेतात, मला आयकर व्यवस्थापन करपासून KYC अपडेट करू शकतो, आहे?",D4
मले बँकेच्या संबंधित तुमाले संपर्क करावयाचे पोरगा काय काय पाहिजे लागन?,मला बँकेच्या संबंधित तुम्हाला संपर्क करावयाचे मुलगा काय काय पाहिजे लागते?,D4
मले फिक्स्ड डिपॉझिट रेट वाचायले मायती पोरगा काय काय पाहिजे लागन?,मला फिक्स्ड डिपॉझिट रेट वाचायला माहिती मुलगा काय काय पाहिजे लागते?,D4
"हाय, मले बँकेचे मोबाइल ऐप इंस्टॉल करू शकतो, काय पोरगा काय काय पाहिजे लागन?","आहे, मला बँकेचे मोबाइल ऐप इंस्टॉल करू शकतो, मुलगा काय काय पाहिजे लागते?",D4
मले बँकेच्या शाखेतून FD खात्यावर ग्राहकांनी पोरगा काय काय पाहिजे लागन?,मला बँकेच्या शाखेतून FD खात्यावर ग्राहकांना मुलगा काय काय पाहिजे लागते?,D4
"करवतत, मले बँकेची वाढीव दर वाचायले मायती पायजे काय काय पाहिजे लागन?","करून घेतात, मला बँकेची वाढीव दर वाचायला माहिती पाहिजे लागते?",D4
मले बँकेच्या ऑनलाईन सेवांची कशामुळे पोरगा काय काय पाहिजे लागन?,मला बँकेच्या ऑनलाईन सेवांचा वापर करण्यासाठी मुलगा काय काय पाहिजे लागते?,D4
मले शिकायले कर्ज घ्याच असन तर कुठ अर्ज करा लागन त्याची मायती मले कुठी भेटन त्यासाठी ऑनलाईन अर्ज करा लागन का?,"मला शिक्षणासाठी कर्ज घ्यायचे असेल तर कुठे अर्ज करावा लागेल, त्याची माहिती मला कुठे मिळेल? त्यासाठी ऑनलाईन अर्ज करावा लागेल का?",D4
"बँकेतून पीक कर्ज घ्यायचे हाय, काय काय कागदपत्रे द्या लागन?","बँकेतून पीक कर्ज घ्यायचे आहे, काय काय कागदपत्रे द्यावी लागतील?",D4
क्रेडिट कार्डसाठी म्हाजी काय कागदपत्रे द्या लागन?,क्रेडिट कार्डासाठी माझ्याकडे काय कागदपत्रे द्यावी लागतील?,D4
उत्पन्नाची चौकशी करू लागा का त्याची मायती तुम्हाला कुठे मिळेल?,उत्पन्नाची चौकशी करावी का? त्याची माहिती तुम्हाला कुठे मिळेल?,D4
बँकेकडून EMI ला भरण्याची काय वेळ निश्चित केली आहे?,बँकेकडून EMI ला भरण्याची काय वेळ निश्चित केली आहे?,D4
मले व्यापारासाठी सूक्ष्म वित्त योजना घ्यायची आहे का त्यासाठी काय कागदपत्रे द्या लागन?,मला व्यापारासाठी सूक्ष्म वित्त योजना घ्यायची आहे का? त्यासाठी काय कागदपत्रे द्यावी लागतील?,D4
बँकेकडून UPI सुविधा काय वेळी सुरु होती?,बँकेकडून UPI सुविधा काय वेळी सुरु होती?,D4
केवळ KYC पूर्ण झाल्याने म्हाले कुठे भेटणारी कार्ड मिळेल?,केवळ KYC पूर्ण झाल्याने मला कुठे भेटणारी कार्ड मिळेल?,D4
म्हाजी पोरगा बँकेकडून FD खाता खोल्या खुणवू शकते का?,माझा मुलगा बँकेकडून FD खाता खोल्या खुणवू शकते का?,D4
बँकेकडून प्रगतीपात्र पोरगा वर्गाची रोख व्याजाची राशी मिळेल का?,बँकेकडून प्रगतीपात्र मुलगा वर्गाची रोख व्याजाची राशी मिळेल का?,D4
मले व्यक्तिगत ऋणा ते स्वीकार करावा लागन त्यासाठी मला कुठी जावे लागन?,मला व्यक्तिगत ऋण स्वीकारण्यासाठी माझी जागेची माहिती कुठे मिळेल?,D4
बँकेच्या ऑनलाईन सेवा ने मला पोरगांची क्रेडिट कार्डा स्वीकारण्या साठी पैसे जमा करण्याची सुविधा देतात काय?,बँकेच्या ऑनलाईन सेवेने माझ्या मुलाच्या क्रेडिट कार्ड स्वीकारण्यासाठी पैसे जमा करण्याची सुविधा देते का?,D4
मले कार उधारीला द्यावी लागण त्यासाठी मला काय काय कागदपत्रे द्या लागन?,मला कार उधार देण्यासाठी काय काय कागदपत्रे द्यावी लागतील?,D4
तुमाले EMI ते भरण्या साठी चुकीच्या तारीखी का देतात?,तुम्हाला EMI भरण्यासाठी चुकीच्या तारीखी का देतात?,D4
मले UPI ते पेमेंट करण्या साठी पोरगांचे फोन नंबर काय द्यावे लागन?,मला UPI पेमेंट करण्यासाठी माझ्या मुलाचा फोन नंबर कुठे द्यावा लागेल?,D4
काय काय माहिती मला तुम्ही बँकेच्या KYC नियमा ने कायम ठेवण्या साठी म्हाजी काढला पाहिजे?,काय काय माहिती मला बँकेच्या KYC नियमा ने कायम ठेवण्यासाठी माझ्याकडून काढली पाहिजे?,D4
बँकेतून मला काय काय प्रकारच्या व्याजा मिळण्या साठी अर्ज करावा लागन?,बँकेतून मला काय काय प्रकारच्या व्याजा मिळण्यासाठी अर्ज करावा लागेल?,D4
मले तुम्ही बँकेच्या पैसे जमा करण्या साठी शिक्षित करण्या साठी काय काय कागदपत्रे द्या लागन?,मला तुम्ही बँकेच्या पैसे जमा करण्यासाठी शिक्षित करण्यासाठी काय काय कागदपत्रे द्यावी लागतील?,D4
काय काय कागदपत्रे मला तुम्ही बँकेच्या पोरगांच्या पेन्शन फंड साठी अर्ज करण्या साठी द्या लागन?,काय काय कागदपत्रे मला बँकेच्या माझ्या मुलाच्या पेन्शन फंडासाठी अर्ज करण्यासाठी द्यावी लागतील?,D4
बँकेतून मला काय काय प्रकारच्या लोना मिळण्या साठी अर्ज करावा लागन?,बँकेतून मला काय काय प्रकारच्या लोन मिळण्यासाठी अर्ज करावा लागेल?,D4
मले शिकायले कर्ज घ्याच असन तर कुठ अर्ज करा लागन त्याची मायती मले कुठी भेटन त्यासाठी ऑनलाईन अर्ज करा लागन का?,"मला शिक्षणासाठी कर्ज घ्यायचे असेल तर कुठे अर्ज करावा लागेल, त्याची माहिती मला कुठे मिळेल? त्यासाठी ऑनलाईन अर्ज करावा लागेल का?",D4
तुमाले क्रेडिट कार्ड वापरू शकत नाही काय हाय?,तुम्हाला क्रेडिट कार्ड वापरू शकत नाही का?,D4
"हाय, मला EMI ब्याज दर कमी करता येतो काय पायजे?","अाहे, मला EMI ब्याज दर कमी करता येतो का?",D4
"बँकेतून पीक कर्ज घ्यायचे हाय, काय काय कागदपत्रे द्या लागन?","बँकेतून पीक कर्ज घ्यायचे आहे, काय काय कागदपत्रे द्यावी लागतील?",D4
मले युनिव्हर्सल पेमेंट इन्स्ट्रूमेंटची (UPI) वापरू शकते काय हाय?,मला युनिव्हर्सल पेमेंट इन्स्ट्रूमेंटची (UPI) वापरू शकते का?,D4
तुम्हाले आधार कार्ड कशा दाखवायचे काय पोरगा?,तुम्हाला आधार कार्ड कशा दाखवावा लागतो?,D4
मले खाती उघडावी असण तर कुठ जावं लागन हाय?,मला खाती उघडावी असेल तर कुठे जावे लागेल?,D4
"कायले या माझा KYC पुरवले नाही असं, पायजे?",कशामुळे या माझा KYC पुरवला नाही आहे का?,D4
"मले हाय, मला बँकिंग सेवा ह्या वर आधारित चेकबुक कश्या मिळतात?","अाहे, मला बँकिंग सेवा ह्या वर आधारित चेकबुक कश्या मिळतात?",D4
"मले अर्ज करायला लागले असं, पोरगा कर्जाची संभाव्यता काय आहे?",मला अर्ज करायला लागले आहे; कर्जाची संभाव्यता काय आहे?,D4
मले शिकायले कर्ज घ्याच असन तर कुठ अर्ज करा लागन त्याची मायती मले कुठी भेटन त्यासाठी ऑनलाईन अर्ज करा लागन का?,"मला शिक्षणासाठी कर्ज घ्यायचे असेल तर कुठे अर्ज करावा लागेल, त्याची माहिती मला कुठे मिळेल? त्यासाठी ऑनलाईन अर्ज करावा लागेल का?",D4
मले पेमेंट करण्यासाठी क्रेडिट कार्ड कशाला लागन हाय?,मल्याला पेमेंट करण्यासाठी क्रेडिट कार्ड कशाला लागेल?,D4
"बँकेतून पीक कर्ज घ्यायचे हाय, काय काय कागदपत्रे द्या लागन?","बँकेतून पीक कर्ज घ्यायचे आहे, काय काय कागदपत्रे द्यावी लागतील?",D4
तुमाले काय कागदपत्रे द्या लागन क्रेडिट कार्ड बँकेतून वापरण्यासाठी?,तुम्हाला काय कागदपत्रे द्यावी लागतील क्रेडिट कार्ड बँकेतून वापरण्यासाठी?,D4
मले एकदा लवकर वेतनाची अटोटी काढता काय पायजे?,मल्याला एकदा लवकर वेतनाची अटोटी काढता काय पाहिजे?,D4
काय कागदपत्रे द्या लागन तुमाले प्रिंसिपल आणि इंटरेस्ट पेमेंट चा ऑनलाईन चेक करण्यासाठी?,काय कागदपत्रे द्यावी लागतील तुम्हाले प्रिंसिपल आणि इंटरेस्ट पेमेंट चा ऑनलाईन चेक करण्यासाठी?,D4
मले काय करावे लागन UPI पेमेंट च्या माध्यमातून वेतनाची अटोटी काढण्यासाठी?,मल्याला काय करावे लागेल UPI पेमेंट च्या माध्यमातून वेतनाची अटोटी काढण्यासाठी?,D4
कायदेशीर नमुन्यातून काय कागदपत्रे द्या लागन क्रेडिट कार्ड बँकेतून प्रिंसिपल आणि इंटरेस्ट पेमेंट चा ऑनलाईन चेक करण्यासाठी?,कायदेशीर नमुन्यातून काय कागदपत्रे द्यावी लागतील क्रेडिट कार्ड बँकेतून प्रिंसिपल आणि इंटरेस्ट पेमेंट चा ऑनलाईन चेक करण्यासाठी?,D4
मले कुठे अर्ज करा लागन तुमाले वेतनाची अटोटी काढण्यासाठी?,मल्याला कुठे अर्ज करावा लागेल तुम्हाले वेतनाची अटोटी काढण्यासाठी?,D4
बँकेतून काय करावे लागन तुमाले प्रिंसिपल आणि इंटरेस्ट पेमेंट चा ऑनलाईन चेक करण्यासाठी?,बँकेतून काय करावे लागेल तुम्हाले प्रिंसिपल आणि इंटरेस्ट पेमेंट चा ऑनलाईन चेक करण्यासाठी?,D4
मले क्रेडिट कार्ड तयार करून घेतले असता काय कागदपत्रे द्या लागन?,मला क्रेडिट कार्ड तयार करून घेतले असता काय कागदपत्रे द्यावी लागतील?,D4
"हाय, मले पोरग्यांना बँकमधून शिक्षण कर्ज द्यावे लागतील का?","आहे, मला मुलांना बँकमधून शिक्षण कर्ज द्यावे लागतील का?",D4
तुम्हाले या बँकेचे ऑनलाईन बँकिंग सेवा कुठे भेटतात?,तुम्हाला या बँकेचे ऑनलाईन बँकिंग सेवा कुठे मिळतात?,D4
"काय म्हाले हाय, बँकेतून पीक कर्ज घ्यायचे असेल तर काय कागदपत्रे पाहिजे?","काय आहे, बँकेतून पीक कर्ज घ्यायचे असेल तर काय कागदपत्रे पाहिजे?",D4
"काय म्हाजी हाय, या बँकेमधून नगद कर्ज कसे मिळतो?","काय आहे, या बँकेमधून नगद कर्ज कसे मिळतो?",D4
"काय पोरग्यांना हाय, बँकेमधून UPI सेवा कुठे भेटतात?","काय मुलांना आहे, बँकेमधून UPI सेवा कुठे मिळतात?",D4
"काय तुम्हाले हाय, बँकेमधून EMI कसे भरणे का?","काय तुम्हाला आहे, बँकेमधून EMI कसे भरणे का?",D4
"काय म्हाजी हाय, बँकेमधून KYC कागदपत्रे कुठे भेटतात?","काय आहे, बँकेमधून KYC कागदपत्रे कुठे मिळतात?",D4
"काय म्हाले हाय, बँकेमधून पीक कर्ज काय कागदपत्रे द्या लागन?","काय आहे, बँकेमधून पीक कर्ज काय कागदपत्रे द्यावी लागतील?",D4
"काय पोरग्यांना हाय, बँकेमधून ऑनलाईन शॉपिंग बँकिंग कसे करावी का?","काय मुलांना आहे, बँकेमधून ऑनलाईन शॉपिंग बँकिंग कसे करावी का?",D4
मले व्यक्तिगत लोन घ्याले करावे असन तर कुठ काय प्रक्रिया असन त्याची मायती मले कुठी भेटन?,"मला व्यक्तिगत लोन घ्यायचे असेल तर कुठे काय प्रक्रिया असेल, त्याची माहिती मला कुठे मिळेल?",D4
"मले बँकेतून क्रेडिट कार्ड धारण करा लागन हाय, काय कागदपत्रे द्या लागन त्याची मायली मले कुठी भेटन?","मला बँकेतून क्रेडिट कार्ड धारण करायचे आहे, काय कागदपत्रे द्यावी लागतील त्याची माहिती मला कुठे मिळेल?",D4
तुमाले UPI ला आधार कार्ड वापरात असन तर काय काय प्रक्रिया असन त्यासाठी काय कागदपत्रे द्या लागन?,तुम्हाला UPI ला आधार कार्ड वापरायचे असेल तर काय काय प्रक्रिया असेल त्यासाठी काय कागदपत्रे द्यावी लागतील?,D4
"मले बँकेतून EMI करावी लागन हाय, काय कागदपत्रे द्या लागन त्याची मायती मले कुठी भेटन?","मला बँकेतून EMI करायचे आहे, काय कागदपत्रे द्यावी लागतील त्याची माहिती मला कुठे मिळेल?",D4
काय प्रक्रिया असन त्यासाठी बँकेतून KYC केवळ करावे असन? त्याची मायली मले कुठी भेटन?,काय प्रक्रिया असेल त्यासाठी बँकेतून KYC केवळ करावी लागते? त्याची माहिती मला कुठे मिळेल?,D4
"मले पोरग्याला युजर आयडी द्या लागन हाय, काय फॉर्मालिटी असन त्याची मायली मले कुठी भेटन?","मला मुलाला युजर आयडी द्यावी लागते आहे, काय फॉर्मालिटी असेल त्याची माहिती मला कुठे मिळेल?",D4
"तुमाले बँकेतून म्हाले खाता खोला लावा लागन हाय, काय प्रक्रिया असन त्याची मायती मले कुठी भेटन?","तुम्हाला बँकेतून मला खाता खोला लावायचे असेल तर काय प्रक्रिया असेल, त्याची माहिती मला कुठे मिळेल?",D4
"मले बँकेतून म्हाजी खाता खोला लावा लागन हाय, काय कागदपत्रे द्या लागन त्याची मायली मले कुठी भेटन?","मला बँकेतून माझा खाता खोला लावायचे आहे, काय कागदपत्रे द्यावी लागतील त्याची माहिती मला कुठे मिळेल?",D4
"काय प्रक्रिया असन त्यासाठी बँकेतून म्हाले नोकरी निवडावी लागन हाय, काय कागदपत्रे द्या लागन?","काय प्रक्रिया असेल त्यासाठी बँकेतून मला नोकरी निवडावी लागते आहे, काय कागदपत्रे द्यावी लागतील?",D4
"मले बँकेतून म्हाजी लोन पोर्टफोलिओ सुधारावी लागन हाय, काय कागदपत्रे द्या लागन त्याची मायती मले कुठी भेटन?","मला बँकेतून माझा लोन पोर्टफोलिओ सुधारायचे आहे, काय कागदपत्रे द्यावी लागतील त्याची माहिती मला कुठे मिळेल?",D4
"मले विक्री सुरू करण्यासाठी पोरगा क्रेडिट कार्ड मिळावा लागन, पायजे म्हणजे काय?","मला विक्री सुरू करण्यासाठी पोरगा क्रेडिट कार्ड मिळावा लागेल, पाहिजे म्हणजे काय?",D4
कोणी हाय UPI च्या बाबतीतचा प्रश्न विचारला तर मले तुमाले एका वेळी किती पैसे ट्रान्सफर करू शकता त्याची माहिती कुठे मिळेल?,कोणी आहे UPI च्या बाबतीतचा प्रश्न विचारला तर मला तुम्हाला एका वेळी किती पैसे ट्रान्सफर करू शकता त्याची माहिती कुठे मिळेल?,D4
हाय म्हाजी कोणत्या बँकेचे डेबिट कार्ड म्हाले बांधले आहेत त्याची माहिती कुठे मिळेल?,आहे माझी कोणत्या बँकेचे डेबिट कार्ड मला बांधले आहेत त्याची माहिती कुठे मिळेल?,D4
पोरगा सेविंग्ज अकाउंट खाती उघडण्यासाठी काय कागदपत्रे पोरगा द्या लागन?,मुलगा सेविंग्ज अकाउंट खाती उघडण्यासाठी काय कागदपत्रे मुलगा द्यावी लागतील?,D4
मले शेतकऱ्यांच्या बाबतीतचा प्रश्न विचारला तर तुमाले KCC कशी प्राप्त करू शकता त्याची माहिती मले कुठी भेटन?,मला शेतकऱ्यांच्या बाबतीतचा प्रश्न विचारला तर तुम्हाला KCC कशी प्राप्त करू शकता त्याची माहिती मला कुठे मिळेल?,D4
मले लोन म्हाले दिले जात नसेल तर काय करावे लागन?,मला लोन मला दिले जात नसेल तर काय करावे लागते?,D4
पोरगाच्या बाबतीतचा प्रश्न विचारला तर तुमाले कोणत्या बँकेची EMI करू शकता त्याची माहिती मले कुठी भेटन?,मुलगाच्या बाबतीतचा प्रश्न विचारला तर तुम्हाले कोणत्या बँकेची EMI करू शकता त्याची माहिती मला कुठे मिळेल?,D4
कोणी हाय KYC फॉर्म भरल्यानंतर तुमाले काय कागदपत्रे द्या लागन?,कोणी आहे KYC फॉर्म भरल्यानंतर तुम्हाला काय कागदपत्रे द्यावी लागतील?,D4
पोरगा व्याजाचा पैसा कशा प्रकारे मिळवू शकतो त्याची माहिती मले कुठे भेटन?,मुलगा व्याजाचा पैसा कशा प्रकारे मिळवू शकतो त्याची माहिती मला कुठे मिळेल?,D4
मले बँकेच्या बाबतीतचा प्रश्न विचारला तर तुमाले कुठे श्रीमंत म्हाले जाऊ शकता त्याची माहिती मले कुठी भेटन?,मला बँकेच्या बाबतीतचा प्रश्न विचारला तर तुम्हाले कुठे श्रीमंत मला जाऊ शकता त्याची माहिती मला कुठे मिळेल?,D4
मले सेविंग अकाउंट खाते करण्यासाठी काय प्रक्रिया आहे त्याची मले मायती कुठे मिळेल?,मला सेविंग अकाउंट खाते करण्यासाठी काय प्रक्रिया आहे त्याची माहिती मला कुठे मिळेल?,D4
मले UPI क्रमांक नसल्यामुळे काय करू त्याची मले मायती कुठे भेटन?,मला UPI क्रमांक नसल्यामुळे काय करावे त्याची माहिती मला कुठे मिळेल?,D4
तुमाले KYC प्रक्रिया चालू करण्यासाठी कुठे जावे लागते?,तुम्हाला KYC प्रक्रिया चालू करण्यासाठी कुठे जावे लागते?,D4
"मले क्रेडिट कार्ड आहे का हाय, मला काय मिळते त्याची मले मायती कुठे वाचन?","मला क्रेडिट कार्ड आहे का आहे, मला काय मिळते त्याची माहिती मला कुठे मिळेल?",D4
EMI च्या रकमेमुळे मला पोरगा काय म्हणेल पायजे मले काय काय काम करावे?,EMI च्या रकमेमुळे मला मुलगा काय म्हणेल पाहिजे मला काय काय काम करावे?,D4
मले बँकेतून लोन मिळवायचे हाय त्यासाठी काय कागदपत्रे म्हाजी द्यावी लागतात?,मला बँकेतून लोन मिळवायचे आहे त्यासाठी काय कागदपत्रे माझी द्यावी लागतात?,D4
मले ATM कार्ड करवतत आहे हाय मले काय काय सेवा मिळतात त्याची मले मायती कुठे वाचन?,मला ATM कार्ड करून घेतात आहे आहे मला काय काय सेवा मिळतात त्याची माहिती मला कुठे मिळेल?,D4
"मले बँक खाते खुलवायचे हाय, मले काय काय फायदे मिळतात त्याची मले मायती कुठे भेटन?",मला बँक खाते खुलवायचे आहे मला काय काय फायदे मिळतात त्याची माहिती मला कुठे मिळेल?,D4
मले पेंशन अकाउंट खाते करण्यासाठी मले काय काय कागदपत्रे द्यावी लागतात हाय?,मला पेंशन अकाउंट खाते करण्यासाठी मला काय काय कागदपत्रे द्यावी लागतात आहे?,D4
मले बँकेतून दुसरा अकाउंट खाते करण्यासाठी मले काय काय म्हणावे लागते त्याची मले मायती कुठे भेटन?,मला बँकेतून दुसरा अकाउंट खाते करण्यासाठी मला काय काय म्हणावे लागते त्याची माहिती मला कुठे मिळेल?,D4
मले शिकायले कर्ज घ्याच असन तर कुठ अर्ज करा लागन त्याची मायती मले कुठी भेटन त्यासाठी ऑनलाईन अर्ज करा लागन का?,"मला शिक्षणासाठी कर्ज घ्यायचे असेल तर कुठे अर्ज करावा लागेल, त्याची माहिती मला कुठे मिळेल? त्यासाठी ऑनलाईन अर्ज करावा लागेल का?",D4
"बँकेतून पीक कर्ज घ्यायचे हाय, काय काय कागदपत्रे द्या लागन?","बँकेतून पीक कर्ज घ्यायचे आहे, काय काय कागदपत्रे द्यावी लागतील?",D4
जे कर्ज घ्यायचे असेल ते कसं घ्यावं त्याची काय विशेष प्रक्रिया असेल?,जे कर्ज घ्यायचे असेल ते कसं घ्यावं त्याची काय विशेष प्रक्रिया असेल?,D4
मले क्रेडिट कार्ड ची सुविधा पोरगाला दिली असेल का?,मला क्रेडिट कार्डची सुविधा मुलाला दिली आहे का?,D4
बँकेतून EMI च्या किंमती किती असतात?,बँकेतून EMI च्या किंमती किती असतात?,D4
तुमाले मला शिकायले कर्ज दिलं तर किती महिन्यात परत करावं?,तुम्हाला मला शिक्षणासाठी कर्ज दिलं तर किती महिन्यात परत करावं?,D4
"मला बँकेतून ऑनलाईन बँकिंग सुविधा म्हाजी आहे, पोरगाला सुद्धा द्या लागन म्हणून विचार करावा!","मला बँकेतून ऑनलाईन बँकिंग सुविधा माझी आहे, मुलाला सुद्धा द्यावी लागेल म्हणून विचार करावा!",D4
कोणकोणत्या बँकांनी UPI सुविधा दिली आहे?,कोणकोणत्या बँकांनी UPI सुविधा दिली आहे?,D4
काय म्हणजे KYC प्रक्रिया आणि कोणत्या कागदपत्रे द्या लागन?,काय म्हणजे KYC प्रक्रिया आणि कोणत्या कागदपत्रे द्यावी लागतील?,D4
कोणती बँका EMI ची किंमती कमी देतात?,कोणती बँका EMI ची किंमती कमी देतात?,D4
मले शिकायले कर्ज घ्याच असन तर कुठ अर्ज करा लागन त्याची मायती मले कुठी भेटन त्यासाठी ऑनलाईन अर्ज करा लागन का?,"मला शिक्षणासाठी कर्ज घ्यायचे असेल तर कुठे अर्ज करावा लागेल, त्याची माहिती मला कुठे मिळेल? त्यासाठी ऑनलाईन अर्ज करावा लागेल का?",D4
"बँकेतून पीक कर्ज घ्यायचे हाय, काय काय कागदपत्रे द्या लागन?","बँकेतून पीक कर्ज घ्यायचे आहे, काय काय कागदपत्रे द्यावी लागतील?",D4
मले क्रेडिट कार्ड तयार करण्यासाठी काय सोपस्कृती द्या लागन?,मला क्रेडिट कार्ड तयार करण्यासाठी काय सोपस्कृती द्यावी लागतील?,D4
तुमाले UPI स्वीकारण्यासाठी काय प्रक्रिया करावी लागन?,तुम्हाला UPI स्वीकारण्यासाठी काय प्रक्रिया करावी लागतील?,D4
मले बँकिंग सेवा सुविधा प्राप्त करण्यासाठी काय अर्ज करा लागन?,मला बँकिंग सेवा सुविधा प्राप्त करण्यासाठी काय अर्ज करावा लागेल?,D4
काय कागदपत्रे द्या लागन पोरग्यांना बँकेतून शिक्षण कर्ज मिळवल्याची मायती?,काय कागदपत्रे द्यावी लागतील मुलांना बँकेतून शिक्षण कर्ज मिळवल्याची माहिती?,D4
"बँकेच्या KYC मार्गदर्शक विधी अनिवार्य आहेत म्हाजी, काय काय कागदपत्रे द्या लागन?","बँकेच्या KYC मार्गदर्शक विधी अनिवार्य आहेत माझी, काय काय कागदपत्रे द्यावी लागतील?",D4
काय प्रक्रिया करू लागन तुमाले खाती खुली करण्यासाठी?,काय प्रक्रिया करावी लागतील तुम्हाले खाती खुली करण्यासाठी?,D4
पोरग्यांच्या नावे वर नोकरी करण्यासाठी काय कागदपत्रे द्या लागन पोरग्यांना सैल बँकिंग सेवा प्राप्त करण्यासाठी?,मुलांच्या नावे वर नोकरी करण्यासाठी काय कागदपत्रे द्यावी लागतील मुलांना सैल बँकिंग सेवा प्राप्त करण्यासाठी?,D4
मले माहिती प्राप्त करण्यासाठी काय सोबती द्या लागन बँकेच्या कर्ज मार्गदर्शक विधी?,मला माहिती प्राप्त करण्यासाठी काय सोबती द्यावी लागतील बँकेच्या कर्ज मार्गदर्शक विधी?,D4
"उत्पादन क्रेडिट कार्ड वापरणे पोरग्यांना पोरग्यांना पाहिजे लागन, काय काय व्यवस्थिती करावी लागन का?","उत्पादन क्रेडिट कार्ड वापरणे मुलांना मुलांना पाहिजे लागते, काय काय व्यवस्थिती करावी लागती का?",D4
"मले खात्यातून पैसे निकालण्यासाठी कोणचा वापरण्याची कायले आहे, मले खाते काय काय वापरावा लागा?","मला खात्यातून पैसे निकालण्यासाठी कोणाचा वापरावा लागतो, माझे खाते काय काय वापरावे लागते?",D4
मले बँक शाखेतून पीक बँकिंग सेवा म्हाजी म्हाले पोरग्यांना पोरग्यांना काय काय कागदपत्रे द्या लागन का?,मला बँक शाखेतून पीक बँकिंग सेवा माझी माझ्या मुलांना मुलांना काय काय कागदपत्रे द्यावी लागतील का?,D4
उत्पादन क्रेडिट कार्डच्या किमती म्हाजी म्हाले काय असणार का?,उत्पादन क्रेडिट कार्डच्या किमती माझी माझ्या कोणत्याही असणार का?,D4
"मले तुमाले बँकेतून नगदी कर्ज घ्या लागन, अर्ज करतांना कोणती व्यवस्थिती करावी लागन?","मलाला तुम्हाला बँकेतून नगदी कर्ज घ्यावे लागते, अर्ज करतांना कोणती व्यवस्थिती करावी लागती?",D4
"बँकेतून माझ्या खात्यातून पैसे निकालण्यासाठी कोणचा वापरण्याची कायले आहे, मले बँकेतून पैसे निकालण्यासाठी काय काय कागदपत्रे द्या लागन का?","माझ्या बँकेतून माझ्या खात्यातून पैसे निकालण्यासाठी कोणाचा वापरावा लागतो, बँकेतून पैसे निकालण्यासाठी काय काय कागदपत्रे द्यावी लागतील का?",D4
उत्पादन क्रेडिट कार्ड वापरण्यासाठी काय पायजे असतील का?,उत्पादन क्रेडिट कार्ड वापरण्यासाठी काय पाहिजे असतील का?,D4
मले बँक शाखेतून माझ्या खात्यातून पैसे जमा करण्यासाठी काय काय कागदपत्रे द्या लागन का?,मला बँक शाखेतून माझ्या खात्यातून पैसे जमा करण्यासाठी काय काय कागदपत्रे द्यावी लागतील का?,D4
मले दुसरी बँक तुमाले उत्पादन क्रेडिट कार्ड वापरण्यासाठी काय पायजे द्या लागन का?,मलाला दुसरी बँक तुम्हाला उत्पादन क्रेडिट कार्ड वापरण्यासाठी काय पाहिजे द्यावे लागते का?,D4
"मले बँक शाखेतून माझ्या खात्यातून पैसे निकालण्यासाठी कोणचा वापरण्याची कायले आहे, मले बँक शाखेतून पैसे निकालण्यासाठी काय काय कागदपत्रे द्या लागन का?","माझ्या बँक शाखेतून माझ्या खात्यातून पैसे निकालण्यासाठी कोणाचा वापरावा लागतो, बँक शाखेतून पैसे निकालण्यासाठी काय काय कागदपत्रे द्यावी लागतील का?",D4
मले चेकबुक बदलायले करू नसतील तर ऑनलाईन बँकिंग वापरा लागन का हाय?,मला चेकबुक बदलायचे नसेल तर ऑनलाईन बँकिंग वापरावे लागेल का?,D4
"क्रेडिट कार्डला पेमेंट करू लागले तर काय हाय, पोरगा तुमची बँकिंग पासवर्ड काय आहे?",क्रेडिट कार्डवर पेमेंट करायचे असतील तर काय आहे? मुलगा तुमची बँकिंग पासवर्ड काय आहे?,D4
"बँकेतून पीक कर्ज घ्यायचे हाय, काय काय कागदपत्रे द्या लागन पोरगा?","बँकेतून पीक कर्ज घ्यायचे आहे, काय काय कागदपत्रे द्यावी लागतील? मुलगा?",D4
"मले फक्त बँकिंग सेवा म्हाजी आहे, इतर काय सेवा देता लागन तुम्हाला हाय?","मला फक्त बँकिंग सेवा माझी आहे, इतर काय सेवा देतात तुम्हाला?",D4
काय करू लागले म्हाले क्रेडिट कार्ड म्हाजी नसेल तर ऑनलाईन बँकिंग वापरा लागन पोरगा?,काय करावे लागते मला क्रेडिट कार्ड माझा नसला तर ऑनलाईन बँकिंग वापरावे लागेल?,D4
"मले बँकिंग व्यवहार कार्यपात्रे द्या लागन तुमाले हाय, पोरगा काय काय पुरावे द्या लागन?","मला बँकिंग व्यवहार कार्यपात्रे द्यावी लागतील तुम्हाला, मुलगा काय काय पुरावे द्यावी लागतील?",D4
"तुमाले युनिटी लिंक वापरा लागन का हाय, साध्या बँकिंग सेवा म्हाजी नाही?",तुम्हाला युनिटी लिंक वापरावे लागेल का? शुद्ध पुणेरी मराठी साध्या बँकिंग सेवा माझी नाही?,D4
बँकेतून EMI बदलायले करू नसतील तर काय हाय पोरगा?,बँकेतून EMI बदलायचे नसेल तर काय आहे? मुलगा?,D4
काय करू लागले म्हाले माझ्या खात्यातून फक्त क्रेडिट कार्ड पेमेंट होतात त्याची कायले?,काय करावे लागते मला माझ्या खात्यातून फक्त क्रेडिट कार्ड पेमेंट होतात त्याची कशामुळे?,D4
"तुमाले KYC म्हाजी आहे का हाय, काय काय दस्तळे द्या लागन पोरगा?",तुम्हाला KYC माझी आहे का? मुलगा काय काय दस्तळे द्यावी लागतील?,D4
"मले क्रेडिट कार्ड शिवाय चालणे हाय, कुठून द्या लागन हे कार्ड?","मला क्रेडिट कार्ड शिवाय चालणे आहे, कुठून द्यावे लागतील हे कार्ड?",D4
काय काय प्रक्रिया चालून काय काय कागदपत्रे द्या लागन हे UPI कार्ड काढणे?,काय काय प्रक्रिया चालू की काय काय कागदपत्रे द्यावी लागतील हे UPI कार्ड काढणे?,D4
मले बँक शाखेत जाऊन EMI चा ब्यूरो दाखवा लागन?,मला बँक शाखेत जाऊन EMI चा ब्यूरो दाखवावा लागतील?,D4
काय काय शुल्के द्या लागन हे शिक्षण साठी कर्ज देणारी बँक?,काय काय शुल्के द्यावी लागतील हे शिक्षणासाठी कर्ज देणारी बँक?,D4
काय काय अटी माझ्या खात्यावर असून ज्यामुळे KYC पूर्ण होणे हाय?,काय काय अटी माझ्या खात्यावर आहेत ज्यामुळे KYC पूर्ण होणे आहे?,D4
मले या बँकेचे अकाउंट काय काय कर्तव्ये आहेत लागतील पायजे?,मला या बँकेचे अकाउंट काय काय कर्तव्ये आहेत लागतील पाहिजे?,D4
काय काय दस्तऐवजे द्या लागन तुमाले नोकरी साठी कर्ज देणारी बँक?,काय काय दस्तऐवजे द्यावी लागतील तुम्हाला नोकरी साठी कर्ज देणारी बँक?,D4
मले माझ्या खात्यावर काय काय प्रक्रिया चालून लागन त्यामुळे ATM कार्ड चालणे हाय?,मला माझ्या खात्यावर काय काय प्रक्रिया चालून लागणे त्यामुळे ATM कार्ड चालणे आहे?,D4
काय काय विहित केलेले शुल्के द्या लागन हे खाते चालविण्यासाठी?,काय काय विहित केलेले शुल्के द्यावी लागतील हे खाते चालविण्यासाठी?,D4
काय काय कागदपत्रे द्या लागन हे क्रेडिट कार्ड शिवाय चालणे मल्यान?,काय काय कागदपत्रे द्यावी लागतील हे क्रेडिट कार्ड शिवाय चालणे माळा?,D4
"हाय, मले क्रेडिट कार्ड म्हाजी कुठी भेटन त्याची मायती मला कायमच काय म्हणायची?","आहे, मला क्रेडिट कार्ड माझी कुठे मिळेल? त्याची माहिती मला कायमच काय म्हणावी?",D4
तुमाले EMI म्हाले कुठी भेटन ते काय काय शास्त्रे तुमाला पायजे?,तुम्हाला EMI माला कुठे मिळेल? ते काय काय शास्त्रे तुम्हाला पाहिजे?,D4
"बँकेतून उधारी कर्ज घ्यायचे तो दुसर्या बँकेतून नाही, हाय, काय काय कागदपत्रे द्या लागन?","बँकेतून उधारी कर्ज घ्यायचे आहे तर दुसर्या बँकेतून नाही, आहे, काय काय कागदपत्रे द्यावी लागतील?",D4
"मले ऑनलाईन अर्ज करा लागन का हाय, काय काय शास्त्रे द्या लागन?","मला ऑनलाईन अर्ज करावा लागेल का आहे, काय काय शास्त्रे द्यावी लागतील?",D4
"काय कायले मले हाय, बँकेतून पीक कर्ज म्हाले कुठी भेटन त्याची मायती मला कायमच काय म्हणायची?","कशामुळे मला आहे, बँकेतून पीक कर्ज माला कुठे मिळेल? त्याची माहिती मला कायमच काय म्हणावी?",D4
"तुमाले खाते खुले करायचे तो तुमाले खाते बंद करायचे नाही, हाय, काय काय शास्त्रे तुमाला पायजे?","तुम्हाला खाते खुले करावे लागतील तर तुम्हाला खाते बंद करावे नाही, आहे, काय काय शास्त्रे तुम्हाला पाहिजे?",D4
"बँकेतून कर्ज कशावर द्यायचे हाय, काय काय कागदपत्रे द्या लागन?","बँकेतून कर्ज कशावर दिले जाते आहे, आहे, काय काय कागदपत्रे द्यावी लागतील?",D4
मले UPI म्हाजी कुठी भेटन त्याची मायती मला कायमच काय म्हणायची?,मला UPI माझी कुठे मिळेल? त्याची माहिती मला कायमच काय म्हणावी?,D4
काय पोरगा तुमाले KYC म्हाले कुठी भेटन ते काय काय शास्त्रे तुमाला पायजे?,कोणता मुलगा तुम्हाला KYC माला कुठे मिळेल? ते काय काय शास्त्रे तुम्हाला पाहिजे?,D4
"बँकेतून फळी कर्ज घ्यायचे हाय, काय काय कागदपत्रे द्या लागन?","बँकेतून फळी कर्ज घ्यायचे आहे, आहे, काय काय कागदपत्रे द्यावी लागतील?",D4
मले क्रेडिट स्कोर म्हाजी कुठी भेटन त्याची मायती मला कायमच काय म्हणायची?,मला क्रेडिट स्कोर माझी कुठे मिळेल? त्याची माहिती मला कायमच काय म्हणावी?,D4
अर्थपुरवठा केलेल्या क्रेडिट कार्डला काय काय शुल्के होण ते मले कुठी पाहिले हाय?,अर्थपुरवठा केलेल्या क्रेडिट कार्डला काय काय शुल्के होणार ते मला कुठे पाहिले आहे?,D4
"हाय ज्याच्या खात्यात काय शिल्लक आहे त्याच्या खात्यातच बिले भरणे पायजे, मले पायजे का?","ज्याच्या खात्यात काय शिल्लक आहे त्याच्या खात्यातच बिले भरण्यास पाहिजे, मल्या पाहिजे का?",D4
काय कर्तुत्वा हाय ज्याने बँकेतून पीक कर्ज घेतले त्याच्याच पोरगा पीक नसला तरी काय हाय?,काय करावे आहे ज्याने बँकेतून पीक कर्ज घेतले त्याच्याच मुलगा पीक नसला तरी काय आहे?,D4
मल्या कोणाच्या खात्यातून रुपे काढायला हाय?,मला कोणाच्या खात्यातून रुपे काढायची आहे?,D4
"ज्याच्या खात्यात क्रेडिट कार्ड असेल तर त्याच्या खात्यातच करंट अॅकाऊंट असणार हाय, मले हाय काय?",ज्याच्या खात्यात क्रेडिट कार्ड असेल तर त्याच्या खात्यातच करंट अॅकाऊंट असणार आहे मला आहे काय?,D4
काय कर्तुत्वा हाय ज्याने बँकेची डेबिट कार्डचे पिन बदलावे लागले त्याने डेबिट कार्डचे पिन बदलताना म्हाजी काय काय द्यायची हाय?,काय करावे आहे ज्याने बँकेची डेबिट कार्डचे पिन बदलावे लागले त्याने डेबिट कार्डचे पिन बदलताना माझी काय काय द्यावी आहे?,D4
मल्या कोणाच्या खात्यातून बँकच्या वेबसाइटवरून पैसे काढायला हाय?,मला कोणाच्या खात्यातून बँकच्या वेबसाइटवरून पैसे काढायची आहे?,D4
"ज्याच्या खात्यात क्रेडिट कार्ड असेल तर त्याच्या खात्यातच क्रेडिट लिमिट असणार हाय, मले हाय काय?",ज्याच्या खात्यात क्रेडिट कार्ड असेल तर त्याच्या खात्यातच क्रेडिट लिमिट असणार आहे मला आहे काय?,D4
काय कर्तुत्वा हाय ज्याच्या खात्यात बँकेची चेक बुक आहे त्याच्या खात्यातून काय रक्कमा भरणे पायजे त्याला काय?,काय करावे आहे ज्याच्या खात्यात बँकेची चेक बुक आहे त्याच्या खात्यातून काय रक्कमा भरण्यास पाहिजे त्याला काय?,D4
मल्या कोणाच्या खात्यातून बँकच्या मोबाइल बँकिंगवरून पैसे काढायला हाय?,मला कोणाच्या खात्यातून बँकच्या मोबाइल बँकिंगवरून पैसे काढायची आहे?,D4
मले शिकायले कर्ज घ्याच असन तर कुठ अर्ज करा लागन त्याची मायती मले कुठी भेटन त्यासाठी ऑनलाईन अर्ज करा लागन का?,"मला शिक्षणासाठी कर्ज घ्यायचे असेल तर कुठे अर्ज करावा लागेल, त्याची माहिती मला कुठे मिळेल? त्यासाठी ऑनलाईन अर्ज करावा लागेल का?",D4
मले क्रेडिट कार्ड वापरायचे मले कुठी प्राप्त करा लागन?,मला क्रेडिट कार्ड वापरायचे असेल तर मला कुठे प्राप्त करावा लागेल?,D4
"मले तुमाले UPI पेमेंट करायचे हाय, तर काय काय माहिती पोरगाला सांगत?","मला तुम्हाला UPI पेमेंट करायचे आहे, तर काय काय माहिती मुलाला सांगावी?",D4
बँकेतून EMI नोटीस लागला म्हाले अर्ज करायचे हाय कुठे पाहिजे?,बँकेतून EMI नोटीस लागला मला अर्ज करायचे आहे कुठे पाहिजे?,D4
कर्जाची रक्कम नंतर प्राप्त करायचे मले त्यासाठी काय कागदपत्रे द्या लागन?,कर्जाची रक्कम नंतर प्राप्त करायची असेल मला त्यासाठी काय कागदपत्रे द्यावी लागतील?,D4
मले KYC प्रमाणपत्र पोरगाला बँकेत कुठे द्या लागन?,मला KYC प्रमाणपत्र मुलाला बँकेत कुठे द्यावे लागतील?,D4
मले बँकेतून विनामूल्य शिक्षणाच्या कर्जासाठी अर्ज करायचे हाय कुठे पाहिजे?,मला बँकेतून विनामूल्य शिक्षणाच्या कर्जासाठी अर्ज करायचे आहे कुठे पाहिजे?,D4
मले बँकिंग सेवा घ्यायच्या असतील तर तुमाले कुठे जावा लागन त्या बँकेची शाखा माहिती मले कुठी भेटन?,मला बँकिंग सेवा घ्यायच्या असतील तर तुम्हाला कुठे जावे लागेल त्या बँकेची शाखा माहिती मला कुठे मिळेल?,D4
हाय मुलाला पण क्रेडिट कार्ड देण्यासाठी पायजे माहिती मले कुठी भेटन?,आहे मुलाला पण क्रेडिट कार्ड देण्यासाठी काय काय माहिती माझी आहे?,D4
कर्ज देण्यासाठी बँकेतून काय काय कागदपत्रे द्या लागन त्याची मायती मले कुठी भेटन?,कर्ज देण्यासाठी बँकेतून काय काय कागदपत्रे द्यावी लागतील त्याची माहिती मला कुठे मिळेल?,D4
मले हाय चालू रकमा पेन्शन स्कीम ची मायती मले कुठी भेटन?,मला आहे चालू रकमा पेन्शन स्कीम ची माहिती माझी आहे?,D4
तुमाले कुठे ऑनलाईन शॉपिंग करा लागन त्यासाठी क्रेडिट कार्ड देण्यासाठी पायजे माहिती मले कुठी भेटन?,तुम्हाला कुठे ऑनलाईन शॉपिंग करावे लागेल त्यासाठी क्रेडिट कार्ड देण्यासाठी काय काय माहिती माझी आहे?,D4
बँकिंग सेवा घ्यायच्या असतील तर तुमाले कुठे जावा लागन त्या बँकेची शाखा माहिती मले माथून भेटन?,बँकिंग सेवा घ्यायच्या असतील तर तुम्हाला कुठे जावे लागेल त्या बँकेची शाखा माहिती मला माझ्या शेजारच्या भेटन?,D4
मले हाय चालू रकमेच्या निधीची मायती मले कुठी भेटन?,मला आहे चालू रकमेच्या निधीची माहिती माझी आहे?,D4
कर्ज देण्यासाठी बँकेतून काय काय कागदपत्रे द्या लागन त्याची मायती मले कुठी भेटन का?,कर्ज देण्यासाठी बँकेतून काय काय कागदपत्रे द्यावी लागतील त्याची माहिती मला कुठे मिळेल का?,D4
मले हाय स्टेटमेंट ची मायती मले कुठी भेटन?,मला आहे स्टेटमेंट ची माहिती माझी आहे?,D4
तुमाले कुठे जावा लागन बँकेची शाखा माहिती मले कुठी भेटन त्यासाठी अर्ज करा लागन का?,तुम्हाला कुठे जावे लागेल त्या बँकेची शाखा माहिती मला कुठे मिळेल त्यासाठी अर्ज करावे लागेल का?,D4
मले क्रेडिट कार्ड पोरगा चालवायला पाहिजे असा काय प्रकार आहे?,मला मुलगा क्रेडिट कार्ड चालवायला पाहिजे असा काय प्रकार आहे?,D4
मले बँकेतून EMI भरण्याची म्हाजी पायजे काय आहे?,मला बँकेतून EMI भरण्याची माझी पाहिजे काय आहे?,D4
तुमाले UPI च्या माध्यमातून क्रेडिट कार्डमध्ये पैसे जमा करण्याची म्हाले काही कठिणता नाही?,तुम्हाला UPI च्या माध्यमातून क्रेडिट कार्डमध्ये पैसे जमा करण्याची मला काही कठिणता नाही?,D4
बँकेतून लोन काढायला मले काय कागदपत्रे द्या लागन?,बँकेतून लोन काढायला मला काय कागदपत्रे द्यावी लागतील?,D4
मले शिकायले कर्ज घ्याला पाहिजे असा काय प्रकार आहे?,"मला शिक्षणासाठी कर्ज घ्यायचे असेल तर कुठे अर्ज करावा लागेल, त्याची माहिती मला कुठे मिळेल?",D4
काय काय सामान्य व्यवहारांतून कर्ज घ्यायला पाहिजे असा प्रकार आहे?,"काय काय सामान्य व्यवहारांतून कर्ज घ्यायचे आहे, त्याची माहिती कुठे मिळेल?",D4
मले क्रेडिट कार्ड पोरगा चालवायला पाहिजे असा काय प्रकार आहे काय?,मला मुलगा क्रेडिट कार्ड चालवायला पाहिजे असा काय प्रकार आहे?,D4
मले बँकेतून EMI भरण्याची म्हाजी पायजे काय आहे काय?,मला बँकेतून EMI भरण्याची माझी पाहिजे काय आहे?,D4
बँकेतून लोन काढायला मले काय कागदपत्रे द्या लागन काय?,बँकेतून लोन काढायला मला काय कागदपत्रे द्यावी लागतील?,D4
काय काय सामान्य व्यवहारांतून कर्ज घ्यायला पाहिजे असा प्रकार आहे काय?,"काय काय सामान्य व्यवहारांतून कर्ज घ्यायचे आहे, त्याची माहिती कुठे मिळेल?",D4
"मले नोंदणी कार्ड तयार करायचे हाय, तुमाले ऑनलाईन कसे करा लागन?","मला नोंदणी कार्ड तयार करायचे आहे, तुम्हाला ऑनलाईन कसे करावे लागतील?",D4
मले शिकायले कर्ज घ्याच असन तर कुठ अर्ज करा लागन त्याची मायती मले कुठी भेटन त्यासाठी ऑनलाईन अर्ज करा लागन का?,"मला शिक्षणासाठी कर्ज घ्यायचे असेल तर कुठे अर्ज करावा लागेल, त्याची माहिती मला कुठे मिळेल? त्यासाठी ऑनलाईन अर्ज करावा लागेल का?",D4
"बँकेतून पीक कर्ज घ्यायचे हाय, काय काय कागदपत्रे द्या लागन?","बँकेतून पीक कर्ज घ्यायचे आहे, काय काय कागदपत्रे द्यावी लागतील?",D4
"मले व्याज दराने जास्ती कर्ज घ्यायचे हाय, कोणती बँका म्हाजी प्रमुख व्याज दराने कर्ज देतात?","मला व्याज दराने जास्ती कर्ज घ्यायचे आहे, कोणती बँका माझ्या प्रमुख व्याज दराने कर्ज देतात?",D4
मले शाळेतील मुलगा पोरगा ऑनलाईन बँकिंग सेवा शिकायला कोणती बँका पायजे?,मला शाळेतील मुलगा ऑनलाईन बँकिंग सेवा शिकायला कोणती बँका पाहिजे?,D4
मले पैसे डेबिट कार्ड वरून काढायला कोणती बँका म्हाजी म्हाले?,मला पैसे डेबिट कार्ड वरून काढायला कोणती बँका माझी आहे?,D4
मले क्रेडिट कार्डची चुकी भरायला कोणती बँका म्हाजी सांगतात?,मला क्रेडिट कार्डची चुकी भरायला कोणती बँका माझ्या सांगतात?,D4
मले यूपीआई चुकी भेटायला कोणती बँका म्हाजी प्रमुख आहेत?,मला यूपीआई चुकी भेटायला कोणती बँका माझ्या प्रमुख आहेत?,D4
"मले कायमची बँक खाती खुली करायचे हाय, काय काय कागदपत्रे द्या लागन?","मला कायमची बँक खाती खुली करायचे आहे, काय काय कागदपत्रे द्यावी लागतील?",D4
मले खाती संतुलन ऑनलाईन भेटायला कोणती बँका म्हाजी सर्वात सोपी आहेत?,मला खाती संतुलन ऑनलाईन भेटायला कोणती बँका माझ्या सर्वात सोपी आहेत?,D4
मले म्हाजी क्रेडिट कार्ड व्याज दर कमी करायची विचार करण्यात आला तर कुठे जावे लागन?,माझ्या क्रेडिट कार्डच्या व्याज दराची कमी करायची विचार करण्यात आला तर कुठे जावे लागेल?,D4
तुम्हाले पोरग्यांच्या खात्यात नाणे टाकून ठेवण्याची पायजे आहे का?,तुम्हाला मुलांच्या खात्यात नाणे टाकून ठेवण्याची पाहिजे का?,D4
मले EMI कमी करायची मायती मले कुठी भेटन?,मला EMI कमी करायची माहिती मला कुठे मिळेल?,D4
कायले बँकेतून युनिव्हर्सल अकाउंट खाते खुले करण्यात आला तर कोणती शुल्क भरावी लागन?,कशामुळे बँकेतून युनिव्हर्सल अकाउंट खाते खुले करण्यात आले तर कोणती शुल्क भरावी लागतील?,D4
"हाय, मला KYC नोंदणी चालू करून घ्याच असन, कुठे जावे लागन?","आहे, मला KYC नोंदणी चालू करून घ्यायची आहे, कुठे जावे लागेल?",D4
"मले म्हाजी सार्वजनिक बँकेच्या शाखेत जाऊन कर्यात्मक खाते खोल्या लागण, काय सावधगिरी पाळावी?","माझ्या सार्वजनिक बँकेच्या शाखेत जाऊन कर्यात्मक खाते खोल्या लागण, काय सावधगिरी पाळावी?",D4
कुठल्या बँकेतून UPI पेमेंट करता येईल का?,कुठल्या बँकेतून UPI पेमेंट करता येते का?,D4
"मले म्हाजी बँकेच्या वेबसाइटवर संपूर्ण जानकारी च्या लागण पाहिजे लागन, हाय?","माझ्या बँकेच्या वेबसाइटवर संपूर्ण जानकारी च्या लागण पाहिजे लागतील, आहे?",D4
"तुम्हाले ऑनलाईन पेमेंट कशी करावी लागन, मले कुठी भेटन?","तुम्हाला ऑनलाईन पेमेंट कशी करावी लागतील, मला कुठे मिळेल?",D4
"मले शिकायले कर्जाच्या कागदपत्रे द्या लागन, कुठे जावे लागन?","मला शिक्षणासाठी कर्जाच्या कागदपत्रे द्यावी लागतील, कुठे जावे लागेल?",D4
मले शिकायले कर्ज घ्याच असन तर शाळेची परीक्षा उत्तीर्ण केली पाहिजे त्यासाठी कोणती कागदपत्रे द्या लागन?,मला शिक्षणासाठी कर्ज घ्यायचे असेल तर शाळेची परीक्षा उत्तीर्ण केली पाहिजे; त्यासाठी कोणती कागदपत्रे द्यावी लागतील?,D4
क्रेडिट कार्डचे बकाया रक्कम जमा करण्या साठी ऑनलाईन पेमेंट करा लागन का?,क्रेडिट कार्डचे बकाया रक्कम जमा करण्यासाठी ऑनलाईन पेमेंट करावा लागेल का?,D4
तुमाले नोकरी करीत असल्यास कोणत्या कागदपत्रे द्या लागन तर कर्ज घ्यावा लागन?,तुम्हाला नोकरी करीत असल्यास कोणत्या कागदपत्रे द्यावी लागतील तर कर्ज घ्यावा लागेल?,D4
कोणत्या बँकेतून बाल्या कर्ज घ्यायचे असन तर प्रमाणित प्रती द्या लागन?,कोणत्या बँकेतून बाल्या कर्ज घ्यायचे असेल तर प्रमाणित प्रती द्यावी लागतील?,D4
"काही महिन्या तुमाले म्हाजी खातातून रक्कम म्हाले पाहिजे, मला कशा काय करायचे असन ना?","काही महिन्यात तुम्हाला माझ्या खातातून रक्कम मिळणार आहे, मला कशा काय करावे लागतील ना?",D4
कोणत्या कागदपत्रांची प्रमाणित प्रती द्या लागन तर आयुष्य बिमा कर्ज घ्यावा लागन?,कोणत्या कागदपत्रांची प्रमाणित प्रती द्यावी लागतील तर आयुष्य बिमा कर्ज घ्यावा लागेल?,D4
तुमाले नोकरी करीत असल्यास तुम्हाले कमी वेतन असण्या साठी कोणत्या कागदपत्रे द्या लागन?,तुम्हाला नोकरी करीत असल्यास तुम्हाला कमी वेतन मिळण्यासाठी कोणत्या कागदपत्रे द्यावी लागतील?,D4
कोणत्या रेशरच्या कागदपत्रे द्या लागन तर शेतकऱ्याला कर्ज द्यावा लागन?,कोणत्या रेशनच्या कागदपत्रे द्यावी लागतील तर शेतकऱ्याला कर्ज द्यावा लागेल?,D4
मले शिकायले कर्ज घ्याच असन तर बँकेतून कोणत्या कागदपत्रे द्या लागन?,मला शिक्षणासाठी कर्ज घ्यायचे असेल तर बँकेतून कोणत्या कागदपत्रे द्यावी लागतील?,D4
तुमाले नोकरी करीत असल्यास तुम्हाले वेतन अर्ज करण्यासाठी ऑनलाईन पेमेंट करा लागन का?,तुम्हाला नोकरी करीत असल्यास तुम्हाले वेतन अर्ज करण्यासाठी ऑनलाईन पेमेंट करावा लागेल का?,D4
मले क्रेडिट कार्डचे बिल फक्त ऑनलाईनच पायजे पाहिजे काय?,मला क्रेडिट कार्डचे बिल फक्त ऑनलाईनच पाहिजे काय?,D4
तुमाले UPI ला म्हाजी बँकचा हिस्सा असल्यास त्याची मायती म्हाले कुठी भेटन त्यासाठी?,तुम्हाला UPI ला माझी बँकचा हिस्सा असल्यास त्याची माहिती मला कुठे मिळेल त्यासाठी?,D4
"बँकेतून शिक्षणासाठी कर्ज घ्यायचे हाय, त्यासाठी द्यावयाची कागदपत्रे काय?","बँकेतून शिक्षणासाठी कर्ज घ्यायचे आहे, त्यासाठी द्यावयाची कागदपत्रे काय?",D4
कायले मले शिकायला कर्ज मिळत नाही तर काय काम करू?,कशामुळे मला शिकायला कर्ज मिळत नाही तर काय काम करू?,D4
मले EMI च्या म्हाज्या दरात काय बदल करू शकतो?,मला EMI च्या माझ्या दरात काय बदल करू शकतो?,D4
"बँकेतून पीक कर्ज घ्यायचे हाय, काय काय कागदपत्रे द्या लागन?","बँकेतून पीक कर्ज घ्यायचे आहे, काय काय कागदपत्रे द्यावी लागतील?",D4
तुमाले क्रेडिट स्कोरची मायती म्हाले कुठी भेटन लागण का?,तुम्हाला क्रेडिट स्कोरची माहिती मला कुठे मिळेल लागण का?,D4
मले UPI ला म्हाज्या बँकचा हिस्सा असल्यास त्याची मायती मले माथून पाहिजे काय?,मला UPI ला माझ्या बँकचा हिस्सा असल्यास त्याची माहिती मला मधून पाहिजे काय?,D4
कायले म्हाले शिकायला कर्ज मिळत नाही तर तुम्हाले काय केले,कशामुळे मला शिकायला कर्ज मिळत नाही तर तुम्हाले काय केले?,D4
"मले बँकेतून पीक कर्ज घ्यायचे हाय, काय काय कागदपत्रे द्या लागन?","मला बँकेतून पीक कर्ज घ्यायचे आहे, काय काय कागदपत्रे द्यावी लागतील?",D4
मले क्रेडिट कार्ड वापरायचे असन तर कुठे अर्ज करा लागन?,मला क्रेडिट कार्ड वापरायचे असेल तर कुठे अर्ज करावा लागेल?,D4
"बँकेतून पोरग्यांनी शिक्षणासाठी कर्ज घ्यायचे हाय, काय काय कागदपत्रे द्या लागन?","बँकेतून मुलांनी शिक्षणासाठी कर्ज घ्यायचे आहे, काय काय कागदपत्रे द्यावी लागतील?",D4
मले हाय EMI टक्केवारी असतांना कुठे विचार करा लागन?,मला EMI टक्केवारी कमी असतांना कुठे विचार करावा लागेल?,D4
तुमाले UPI वापरायचे असन तर काय काय सांगायला पाहिजे बँकेला?,तुम्हाला UPI वापरायचे असेल तर काय काय सांगावे बँकेला?,D4
काय म्हणजे KYC प्रक्रिया? मला अर्थी कुठे पाहिजे लागन?,काय म्हणजे KYC प्रक्रिया? मला त्याचा अर्थ कुठे समजण्यास पाहिजे?,D4
मले कार म्हाजी भाडू लागलेली असन तर काय करावे?,मला कार माझी भाडू लागलेली असेल तर काय करावे?,D4
"बँकेतून पोरग्यांना शिक्षणासाठी कर्ज द्यायचे हाय, काय काय प्रक्रिया असतील?","बँकेतून मुलांना शिक्षणासाठी कर्ज द्यायचे आहे, काय काय प्रक्रिया असतील?",D4
मले हाय कार्ड धारण करायचे असन तर कुठे अर्ज करा लागन?,मला कार्ड धारण करायचे असेल तर कुठे अर्ज करावा लागेल?,D4
तुमाले बँक खाती खुल्ले करन्यासाठी काय काय कागदपत्रे द्या लागन?,तुम्हाला बँक खाती खुल्ले करन्यासाठी काय काय कागदपत्रे द्यावी लागतील?,D4
मले शिकायले कर्ज घ्यायचे असन तर कुठ अर्ज करा लागन त्याची मायती मले कुठी भेटन त्यासाठी ऑनलाईन अर्ज करा लागन का?,"मला शिक्षणासाठी कर्ज घ्यायचे असेल तर कुठे अर्ज करावा लागेल, त्याची माहिती मला कुठे मिळेल? त्यासाठी ऑनलाईन अर्ज करावा लागेल का?",D4
मले शिकायले कर्ज घ्याच असन तर कुठ अर्ज करा लागन त्याची मायती मले कुठी भेटन त्यासाठी ऑनलाईन अर्ज करा लागन का?,"मला शिक्षणासाठी कर्ज घ्यायचे असेल तर कुठे अर्ज करावा लागेल, त्याची माहिती मला कुठे मिळेल? त्यासाठी ऑनलाईन अर्ज करावा लागेल का?",D4
मले उधार क्रेडिट कार्ड मिळवायचे असन तर त्याच्या दराने काय आहे काय?,मला उधार क्रेडिट कार्ड मिळावा असेल तर त्याच्या दराने काय आहे काय?,D4
"बँकेतून पीक कर्ज घ्यायचे हाय, काय काय कागदपत्रे द्या लागन?","बँकेतून पीक कर्ज घ्यायचे आहे, काय काय कागदपत्रे द्यावी लागतील?",D4
तुमाले UPI सुविधा मिळवायचे असन तर हे शाळेत कसे घेतले का?,तुम्हाला UPI सुविधा मिळावी असेल तर हे शाळेत कसे घेतले जाते का?,D4
मले बँकिंग सर्व्हिसेस पोरगा चालवायला शिकायले काय कागदपत्रे लागतात?,मला बँकिंग सर्व्हिसेस मुलगा चालवायला शिकायला काय कागदपत्रे लागतात?,D4
काय काय आहे काय बँकेसाठी KYC कागदपत्रे द्या लागन?,काय काय आहे काय बँकेसाठी KYC कागदपत्रे द्यावी लागतील?,D4
"बँकेतून EMIs करावी लागतात, काय काय कागदपत्रे द्या लागन?","बँकेतून EMIs करावी लागतात, काय काय कागदपत्रे द्यावी लागतील?",D4
मले EMI करायला गाडी आणि शाळा शिकायले कर्ज घ्यायचे असन तर त्यासाठी काय कागदपत्रे द्या लागन?,मला EMI करायला गाडी आणि शाळा शिकायले कर्ज घ्यायचे असेल तर त्यासाठी काय कागदपत्रे द्यावी लागतील?,D4
मले शाळा शिकायले कर्ज घ्यायचे असन तर ऑनलाईन अर्ज करा लागन का?,मला शाळा शिकायले कर्ज घ्यायचे असेल तर ऑनलाईन अर्ज करावा लागेल का?,D4
बँकेतून बिल्ट-अप लोन मिळवायचे असन तर काय काय कागदपत्रे द्या लागन?,बँकेतून बिल्ट-अप लोन मिळावा असेल तर काय काय कागदपत्रे द्यावी लागतील?,D4
मले बँकेतून घराची कर्ज घ्याच असन तर कुठ अर्ज करा लागन त्याची मायती मले कुठी भेटन त्यासाठी ऑनलाईन अर्ज करा लागन का?,"मला बँकेतून घराचे कर्ज घ्यायचे असेल तर कुठे अर्ज करावा लागेल, त्याची माहिती मला कुठे मिळेल? त्यासाठी ऑनलाईन अर्ज करावा लागेल का?",D4
"तुमाले क्रेडिट कार्ड वापरायचे हाय, त्याच्या फी काय काय आहेत?","तुम्हाला क्रेडिट कार्ड वापरायचे आहे, त्याच्या फी काय काय आहेत?",D4
"मले बँकेच्या ब्रँचेतून पैसे निकाले करवतत हाय, त्याचे शुल्क काय आहे?","मला बँकेच्या ब्रँचेतून पैसे निकाले करून घेतात आहे, त्याचे शुल्क काय आहे?",D4
"पोरगा क्रेडिट कार्ड कशी वापरावी हाय, त्याच्या फायदे काय आहेत?","मुलगा क्रेडिट कार्ड कशी वापरावा आहे, त्याच्या फायदे काय आहेत?",D4
"मले बँकेतून सेविंग अकाउंट खोल्या लागन हाय, त्याची मायती मले कुठी भेटन?","मला बँकेतून सेविंग अकाउंट खोल्या लागेल आहे, त्याची माहिती मला कुठे मिळेल?",D4
"पोरगा बँकेतून पीक कर्ज कशी भेटेल हाय, त्याच्या लाभ काय आहेत?","मुलगा बँकेतून पीक कर्ज कशी मिळेल आहे, त्याच्या लाभ काय आहेत?",D4
"मले बँकेच्या ऑनलाईन प्लॅटफॉर्मवर अर्ज करा लागन हाय, काय कागदपत्रे द्या लागन?","मला बँकेच्या ऑनलाईन प्लॅटफॉर्मवर अर्ज करावा लागेल आहे, काय कागदपत्रे द्यावी लागतील?",D4
"तुमाले बँकेतून लोन कशी भेटेल हाय, त्याच्या शुल्क काय आहेत?","तुम्हाला बँकेतून लोन कशी मिळेल आहे, त्याच्या शुल्क काय आहेत?",D4
"मले बँकेच्या कर्ज समितीवर पायजे आहे हाय, त्याचे काम काय आहे?","मला बँकेच्या कर्ज समितीवर पाहिजे आहे, त्याचे काम काय आहे?",D4
"पोरगा बँकेतून डेबिट कार्ड कशी वापरावी हाय, त्याच्या फायदे काय आहेत?","मुलगा बँकेतून डेबिट कार्ड कशी वापरावा आहे, त्याच्या फायदे काय आहेत?",D4
मले खाती उघडायले काय कागदपत्रे द्या लागन?,मला खाती उघडवायचे असेल तर काय कागदपत्रे द्यावी लागतील?,D4
अर्ज करायले काय अर्ज प्रपत्रे द्या लागन?,अर्ज करायचे असेल तर काय अर्ज प्रपत्रे द्यावी लागतील?,D4
बँकेतून म्हाजी कर्ज मिळवायले काय करावे पायजे?,बँकेतून माझे कर्ज मिळवायचे असेल तर काय करावे पाहिजे?,D4
क्रेडिट कार्ड म्हाजी द्यायले काय प्रक्रिया हाय?,क्रेडिट कार्ड माझे द्यायचे असेल तर काय प्रक्रिया आहे?,D4
मले युनिफॉर्म अकाउंट म्हाजी काय अर्ज करायले पायजे?,मला युनिफॉर्म अकाउंट माझे असेल तर काय अर्ज करावे पाहिजे?,D4
तुमाले बँकिंग सेवा म्हाजी काय सुविधा देतात?,तुम्हाला बँकिंग सेवा माझ्याकडे काय सुविधा आहेत?,D4
"हाय, मले विदेशी मुद्रा निर्यात करायले म्हाजी काय अर्ज करायले पायजे?","हे आहे, मला विदेशी मुद्रा निर्यात करायची असेल तर माझे काय अर्ज करावे पाहिजे?",D4
मले बँकिंग सेवा म्हाजी काय प्रक्रिया हाय?,मला बँकिंग सेवा माझ्याकडे काय प्रक्रिया आहे?,D4
कोणती बँक म्हाजी EMI करायले काय पर्याय हाय?,कोणती बँक माझ्याकडे EMI करायची असेल तर काय पर्याय आहेत?,D4
मले बँकिंग सेवा म्हाजी काय विशेषता हाय?,मला बँकिंग सेवा माझ्याकडे काय विशेषता आहेत?,D4
क्रेडिट कार्डची रजिस्ट्रेशन म्हाजी कशामुळे होणार?,क्रेडिट कार्डाची रजिस्ट्रेशन कशामुळे होणार?,D4
मले न्युक्सी प्रिंसिपली आणि इंटरेस्ट म्हाले कसे वापरायचे हाय?,मला न्युक्सी प्रिंसिपली आणि इंटरेस्ट कसे वापरावे हे कळायचे आहे?,D4
आपले चेक बुक म्हाजी कसे भेटतात का त्याची मायती मलाले कुठी असणार?,आपले चेक बुक कसे भेटतात का त्याची माहिती मलाला कुठे मिळेल?,D4
बँकेच्या पीक कर्ज रजिस्ट्रेशन म्हाजी पायजे आहे का?,बँकेच्या पीक कर्ज रजिस्ट्रेशन पाहिजे आहे का?,D4
केवळ माझी पेमेंट लागेल का त्याची मायती माथून कुठी असणार?,केवळ माझी पेमेंट लागेल का त्याची माहिती मधून कुठे मिळेल?,D4
यदि माझे चेक आणि डिमांड ड्राफ्ट हाय त्यांची देयता म्हाजी कशामुळे होणार?,यदि माझे चेक आणि डिमांड ड्राफ्ट आहेत त्यांची देयता कशामुळे होणार?,D4
"काय काय कागदपत्रे द्या लागन तुमाले हाय, जेणे करून म्हाजी पेमेंट करून घेतात?",काय काय कागदपत्रे द्यावी लागतील तुम्हाले हे कळायचे आहे की माझी पेमेंट करून घेतात का?,D4
आपले UPI पेमेंट म्हाजी पायजे आहे का?,आपले UPI पेमेंट पाहिजे आहे का?,D4
मले KYC प्रोसेस म्हाले कशामुळे होणार?,मला KYC प्रोसेस कशामुळे होणार?,D4
क्रेडिट कार्डची पेमेंट लागेल का त्याची मायती मले कुठी भेटन त्यासाठी ऑनलाईन अर्ज करा लागन का?,क्रेडिट कार्डची पेमेंट लागेल का त्याची माहिती मला कुठे मिळेल? त्यासाठी ऑनलाईन अर्ज करावा लागेल का?,D4
मले क्रेडिट कार्ड प्राप्त करण्यासाठी अर्ज करा लागन त्याची मायती मले कुठी भेटन त्यासाठी ऑनलाईन अर्ज करा लागन का?,मला क्रेडिट कार्ड प्राप्त करण्यासाठी अर्ज करावा लागेल त्याची माहिती मला कुठे मिळेल? त्यासाठी ऑनलाईन अर्ज करावा लागेल का?,D4
"मले बँकेतून युनिफॉर्म कार्ड काढा लागन, काय काय कागदपत्रे द्या लागन?","मला बँकेतून युनिफॉर्म कार्ड काढावा लागेल, काय काय कागदपत्रे द्यावी लागतील?",D4
तुमाले UPI पेमेंट करण्यासाठी कोणती ऐप्स वापरा लागन?,तुम्हाला UPI पेमेंट करण्यासाठी कोणत्या ऐप्स वापरावा लागतील?,D4
शिक्षण करण्यासाठी मले क्रेडिट कार्ड कशाला मिळेल?,शिक्षण करण्यासाठी मला क्रेडिट कार्ड कशाला मिळेल?,D4
"बँकेतून पोरगांना खाते खुले हाय, काय काय कागदपत्रे द्या लागन?","बँकेतून मुलांना खाते खुले आहे, काय काय कागदपत्रे द्यावी लागतील?",D4
कोणत्या बँकेसाठी अर्ज करा लागन त्याची मायती मले कुठी भेटन त्यासाठी ऑनलाईन अर्ज करा लागन का?,कोणत्या बँकेसाठी अर्ज करावा लागेल त्याची माहिती मला कुठे मिळेल? त्यासाठी ऑनलाईन अर्ज करावा लागेल का?,D4
तुमाले क्रेडिट कार्ड पेमेंट करण्यासाठी व्हॉलेट कशाला वापरा लागन?,तुम्हाला क्रेडिट कार्ड पेमेंट करण्यासाठी व्हॉलेट कशाला वापरावा लागतील?,D4
मले बँकेच्या शाखेतून अर्ज करण्यासाठी जावा लागन काय?,मला बँकेच्या शाखेतून अर्ज करण्यासाठी जावा लागेल काय?,D4
क्रेडिट कार्ड प्राप्त करण्यासाठी अर्ज करा लागन त्याची मायती मले कुठी भेटन त्यासाठी ऑनलाईन अर्ज करा लागन का?,क्रेडिट कार्ड प्राप्त करण्यासाठी अर्ज करावा लागेल त्याची माहिती मला कुठे मिळेल? त्यासाठी ऑनलाईन अर्ज करावा लागेल का?,D4
"बँकेतून ब्रोकरेज अकाउंट खुले हाय, काय काय कागदपत्रे द्या लागन?","बँकेतून ब्रोकरेज अकाउंट खुले आहे, काय काय कागदपत्रे द्यावी लागतील?",D4
"अर्ज पूर्ण करण्यासाठी तुम्हाले व्यक्तिगत कागदपत्रे द्या लागन, काय काय पाहिजे हाय?","अर्ज पूर्ण करण्यासाठी तुम्हाला व्यक्तिगत कागदपत्रे द्यावी लागतील, काय काय पाहिजे आहे?",D4
मले क्रेडिट कार्ड प्राप्त करण्यासाठी माथून पात्र असणे पायजे काय?,"मला क्रेडिट कार्ड प्राप्त करण्यासाठी माथून पात्र असणे पाहिजे, काय?",D4
"हे नमुना अर्ज ऑनलाईन पाहिले काय, त्या प्रमाणे मले कुठी कर्जाचा अर्ज करा लागन?","हे नमुना अर्ज ऑनलाईन पाहिले आहे, त्या प्रमाणे मला कुठे कर्जाचा अर्ज करावा लागेल?",D4
"तुम्हाले त्या बँकेतून पीक कर्ज घ्यायचे हाय, काय काय कागदपत्रे काय द्या लागन?","तुम्हाला त्या बँकेतून पीक कर्ज घ्यायचे आहे, काय काय कागदपत्रे द्यावी लागतील?",D4
मले शिकायले कर्ज घ्याच असन तर म्हाजी कुठी मायती भेटन असेल?,मला शिक्षणासाठी कर्ज घ्यायचे असेल तर माझी कुठी माहिती मिळेल?,D4
तुम्ही या योजनेचा लाभ घ्यायचा विचार करत असाल तर कुठे अर्ज करा लागन पाहिजे हाय?,तुम्ही या योजनेचा लाभ घ्यायचा विचार करत असाल तर कुठे अर्ज करावा लागेल?,D4
"तुम्हाले कोणत्या बँकेतून लोन घ्यायचे हाय, काय काय शर्ती असतील काय?","तुम्हाला कोणत्या बँकेतून लोन घ्यायचे आहे, काय काय शर्ती असतील?",D4
मले काय करूं तुम्हाले बँकेतून लोन प्राप्त करण्यासाठी काय काय कागदपत्रे द्या लागन?,मला काय करावे लागते तुम्हाला बँकेतून लोन प्राप्त करण्यासाठी काय काय कागदपत्रे द्यावी लागतील?,D4
मले काय विचार करायला पाहिजे हाय त्या लोनच्या रकमेमध्ये काय काय बाबी समाविष्ट आहेत?,मला काय विचार करावा लागतो त्या लोनच्या रकमेमध्ये काय काय बाबी समाविष्ट आहेत?,D4
"हे नमुना अर्ज तुम्हाले ऑनलाईन पाहिले काय, त्याचे आधारे मले कुठे अर्ज करा लागन?","हे नमुना अर्ज तुम्हाला ऑनलाईन पाहिले आहे, त्याचे आधारे मला कुठे अर्ज करावा लागेल?",D4
"मले UPI ID चे क्रेडिट कार्ड बँकेतून काढायचे हाय, काय काय कागदपत्रे द्या लागन?","मला UPI ID चे क्रेडिट कार्ड बँकेतून काढायचे आहे, काय काय कागदपत्रे द्यावी लागतील?",D4
कोणी पायजे तुमाले क्रेडिट कार्ड काढायचे असेल तर त्यासाठी काय अर्ज करा लागन?,कोणी पाहिजे तुम्हाला क्रेडिट कार्ड काढायचे असेल तर त्यासाठी काय अर्ज करावा लागेल?,D4
"मले डेबिट कार्ड म्हाजी बँकेतून काढायचे हाय, काय परीक्षा घ्या लागन?","मला डेबिट कार्ड माझी बँकेतून काढायचे आहे, काय परीक्षा घ्यावी लागतील?",D4
तुमाले कोणत्या बँकेतून EMI चा लोन घ्यायचे असेल तर त्याची मायती मले कुठी भेटन?,तुम्हाला कोणत्या बँकेतून EMI चा लोन घ्यायचे असेल तर त्याची माहिती मला कुठे मिळेल?,D4
कोणाला क्रेडिट कार्ड काढायचे असेल तर त्यासाठी काय कागदपत्रे द्या लागन?,कोणाला क्रेडिट कार्ड काढायचे असेल तर त्यासाठी काय कागदपत्रे द्यावी लागतील?,D4
"मले बँकेतून UPI ID करायचे हाय, काय कागदपत्रे द्या लागन?","मला बँकेतून UPI ID करायचे आहे, काय कागदपत्रे द्यावी लागतील?",D4
कोणी कायमची क्रेडिट कार्ड असले पाहिजे तर त्यासाठी काय अर्ज करा लागन?,कोणी कायमची क्रेडिट कार्ड असले पाहिजे तर त्यासाठी काय अर्ज करावा लागेल?,D4
तुमाले तुम्हाला KYC पुरवले पाहिजे काय काय कागदपत्रे द्या लागन?,तुम्हाला तुम्हाला KYC पुरवले पाहिजे काय काय कागदपत्रे द्यावी लागतील?,D4
"मले बँकेतून डेबिट कार्ड काढायचे हाय, काय कागदपत्रे द्या लागन?","मला बँकेतून डेबिट कार्ड काढायचे आहे, काय कागदपत्रे द्यावी लागतील?",D4
कोणाला क्रेडिट कार्ड काढायचे असेल तर त्यासाठी काय परीक्षा घ्या लागन?,कोणाला क्रेडिट कार्ड काढायचे असेल तर त्यासाठी काय परीक्षा घ्यावी लागतील?,D4
मले बँकेतून युनिव्हर्सल पेमेंट्स आयडी (UPI) किंवा मोबाइल वॉलेटचा वापर कशामुळे करा लागन?,मला बँकेतून युनिव्हर्सल पेमेंट्स आयडी (UPI) किंवा मोबाइल वॉलेटचा वापर कशामुळे करावा लागेल?,D4
काय काय कागदपत्रे द्या लागन तुम्हाला बँकेतून क्रेडिट कार्ड किंवा वीज कार्ड लागन ते कळन असन?,काय काय कागदपत्रे द्यावी लागतील तुम्हाला बँकेतून क्रेडिट कार्ड किंवा वीज कार्ड लागेले ते कळते का?,D4
मले बँकेतून खाती उघडण्यासाठी काय कागदपत्रे द्या लागन हाय?,मला बँकेतून खाती उघडण्यासाठी काय कागदपत्रे द्यावी लागतील हे?,D4
तुमाले पेंशनचा लाभ घेण्यासाठी अर्ज कशामुळे करा लागन हाय?,तुम्हाला पेंशनचा लाभ घेण्यासाठी अर्ज कशामुळे करावा लागेल हे?,D4
मले बँकेतून पीक कर्ज घ्यायचे असता काय कागदपत्रे द्या लागन हाय?,मला बँकेतून पीक कर्ज घ्यायचे असेल तर काय कागदपत्रे द्यावी लागतील हे?,D4
काय काय कागदपत्रे द्या लागन तुम्हाला बँकेतून लोन किंवा कर्ज लागन त्याची मायती मले कुठी भेटन?,काय काय कागदपत्रे द्यावी लागतील तुम्हाला बँकेतून लोन किंवा कर्ज लागेले त्याची माहिती मला कुठे मिळेल?,D4
मले बँकेतून डेबिट कार्ड किंवा क्रेडिट कार्ड कशामुळे बनवा लागन हाय?,मला बँकेतून डेबिट कार्ड किंवा क्रेडिट कार्ड कशामुळे बनवावा लागेल हे?,D4
तुमाले बँकेचे खाती पोरग्या नावे उघडवा लागन हाय?,तुम्हाला बँकेचे खाती मुलगा नावे उघडवावा लागेल हे?,D4
मले बँकेतून नॅशनल पेंशन स्कीम (NPS) लागन त्याची मायती मले कुठी भेटन?,मला बँकेतून नॅशनल पेंशन स्कीम (NPS) लागेल त्याची माहिती मला कुठे मिळेल?,D4
काय काय कागदपत्रे द्या लागन तुम्हाला बँकेतून क्रेडिट कार्ड किंवा वीज कार्ड लागन ते कळन असन?,काय काय कागदपत्रे द्यावी लागतील तुम्हाला बँकेतून क्रेडिट कार्ड किंवा वीज कार्ड लागेले ते कळते का?,D4
मले UPI सर्व्हिसेस घ्यायचे असन तर कुठे दाखल केले जातील त्याची मायती मले कुठी भेटन त्यासाठी काय कागदपत्रे द्या लागन?,मला UPI सुविधा घ्यायची असेल तर कुठे दाखल केले जाईल त्याची माहिती मला कुठे मिळेल? त्यासाठी काय कागदपत्रे द्यावी लागतील?,D4
"हाय, मला क्रेडिट कार्ड तयार करायचे आहे त्यासाठी कुठे अर्ज करा लागन आणि काय कागदपत्रे द्या लागन?","हाय, मला क्रेडिट कार्ड तयार करायचे आहे त्यासाठी कुठे अर्ज करावा लागेल आणि काय कागदपत्रे द्यावी लागतील?",D4
मले खात्याशी संबंधित कोणतीही व्यक्ती मले फोन केली तर मला काय करा लागन?,मल्या खात्याशी संबंधित कोणतीही व्यक्ती मला फोन केली तर मला काय करावे लागतील?,D4
मले ई-मॉलिंगद्वारे खरेदी करायचे असन तर काय कागदपत्रे द्या लागन आणि कुठे चेक आउट करा लागन?,मला ई-मॉलिंगद्वारे खरेदी करायची असेल तर काय कागदपत्रे द्यावी लागतील आणि कुठे चेक आऊट करावा लागेल?,D4
मले प्रीपेड वैयक्तिक बँकिंग सेवा घ्यायचे असन तर कुठे अर्ज करा लागन आणि काय कागदपत्रे द्या लागन?,मला प्रीपेड वैयक्तिक बँकिंग सेवा घ्यायची असेल तर कुठे अर्ज करावा लागेल आणि काय कागदपत्रे द्यावी लागतील?,D4
"मले पीक कर्ज घ्यायचे हाय, काय कागदपत्रे मले द्यावी लागतील त्यासाठी कुठे अर्ज करा लागन?","बँकेतून पीक कर्ज घ्यायचे आहे हाय, काय कागदपत्रे द्यावी लागतील त्यासाठी कुठे अर्ज करावा लागेल?",D4
"हाय, मला वैयक्तिक लोन तयार करायचे आहे त्यासाठी काय कागदपत्रे द्या लागन आणि कुठे अर्ज करा लागन?","हाय, मला वैयक्तिक लोन तयार करायचे आहे त्यासाठी काय कागदपत्रे द्यावी लागतील आणि कुठे अर्ज करावा लागेल?",D4
मले चेक बुक तयार करायचे असन तर कुठे अर्ज करा लागन आणि काय कागदपत्रे द्या लागन?,मला चेक बुक तयार करायची असेल तर कुठे अर्ज करावा लागेल आणि काय कागदपत्रे द्यावी लागतील?,D4
मले वेतनाचे ट्रान्सफर करायचे असन तर काय कागदपत्रे द्या लागन आणि कुठे अर्ज करा लागन?,मला वेतनाचे ट्रान्सफर करायचे असेल तर काय कागदपत्रे द्यावी लागतील आणि कुठे अर्ज करावा लागेल?,D4
"हाय, मला बँकिंग सेवा तयार करायची असेल तर काय कागदपत्रे द्या लागन आणि कुठे अर्ज करा लागन?","हाय, मला बँकिंग सेवा तयार करायची असेल तर काय कागदपत्रे द्यावी लागतील आणि कुठे अर्ज करावा लागेल?",D4
कर्जाच्या राजीनाम्यासाठी KYC पुरवणी पाहिजे मला.,कर्जाच्या राजीनाम्यासाठी KYC पुरवणी पाहिजे माझी.,D4
काय काय कागदपत्रे पोरग्याच्या जन्म नोंदी बरोबर द्या लागन?,काय काय कागदपत्रे मुलग्याच्या जन्म नोंदी बरोबर द्यावी लागतील?,D4
मले EMI च्या विषयी माहिती म्हाजी कुठी भेटते?,मला EMI च्या विषयी माहिती माझी कुठे मिळेल?,D4
"बँकेतून पीक कर्ज घ्यायचे हाय, काय काय कागदपत्रे पोरग्याच्या नोंदी बरोबर द्या लागन?","बँकेतून पीक कर्ज घ्यायचे आहे, काय काय कागदपत्रे मुलग्याच्या नोंदी बरोबर द्यावी लागतील?",D4
अर्ज केल्यावर क्रेडिट कार्ड वापरून पेमेंट करू शकता ना हाय?,अर्ज केल्यावर क्रेडिट कार्ड वापरून पेमेंट करू शकतो का आहे?,D4
काय काय शुल्के काय कागदपत्रे द्या लागन बँकेतून कर्ज घ्यायचे?,काय काय शुल्के काय कागदपत्रे द्यावी लागतील बँकेतून कर्ज घ्यायचे?,D4
मले EMI च्या विषयी माहिती म्हाजी कुठी भेटते काय?,मला EMI च्या विषयी माहिती माझी कुठे मिळेल का?,D4
कर्जाच्या विषयी माहिती मले कुठी भेटते?,कर्जाच्या विषयी माहिती मला कुठे मिळेल?,D4
काय काय कागदपत्रे द्या लागन क्रेडिट कार्ड मिळवण्यासाठी?,काय काय कागदपत्रे द्यावी लागतील क्रेडिट कार्ड मिळवण्यासाठी?,D4
मले शिकायले कर्ज घ्याच असन तर कुठ अर्ज करा लागन त्याची मायती मले कुठी भेटन त्यासाठी ऑनलाईन अर्ज करा लागन का?,"मला शिक्षणासाठी कर्ज घ्यायचे असेल तर कुठे अर्ज करावा लागेल, त्याची माहिती मला कुठे मिळेल? त्यासाठी ऑनलाईन अर्ज करावा लागेल का?",D4
"बँकेतून पीक कर्ज घ्यायचे हाय, काय काय कागदपत्रे द्या लागन?","बँकेतून पीक कर्ज घ्यायचे आहे, काय काय कागदपत्रे द्यावी लागतील?",D4
"मला पोरगा वडिलांनी क्रेडिट कार्ड दिले आहे, तुमाले काय करण?","मला मुलगा वडिलांनी क्रेडिट कार्ड दिला आहे, तुम्हाला काय करावे?",D4
काय हाय ऑनलाईन बँकिंग करण्यासाठी सुरक्षित आहे का?,काय आहे ऑनलाइन बँकिंग करण्यासाठी सुरक्षित आहे का?,D4
तुमाले UPI वापरून पैसे पाठवण्यासाठी काय प्रक्रिया करावी लागेल?,तुम्हाला UPI वापरून पैसे पाठवण्यासाठी काय प्रक्रिया करावी लागेल?,D4
बँकेच्या EMI स्कीमने मला काय फायदा होतो?,बँकेच्या EMI स्कीमने मला काय फायदा होतो?,D4
काय काय कागदपत्रे पोरग्याला क्रेडिट कार्ड देण्यासाठी लागतील?,काय काय कागदपत्रे मुलाला क्रेडिट कार्ड देण्यासाठी लागतील?,D4
मले KYC पूर्ण करण्यासाठी काय कागदपत्रे द्या लागन?,मला KYC पूर्ण करण्यासाठी काय कागदपत्रे द्यावी लागतील?,D4
बँकेतून मला EMI करण्याच्या संकेतांसाठी काय करून घ्या लागन?,बँकेतून मला EMI करण्याच्या संकेतांसाठी काय करावे लागेल?,D4
मला हाय पैसे बचत करण्यासाठी काय प्रक्रिया करावी लागन?,मला आहे पैसे बचत करण्यासाठी काय प्रक्रिया करावी लागेल?,D4
मले एका निर्मिती कर्जासाठी अर्ज करू लागन असे मले काय करण त्यासाठी बँकेला काय कागदपत्रे द्या लागन?,मला एका निर्मिती कर्जासाठी अर्ज करावा लागतो. मले काय करण्याची आवश्यकता आहे त्यासाठी बँकेला काय कागदपत्रे द्यावी लागतील?,D4
काय कायले जास्ती काळासाठी क्रेडिट कार्ड म्हाजी देयच असतो का?,कशामुळे जास्ती काळासाठी क्रेडिट कार्ड माझा देयच असतो का?,D4
मले हे पीक कर्ज पार करवतत आहे हाय! माथून काय काय शुल्क द्या लागन?,मले हे पीक कर्ज करून घेत आहे आहे! मधून काय काय शुल्क द्यावी लागतील?,D4
काय पायजे मले काही शुल्क प्लस द्या लागन हे पीक कर्ज घ्यायचे हाय?,काय पाहिजे मले काही शुल्क प्लस द्यावा लागेल हे पीक कर्ज घ्यायचे आहे?,D4
कुठे अर्ज करायचे हाय हे शिक्षण कर्जासाठी? कुठी ऑनलाईन अर्ज करायचे हाय?,कुठे अर्ज करावा लागतो हे शिक्षण कर्जासाठी? कुठे ऑनलाईन अर्ज करावा लागतो?,D4
काय देयच असतो क्रेडिट कार्ड की काय देयच नसतो? मले हे काही काळासाठी कार्ड घ्यायचे हाय!,काय देयच असतो क्रेडिट कार्ड की काय देयच नसतो? मले हे काही काळासाठी कार्ड घ्यायचे आहे!,D4
बँकेतून काय कागदपत्रे द्या लागन हे पीक कर्जासाठी?,बँकेतून काय कागदपत्रे द्यावी लागतील हे पीक कर्जासाठी?,D4
काय पायजे मले हे एका निर्मिती कर्जासाठी बँकेतून घ्यायचे हाय?,काय पाहिजे मले हे एका निर्मिती कर्जासाठी बँकेतून घ्यावे लागतील?,D4
"मले हे शिक्षण कर्ज पार केले हाय हाय, कुठे अर्ज करायचे हाय नंतर?","मले हे शिक्षण कर्ज पार केले आहे आहे, कुठे अर्ज करावा लागतो?",D4
काय कायले काही शुल्क प्लस द्या लागन हे पीक कर्जासाठी?,कशामुळे काही शुल्क प्लस द्यावा लागतील हे पीक कर्जासाठी?,D4
मले बँकेतून शिक्षणासाठी क्रेडिट कार्ड दिले असतील तर म्हाजी कुठी भेटन? त्यासाठी फक्त ऑनलाईन अर्ज करावा लागन का?,मला बँकेतून शिक्षणासाठी क्रेडिट कार्ड दिले असेल तर माझी कुठे माहिती असेल? त्यासाठी फक्त ऑनलाईन अर्ज करावा लागेल का?,D4
तुमाले कायसा कार्यालयातून सामान्य खाते उघडायले असतील तर तुमाले काय-काय कागदपत्रे द्या लागन?,तुम्हाला कायसा कार्यालयातून सामान्य खाते उघडायचे असेल तर तुम्हाला काय-काय कागदपत्रे द्यावी लागतील?,D4
मले विद्यार्थ्याने EMI प्रकरणी पोरग्याचे काय म्हणत असतील?,मला विद्यार्थ्याने EMI प्रकरणी मुलाचे काय म्हणत असेल?,D4
कायसा क्रेडिट कार्डच्या कागदातून UPI चा कोड कायसा लागतो?,कायसा क्रेडिट कार्डच्या कागदातून UPI चा कोड कायसा मिळतो?,D4
कायसा बँकेतून हाय क्रेडिट स्कोर मिळवायले असतील?,कायसा बँकेतून आहे क्रेडिट स्कोर मिळवायचे असेल?,D4
कायसा लोअन कार्डवर EMI करायले असतील तर कायसा पायजे?,कायसा लोअन कार्डवर EMI करायचे असेल तर काय-काय पाहिजे?,D4
कायसा बँकेतून म्हाले शिक्षणासाठी कर्ज घ्यायले असतील तर कायसा अर्ज करावा लागन?,कायसा बँकेतून मला शिक्षणासाठी कर्ज घ्यायचे असेल तर कायसा अर्ज करावा लागेल?,D4
कायसा KYC प्रकरणी कायसा कागदपत्रे द्या लागन?,कायसा KYC प्रकरणी कायसा कागदपत्रे द्यावी लागतील?,D4
मले बँकेतून हाय हाय हाय शिक्षणासाठी कर्ज दिले असतील तर म्हाजी कुठी भेटन?,मला बँकेतून आहे शिक्षणासाठी कर्ज दिले असेल तर माझी कुठे माहिती असेल?,D4
कायसा बँकेतून शिक्षणासाठी कर्ज घ्यायले असतील तर म्हाले काय करावे लागन?,कायसा बँकेतून शिक्षणासाठी कर्ज घ्यायचे असेल तर मला काय करावे लागेल?,D4
मले नोकरीतून EMI ची रक्कम द्यायला पायजे असतील तर मला कुठे ऑनलाईन पेमेंट करा लागन का?,मला नोकरीतून EMI ची रक्कम द्यावी लागतील तर मला कुठे ऑनलाईन पेमेंट करावा लागेल का?,D4
"बँकेतून क्रेडिट कार्ड मिळवायचे हाय, अर्ज करा लागन त्याची मायती बँकेतून कुठी भेटन?","बँकेतून क्रेडिट कार्ड मिळवायचे आहे, अर्ज करावा लागेल त्याची माहिती बँकेतून कुठे मिळेल?",D4
मले शिकायले लोन घ्यायचे असतील तर तुमाले काय काय कागदपत्रे द्या लागन?,मला शिक्षासाठी लोन घ्यायचे असेल तर तुम्हाला काय काय कागदपत्रे द्यावी लागतील?,D4
"स्वास्थ्य बीमा लाभ मिळवायचे हाय, अर्ज करा लागन त्याची मायती स्वास्थ्य बीमा कंपनीने कुठी भेटन?","स्वास्थ्य बीमा लाभ मिळवायचे आहे, अर्ज करावा लागेल त्याची माहिती स्वास्थ्य बीमा कंपनीने कुठे मिळेल?",D4
मले लोन मिळवायचे असतील तर पोरगांना काय काय रक्कम द्या लागन?,मला लोन मिळवायचे असेल तर मुलांना काय काय रक्कम द्यावी लागतील?,D4
"बँकेतून UPI ची सहाय्यका मिळवायचे हाय, काय काय कागदपत्रे द्या लागन?","बँकेतून UPI ची सहाय्यका मिळवायचे आहे, काय काय कागदपत्रे द्यावी लागतील?",D4
मले पीक कर्ज घ्यायचे असतील तर तुमाले काय काय रक्कम द्या लागन?,मला पीक कर्ज घ्यायचे असेल तर तुम्हाला काय काय रक्कम द्यावी लागतील?,D4
"कायमचे खाते म्हाजी हाय, कुठे अर्ज करा लागन?","कायमचे खाते माझे आहे, कुठे अर्ज करावा लागेल?",D4
"बँकेतून KYC माझी हाय, काय काय कागदपत्रे द्या लागन?","बँकेतून KYC माझे आहे, काय काय कागदपत्रे द्यावी लागतील?",D4
मले म्हाले नोकरीतून EMI ची रक्कम द्यायला पायजे असतील तर पोरगांना काय काय रक्कम द्या लागन?,मला नोकरीतून EMI ची रक्कम द्यावी लागतील तर मुलांना काय काय रक्कम द्यावी लागतील?,D4
"नागरी कर्मचाऱ्यानी जाहिरात दिली हाय, निवडणूक निकालाची घोषणा तुमाले कधी हाय?","नागरी कर्मचाऱ्यानी जाहिरात दिली आहे, निवडणूक निकालाची घोषणा तुम्हाला कधी आहे?",D4
"क्रेडिट कार्ड दुरुस्ती करायची हाय, पोस्टऑफिस कुठे हाय का त्यात पोरगा नाव हाय?","क्रेडिट कार्ड दुरुस्ती करायची आहे, पोस्टऑफिस कुठे आहे का त्यात मुलगा नाव आहे?",D4
म्हाजे नाव पोलीस ठाण्यात नसले तरी पायजे हाय काय त्यात पोरगा किती हाय?,माझे नाव पोलीस ठाण्यात नसले तरी पाहिजे काय त्यात मुलगा किती आहे?,D4
"आमचा विद्युत विक्री प्रवेश पत्र हाय, पायजे हाय का त्यात बिलाचे वेळा हाय?","आमचा विद्युत विक्री प्रवेश पत्र आहे, पाहिजे का त्यात बिलाचे वेळा आहे?",D4
स्थानिक सांडपाणी व्यवस्था नसल्याने पायजे हाय काय हाय का नागरी कर्मचाऱ्यानी हाय?,स्थानिक सांडपाणी व्यवस्था नसल्याने पाहिजे काय आहे का नागरी कर्मचाऱ्यानी आहे?,D4
"पोरगा कुठे पोलीस ठाण्यात नाव तुमाले हाय, पायजे हाय का पोलीस अधिकारी हाय?","मुलगा कुठे पोलीस ठाण्यात नाव तुम्हाला आहे, पाहिजे का पोलीस अधिकारी आहे?",D4
"क्रेडिट कार्ड पोरगाचे नाव हाय, हाय का पायजे हाय विश्वासघात हाय?","क्रेडिट कार्ड मुलगाचे नाव आहे, आहे का पाहिजे आहे विश्वासघात आहे?",D4
"कंत्राट देण्यासाठी विक्री कर्मचाऱ्यानी जाहिरात दिली हाय, म्हाजे नाव हाय का त्यात काय आहे?","कंत्राट देण्यासाठी विक्री कर्मचाऱ्यानी जाहिरात दिली आहे, माझे नाव आहे का त्यात काय आहे?",D4
"पोरगा नाव हाय पायजे हाय काय का पायजे हाय, हाय काय काय नागरी कर्मचाऱ्यानी हाय?","मुलगा नाव आहे पाहिजे काय आहे का पाहिजे आहे, आहे काय आहे नागरी कर्मचाऱ्यानी आहे?",D4
"सार्वजनिक बागवठी व्यवस्था हाय, पायजे हाय का त्यात पोरगा किती हाय?","सार्वजनिक बागवठी व्यवस्था आहे, पाहिजे का त्यात मुलगा किती आहे?",D4
ग्रामपंचायतीत स्वच्छता अभियानात माझ्या घरात बायोडिग्रेडेबल थेंबे घातल्याने कायले काय वाईट आहे?,ग्रामपंचायतीत स्वच्छता अभियानात माझ्या घरात बायोडिग्रेडेबल थेंबे घातल्याने कशामुळे वाईट आहे?,D4
म्हाजी पोरगा शाळेत जायला पायजे त्याच्या पासपोर्टला फोटो चढवणे हाय?,माझा मुलगा शाळेत जायला पाहिजे त्याच्या पासपोर्टला फोटो चढवणे आहे?,D4
"ग्रामपंचायतीत कोळंबा योजनेची यादी आली हाय, म्हाजे नाव हाय का त्यात?","ग्रामपंचायतीत कोळंबा योजनेची यादी आली आहे, माझे नाव आहे का त्यात?",D4
"आधार कार्ड दुरुस्ती करायची हाय, सेतू केंद्र कुठे हाय, तुमाले मी कोणत्या आहे काय?","आधार कार्ड दुरुस्ती करायची आहे, सेतू केंद्र कुठे आहे, तुम्हाला मी कोणत्या आहे काय?",D4
"म्हाजे घरात वीज पुरवठा म्हाले आहे, कायले काय फार वेळात येत नाही हाय?","माझ्या घरात वीज पुरवठा मला आहे, कशामुळे फार वेळात येत नाही आहे?",D4
ग्रामपंचायतीत स्वसहायता योजनेचा फायदा म्हाज्या घरात कोणता आहे?,ग्रामपंचायतीत स्वसहायता योजनेचा फायदा माझ्या घरात कोणता आहे?,D4
म्हाज्या वडिलांना कोणती यंत्रणा हाय ज्यात ते संपर्क करू शकतात हाय?,माझ्या वडिलांना कोणती यंत्रणा आहे ज्यात ते संपर्क करू शकतात?,D4
"आता स्थायी निवासी पुरवठा योजनेच्या पात्र म्हाले का, हाय काय प्रक्रिया आहे हाय?","आता स्थायी निवासी पुरवठा योजनेच्या पात्र मला आहे, काय प्रक्रिया आहे?",D4
ग्रामपंचायतीत कोणती शाळा आहे जिथे म्हाज्या पोरग्याला शिक्षण मिळेल हाय?,ग्रामपंचायतीत कोणती शाळा आहे जिथे माझा मुलगाला शिक्षण मिळेल?,D4
"आधार कार्ड दुरुस्ती करायची हाय, सेतू केंद्र कुठे हाय, तुमाले मी कोणत्या आहे कायले?","आधार कार्ड दुरुस्ती करायची आहे, सेतू केंद्र कुठे आहे, तुम्हाला मी कोणत्या आहे कशामुळे?",D4
"ग्रामपंचायतीत घरकुलाच्या योजनेची यादी आली हाय का, म्हाजे नाव हाय का त्यात?","ग्रामपंचायतीत घरकुल योजनेची यादी आली आहे का, माझे नाव आहे का त्यात?",D4
"आधार कार्ड दुरुस्ती करायची हाय, सेतू केंद्र कुठे हाय?","आधार कार्ड दुरुस्ती करायची आहे, सेतू केंद्र कुठे आहे?",D4
"नागरिकांना रेशन कार्ड किती पैसे देतात हाय, तुमाले खात्यात कुठे भरायचे हाय?","नागरिकांना रेशन कार्ड किती पैसे देतात आहे, तुम्हाला खात्यात कुठे भरावे लागते?",D4
"नागरिकांना कोणत्या कार्यक्रमांतर्गत शौचालय योजना वितरित होणार हाय, तुमाले पाहिजे काय हाय?","नागरिकांना कोणत्या कार्यक्रमांतर्गत शौचालय योजना वितरित होणार आहे, तुम्हाला काय पाहिजे?",D4
"ग्रामपंचायतीत पाण्याची पुरवठा किती प्रतिष्ठानांवर होतो हाय, तुमाले पायजे काय?","ग्रामपंचायतीत पाण्याची पुरवठा किती प्रतिष्ठानांवर होत आहे, तुम्हाला काय पाहिजे?",D4
नागरिकांना कोणत्या कार्यक्रमांतर्गत गरजूंना वितरित केले जाणारे फ्री बायसायकल किती प्रतिष्ठानांवर म्हाले हाय?,नागरिकांना कोणत्या कार्यक्रमांतर्गत गरजूंना वितरित केले जाणारे फ्री बायसायकल किती प्रतिष्ठानांवर मला आहे?,D4
"ग्रामपंचायतीत प्राथमिक शाळांच्या किती जागांवर मराठी भाषा शिकवली जाते हाय, कायले?","ग्रामपंचायतीत प्राथमिक शाळांच्या किती जागांवर मराठी भाषा शिकवली जात आहे, कशामुळे?",D4
"ग्रामपंचायतीत पाण्याच्या किती प्रतिष्ठानांवर पाण्याच्या साठ्यांचा भर घेण्यासाठी पंपसेट कार्यक्रम चालू आहे हाय, तुमाले पायजे काय?","ग्रामपंचायतीत पाण्याच्या किती प्रतिष्ठानांवर पाण्याच्या साठ्यांचा भर घेण्यासाठी पंपसेट कार्यक्रम चालू आहे, तुम्हाला काय पाहिजे?",D4
"ग्रामपंचायतीत नागरिकांना कोणत्या कार्यक्रमांतर्गत क्रेडिट कार्ड किती प्रतिष्ठानांवर वितरित होतात हाय, तुमाले पायजे काय?","ग्रामपंचायतीत नागरिकांना कोणत्या कार्यक्रमांतर्गत क्रेडिट कार्ड किती प्रतिष्ठानांवर वितरित होतात आहे, तुम्हाला काय पाहिजे?",D4
"नागरिकांना जातोळा योजना किती प्रतिष्ठानांवर चालू आहे हाय, तुमाले पायजे काय हाय?","नागरिकांना जातोळा योजना किती प्रतिष्ठानांवर चालू आहे, तुम्हाला काय पाहिजे?",D4
"ग्रामपंचायतीत घरकुलाच्या योजनेची यादी आली हाय का, म्हाजे नाव हाय का त्यात?","ग्रामपंचायतीत घरकुल योजनेची यादी आली आहे का, माझे नाव आहे का त्यात?",D4
"आधार कार्ड दुरुस्ती करायची हाय, सेतू केंद्र कुठे हाय?","आधार कार्ड दुरुस्ती करायची आहे, सेतू केंद्र कुठे आहे?",D4
"कोणत्या प्रकारचे शौचालये आहेत तुमाले पाहिजे?, जे म्हाले ते कुठे आहेत?","कोणत्या प्रकारचे शौचालये आहेत तुम्हाला पाहिजे, जे मला ते कुठे आहेत?",D4
ग्रामपंचायतीत कोणत्या योजना आहेत तुमाले पोरग्यांना हालाहाल कराव्यात?,ग्रामपंचायतीत कोणत्या योजना आहेत तुम्हाला मुलांना हालाहाल कराव्यात?,D4
कोणत्या कायद्याचा पालन करावयास पायजे तुमाले?,कोणत्या कायद्याचा पालन करावयास पाहिजे तुम्हाला?,D4
"जिल्हा परिषदेचे सभागृह कुठे हाय?, ह्यांच्या बाबतीत ह्यांनी काय योगदान दिले?","जिल्हा परिषदेचे सभागृह कुठे आहे, त्यांच्या बाबतीत त्यांनी काय योगदान दिले?",D4
"कोणत्या प्रकारची शाळा तुमाले पोरग्यांना पाहिजे?, कोणत्या शाळेमध्ये पोरगा शिकतात?","कोणत्या प्रकारची शाळा तुम्हाला मुलांना पाहिजे, कोणत्या शाळेमध्ये मुले शिकतात?",D4
कोणत्या कारणामुळे तुमाले जेलमध्ये जावयाचे पायजे?,कोणत्या कारणामुळे तुम्हाला जेलमध्ये जावयाचे पाहिजे?,D4
"राज्य शासनाच्या बाबतीत म्हाजे काय विचार आहेत, कोणती योजना म्हाले काम करत आहेत?","राज्य शासनाच्या बाबतीत माझे काय विचार आहेत, कोणती योजना मला काम करत आहेत?",D4
"ग्रामपंचायतीत कोणत्या सुविधा तुमाले पोरग्यांना पाहिजे, कोणत्या सुविधा पूर्ण झाल्या त्यांचा काय फायदा?","ग्रामपंचायतीत कोणत्या सुविधा तुम्हाला मुलांना पाहिजे, कोणत्या सुविधा पूर्ण झाल्या त्याचा काय फायदा?",D4
नागरिक पार्किंगविषयक नियमांची यादी म्हाजी काय असेल?,नागरिक पार्किंगविषयक नियमांची यादी माझी काय असेल?,D4
स्थानिक नियोजन आणि विकास याद्वारे आमच्या गावात काय सुधारणा करायच्या आहेत हाय?,स्थानिक नियोजन आणि विकास याद्वारे आमच्या गावात काय सुधारणा करायच्या आहेत आहेत का?,D4
कोणत्या वेळी पुस्तकांची वाचनालयाची यादी म्हाजी काय असेल?,कोणत्या वेळी पुस्तकांची वाचनालयाची यादी माझी काय असेल?,D4
अर्ज प्राप्तीसाठी स्थायी पार्किंगची यादी माथून काय व्यापारी संस्थांची असेल?,अर्ज प्राप्तीसाठी स्थायी पार्किंगची यादी मधून काय व्यापारी संस्थांची असेल?,D4
स्थानिक सहकार्याद्वारे आम्ही गावात काय सुधारणा करायच्या आहेत हाय?,स्थानिक सहकार्याद्वारे आम्ही गावात काय सुधारणा करायच्या आहेत?,D4
पाने शिल्लक आहेत का हाय?,पाने शिल्लक आहेत का?,D4
"आधार कार्ड दुरुस्ती करायची हाय, सेतू केंद्र कुठे हाय?","आधार कार्ड दुरुस्ती करायची आहे, सेतू केंद्र कुठे आहे?",D4
जमानती नाणे कोणत्या वेळी पोचते हाय?,जमानती नाणे कोणत्या वेळी पोचते?,D4
निवडणूक प्रक्रियेचे नियम म्हाजी काय असेल?,निवडणूक प्रक्रियेचे नियम माझी काय असेल?,D4
जमीन सांभाळाच्या यादी म्हाजी काय असेल?,जमीन सांभाळाच्या यादी माझी काय असेल?,D4
राज्य शासनाची विविध योजना जाणारी माहिती म्हाजे कायते?,राज्य शासनाच्या विविध योजनांची माहिती माझ्याकडे काय आहे?,D4
ग्रामपंचायतीला पोरगा सामील होण्याची पायजे आहे काय?,ग्रामपंचायतीला मुलगा सामील होण्याचे पाहिजे काय?,D4
नागरिकांना सेवा देणारी शाळा सुरू होणार हाय काय?,नागरिकांना सेवा देणारी शाळा सुरू होणार आहे का?,D4
नगरपालिका निवडणुका येण्याची मुदत काय कायते?,नगरपालिका निवडणुका येण्याची मुदत कशामुळे?,D4
जिल्हा कार्यालयात करण्याचे काम काय हाय?,जिल्हा कार्यालयात करण्याचे काम आहे काय?,D4
"कमिशनरने बैठक सांगितली हाय काय, तुमाले पाहिजे काय?",कमिशनरने बैठक सांगितली आहे का? तुम्हाला काय पाहिजे?,D4
नागरिकांच्या म्हाले हक्काची शिकवण देणारी स्कूल सुरू होणार हाय काय?,नागरिकांच्या हक्काची शिकवण देणारी स्कूल सुरू होणार आहे का?,D4
स्थानिक संस्थांच्या म्हाले पैसे मागण्याची यादी तुमाले काय?,स्थानिक संस्थांच्या तुम्हाला पैसे मागण्याची यादी कशासाठी?,D4
जिल्हा प्रशासक शाळा आणि स्वास्थ्य सेवांची यादी म्हाजे काय?,जिल्हा प्रशासक शाळा आणि स्वास्थ्य सेवांची यादी माझ्याकडे काय आहे?,D4
नगरपालिकेत मिळणारी सेवा म्हाजे नाव तुमाले हाय काय?,नगरपालिकेत मिळणारी सेवा माझे नाव तुम्हाला आहे का?,D4
नागरिक शाळेत माहिती मिळवण्यासाठी पायजे जायला हवे काय?,नागरिक शाळेत माहिती मिळवण्यासाठी पाहिजे काय?,D4
कायले संपट्याचे वेळापत्रक म्हाजे मिळाले आहे काय?,कशामुळे संपट्याचे वेळापत्रक माझे मिळाले आहे काय?,D4
जिल्हा अधिकाऱ्यांपासून शिकवणी घेण्यासाठी म्हाले कुठे जायला हवे काय?,जिल्हा अधिकाऱ्यांपासून शिकवणी घेण्यासाठी मला कुठे जायला हवे काय?,D4
राज्य शासनाच्या योजनेचे माहिती म्हाजे मिळाले आहे काय?,राज्य शासनाच्या योजनेचे माहिती माझे मिळाले आहे काय?,D4
कायदा संशोधनाच्या नवीन प्रकरणाचे वाचन करायचे हाय म्हाजे नाव काय?,कायदा संशोधनाच्या नवीन प्रकरणाचे वाचन करायचे आहे माझे नाव काय?,D4
म्हाजे ग्रामपंचायतीचे अधिवेशनाची वेळ म्हाजे माहीत आहे काय?,माझे ग्रामपंचायतीचे अधिवेशनाची वेळ माझे माहीत आहे काय?,D4
नागरिकांच्या नावाची यादी म्हाजे तुमाले पाहिजे काय?,नागरिकांच्या नावाची यादी माझे तुम्हाला पाहिजे काय?,D4
कामगिरी शेतकरी विकास योजनेचे माहिती म्हाजे मिळाले आहे काय?,कामगिरी शेतकरी विकास योजनेचे माहिती माझे मिळाले आहे काय?,D4
राज्य शासनाच्या कार्यक्रमाचे माहिती म्हाजे तुमाले कुठे मिळाले आहे काय?,राज्य शासनाच्या कार्यक्रमाचे माहिती माझे तुम्हाला कुठे मिळाले आहे काय?,D4
कायले नागरिकांच्या शिकवणीला उपकरणे आणण्यासाठी पायजे जायला हवे काय?,कशामुळे नागरिकांच्या शिकवणीला उपकरणे आणण्यासाठी पाहिजे काय?,D4
"ग्रामपंचायतीत घरकुलाच्या योजनेची यादी आली हाय का, म्हाजे नाव हाय का त्यात?","ग्रामपंचायतीत घरकुल योजनेची यादी आली आहे का, माझे नाव आहे का त्यात?",D4
वीज पैशांची शुल्के कशासाठी वाढवली हाय?,वीज पैशांची शुल्के कशासाठी वाढवली आहेत?,D4
कायजे सामान्य नागरिकाला पासपोर्ट मिळत नाही हाय?,कायमुळे सामान्य नागरिकाला पासपोर्ट मिळत नाही?,D4
"पासपोर्ट दुरुस्ती करायची हाय, कुठे जावे हाय?","पासपोर्ट दुरुस्ती करायची आहे, कुठे जावे आहे?",D4
काय म्हणून कोणाला पोलीस पास आहे हाय?,कायमुळे कोणाला पोलीस पास आहे?,D4
मले पोलीस पास कशासाठी मिळत नाही हाय?,मला पोलीस पास कशासाठी मिळत नाही?,D4
पोलीस पास कसे मिळवावे हाय?,पोलीस पास कशी मिळवावी?,D4
नागरिकांचे वीज पैशांचे खाते कसे पाहिजे हाय?,नागरिकांचे वीज पैशांचे खाते कशी पाहिजे?,D4
काय म्हणून वीज खाते बंद केले जाते हाय?,कायमुळे वीज खाते बंद केले जाते?,D4
वीज पैशांचे खाते कसे दुरुस्त करावे हाय?,वीज पैशांचे खाते कशी दुरुस्त करावी?,D4
"ग्रामदार पासपोर्ट बँक पासबुक विचारायची हाय, काय काम हाय?","ग्रामदार पासपोर्ट बँक पासबुक विचारायची आहे, काय काम आहे?",D4
नागरिक पुरवठ्याची जाणीव देण्याची पोरग्यांना पायरजे हाय?,नागरिक पुरवठ्याची जाणीव देण्याची मुलांना पाहिजे आहे?,D4
आधार कार्ड वाचक कार्ड कशामुळे पायरजे हाय?,आधार कार्ड वाचक कार्ड कशामुळे काय आहे?,D4
"नागरिक पुरवठ्याच्या यादीमध्ये नाव कोणते हाय, तुमाले विचारायची हाय?","नागरिक पुरवठ्याच्या यादीमध्ये नाव कोणते आहे, तुम्हाला विचारायची आहे?",D4
"पोलीस स्टेशन कुठे हाय, त्यात जाण्यास पायरजे हाय?","पोलीस स्टेशन कुठे आहे, त्यात जाण्यास काय आहे?",D4
नागरिक पुरवठ्याची जाणीव देण्याची कायदा काय हाय?,नागरिक पुरवठ्याची जाणीव देण्याची कायदा काय आहे?,D4
"ग्रामपंचायतीत घरकुलाच्या योजनेची यादी आली हाय का, म्हाजे नाव हाय का त्यात?","ग्रामपंचायतीत घरकुल योजनेची यादी आली आहे का, माझे नाव आहे का त्यात?",D4
"आधार कार्ड दुरुस्ती करायची हाय, सेतू केंद्र कुठे हाय?","आधार कार्ड दुरुस्ती करायची आहे, सेतू केंद्र कुठे आहे?",D4
"पोलीस स्टेशनात शिक्षा मिळवायची हाय, फक्त या कुठे हाय?","पोलीस स्टेशनात शिक्षा मिळवायची आहे, फक्त या कुठे आहे?",D4
"नागरिक पुरवठ्याची जाणीव देण्याची यादी कोणती हाय, तुमाले विचारायची हाय?","नागरिक पुरवठ्याची जाणीव देण्याची यादी कोणती आहे, तुम्हाला विचारायची आहे?",D4
"वoter card पाहिजे तुमाले, जस्टिस कोर्ट कुठे हाय?","वोटर कार्ड पाहिजे तुम्हाला, जस्टिस कोर्ट कुठे आहे?",D4
"ग्रामपंचायतीत घरकुलाच्या यादीची वेळ पडली म्हाजी, काय हाय त्यात?","ग्रामपंचायतीत घरकुल यादीची वेळ पडली माझी, काय आहे त्यात?",D4
"नागरिक सेवा केंद्रात पासपोर्ट पोरगा मिळवायची हाय, तेथे काय पायजे?","नागरिक सेवा केंद्रात पासपोर्ट मुलगा मिळवायची आहे, तेथे काय पाहिजे?",D4
"आधार कार्ड तपासणी करायची म्हाले, कुठे हाय सेतू केंद्र?","आधार कार्ड तपासणी करायची मला, कुठे आहे सेतू केंद्र?",D4
"जमीनी प्रक्रिया पूर्ण करायची हाय, कुठे हाय न्यायालय?","जमीनी प्रक्रिया पूर्ण करायची आहे, कुठे आहे न्यायालय?",D4
"वीज पोरगा वितरण कार्यक्रमानुसार लागू होतो हाय, पायजे काय?","वीज मुलगा वितरण कार्यक्रमानुसार लागू होतो आहे, पाहिजे काय?",D4
पोलीस स्टेशनात दिवाणी मामले निवारण कार्यालय कुठे हाय?,पोलीस स्टेशनात दिवाणी मामले निवारण कार्यालय कुठे आहे?,D4
"नागरिक सेवा पोरगा प्राधिकरणाची माहिती म्हाजी, काय हाय मुख्यालय?","नागरिक सेवा मुलगा प्राधिकरणाची माहिती माझी, काय आहे मुख्यालय?",D4
"वीज बिल पोरगा शुल्क म्हाले, काय हाय वेळा?","वीज बिल मुलगा शुल्क मला, काय आहे वेळा?",D4
"कॉल सेंटरात रजिस्टर करायची हाय, कुठे हाय सेवा केंद्र?","कॉल सेंटरात रजिस्टर करायची आहे, कुठे आहे सेवा केंद्र?",D4
"राज्य शासनाची विकास योजना म्हाजी कळते का हाय, तुमाले पाहिजे कसे?","राज्य शासनाची विकास योजना माझ्याकडे कळते आहे का, तुम्हाला कशी पाहिजे?",D4
"ग्रामपंचायतीत राज्य शासनाच्या योजनांची वेळा काय हाय, तुमाले कशी जाणावी?","ग्रामपंचायतीत राज्य शासनाच्या योजनांची वेळा काय आहेत, तुम्हाला कशी जाणावी?",D4
"सामाजिक सुरक्षासाठी काय पायजे हाय, हाय म्हाले कोणत्या शाळेत शिकतात?","सामाजिक सुरक्षासाठी काय पाहिजे आहे, मला कोणत्या शाळेत शिकतात?",D4
"कोणत्या राज्य शासनाच्या योजनांचा लाभ म्हाजे हाय, कायले कोणत्या ठिकाणी पैसे मिळतात?","कोणत्या राज्य शासनाच्या योजनांचा लाभ माझ्याकडे आहे, कशामुळे कोणत्या ठिकाणी पैसे मिळतात?",D4
"ग्रामपंचायतीत विकास कार्ये कुठे हाय, तुमाले कशी जाणावी?","ग्रामपंचायतीत विकास कार्ये कुठे आहेत, तुम्हाला कशी जाणावी?",D4
"पोलीस स्टेशन म्हाजी कुठे आहे हाय, पोरगा घरी पाहिजे कुठे पाहिजे?","पोलीस स्टेशन माझ्याकडे कुठे आहे आहे, मुलगा घरी पाहिजे कुठे पाहिजे?",D4
"राज्य शासनाच्या योजनांची माहिती म्हाजे काय हाय, करवतत कशी जाणावी?","राज्य शासनाच्या योजनांची माहिती माझ्याकडे काय आहे, कशी जाणावी?",D4
"ग्रामपंचायतीत कोणत्या योजनांचा लाभ हाय, तुमाले कशी अर्ज करावा?","ग्रामपंचायतीत कोणत्या योजनांचा लाभ आहे, तुम्हाला कशी अर्ज करावा?",D4
"सामाजिक सुरक्षा योजना म्हाजे कशी मिळते हाय, पायजे कशी काम करतात?","सामाजिक सुरक्षा योजना माझ्याकडे कशी मिळते आहे, कशी काम करतात?",D4
"ग्रामपंचायतीत विकास कार्ये कुठे हाय, म्हाजे कोणी केली आहेत?","ग्रामपंचायतीत विकास कार्ये कुठे आहेत, माझ्याकडे कोणी केली आहेत?",D4
सार्वजनिक शाळेत नोकरी मिळण्याची पायजे काय हाय?,सार्वजनिक शाळेत नोकरी मिळण्याची पाहिजे काय आहे?,D4
"नागरिकांच्या पासवर्ड बदलण्याचा कार्यक्रम हाय, तुमाले कुठल्या ठिकाणी हाय?","नागरिकांच्या पासवर्ड बदलण्याचा कार्यक्रम आहे, तुम्हाला कुठल्या ठिकाणी आहे?",D4
"पोलीस स्टेशनच्या पत्ती म्हाजे नाव हाय का, तुमाले येणे हाय का?","पोलीस स्टेशनच्या पत्ती माझे नाव आहे का, तुम्हाले येणे आहे का?",D4
"ग्रामपंचायतीत घरकुलाची यादी तुमाले पाहावी हाय, मला कोणतीही गोष्टी करवतत नाही.","ग्रामपंचायतीत घरकुल यादी तुम्हाले पाहावी आहे, मला कोणतीही गोष्ट करून घेत नाही.",D4
"कोणत्या विकास कार्यांची माहिती म्हाले पाहावी हाय का, स्थानिक प्रशासनाकडून हाय?","कोणत्या विकास कार्यांची माहिती मला पाहावी आहे का, स्थानिक प्रशासनाकडून आहे?",D4
प्रत्येक आंतरजाल पुरवठाकडून कोणता क्रेडिट कार्ड करवतत नाही हाय?,प्रत्येक आंतरजाल पुरवठाकडून कोणता क्रेडिट कार्ड करून घेत नाही आहे?,D4
"कोणत्या मुलाला पावले पोरगा सापडणार नाही हाय का, ग्रामपंचायतीत कायदा हाय?","कोणत्या मुलाला पावले मुलगा सापडणार नाही आहे का, ग्रामपंचायतीत कायदा आहे?",D4
"शासकीय बँकेत पैसे निर्गमित करायची हाय, सावले तुमाले कुठल्या ठिकाणी हाय?","शासकीय बँकेत पैसे निर्गमित करायची आहे, तुम्हाला कुठल्या ठिकाणी आहे?",D4
"कोणत्या ग्रामपंचायतीकरिता बँकिंग सेवा म्हाजे नाव हाय का, तुमाले तो कार्यक्रम हाय?","कोणत्या ग्रामपंचायतीकरिता बँकिंग सेवा माझे नाव आहे का, तुम्हाला तो कार्यक्रम आहे?",D4
"सार्वजनिक शाळेत कुणाला प्रवेश मिळण्याची पायजे काय हाय, तुमाले त्या कार्यक्रमाचे कोणते नाव हाय?","सार्वजनिक शाळेत कुणाला प्रवेश मिळण्याची पाहिजे काय आहे, तुम्हाला त्या कार्यक्रमाचे कोणते नाव आहे?",D4
"नागरिकांना आधुनिक शाळेत प्रवेश देण्याची संकल्पना हाय, तुमाले हिने काय कार्यक्रम हाय?","नागरिकांना आधुनिक शाळेत प्रवेश देण्याची संकल्पना आहे, तुम्हाला ती कार्यक्रम आहे?",D4
संपत्ती नवीनीकरणाचे पावती पोरगा तुमाले म्हाजी म्हाले द्यायची हाय,संपत्ती नवीनीकरणाचे पावती मुला तुम्हाला माझी मला द्यायची आहे,D4
कोणता बँकेचे क्रेडिट कार्ड पोरगा पायजे हाय कायले?,कोणती बँकेचे क्रेडिट कार्ड पाहिजे आहे कशामुळे?,D4
जनगणना २०२०च्या नोंदणीची यादी म्हाजी करमती हाय का?,जनगणना २०२०च्या नोंदणीची यादी माझी करवतत आहे का?,D4
अल्पसंख्यक भाग्यअवधी योजनेचे पात्र तुमाले कोणते हाय?,अल्पसंख्यक भाग्यअवधी योजनेचे पात्र तुम्हाला कोणते आहे?,D4
अर्जाची अटी म्हाजी कोणत्या हाय का हाय?,अर्जाची अटी माझी कोणत्या आहे का आहे?,D4
कोणता योजना तुमाले म्हाजी पोरगा पायजे हाय?,कोणती योजना तुम्हाला माझी मुला पाहिजे आहे?,D4
"आधार कार्ड म्हाजी दुरुस्ती करायची हाय, सेतू केंद्र कुठे हाय?","आधार कार्ड माझी दुरुस्ती करायची आहे, सेतू केंद्र कुठे आहे?",D4
"ग्रामपंचायतीत घरकुलाच्या योजनेची यादी म्हाजी आली हाय का, म्हाजे नाव हाय का त्यात?","ग्रामपंचायतीत घरकुल योजनेची यादी माझी आली आहे का, माझे नाव आहे का त्यात?",D4
प्राथमिक शाळा आहे का म्हाजी पोरगा हाय पायजे?,प्राथमिक शाळा आहे का माझी मुला आहे पाहिजे?,D4
नागरिक पुस्तक म्हाजी तुमाले म्हाले कोणती हाय?,नागरिक पुस्तक माझी तुम्हाला मला कोणती आहे?,D4
"ग्रामपंचायतीत घरकुलाच्या योजनेची यादी आली हाय का, म्हाजे नाव हाय का त्यात?","ग्रामपंचायतीत घरकुल योजनेची यादी आली आहे का, माझे नाव आहे का त्यात?",D4
सर्वसाधारण बँकेच्या खात्यावर क्रेडिट कार्ड मिळवायची हाय का कामे पाहिजे?,सर्वसाधारण बँकेच्या खात्यावर क्रेडिट कार्ड मिळवायची आहे का कामे पाहिजे?,D4
"नागरिकांच्या मोबाइल नंबरावर संदेश कशामुळे पोचत नाही हाय, तुमाले काय केले?","नागरिकांच्या मोबाइल नंबरावर संदेश कशामुळे पोचत नाही हाय, तुम्हाले काय केले?",D4
"नागरिकांच्या क्रेडिट कार्डांवर चुकीची व्याजात्मक रक्कम दिसत आहे हाय, तुमाले काय केले?","नागरिकांच्या क्रेडिट कार्डांवर चुकीची व्याजात्मक रक्कम दिसत आहे हाय, तुम्हाले काय केले?",D4
"ग्रामपंचायतीत पाण्याची पुरवठा कशामुळे होत नाही हाय, तुमाले काय केले?","ग्रामपंचायतीत पाण्याची पुरवठा कशामुळे होत नाही हाय, तुम्हाले काय केले?",D4
"नागरिकांच्या घरकुल योजनेची यादी कशामुळे तयार होत नाही हाय, तुमाले काय केले?","नागरिकांच्या घरकुल योजनेची यादी कशामुळे तयार होत नाही हाय, तुम्हाले काय केले?",D4
"ग्रामपंचायतीत शाळेच्या गुणवत्ता कशामुळे कमी आहे हाय, तुमाले काय केले?","ग्रामपंचायतीत शाळेच्या गुणवत्ता कशामुळे कमी आहे हाय, तुम्हाले काय केले?",D4
"नागरिकांच्या संपत्तीची पुरवठा कशामुळे होत नाही हाय, तुमाले काय केले?","नागरिकांच्या संपत्तीची पुरवठा कशामुळे होत नाही हाय, तुम्हाले काय केले?",D4
"ग्रामपंचायतीत शिक्षणाची यादी कशामुळे तयार होत नाही हाय, तुमाले काय केले?","ग्रामपंचायतीत शिक्षणाची यादी कशामुळे तयार होत नाही हाय, तुम्हाले काय केले?",D4
"नागरिकांच्या यंत्रणा शुल्कांची यादी कशामुळे दिसत नाही हाय, तुमाले काय केले?","नागरिकांच्या यंत्रणा शुल्कांची यादी कशामुळे दिसत नाही हाय, तुम्हाले काय केले?",D4
"ग्रामपंचायतीत घरकुल योजनेची यादी कशामुळे तयार नाही हाय, तुमाले काय केले?","ग्रामपंचायतीत घरकुल योजनेची यादी कशामुळे तयार नाही हाय, तुम्हाले काय केले?",D4
ग्रामपंचायतीने जलसंपत्तीचे पुनर्वापरण करायचे पोरगा पायजे काय?,ग्रामपंचायतीने जलसंपत्तीचे पुनर्वापरण करायचे काय पाहिजे?,D4
स्थानिक निकामी विकासाच्या योजनेमध्ये म्हाले काय पायजे?,स्थानिक निकामी विकासाच्या योजनेमध्ये तुम्हाला काय पाहिजे?,D4
"जिल्हा परिषदेच्या मेळाव्यात म्हाजे नाव हाय का, माथून जाण्यासाठी काय करवतत?","जिल्हा परिषदेच्या मेळाव्यात माझे नाव आहे का, मधून जाण्यासाठी काय करून घेतात?",D4
पाणी पुरवठा व्यवस्थापनाच्या योजनेमध्ये कायले घरकुलाचे हाय?,पाणी पुरवठा व्यवस्थापनाच्या योजनेमध्ये कशामुळे घरकुलाचे आहे?,D4
"ग्रामविकास योजनेच्या अंमलबजावणीसाठी म्हाजे नाव हाय का, म्हाले काय करवतत?","ग्रामविकास योजनेच्या अंमलबजावणीसाठी माझे नाव आहे का, तुम्हाला काय करून घेतात?",D4
"ग्रामपंचायतीने स्वच्छता व्यवस्थापनाची योजना करायची हाय, म्हाजे वाटप हाय काय?","ग्रामपंचायतीने स्वच्छता व्यवस्थापनाची योजना करायची आहे, माझा वाटप आहे काय?",D4
"पूर्वसंचालक विनंती परिषदेच्या यादीमध्ये म्हाजे नाव हाय का, म्हाले काय करवतत?","पूर्वसंचालक विनंती परिषदेच्या यादीमध्ये माझे नाव आहे का, तुम्हाला काय करून घेतात?",D4
जिल्हा परिषदेच्या कार्यक्रमामध्ये हाय काय पायजे म्हाले काय?,जिल्हा परिषदेच्या कार्यक्रमामध्ये काय पाहिजे तुम्हाला काय?,D4
"ग्रामपंचायतीने यंत्रीकरण व्यवस्थापनाची योजना करायची हाय, म्हाजे नाव हाय काय?","ग्रामपंचायतीने यंत्रीकरण व्यवस्थापनाची योजना करायची आहे, माझे नाव आहे काय?",D4
"स्थानिक निकामी विकासाच्या योजनेच्या अंमलबजावणीसाठी म्हाजे नाव हाय का, म्हाले काय करवतत?","स्थानिक निकामी विकासाच्या योजनेच्या अंमलबजावणीसाठी माझे नाव आहे का, तुम्हाला काय करून घेतात?",D4
"नागरिक सेवा केंद्रात UPI पेमेंट कार्ड म्हाले हाय का, पोरगा याची शिकवण करवतत हाय?","नागरिक सेवा केंद्रात UPI पेमेंट कार्ड आहे का, मुलगा याची शिकवण करून घेतात का?",D4
"नागरिक सेवा केंद्राला जायची हाय, तुरुंगातून बाहेर काढण्याची क्रियाकलाप म्हाजे पायजे हाय का?","नागरिक सेवा केंद्राला जायची आहे, तुरुंगातून बाहेर काढण्याची क्रियाकलाप माझे पाहिजे आहे का?",D4
"ग्रामपंचायतीत घरकुलाच्या योजनेची यादी आली हाय का, म्हाजे नाव हाय का त्यात?","ग्रामपंचायतीत घरकुल योजनेची यादी आली आहे का, माझे नाव आहे का त्यात?",D4
"पोलीस स्टेशनवर जायची हाय, क्रेडिट कार्ड चोरी होऊ द्यायची कायले हाय का?","पोलीस स्टेशनवर जायची आहे, क्रेडिट कार्ड चोरी होऊ द्यायची कशामुळे आहे का?",D4
"नागरिक सेवा केंद्रात पासबुक म्हाले हाय का, पोरगा याची यादी पाहिजे हाय?","नागरिक सेवा केंद्रात पासबुक आहे का, मुलगा याची यादी पाहिजे आहे?",D4
"सेतू केंद्रात KYC प्रोसेस म्हाजे पायजे हाय का, आधार कार्ड दुरुस्ती करायची हाय?","सेतू केंद्रात KYC प्रोसेस माझे पाहिजे आहे का, आधार कार्ड दुरुस्ती करायची आहे?",D4
"ग्रामपंचायतीत घरकुल योजनेच्या म्हाले हाय का, पोरगा घरकुलाचा लाभ घेऊ शकतो हाय?","ग्रामपंचायतीत घरकुल योजनेचे आहे का, मुलगा घरकुलाचा लाभ घेऊ शकतो का?",D4
"नागरिक सेवा केंद्राला जायची हाय, बाहेर पडून EMI भरण्याची क्रियाकलाप म्हाजे पायजे हाय का?","नागरिक सेवा केंद्राला जायची आहे, बाहेर पडून EMI भरण्याची क्रियाकलाप माझे पाहिजे आहे का?",D4
"ग्रामपंचायतीत घरकुल योजनेची यादी आली हाय का, म्हाजे नाव हाय का त्यात?","ग्रामपंचायतीत घरकुल योजनेची यादी आली आहे का, माझे नाव आहे का त्यात?",D4
"नागरिक सेवा केंद्रात UPI पेमेंट कार्ड म्हाले हाय का, पोरगा याची शिकवण करवतत हाय?","नागरिक सेवा केंद्रात UPI पेमेंट कार्ड आहे का, मुलगा याची शिकवण करून घेतात का?",D4
"सेतू केंद्रात KYC प्रोसेस म्हाजे पायजे हाय का, आधार कार्ड दुरुस्ती करायची हाय?","सेतू केंद्रात KYC प्रोसेस माझे पाहिजे आहे का, आधार कार्ड दुरुस्ती करायची आहे?",D4
नागरी भौतिकवाद विकास योजनेचा शेड्यूल माथून दाखवावयाचा हाय?,नागरी भौतिकवाद विकास योजनेचा शेड्यूल मधून दाखवावा आहे का?,D4
"ग्रामपंचायतीत माझे नाव हाय का, घरकुलाच्या योजनेची यादी तुमाले दाखवायची हाय?","ग्रामपंचायतीत माझे नाव आहे का, घरकुल योजनेची यादी तुम्हाला दाखवायची आहे का?",D4
क्रेडिट कार्ड चालू करायचे त्यामुळे पोरगा लहान होण्याची शिक्षा पायजे हाय कायले?,क्रेडिट कार्ड चालू करायचे त्यामुळे मुलगा लहान होण्याची शिक्षा पाहिजे कशामुळे?,D4
"स्थानिक सांख्यिकी कार्यालयाच्या बाबतीत माझ्या नावाचा वापर करायचा हाय, तुमाले कशामुळे नाव वापरता?","स्थानिक सांख्यिकी कार्यालयाच्या बाबतीत माझे नाव वापरायचे आहे, तुम्हाला कशामुळे नाव वापरता?",D4
नागरी वाहतूक विकासाच्या विषयात नवीन शिकवण म्हाले प्राप्त कराव्यात हाय?,नागरी वाहतूक विकासाच्या विषयात नवीन शिकवण मला प्राप्त करावी आहे का?,D4
ग्रामपंचायतीत माझा व्हायरल व्हिडिओ पोरग्यांच्या कोणत्या बाबतीत दाखवायचा हाय?,ग्रामपंचायतीत माझा व्हायरल व्हिडिओ मुलग्यांच्या कोणत्या बाबतीत दाखवायचा आहे का?,D4
"सामाजिक सुरक्षा योजनेची यादी म्हाजे ऑनलाईन दाखवायची हाय, तुमाले ती कशी दाखवता?","सामाजिक सुरक्षा योजनेची यादी माझी ऑनलाईन दाखवायची आहे, तुम्हाले ती कशी दाखवता?",D4
"नागरी सेवा केंद्रात माझ्या नावाचा वापर करायचा हाय, तुमाले तो वापरता कशामुळे?","नागरी सेवा केंद्रात माझे नाव वापरायचे आहे, तुम्हाला तो वापरता कशामुळे?",D4
स्थानिक सांख्यिकी कार्यालयात माझ्या नावाचा वापर करायचा हाय तुमाले कशामुळे नाव वापरता?,"स्थानिक सांख्यिकी कार्यालयात माझे नाव वापरायचे आहे, तुम्हाला कशामुळे नाव वापरता?",D4
"ग्रामपंचायतीत माझे नाव हाय का, घरकुलाच्या योजनेची यादी तुमाले दाखवायची हाय?","ग्रामपंचायतीत माझे नाव आहे का, घरकुल योजनेची यादी तुम्हाला दाखवायची आहे का?",D4
"ग्रामपंचायतीत क्रेडिट कार्ड करायची यादी म्हाजी काय, खाती पोरगा हाय काय?","ग्रामपंचायतीत क्रेडिट कार्ड करायची यादी माझी काय, खात्यांत मुलगा आहे काय?",D4
ग्रामदारा सुधारण्यासाठी पायजे म्हाले सर्व शाळांच्या मुलांना शिक्षण द्यावे लागेल.,ग्रामदारा सुधारण्यासाठी पाहिजे सर्व शाळांच्या मुलांना शिक्षण द्यावे लागेल.,D4
"कोणत्या वेळी ग्रामपंचायती बैठक होते, हाय कायले म्हाजे नाव हाय का त्यात?","कोणत्या वेळी ग्रामपंचायती बैठक होते, ही कशामुळे माझे नाव आहे का त्यात?",D4
प्राथमिक शाळेत मुलांना बायोमेट्रिक सिस्टीम लावण्यासाठी पायजे किती रुपये म्हाले?,प्राथमिक शाळेत मुलांना बायोमेट्रिक सिस्टीम लावण्यासाठी पाहिजे किती रुपये माळे?,D4
ग्रामपंचायती तालुक्यात वीज पुरवठा सुधारण्यासाठी करमतत म्हाजी पोरगा हाय काय?,ग्रामपंचायती तालुक्यात वीज पुरवठा सुधारण्यासाठी करून घेतात माझे मुलगा आहे काय?,D4
"प्राथमिक शाळेत शिक्षकांना प्रमाणपत्र द्यायची यादी म्हाजी काय, म्हाले नाव हाय का त्यात?","प्राथमिक शाळेत शिक्षकांना प्रमाणपत्र द्यायची यादी माझी काय, मला नाव आहे का त्यात?",D4
"ग्रामपंचायतीत बँक खाती म्हाजी नाव हाय काय, खाती पोरगा हाय काय?","ग्रामपंचायतीत बँक खाती माझे नाव आहे काय, खात्यांत मुलगा आहे काय?",D4
"कोणत्या तारखेला ग्रामपंचायती बैठक होते, हाय कायले म्हाजे नाव हाय का त्यात?","कोणत्या तारखेला ग्रामपंचायती बैठक होते, ही कशामुळे माझे नाव आहे का त्यात?",D4
ग्रामदारा सुधारण्यासाठी पायजे म्हाले सर्व शाळांमध्ये मुलांना खाद्य पाककृती शिकवावी लागेल.,ग्रामदारा सुधारण्यासाठी पाहिजे सर्व शाळांमध्ये मुलांना खाद्य पाककृती शिकवावी लागेल.,D4
"कोणत्या वेळी ग्रामपंचायती बैठक होते, हाय कायले म्हाजे नाव हाय का त्यात?","कोणत्या वेळी ग्रामपंचायती बैठक होते, ही कशामुळे माझे नाव आहे का त्यात?",D4
ग्रामपंचायती शाळेत मुलांना खेळणी आणि खेळांचा तंत्रज्ञान लावण्यासाठी पायजे किती रुपये म्हाले?,ग्रामपंचायती शाळेत मुलांना खेळणी आणि खेळांचा तंत्रज्ञान लावण्यासाठी पाहिजे किती रुपये माळे?,D4
ग्रामपंचायतीत प्राथमिक शाळेत मुलांना क्रीडा तंत्रज्ञान लावण्यासाठी करमतत म्हाजी पोरगा हाय काय?,ग्रामपंचायतीत प्राथमिक शाळेत मुलांना क्रीडा तंत्रज्ञान लावण्यासाठी करून घेतात माझे मुलगा आहे काय?,D4
"पार्किंग चेंज हाय, कायले सुरुवातीला कोणत्या दिशेने जावे लागणार हाय?","पार्किंग चेंज आहे, कशामुळे सुरुवातीला कोणत्या दिशेने जावे लागणार आहे?",D4
"सार्वजनिक वाहन किंमत निर्धारित करायची हाय, दोन रुपये पाहिजे का?","सार्वजनिक वाहन किंमत निर्धारित करायची आहे, दोन रुपये पाहिजे का?",D4
नागरिकांची माहिती सुरक्षित ठेवतांना कोणत्या सॉफ्टवेअरची वापर करायची हाय?,नागरिकांची माहिती सुरक्षित ठेवतांना कोणत्या सॉफ्टवेअरची वापर करायची आहे?,D4
"विद्युत पुरवठा म्हटले की विद्युत पुरवठा म्हाले काय हाय, पोरगा बाहेर पडत नाही का?","विद्युत पुरवठा म्हटले की विद्युत पुरवठा मला काय आहे, मुलगा बाहेर पडत नाही का?",D4
"शाळा स्थापन करायची हाय, तुमाले किती शाळा किंमत हाय?","शाळा स्थापन करायची आहे, तुम्हाला किती शाळा किंमत आहे?",D4
"सार्वजनिक भ्रमण पुरवठा किंमत निर्धारित करायची हाय, एक रुपये पायजे का?","सार्वजनिक भ्रमण पुरवठा किंमत निर्धारित करायची आहे, एक रुपये पाहिजे का?",D4
"स्वतंत्र भाषेत वृत्तपत्र वाचायचे हाय, पोरगा काय वाचतो हाय?","स्वतंत्र भाषेत वृत्तपत्र वाचायचे आहे, मुलगा काय वाचतो आहे?",D4
"ग्रामपंचायतीत घरकुल योजनेची यादी आली हाय, तुमाले नाव हाय का त्यात?","ग्रामपंचायतीत घरकुल योजनेची यादी आली आहे, तुम्हाला नाव आहे का त्यात?",D4
"स्थानिक शाळेचे निरीक्षण करायचे हाय, पोरगा काय शिकतो हाय?","स्थानिक शाळेचे निरीक्षण करायचे आहे, मुलगा काय शिकतो आहे?",D4
"नागरिकांची शिक्षण सुविधा उपलब्ध करायची हाय, पायजे किती हाय?","नागरिकांची शिक्षण सुविधा उपलब्ध करायची आहे, पाहिजे किती आहे?",D4
नागरी परवाना वाढवण्यासाठी ऑनलाइन संबंधित कोणत्या प्रकारचे कागदपत्रे सादर करावेत हाय?,नागरी परवाना वाढवण्यासाठी ऑनलाइन संबंधित कोणत्या प्रकारचे कागदपत्रे सादर करावेत आहेत?,D4
"पुण्यात्री वाहतूक पास हाय, तुमाले मुलकी हाय का केली हाय?","पुण्यात्री वाहतूक पास आहे, तुम्हाला मुलकी का केली आहे?",D4
"पोलिस स्टेशनातील संपर्क नंबर हाय, तुमाले संपर्क करायची हाय का हाय?","पोलिस स्टेशनातील संपर्क नंबर आहे, तुम्हाला संपर्क करायची आहे का आहे?",D4
"माझ्या घरी पाणी पुरवठा सुरू करून घेतली हाय, म्हाजे बिल पोरगा म्हाले काय हाय?","माझ्या घरी पाणी पुरवठा सुरू करून घेतला आहे, माझे बिल मुलगा मला काय आहे?",D4
"आधार कार्ड दुरुस्ती करायची हाय, सेतू केंद्र कुठे हाय?","आधार कार्ड दुरुस्ती करायची आहे, सेतू केंद्र कुठे आहे?",D4
"सार्वजनिक शाळेत शाळेचे प्रमाणपत्र प्राप्त करायची हाय, पोरगा म्हाले काय हाय?","सार्वजनिक शाळेत शाळेचे प्रमाणपत्र प्राप्त करायचे आहे, मुलगा मला काय आहे?",D4
"पोलीस आयुक्तालयातील संपर्क नंबर हाय, तुमाले संपर्क करायची हाय का हाय?","पोलीस आयुक्तालयातील संपर्क नंबर आहे, तुम्हाला संपर्क करायची आहे का आहे?",D4
"ग्राम पंचायतीत घरकुलाची यादी आली हाय, म्हाजे नाव हाय का त्यात हाय?","ग्राम पंचायतीत घरकुल योजनेची यादी आली आहे, माझे नाव आहे का त्यात आहे?",D4
आयडी प्रूफ कोणत्या प्रकारचे कागदपत्रे म्हाजे सादर करावेत हाय?,आयडी प्रूफ कोणत्या प्रकारचे कागदपत्रे माझे सादर करावेत आहेत?,D4
"पोलीस स्टेशनातील शिक्षा प्रारंभ करायची हाय, पोरगा म्हाले काय हाय?","पोलीस स्टेशनातील शिक्षा प्रारंभ करायची आहे, मुलगा मला काय आहे?",D4
"ग्रामपंचायतीत घरकुलाच्या योजनेची यादी आली हाय का, म्हाजे नाव हाय का त्यात?","ग्रामपंचायतीत घरकुल योजनेची यादी आली आहे का, माझे नाव आहे का त्यात?",D4
"आधार कार्ड दुरुस्ती करायची हाय, सेतू केंद्र कुठे हाय?","आधार कार्ड दुरुस्ती करायची आहे, सेतू केंद्र कुठे आहे?",D4
"स्थानिक शासनातील योजनांची नोंद करायची पायजे आहे का, कायले नोंदणी कशी करावी?","स्थानिक शासनातील योजनांची नोंद करावी पाहिजे आहे का, कशामुळे नोंदणी करावी?",D4
"ग्रामपंचायतीच्या चालू प्रकल्पांची माहिती म्हाले हाय, काय काम होत आहे?","ग्रामपंचायतीच्या चालू प्रकल्पांची माहिती माझी आहे, काय काम होत आहे?",D4
"आयकर विभागाच्या कार्यालयात काय शाळा आहेत, या ने म्हाजे नाव हाय का त्यात?","आयकर विभागाच्या कार्यालयात काय शाळा आहेत, यांचे माझे नाव आहे का त्यात?",D4
"मुलग्यांनी विकास शाखेत नोंदणी करायची हाय, कायले काय शाळा आवश्यक आहेत?","मुल्यांनी विकास शाखेत नोंदणी करावी आहे, कशामुळे काय शाळा आवश्यक आहेत?",D4
स्थानिक शासनातील योजनांच्या फेरफारा म्हाजे पोरगा काय हाय?,स्थानिक शासनातील योजनांच्या फेरफारा मुलगा काय आहे?,D4
"ग्रामपंचायतीच्या कार्यालयात काय कागदपत्रे आवश्यक आहेत, यांचे म्हाजे नाव हाय का त्यात?","ग्रामपंचायतीच्या कार्यालयात काय कागदपत्रे आवश्यक आहेत, यांचे माझे नाव आहे का त्यात?",D4
"आयकर विभागाच्या कार्यालयात काय शिक्षणाचे कार्यक्रम आहेत, तुमाले म्हाजे नाव हाय का त्यात?","आयकर विभागाच्या कार्यालयात काय शिक्षणाचे कार्यक्रम आहेत, तुम्हाला माझे नाव आहे का त्यात?",D4
"ग्रामपंचायतीच्या चालू प्रकल्पांच्या माहितीसाठी कोणती शाळा आवश्यक आहेत, पोरगा म्हाजे नाव हाय का त्यात?","ग्रामपंचायतीच्या चालू प्रकल्पांच्या माहितीसाठी कोणती शाळा आवश्यक आहेत, मुलगा माझे नाव आहे का त्यात?",D4
निवडणुकीत वयाचे पुरावे दाखवायची पायजे काय?,निवडणुकीत वयाचे पुरावे दाखवायचे पाहिजे काय?,D4
स्थानिक निकामी म्हाजी हाय काय करू शकतो?,स्थानिक निकामी माझी हाय काय करू शकतो?,D4
नागरिकांचा विकास कार्यक्रम काय आहे म्हाले?,नागरिकांचा विकास कार्यक्रम काय आहे मला?,D4
"पोलिस आहे काय, जेव्हा वाटप करायची पोरगाची पुरावे हाय?","पोलिस आहे काय, जेव्हा वाटप करायची मुलगाची पुरावे आहे का?",D4
तुमाले निवडणुकांसाठी नामांकित व्हायला पायजे काय?,तुम्हाला निवडणुकांसाठी नामांकित व्हायला पाहिजे काय?,D4
जिल्हा परिषदेचा मुख्य सचिव हाय का आहे?,जिल्हा परिषदेचा मुख्य सचिव आहे का आहे?,D4
"आधार कार्ड दुरुस्ती करायची हाय का, कुठे हाय सेतू केंद्र?","आधार कार्ड दुरुस्ती करायची आहे, कुठे आहे सेतू केंद्र?",D4
"ग्रामपंचायतीत घरकुल योजनेची यादी आली हाय का, म्हाजे नाव हाय का त्यात?","ग्रामपंचायतीत घरकुल योजनेची यादी आली आहे का, माझे नाव आहे का त्यात?",D4
नागरिकांना माहिती देण्यासाठी बुकलेट म्हाजी हाय काय लावायचे?,नागरिकांना माहिती देण्यासाठी बुकलेट माझी हाय काय लावायचे?,D4
"पोलीस स्टेशनची नोंदणी करायची हाय, तुमाले हाय काय संपर्क क्रमांक आहे?","पोलीस स्टेशनची नोंदणी करायची आहे, तुम्हाला काय संपर्क क्रमांक आहे?",D4
कोपरखाईत शाळेचा वेळ पाहिजे कायले कसे आहे?,कोपरखाईत शाळेचा वेळ कशामुळे आहे?,D4
सार्वजनिक शाळेत विज्ञान अभ्यासक्रमाची माहिती म्हाले काय?,सार्वजनिक शाळेत विज्ञान अभ्यासक्रमाची माहिती मला काय आहे?,D4
सार्वजनिक वाचनालयात साहित्यिक पुस्तकांची माहिती काय म्हाजे?,सार्वजनिक वाचनालयात साहित्यिक पुस्तकांची माहिती माझी काय आहे?,D4
पार्किंग करायची तुमाले पैसे किती द्यावी लागतात?,पार्किंग करायची तुम्हाला पैसे किती द्यावी लागतात?,D4
"ग्रामपंचायतीत वीज पुरवठा आहे हाय का, तुमाले जागेची माहिती आहे?","ग्रामपंचायतीत वीज पुरवठा आहे आहे का, तुम्हाला जागेची माहिती आहे?",D4
पाणी बिल शुल्कानुसार म्हाले काय होते?,पाणी बिल शुल्कानुसार मला काय होते?,D4
यातायात नियमांची जाणीवपट्टी काय करायची हाय?,यातायात नियमांची जाणीवपट्टी काय करायची आहे?,D4
स्वच्छता विभागात प्रेरणा योजना म्हाजे काय आहे?,स्वच्छता विभागात प्रेरणा योजना माझी काय आहे?,D4
प्राथमिक आरोग्य केंद्रात प्राथमिक चिकित्सा सेवा म्हाले काय आहे?,प्राथमिक आरोग्य केंद्रात प्राथमिक चिकित्सा सेवा मला काय आहे?,D4
"ग्रामपंचायतीत पाणीपुरवठा व्यवस्थेमध्ये काय नवीन बदल कार्यरत आहेत, म्हाजे नाव हाय का त्यात?","ग्रामपंचायतीत पाणीपुरवठा व्यवस्थेमध्ये काय नवीन बदल कार्यरत आहेत, माझे नाव आहे का त्यात?",D4
"ग्रामपंचायतीच्या कार्यालयात बँक खाते खुलवतांना काय सोबत घ्यावे लागते, तुमाले काय म्हणता?","ग्रामपंचायतीच्या कार्यालयात बँक खाते खुलवतांना काय सोबत घ्यावे लागते, तुम्हाला काय म्हणता?",D4
"नागरिकांच्या निवडणुकीच्या नोंदी करायच्या वेळी काय आवश्यक कागदपत्रे पाहिजे, पोरगा म्हणजे चा काय नेम?","नागरिकांच्या निवडणुकीच्या नोंदी करायच्या वेळी काय आवश्यक कागदपत्रे पाहिजे, मुलगा म्हणजे काय नेम?",D4
"स्वच्छता अभियानामध्ये काय नवीन सुरुवात केली आहे, कायले ही दिवाळी माझ्या गावात कुठे आहे?","स्वच्छता अभियानामध्ये काय नवीन सुरुवात केली आहे, कशामुळे ही दिवाळी माझ्या गावात कुठे आहे?",D4
"ग्रामपंचायतीच्या शिक्षण विभागामध्ये काय नवीन पध्दती सुरु केल्या, तुमाले काय म्हणता?","ग्रामपंचायतीच्या शिक्षण विभागामध्ये काय नवीन पध्दती सुरु केल्या, तुम्हाला काय म्हणता?",D4
"नागरिकांच्या वीजेच्या बिलाच्या शुल्के पाचविण्याच्या वेळी काय सेवा उपलब्ध आहेत, पोरगा म्हणजे काय नेम?","नागरिकांच्या वीजेच्या बिलाच्या शुल्के पाचविण्याच्या वेळी काय सेवा उपलब्ध आहेत, मुलगा म्हणजे काय नेम?",D4
"ग्रामपंचायतीच्या स्वास्थ्य विभागामध्ये काय नवीन उपचार सुरु केल्या, तुमाले काय म्हणता?","ग्रामपंचायतीच्या स्वास्थ्य विभागामध्ये काय नवीन उपचार सुरु केल्या, तुम्हाला काय म्हणता?",D4
"नागरिकांच्या घरकुल योजनेच्या नोंदीत काय आवश्यक कागदपत्रे पाहिजे, पोरगा म्हणजे काय नेम?","नागरिकांच्या घरकुल योजनेच्या नोंदीत काय आवश्यक कागदपत्रे पाहिजे, मुलगा म्हणजे काय नेम?",D4
"ग्रामपंचायतीच्या शिक्षण विभागामध्ये काय नवीन पध्दती सुरु केल्या, म्हाजे नाव हाय का त्यात?","ग्रामपंचायतीच्या शिक्षण विभागामध्ये काय नवीन पध्दती सुरु केल्या, माझे नाव आहे का त्यात?",D4
"नागरिकांच्या नागरिकत्वाच्या प्रमाणपत्राची वाढीव मोजमाप कोणती आहे, पोरगा म्हणजे काय नेम?","नागरिकांच्या नागरिकत्वाच्या प्रमाणपत्राची वाढीव मोजमाप कोणती आहे, मुलगा म्हणजे काय नेम?",D4
"ग्रामपंचायतीच्या स्वास्थ्य विभागामध्ये काय नवीन उपचार सुरु केल्या, म्हाझ्या गावात काय नवीन कार्यरत आहेत?","ग्रामपंचायतीच्या स्वास्थ्य विभागामध्ये काय नवीन उपचार सुरु केल्या, माझ्या गावात काय नवीन कार्यरत आहेत?",D4
"नागरी नोंदणी कार्यालयात प्रतीक्षा काढायची हाय, हाय कोणत्या वेळेत हाय?","नागरी नोंदणी कार्यालयात प्रतीक्षा काढायची आहे, कोणत्या वेळेत आहे?",D4
ग्रामपंचायतीच्या मुलभूत सुविधांची यादी तुमाले कोणती काय हाय?,ग्रामपंचायतीच्या मुलभूत सुविधांची यादी तुम्हाला कोणती काय आहे?,D4
"नागरी सेवा केंद्रात क्रेडिट कार्ड दुरुस्ती करायची हाय, हाय कोणता तारीखी हाय?","नागरी सेवा केंद्रात क्रेडिट कार्ड दुरुस्ती करायची आहे, कोणता तारीख आहे?",D4
"नागरी पासपोर्ट कार्यालयात प्रतीक्षा काढायची हाय, हाय कोणत्या वेळेती हाय?","नागरी पासपोर्ट कार्यालयात प्रतीक्षा काढायची आहे, कोणत्या वेळेत आहे?",D4
स्थानिक नागरी नोंदणीची यादी तुमाले कोणती काय हाय?,स्थानिक नागरी नोंदणीची यादी तुम्हाला कोणती काय आहे?,D4
नागरी सेवा केंद्रात ईमी व्याज दर काय हाय?,नागरी सेवा केंद्रात ईमी व्याज दर काय आहे?,D4
ग्रामपंचायतीत नागरी प्रशासनाची यादी तुमाले कोणती काय हाय?,ग्रामपंचायतीत नागरी प्रशासनाची यादी तुम्हाला कोणती काय आहे?,D4
नागरी पासपोर्ट कार्यालयात वैद्यकीय प्रमाणपत्र काय हाय हाय?,नागरी पासपोर्ट कार्यालयात वैद्यकीय प्रमाणपत्र काय आहे आहे?,D4
स्थानिक नागरी नोंदणीची विनंती काय हाय तुमाले कोणती काय हाय?,स्थानिक नागरी नोंदणीची विनंती काय आहे तुम्हाला कोणती काय आहे?,D4
नागरी सेवा केंद्रात कार्यालयीन वेळा काय हाय हाय?,नागरी सेवा केंद्रात कार्यालयीन वेळा काय आहे आहे?,D4
"ग्रामपंचायतीत घरकुलाच्या योजनेची यादी आली हाय का, म्हाजे नाव हाय का त्यात?","ग्रामपंचायतीत घरकुल योजनेची यादी आली आहे का, माझे नाव आहे का त्यात?",D4
"पोलिस ठाण्यात माझी शिक्षा पाहिजे का, म्हाजी वाईट कोणती कामे केली हाय?","पोलिस ठाण्यात माझी शिक्षा पाहिजे का, माझी वाईट कोणती कामे केली आह्या?",D4
"कोणत्या तरी खात्यात जाऊन माझा क्रेडिट कार्ड प्रकरण शिकवावा हाय का, त्या खात्याची कोणती ठिकाणी आहे?","कोणत्या तरी खात्यात जाऊन माझा क्रेडिट कार्ड प्रकरण शिकवावा आहे का, त्या खात्याची कोणती ठिकाणी आहे?",D4
"कोणत्या तरी दिनांकापासुन 15 दिवसांचा काळा कागद माझी मिळाला हाय का, त्याचा वापर कोणत्या कामासाठी आहे?","कोणत्या तरी दिनांकापासुन 15 दिवसांचा काळा कागद माझा मिळाला आहे का, त्याचा वापर कोणत्या कामासाठी आहे?",D4
"आधार कार्ड दुरुस्ती करायची हाय, पोरगा कोणत्या ठिकाणी दाखल केला हाय?","आधार कार्ड दुरुस्ती करायची आहे, पोरगा कोणत्या ठिकाणी दाखल केला आहे?",D4
"कोणत्या तरी प्रकरणासाठी माझी कोणत्या तरी शाळेची गोष्ट शिकवावी लागतील, कायले हे कशामुळे?","कोणत्या तरी प्रकरणासाठी माझी कोणत्या तरी शाळेची गोष्ट शिकवावी लागतील, कशामुळे हे काय?",D4
"म्हाजी पैसे कोणत्या तरी खात्यात जमा केले आहेत, पायजे कोणत्या तरी माझी पैसे बाहेर काढावी लागतील?","माझी पैसे कोणत्या तरी खात्यात जमा केली आहेत, पाहिजे कोणत्या तरी माझी पैसे बाहेर काढावी लागतील?",D4
"पोलिस ठाण्यात माझी शिक्षा पाहिजे का, पोरगा कोणत्या तरी कामासाठी येतो आहे?","पोलिस ठाण्यात माझी शिक्षा पाहिजे का, पोरगा कोणत्या तरी कामासाठी येतो आहे?",D4
"कोणत्या तरी खात्यात जाऊन माझी पेमेंट शिकवावी लागतील, त्या खात्याची कोणती ठिकाणी आहे?","कोणत्या तरी खात्यात जाऊन माझी पेमेंट शिकवावी लागतील, त्या खात्याची कोणती ठिकाणी आहे?",D4
"आधार कार्ड दुरुस्ती करायची हाय, म्हाजे नाव हाय का त्यात?","आधार कार्ड दुरुस्ती करायची आहे, माझे नाव आहे का त्यात?",D4
"नागरी सेवा कार्यालयात परवाना देतात तुमाले हाय, काय कारण हाय?","नागरी सेवा कार्यालयात परवाना देतात तुम्हाला हाय, काय कारण हाय?",D4
"ग्रामसेवा केंद्राचे मुख्य अधिकारी कोण हाय, त्यांचे फोन नंबर हाय?","ग्रामसेवा केंद्राचे मुख्य अधिकारी कोण आहे, त्यांचे फोन नंबर कोण आहे?",D4
"नागरी पट्ट्याच्या शुल्काची भर घ्यावी हाय, ते कुठे भरायचे हाय?","नागरी पट्ट्याच्या शुल्काची भर घ्यावी आहे, ते कुठे भरायचे आहे?",D4
"पोलिस स्टेशनमधून पासबुक मिळवायचे हाय, त्याचे कागदपत्र हाय काय?","पोलिस स्टेशनमधून पासबुक मिळवायचे आहे, त्याचे कागदपत्र काय आहेत?",D4
"पुरवठा प्रणालीमध्ये माझे फोन नंबर कशामुळे हाय, त्यासाठी काय केले हाय?","पुरवठा प्रणालीमध्ये माझे फोन नंबर कशामुळे आहे, त्यासाठी काय केले आहे?",D4
कोणत्या दिनांकावर कोणत्या शाळेचे नवीन शाळेचे बांधकाम पूर्ण होणार हाय?,कोणत्या दिनांकावर कोणत्या शाळेचे नवीन शाळेचे बांधकाम पूर्ण होणार आहे?,D4
"विद्युत वितरण कंपनीमधून विद्युत बिल कशामुळे हाय, म्हाले ते कशी भरायचे हाय?","विद्युत वितरण कंपनीमधून विद्युत बिल कशामुळे आहे, माझे ते कशी भरायचे आहे?",D4
"ग्रामपंचायतीत माझे नांव आहे का त्यात, हाय, म्हाजी कारण हाय?","ग्रामपंचायतीत माझे नांव आहे का त्यात, हाय, माझा कारण हाय?",D4
"शेतकरी कर्जमुक्ती योजनेच्या पात्र व्यक्ती कोण हाय, त्यांना कशा प्रकारे हाय?","शेतकरी कर्जमुक्ती योजनेच्या पात्र व्यक्ती कोण आहेत, त्यांना कशा प्रकारे आहेत?",D4
"पहिल्या निवडणुकीत माझे मतदान काय हाय, ते कुठे केले हाय?","पहिल्या निवडणुकीत माझे मतदान काय आहे, ते कुठे केले आहे?",D4
जिल्हा परिषदेतील योजनांची माहिती म्हाजी पोरगाला काय हाय?,जिल्हा परिषदेतील योजनांची माहिती माझ्या मुलाला काय आहे?,D4
पोलीस स्टेशनला जातांना काय पायजे हाय? रात्री जातांना काय हाय?,पोलीस स्टेशनला जातांना काय पाहिजे आहे? रात्री जातांना काय आहे?,D4
"ग्रामपंचायतीत घरकुलाच्या योजनेची यादी आली हाय का, म्हाजे नाव हाय का त्यात?","ग्रामपंचायतीत घरकुल योजनेची यादी आली आहे का, माझे नाव आहे का त्यात?",D4
"आधार कार्ड दुरुस्ती करायची हाय, सेतू केंद्र कुठे हाय?","आधार कार्ड दुरुस्ती करायची आहे, सेतू केंद्र कुठे आहे?",D4
शहरात भ्रष्टाचार थांबविण्यासाठी काय करवतत हाय?,शहरात भ्रष्टाचार थांबविण्यासाठी काय करून घेतात?,D4
"राज्य शासनाचे काही योजना काय हाय, दिलासा काय हाय?","राज्य शासनाचे काही योजना काय आहेत, दिलासा काय आहे?",D4
"पोलीस कॉल पूर्वी काय हाय, पोलीस चौकशी काय हाय?","पोलीस कॉल पूर्वी काय आहे, पोलीस चौकशी काय आहे?",D4
"विधानसभा निवडणुकांची तारीख काय हाय, मतदान केंद्र कुठे हाय?","विधानसभा निवडणुकांची तारीख काय आहे, मतदान केंद्र कुठे आहे?",D4
सामाजिक न्याय विभागाच्या योजनांची माहिती कोणी काय हाय?,सामाजिक न्याय विभागाच्या योजनांची माहिती कोणी काय आहे?,D4
"सार्वजनिक शाळेत शिक्षण काय हाय, नोकरी काय हाय?","सार्वजनिक शाळेत शिक्षण काय आहे, नोकरी काय आहे?",D4
नागरिक सेवा केंद्रात क्रेडिट कार्ड काढण्याची यादी म्हाजी काय?,नागरिक सेवा केंद्रात क्रेडिट कार्ड काढण्याची यादी माझी काय?,D4
"ग्रामपंचायतीत घरकुलाच्या योजनेची नोंदणी करायची हाय, कशा करावी हाय?","ग्रामपंचायतीत घरकुल योजनेची नोंदणी करायची आहे, कशा करावी आहे?",D4
ग्रामदक्षिणेच्या पायजे जागी कोणत्या क्रियाशीलतेच्या कार्यशाळेचा आयोजन होणार हाय?,ग्रामदक्षिणेच्या पाहिजे जागी कोणत्या क्रियाशीलतेच्या कार्यशाळेचा आयोजन होणार आहे?,D4
नागरिक शिक्षा योजनेचा अर्ज म्हाजे कसा भरावा?,नागरिक शिक्षा योजनेचा अर्ज माझा कसा भरावा?,D4
पोलीस स्टेशनला लागलेल्या मुलाचा पोरगा म्हाजे नाव काय हाय?,पोलीस स्टेशनला लागलेल्या मुलाचा मुलगा माझे नाव काय आहे?,D4
ग्रामपंचायतीत सार्वजनिक वाहतूक यंत्रणेसाठी म्हाजे प्रमाणपत्र काय हाय?,ग्रामपंचायतीत सार्वजनिक वाहतूक यंत्रणेसाठी माझे प्रमाणपत्र काय आहे?,D4
नगरपालिकेच्या कार्यालयात म्हाजे नोकरपेशा यादी काय हाय?,नगरपालिकेच्या कार्यालयात माझे नोकरपेशा यादी काय आहे?,D4
ग्रामपंचायतीत सामाजिक सुरक्षा योजनेमध्ये म्हाजे नाव काय हाय?,ग्रामपंचायतीत सामाजिक सुरक्षा योजनेमध्ये माझे नाव काय आहे?,D4
"आधार कार्ड दुरुस्ती करायची हाय, म्हाजे आधार कार्ड नंबर काय हाय?","आधार कार्ड दुरुस्ती करायची आहे, माझे आधार कार्ड नंबर काय आहे?",D4
पोलीस स्टेशनला लागलेल्या पोरग्याचा म्हाजे वडील काय हाय?,पोलीस स्टेशनला लागलेल्या मुलाचा वडील माझा काय आहे?,D4
पोलीस स्टेशनच्या जवळचे शाळेमध्ये काय करावयास पायजे हाय?,पोलीस स्टेशनच्या जवळच्या शाळेमध्ये काय करावयास पाहिजे आहे?,D4
व्हीलचेयरसाठी विशेष पार्किंग उपलब्ध नाही कायले म्हाजे काय व्हायचे हाय?,व्हीलचेयरसाठी विशेष पार्किंग उपलब्ध नाही कशामुळे माझे काय व्हायचे आहे?,D4
प्रशासनाने सार्वजनिक वाहतूकची सुविधा देण्याचे योजना काम करवतत हाय का?,प्रशासनाने सार्वजनिक वाहतूकची सुविधा देण्याचे योजना काम करून घेतात का?,D4
ग्रामपंचायतीतील अधिकाऱ्यांचे पत्रांची यादी कुठे हाय म्हाजे नाव हाय का त्यात?,ग्रामपंचायतीतील अधिकाऱ्यांचे पत्रांची यादी कुठे आहे माझे नाव आहे का त्यात?,D4
"नागरिकांच्या शिक्षणाची काही योजना आहेत काय, त्याची माहिती म्हाजे कुठे हाय?","नागरिकांच्या शिक्षणाची काही योजना आहेत का, त्याची माहिती माझे कुठे आहे?",D4
पोलीस स्टेशनच्या जवळच्या बाजारात खूप शोरगळ हाय म्हाजे त्यामुळे काय व्हायचे हाय?,पोलीस स्टेशनच्या जवळच्या बाजारात खूप शोरगळ आहे माझे त्यामुळे काय व्हायचे आहे?,D4
"नागरिकांना वीज पुरवठा कशामुळे राहिला आहे काय, त्याची कारवाई करवतत हाय का?","नागरिकांना वीज पुरवठा कशामुळे राहिला आहे का, त्याची कारवाई करून घेतात का?",D4
जिल्हा परिषदेच्या कार्यालयात पार्किंगची सुविधा नाही कायले म्हाजे काय व्हायचे हाय?,जिल्हा परिषदेच्या कार्यालयात पार्किंगची सुविधा नाही कशामुळे माझे काय व्हायचे आहे?,D4
पोलीस स्टेशनच्या जवळच्या सार्वजनिक सुविधा कुठल्या दिशेने जाण्यास पायजे हाय?,पोलीस स्टेशनच्या जवळच्या सार्वजनिक सुविधा कुठल्या दिशेने जाण्यास पाहिजे आहे?,D4
"आधार कार्ड दुरुस्ती करायची हाय, पासबुक कुठे हाय म्हाजे त्यामुळे काय व्हायचे हाय?","आधार कार्ड दुरुस्ती करायची आहे, पासबुक कुठे आहे माझे त्यामुळे काय व्हायचे आहे?",D4
"शाळा स्थायी रजाची प्रस्ताव यात नाही हाय, म्हाजी नावाचा प्रस्ताव काय त्यात हाय?","शाळा स्थायी रजाचा प्रस्ताव यात नाही आहे हाय, माझे नावाचा प्रस्ताव काय त्यात हाय?",D4
"ग्रामपंचायतीत घरकुलाच्या योजनेची यादी आली हाय का, म्हाजे नाव हाय का त्यात?","ग्रामपंचायतीत घरकुल योजनेची यादी आली आहे का, माझे नाव आहे का त्यात?",D4
"आधार कार्ड दुरुस्ती करायची हाय, सेतू केंद्र कुठे हाय?","आधार कार्ड दुरुस्ती करायची आहे, सेतू केंद्र कुठे आहे?",D4
"पोलिस विभागात मुलगा पोरगा नोकरी निर्गमित केली हाय, तुमाले नोकरी काय हाय?","पोलिस विभागात मुलगा नोकरी निर्गमित केली आहे हाय, तुम्हाला नोकरी काय हाय?",D4
कर विभागात क्रेडिट कार्ड करमुक्ती प्रकरणासाठी फॉर्म सादर करावे पायजे काय?,कर विभागात क्रेडिट कार्ड करमुक्ती प्रकरणासाठी फॉर्म सादर करावे पाहिजे काय?,D4
"नागरिक शाळेत प्रवेशाची यादी आली म्हाजी हाय, तुमाले हाय का त्यात?","नागरिक शाळेत प्रवेशाची यादी आली आहे माझी हाय, तुम्हाला का त्यात हाय?",D4
"ग्रामपंचायतीत यादवी रजाचा प्रस्ताव यात नाही हाय, म्हाजी नावाचा प्रस्ताव काय त्यात हाय?","ग्रामपंचायतीत यादवी रजाचा प्रस्ताव यात नाही आहे हाय, माझे नावाचा प्रस्ताव काय त्यात हाय?",D4
"नागरिक वीज ग्रिड प्रणाली पूर्णपणे पुनर्बांधली जाणार हाय, तुमाले पुनर्बांधताना काय काय केले हाय?","नागरिक वीज ग्रिड प्रणाली पूर्णपणे पुनर्बांधली जाणार आहे हाय, तुम्हाले पुनर्बांधताना काय काय केले हाय?",D4
"शाळा संचालकाला शाळा सेवेसाठी प्रशस्तिपत्र प्रदान केले हाय, तुमाले काय केले हाय?","शाळा संचालकाला शाळा सेवेसाठी प्रशस्तिपत्र प्रदान केले आहे हाय, तुम्हाले काय केले हाय?",D4
"बँकेच्या खात्यात क्रेडिट कार्ड चालू करायची हाय, तुमाले शुल्क काय हाय?","बँकेच्या खात्यात क्रेडिट कार्ड चालू करायची आहे, तुम्हाला शुल्क काय आहे?",D4
स्थानिक सांख्यिकीची माहिती म्हाले कुठे हाय?,स्थानिक सांख्यिकीची माहिती मला कुठे आहे?,D4
नागरिकांच्या प्रत्येक वाढदिवसाला पारंपारिक कार्यक्रम करवतत हाय?,नागरिकांच्या प्रत्येक वाढदिवसाला पारंपारिक कार्यक्रम करून घेतात आहे?,D4
शाळा आणि विद्यालयांमध्ये किती पोरगे पायजे पुरवतात हाय?,शाळा आणि विद्यालयांमध्ये किती मुले पाहिजे आहे?,D4
सर्व कामे हाय कायले संगणकावर तुमाले करायची हाय?,सर्व कामे कशामुळे संगणकावर तुम्हाला करायची आहे?,D4
स्थानिक विकास प्राधिकरणाला म्हाजे काय कामे हाय?,स्थानिक विकास प्राधिकरणाला माझे काय काम आहे?,D4
आयकर विभागाच्या शाळा योजनेची यादी म्हाले आली हाय?,आयकर विभागाच्या शाळा योजनेची यादी मला आली आहे?,D4
ग्रामपंचायतीत मार्गदर्शक पुसता वाचविण्यासाठी काय करवतत हाय?,ग्रामपंचायतीत मार्गदर्शक पुसता वाचविण्यासाठी करून घेतात आहे?,D4
नागरिकांच्या स्वास्थ्याची जास्ती जागा तुमाले कशामुळे पाहिजे हाय?,नागरिकांच्या स्वास्थ्याची जास्ती जागा तुम्हाला कशामुळे पाहिजे आहे?,D4
"शाळांमध्ये संगणकांची सुविधा पायजे म्हाजे हाय, कुठे हाय?","शाळांमध्ये संगणकांची सुविधा पाहिजे आहे, कुठे आहे?",D4
"नागरी सेवा केंद्रात स्थायी शिवाय पारदर्शक नियुक्ती हाय का, हाय तुमाले रजिस्टर करायची प्रक्रिया काय?",नागरी सेवा केंद्रात स्थायी शिवाय पारदर्शक नियुक्ती आहे का? तुम्हाला रजिस्टर करायची प्रक्रिया काय आहे?,D4
ग्रामपंचायतीच्या निवडणुकीत मतदान करण्यासाठी पोरगा नावाचा शाळेतला विद्यार्थी पायजे का हाय?,ग्रामपंचायतीच्या निवडणुकीत मतदान करण्यासाठी मुलगा नावाचा शाळेतला विद्यार्थी पाहिजे का आहे?,D4
म्हाले निवासी तुमाले शौचालयाचे नवीन स्टॉल म्हाजी लावायची कामे हाय काय?,माझे निवासी तुम्हाला शौचालयाचे नवीन स्टॉल लावायची कामे काय आहेत?,D4
हाय आंबेडकर स्टेडियममध्ये क्रीडा कार्यक्रमांच्या माहितीच्या बोर्डवर कायले हाय?,आंबेडकर स्टेडियममध्ये क्रीडा कार्यक्रमांच्या माहितीच्या बोर्डवर कशामुळे आहे?,D4
"स्थायी शिवाय स्ट्रीट लाइट लावायची हाय, कुठे हाय म्हाजी जागा पायजे?","स्थायी शिवाय स्ट्रीट लाइट लावायची आहे, कुठे आहे माझी जागा पाहिजे?",D4
"पोरगा नागरिकांना सार्वजनिक शाळेमध्ये पायजे का, म्हाजे नाव हाय काय?","मुलगा नागरिकांना सार्वजनिक शाळेमध्ये पाहिजे का आहे, माझे नाव काय आहे?",D4
"म्हाले कर्मचाऱ्याने पारदर्शकपणे म्हाजी योग्यता तपासायची हाय का, कोणत्या मार्गाचे कार्ड म्हाजे आहे?","माझे कर्मचाऱ्याने पारदर्शकपणे माझी योग्यता तपासायची आहे का, कोणत्या मार्गाचे कार्ड माझे आहे?",D4
"आधार कार्ड दुरुस्ती करायची हाय, सेतू केंद्र कुठे हाय म्हाजी जागा पायजे?","आधार कार्ड दुरुस्ती करायची आहे, सेतू केंद्र कुठे आहे माझी जागा पाहिजे?",D4
"हाय ग्रामपंचायतीत म्हाजे नाव हाय का यादीत, मला पायजे का हाय?","ग्रामपंचायतीत माझे नाव आहे का यादीत, मला पाहिजे का आहे?",D4
"म्हाले नागरिकांना पायजे का, हाय तुमाले बोर्ड संचालक म्हाजी जागा कायले?","माझे नागरिकांना पाहिजे का, तुम्हाला बोर्ड संचालक माझी जागा कशामुळे?",D4
ग्रामपंचायतीत पाण्याची व्यवस्था पोरग्यांला कायले काय?,ग्रामपंचायतीत पाण्याची व्यवस्था मुलांना कशामुळे आहे?,D4
"पोलीस स्टेशन कुठे हाय, तुमाले कोणाला सांगावे हाय?","पोलीस स्टेशन कुठे आहे, तुम्हाला कोणाला सांगावे आहे?",D4
ग्रामदारे वेगळे करायचे म्हाले पोरग्यांना काय करवतत?,ग्रामदारे वेगळे करावे लागतात मुलांना काय करून घेतात?,D4
राशन कार्ड कुठे पोरगा प्राप्त करू शकतो हाय?,राशन कार्ड कुठे मुलगा प्राप्त करू शकतो आहे?,D4
माझा नाव पोरग्यांनी पाहिजे त्यातल्या यादीत हाय का?,माझे नाव मुलांनी पाहिजे त्यातल्या यादीत आहे का?,D4
स्वच्छता अभियानाला म्हाजी सहकार्य करायची हाय काय?,स्वच्छता अभियानाला माझे सहकार्य करायचे आहे का?,D4
"सर्वे कार्यालय कुठे हाय, तुमाले नांव पोरग्यांनी सांगावे हाय?","सर्वे कार्यालय कुठे आहे, तुम्हाला नांव मुलांनी सांगावे आहे?",D4
पोरग्यांना शाळेत प्रवेश म्हाले काय पाहिजे हाय?,मुलांना शाळेत प्रवेश माझ्या काय पाहिजे आहे?,D4
पोरग्यांनी म्हाजी कोणत्या प्रकारच्या चिकित्सकाच्या सल्ला घ्यावे हाय?,मुलांनी माझ्या कोणत्या प्रकारच्या चिकित्सकाच्या सल्ला घ्यावा आहे?,D4
पोरग्यांनी पायजे कोणत्या दिनांकात मत द्यावे हाय?,मुलांनी पाहिजे कोणत्या दिनांकात मत द्यावे आहे?,D4
नागरिक पुरवठ्याची यादी पाहिजे त्याची तुमाले सांगा हाय?,नागरिक पुरवठ्याची यादी पाहिजे त्याची तुम्हाला सांगा आहे का?,D4
क्रेडिट कार्ड नोंदणी करायची हाय त्यासाठी काय पायजे हाय?,क्रेडिट कार्ड नोंदणी करायची आहे त्यासाठी काय पाहिजे आहे?,D4
नागरिक आणि मुलगा नोंदणी तुमाले कशाला करावी हाय?,नागरिक आणि पोरगा नोंदणी तुम्हाला कशाला करावी आहे?,D4
क्षेत्राधिकारी यांचा फोन नंबर तुमाले सांगा हाय,क्षेत्राधिकारी यांचा फोन नंबर तुम्हाला सांगा आहे का?,D4
ग्रामपंचायतीत करमणुका करायची आहे त्यासाठी काय पायजे हाय?,ग्रामपंचायतीत करमणुका करायची आहे त्यासाठी काय पाहिजे आहे?,D4
आधार कार्ड दुरुस्ती करायची हाय काय कायले हाय?,आधार कार्ड दुरुस्ती करायची आहे काय कशामुळे आहे?,D4
पोलीस स्टेशनची माहिती तुमाले द्या हाय,पोलीस स्टेशनची माहिती तुम्हाला द्या आहे का,D4
नागरिक पुरवठ्याच्या यादीमध्ये म्हाले नाव हाय का हाय?,नागरिक पुरवठ्याच्या यादीमध्ये माझे नाव आहे का आहे का?,D4
ग्रामपंचायतीत माहितीपत्र तुमाले द्या हाय,ग्रामपंचायतीत माहितीपत्र तुम्हाला द्या आहे का,D4
"पोलीस स्टेशनमधील पोरग्यांच्या शाळेला जाण्याची बस हाय, म्हाले कुठे हाय?","पोलीस स्टेशनमधील मुलांच्या शाळेला जाण्याची बस आहे, मला कुठे आहे?",D4
"ग्रामपंचायतीत घरकुलाच्या योजनेची यादी आली हाय का, म्हाजी नाव हाय का त्यात?","ग्रामपंचायतीत घरकुल योजनेची यादी आली आहे का, माझे नाव आहे का त्यात?",D4
"आधार कार्ड दुरुस्ती करायची हाय, सेतू केंद्र कुठे हाय?","आधार कार्ड दुरुस्ती करायची आहे, सेतू केंद्र कुठे आहे?",D4
"पासपорт कश्याला देण्याची हाय, म्हाजे पासपोर्ट तुमाले कुठे हाय?","पासपорт कशासाठी देण्याची आहे, माझा पासपोर्ट तुम्हाला कुठे आहे?",D4
नागरिकत्वाची पट्टी म्हाज्या नावे वर किती हाय?,नागरिकत्वाची पट्टी माझ्या नावावर किती आहे?,D4
पोलीस स्टेशनमधील पोरग्यांच्या शाळेला जाण्याची बस म्हाले कुठे हाय?,पोलीस स्टेशनमधील मुलांच्या शाळेला जाण्याची बस मला कुठे आहे?,D4
"पासपोर्ट कश्याला देण्याची हाय, सेतू केंद्र कुठे हाय?","पासपोर्ट कशासाठी देण्याची आहे, सेतू केंद्र कुठे आहे?",D4
"आयडी कार्ड हाय, पायजे म्हाज्या आयडी कार्ड कुठे हाय?","आयडी कार्ड आहे, पाहिजे माझा आयडी कार्ड कुठे आहे?",D4
नागरिकत्वाची पट्टी म्हाज्या नावे वर किती हाय?,नागरिकत्वाची पट्टी माझ्या नावावर किती आहे?,D4
"ग्रामपंचायतीत घरकुलाच्या योजनेची यादी आली हाय का, म्हाजी नाव हाय का त्यात?","ग्रामपंचायतीत घरकुल योजनेची यादी आली आहे का, माझे नाव आहे का त्यात?",D4
सरपंचांची मुलाखत म्हाजी कोणत्या वेळी हाय का?,सरपंचांची मुलाखत माझी कोणत्या वेळी आहे का?,D4
"क्रेडिट कार्डची रद्दी करायची हाय, कुठे हाय?","क्रेडिट कार्डची रद्दी करायची आहे, कुठे आहे?",D4
"ग्रामपंचायतीत शौचालये बांधायची हाय का, पायजे काय हाय?","ग्रामपंचायतीत शौचालये बांधायची आहे का, पाहिजे काय आहे?",D4
"नागरिक पुरवठा विभागात दाखला द्यायची हाय का, कायले हाय का मी दाखला द्यायला हवा हाय?","नागरिक पुरवठा विभागात दाखला द्यायची आहे का, कशामुळे हा दाखला द्यायला हवा आहे?",D4
"ग्रामसेवकाची सेवा नियुक्ती हाय का, तुमाले काय हाय विचारून ठरवली हाय?","ग्रामसेवकाची सेवा नियुक्ती आहे का, तुम्हाला काय विचारून ठरवली आहे?",D4
"शुद्धिकरण यंत्राची तपासणी करायची हाय, सेतू केंद्राच्या मुख्यांच्या कार्यालयात हाय का?","शुद्धिकरण यंत्राची तपासणी करायची आहे, सेतू केंद्राच्या मुख्यांच्या कार्यालयात आहे का?",D4
"ग्रामपंचायतीच्या सभागृहात कोणती विधी सुरू हाय हाय का, पोरग्यांना हाय काय करायचे हाय?","ग्रामपंचायतीच्या सभागृहात कोणती विधी सुरू आहे का, मुलग्यांना काय करायचे आहे?",D4
"नागरिक पुरवठा विभागात यंत्राची दुरुस्ती करायची हाय, पायजे काय हाय का?","नागरिक पुरवठा विभागात यंत्राची दुरुस्ती करायची आहे, पाहिजे काय आहे?",D4
"आधार कार्डच्या अद्यतनासाठी कुठे हाय, तुमाले हाय काय हाय नंतर करायचे हाय?","आधार कार्डच्या अद्यतनासाठी कुठे आहे, तुम्हाला काय करायचे आहे?",D4
"ग्रामपंचायतींच्या मुलाखती म्हाजी कोणत्या वेळी हाय का, पोरग्यांची हाय काय हाय?","ग्रामपंचायतींच्या मुलाखती माझी कोणत्या वेळी आहे का, मुलग्यांची काय आहे?",D4
शहरातील पाण्याची पुरवठा म्हाले किती घनते वर्षी पाहिजे?,शहरातील पाण्याची पुरवठा तुम्हाला किती घनते वर्षी पाहिजे?,D4
"राज्य शाळेत जाण्याची योग्यता पोरग्यांची म्हाजे हाय का, म्हाले?","राज्य शाळेत जाण्याची योग्यता मुलांची माझी आहे का, तुम्हाला?",D4
"ग्रामपंचायतीत घरकुलाच्या योजनेच्या नियमांची जाणीवदारी म्हाजी हाय का, तुमाले?","ग्रामपंचायतीत घरकुल योजनेच्या नियमांची जाणीवदारी माझी आहे का, तुम्हाला?",D4
"कायदे पुस्तक पाहिजे हाय, त्याची कोणती हाय वाचने?","कायदे पुस्तक पाहिजे आहे, त्याची कोणती वाचने?",D4
"सार्वजनिक बँकेच्या खात्यात पैसे जमा करणे म्हाजे हाय का, कायले?","सार्वजनिक बँकेच्या खात्यात पैसे जमा करणे माझे आहे का, कशामुळे?",D4
"प्राथमिक शाळेत जाण्याची गरज पोरग्यांना म्हाजे हाय का, हाय?","प्राथमिक शाळेत जाण्याची गरज मुलांना माझी आहे का, आहे?",D4
"नागरिकांना सार्वजनिक पुस्तकालयात प्रवेश देण्याची कोणती नियमे म्हाजे हाय का, तुमाले?","नागरिकांना सार्वजनिक पुस्तकालयात प्रवेश देण्याची कोणती नियमे माझी आहे का, तुम्हाला?",D4
"कमिशनरच्या दिलेल्या निर्देशांचे पालन करण्याची जाणीवदारी म्हाजे हाय का, तुमाले?","कमिशनरच्या दिलेल्या निर्देशांचे पालन करण्याची जाणीवदारी माझी आहे का, तुम्हाला?",D4
"गावातील विकास करण्याचे काम म्हाले म्हाजे हाय का, पोरग्यांवर?","गावातील विकास करण्याचे काम तुम्हाला माझे आहे का, मुलांवर?",D4
"नगरपालिकेच्या प्राथमिक शाळेत गणिताची शिकवण म्हाजे हाय का, कोणती?","नगरपालिकेच्या प्राथमिक शाळेत गणिताची शिकवण माझी आहे का, कोणती?",D4
"ग्रामसेवक म्हाले काय सांगतात, घरकुलाच्या यादीत नावाची कोणी नाही हाय?","ग्रामसेवक मला काय सांगतात, घरकुल यादीत नावाची कोणी नाही आहे का?",D4
जमीनीचे पोरगा घरकुल यादीत नावाची काय दाखवितात हाय?,जमीनीचा मुलगा घरकुल यादीत नावाची काय दाखवतात आहे का?,D4
"पोलीस स्टेशन माथून काय सांगतात, क्रेडिट कार्ड वापरायला पायजे आहे काय हाय?","पोलीस स्टेशन वरून काय सांगतात, क्रेडिट कार्ड वापरायला पाहिजे आहे का?",D4
"ग्रामपंचायतीत घरकुलाच्या यादीची व्याख्या करायची हाय, तुमाले काय सांगतात","ग्रामपंचायतीत घरकुल योजनेची व्याख्या करायची आहे, तुम्हाला काय सांगतात?",D4
"नागरिकांच्या शिक्षण योजनेची सुलभता दाखवायची हाय, पोरगा काय म्हणतात हाय?","नागरिकांच्या शिक्षण योजनेची सुलभता दाखवायची आहे, मुलगा काय म्हणतात आहे का?",D4
"ग्रामपंचायतीत सार्वजनिक सुविधा नसल्यास कायले, तुमाले काय म्हणतात हाय?","ग्रामपंचायतीत सार्वजनिक सुविधा नसल्यास कशामुळे, तुम्हाला काय म्हणतात?",D4
"नागरिकांच्या आरोग्य योजनेच्या फायद्यांचे विवरण करायची हाय, म्हाले काय सांगतात","नागरिकांच्या आरोग्य योजनेच्या फायद्यांचे विवरण करायची आहे, मला काय सांगतात?",D4
"ग्रामपंचायतीत घरकुल योजनेची पात्रता काय आहे हाय, तुमाले काय सांगतात","ग्रामपंचायतीत घरकुल योजनेची पात्रता काय आहे, तुम्हाला काय सांगतात?",D4
"नागरिकांच्या भाषा शिक्षण योजनेच्या सुलभता पाहिजे हाय, पोरगा काय म्हणतात हाय?","नागरिकांच्या भाषा शिक्षण योजनेच्या सुलभता पाहिजे, मुलगा काय म्हणतात आहे का?",D4
"ग्रामपंचायतीत सार्वजनिक सुविधा नसल्यास पायजे, तुमाले काय सांगतात हाय?","ग्रामपंचायतीत सार्वजनिक सुविधा नसल्यास पाहिजे, तुम्हाला काय म्हणतात?",D4
"आत्महत्या प्रकरणांमध्ये सांख्यिकीची नोंद घेतली हाय, कायले तरी कोणत्या विभागाची?","आत्महत्या प्रकरणांमध्ये सांख्यिकीची नोंद घेतली आहे, कशामुळे तरी कोणत्या विभागाची?",D4
"ग्रामपंचायतीत स्वच्छता अभियानाची माहिती म्हाले लागली हाय, तुमाले काय विचार करता?","ग्रामपंचायतीत स्वच्छता अभियानाची माहिती मला लागली आहे, तुम्हाला काय विचार करता?",D4
"नागरिकांना पासबुक देण्याची प्रक्रिया काय आहे हाय, घरी जावे लागते का पोरगांना?","नागरिकांना पासबुक देण्याची प्रक्रिया काय आहे आहे, घरी जावे लागते का मुलांना?",D4
"पाण्याचे साठवण घडी बांधण्याचे पायजे काय आहे हाय, हाय का या ठिकाणी?","पाण्याचे साठवण घडी बांधण्याचे पाहिजे काय आहे आहे, आहे का या ठिकाणी?",D4
"स्थानिक नागरिकांना राशन कार्ड देण्याची यादी तुमाले पुरवली हाय, काय प्रक्रिया आहे?","स्थानिक नागरिकांना राशन कार्ड देण्याची यादी तुम्हाला पुरवली आहे, काय प्रक्रिया आहे?",D4
"ग्रामपंचायतीत सार्वजनिक बांधकामाची नोंद म्हाजी लागली हाय, काय प्रक्रिया आहे?","ग्रामपंचायतीत सार्वजनिक बांधकामाची नोंद माझी लागली आहे, काय प्रक्रिया आहे?",D4
"नागरिकांनी खाती ठेवण्याची यादी तुमाले दिली हाय, कोणत्या विभागाची जबाबदारी आहे?","नागरिकांनी खाती ठेवण्याची यादी तुम्हाला दिली आहे, कोणत्या विभागाची जबाबदारी आहे?",D4
"प्राथमिक शाळेच्या भवनाचे जीर्णोद्धार करावे लागते हाय, काय पायजे आहे?","प्राथमिक शाळेच्या भवनाचे जीर्णोद्धार करावे लागते आहे, काय पाहिजे आहे?",D4
"ग्रामपंचायतीत स्वच्छता कार्यकर्त्यांची नियुक्ती कशी होते हाय, कायले तरी कोण कार्यरत आहे?","ग्रामपंचायतीत स्वच्छता कार्यकर्त्यांची नियुक्ती कशी होते आहे, कशामुळे तरी कोण कार्यरत आहे?",D4
"ग्रामदारूगिरी प्रक्रिया काय आहे हाय, तरी कोणाला प्रतिबंधित आहे?","ग्रामदारूगिरी प्रक्रिया काय आहे आहे, तरी कोणाला प्रतिबंधित आहे?",D4
"प्राथमिक शाळेच्या विद्यार्थ्यांना मोफत भोजनाची व्यवस्था कशी होते हाय, कायले तरी कोणत्या शाळांना?","प्राथमिक शाळेच्या विद्यार्थ्यांना मोफत भोजनाची व्यवस्था कशी होते आहे, कशामुळे तरी कोणत्या शाळांना?",D4
"ग्रामपंचायतीत घरकुलाच्या योजनेची यादी आली हाय, मला त्यात शिक्षित हाय का?","ग्रामपंचायतीत घरकुल योजनेची यादी आली आहे, मला त्यात शिक्षित आहे का?",D4
नागरिक पुरवठा प्रणालीत तुमाले नवीन प्रतिष्ठान प्रक्रिया कशी करावी हाय?,नागरिक पुरवठा प्रणालीत तुम्हाला नवीन प्रतिष्ठान प्रक्रिया कशी करावी आहे?,D4
"शाळेला शैक्षणिक सामग्री पुरविण्यासाठी कशा मदत करावी हाय, कायले का शाळा तयार नाही?","शाळेला शैक्षणिक सामग्री पुरविण्यासाठी कशा मदत करावी आहे, कशामुळे शाळा तयार नाही?",D4
"पोलीस स्टेशनवर जायला हाय, काय पायजे मला तिथे शिकायचे?","पोलीस स्टेशनवर जायला आहे, काय पाहिजे मला तिथे शिकायचे?",D4
"म्हाज्या गावात पाणीचे पुरवठा होणार नाही, त्यामुळे मला हाय का पाणी साठवण्यासाठी भिजवणी पंप चालवावा?","माझ्या गावात पाणीचे पुरवठा होणार नाही, त्यामुळे मला आहे का पाणी साठवण्यासाठी भिजवणी पंप चालवावा?",D4
म्हाले पात्र असेल तर घरकुल योजनेची यादी तुमाले मिळवू शकता पाहिजे हाय का?,मला पात्र असेल तर घरकुल योजनेची यादी तुम्हाला मिळवू शकता पाहिजे आहे का?,D4
"आधार कार्ड माझ्या नावे हाय का, तुमाले मला कोणत्या कागद पुरवणार?","आधार कार्ड माझ्या नावे आहे, तुम्हाला मला कोणत्या कागद पुरवणार?",D4
"म्हाजे गावात कोणती योजना कार्यक्रम राबवायची हाय, तुमाले ती कशी चालवू शकता?","माझ्या गावात कोणती योजना कार्यक्रम राबवायची आहे, तुम्हाले ती कशी चालवू शकता?",D4
"आमच्या गावात पाण्याच्या पुरवठा होणार नाही, त्यामुळे मला हाय का हायवाला पाणी साठवण्यासाठी भिजवणी पंप चालवावा?","आमच्या गावात पाण्याचे पुरवठा होणार नाही, त्यामुळे मला आहे का हायवाला पाणी साठवण्यासाठी भिजवणी पंप चालवावा?",D4
"ग्रामपंचायतीत मला मुरणे हाय का, तुमाले मला कोणता प्रकारे मदत करू शकता?","ग्रामपंचायतीत मला मुरणे आहे, तुम्हाले मला कोणता प्रकारे मदत करू शकता?",D4
"ग्रामपंचायतीत घरकुलाच्या योजनेची यादी आली हाय का, म्हाजे नाव हाय का त्यात?","ग्रामपंचायतीत घरकुल योजनेची यादी आली आहे का, माझे नाव आहे का त्यात?",D4
"आधार कार्ड दुरुस्ती करायची हाय, सेतू केंद्र कुठे हाय?","आधार कार्ड दुरुस्ती करायची आहे, सेतू केंद्र कुठे आहे?",D4
"पहिली बारा नेमकी काय हाय, नागरिकत्वाची कार्ड देण्याची काम हाय?","पहिली बारा नेमकी काय आहे, नागरिकत्वाची कार्ड देण्याची काम आहे?",D4
"अटपाईत असतो की गावातील सर्वांना बँक खाती नाहीत हाय, काय काम हाय?","अटपाईत असतो की गावातील सर्वांना बँक खाती नाही आहेत हाय, काय काम आहे?",D4
"सफाई कचरा कुठे ठेवला पाहिजे हाय, पायजे आपल्या गावात काय काम हाय?","सफाई कचरा कुठे ठेवला पाहिजे आहे हाय, पाहिजे आपल्या गावात काय काम आहे?",D4
"बाळ कार्ड देण्याची वेळ आली हाय, म्हाले नाव हाय का त्यात?","बाळ कार्ड देण्याची वेळ आली आहे हाय, मला नाव आहे का त्यात?",D4
"रजिस्टर्ड वाहनांच्या नोंदी कुठे करायच्या हाय, तुमाले कुठे जावे हाय?","रजिस्टर्ड वाहनांच्या नोंदी कुठे कराव्या आहेत हाय, तुम्हाला कुठे जावे आहे?",D4
"यातायात वाहतूक कायद्याची यादी हाय, पोरगा कुठे जातो हाय?","यातायात वाहतूक कायद्याची यादी आहे हाय, मुलगा कुठे जातो आहे?",D4
"प्राथमिक शाळा आणि विद्यालयांच्या कार्यशाळा हाय, तुमाले कुठे जावे हाय?","प्राथमिक शाळा आणि विद्यालयांच्या कार्यशाळा आहेत हाय, तुम्हाला कुठे जावे आहे?",D4
"आयडीसी कार्ड देण्याची वेळ आली हाय, म्हाले नाव हाय का त्यात?","आयडीसी कार्ड देण्याची वेळ आली आहे हाय, मला नाव आहे का त्यात?",D4
"विद्युत शेवटी पुरवठा कुणाचा पायजे आहे, कायले वेळेवर पुरवठा होणार नाही?","विद्युत शेवटी पुरवठा कुणाचा पाहिजे आहे, कशामुळे वेळेवर पुरवठा होणार नाही?",D4
"वृक्षारोपणाच्या यजमानाचा माथून आहे, तुमाले वृक्षारोपणाची कोणती वेळ काढतात?","वृक्षारोपणाच्या वेळेचा मधून आहे, तुम्हाला वृक्षारोपणाची कोणती वेळ काढतात?",D4
राष्ट्रीय पर्यावरण दिनानिमित्त पुस्तकर्मी तुमाले कोणत्या ठिकाणी स्वच्छता कार्य करतील?,राष्ट्रीय पर्यावरण दिनानिमित्त पुस्तकर्मी तुम्हाला कोणत्या ठिकाणी स्वच्छता कार्य करतील?,D4
"विद्युत बिल वाचण्यासाठी कुठला कळशा म्हाले आहे, नाव हाय का, वेळ हाय का ते देतात?","विद्युत बिल वाचण्यासाठी कुठला कळशा मला आहे, नाव आहे का, वेळ आहे का ते देतात?",D4
"नागरिकांनी शाळेमध्ये पुस्तीकरण करण्याचा पोरगा आहे, पायजे शाळेला कोणत्या वेळी पुस्त करायचे?","नागरिकांनी शाळेमध्ये पुस्तीकरण करण्याचा मुलगा आहे, पाहिजे शाळेला कोणत्या वेळी पुस्त करायचे?",D4
"कलमार्जी कार्यकर्त्यांनी म्हाजेच्या घराचा माथून आहे, तुमाले कोणत्या वेळ काढतात?","कलमार्जी कार्यकर्त्यांनी माझ्या घराचा मधून आहे, तुम्हाला कोणत्या वेळ काढतात?",D4
"पाण्याच्या साठ्याचे खाली जाऊन पायजे पाणी येत नाही, कुणाची कायले हाय?","पाण्याच्या साठ्याचे खाली जाऊन पाहिजे पाणी येत नाही, कशामुळे कुणाची आहे?",D4
"आधार कार्ड कुणाचा म्हाले आहे, नाव हाय का, तुमाले वेळ हाय का देतात?","आधार कार्ड कुणाचा मला आहे, नाव आहे का, तुम्हाला वेळ आहे का देतात?",D4
"रेशन कार्ड दुरुस्ती करायची हाय, तुमाले कोणत्या ठिकाणी देतात?","रेशन कार्ड दुरुस्ती करायची आहे, तुम्हाला कोणत्या ठिकाणी देतात?",D4
नागरिकांच्या प्रत्येक यादी वर्गीकरण कशामुळे हाय?,नागरिकांच्या प्रत्येक यादी वर्गीकरण कशामुळे आहे?,D4
आगामी निवडणुकीचे पात्र उमेदवारांची यादी कुठे हाय तुम्हाला?,आगामी निवडणुकीचे पात्र उमेदवारांची यादी कुठे आहे तुम्हाला?,D4
प्राथमिक शाळेची व्यवस्था आणि यंत्रणा माझ्याकडे कशामुळे हाय?,प्राथमिक शाळेची व्यवस्था आणि यंत्रणा माझ्याकडे कशामुळे आहे?,D4
"ग्रामपंचायतीत घरकुलाच्या योजनेची यादी आली हाय का, म्हाजे नाव हाय का त्यात?","ग्रामपंचायतीत घरकुलाच्या योजनेची यादी आली आहे का, माझे नाव आहे का त्यात?",D4
कोणत्या मुख्य निकाम्या कार्यालयात नागरिकांची शिक्षांची प्रतिपादन करण्यात येतात हाय?,कोणत्या मुख्य निकाम्या कार्यालयात नागरिकांची शिक्षा प्रतिपादन करण्यात येतात आहेत हे?,D4
मधल्या शाळेच्या प्रमाणीकरणाची यादी कुठे हाय?,मधल्या शाळेच्या प्रमाणीकरणाची यादी कुठे आहे?,D4
"गावातील वीज पुरवठा कुठून हाय, सुरुवातीच्या प्रमाणात आहे का?","गावातील वीज पुरवठा कुठून आहे, सुरुवातीच्या प्रमाणात आहे का?",D4
कोणत्या कार्यालयात आणि कोणत्या संधी नागरिकांना शिक्षांच्या प्रमाणितीकरणाची कार्यवाही केली जाते हाय?,कोणत्या कार्यालयात आणि कोणत्या संधी नागरिकांना शिक्षांच्या प्रमाणितीकरणाची कार्यवाही केली जाते आहे?,D4
शाळेच्या प्रमाणीकरणाच्या नोंदणीची यादी माझ्याकडे कशामुळे हाय?,शाळेच्या प्रमाणीकरणाच्या नोंदणीची यादी माझ्याकडे कशामुळे आहे?,D4
कोणत्या कार्यालयात माझ्या नागरिकांच्या प्रमाणीकरणाच्या शिक्षांच्या यादी आहेत हाय?,कोणत्या कार्यालयात माझ्या नागरिकांच्या प्रमाणीकरणाच्या शिक्षांच्या यादी आहेत आहे?,D4
"ग्रामपंचायतीकरिता पुनर्वसन भूशेती योजनेची यादी तुमाले म्हाले का, काय काम हाय लहान मुलांमधून?","ग्रामपंचायतीकरिता पुनर्वसन भूशेती योजनेची यादी तुम्हाला माझ्या का, काय काम आहे लहान मुलांमधून?",D4
"कोणत्या संकेतशुल्काचे भरणे पोरग्यांना कायले का, म्हाजे संकेतशुल्क किती आहे?","कोणत्या संकेतशुल्काचे भरणे मुलांना कशामुळे का, माझे संकेतशुल्क किती आहे?",D4
"पोलीस स्टेशनच्या कार्यालयात माझ्या पासबुकची सत्यापत्री करायची हाय, करवतत काय काम हाय?","पोलीस स्टेशनच्या कार्यालयात माझ्या पासबुकची सत्यापत्री करायची आहे, करून घेतात काय काम आहे?",D4
"कोणत्या प्रकारे कोटा म्हाले काय, सार्वजनिक वाहनाची यादी पायजे काय?","कोणत्या प्रकारे कोटा माझा काय, सार्वजनिक वाहनाची यादी पाहिजे काय?",D4
"शाळा संचालनालयात माझ्या प्राथमिक शाळेची स्थिती माथून काय हाय, सामान्य प्राथमिक शाळा काय हाय?","शाळा संचालनालयात माझ्या प्राथमिक शाळेची स्थिती मधून काय आहे, सामान्य प्राथमिक शाळा काय आहे?",D4
"तुम्ही म्हाले काय काम हाय, शाळा संचालनालयाचे संपर्क तुमाले काय हाय?","तुम्ही माझ्या काय काम आहे, शाळा संचालनालयाचे संपर्क तुम्हाला काय आहे?",D4
"ग्रामपंचायतीकरिता नागरिकांचे शिक्षण यादी तुमाले म्हाजे काय हाय, त्यात किती विद्यार्थी आहे?","ग्रामपंचायतीकरिता नागरिकांचे शिक्षण यादी तुम्हाला माझ्या काय आहे, त्यात किती विद्यार्थी आहे?",D4
"पोलीस स्टेशनच्या कार्यालयात माझ्या संपत्ती चौकशी करायची हाय, हाय काय काम हाय?","पोलीस स्टेशनच्या कार्यालयात माझ्या संपत्ती चौकशी करायची आहे, हाय काय काम आहे?",D4
"कोणत्या प्रकारे शाळा संचालनालयाचे फॉर्म तुमाले म्हाजे काय, सामान्य शाळा काय पायजे?","कोणत्या प्रकारे शाळा संचालनालयाचे फॉर्म तुम्हाला माझ्या काय, सामान्य शाळा काय पाहिजे?",D4
"ग्रामपंचायतीकरिता शिक्षण योजनेचे फॉर्म तुमाले म्हाजे काय हाय, म्हाजे नाव काय हाय?","ग्रामपंचायतीकरिता शिक्षण योजनेचे फॉर्म तुम्हाला माझ्या काय आहे, माझे नाव काय आहे?",D4
क्रेडिट कार्ड शिवाय कोणत्या घरकुल योजनांवर भर घालायची हाय?,क्रेडिट कार्ड शिवाय कोणत्या घरकुल योजनांवर भर घालायची आहे?,D4
"ग्रामपंचायतीत पाण्याची टाकी पायजे आहे, म्हाजे नाव हाय का त्यात?","ग्रामपंचायतीत पाण्याची टाकी पाहिजे आहे, माझे नाव आहे का त्यात?",D4
"नागरी सेवा केंद्रात खाती रजिस्टर करायची हाय, काय कागदपत्रे म्हाले पाहिजेत?","नागरी सेवा केंद्रात खाती रजिस्टर करायची आहे, काय कागदपत्रे मला पाहिजेत?",D4
"यादवी पार्किंगमध्ये कुठली वाहने पायजे आहेत, म्हाजे नाव हाय का त्यात?","यादवी पार्किंगमध्ये कुठली वाहने पाहिजेत आहेत, माझे नाव आहे का त्यात?",D4
"आधार कार्ड दुरुस्ती करायची हाय, म्हाजे जन्मतारीख पोरग्याने कशाला नसती?","आधार कार्ड दुरुस्ती करायची आहे, माझी जन्मतारीख मुलाने कशाला नसती?",D4
"स्थायी निवासी शुल्काची कोणती रक्कम म्हाले भरायला पोरगा पाहिजे, हाय?","स्थायी निवासी शुल्काची कोणती रक्कम मला भरायला मुलाने पाहिजे, आहे?",D4
"सामुदायिक शौचालयाची कोणती व्यवस्था तुमाले पोरग्याने केली आहे, म्हाजे","सामुदायिक शौचालयाची कोणती व्यवस्था तुम्हाला मुलाने केली आहे, माझी",D4
"रेशन कार्ड शिवाय कोणत्या घरकुल योजनांवर भर घालायची हाय, हाय?","रेशन कार्ड शिवाय कोणत्या घरकुल योजनांवर भर घालायची आहे, आहे?",D4
"स्थानिक शासनाच्या योजनांची माहिती करायची हाय, कार्यालय कुठे हाय?","स्थानिक शासनाच्या योजनांची माहिती करायची आहे, कार्यालय कुठे आहे?",D4
"कोणत्या खात्यात पारंपारिक राशि भरायला पोरगा पाहिजे, हाय?","कोणत्या खात्यात पारंपारिक राशि भरायला मुलाने पाहिजे, आहे?",D4
ग्रामसेवक हे काम सोपवणाऱ्या अधिकाऱ्याची नावे हाय काय?,ग्रामसेवक हे काम सोपवणाऱ्या अधिकाऱ्याची नावे काय आहेत?,D4
कुठल्या शाळेसाठी बी.ई.डी.बी. (बी.एल.डी.बी) हा प्रकार लागू होतो हाय?,कुठल्या शाळेसाठी बी.ई.डी.बी. (बी.एल.डी.बी) हा प्रकार लागू होतो आहे?,D4
विद्युत शुल्काच्या पुस्तकात म्हाले खात्याचे नाव हाय काय?,विद्युत शुल्काच्या पुस्तकात माझे खात्याचे नाव काय आहे?,D4
पुरवठा कार्यालयाच्या कर्मचाऱ्यांनी केलेल्या गैरव्यवहाराची शिक्षा हाय पायजे?,पुरवठा कार्यालयाच्या कर्मचाऱ्यांनी केलेल्या गैरव्यवहाराची शिक्षा पाहिजे?,D4
ज्या ग्रामसभेला सर्वकाही म्हाजेचे नाव हाय का हाय?,ज्या ग्रामसभेला सर्वकाही माझे नाव आहे का आहे?,D4
तुमाले माझ्या नावावर पारदर्शकता यादी पाहिजे,तुम्हाला माझ्या नावावर पारदर्शकता यादी पाहिजे,D4
कुठले वाहन तुमाले बायपास करण्याची परवानगी देतात हाय?,कुठले वाहन तुम्हाला बायपास करण्याची परवानगी देतात आहे?,D4
मलाला पान हे कोणत्या राज्य शाळेतून परीक्षा देण्याची परवानगी मिळाली आहे हाय?,मलाला पान हे कोणत्या राज्य शाळेतून परीक्षा देण्याची परवानगी मिळाली आहे आहे?,D4
कोणत्या शाळेसाठी बालकल्याण योजनेचा लाभ मिळतो हाय काय?,कोणत्या शाळेसाठी बालकल्याण योजनेचा लाभ मिळतो आहे काय?,D4
तुमाले शाळेला निवासी किंवा निवासी शाळा कोणती हाय?,तुम्हाला शाळेला निवासी किंवा निवासी शाळा कोणती आहे?,D4
नागरी सेवा केंद्रात येण्यासाठी वेळ म्हाले काय हाय?,नागरी सेवा केंद्रात येण्यासाठी वेळ माझे काय आहे?,D4
तुमाले घरकुल योजनेच्या यादीमध्ये नाव पायजे काय हाय?,तुम्हाला घरकुल योजनेची यादीमध्ये नाव पाहिजे काय आहे?,D4
"नगरसेवा केंद्रात पासबुक दाखवायची हाय, पासबुक कुठे हाय?","नगरसेवा केंद्रात पासबुक दाखवायची आहे, पासबुक कुठे आहे?",D4
"नागरिक पुरावा शाळेत येण्यासाठी कुठे हाय, शाळेचे पत्ता हाय?","नागरिक पुरावा शाळेत येण्यासाठी कुठे आहे, शाळेचे पत्ते आहे?",D4
"कुणाला नागरी सेवा देण्यासाठी पात्र हाय कायले, पात्रता हाय?","कुणाला नागरी सेवा देण्यासाठी पात्र आहे काय, पात्रता आहे?",D4
"सेतू केंद्रात नोंदणी करायची हाय, केंद्राचे पत्ता म्हाले काय हाय?","सेतू केंद्रात नोंदणी करायची आहे, केंद्राचे पत्ते माझे काय आहे?",D4
नागरिक पुरावा शाळेत प्रवेश प्रमाणपत्र हाय कायले हाय?,नागरिक पुरावा शाळेत प्रवेश प्रमाणपत्र हाय काय आहे?,D4
"नगरपालिका बिल देय नंतर काय हाय, बिल वाचवायची हाय?","नगरपालिका बिल देय नंतर काय आहे, बिल वाचवायची आहे?",D4
"कल्याणकारी योजना हाय कायले, योजनेचे मुख्य उद्दिष्ट हाय काय?","कल्याणकारी योजना हाय काय, योजनेचे मुख्य उद्दिष्ट काय आहे?",D4
सेतू केंद्रात येण्यासाठी प्रवेश शुल्क म्हाले काय हाय?,सेतू केंद्रात येण्यासाठी प्रवेश शुल्क माझे काय आहे?,D4
नागरीभोवती स्वच्छता अभियानच्या कामाची माहिती म्हाले आली हाय का?,नागरीभोवती स्वच्छता अभियानच्या कामाची माहिती माझे आली आहे का?,D4
"आयपीआय आयडी स्थायी केली पाहिजे काय, तुमाले कोणत्या केंद्रात जायचे हाय?","आयपीआय आयडी स्थायी केली पाहिजे काय, तुम्हाला कोणत्या केंद्रात जायचे आहे?",D4
ग्रामपंचायतीतील नागरी सेवांची माहिती म्हाजी कोणत्या तारखेला पोचेल हाय?,ग्रामपंचायतीतील नागरी सेवांची माहिती माझी कोणत्या तारखेला पोचेल आहे?,D4
क्रेडिट कार्डची व्याजमानधनाची कालावधी म्हाले किती हाय?,क्रेडिट कार्डची व्याजमानधनाची कालावधी माझी किती आहे?,D4
"आधार कार्ड दुरुस्ती करायची हाय, पोरगा कोणत्या विभागात जातो हाय?","आधार कार्ड दुरुस्ती करायची आहे, मुलगा कोणत्या विभागात जातो आहे?",D4
नागरी सेवांच्या खात्यातील पैसे म्हाजे किती आहेत हाय?,नागरी सेवांच्या खात्यातील पैसे माझे किती आहेत आहे?,D4
तुमाले कोणत्या तारखेला नागरी सेवांची माहिती पाहिजे हाय?,तुम्हाला कोणत्या तारखेला नागरी सेवांची माहिती पाहिजे आहे?,D4
"कोणत्या आयडी चे KYC करायची पाहिजे हाय, म्हाजे कोणते काम हाय?","कोणत्या आयडी चे KYC करायची पाहिजे आहे, माझे कोणते काम आहे?",D4
"नागरी भूधारणा करायची हाय, पोरगा कोणत्या कार्यालयात जातो हाय?","नागरी भूधारणा करायची आहे, मुलगा कोणत्या कार्यालयात जातो आहे?",D4
सेतू केंद्रातील कामाची माहिती म्हाजे कोणत्या तारखेला पोचेल हाय?,सेतू केंद्रातील कामाची माहिती माझी कोणत्या तारखेला पोचेल आहे?,D4
"ग्रामसेवक हाय ना, म्हाजे नाव हाय का त्यातील निवडणुका?","ग्रामसेवक आहे ना, माझे नाव आहे का त्यातील निवडणुका?",D4
नागरिकांच्या भाषेत भाषा परिषद म्हणून काय म्हणायचे हाय?,नागरिकांच्या भाषेत भाषा परिषद म्हणून काय म्हणावे हे आहे?,D4
वीज कंपनीचे बिल तुमाले कधी हाय वेळी पार पडते हाय?,वीज कंपनीचे बिल तुम्हाला कधी ह्या वेळी पार पडते हे?,D4
पोरग्याच्या नांवाची पंजी म्हाजे पाहिजे का त्याचे पुण्य नांव?,पोरग्याच्या नावाची पंजी माझे पाहिजे का त्याचे पुण्य नाव?,D4
ग्रामपंचायतीत कायदा तुमाले कोणी हाय केला हाय?,ग्रामपंचायतीत कायदा तुम्हाला कोणी ह्या केला आहे?,D4
पाण्याची पूरवठा तुमाले प्रतिदिन काय हाय किती पातळी?,पाण्याची पूरवठा तुम्हाला प्रतिदिन काय ह्या किती पातळी आहे?,D4
ग्रामपंचायतीत कार्यकारी मंत्री तुमाले कुठे हाय निवडले हाय?,ग्रामपंचायतीत कार्यकारी मंत्री तुम्हाला कुठे ह्या निवडले आहे?,D4
भ्रष्टाचार विरुद्ध कारवाई तुमाले कोणी हाय केली हाय?,भ्रष्टाचार विरुद्ध कारवाई तुम्हाला कोणी ह्या केली आहे?,D4
पोलीस स्टेशन तुमाले कुठे हाय किती हाय वेळी स्टेशनमध्ये?,पोलीस स्टेशन तुम्हाला कुठे ह्या किती ह्या वेळी स्टेशनमध्ये आहे?,D4
कायदा तुमाले प्रतिदिन कोणी हाय किती हाय वेळी पार पडतो हाय?,कायदा तुम्हाला प्रतिदिन कोणी ह्या किती ह्या वेळी पार पडतो आहे?,D4
"ग्रामपंचायतीत घरकुल योजनेची यादी आली आहे का, म्हाजे नाव आहे का त्यात?","ग्रामपंचायतीत घरकुलाच्या योजनेची यादी आली आहे का, माझे नाव आहे का त्यात?",D4
"पासपोर्ट दिवशी प्राप्त करायची हाय, म्हाले कुठे पासपोर्ट ऑफिस हाय?","पासपोर्ट दिवशी प्राप्त करायची आहे, मला कुठे पासपोर्ट ऑफिस आहे?",D4
कोणता शाळा पासुन शाळा सुरु होते हाय आणि कोणत्या वेळेस ते सुरु होते हाय?,कोणती शाळा पासून शाळा सुरु होते आणि कोणत्या वेळेस ते सुरु होते?,D4
"आधार कार्ड दुरुस्ती करायची हाय, सेतू केंद्र कुठे हाय?","आधार कार्ड दुरुस्ती करायची आहे, सेतू केंद्र कुठे आहे?",D4
नागरिकत्वाचा अर्ज कसा करावा हाय आणि कोणती दस्तऐवजी आवश्यकता आहे हाय?,नागरिकत्वाचा अर्ज कसा करावा आणि कोणती दस्तऐवजी आवश्यकता आहे?,D4
माझ्या कोणत्या जिल्ह्यात पोलीस स्टेशन कुठे आहे हाय?,माझ्या कोणत्या जिल्ह्यात पोलीस स्टेशन कुठे आहे?,D4
प्राथमिक शाळा सुरु होती की माध्यमिक शाळा सुरु होती हाय?,प्राथमिक शाळा सुरु होती की माध्यमिक शाळा सुरु होती?,D4
तुमाले विचारलं की म्हाजे नाव काय हाय आणि कोणती फीस आहे हाय?,तुम्हाला विचारलं की माझे नाव काय आहे आणि कोणती फीस आहे?,D4
पूर्ण नागरिक म्हणजे काय हाय आणि कोणती कार्ये करावी हाय?,पूर्ण नागरिक म्हणजे काय आणि कोणती कार्ये करावी?,D4
ग्रामपंचायतीत रोखसहाय्याची योजना कशी प्राप्त होते हाय?,ग्रामपंचायतीत रोखसहाय्याची योजना कशी प्राप्त होते?,D4
आपल्या गावात पाण्याची पुरवठा कशाच्या सेवेच्या माध्यमातून हाय?,आपल्या गावात पाण्याची पुरवठा कशाच्या सेवेच्या माध्यमातून होत आहे?,D4
कोणत्या वेळेत हाय माझ्या गावाच्या पार्षद पदाच्या निवडणुका होणार आहेत?,कोणत्या वेळेत माझ्या गावाच्या पार्षद पदाच्या निवडणुका होणार आहेत?,D4
"हाय, माझ्या घराची वीज पुरवठा कशी करावी?","हाय, माझ्या घराची वीज पुरवठा कशी करावी?",D4
तुम्हाला पानगळीच्या प्रकल्पाच्या माहितीत सापडले का?,तुम्हाला पानगळीच्या प्रकल्पाच्या माहितीत सापडले का?,D4
प्राथमिक शाळेच्या निर्मितीच्या कामाची माहिती कुठे मिळणारी हाय?,प्राथमिक शाळेच्या निर्मितीच्या कामाची माहिती कुठे मिळणारी आहे?,D4
"कोणती योजना घरकुलाच्या सुविधा देण्यासाठी हाय, तुमाले काय सांगता?","कोणती योजना घरकुलाच्या सुविधा देण्यासाठी आहे, तुम्हाला काय सांगता?",D4
"आयडी कार्ड कुठे हाय, तुम्हाला कुठे जावे लागेल?","आयडी कार्ड कुठे आहे, तुम्हाला कुठे जावे लागेल?",D4
"विद्युत पुरवठ्याची सेवा कशी हाय, तुम्हाला काय करावे लागते?","विद्युत पुरवठ्याची सेवा कशी आहे, तुम्हाला काय करावे लागते?",D4
तुम्हाला माझ्या गावातील पुस्तकालयाची माहिती काय हाय?,तुम्हाला माझ्या गावातील पुस्तकालयाची माहिती काय आहे?,D4
सेतू कार्ड सारख्या सेवेची माहिती कोठे मिळणारी हाय?,सेतू कार्ड सारख्या सेवेची माहिती कोठे मिळणारी आहे?,D4
"नागरी सेवा केंद्रात पासपорт चालू करवतत, कायले का पासपोर्ट काय लावायचा?","नागरी सेवा केंद्रात पासपोर्ट चालू करून घेतात, कशामुळे पासपोर्ट काय लावायचा?",D4
"ग्रामपंचायतीत घरकुलाच्या योजनेची यादी आली हाय का, म्हाजे नाव हाय का त्यात?","ग्रामपंचायतीत घरकुल योजनेची यादी आली आहे का, माझे नाव आहे का त्यात?",D4
"पोलीस स्टेशनला पोरगा कुठे गेला हाय, म्हाजे कोणी हस्तक्षेप केला हाय?","पोलीस स्टेशनला मुलगा कुठे गेला आहे, माझे कोणी हस्तक्षेप केला आहे?",D4
"राज्य शासनाच्या पोरग्याचा जन्म हाय, सुरुवातीला काय पाहिजे हाय?","राज्य शासनाच्या मुलाचा जन्म आहे, सुरुवातीला काय पाहिजे आहे?",D4
"आधार कार्ड दुरुस्ती करायची हाय, सेतू केंद्र कुठे हाय?","आधार कार्ड दुरुस्ती करायची आहे, सेतू केंद्र कुठे आहे?",D4
"नागरी सेवा केंद्रात पासपोर्ट चालू करवतत, कायले का पासपोर्ट काय लावायचा?","नागरी सेवा केंद्रात पासपोर्ट चालू करून घेतात, कशामुळे पासपोर्ट काय लावायचा?",D4
"म्हाजे घर पासून दूर हाय, पायजे का माझे घर बांधायचा?","माझे घर पासून दूर आहे, पाहिजे का माझे घर बांधायचा?",D4
"ग्रामपंचायतीत घरकुलाच्या योजनेची यादी आली हाय का, म्हाजे नाव हाय का त्यात?","ग्रामपंचायतीत घरकुल योजनेची यादी आली आहे का, माझे नाव आहे का त्यात?",D4
"सेतू केंद्रात पासपोर्ट चालू करवतत, कायले का पासपोर्ट काय लावायचा?","सेतू केंद्रात पासपोर्ट चालू करून घेतात, कशामुळे पासपोर्ट काय लावायचा?",D4
"ग्रामपंचायतीत घरकुलाच्या योजनेची यादी आली हाय का, म्हाजे नाव हाय का त्यात?","ग्रामपंचायतीत घरकुल योजनेची यादी आली आहे का, माझे नाव आहे का त्यात?",D4
"ग्रामसेवकाने बगवानी करायची कायले हाय, म्हाजी कोणाची हाय?","ग्रामसेवकाने बगवानी करायची कशामुळे आहे, माझी कोणाची आहे?",D4
स्थानिक सांख्यिकी संस्थेकडून कोणती यादी म्हाले पोरगाने पाहिजे हाय?,स्थानिक सांख्यिकी संस्थेकडून कोणती यादी मला मुलगाने पाहिजे आहे का?,D4
राज्य शासनाच्या योजनेची फाइल तुमाले कुठे पोरगाला सोडली हाय?,राज्य शासनाच्या योजनेची फाइल तुम्हाला कुठे मुलगाला सोडली आहे का?,D4
कोणत्या शाळेचे शिक्षक पोरगाला सांभाळणे म्हाजे पायजे हाय?,कोणत्या शाळेचे शिक्षक मुलगाला सांभाळणे माझे पाहिजे आहे का?,D4
विद्युत वितरण कंपनीच्या कर्मचाऱ्यांची यादी म्हाजे कोणी पोरगाला देतात हाय?,विद्युत वितरण कंपनीच्या कर्मचाऱ्यांची यादी माझी कोणी मुलगाला देतात आहे का?,D4
कोणत्या बँकेचे शाखेचे मुख्य अधिकारी पोरगाला म्हाले कुठे हाय?,कोणत्या बँकेचे शाखेचे मुख्य अधिकारी मुलगाला मला कुठे आहे का?,D4
ग्रामपंचायतीची यादी म्हाजे नाव तुमाले कुठे पोरगाला दिले हाय?,ग्रामपंचायतीची यादी माझे नाव तुम्हाला कुठे मुलगाला दिले आहे का?,D4
कोणत्या प्राथमिक शाळेचे शिक्षक पोरगाला म्हाजे मुळे हाय?,कोणत्या प्राथमिक शाळेचे शिक्षक मुलगाला माझे मुळे आहे का?,D4
स्थानिक विकास योजनेची फाइल तुमाले पोरगाला म्हाले कुठे हाय?,स्थानिक विकास योजनेची फाइल तुम्हाला मुलगाला मला कुठे आहे का?,D4
"आयकर विभागात पावलाची व्यासपीठाची कामे करायची हाय, पोरगा कुणाला सांगायची हाय?","आयकर विभागात पावलाची व्यासपीठाची कामे करायची आहे, मुलगा कुणाला सांगावी?",D4
"ग्रामपंचायतीत घरकुलाच्या योजनेची यादी आली हाय का, म्हाजे नाव हाय का त्यात?","ग्रामपंचायतीत घरकुल योजनेची यादी आली आहे का, माझे नाव आहे का त्यात?",D4
"आधार कार्ड दुरुस्ती करायची हाय, सेतू केंद्र कुठे हाय?","आधार कार्ड दुरुस्ती करायची आहे, सेतू केंद्र कुठे आहे?",D4
"पोलीस ठाण्यात कोणत्या प्रकारच्या कागदपत्रे निवडायची हाय, तुमाले किती दिवसाची वेळा हाय?","पोलीस ठाण्यात कोणत्या प्रकारच्या कागदपत्रे निवडावीत, तुम्हाला किती दिवसाची वेळ आहे?",D4
"स्वच्छता अभियानात नागरिकांसाठी पाण्याचे पंप निर्माण करायची हाय, पोरगा कुणाला हा काम सांगायची हाय?","स्वच्छता अभियानात नागरिकांसाठी पाण्याचे पंप निर्माण करायची आहे, मुलगा कुणाला हा काम सांगावे?",D4
"जिल्हा परिषदेत प्रत्येक गावाच्या विकासाची यादी करायची हाय, म्हाजे नाव हाय का त्यात?","जिल्हा परिषदेत प्रत्येक गावाच्या विकासाची यादी करायची आहे, माझे नाव आहे का त्यात?",D4
"पोलीस विभागात कोणत्या प्रकारच्या शिक्षणाची पुरवठा करायची हाय, पोरगा कुणाला हा शिक्षण द्यायचा हाय?","पोलीस विभागात कोणत्या प्रकारच्या शिक्षणाची पुरवठा करायची आहे, मुलगा कुणाला हा शिक्षण द्यावा?",D4
"नगरसीमा विभागात गुन्हेगारी क्षेत्रांची यादी करायची हाय, तुमाले किती दिवसाची वेळा हाय?","नगरसीमा विभागात गुन्हेगारी क्षेत्रांची यादी करायची आहे, तुम्हाला किती दिवसाची वेळ आहे?",D4
"पंचायत समितीत घरकल्या योजनेचे काम करायची हाय, म्हाजे नाव हाय का त्यात?","पंचायत समितीत घरकल्या योजनेचे काम करायची आहे, माझे नाव आहे का त्यात?",D4
"जिल्हा पंचायतात नागरिकांसाठी कोणत्या प्रकारच्या सुविधा दिल्या जातात, तुमाले किती दिवसाची वेळा हाय?","जिल्हा पंचायतात नागरिकांसाठी कोणत्या प्रकारच्या सुविधा दिल्या जातात, तुम्हाला किती दिवसाची वेळ आहे?",D4
ग्रामपंचायतीच्या जागतिक भूकंप दिनांकी प्रात्यक्षिकात माझा पोरगा सहभागी होता हाय. काय काय कामे करावी हाय?,ग्रामपंचायतीच्या जागतिक भूकंप दिनांकी प्रात्यक्षिकात माझा मुलगा सहभागी होता आहे. काय काय कामे करावी आही?,D4
कोणत्या यादीमध्ये शाळा बागवणीचे काम पूर्ण केले हाय ते सांगा हाय?,कोणत्या यादीमध्ये शाळा बागवणीचे काम पूर्ण केले आहे ते सांगा?,D4
"माझ्या नावाने ग्रामपंचायतीत घरकुलाच्या योजनेची यादी आली हाय का, म्हाजी नाव हाय का त्यात?","माझ्या नावाने ग्रामपंचायतीत घरकुल योजनेची यादी आली आहे का, माझे नाव आहे का त्यात?",D4
सर्वांच्या नावाची यादी सांगा काय कामे पोरग्यांनी करावी हाय?,सर्वांच्या नावाची यादी सांगा काय कामे मुलांनी करावी आही?,D4
"आधार कार्ड दुरुस्ती करायची हाय, सेतू केंद्र कुठे हाय?","आधार कार्ड दुरुस्ती करायची आहे, सेतू केंद्र कुठे आहे?",D4
माझ्या माथून सांगा काय कामे ग्रामसेवकाला करावी हाय त्याचे पायजे काय?,माझ्या मधून सांगा काय कामे ग्रामसेवकाला करावी आही त्याचे पाहिजे काय?,D4
कोणत्या स्थळावर पर्यटकांना जाण्याची वाढीव किंमत हाय का ही माहिती द्या हाय?,कोणत्या स्थळावर पर्यटकांना जाण्याची वाढीव किंमत आहे का ही माहिती द्या?,D4
माझ्या कायले कोणत्या यादीमध्ये शाळा बागवणीचे काम पूर्ण केले हाय?,माझ्या कशामुळे कोणत्या यादीमध्ये शाळा बागवणीचे काम पूर्ण केले आहे?,D4
"सर्वांना काय काय कामे करावी हाय त्याची माहिती द्या हाय, ग्रामपंचायतीचे वेळ हाय काय?",सर्वांना काय काय कामे करावी आही त्याची माहिती द्या ग्रामपंचायतीचे वेळ काय आहे?,D4
"कोणत्या यादीमध्ये शाळा बागवणीचे काम पूर्ण केले हाय, म्हाजे नाव हाय का त्यात?",कोणत्या यादीमध्ये शाळा बागवणीचे काम पूर्ण केले आहे माझे नाव आहे का त्यात?,D4
"माझ्या पोरग्याला गावातील रस्त्यांच्या सुधारणेची यादी पाहिजे हाय, काय काय कामे करायची हाय?",माझ्या मुलाला गावातील रस्त्यांच्या सुधारणेची यादी पाहिजे आहे काय काय कामे करावी आही?,D4
"ग्रामपंचायतीच्या शाळांचे शिक्षकांचे नाव हाय का, तुमाले शाळेत जावे लागले का?","ग्रामपंचायतीच्या शाळांचे शिक्षकांचे नाव आहे का, तुम्हाला शाळेत जावे लागते का?",D4
"पाण्याचे पुरवठा करणारे पंप कुठल्या कंपनीचे हाय, त्यांचे नाव पोरगा कळते का?","पाण्याचे पुरवठा करणारे पंप कुठल्या कंपनीचे आहे, त्यांचे नाव मुलगा कळते का?",D4
"ग्रामपंचायतींच्या कार्यालयातील कर्मचाऱ्यांचे नाव हाय का, त्यांनी म्हाजे काम चालविले का?","ग्रामपंचायतींच्या कार्यालयातील कर्मचाऱ्यांचे नाव आहे का, त्यांनी माझे काम चालविले का?",D4
"मला विद्युत पुरवठा होण्याची वाट पाहते हाय, कुठे जावे लागेल का?","माझ्याकडे विद्युत पुरवठा होण्याची वाट बघते आहे, कुठे जावे लागते का?",D4
"गरिबी रोखण्यासाठी आहती योजना कुठे तुमाले बघितली हाय का, ती कशावर अवलंबून आहे का?","गरिबी रोखण्यासाठी आहती योजना कुठे तुम्हाला बघितली आहे का, ती कशावर अवलंबून आहे का?",D4
"म्हाज्या घरात पाणी पुरवठा होण्याची वेळ हाय का, ते कशाला होणार का?","माझ्या घरात पाणी पुरवठा होण्याची वेळ आहे का, ते कशाला होणार का?",D4
"ग्रामपंचायतींच्या कर्मचाऱ्यांनी कोणत्या योजनांना कार्यान्वित केले हाय का, त्यांचे नाव तुमाले कळले का?","ग्रामपंचायतींच्या कर्मचाऱ्यांनी कोणत्या योजनांना कार्यान्वित केले आहे का, त्यांचे नाव तुम्हाला कळले का?",D4
"आधार कार्ड दुरुस्ती करायची हाय, मला कोणते कागदपत्रे द्यावी लागतील का?","आधार कार्ड दुरुस्ती करायची आहे, माझ्याकडे कोणते कागदपत्रे द्यावी लागतील का?",D4
"तुमाले पोलीस स्टेशनची माहिती कशी आहे हाय, त्याच्या पत्त्यात कोणता क्रियाकलाप होतो का?","तुम्हाला पोलीस स्टेशनची माहिती कशी आहे आहे का, त्याच्या पत्त्यात कोणता क्रियाकलाप होतो का?",D4
"म्हाज्या गावातील रस्त्यांची किंमत कोणती हाय, त्यासाठी कशी पैसे द्यावी लागतील का?","माझ्या गावातील रस्त्यांची किंमत कोणती आहे हाय, त्यासाठी कशी पैसे द्यावी लागतील का?",D4
"ग्रामपंचायतींचे मंडळाध्यक्षाचे नाव हाय का, त्यांनी कोणत्या योजनांचा शुभारंभ केला हाय का?","ग्रामपंचायतींचे मंडळाध्यक्षाचे नाव आहे का, त्यांनी कोणत्या योजनांचा शुभारंभ केला आहे का?",D4
"कृषी योजनेच्या पात्र व्यक्तींच्या नावाची यादी घरकुलाला देणे हाय, शासन कोणकडे हाय?","कृषी योजनेच्या पात्र व्यक्तींच्या नावाची यादी घरकुलाला देणे आहे, शासन कोणकडे आहे?",D4
"ग्रामपंचायतीच्या सर्व कर्तव्ये कोणाला बतावयाच्या हाय, यंत्री कोणता हाय त्या?","ग्रामपंचायतीच्या सर्व कर्तव्ये कोणाला बतावयास आहेत, यंत्री कोणता आहे त्या?",D4
"सांगली जिल्ह्यातील माझे नाव प्रमाणित करून पात्र होईल का तुमाले, नांदेड जिल्हा परिषद कुठे हाय?","सांगली जिल्ह्यातील माझे नाव प्रमाणित करून प्रमाणित होईल का तुम्हाला, नांदेड जिल्हा परिषद कुठे आहे?",D4
"स्थायी अधिवेशनाची माहिती माझ्या नमुन्या फोनवर येणे हाय, शासकीय अधिकारी कोणता हाय त्याचा?","स्थायी अधिवेशनाची माहिती माझ्या नमुन्या फोनवर येणे आहे, शासकीय अधिकारी कोणता आहे त्याचा?",D4
"ग्रामसेवकांना कशामुळे वेतनाची कोणती यादी घरकुलाला देणे हाय, वेतन मिळविण्यासाठी हाय काय तुमाले?","ग्रामसेवकांना कशामुळे वेतनाची कोणती यादी घरकुलाला देणे आहे, वेतन मिळविण्यासाठी काय तुम्हाला?",D4
"नगरपालिकेच्या सार्वजनिक स्वच्छता कार्यालयाची माहिती माझ्या नमुन्या फोनवर येणे हाय, स्वच्छता अधिकारी कोणता हाय त्याचा?","नगरपालिकेच्या सार्वजनिक स्वच्छता कार्यालयाची माहिती माझ्या नमुन्या फोनवर येणे आहे, स्वच्छता अधिकारी कोणता आहे त्याचा?",D4
"निवडणुकीचे पात्र होईपर्यंत माझे नाव प्रमाणित करून पात्र होईल का तुमाले, शासकीय अधिकारी कोणता हाय त्याचा?","निवडणुकीचे पात्र होईपर्यंत माझे नाव प्रमाणित करून प्रमाणित होईल का तुम्हाले, शासकीय अधिकारी कोणता आहे त्याचा?",D4
"ग्राम प्रजाप्रेमी यांच्या वारंवार भेटी घरकुलाला येणे हाय, मुख्य शासकीय अधिकारी कोणता हाय त्याचा?","ग्राम प्रजाप्रेमी यांच्या वारंवार भेटी घरकुलाला येणे आहे, मुख्य शासकीय अधिकारी कोणता आहे त्याचा?",D4
"नागरी दुरुस्तीची माहिती माझ्या नमुन्या फोनवर येणे हाय, सामाजिक न्याय अधिकारी कोणता हाय त्याचा?","नागरी दुरुस्तीची माहिती माझ्या नमुन्या फोनवर येणे आहे, सामाजिक न्याय अधिकारी कोणता आहे त्याचा?",D4
"तुम्ही कोणत्या जिल्ह्यात राहतात, तुम्हाला हाय काय प्रमाणित होईल तुमाले?","तुम्ही कोणत्या जिल्ह्यात राहतात, तुम्हाला काय प्रमाणित होईल तुम्हाला?",D4
"स्थायी अधिवेशनाची माहिती घरकुलाला देणे हाय, शासकीय अधिकारी कोणता हाय त्याचा?","स्थायी अधिवेशनाची माहिती घरकुलाला देणे आहे, शासकीय अधिकारी कोणता आहे त्याचा?",D4
तुमाले कोणते मोबाईल फोन नंबर पुरवण्याची प्रक्रिया करवतत?,तुम्हाला कोणते मोबाईल फोन नंबर पुरवण्याची प्रक्रिया करून घेतात?,D4
"हाय लॉटरी कार्ड सोडवले का, तुमाले सगळे नंबर म्हाले काय?","आहे लॉटरी कार्ड सोडवले आहे, तुम्हाला सगळे नंबर मला काय आहेत?",D4
"कायले गावाच्या रस्त्यावर किती क्रॉसिंग आहेत, पोरग्यांना शाळेत जायला कसे जावे लागते?","कशामुळे गावाच्या रस्त्यावर किती क्रॉसिंग आहेत, मुलांना शाळेत जायला कसे जावे लागते?",D4
"हाय घरकुलाची फीस किती पुरती आहे, म्हाले काय?","आहे घरकुलाची फीस किती पुरती आहे, मला काय आहे?",D4
"तुमाले हाय बायोमेट्रिक डेटा अपडेट करवतात का, सेटू केंद्र हाय कुठे?","तुम्हाला हाय बायोमेट्रिक डेटा अपडेट करून घेतात का, सेतू केंद्र कुठे आहे?",D4
म्हाजी वीज बिल पुरवण्याची तारीख म्हाले काय?,माझी वीज बिल पुरवण्याची तारीख मला काय आहे?,D4
हाय तुमाले कोणता क्रेडिट कार्ड पुरवला आहे?,आहे तुम्हाला कोणता क्रेडिट कार्ड पुरवला आहे?,D4
"कायले गावात खूप जागे पायजे की, पोरग्यांना ग्रामपंचायतीत कसे जावे पाहिजे?","कशामुळे गावात खूप जागे पाहिजे आहेत, मुलांना ग्रामपंचायतीत कसे जावे पाहिजे?",D4
हाय तुमाले हाय UPI पेमेंट करवतात का?,आहे तुम्हाला हाय UPI पेमेंट करून घेतात का?,D4
म्हाजे घरात कोणता बायोमेट्रिक डिव्हाइस इंस्टॉल करवतात का?,माझे घरात कोणता बायोमेट्रिक डिव्हाइस इंस्टॉल करून घेतात का?,D4
"ग्रामपंचायतीत घरकुलाच्या योजनेची यादी आली हाय का, म्हाजे नाव हाय का त्यात?","ग्रामपंचायतीत घरकुल योजनेची यादी आली आहे का, माझे नाव आहे का त्यात?",D4
"आधार कार्ड दुरुस्ती करायची हाय, सेतू केंद्र कुठे हाय?","आधार कार्ड दुरुस्ती करायची आहे, सेतू केंद्र कुठे आहे?",D4
"म्हाजे नाव पोलीस स्टेशनच्या सीसीटीव्ही यादीत आहे का, पायजे ते साचवायला हाय?","माझे नाव पोलीस स्टेशनच्या सीसीटीव्ही यादीत आहे का, पाहिजे ते साचवायला आहे?",D4
ग्रामपंचायतीला कोणती कामे पोरग्याच्या हाती दिली आहेत हाय?,ग्रामपंचायतीला कोणती कामे मुलग्यांच्या हाती दिली आहेत आहे?,D4
"म्हाजे पासबुक कुठे मिळणार हाय, पायजे ते नेहमी देतात का?","माझा पासबुक कुठे मिळणार आहे का, पाहिजे ते नेहमी देतात का?",D4
ग्रामपंचायतीतील कर्मचाऱ्यांच्या वेतनाची अहवाल कोणी देईल हाय?,ग्रामपंचायतीतील कर्मचाऱ्यांच्या वेतनाची अहवाल कोणी देईल आहे?,D4
"राशन कार्ड म्हाजे नावाला कुठे मिळणार हाय, तुमाले कशामुळे देत नाही हाय?","राशन कार्ड माझ्या नावाला कुठे मिळणार आहे का, तुम्हाला कशामुळे देत नाही आहे?",D4
आधार कार्ड म्हाज्या नावाला कोणत्या केंद्रात दिला जाईल हाय?,आधार कार्ड माझ्या नावाला कोणत्या केंद्रात दिला जाईल आहे?,D4
"ग्रामपंचायतीला कोणत्या योजनेची यादी आली हाय, पायजे ती कुठे दाखवायची हाय?","ग्रामपंचायतीला कोणत्या योजनेची यादी आली आहे का, पाहिजे ती कुठे दाखवायला आहे?",D4
"विद्युत कनेक्शन विनंती करायची हाय, म्हाजे नाव हाय का त्यात?","विद्युत कनेक्शन विनंती करायची आहे, माझे नाव आहे का त्यात?",D4
ग्रामपंचायती सार्वजनिक शाळेत मुलगा पोरगा नांवाच्या विद्यार्थ्याला प्रमाणपत्र द्यायची हाय?,ग्रामपंचायती सार्वजनिक शाळेत मुलगा नांवाच्या विद्यार्थ्याला प्रमाणपत्र द्यायची आहे?,D4
"कंत्राट मागणी सुरु करायची हाय, कर्तव्य विहित करण्याची प्रक्रिया काय हाय?","कंत्राट मागणी सुरु करायची आहे, कर्तव्य विहित करण्याची प्रक्रिया काय आहे?",D4
"ग्रामपंचायतीच्या कार्यकारी समितीने कार्यक्रम अधिकृत केला पाहिजे, कायले हे नवीन कोणते प्रकल्प हाय?","ग्रामपंचायतीच्या कार्यकारी समितीने कार्यक्रम अधिकृत केला पाहिजे, कशामुळे हे नवीन कोणते प्रकल्प आहे?",D4
"मला तुमाले घरकल्या शेल्या यादी द्यावी, हाय पाहिजे का द्यायची?","मला तुम्हाला घरकल्या शेल्या यादी द्यावी, पाहिजे का द्यायची?",D4
राज्य शासनाच्या सर्व सेवांना पोरगा नांवाचा आयपी अॅड्रेस म्हाले लावला पाहिजे हाय?,राज्य शासनाच्या सर्व सेवांना नांवाचा आयपी अॅड्रेस मला लावला पाहिजे आहे?,D4
"पायजे सार्वजनिक शाळेत शाळा शाळेची स्वातंत्र्याची शिकवण करायची हाय, म्हाजी वाढदिवसाच्या दिवशी","पाहिजे सार्वजनिक शाळेत शाळा शाळेची स्वातंत्र्याची शिकवण करायची आहे, माझी वाढदिवसाच्या दिवशी",D4
"तुमाले ग्रामपंचायतीच्या तळ्यातील धवल कचरा साफ करायचा, हाय कायले हे प्रकल्प","तुम्हाला ग्रामपंचायतीच्या तळ्यातील धवल कचरा साफ करायचा, कशामुळे हे प्रकल्प?",D4
"स्थानिक शाळेच्या बांधकामासाठी म्हाजे नावाच्या विद्यार्थ्याला योग्य प्रमाणपत्र द्यायची हाय, करवतत प्रक्रिया काय हाय?","स्थानिक शाळेच्या बांधकामासाठी माझे नावाच्या विद्यार्थ्याला योग्य प्रमाणपत्र द्यायची आहे, करून घेतात प्रक्रिया काय आहे?",D4
"पोलीस स्टेशनच्या नेमक्या पत्तीची माहिती तुमाले मिळते की, म्हाजी नाव तुमाले तिथे सांगायचे पायजे?","पोलीस स्टेशनच्या नेमक्या पत्तीची माहिती तुम्हाला मिळते की, माझे नाव तुम्हाला तिथे सांगावे पाहिजे?",D4
"पाणी पुरवठा हाती आला नाही, कायले कोणाचा कामचा हाय?","पाणी पुरवठा हाती आला नाही, कशामुळे कोणाचा कामचा आहे?",D4
"ग्रामपंचायतीत घरकुलाच्या योजनेची यादी आली हाय, म्हाजी नाव हाय का त्यात?","ग्रामपंचायतीत घरकुल योजनेची यादी आली आहे, माझे नाव आहे का त्यात?",D4
"आधार कार्ड दुरुस्ती करायची हाय, म्हाले सेतू केंद्र कुठे हाय?","आधार कार्ड दुरुस्ती करायची आहे, मला सेतू केंद्र कुठे आहे?",D4
"नागरिक प्रमाणपत्र मिळवायची हाय, म्हाजी नाव मिळणार का हाय?","नागरिक प्रमाणपत्र मिळवायची आहे, माझे नाव मिळणार का आहे?",D4
"विद्युत वितरण चालू नाही, कायले कोणाचा कामचा हाय?","विद्युत वितरण चालू नाही, कशामुळे कोणाचा कामचा आहे?",D4
"जमीनदारी नोंदणी करायची हाय, तुमाले कोणत्या कार्यालयात जावे हाय?","जमीनदारी नोंदणी करायची आहे, तुम्हाला कोणत्या कार्यालयात जावे पाहिजे?",D4
"पाण्याच्या टपकमध्ये गडबडी होती हाय, त्या पायजे कोणच हाय?","पाण्याच्या टपकमध्ये गडबडी होती आहे, त्या पाहिजे कोणचा आहे?",D4
सामान्य नागरिकांच्या शिक्षणासाठी म्हाले किती पैसे मिळतात हाय?,सामान्य नागरिकांच्या शिक्षणासाठी मला किती पैसे मिळतात आहेत?,D4
"विद्युत बिल भरावे हाय, हाय करवतत त्याचा शुल्क किती हाय?","विद्युत बिल भरावे आहे, करून घेतात त्याचा शुल्क किती आहे?",D4
"पोलिस स्टेशनची माहिती काय पोरगा, तुमाले पोलिस स्टेशन कुठे आहे, मले काय विचारे पाहिजे?","पोलिस स्टेशनची माहिती काय, तुम्हाला पोलिस स्टेशन कुठे आहे, मला काय विचारे पाहिजे?",D4
"पासपोर्ट कार्डची नवीन कार्ड तयार होऊ द्यावी, मले काय करवतत, व्हीजाची काय प्रक्रिया आहे?","पासपोर्ट कार्डची नवीन कार्ड तयार होऊ द्यावी, मला काय करून घेतात, व्हीजाची काय प्रक्रिया आहे?",D4
"ग्रामपंचायतीत घरकुल योजनेची यादी म्हाजे नाव हाय का, हाय का त्यात, म्हाले काय करायचे हाय?","ग्रामपंचायतीत घरकुल योजनेची यादी माझे नाव आहे का, आहे का त्यात, मला काय करायचे आहे?",D4
"कोणतीही कार्यक्रम काय हाय, तुमाले काय करत असता, म्हाजे पोरगा काय करतो?","कोणतीही कार्यक्रम आहे का, तुम्हाला काय करत असता, माझे मुलगा काय करतो?",D4
"पोलीस स्टेशनची वेळ म्हाले काय, काय वेळी जावे पोरगा, तुमाले काय सांगतात?","पोलीस स्टेशनची वेळ मला काय आहे, काय वेळी जावे मुलगा, तुम्हाला काय सांगतात?",D4
"नागरिक पुस्तक हाय, तुमाले नागरिक पुस्तक म्हाजे पोरगा काय करतो, कायले हाय?","नागरिक पुस्तक आहे, तुम्हाला नागरिक पुस्तक माझे मुलगा काय करतो, कशामुळे आहे?",D4
"व्हीजा कार्ड म्हाले काय, तुमाले व्हीजा कार्ड कुठे द्यावे, पोरगा काय करायचे हाय?","व्हीजा कार्ड मला काय आहे, तुम्हाला व्हीजा कार्ड कुठे द्यावे, मुलगा काय करायचे आहे?",D4
"पोलीस स्टेशनची माहिती काय पोरगा, तुमाले पोलीस स्टेशन कुठे आहे, हाय काय विचारे पाहिजे?","पोलीस स्टेशनची माहिती काय, तुम्हाला पोलीस स्टेशन कुठे आहे, आहे काय विचारे पाहिजे?",D4
"नागरिक पुस्तक हाय, तुमाले नागरिक पुस्तक म्हाजे पोरगा काय करतो, पायजे हाय?","नागरिक पुस्तक आहे, तुम्हाला नागरिक पुस्तक माझे मुलगा काय करतो, पाहिजे आहे?",D4
"पासपोर्ट कार्ड म्हाले काय, तुमाले पासपोर्ट कार्ड कुठे द्यावे, हाय काय करायचे हाय?","पासपोर्ट कार्ड मला काय आहे, तुम्हाला पासपोर्ट कार्ड कुठे द्यावे, आहे काय करायचे आहे?",D4
"पोलीस स्टेशनची वेळ म्हाले काय, काय वेळी जावे पोरगा, तुमाले हाय काय सांगतात?","पोलीस स्टेशनची वेळ मला काय आहे, काय वेळी जावे मुलगा, आहे काय सांगतात?",D4
"शाळेतील शाळा शाळेची विहीर पायजे आहे काय, म्हाजे शाळा शाळेची विहीर पायजे का आहे?","शाळेतील शाळा शाळेची विहीर पाहिजे काय, माझी शाळा शाळेची विहीर पाहिजे का आहे?",D4
"ग्रामपंचायतीत पाणी पुरवठा दुरुस्ती करायची हाय, कुणाला काय हाय?","ग्रामपंचायतीत पाणी पुरवठा दुरुस्ती करायची आहे, कुणाला काय आहे?",D4
"शहरातील पार्कमध्ये काय काय आहे हाय, तुमाले पार्कमध्ये काय पाहिजे?","शहरातील पार्कमध्ये काय काय आहे, तुम्हाला पार्कमध्ये काय पाहिजे?",D4
"नागरिकांना क्रेडिट कार्ड देण्यासाठी म्हाजे काय काय हाय, काय कायले हे कार्ड देण्यात?","नागरिकांना क्रेडिट कार्ड देण्यासाठी माझे काय काय आहे, कशामुळे हे कार्ड देण्यात येते?",D4
"ग्रामपंचायतीत घरकुलाची यादी पोरग्यांसाठी काय काय हाय, म्हाजे नाव हाय काय त्यात?","ग्रामपंचायतीत घरकुल योजनेची यादी मुलांसाठी काय काय आहे, माझे नाव आहे का त्यात?",D4
"शहरातील रस्त्यांच्या पायऱ्यांची जोडी करायची हाय, पायजे काय हाय?","शहरातील रस्त्यांच्या पायऱ्यांची जोडी करायची आहे, पाहिजे काय आहे?",D4
"ग्रामपंचायतीत नागरिकांना व्हिडीओ कॅमेरा देण्यासाठी म्हाजे काय काय हाय, काय कायले हे कॅमेरा देण्यात?","ग्रामपंचायतीत नागरिकांना व्हिडीओ कॅमेरा देण्यासाठी माझे काय काय आहे, कशामुळे हे कॅमेरा देण्यात येते?",D4
"शाळेतील शाळा शाळेचे खाली विहीर पायजे आहे काय, म्हाजे शाळा शाळेचे खाली विहीर पायजे का आहे?","शाळेतील शाळा शाळेचे खाली विहीर पाहिजे काय, माझी शाळा शाळेचे खाली विहीर पाहिजे का आहे?",D4
"ग्रामपंचायतीत घरकुलाची यादी पोरग्यांसाठी करवतत हे नाव काय हाय, म्हाजे नाव हाय काय त्यात?","ग्रामपंचायतीत घरकुल योजनेची यादी मुलांसाठी करून घेतात हे नाव काय आहे, माझे नाव आहे का त्यात?",D4
"शहरातील पार्कमध्ये पोरग्यांसाठी काय काय आहे हाय, तुमाले पार्कमध्ये काय पाहिजे?","शहरातील पार्कमध्ये मुलांसाठी काय काय आहे, तुम्हाला पार्कमध्ये काय पाहिजे?",D4
नागरिक शिक्षण शाळेत जाताना कोणत्या दिनांनी प्रवेश द्यायचा हाय?,नागरिक शिक्षण शाळेत जाताना कोणत्या दिनांनी प्रवेश द्यावा हाय?,D4
ग्रामपंचायतीत नागरिक शिक्षण शाळा खात्याचे कार्यकर्ते कोण हाय?,ग्रामपंचायतीत नागरिक शिक्षण शाळा खात्याचे कार्यकर्ते कोण आहेत?,D4
अभयारण्यात नागरिकांना कोणत्या दिनांनी परती येण्याची परवानगी द्यायची हाय?,अभयारण्यात नागरिकांना कोणत्या दिनांनी परती येण्याची परवानगी द्यावी हाय?,D4
नगरपालिकेच्या सार्वजनिक पुस्तकालयात पुस्तके कोणत्या दिनांनी उघडतात हाय?,नगरपालिकेच्या सार्वजनिक पुस्तकालयात पुस्तके कोणत्या दिनांनी उघडतात आहेत हाय?,D4
नागरी सेवा केंद्रात सेवा शुल्क कोणत्या दिनांनी भरावी हाय?,नागरी सेवा केंद्रात सेवा शुल्क कोणत्या दिनांनी भरावा हाय?,D4
नगरपालिकेच्या स्वच्छता विभागाचे कार्यकर्ते कोण हाय कायले?,नगरपालिकेच्या स्वच्छता विभागाचे कार्यकर्ते कोण आहेत कशामुळे?,D4
ग्रामपंचायतीत नागरिकांना पेयजल वितरणाची यादी आली हाय काय?,ग्रामपंचायतीत नागरिकांना पेयजल वितरणाची यादी आली आहे काय?,D4
नागरी शिक्षण शाळेत शाळेच्या नाममात्रा प्रमाणपत्राची शुल्क कोणत्या दिनांनी भरावी हाय?,नागरी शिक्षण शाळेत शाळेच्या नाममात्रा प्रमाणपत्राची शुल्क कोणत्या दिनांनी भरावी हाय?,D4
नगरपालिकेच्या सार्वजनिक वाहतूक विभागात बसची जागा कोणत्या दिनांनी उपलब्ध होते हाय?,नगरपालिकेच्या सार्वजनिक वाहतूक विभागात बसची जागा कोणत्या दिनांनी उपलब्ध होते आहे हाय?,D4
ग्रामपंचायतीच्या नागरिक शिक्षण शाळा खात्याचे प्रमुख कोण हाय?,ग्रामपंचायतीच्या नागरिक शिक्षण शाळा खात्याचे प्रमुख कोण आहे?,D4
"नागरिक शाळेत योग्य शाळेचे शिक्षण म्हाले पाहिजे का, स्वतःचे विद्यार्थी काय नावी?","नागरिक शाळेत योग्य शाळेचे शिक्षण मला पाहिजे का, स्वतःचे विद्यार्थी काय नावी?",D4
"सार्वजनिक ठिकाणी बायोमेट्रिक मशीन चालू हाय, म्हाजी विचार काय करावा हाय?","सार्वजनिक ठिकाणी बायोमेट्रिक मशीन चालू आहे, माझी विचार काय करावी आहे?",D4
"पोलीस स्टेशन कुठे हाय, म्हाले सांगा हाय काय नावी?","पोलीस स्टेशन कुठे आहे, मला सांगा काय नावी?",D4
"प्राथमिक शाळेत शिक्षकांची परीक्षा करायची हाय, तुमाले जाणार कुठे हाय?","प्राथमिक शाळेत शिक्षकांची परीक्षा करायची आहे, तुम्हाला जाणार कुठे आहे?",D4
"कृषि शेतकऱ्यांसाठी प्रत्यक्षातील मदत म्हाजे पोरगा पाला हाय का, करमती कुठे हाय?","कृषि शेतकऱ्यांसाठी प्रत्यक्षातील मदत मला मुलगा पाला आहे का, करमती कुठे आहे?",D4
"आधार कार्ड पंजीकरण प्रक्रिया कोणी चालवते हाय, म्हाले माहिती हाय काय?","आधार कार्ड पंजीकरण प्रक्रिया कोणी चालवते आहे, मला माहिती आहे काय?",D4
"स्मार्ट सिटी प्रकल्प कुठे पूर्ण होणार हाय, तुमाले जाणार कुठे पाहिजे हाय?","स्मार्ट सिटी प्रकल्प कुठे पूर्ण होणार आहे, तुम्हाला जाणार कुठे पाहिजे आहे?",D4
"पशुपालन विभागाच्या योजनेची यादी म्हाजे माथून आली हाय का, यादी कोणी देतात हाय?","पशुपालन विभागाच्या योजनेची यादी मला मधून आली आहे का, यादी कोणी देतात आहे?",D4
"प्रत्येकी मोठ्या संस्थांना शाळांच्या प्रशासकीय कार्ये हाय, तुमाले कोणत्या प्रशासकीय कार्यांमध्ये जाणार हाय?","प्रत्येकी मोठ्या संस्थांना शाळांच्या प्रशासकीय कार्ये आहेत, तुम्हाले कोणत्या प्रशासकीय कार्यांमध्ये जाणार आहे?",D4
"ग्रामपंचायतींच्या सार्वजनिक शाळांसाठी प्रत्यक्षातील मदत म्हाजे पोरगा पाला हाय का, कोणी देतात हाय?","ग्रामपंचायतींच्या सार्वजनिक शाळांसाठी प्रत्यक्षातील मदत मला मुलगा पाला आहे का, कोणी देतात आहे?",D4
"ग्रामपंचायतीत घरकुलाच्या योजनेची यादी आली हाय का, म्हाजी नाव हाय का त्यात?","ग्रामपंचायतीत घरकुल योजनेची यादी आली आहे का, माझे नाव आहे का त्यात?",D4
"आधार कार्ड दुरुस्ती करायची हाय, सेतू केंद्र कुठे हाय?","आधार कार्ड दुरुस्ती करायची आहे, सेतू केंद्र कुठे आहे?",D4
ग्राम सेवकांचे मोठ्या शहरी पायजे काय पोरगा करवतत हाय?,ग्राम सेवकांचे मोठ्या शहरी पाहिजे काय मुलगा करून घेतात हे?,D4
नागरिकांचे सांख्यिकी डेटा कोणते दाते त्याची जाणीव कायले हाय?,नागरिकांचे सांख्यिकी डेटा कोणते दाते त्याची जाणीव कशामुळे आहे?,D4
"नागरिकांनी त्यांच्या संबंधित प्रमाणपत्रांची नोंदणी करायची हाय, कसे पायजे?","नागरिकांनी त्यांच्या संबंधित प्रमाणपत्रांची नोंदणी करायची आहे, कसे पाहिजे?",D4
"कोणत्या कार्यक्रमांची जाहिराती हाय, त्या कार्यक्रमांचा हाय का वेळापत्रक?","कोणत्या कार्यक्रमांची जाहिराती आहे, त्या कार्यक्रमांचा का वेळापत्रक आहे?",D4
"प्राथमिक शाळांचा कार्यालयीन वेळापत्रक काय हाय, तिथे कुणी म्हाजे काम करवतत?","प्राथमिक शाळांचा कार्यालयीन वेळापत्रक काय आहे, तिथे कुणी माझे काम करून घेतात?",D4
"नागरिकांचे शिक्षण प्रमाणपत्र तपासणी कशा करतात हाय, कोणते जिल्हा प्रशासकीय अधिकारी कोणत्या कार्यालयात हाय?","नागरिकांचे शिक्षण प्रमाणपत्र तपासणी कशा करतात आहे, कोणते जिल्हा प्रशासकीय अधिकारी कोणत्या कार्यालयात आहे?",D4
"ग्रामपंचायतीत कोणत्या योजनांच्या मंजूरी हाय, कोणत्या मूल्यांचे कायदे कोणत्या कार्यालयात हाय?","ग्रामपंचायतीत कोणत्या योजनांच्या मंजूरी आहे, कोणत्या मूल्यांचे कायदे कोणत्या कार्यालयात आहे?",D4
"शाळांचे निवड प्रक्रिया म्हाजे काय, निवडलेल्या शाळांची हाय का जाहिराती?","शाळांचे निवड प्रक्रिया काय आहे, निवडलेल्या शाळांची जाहिराती का आहे?",D4
कोणत्या शाळांना हाय का त्यांच्या संपूर्ण वेळापत्रकाचा पायजे आहे?,कोणत्या शाळांना का त्यांच्या संपूर्ण वेळापत्रकाचा पाहिजा आहे?,D4
"ग्रामपंचायतीत घरकुलाच्या योजनेची यादी आली हाय का, म्हाजे नाव हाय का त्यात?","ग्रामपंचायतीत घरकुल योजनेची यादी आली आहे का, माझे नाव आहे का त्यात?",D4
"आधार कार्ड दुरुस्ती करायची हाय, सेतू केंद्र कुठे हाय?","आधार कार्ड दुरुस्ती करायची आहे, सेतू केंद्र कुठे आहे?",D4
राष्ट्रीय कर्मचारी पेंशन स्कीम (NPS) मध्ये योगदानाचे प्रमाण काय हाय?,राष्ट्रीय कर्मचारी पेंशन स्कीम (NPS) मध्ये योगदानाचे प्रमाण काय आहे?,D4
पोलीस स्टेशनच्या पासून माझ्या घरी किती अंतर हाय?,पोलीस स्टेशनच्या पासून माझ्या घरी किती अंतर आहे?,D4
नागरिक विकास अंशदायी योजनेची (CLSS) मालकच्या नावावर कसे करायचे हाय?,नागरिक विकास अंशदायी योजनेची (CLSS) मालकच्या नावावर कसे करावे हे कसे कळणार?,D4
कोणत्या ठिकाणी सामान्य नागरिकांना स्वातंत्र्याच्या दिनाचे प्रमाणित प्रमाणपत्र मिळवायचे हाय?,कोणत्या ठिकाणी सामान्य नागरिकांना स्वातंत्र्याच्या दिनाचे प्रमाणित प्रमाणपत्र मिळवायचे आहे?,D4
ग्रामपंचायतीची बैठक किती वेळा वर्षात भरते हाय?,ग्रामपंचायतीची बैठक किती वेळा वर्षात भरते आहे?,D4
नागरिकांना कुठून वृद्ध मुलांच्या सांभाळासाठी मदत मिळवायची हाय?,नागरिकांना कुठून वृद्ध मुलांच्या सांभाळासाठी मदत मिळवायची आहे?,D4
गरीब नागरिकांना घरकुलाच्या योजने कसे मिळवायचे हाय?,गरीब नागरिकांना घरकुलाच्या योजने कसे मिळवायची आहे?,D4
रोख रकमेची व्याज दर काय हाय?,रोख रकमेची व्याज दर काय आहे?,D4
"राज्य शासनाचे शाळा पात्र असलेल्या पोरगांची नावे सांगतात, तुमाले हाय काय तारीखी?","राज्य शासनाचे शाळा पात्र असलेल्या मुलांची नावे सांगतात, तुम्हाला काय तारीखी आहे?",D4
"ग्रामसेवक हाय, घरकुल योजनेच्या अटींची माहिती द्या म्हाजें.","ग्रामसेवक आहे, घरकुल योजनेच्या अटींची माहिती द्या माझे.",D4
नागरिकांना पासपोर्ट कार्ड प्राप्त करायचे हाय काय तुमाले पासपोर्ट कार्ड पाहिजे?,नागरिकांना पासपोर्ट कार्ड प्राप्त करायचे आहे काय तुम्हाला पासपोर्ट कार्ड पाहिजे?,D4
"पोलीस स्टेशन हाय, पोरगांना पासपोर्ट कार्ड देण्याची अट काय आहे म्हाजे?","पोलीस स्टेशन आहे, मुलांना पासपोर्ट कार्ड देण्याची अट काय आहे माझे?",D4
"आयडी कार्ड प्राप्त करायची हाय, तुमाले योग्य नसल्यास काय करावे हाय?","आयडी कार्ड प्राप्त करायचे आहे, तुम्हाला योग्य नसल्यास काय करावे आहे?",D4
"कोपरा क्लबच्या निवडणुकीत नामांकित होण्यासाठी काय पाहिजे हाय, म्हाजें?","कोपरा क्लबच्या निवडणुकीत नामांकित होण्यासाठी काय पाहिजे आहे हे, माझे?",D4
"कामगिरीकर्त्यांच्या लाभांची यादी पाहिजे हाय, तुमाले कामगिरीकर्ते आहात काय?","कामगिरीकर्त्यांच्या लाभांची यादी पाहिजे आहे हे, तुम्हाले कामगिरीकर्ते आहात काय?",D4
"शासकीय शाळांमध्ये पोरगांच्या निवडणुकीसाठी काय प्रक्रिया फॉलो करावी हाय, तुमाले पोरगा आहात काय?","शासकीय शाळांमध्ये मुलांच्या निवडणुकीसाठी काय प्रक्रिया फॉलो करावी आहे हे, तुम्हाले मुला आहात काय?",D4
"राज्य शासनाच्या योजनांमध्ये पोरगांचे नाव सांगतात, तुमाले पोरगा आहात काय म्हाजें?","राज्य शासनाच्या योजनांमध्ये मुलांचे नाव सांगतात, तुम्हाले मुला आहात का माझे?",D4
"कोपरा प्राधिकरणाच्या कार्यालयात जाण्यासाठी काय पाहिजे हाय, म्हाजें?","कोपरा प्राधिकरणाच्या कार्यालयात जाण्यासाठी काय पाहिजे आहे हे, माझे?",D4
"ग्रामसेवक हयात नाही का, तुमाले काय काम करतात हयात?","ग्रामसेवक हाय नाही का, तुम्हाला काय काम करतात आहे?",D4
"संपत्ती पंजीकरणाची यादी मले पाहिजे हय, काय काम होत नाही का?","संपत्ती पंजीकरणाची यादी मला पाहिजे हे, काय काम होत नाही का?",D4
"म्हाजी नाव घरकुल यादीत नाही का, हाय कायले तुम्ही दाखवत नाही का?","माझे नाव घरकुल यादीत नाही का, हे कायले तुम्ही दाखवत नाही का?",D4
"आधार कार्ड कुठे प्रिंट होतो, पोरगा मले बोलतो का?","आधार कार्ड कुठे प्रिंट होतो, मुलगा मला बोलतो का?",D4
"सेतू केंद्रात तुमाले काय काम करतात हयात, तुमचा शिल्लक काय आहे हयात?","सेतू केंद्रात तुम्हाला काय काम करतात आहे, तुमचा शिल्लक काय आहे?",D4
"प्रॉपर्टी टैक्साची रक्कम मले पायजे आहे हय, कशामुळे मले द्यायला नको का?","प्रॉपर्टी टैक्साची रक्कम मला पाहिजे हे, कशामुळे मला द्यायला नको का?",D4
"कुणी नोकर काम करतो का, म्हाजी नाव हाय काय म्हणतात हय?","कुणी नोकर काम करतो का, माझे नाव हे काय म्हणतात हे?",D4
"सेटू केंद्रात आधार कार्ड दुरुस्ती करायची हय, मले पाहिजे काय हय?","सेटू केंद्रात आधार कार्ड दुरुस्ती करायची आहे, मला पाहिजे काय?",D4
"ग्रामपंचायतीत घरकुलाच्या योजनेची यादी आली हाय का, म्हाजे नाव हाय का त्यात?","ग्रामपंचायतीत घरकुल योजनेची यादी आली आहे का, माझे नाव आहे का त्यात?",D4
"कोणत्या नागरिकांना घरकुल योजना मिळते, त्यांची यादी म्हाजे कुठे हाय?","कोणत्या नागरिकांना घरकुल योजना मिळते, त्यांची यादी माझे कुठे आहे?",D4
"येथे दडपणाचे पायजे काय, तरी यात्रेकर्त्यांना विश्रांती मळे हाय?","येथे दडपणाचे पाहिजे काय, तरी यात्रेकर्त्यांना विश्रांती मला आहे हाय?",D4
"म्हाजे वाईने प्रशासनाने त्या बाजूला काय घेतले हाय का, मुलगा पाहिजे का त्याचे?","माझ्या वाईने प्रशासनाने त्या बाजूला काय घेतले आहे का, मुलगा पाहिजे का त्याचे?",D4
"ज्या क्षेत्रात स्वच्छता कार्यालय आहे, तेथे म्हाजे काय पाहिजे?","ज्या क्षेत्रात स्वच्छता कार्यालय आहे, तेथे माझे काय पाहिजे?",D4
"पोरगा कायले कि त्याने कोणत्या कागदपत्रांची प्रती घेतली हाय का, म्हाजे पाहिजे का त्याची?","मुलगा कायले कि त्याने कोणत्या कागदपत्रांची प्रती घेतली आहे का, माझे पाहिजे का त्याची?",D4
"काही नागरिकांना त्यांच्या घरात निवास प्रमाणपत्र मिळते, त्यांची यादी तुमाले कुठे हाय?","काही नागरिकांना त्यांच्या घरात निवास प्रमाणपत्र मिळते, त्यांची यादी तुम्हाला कुठे आहे?",D4
"ग्रामपंचायतीने कोणत्या कार्यालयांची यादी म्हाजे हाय, त्यांचे खाते काय पाहिजे?","ग्रामपंचायतीने कोणत्या कार्यालयांची यादी माझी आहे, त्यांचे खाते काय पाहिजे?",D4
"आधार कार्ड दुरुस्ती करायची हाय, त्यासाठी म्हाजे काय पाहिजे का, कोणत्या कागदपत्रांची प्रती?","आधार कार्ड दुरुस्ती करायची आहे, त्यासाठी माझे काय पाहिजे का, कोणत्या कागदपत्रांची प्रती?",D4
"म्हाजे वाईने ग्रामपंचायतीला कुठे प्रगती आहे, तरी काय घेतले हाय?","माझ्या वाईने ग्रामपंचायतीला कुठे प्रगती आहे, तरी काय घेतले आहे?",D4
"माझ्या घरकुलाच्या नावाचे विहिरीचे पाणी खायला येत नाही हाय, कायले हे कशामुळे?","माझ्या घरकुलाच्या नावाचे विहिरीचे पाणी खायला येत नाही आहे हाय, कायले हे कशामुळे?",D4
नागरी सेवेची शाळा म्हाल्या वाट्यासाठी किती दिवसांनी राहायला पायजे?,नागरी सेवेची शाळा मल्या वाट्यासाठी किती दिवसांनी राहायला पाहिजे?,D4
"आधार कार्ड म्हाज्या नावावर आहे काय तयाची तपासणी करावी हाय, तुमाल्या सेतू केंद्र कुठे हाय?","आधार कार्ड माझ्या नावावर आहे काय तयाची तपासणी करावी आहे, तुम्हाला सेतू केंद्र कुठे आहे?",D4
"माझ्या घरकळीला पाण्याची किंमत म्हाले पाहिजे काय, कायले हे कशामुळे?","माझ्या घरकळीला पाण्याची किंमत मले पाहिजे काय, कायले हे कशामुळे?",D4
"आधार कार्ड म्हाज्या नावावर आहे काय, तुमाल्या सेतू केंद्र कुठे हाय?","आधार कार्ड माझ्या नावावर आहे काय, तुम्हाला सेतू केंद्र कुठे आहे?",D4
"ग्रामपंचायतीत घरकुलाच्या योजनेची यादी आली हाय का, म्हाजे नाव हाय का त्यात?","ग्रामपंचायतीत घरकुल योजनेची यादी आली आहे का, माझे नाव आहे का त्यात?",D4
"माझ्या घरकळीला पाण्याची किंमत म्हाले पाहिजे काय, कायले हे कशामुळे?","माझ्या घरकळीला पाण्याची किंमत मले पाहिजे काय, कायले हे कशामुळे?",D4
"आधार कार्ड म्हाज्या नावावर आहे काय, तुमाल्या सेतू केंद्र कुठे हाय?","आधार कार्ड माझ्या नावावर आहे काय, तुम्हाला सेतू केंद्र कुठे आहे?",D4
नागरी सेवेची शाळा म्हाल्या वाट्यासाठी किती दिवसांनी राहायला पायजे?,नागरी सेवेची शाळा मल्या वाट्यासाठी किती दिवसांनी राहायला पाहिजे?,D4
"म्हाज्या घरकळीला पाण्याची किंमत म्हाले पाहिजे काय, कायले हे कशामुळे?","माझ्या घरकळीला पाण्याची किंमत मले पाहिजे काय, कायले हे कशामुळे?",D4
"ग्रामपंचायतीत घरकुलाच्या योजनेची यादी आली हाय का, म्हाजे नाव हाय का त्यात?","ग्रामपंचायतीत घरकुल योजनेची यादी आली आहे का, माझे नाव आहे का त्यात?",D4
ग्रामसेवकांच्या मानधनाची वेळा माथून काय हाय?,ग्रामसेवकांच्या मानधनाची वेळा मधून काय आहे?,D4
बाहेरील राज्यातून स्थायिक होण्यासाठी काय पोरगा पायजे हाय?,बाहेरील राज्यातून स्थायिक होण्यासाठी काय मुलगा पाहिजे आहे?,D4
"पाण्याची वितरण यंत्रणा हाय, काय तुमाले कायले हाय?","पाण्याची वितरण यंत्रणा आहे, काय तुम्हाला कशामुळे आहे?",D4
"ग्रामपंचायतीकरिता मागणी नोंदवायची हाय, कुठे हाय?","ग्रामपंचायतीकरिता मागणी नोंदवायची आहे, कुठे आहे?",D4
"आधार कार्ड दुरुस्ती करायची हाय, सेतू केंद्र म्हाले कुठे हाय?","आधार कार्ड दुरुस्ती करायची आहे, सेतू केंद्र मला कुठे आहे?",D4
नागरिकांना त्वरीत शिवायची शाळा काय पायजे हाय?,नागरिकांना त्वरीत शिवायची शाळा काय पाहिजे आहे?,D4
ग्रामपंचायतीच्या कार्यक्रमांची माहिती म्हाजी हाय काय?,ग्रामपंचायतीच्या कार्यक्रमांची माहिती माझी आहे काय?,D4
"सरकारी यंत्रणा सातत्याने हाय, म्हाले हाय काय?","सरकारी यंत्रणा सातत्याने आहे, मला आहे काय?",D4
निवडणूक प्रक्रिया शिकून घेण्यासाठी करवतत काय हाय?,निवडणूक प्रक्रिया शिकून घेण्यासाठी करून घेतात काय आहे?,D4
ग्रामपंचायतीकरिता मागणी नोंदवण्यासाठी म्हाजे काय हाय?,ग्रामपंचायतीकरिता मागणी नोंदवण्यासाठी माझे काय आहे?,D4
"जन्मतज्ज्ञांच्या नावाची यादी कायमची काही ठिकाणी पाहिजे हाय, म्हाले तुम्ही काय काय विचार करता?","जन्मतज्ज्ञांच्या नावाची यादी कायमची काही ठिकाणी पाहिजे आहे, मला तुम्ही काय काय विचार करता?",D4
"ग्रामस्थांसाठी सार्वजनिक शाळेचे शुल्क माफ करायचे हाय, तुमाले शाळेचे शिक्षण कशामुळे देता?","ग्रामस्थांसाठी सार्वजनिक शाळेचे शुल्क माफ करायचे आहे, तुम्हाला शाळेचे शिक्षण कशामुळे देता?",D4
"योग्य प्राधिकृती नसलेल्या शाळांचे नाव पोरग्यांना द्यायचे नाही, हाय, म्हाजे ते कुठे शाळांच्या नावांची यादी आहे?","योग्य प्राधिकृती नसलेल्या शाळांचे नाव पोरग्यांना द्यायचे नाही, आहे, माझे ते कुठे शाळांच्या नावांची यादी आहे?",D4
"स्थानिक नागरिकांच्या सार्वजनिक बांधकामासाठी पैसे मिळवायचे हाय, तुमाले काय काय पैसे मिळवतात हाय?","स्थानिक नागरिकांच्या सार्वजनिक बांधकामासाठी पैसे मिळवायचे आहे, तुम्हाले काय काय पैसे मिळवतात आहे?",D4
"स्थानिक शाळांमध्ये पुस्तके आणि उपकरणे देण्याच्या योजनेची यादी करायची हाय, तुमाले ते कुठे देता हाय?","स्थानिक शाळांमध्ये पुस्तके आणि उपकरणे देण्याच्या योजनेची यादी करायची आहे, तुम्हाले ते कुठे देत आहे?",D4
"ग्रामपंचायतीत घरकुल योजनेची यादी आली हाय, म्हाजे नाव हाय का त्यात?","ग्रामपंचायतीत घरकुल योजनेची यादी आली आहे, माझे नाव आहे का त्यात?",D4
"स्थानिक शिक्षकांना त्यांचे स्थानिक प्रशिक्षण देण्याच्या योजनेची यादी करायची हाय, तुमाले त्यांचे प्रशिक्षण कुठे देता हाय?","स्थानिक शिक्षकांना त्यांचे स्थानिक प्रशिक्षण देण्याच्या योजनेची यादी करायची आहे, तुम्हाले त्यांचे प्रशिक्षण कुठे देत आहे?",D4
"अधिकृत शाळांचे नाव पोरग्यांना द्यायचे नाही, हाय, म्हाजे ते कुठे शाळांच्या नावांची यादी आहे?","अधिकृत शाळांचे नाव पोरग्यांना द्यायचे नाही, आहे, माझे ते कुठे शाळांच्या नावांची यादी आहे?",D4
"स्थानिक मंडळाच्या सार्वजनिक प्रकल्पासाठी पैसे मिळवायचे हाय, तुमाले काय काय पैसे मिळवतात हाय?","स्थानिक मंडळाच्या सार्वजनिक प्रकल्पासाठी पैसे मिळवायचे आहे, तुम्हाले काय काय पैसे मिळवतात आहे?",D4
"ग्रामपंचायतीत घरकुलाच्या योजनेची यादी आली हाय, म्हाजे नाव हाय का त्यात?","ग्रामपंचायतीत घरकुल योजनेची यादी आली आहे, माझे नाव आहे का त्यात?",D4
"स्थानिक शाळांमध्ये पुस्तके आणि उपकरणे देण्याच्या योजनेची यादी करायची हाय, तुमाले ते कुठे देता हाय?","स्थानिक शाळांमध्ये पुस्तके आणि उपकरणे देण्याच्या योजनेची यादी करायची आहे, तुम्हाले ते कुठे देत आहे?",D4
"ग्रामपंचायतीची सभा हाय, तुमाले जाण्यास पायजे आहे का?","ग्रामपंचायतीची सभा आहे, तुम्हाला जाण्यास पाहिजे आहे का?",D4
"पाण्याचा पुरवठा क्रेडिट कार्डवर हाय, म्हाले कशी करावी?","पाण्याचा पुरवठा क्रेडिट कार्डवर आहे, मला कशी करावी?",D4
"सार्वजनिक शाळेचे प्रवेश प्रमाणपत्र मिळवायचे हाय, कायले कशी मिळणार?","सार्वजनिक शाळेचे प्रवेश प्रमाणपत्र मिळवायचे आहे, कशामुळे मिळणार?",D4
"ग्रामपंचायतीचे सभापती नेमून घेण्याची प्रक्रिया हाय, तुमाले माझे नाव शिक्षित करणार हाय का?","ग्रामपंचायतीचे सभापती नेमून घेण्याची प्रक्रिया आहे, तुम्हाला माझे नाव शिक्षित करणार आहे का?",D4
"ग्रामसेवक मिळवायचे हाय, म्हाज्या वेळी किती हाय?","ग्रामसेवक मिळवायचे आहे, माझ्या वेळी किती आहे?",D4
"सार्वजनिक वाहतूक सुविधा कसे मिळवायची हाय, तुमाले शाळेत जाण्यास पायजे आहे का?","सार्वजनिक वाहतूक सुविधा कसे मिळवायची आहे, तुम्हाला शाळेत जाण्यास पाहिजे आहे का?",D4
"ग्रामपंचायतीचे खाते म्हाज्या नावावर हाय, कायले माझे नाव हाय?","ग्रामपंचायतीचे खाते माझ्या नावावर आहे, कशामुळे माझे नाव आहे?",D4
"आधार कार्ड माझ्या नावावर हाय, तुमाले फक्त हाय?","आधार कार्ड माझ्या नावावर आहे, तुम्हाला फक्त आहे?",D4
"ग्रामसेवकांची नियुक्ती कशी होते हाय, तुमाले कुणाचे नाव आहे हाय का?","ग्रामसेवकांची नियुक्ती कशी होते आहे, तुम्हाला कुणाचे नाव आहे आहे का?",D4
"ग्रामपंचायतीचे सभापती म्हाज्या नावाचे हाय, पोरगा माझे नाव हाय का?","ग्रामपंचायतीचे सभापती माझ्या नावाचे आहे, मुलगा माझे नाव आहे का?",D4
"ग्रामपंचायतीच्या मुल्यांमध्ये बदल करायचा हाय, कोणते कर्तव्य पोरगा पायजे हाय?","ग्रामपंचायतीच्या मुल्यांमध्ये बदल करायचा आहे, कोणते कर्तव्य मुलगा पाहिजे आहे?",D4
"आधार कार्ड दुरुस्ती करायची हाय, सेवा केंद्रातून कोणते डॉक्युमेंट्स म्हाजे द्यायचे हाय?","आधार कार्ड दुरुस्ती करायची आहे, सेवा केंद्रातून कोणते डॉक्युमेंट्स माझे द्यायचे आहेत?",D4
"पोलीस स्टेशन कोणते ठिकाणी हाय, पोलीस अधिकारी म्हाला सांगतात हाय?","पोलीस स्टेशन कोणते ठिकाणी आहे, पोलीस अधिकारी माळा सांगतात आहेत?",D4
सार्वजनिक बागेचे पाणी पंप कोणते वेळी करवतत हाय?,सार्वजनिक बागेचे पाणी पंप कोणते वेळी करून घेतात आहे?,D4
"जमीनदारी खाते कोणते प्रकारची हाय, तुमाले कोणते प्रकारचे पोरगा पायजे हाय?","जमीनदारी खाते कोणते प्रकारची आहे, तुम्हाला कोणते प्रकारचे मुलगा पाहिजे आहे?",D4
रुग्णालयात कोणते प्रकारचे वैद्यकीय सेवा म्हाला द्यात हाय?,रुग्णालयात कोणते प्रकारचे वैद्यकीय सेवा माळा द्यात आहेत?,D4
"सेवा म्हाजे कोणते वेळी करवतत हाय, सेवा सुरु होण्यापूर्वी कोणते प्रक्रिया हाय?","सेवा माझे कोणते वेळी करून घेतात आहे, सेवा सुरु होण्यापूर्वी कोणते प्रक्रिया आहेत?",D4
"पाण्याचे पाईप दुरुस्ती करायची हाय, पाण्याचे पाईप कोणते ठिकाणी हाय?","पाण्याचे पाईप दुरुस्ती करायची आहे, पाण्याचे पाईप कोणते ठिकाणी आहे?",D4
"खाजगी दवाखान्यात कोणते औषधे उपलब्ध हाय, कोणते वैद्यकीय सेवा म्हाजे उपलब्ध हाय?","खाजगी दवाखान्यात कोणते औषधे उपलब्ध आहेत, कोणते वैद्यकीय सेवा माझे उपलब्ध आहेत?",D4
"विद्युत वितरण कंपनी कोणते टोल फ्री नंबर देतात हाय, विद्युत वितरण कंपनी कोणते वेळी करवतत हाय?","विद्युत वितरण कंपनी कोणते टोल फ्री नंबर देतात आहे, विद्युत वितरण कंपनी कोणते वेळी करून घेतात आहे?",D4
सार्वजनिक शाळेची प्रवेश यादी तुमाले पाहिजे का?,सार्वजनिक शाळेची प्रवेश यादी तुम्हाला पाहिजे का?,D4
"ग्रामपंचायतीत घरकुलाच्या योजनेची यादी आली हाय का, म्हाजे नाव हाय का त्यात?","ग्रामपंचायतीत घरकुल योजनेची यादी आली आहे का, माझे नाव आहे का त्यात?",D4
"आधार कार्ड दुरुस्ती करायची हाय, सेतू केंद्र कुठे हाय?","आधार कार्ड दुरुस्ती करायची आहे, सेतू केंद्र कुठे आहे?",D4
पोलीस ठाण्यात क्लेर्क पदाची वृत्ती कुठे म्हाले?,पोलीस ठाण्यात क्लेर्क पदाची वृत्ती कुठे मिळते?,D4
"जिल्हा अधिकाऱ्यांनी शाळा प्रकल्पाची बैठक घेतली हाय, म्हाजे पुढाकार हाय का?","जिल्हा अधिकाऱ्यांनी शाळा प्रकल्पाची बैठक घेतली आहे, माझी पुढाकार आहे का?",D4
सार्वजनिक शाळेच्या संचालकाच्या ओळखपट्टी काय म्हाले?,सार्वजनिक शाळेच्या संचालकाची ओळखपट्टी काय आहे?,D4
"कृषी अधिकाऱ्यांनी कृषी शेतकऱ्यांसाठी विशेष बैठक घेतली हाय, म्हाजे मुलगा हाय का तिथे?","कृषी अधिकाऱ्यांनी कृषी शेतकऱ्यांसाठी विशेष बैठक घेतली आहे, माझा मुलगा आहे का तिथे?",D4
सार्वजनिक शाळ्यात विद्यार्थ्यांचे नाव नोंदवण्याची कार्यालयीन यादी तुमाले पाहिजे का?,सार्वजनिक शाळ्यात विद्यार्थ्यांचे नाव नोंदवण्याची कार्यालयीन यादी तुम्हाला पाहिजे का?,D4
"पोलीस विभागांनी सुरक्षा कार्यक्रमाची बैठक घेतली हाय, तुमाले कायले कोणत्या वेळी जावे?","पोलीस विभागांनी सुरक्षा कार्यक्रमाची बैठक घेतली आहे, तुम्हाला कशामुळे कोणत्या वेळी जावे?",D4
"सार्वजनिक शाळेत शाळा प्रमुखाची निवड करायची हाय, म्हाजे पोरगा निवडायची हाय का?","सार्वजनिक शाळेत शाळा प्रमुखाची निवड करायची आहे, माझा मुलगा निवडायची आहे का?",D4
ग्रामपंचायतीत शाळेकडे जास्त पैसे खर्च होतात त्यामुळे म्हाजे म्हणतात की सार्वजनिक शाळा खर्च वाढवला पाहिजे.,ग्रामपंचायतीत शाळेकडे जास्त पैसे खर्च होतात त्यामुळे माझे म्हणतात की सार्वजनिक शाळा खर्च वाढवला पाहिजे.,D4
"तुमाले कोणत्या पार्टीने विकास कार्ये करून दिली पाहिजती पोरगा, म्हाजी प्रश्न हाय?","तुम्हाला कोणत्या पार्टीने विकास कार्ये करून दिली पाहिजेत, पोरगा? माझा प्रश्न आहे.",D4
कोणत्या कंपनीने शहरातील रस्त्याचे पुनर्रचना कार्य करून दिले पाहिजे हाय?,कोणत्या कंपनीने शहरातील रस्त्याचे पुनर्रचना कार्य करून दिले पाहिजे आहे?,D4
"ग्रामपंचायतीत राष्ट्रीय परिवहन योजना सुरू करायची हाय, तुमाले रेल्वे स्टेशन कुठे हाय?","ग्रामपंचायतीत राष्ट्रीय परिवहन योजना सुरू करायची आहे, तुम्हाला रेल्वे स्टेशन कुठे आहे?",D4
पोरग्यांच्या शालेय शिक्षणासाठी सरकारी खात्यात फंड पुरविण्याची विनंती करायची हाय पायजे?,पोरग्यांच्या शालेय शिक्षणासाठी सरकारी खात्यात फंड पुरविण्याची विनंती करायची आहे पाहिजे?,D4
"म्हाज्या घरात जाण्यासाठी पूलची घोषणा करून दिली पाहिजे हाय, तुमाले पूल कुठे हाय?","माझ्या घरात जाण्यासाठी पूलची घोषणा करून दिली पाहिजे आहे, तुम्हाला पूल कुठे आहे?",D4
"आधार कार्ड कार्यालयात जायला जावयाची हाय, तुमाले कायसाय नाव हाय?","आधार कार्ड कार्यालयात जायला जावयाची आहे, तुम्हाला कायसाय नाव काय आहे?",D4
पोरगांच्या शाळेतील खेळाडूंना आर्थिक सहाय्य देण्याचा आणि स्पोर्ट्स क्लब सुरू करण्याची योजना निर्माण करायची हाय पायजे.,पोरगांच्या शाळेतील खेळाडूंना आर्थिक सहाय्य देण्याचा आणि स्पोर्ट्स क्लब सुरू करण्याची योजना निर्माण करायची आहे पाहिजे.,D4
"म्हाज्या गावात जाण्यासाठी कसारामार्गे जाता कामा नये हाय, तुमाले कसारा कुठे हाय?","माझ्या गावात जाण्यासाठी कसारामार्गे जाता कामा नये, तुम्हाला कसारा कुठे आहे?",D4
कोणत्या कंपनीने शहरातील मार्गदर्शक संकेते सामायिक करून दिली पाहिजे हाय पायजे?,कोणत्या कंपनीने शहरातील मार्गदर्शक संकेते सामायिक करून दिली पाहिजे आहे पाहिजे?,D4
"ग्रामपंचायतीत परिवहन सुविधा सुरू करून दिली पाहिजे हाय, तुमाले बस स्टँड कुठे हाय?","ग्रामपंचायतीत परिवहन सुविधा सुरू करून दिली पाहिजे आहे, तुम्हाला बस स्टँड कुठे आहे?",D4
जिल्हाधिकाऱ्यांच्या मुलाखतीच्या नोंदी यादी म्हाजे नावात काय आहे?,जिल्हाधिकाऱ्यांच्या मुलाखतीच्या नोंदी यादी माझे नावात काय आहे?,D4
कायजोगी म्हाले पोलीस स्टेशनला जायचे पायजे?,कायजोगी मला पोलीस स्टेशनला जायचे पाहिजे?,D4
"ग्रामसेवकांच्या नेमणुकीच्या अधिसूचना आली हाय का, तुमाले नाव म्हाजे काय आहे?","ग्रामसेवकांच्या नेमणुकीच्या अधिसूचना आली आहे का, तुम्हाला नाव माझे काय आहे?",D4
रोखी करमणुकीच्या माहितीचे पोरगा काय जाणतात?,रोखी करमणुकीच्या माहितीचे मुलगा काय जाणतात?,D4
राज्य शाळा आणि विद्यालयांच्या कराराच्या माहितीची वाचने करायची हाय काय?,राज्य शाळा आणि विद्यालयांच्या कराराच्या माहितीची वाचने करायची आहे काय?,D4
म्हाजे नावाने बँक खाते निर्माण करायची प्रक्रिया काय आहे?,माझे नावाने बँक खाते निर्माण करायची प्रक्रिया काय आहे?,D4
पोलीस स्टेशनला जाण्यासाठी नावाजोगी म्हाले कोणती सूचना द्यायची आहे?,पोलीस स्टेशनला जाण्यासाठी नावाजोगी मला कोणती सूचना द्यायची आहे?,D4
कायजोगी म्हाले सार्वजनिक वाहनाच्या नमुन्याची जानकारी पाहिजे?,कायजोगी मला सार्वजनिक वाहनाच्या नमुन्याची जानकारी पाहिजे?,D4
पायजे स्टँप ड्यूटीची माहिती काय आहे?,पाहिजे स्टँप ड्यूटीची माहिती काय आहे?,D4
कायजोगी म्हाले प्रतिबंधित वाहने कोणती आहेत?,कायजोगी मला प्रतिबंधित वाहने कोणती आहेत?,D4
ग्रामपंचायतीच्या शाळा याद्यात तुमाले नाव पोरग्या काय असते हाय?,ग्रामपंचायतीच्या शाळा याद्यात तुम्हाला नाव मुलाचे काय असते आहे?,D4
"कोणत्या वेळेस शाळा खूप विलंबाने उघडतात हाय, पायजे आम्हाला कशाने पळून जातात?","कोणत्या वेळेस शाळा खूप विलंबाने उघडतात आहे?, पाहिजे आम्हाला कशाने पळून जातात?",D4
"ग्रामपंचायतीच्या पुरवठ्याच्या याद्यात म्हाले नाव हाय कायले, तुमाल्या नाव हाय काय आहे?","ग्रामपंचायतीच्या पुरवठ्याच्या याद्यात मला नाव आहे कायले, तुम्हाला नाव काय आहे?",D4
"सेतू केंद्राच्या कार्यालयात म्हाले नाव म्हाजे काय हाय, त्यात माथून काय पोरग्या नाव हाय?","सेतू केंद्राच्या कार्यालयात मला नाव माझे काय आहे?, त्यात मधून काय मुलाचे नाव आहे?",D4
"ग्रामपंचायतीच्या विकासाच्या योजनेच्या याद्यात तुमाले नाव हाय, पायजे कोणते काम करावे हाय?","ग्रामपंचायतीच्या विकासाच्या योजनेच्या याद्यात तुम्हाला नाव आहे?, पाहिजे कोणते काम करावे आहे?",D4
"कोणत्या वेळेस ग्रामपंचायतीच्या सार्वजनिक सभा खूप विलंबाने होतात हाय, कायले आम्हाला कशाने पळून जातात?","कोणत्या वेळेस ग्रामपंचायतीच्या सार्वजनिक सभा खूप विलंबाने होतात आहे?, कशामुळे आम्हाला पळून जातात?",D4
"ग्रामपंचायतीच्या नागरी सेवा केंद्रात म्हाले नाव म्हाजे काय हाय, त्यात माथून काय पोरग्या नाव हाय?","ग्रामपंचायतीच्या नागरी सेवा केंद्रात मला नाव माझे काय आहे?, त्यात मधून काय मुलाचे नाव आहे?",D4
ग्रामपंचायतीच्या शिक्षण याद्यात तुमाले नाव पोरग्या काय असते हाय?,ग्रामपंचायतीच्या शिक्षण याद्यात तुम्हाला नाव मुलाचे काय असते आहे?,D4
"सेतू केंद्रात म्हाले नाव म्हाजे काय हाय, कायले तुमाल्या नाव हाय काय आहे?","सेतू केंद्रात मला नाव माझे काय आहे?, कशामुळे तुम्हाला नाव काय आहे?",D4
"ग्रामपंचायतीच्या विकासाच्या योजनेच्या याद्यात तुमाले नाव हाय, पायजे कोणते काम करावे हाय?","ग्रामपंचायतीच्या विकासाच्या योजनेच्या याद्यात तुम्हाला नाव आहे?, पाहिजे कोणते काम करावे आहे?",D4
"कोणत्या वेळेस ग्रामपंचायतीच्या सार्वजनिक सभा खूप विलंबाने होतात हाय, पायजे आम्हाला कशाने पळून जातात?","कोणत्या वेळेस ग्रामपंचायतीच्या सार्वजनिक सभा खूप विलंबाने होतात आहे?, पाहिजे आम्हाला कशाने पळून जातात?",D4
ग्रामपंचायतीत पानी पुरवठा कशामुळे कमी होणार हाय? तुम्हाले विचारा पाहिजे.,ग्रामपंचायतीत पानी पुरवठा कशामुळे कमी होणार आहे? तुम्हाला विचारा पाहिजे.,D4
"आधार कार्ड निरस्त करायची हाय, मला काय करावे हाय?","आधार कार्ड निरस्त करायची आहे, माझ्या काय करावे आहे?",D4
"कोणत्या व्हिजिटर्सची परवाना मिळणार हाय, मला मला काय करावे हाय?","कोणत्या व्हिजिटर्सची परवाना मिळणार आहे, मला काय करावे आहे?",D4
"पोलीस स्टेशनच्या कार्यालयात काय विचारायचे हाय, मला काय करावे हाय?","पोलीस स्टेशनच्या कार्यालयात काय विचारायचे आहे, मला काय करावे आहे?",D4
"पोलीस स्टेशनच्या चौकशीची सूचना कशामुळे आली हाय, मला मला काय करावे हाय?","पोलीस स्टेशनच्या चौकशीची सूचना कशामुळे आली आहे, मला काय करावे आहे?",D4
ग्रामपंचायतीत पानी पुरवठा पायजे कशामुळे होणार हाय?,ग्रामपंचायतीत पानी पुरवठा पाहिजे कशामुळे होणार आहे?,D4
"आधार कार्ड चेंज करायची हाय, मला मला काय करावे हाय?","आधार कार्ड चेंज करायची आहे, मला काय करावे आहे?",D4
नागरिक शाळेत प्रमाणपत्र देण्याची यादी तुमाले शाळेला द्यायची हाय.,नागरिक शाळेत प्रमाणपत्र देण्याची यादी तुम्हाला शाळेला द्यायची आहे.,D4
"पुस्तके बांधण्यासाठी पायजे जागा हाय, शाळेत कायले काय हाय?","पुस्तके बांधण्यासाठी पाहिजे जागा आहे, शाळेत कशामुळे काय आहे?",D4
"अधिसूचना स्टँप कार्ड देण्याची वेळ म्हाजे नाही हाय, पुढची अधिसूचना कुठे हाय?","अधिसूचना स्टँप कार्ड देण्याची वेळ माझी नाही आहे, पुढची अधिसूचना कुठे आहे?",D4
"सार्वजनिक वाहतूक मिळण्यासाठी पोरगांना पायजे बस्तान हाय, हा तर हाय काय हाय?","सार्वजनिक वाहतूक मिळण्यासाठी मुलगांना पाहिजे बस्तान आहे, हा तर आहे काय आहे?",D4
"यंत्रणा दरवाजा म्हाले तोडायचा हाय, वेळ हाय काय हाय?","यंत्रणा दरवाजा मला तोडायचा आहे, वेळ आहे काय आहे?",D4
"पायजे नागरिक शाळेला कुठे हाय, नागरिक शाळे कुठे हाय?","पाहिजे नागरिक शाळेला कुठे आहे, नागरिक शाळे कुठे आहे?",D4
"आधार कार्ड दुरुस्ती करायची हाय, पोरगा आणि म्हाजे नाव हाय काय हाय?","आधार कार्ड दुरुस्ती करायची आहे, मुलगा आणि माझे नाव काय आहे?",D4
"संगणक शाळेत चालू नाही हाय, पोरगांना काय हाय हाय?","संगणक शाळेत चालू नाही आहे, मुलगांना काय आहे आहे?",D4
"ग्रामपंचायतीत घरकुलाची यादी तुमाले पाहिजे हाय, म्हाजे नाव हाय काय हाय?","ग्रामपंचायतीत घरकुल यादी तुम्हाला पाहिजे आहे, माझे नाव काय आहे?",D4
"क्रेडिट कार्ड सार्वजनिक पुस्तके बांधण्यासाठी पायजे हाय, कायले काय हाय हाय?","क्रेडिट कार्ड सार्वजनिक पुस्तके बांधण्यासाठी पाहिजे आहे, कशामुळे काय आहे?",D4
कुठे पोलीस स्टेशनचे पत्र कायले ह्याच्या नावावर हाय?,कुठे पोलीस स्टेशनचे पत्र आहे कायले ह्याच्या नावावर आहे?,D4
कुठे ग्रामसेवक म्हाजी भेटायची हाय?,कुठे ग्रामसेवक माझी भेटायची आहे?,D4
पोरग्यांच्या शाळेला पायजे काय हाय?,पोरग्यांच्या शाळेला पाहिजे काय आहे?,D4
जिल्हा परिषदेच्या बैठकीचा कुणी म्हाले नाव हाय?,जिल्हा परिषदेच्या बैठकीचा कुणी नाव आहे का?,D4
"आधार कार्ड दुरुस्ती करायची हाय, सेतू केंद्र कुठे हाय?","आधार कार्ड दुरुस्ती करायची आहे, सेतू केंद्र कुठे आहे?",D4
कुठे जिल्हा अधिकारी म्हाजे भेटायची हाय?,कुठे जिल्हा अधिकारी माझी भेटायची आहे?,D4
तुमाले कुठे पोलीस स्टेशनचे पत्र कायले ह्याच्या नावावर हाय?,तुम्हाला कुठे पोलीस स्टेशनचे पत्र आहे कायले ह्याच्या नावावर आहे?,D4
कुठे नागरिकांचे शिक्षण केंद्र आहे हाय?,कुठे नागरिकांचे शिक्षण केंद्र आहे?,D4
पायजे काय हाय जिल्हा परिषदेच्या बैठकींचे नोटिस द्यायचे?,पाहिजे काय आहे जिल्हा परिषदेच्या बैठकींचे नोटिस द्यायचे?,D4
"ग्रामपंचायतीत घरकुल योजनेची यादी आली हाय, म्हाजे नाव हाय का त्यात?","ग्रामपंचायतीत घरकुल योजनेची यादी आली आहे, माझे नाव आहे का त्यात?",D4
"ग्रामपंचायतीत घरकुलाच्या योजनेची यादी आली हाय का, म्हाजे नाव हाय का त्यात?","ग्रामपंचायतीत घरकुल योजनेची यादी आली आहे का, माझे नाव आहे का त्यात?",D4
"आधार कार्ड दुरुस्ती करायची हाय, सेतू केंद्र कुठे हाय तुमाले?","आधार कार्ड दुरुस्ती करायची आहे, सेतू केंद्र कुठे आहे तुम्हाला?",D4
"पायजे सावकारी कार्ड कशाला दिला जाय हाय, कायले येते का तुम्हाला?","पाहिजे सावकारी कार्ड कशाला दिला जाय आहे, कशामुळे येतात तुम्हाला?",D4
"पोलीस स्टेशन कुठे हाय तुमाले, कोणत्या तिमाही ला उघडले हाय?","पोलीस स्टेशन कुठे आहे तुम्हाला, कोणत्या तिमाही ला उघडले आहे?",D4
"ग्रामपंचायतीच्या मुख्या अधिकार्याचे नाव काय हाय, निवडणुका ज्याला जाय हाय?","ग्रामपंचायतीच्या मुख्या अधिकार्याचे नाव काय आहे, निवडणुका ज्याला जातात?",D4
"पानी पुरवठा पायजे किती पाणी पुरवला जाय हाय, नियमित काय हाय?","पानी पुरवठा पाहिजे किती पाणी पुरवला जाय आहे, नियमित काय आहे?",D4
"जलद म्हाले नोंदणी करायची आहे हाय, करमते कुठे हाय?","जलद नोंदणी करायची आहे आहे का, करमते कुठे आहे?",D4
"पायजे वीज पुरवठा पुरवला जाय हाय, कोणती वीज कंपनी हाय?","पाहिजे वीज पुरवठा पुरवला जाय आहे, कोणती वीज कंपनी आहे?",D4
"कुणाला म्हाजे नाव हाय तुम्हाला, कशाला पाहिजे हाय?","कुणाला माझे नाव आहे तुम्हाला, कशाला पाहिजे आहे?",D4
"पायजे पार्किंग स्टेशन कुठे हाय, दंड किती हाय?","पाहिजे पार्किंग स्टेशन कुठे आहे, दंड किती आहे?",D4
"नागरी शाळेच्या शिक्षकांची नियुक्ती होती हाय, तुमाले नाव हाय त्यात?","नागरी शाळेच्या शिक्षकांची नियुक्ती होती आहे, तुम्हाला नाव आहे का त्यात?",D4
"पोलीस क्लिनिकमधे जाण्याची पायजे हाय, तुम्हाला कोणत्या वेळी जायची हाय?","पोलीस क्लिनिकमधे जाण्याची पाहिजे आहे, तुम्हाला कोणत्या वेळी जायची आहे?",D4
"पूर्णिया प्रकल्पाच्या भूमिपूजनाची वेळ हाय, तुमाले गावात काय करवतत हाय?","पूर्णिया प्रकल्पाच्या भूमिपूजनाची वेळ आहे, तुम्हाला गावात काय करून घेतात?",D4
"ग्रामपंचायतीत खाजगी बस सेवेची शाळा चालविण्याची यादी आली हाय का, म्हाजे नाव हाय का त्यात?","ग्रामपंचायतीत खाजगी बस सेवेची शाळा चालविण्याची यादी आली आहे का, माझे नाव आहे का त्यात?",D4
"कुठल्या तरी सार्वजनिक ठिकाणात स्वच्छता करायची हाय, सार्वजनिक प्राथमिक शाळेत काय करवतत हाय?","कुठल्या तरी सार्वजनिक ठिकाणात स्वच्छता करायची आहे, सार्वजनिक प्राथमिक शाळेत काय करून घेतात?",D4
"पोरगा कायले खायला काय म्हाले त्यात, सामान्य शाळेला काय पायजे आहे?","मुलगा कशामुळे खायला काय मला त्यात, सामान्य शाळेला काय पाहिजे आहे?",D4
"जिल्हा प्रशासनाने हायस्कूलच्या नवीन इमारतीची उदघाटनाची वेळ हाय, तुम्हाला काय करवतत हाय?","जिल्हा प्रशासनाने हायस्कूलच्या नवीन इमारतीची उदघाटनाची वेळ आहे, तुम्हाला काय करून घेतात?",D4
"जिल्हा पोलिस अधीक्षकांची प्रवास यात्रा हाय, तुमाले नाव हाय त्यात?","जिल्हा पोलिस अधीक्षकांची प्रवास यात्रा आहे, तुम्हाला नाव आहे का त्यात?",D4
"कुठल्या तरी महापालिकांमध्ये नागरी पुस्तकालयाची स्थापना हाय, तुम्हाला काय करवतत हाय?","कुठल्या तरी महापालिकांमध्ये नागरी पुस्तकालयाची स्थापना आहे, तुम्हाला काय करून घेतात?",D4
"पोरगा कायले घरात म्हाले काय हाय, सामान्य प्राथमिक शाळेत काय पायजे आहे?","मुलगा कशामुळे घरात मला काय आहे, सामान्य प्राथमिक शाळेत काय पाहिजे आहे?",D4
"जिल्हा परिषदेची सभा होती हाय, तुमाले काय करवतत हाय?","जिल्हा परिषदेची सभा होती आहे, तुम्हाला काय करून घेतात?",D4
माझ्या निवासस्थानाच्या पाण्याची वितरणाची कोणती स्थिती हाय?,माझ्या निवासस्थानाच्या पाण्याची वितरणाची कोणती स्थिती आहे?,D4
"गावात पाण्याच्या टाक्या पुन्हा बांधाव्यात हाय, कायले त्याची मुदत हाय का?","गावात पाण्याच्या टाक्या पुन्हा बांधाव्यात आहे, कशामुळे त्याची मुदत आहे?",D4
"नगरसेवा केंद्रात बिल काढायचे हाय, पोरगा तेथे कोण हाय?","नगरसेवा केंद्रात बिल काढायचे आहे, मुलगा तेथे कोण आहे?",D4
स्वच्छ सेवा कार्यक्रमातील शौचालये म्हाजे कुठे हाय?,स्वच्छ सेवा कार्यक्रमातील शौचालये माझे कुठे आहे?,D4
"माझ्या गावात विद्युत पुरवठा होत नाही हाय, तुमाले कोणत्या वेळी पुरवठा होऊ शकतो?","माझ्या गावात विद्युत पुरवठा होत नाही आहे, तुम्हाला कोणत्या वेळी पुरवठा होऊ शकतो?",D4
सामाजिक सुरक्षा योजनेची वेळा तुमाले माझ्या कोठे हाय?,सामाजिक सुरक्षा योजनेची वेळा तुम्हाला माझ्या कोठे आहे?,D4
गावातील रस्त्याची पुनर्रचना होण्याची प्रक्रिया काय आहे हाय?,गावातील रस्त्याची पुनर्रचना होण्याची प्रक्रिया काय आहे आहे?,D4
ग्रामस्थ शाळेतील विद्यार्थ्यांची संख्या म्हाजे काय हाय?,ग्रामस्थ शाळेतील विद्यार्थ्यांची संख्या माझी काय आहे आहे?,D4
"जमीन वाटपाची प्रक्रिया कोणती हाय, तुमाले काय काम करण्याची हाय?","जमीन वाटपाची प्रक्रिया कोणती आहे, तुम्हाले काय काम करण्याची आहे?",D4
गावातील नागरिकांच्या शिक्षणाच्या माहिती संकेतस्थळाचा पत्ता कोणता हाय?,गावातील नागरिकांच्या शिक्षणाच्या माहिती संकेतस्थळाचा पत्ता कोणता आहे?,D4
"नागरी शाळेत प्रवेश म्हाले पाहिजे काय, हाय कोणत्या वेळेला पाहिजे?","नागरी शाळेत प्रवेश माझे पाहिजे काय, हाय कोणत्या वेळेला पाहिजे?",D4
"विकास कार्यालयात काम करायची हाय, पात्रता काय असावी त्या काय?","विकास कार्यालयात काम करायची आहे, पात्रता काय असावी त्या काय?",D4
"राज्य शासनाचे योजना भरण्यासाठी पैसे म्हाले पाहिजे काय, काय आहेत ती योजना?","राज्य शासनाचे योजना भरण्यासाठी पैसे माझे पाहिजे काय, काय आहेत ती योजना?",D4
"ग्रामपंचायतीत घरकुल योजनेची यादी आली हाय, म्हाजे नाव हाय का त्यात?","ग्रामपंचायतीत घरकुल योजनेची यादी आली आहे का, माझे नाव आहे का त्यात?",D4
"नागरी सेवा केंद्रात पासपोर्ट बनवायची हाय, काय आहेत त्या शुल्के?","नागरी सेवा केंद्रात पासपोर्ट बनवायची आहे, काय आहेत त्या शुल्के?",D4
"पोलीस स्टेशनमध्ये कोणाला संपर्क करायचा हाय, हाय त्यांचे फोन नंबर काय आहे?","पोलीस स्टेशनमध्ये कोणाला संपर्क करायचा आहे, हाय त्यांचे फोन नंबर काय आहे?",D4
"नगरसवेतील कचरा संग्रहण करायची हाय, हाय कधी वेळा करावा काय?","नगरसवेतील कचरा संग्रहण करायची आहे, हाय कधी वेळा करावा काय?",D4
"प्राथमिक शाळेत शिक्षक भरती म्हाले पाहिजे काय, काय आहेत ती शिक्षण शाळा?","प्राथमिक शाळेत शिक्षक भरती माझे पाहिजे काय, काय आहेत ती शिक्षण शाळा?",D4
"राज्य शासनाची योजना प्राप्त करायची हाय, काय आहेत ती योजना म्हाले पाहिजे काय?","राज्य शासनाची योजना प्राप्त करायची आहे, काय आहेत ती योजना माझे पाहिजे काय?",D4
"नगरसवेतील रस्त्याचे पुनर्रचना करायची हाय, हाय कोणत्या वेळेला करावा काय?","नगरसवेतील रस्त्याचे पुनर्रचना करायची आहे, हाय कोणत्या वेळेला करावा काय?",D4
"नागरिक शाळेत नोंदणी करायची हाय, पायजे तुमाले पुढे काय प्रक्रिया आहे?","नागरिक शाळेत नोंदणी करायची आहे, पाहिजे तुम्हाला पुढे काय प्रक्रिया आहे?",D4
"पार्किंग बांधकामाचे अनुमती प्राप्त करायची हाय, म्हाले काय प्रक्रिया हाय?","पार्किंग बांधकामाचे अनुमती प्राप्त करायची आहे, मला काय प्रक्रिया आहे?",D4
"ग्रामपंचायतीत घरकुलाच्या योजनेची यादी आली हाय का, म्हाजे नाव हाय का त्यात?","ग्रामपंचायतीत घरकुल योजनेची यादी आली आहे का, माझे नाव आहे का त्यात?",D4
"पोलीस स्टेशनची व्यावसायिक मुलाखती दाखल करायची हाय, म्हाजे काय माहिती पोरगा द्यायची?","पोलीस स्टेशनची व्यावसायिक मुलाखती दाखल करायची आहे, माझी काय माहिती मुलगा द्यायची?",D4
"पाणी सप्लायवर काम करायची हाय, पायजे हाय काय कार्यशाळा आहे?","पाणी सप्लायवर काम करायची आहे, पाहिजे हाय काय कार्यशाळा आहे?",D4
"प्राथमिक शाळेला नूतनीकरण करायची हाय, म्हाजे काय प्रक्रिया हाय?","प्राथमिक शाळेला नूतनीकरण करायची आहे, माझी काय प्रक्रिया आहे?",D4
"सार्वजनिक शाळेत नोंदणी करायची हाय, पोरगा काय प्रक्रिया हाय?","सार्वजनिक शाळेत नोंदणी करायची आहे, मुलगा काय प्रक्रिया आहे?",D4
"प्राथमिक शाळेच्या शिक्षकांची नियुक्ती करायची हाय, म्हाजे काय विहित प्रक्रिया हाय?","प्राथमिक शाळेच्या शिक्षकांची नियुक्ती करायची आहे, माझी काय विहित प्रक्रिया आहे?",D4
"राज्य शाळेत प्रवेश प्राप्त करायची हाय, पायजे काय प्रक्रिया हाय?","राज्य शाळेत प्रवेश प्राप्त करायची आहे, पाहिजे काय प्रक्रिया आहे?",D4
"शहरातील मार्ग पुनर्रचना होणारी हाय, म्हाजे काय व्यवस्था करण्यात आली आहे?","शहरातील मार्ग पुनर्रचना होणारी आहे, माझी काय व्यवस्था करण्यात आली आहे?",D4
सर्वकाराची सामान्य माहिती म्हाजी कोणत्या वेबसाइटवर हाय?,सर्वकाराची सामान्य माहिती माझी कोणत्या वेबसाइटवर आहे?,D4
ग्रामपंचायतीत पाण्याची टाकी बांधण्यासाठी काय पायजे हाय?,ग्रामपंचायतीत पाण्याची टाकी बांधण्यासाठी काय पाहिजे आहे?,D4
कोणत्या राज्य शासनाचे यादवी कार्यालय काय हाय ह्या जिल्ह्यात?,कोणत्या राज्य शासनाचे यादवी कार्यालय काय आहे या जिल्ह्यात?,D4
सर्वकारी सेवांसाठी आधार कार्ड लावले काय पायजे हाय?,सर्वकारी सेवांसाठी आधार कार्ड लावले काय पाहिजे आहे?,D4
ग्रामपंचायतीत नागरिकांचे शिक्षणाचे कार्यक्रम कोणते हाय?,ग्रामपंचायतीत नागरिकांचे शिक्षणाचे कार्यक्रम कोणते आहे?,D4
कोणत्या स्थळावर पोलीस स्टेशनची भेट देण्याचे पायजे हाय?,कोणत्या स्थळावर पोलीस स्टेशनची भेट देण्याचे पाहिजे आहे?,D4
ग्रामपंचायतीला मिळालेल्या फंडांचा वापर कशामुळे हाय?,ग्रामपंचायतीला मिळालेल्या फंडांचा वापर कशामुळे आहे?,D4
"सर्वकारी कामे कुठे कराव्यात हाय, कोणत्या प्रक्रियेचे पायजे हाय?","सर्वकारी कामे कुठे कराव्यात आहे, कोणत्या प्रक्रियेचे पाहिजे आहे?",D4
ग्रामपंचायतीला मिळालेल्या योजनांची यादी म्हाजी कोणत्या वेळी हाय?,ग्रामपंचायतीला मिळालेल्या योजनांची यादी माझी कोणत्या वेळी आहे?,D4
"स्थानिक नागरिकांसाठी शिक्षणाची पोरगा हाय, कशामुळे हाय?",स्थानिक नागरिकांसाठी शिक्षणाची मुलगा आहे कशामुळे आहे?,D4
ग्रामपंचायतीत नागरिकांची संपर्क माहिती अद्यतन करण्याची यादी म्हाले काय त्यात?,ग्रामपंचायतीत नागरिकांची संपर्क माहिती अद्यतन करण्याची यादी माळे काय त्यात?,D4
स्थानिक प्रशासनाच्या निर्णयांची माहिती पोरगांना सांगताना पायजे काय हाय?,स्थानिक प्रशासनाच्या निर्णयांची माहिती मुलांना सांगताना पाहिजे काय आहे?,D4
विद्युत वितरण कंपनीच्या कर्मचाऱ्यांनी तुमाले शिक्षित करण्याची कायदा म्हाला काय हाय?,विद्युत वितरण कंपनीच्या कर्मचाऱ्यांनी तुम्हाला शिक्षित करण्याची कायदा माझी काय आहे?,D4
स्थानिक स्वशासन शिक्षण कार्यक्रमात नागरिकांना शिक्षित करण्याची यादी म्हाजी काय त्यात?,स्थानिक स्वशासन शिक्षण कार्यक्रमात नागरिकांना शिक्षित करण्याची यादी माझी काय आहे त्यात?,D4
"ग्रामपंचायतीत नागरिकांना प्रशासनाच्या निर्णयांची माहिती देण्याची करवतत हाय, कारण काय हाय?","ग्रामपंचायतीत नागरिकांना प्रशासनाच्या निर्णयांची माहिती देण्याची करून घेतात, कारण काय आहे?",D4
स्थानिक प्रशासनाच्या निर्णयांची जटणेपणा म्हाजे काय त्यात म्हाले काय हाय?,स्थानिक प्रशासनाच्या निर्णयांची जटणेपणा माझी काय आहे त्यात माळे काय आहे?,D4
विद्युत वितरण कंपनीने शिक्षित करण्याची कायदा म्हाजे काय त्यात म्हाले काय हाय?,विद्युत वितरण कंपनीने शिक्षित करण्याची कायदा माझी काय आहे त्यात माळे काय आहे?,D4
"ग्रामपंचायतीत नागरिकांना प्रशासनाच्या निर्णयांची माहिती देण्याची हाय, पोरगांना शिक्षित करण्याची करवतत हाय काय?","ग्रामपंचायतीत नागरिकांना प्रशासनाच्या निर्णयांची माहिती देण्याची आहे, पोरगांना शिक्षित करण्याची करून घेतात काय?",D4
स्थानिक प्रशासनाच्या निर्णयांची जटणेपणा म्हाजे काय त्यात म्हाले काय हाय?,स्थानिक प्रशासनाच्या निर्णयांची जटणेपणा माझी काय आहे त्यात माळे काय आहे?,D4
विद्युत वितरण कंपनीने शिक्षित करण्याची कायदा म्हाजे काय त्यात म्हाले काय हाय?,विद्युत वितरण कंपनीने शिक्षित करण्याची कायदा माझी काय आहे त्यात माळे काय आहे?,D4
"ग्रामपंचायतीत नागरिकांना प्रशासनाच्या निर्णयांची माहिती देण्याची हाय, पोरगांना शिक्षित करण्याची करवतत हाय काय?","ग्रामपंचायतीत नागरिकांना प्रशासनाच्या निर्णयांची माहिती देण्याची आहे, पोरगांना शिक्षित करण्याची करून घेतात काय?",D4
रिक्षा वाहतूक व्यवस्था बदलते तुमाले कशाला वाटते हाय?,रिक्षा वाहतूक व्यवस्था बदलते तुम्हाला कशाला वाटते आहे?,D4
नागरिक प्रत्येक वर्षीचे प्रशासनिक व्यवहार काय पायजे हाय?,नागरिक प्रत्येक वर्षीचे प्रशासनिक व्यवहार काय पाहिजे आहे?,D4
"अर्जी वाचून माथून कायले हाय, काम सुरू करण्याचे संकेत आहे का हाय?","अर्जी वाचून मधून कशामुळे आहे, काम सुरू करण्याचे संकेत आहे का आहे?",D4
"ग्रामपंचायतीत रोजगार योजनेची यादी आली हाय, मला नाव हाय का त्यात?","ग्रामपंचायतीत रोजगार योजनेची यादी आली आहे, माझे नाव आहे का त्यात?",D4
"नागरिकांच्या शिक्षणाचे प्रमाण नियंत्रण करणे करवतत हाय, कोणते नियम आहेत हाय?","नागरिकांच्या शिक्षणाचे प्रमाण नियंत्रण करून घेतात हे आहे, कोणते नियम आहेत आहे?",D4
"वीज ग्रिड प्रकल्पाच्या आर्थिक अहवालाची म्हाले कशाला वाटते हाय, पूर्ण करण्याची वेळ काय हाय?","वीज ग्रिड प्रकल्पाच्या आर्थिक अहवालाची मला कशाला वाटते आहे, पूर्ण करण्याची वेळ काय आहे?",D4
"ग्रामपंचायतीत घरकुल योजनेची यादी आली हाय, मला नाव हाय का त्यात?","ग्रामपंचायतीत घरकुल योजनेची यादी आली आहे, माझे नाव आहे का त्यात?",D4
नियोजन आणि कार्यक्रम कसे तयार करावे हाय?,नियोजन आणि कार्यक्रम कसे तयार करावे आहे?,D4
नागरिकांचा प्रत्येक वर्षी प्रशासनिक व्यवहार काय पायजे हाय?,नागरिकांचा प्रत्येक वर्षी प्रशासनिक व्यवहार काय पाहिजे आहे?,D4
"आधार कार्ड दुरुस्ती करायची हाय, सेतू केंद्र कुठे हाय?","आधार कार्ड दुरुस्ती करायची आहे, सेतू केंद्र कुठे आहे?",D4
"ग्रामपंचायतीत घरकुलाच्या योजनेची यादी आली हाय का, म्हाजे नाव हाय का त्यात?","ग्रामपंचायतीत घरकुल योजनेची यादी आली आहे का, माझे नाव आहे का त्यात?",D4
"मला नागरिक सेवा केंद्रात कायजमाव हाय, पोरगा काय करायचा आहे?","माझ्या नागरिक सेवा केंद्रात कायजमाव आहे, मुलगा काय करावा आहे?",D4
"पायजे रेशन कार्ड दिवाळी भेट हाय, म्हाजे नाव काय हाय?","पाहिजे रेशन कार्ड दिवाळी भेट आहे, माझे नाव काय आहे?",D4
कायले माझी पुरवठा संबंधित शिकायत कोणाला द्यायची हाय?,कशामुळे माझी पुरवठा संबंधित शिकायत कोणाला देण्याची आहे?,D4
"हाय ग्रामपंचायतीत बाबतील सूचना आली आहे का, म्हाजे नाव काय त्यात?","आहे ग्रामपंचायतीत बाबतील सूचना आली आहे का, माझे नाव काय त्यात?",D4
"माथून रजिस्ट्रेशन करायचे हाय, पोरगा काय सांगायचे आहे?","मधून रजिस्ट्रेशन करण्याचे आहे, मुलगा काय सांगण्याचे आहे?",D4
"पायजे रोजगार योजनेची यादी कोणती हाय, म्हाजे नाव काय त्यात?","पाहिजे रोजगार योजनेची यादी कोणती आहे का, माझे नाव काय त्यात?",D4
कायले माझ्या पाण्याची वितरणाची शिकायत सुचवायची हाय,कशामुळे माझ्या पाण्याची वितरणाची शिकायत सुचवण्याची आहे?,D4
"मला हाय सेतू केंद्रात कायजमाव हाय, पोरगा काय करायचा आहे?","माझ्या सेतू केंद्रात कायजमाव आहे, मुलगा काय करावा आहे?",D4
"हाय ग्रामपंचायतीत शिक्षण संबंधित सूचना आली आहे का, म्हाजे नाव काय त्यात?","आहे ग्रामपंचायतीत शिक्षण संबंधित सूचना आली आहे का, माझे नाव काय त्यात?",D4
"नागरिक पार्किंग चे नियम काय हाय, म्हाळे शाळेत बसू शकतो काय हाय?","नागरिक पार्किंग चे नियम काय आहे, मला शाळेत बसू शकतो का आहे?",D4
नगरसंहिता वाचून कायले मला काय पोरगा करावा हाय?,नगरसंहिता वाचून कशामुळे मला मुलगा करावा आहे?,D4
"शहरातील पायजे जुनी घडी बदलायची हाय, म्हाजी दिवसभर कुठे जाऊ शकतो हाय?","शहरातील पाहिजे जुनी घडी बदलायची आहे, माझे दिवसभर कुठे जाऊ शकतो आहे?",D4
"कार पार्किंग चे शुल्क काय हाय, तुमाले कोणत्या स्ट्रीटवर पार्क करू शकतो हाय?","कार पार्किंग चे शुल्क काय आहे, तुम्हाला कोणत्या स्ट्रीटवर पार्क करू शकतो आहे?",D4
"प्राथमिक शाळेत पोरगा शिकायला येतो हाय, माथून काय शिकवावा हाय?","प्राथमिक शाळेत मुलगा शिकायला येतो आहे, मधून काय शिकवावा आहे?",D4
"शहरातील पायजे नेटवर्क काय हाय, म्हाजे व्हायपी पास कुठे मिळवायची हाय?","शहरातील पाहिजे नेटवर्क काय आहे, माझे व्हायपी पास कुठे मिळवायची आहे?",D4
"नगरपालिकेच्या पासवर्ड काय हाय, म्हाळे ऑनलाईन शुल्क भरायचे हाय?","नगरपालिकेच्या पासवर्ड काय आहे, मला ऑनलाईन शुल्क भरायचे आहे?",D4
"कॉलेजात पोरगा शिकायला येतो हाय, माथून काय शिकवावा हाय?","कॉलेजात मुलगा शिकायला येतो आहे, मधून काय शिकवावा आहे?",D4
"शहरातील पायजे कार परवाना काय हाय, तुमाले कुठे कार पार्क करू शकतो हाय?","शहरातील पाहिजे कार परवाना काय आहे, तुम्हाला कुठे कार पार्क करू शकतो आहे?",D4
"प्राथमिक शाळेत पोरगा शिकायला येतो हाय, माथून काय शिकवावा हाय?","प्राथमिक शाळेत मुलगा शिकायला येतो आहे, मधून काय शिकवावा आहे?",D4
"माझ्या घराजवळ शौचालयाची सुविधा पायजे आहे, कायले ती कायमची आहे?","माझ्या घराजवळ शौचालयाची सुविधा पाहिजे आहे, कशामुळे ती कायमची आहे?",D4
"हाय, बँकेत पैसे भरण्याची यादी म्हाले आली हाय, काय करायचे आहे?","आहे, बँकेत पैसे भरण्याची यादी मला आली आहे, काय करायचे आहे?",D4
"माथून येतांना पाण्याची विक्री पायजे आहे, कायले ती कायमची आहे?","मधून येतांना पाण्याची विक्री पाहिजे आहे, कशामुळे ती कायमची आहे?",D4
"म्हाज्या गावात रास्ता दोरे पायजे आहे, तुमाले तो कशाचा आहे?","माझ्या गावात रस्ता दोरा पाहिजे आहे, तुम्हाला तो कशाचा आहे?",D4
"हाय, स्ट्रीट लाइट दुरुस्ती करायची हाय, सेतू केंद्र कुठे हाय?","आहे, स्ट्रीट लाइट दुरुस्ती करायची आहे, सेतू केंद्र कुठे आहे?",D4
"आधार कार्ड दुरुस्ती करायची हाय, म्हाज्या गावात कोणता कार्यालय आहे?","आधार कार्ड दुरुस्ती करायची आहे, माझ्या गावात कोणता कार्यालय आहे?",D4
"म्हाज्या घराजवळ सिंचाई प्रक्रिया पायजे आहे, कायले ती कायमची आहे?","माझ्या घराजवळ सिंचाई प्रक्रिया पाहिजे आहे, कशामुळे ती कायमची आहे?",D4
"हाय, शाळेत पाणी पुरवठा दोरे हाय, कोणती व्यवस्था आहे?","आहे, शाळेत पाणी पुरवठा दोरा आहे, कोणती व्यवस्था आहे?",D4
"माथून येतांना वीज पुरवठा पायजे आहे, कायले ती कायमची आहे?","मधून येतांना वीज पुरवठा पाहिजे आहे, कशामुळे ती कायमची आहे?",D4
"म्हाज्या गावात शौचालयाची सुविधा पायजे आहे, तुमाले ती कायमची आहे?","माझ्या गावात शौचालयाची सुविधा पाहिजे आहे, तुम्हाला ती कायमची आहे?",D4
"ग्रामपंचायतीत घरकुलाच्या योजनेची यादी आली हाय का, म्हाजे नाव हाय का त्यात?","ग्रामपंचायतीत घरकुल योजनेची यादी आली आहे का, माझे नाव आहे का त्यात?",D4
"आधार कार्ड दुरुस्ती करायची हाय, सेतू केंद्र कुठे हाय?","आधार कार्ड दुरुस्ती करायची आहे, सेतू केंद्र कुठे आहे?",D4
"पोलीस स्टेशन कुठे हाय, जेव्हा जावे लागते ते मला कायले काय?","पोलीस स्टेशन कुठे आहे, जेव्हा जावे लागते ते मला कशामुळे काय?",D4
"सामान्य प्रतिनिधी मोहीमी कुठे हाय, म्हाले जाऊन गावाच्या समस्या निवडतात का?","सामान्य प्रतिनिधी मोहीमी कुठे आहे, मला जाऊन गावाच्या समस्या निवडतात का?",D4
"पंचायत कर्मचाऱ्यांचे पत्रिका कुठे हाय, तुमाले पाहिजे ते पोरग्यांच्या कार्यालयात कुठून मिळते?","पंचायत कर्मचाऱ्यांचे पत्रिका कुठे आहे, तुम्हाला पाहिजे ते मुलगांच्या कार्यालयात कुठून मिळते?",D4
"विकास योजनेची यादी पाहायला गेल्या म्हाजी म्हणतात का, घरकुलाच्या मिळणाऱ्या राशीत काय काय म्हटले आहे?","विकास योजनेची यादी पाहायला गेल्या माझी म्हणतात का, घरकुलाच्या मिळणाऱ्या राशीत काय काय म्हटले आहे?",D4
"पोलीस दिवाणी पोलीस कार्यालय कुठे हाय, पोरग्यांना देण्यात आलेली सूट काय काय?","पोलीस दिवाणी पोलीस कार्यालय कुठे आहे, मुलगांना देण्यात आलेली सूट काय काय?",D4
"सामान्य प्रतिनिधी मोहीमीच्या निवडणुकी हाय, तुमाले काय काय म्हणतात का?","सामान्य प्रतिनिधी मोहीमीच्या निवडणुकी आहे, तुम्हाला काय काय म्हणतात का?",D4
"पोलीस स्टेशनात जाऊन कोणत्या कागदपत्रांची प्रती घेतात, हाय पोरग्यांना काय काय म्हणतात का?","पोलीस स्टेशनात जाऊन कोणत्या कागदपत्रांची प्रती घेतात, हाय मुलगांना काय काय म्हणतात का?",D4
"पंचायत कार्यालयात कोणत्या कागदपत्रांची मागणी हाय, म्हाजे जेव्हा जाऊन पोरग्यांच्या कार्यालयात जातात का?","पंचायत कार्यालयात कोणत्या कागदपत्रांची मागणी आहे, माझे जेव्हा जाऊन मुलगांच्या कार्यालयात जातात का?",D4
"ग्रामपंचायतीचे शिल्लक म्हाले कोणत्या कामाला दिले हाय, म्हाजी पायजे ते कोणती योजना हाय?","ग्रामपंचायतीचे शिल्लक माझे कोणत्या कामाला दिले आहे, माझे पाहिजे ते कोणती योजना आहे?",D4
"ग्रामस्थांची शिकवणी म्हाजी कोणत्या विषयाच्या मुलाखती घेतल्या हाय, म्हाले त्यांची सांगणी कोणत्या विषयावर हाय?","ग्रामस्थांची शिकवणी माझी कोणत्या विषयाच्या मुलाखती घेतल्या आहे, मला त्यांची सांगणी कोणत्या विषयावर आहे?",D4
"आपले नागरिकांना कोणत्या सेवा दिल्या हाय, म्हाजी ते सर्व सेवा म्हाले कोणत्या विभागात हाय?","आपले नागरिकांना कोणत्या सेवा दिल्या आहे, माझी ते सर्व सेवा मला कोणत्या विभागात आहे?",D4
"म्हाजी नागरिकांना पासपोर्ट मिळवायची हाय, म्हाले ते कोणत्या कार्यालयात हाय?","माझ्या नागरिकांना पासपोर्ट मिळवायची आहे, मला ते कोणत्या कार्यालयात आहे?",D4
"आपल्या ग्रामातील विद्यार्थ्यांची पोलाद हाय, म्हाजी ते विद्यार्थ्यांना कोणत्या विषयात हाय?","आपल्या ग्रामातील विद्यार्थ्यांची पोलाद आहे, माझी ते विद्यार्थ्यांना कोणत्या विषयात आहे?",D4
"म्हाजी नागरिकांना कोणत्या प्रकारचे आरक्षण हाय, म्हाले त्या प्रकारचे आरक्षण कोणत्या कायद्यानुसार हाय?","माझ्या नागरिकांना कोणत्या प्रकारचे आरक्षण आहे, मला त्या प्रकारचे आरक्षण कोणत्या कायद्यानुसार आहे?",D4
"आपल्या ग्रामातील स्वसहाय्य समूहांची माहिती म्हाजी हाय, म्हाले त्यांचे कार्यालय कुठे हाय?","आपल्या ग्रामातील स्वसहाय्य समूहांची माहिती माझी आहे, मला त्यांचे कार्यालय कुठे आहे?",D4
"म्हाजी नागरिकांना कोणत्या प्रकारचे शिक्षण हाय, म्हाले ते शिक्षण कोणत्या शाळांमध्ये हाय?","माझ्या नागरिकांना कोणत्या प्रकारचे शिक्षण आहे, मला ते शिक्षण कोणत्या शाळांमध्ये आहे?",D4
"आपल्या ग्रामातील विकास कार्यांची यादी म्हाजी हाय, म्हाले ती यादी कोणत्या विभागात हाय?","आपल्या ग्रामातील विकास कार्यांची यादी माझी आहे, मला ती यादी कोणत्या विभागात आहे?",D4
"म्हाजी नागरिकांना कोणत्या प्रकारचे आर्थिक मदत हाय, म्हाले ती मदत कोणत्या कार्यक्रमात हाय?","माझ्या नागरिकांना कोणत्या प्रकारचे आर्थिक मदत आहे, मला ती मदत कोणत्या कार्यक्रमात आहे?",D4
"आपल्या ग्रामातील शेतकऱ्यांची पोलाद हाय, म्हाजी ते शेतकऱ्यांना कोणत्या सुविधा हाय?","आपल्या ग्रामातील शेतकऱ्यांची पोलाद आहे, माझी ते शेतकऱ्यांना कोणत्या सुविधा आहे?",D4
माझ्या घराचे विकसण्याचे शिल्लक पैसे पायजे किती हाय?,माझ्या घराचे विकसण्याचे शिल्लक पैसे पाहिजे किती आहे?,D4
"ग्रामपंचायतत तुमाले घरकुल योजनेची यादी म्हाले पाहिजे का, हाय?","ग्रामपंचायतीत तुम्हाला घरकुल योजनेची यादी माझ्या पाहिजे का, आहे?",D4
"आधार कार्ड दुरुस्ती करायची हाय, तुमाले सेतू केंद्र म्हाज्या कुठे हाय?","आधार कार्ड दुरुस्ती करायची आहे, तुम्हाला सेतू केंद्र माझ्या कुठे आहे?",D4
"म्हाज्या घराच्या खाच्यांचे नोंदणी करायची हाय, पायजे किती हाय?","माझ्या घराच्या खाच्यांचे नोंदणी करायची आहे, पाहिजे किती आहे?",D4
"ग्रामपंचायतत पोरगा शाळेच्या शैक्षणिक यादीत म्हाज्या नाव म्हाले आहे का, हाय?","ग्रामपंचायतीत मुलाच्या शाळेच्या शैक्षणिक यादीत माझे नाव आहे का, आहे?",D4
"म्हाज्या घराच्या पाण्याच्या शुद्धीकरणाचे कार्य कार्यतत हाय, पायजे किती हाय?","माझ्या घराच्या पाण्याच्या शुद्धीकरणाचे कार्य कार्यात आहे, पाहिजे किती आहे?",D4
"ग्रामपंचायतत तुमाले घरकुल योजनेच्या यादीत म्हाजे नाव म्हाले आहे का, हाय?","ग्रामपंचायतीत तुम्हाला घरकुल योजनेच्या यादीत माझे नाव आहे का, आहे?",D4
"आधार कार्ड दुरुस्ती करायची हाय, म्हाज्या शेतीच्या पुरवठ्यांची यादी कुठे हाय?","आधार कार्ड दुरुस्ती करायची आहे, माझ्या शेतीच्या पुरवठ्यांची यादी कुठे आहे?",D4
"म्हाज्या घराच्या स्वच्छता कार्यात म्हाजे सहकार्य करतात हाय, पायजे किती हाय?","माझ्या घराच्या स्वच्छता कार्यात माझे सहकार्य करतात आहे, पाहिजे किती आहे?",D4
"ग्रामपंचायतत पोरगा शाळेची शैक्षणिक यादीत म्हाज्या नाव म्हाले आहे का, हाय?","ग्रामपंचायतीत मुलाच्या शाळेची शैक्षणिक यादीत माझे नाव आहे का, आहे?",D4
"म्हाज्या घराच्या विकसण्याचे शिल्लक पैसे पायजे किती हाय, करवतत कुठे हाय?","माझ्या घराचे विकसण्याचे शिल्लक पैसे पाहिजे किती आहे, करून घेतात कुठे आहे?",D4
"ग्रामपंचायतीत घरकुलाच्या योजनेची यादी आली हाय का, म्हाजे नाव हाय का त्यात?","ग्रामपंचायतीत घरकुल योजनेची यादी आली आहे का, माझे नाव आहे का त्यात?",D4
"आधार कार्ड दुरुस्ती करायची हाय, सेतू केंद्र कुठे हाय?","आधार कार्ड दुरुस्ती करायची आहे, सेतू केंद्र कुठे आहे?",D4
"पोलिस स्टेशनाचे पत्ता काय हाय, काय तुमाले तेथे पोहचायची काय कारण?","पोलिस स्टेशनाचे पत्ता काय आहे, काय तुम्हाला तेथे पोहचायची काय कारण?",D4
"गरिबीच्या राशनकार्ड दिले जातात का, राशनकार्ड शिवाय फक्त पोरगा कोणास देतात?","गरिबीच्या राशनकार्ड दिले जातात का, राशनकार्ड शिवाय फक्त मुलगा कोणास देतात?",D4
"वीज पासबुक चुकली आहे हाय, कुठे हाय कार्यालय हाय जायचे?","वीज पासबुक चुकली आहे आहे, कुठे कार्यालय आहे जायचे?",D4
"विद्युत प्राधिकरण कुठे हाय, म्हाले कोणी दाखला दिला हाय?","विद्युत प्राधिकरण कुठे आहे, मला कोणी दाखला दिला आहे?",D4
"कोणी नशिबी च्या शेतकऱ्यांना सोलिंग फायदे देतात हाय, नाशिबी काय हाय?","कोणी नशिबी च्या शेतकऱ्यांना सोलिंग फायदे देतात आहे, नाशीबी काय आहे?",D4
"स्वच्छता अभियानाला पायजे काय हाय, म्हाजे स्वच्छता कामे म्हणून काय करतात?","स्वच्छता अभियानाला पाहिजे काय आहे, माझे स्वच्छता कामे म्हणून काय करतात?",D4
"पाणी बिल कुठे हाय पेमेंट करायचे हाय, बिलाच्या शेवटी काय हाय?","पाणी बिल कुठे आहे पेमेंट करायचे आहे, बिलाच्या शेवटी काय आहे?",D4
"माझे नाममालिका कार्ड नवीन हाय, तुमाले कुठे नवीन कार्ड घेतले हाय?","माझे नाममालिका कार्ड नवीन आहे, तुम्हाले कुठे नवीन कार्ड घेतले आहे?",D4
"ग्रामपंचायतीत घरकुलाच्या योजनेची यादी आली हाय का, म्हाजे नाव हाय का त्यात?","ग्रामपंचायतीत घरकुल योजनेची यादी आली आहे का, माझे नाव आहे का त्यात?",D4
"आधार कार्ड दुरुस्ती करायची हाय, सेतू केंद्र कुठे हाय?","आधार कार्ड दुरुस्ती करायची आहे, सेतू केंद्र कुठे आहे?",D4
"म्हाजे पासवर्ड काय हाय, नवीन पासवर्ड कसा बदलायचा हाय?","माझे पासवर्ड काय आहे, नवीन पासवर्ड कसा बदलायचा आहे?",D4
"ग्रामपंचायतीचा कार्यालय कुठे हाय, तुमाले कोणते काम करायचे हाय?","ग्रामपंचायतीचा कार्यालय कुठे आहे, तुम्हाला कोणते काम करायचे आहे?",D4
"विद्युत प्रवेश प्रमाणपत्र कशामुळे मिळते, त्याची कशी कारवाई करायची हाय?","विद्युत प्रवेश प्रमाणपत्र कशामुळे मिळते, त्याची कशी कारवाई करायची आहे?",D4
"कोणते विद्युत वितरण कंपनी हाय, त्याचे कार्यालय कुठे हाय?","कोणते विद्युत वितरण कंपनी आहे, त्याचे कार्यालय कुठे आहे?",D4
"पानी पुरवठा किती हाय, करवतत काय प्रकारे चुकवितात?","पानी पुरवठा किती आहे, करून घेतात काय प्रकारे चुकवितात?",D4
"संगणक प्रमाणपत्र कशामुळे करायची हाय, त्याची कशी कारवाई करायची हाय?","संगणक प्रमाणपत्र कशामुळे करायचे आहे, त्याची कशी कारवाई करायची आहे?",D4
"पायजे कोणते व्हिडिओ कॉन्फरन्सिंग प्लॅटफॉर्म हाय, त्याचे फायदे काय हाय?","पाहिजे कोणते व्हिडिओ कॉन्फरन्सिंग प्लॅटफॉर्म आहे, त्याचे फायदे काय आहे?",D4
"म्हाजे नागरिकत्व प्रमाणपत्र कशामुळे मिळते, त्याची कशी कारवाई करायची हाय?","माझे नागरिकत्व प्रमाणपत्र कशामुळे मिळते, त्याची कशी कारवाई करायची आहे?",D4
"नागरी सेवा केंद्रामधून नागरिकत्वाची पुरवठा करायची हाय, पोरगा तुमाले कशासाठी परततो हाय?","नागरी सेवा केंद्रामधून नागरिकत्वाची पुरवठा करायची आहे, मुलगा तुम्हाला कशासाठी परततो आहे?",D4
"शहरातील सार्वजनिक कचरा संग्रहाची यादी म्हाजे पायजे आहे, कायले या यादीत म्हाले नाव नाही?","शहरातील सार्वजनिक कचरा संग्रहाची यादी माझी पाहिजे, कशामुळे या यादीत माझे नाव नाही?",D4
"नगरपरिषदेतील नागरिकांच्या प्रतिनिधींची यादी म्हाले बघितली हाय, तुमाले म्हाजे नाव माथून आहे?","नगरपरिषदेतील नागरिकांच्या प्रतिनिधींची यादी माझी बघितली आहे, तुम्हाला माझे नाव मधून आहे?",D4
"पाण्याच्या वितरणाची किंमत पायजे पोरगा देतो हाय, करवतत काय ते म्हाजे काही?","पाण्याच्या वितरणाची किंमत पाहिजे मुलगा देतो आहे, करून घेतात काय ते माझे काही?",D4
"सांख्यिकीच्या प्रमाणात शहरातील सापेक्ष अस्वस्थता कशासाठी कमी करायची हाय, पोरगा म्हाजे कायले हाय?","सांख्यिकीच्या प्रमाणात शहरातील सापेक्ष अस्वस्थता कशासाठी कमी करायची आहे, मुलगा माझे कशामुळे आहे?",D4
"शहरातील सार्वजनिक वाहतूक प्रणालीची कार्यप्रदर्शन कशासाठी वाढायची हाय, तुमाले म्हाजे नाव म्हाले आहे?","शहरातील सार्वजनिक वाहतूक प्रणालीची कार्यप्रदर्शन कशासाठी वाढायची आहे, तुम्हाला माझे नाव मला आहे?",D4
"शहरातील सामाजिक सेवांची मागणीची यादी म्हाजे पायजे आहे, कायले या यादीत म्हाले नाव नाही?","शहरातील सामाजिक सेवांची मागणीची यादी माझी पाहिजे, कशामुळे या यादीत माझे नाव नाही?",D4
"शहरातील विकास योजनांची शासकीय अधिकृत पुरवठा करायची हाय, पोरगा तुमाले कशासाठी परततो हाय?","शहरातील विकास योजनांची शासकीय अधिकृत पुरवठा करायची आहे, मुलगा तुम्हाला कशासाठी परततो आहे?",D4
"शहरातील सार्वजनिक सुविधांची यादी म्हाजे पायजे आहे, कायले या यादीत म्हाले नाव नाही?","शहरातील सार्वजनिक सुविधांची यादी माझी पाहिजे, कशामुळे या यादीत माझे नाव नाही?",D4
"शहरातील मार्गदर्शन आणि शिक्षित सेवा कार्यकर्ता करायची हाय, पोरगा तुमाले कशासाठी परततो हाय?","शहरातील मार्गदर्शन आणि शिक्षित सेवा कार्यकर्ता करायची आहे, मुलगा तुम्हाला कशासाठी परततो आहे?",D4
"शहरातील नागरिकांच्या सुविधांची अधिकृतपणे पुरवठा करायची हाय, तुमाले म्हाजे नाव म्हाले आहे?","शहरातील नागरिकांच्या सुविधांची अधिकृतपणे पुरवठा करायची आहे, तुम्हाला माझे नाव मला आहे?",D4
"जिल्हा परिषदेच्या शाळेचे कायमचे निरसन हाय, कोणत्या वेळी हाय?","जिल्हा परिषदेच्या शाळेचे कायमचे निरसन आहे, कोणत्या वेळी आहे?",D4
"माझ्या घरकुलाच्या यादीत कायमचे नाव हाय का, त्यात हाय का?","माझ्या घरकुलाच्या यादीत कायमचे नाव आहे का, त्यात आहे?",D4
पोलिस ठाण्यात पोरग्यांचे शाळा प्रवेश प्रमाणपत्र देण्याची प्रक्रिया आली हाय का?,पोलिस ठाण्यात मुलांचे शाळा प्रवेश प्रमाणपत्र देण्याची प्रक्रिया आली आहे का?,D4
स्थानिक सांख्यिकीच्या शाळा मधून हाय काय म्हाजे नाव हाय का?,स्थानिक सांख्यिकीच्या शाळेतून माझे नाव आहे का?,D4
"पायजे त्यांचे स्थायी निवासी पुरावे दिले पाहिजे का, कायले ते नाही दिले का?","पाहिजे त्यांचे स्थायी निवासी पुरावे दिले पाहिजे का, कशामुळे ते नाही दिले?",D4
"म्हाले कोणाचे घरकुलाचे नाव हाय का, त्यात हाय का?","कोणाचे घरकुलाचे नाव आहे का, त्यात आहे?",D4
गरजपूर्ण सेवा योजनेच्या आधार कार्ड मध्ये हाय काय शेतकऱ्यांना पोरग्यांना हाय?,गरजपूर्ण सेवा योजनेच्या आधार कार्ड मध्ये काय शेतकऱ्यांच्या मुलांना आहे?,D4
"म्हाजे पोरग्यांना शाळेत जायची तयारी कायमची हाय का, कायले नाही का?","माझ्या मुलांना शाळेत जायची तयारी कायमची आहे का, कशामुळे नाही?",D4
"नागरिकाचे योग्य शाळा प्रवेश नसल्यास काय करावे हाय का, पायजे काय केले जाते हाय?","नागरिकाचे योग्य शाळा प्रवेश नसल्यास काय करावे आहे का, पाहिजे काय केले जाते?",D4
"जिल्हाधिकाऱ्यांच्या सेतू केंद्र मधून म्हाजे नाममात्र प्रमाणपत्र हाय का, त्यात हाय का?","जिल्हाधिकाऱ्यांच्या सेतू केंद्र मधून माझे नाममात्र प्रमाणपत्र आहे का, त्यात आहे?",D4
"तुमाले नागरिक विकास कार्यक्रमात शिक्षणासाठी पैसे मिळवायचे हाय, नागपूरमध्ये कुठे वेळा म्हाले हाय?","तुम्हाला नागरिक विकास कार्यक्रमात शिक्षणासाठी पैसे मिळवायचे आहे, नागपूरमध्ये कुठे वेळा माझे आहे?",D4
"ग्रामपंचायतीत घरकुलाच्या योजनेची यादी आली हाय का, म्हाजी नाव हाय का त्यात?","ग्रामपंचायतीत घरकुल योजनेची यादी आली आहे का, माझे नाव आहे का त्यात?",D4
"पायजे माझी वैधता शाळेतील नोंदणी करायची हाय, शाळेचे कार्यालय कुठे हाय?","पाहिजे माझी वैधता शाळेतील नोंदणी करायची आहे, शाळेचे कार्यालय कुठे आहे?",D4
"आधार कार्ड दुरुस्ती करायची हाय, सेतू केंद्र कुठे हाय?","आधार कार्ड दुरुस्ती करायची आहे, सेतू केंद्र कुठे आहे?",D4
"म्हाजे दुपारचे भोजनाची यादी कुठे हाय, स्थानिक शाळेत काय भोजन मिळते तुमाले?","माझे दुपारचे भोजनाची यादी कुठे आहे, स्थानिक शाळेत काय भोजन मिळते तुम्हाला?",D4
"आयडी कार्ड मिळवायचे हाय, कुठे कार्यालयी काम करणे हाय?","आयडी कार्ड मिळवायचे आहे, कुठे कार्यालयी काम करणे आहे?",D4
"कायले बाळंत्पणाची यंत्रणा कुठे हाय, तुमाले कुठे जायला पाहिजे हाय?","कशामुळे बाळंत्पणाची यंत्रणा कुठे आहे, तुम्हाला कुठे जायला पाहिजे आहे?",D4
"पायजे शाळेतील नोंदणी कुठे हाय, शाळेचे नाव काय हाय?","पाहिजे शाळेतील नोंदणी कुठे आहे, शाळेचे नाव काय आहे?",D4
"म्हाजे मुलगा शाळेत कुठे जायला पाहिजा हाय, कुठे पोरगा शाळेत जातो हाय?","माझा मुलगा शाळेत कुठे जायला पाहिजा आहे, कुठे मुलगा शाळेत जातो आहे?",D4
"आधार कार्ड कुठे मिळते हाय, तुमाले कुठे कार्यालयी काम करणे हाय?","आधार कार्ड कुठे मिळते आहे, तुम्हाला कुठे कार्यालयी काम करणे आहे?",D4
"राज्य शाळेत जाण्याची परवाना म्हाले काय तुमाले प्राप्त केली आहे का, म्हाजी नावाची पावती काय हाय?","राज्य शाळेत जाण्याची परवाना तुम्हाला काय प्राप्त केली आहे, माझे नावाची पावती काय आहे?",D4
"अर्जाची तारीख माथून लागली हाय, पायजे त्या तारीखी अर्ज सादर करावा","अर्जाची तारीख मधून लागली आहे, पाहिजे त्या तारीखी अर्ज सादर करावा",D4
"क्रेडिट कार्ड नवीन भरली हाय, तुमाले पासवर्ड कायले आहे का?","क्रेडिट कार्ड नवीन भरली आहे, तुम्हाला पासवर्ड कशामुळे आहे?",D4
"ग्रामपंचायतीत घरकुलाच्या योजनेची यादी आली हाय, म्हाजे नाव हाय का त्यात?","ग्रामपंचायतीत घरकुल योजनेची यादी आली आहे, माझे नाव आहे का त्यात?",D4
"आधार कार्ड दुरुस्ती करायची हाय, सेतू केंद्र कुठे हाय?","आधार कार्ड दुरुस्ती करायची आहे, सेतू केंद्र कुठे आहे?",D4
"राज्य शासनाच्या योजनेवर योग्यता म्हाले काय तुमाले प्राप्त केली आहे का, म्हाजी प्रगती काय हाय?","राज्य शासनाच्या योजनेवर योग्यता तुम्हाला काय प्राप्त केली आहे, माझी प्रगती काय आहे?",D4
"प्राधिकृत पासवर्ड काय हाय, पायजे कोण तुमाले या पासवर्डची माहिती देणार?","प्राधिकृत पासवर्ड काय आहे, पाहिजे कोण तुम्हाला या पासवर्डची माहिती देणार?",D4
"अर्जाची श्रेणी माथून किंमती लागली हाय, पायजे अर्ज सादर करावा","अर्जाची श्रेणी मधून किंमती लागली आहे, पाहिजे अर्ज सादर करावा",D4
"राज्य शासनाच्या योजनेची यादी आली हाय, म्हाजे नाव हाय का त्यात?","राज्य शासनाच्या योजनेची यादी आली आहे, माझे नाव आहे का त्यात?",D4
"ग्रामपंचायतीत घरकुलाच्या योजनेची यादी म्हाले आली हाय का, म्हाजी यादी हाय का त्यात?","ग्रामपंचायतीत घरकुल योजनेची यादी मला आली आहे का, माझी यादी आहे का त्यात?",D4
"रोजगार म्हाज्या भाग्याला येणार हाय, तुमाले कोणते कौशल्य शिकणे पोरगा पायजे?","रोजगार मल्या भाग्याला येणार आहे, तुम्हाला कोणते कौशल्य शिकणे मुलगा पाहिजे?",D4
"पाण्याचे पुरवठा करवतत हाय, हाय कायले कुठे पाण्याची वॉटर टँक हाय?","पाण्याचे पुरवठा करून घेतात आहे, आहे कशामुळे कुठे पाण्याची वॉटर टँक आहे?",D4
"ग्रामसेवक म्हाज्या कामी येणार हाय, म्हाले कोणते काम करावे पोरगा पायजे?","ग्रामसेवक मल्या कामी येणार आहे, मला कोणते काम करावे मुलगा पाहिजे?",D4
"शाळा म्हाज्या शेजाऱ्याच्या घरी पाहिजे हाय, कायले कुठे शाळा हाय?","शाळा मल्या शेजाऱ्याच्या घरी पाहिजे आहे, आहे कशामुळे कुठे शाळा आहे?",D4
"नागरिकांचे अधिकार म्हाले समजले हाय, तुमाले कोणते अधिकार पोरगा पायजे?","नागरिकांचे अधिकार मला समजले आहे, तुम्हाला कोणते अधिकार मुलगा पाहिजे?",D4
"ग्रामपंचायतीत वॉटर टँक बांधण्याची योजना म्हाज्या भाग्याला येणार हाय, पोरगा काय करूं?","ग्रामपंचायतीत वॉटर टँक बांधण्याची योजना मल्या भाग्याला येणार आहे, मुलगा काय करावे?",D4
"शाळेतील मुले म्हाज्या कामी येणार हाय, हाय कायले कुठे शाळा हाय?","शाळेतील मुले मल्या कामी येणार आहे, आहे कशामुळे कुठे शाळा आहे?",D4
"ग्रामपंचायतीत शिक्षण योजनेची यादी म्हाले आली हाय, म्हाजी यादी हाय का त्यात?","ग्रामपंचायतीत शिक्षण योजनेची यादी मला आली आहे का, माझी यादी आहे का त्यात?",D4
ग्रामसेवकांना वेतनाची कालमधून देय रक्कम कोणती हाय?,ग्रामसेवकांना वेतनाची कालमधून देय रक्कम कोणती आहे?,D4
"ग्रामपंचायतीत पैसे वापरायचे हाय, पैसे कुठे म्हाले?","ग्रामपंचायतीत पैसे वापरायचे आहे, पैसे कुठे माझे?",D4
"नागरिकांना जाहिरात कायम केल्या असतील पोरगा, हाय?","नागरिकांना जाहिरात कायम केल्या असतीलल्या, हाय?",D4
पोलीस स्टेशनाकडे शिकायत करण्याची कोणती निर्देशांक हाय?,पोलीस स्टेशनाकडे शिकायत करण्याची कोणती निर्देशांक आहे?,D4
"ग्रामपंचायतीच्या सभेत माझा प्रपोजल कोणता हाय, तुमाले विचार करायचे हाय?","ग्रामपंचायतीच्या सभेत माझा प्रपोजल कोणता आहे, तुम्हाला विचार करायचे आहे?",D4
ग्रामसेवकांना कोणत्या क्रेडिट कार्डवर पैसे करायचे हाय?,ग्रामसेवकांना कोणत्या क्रेडिट कार्डवर पैसे करायचे आहे?,D4
"ग्रामपंचायतीची निवडणुकीत पोरगा वोट दिल्या पाहिजे हाय, कायले?","ग्रामपंचायतीची निवडणुकीत मुलगा वोट दिल्या पाहिजे आहे, कशामुळे?",D4
ग्रामपंचायतीच्या सभेत कोणत्या विषयावर चर्चा करायची हाय?,ग्रामपंचायतीच्या सभेत कोणत्या विषयावर चर्चा करायची आहे?,D4
ग्रामपंचायतीच्या कार्यालयात कोणते फोन नंबर हाय?,ग्रामपंचायतीच्या कार्यालयात कोणते फोन नंबर आहे?,D4
ग्रामसेवकांना कोणत्या खात्यात काम करायचे हाय?,ग्रामसेवकांना कोणत्या खात्यात काम करायचे आहे?,D4
"ग्रामपंचायतीत घरकुलाच्या योजनेची यादी आली हाय का, म्हाजी नाव हाय का त्यात?","ग्रामपंचायतीत घरकुल योजनेची यादी आली आहे का, माझे नाव आहे का त्यात?",D4
"आधार कार्ड दुरुस्ती करायची हाय, सेतू केंद्र कुठे हाय?","आधार कार्ड दुरुस्ती करायची आहे, सेतू केंद्र कुठे आहे?",D4
कोणत्या ग्रामपंचायतीत माझे विद्युत कनेक्शन असून हाय?,माझ्या ग्रामपंचायतीत कोणते विद्युत कनेक्शन असून आहे?,D4
"नागरिक पासपोर्ट कार्ड प्राप्त करायचा हाय, नागरिक पासपोर्ट कार्यालय कुठे हाय?","नागरिक पासपोर्ट कार्ड प्राप्त करायचा आहे, नागरिक पासपोर्ट कार्यालय कुठे आहे?",D4
"माझे नाव घरकुल योजनेच्या यादीत नसते हाय, कायले ही यादी किती वर्षांपूर्वी केली हाय?","माझे नाव घरकुल योजनेच्या यादीत नाही आहे का, कशामुळे ही यादी किती वर्षांपूर्वी केली गेली?",D4
"ग्रामपंचायतीतील शाळेचा पंजा दाखल करायचा हाय, पंजा दाखल केल्यानंतर काय हाय?","ग्रामपंचायतीतील शाळेचा पंजा दाखल करायचा आहे, पंजा दाखल केल्यानंतर काय होते?",D4
"आधार कार्ड प्राप्त करायच्या हाय, कोणत्या मार्गाने माझा पंचायत खाती येतो हाय?","आधार कार्ड प्राप्त करायचा आहे, कोणत्या मार्गाने माझा पंचायत खाती येतो?",D4
ग्रामपंचायतीतील शाळेला किती टक्के विद्युत वितरित करायचे हाय?,ग्रामपंचायतीतील शाळेला किती टक्के विद्युत वितरित करायचे आहे?,D4
"माझा पूर्ण नागरिकत्व प्राप्त करायचा हाय, कोणत्या कागदपत्रांची आवश्यकता हाय?","माझा पूर्ण नागरिकत्व प्राप्त करायचा आहे, कोणत्या कागदपत्रांची आवश्यकता आहे?",D4
"पूर्ण नागरिकत्व मिळवायचा हाय, कोणती आवश्यक कागदपत्रे असते हाय?","पूर्ण नागरिकत्व मिळवायचा आहे, कोणती आवश्यक कागदपत्रे असतात?",D4
ग्रामसेवकांना नोकरी देण्याची यादी तुमाले पाहिजे काय?,ग्रामसेवकांना नोकरी देण्याची यादी तुम्हाला पाहिजे का?,D4
माझ्या नावाची यादी ग्रामपंचायतीत कोठे म्हाले आहे?,माझे नाव ग्रामपंचायतीत कोठे आहे?,D4
"आधार कार्ड दुरुस्ती करायची हाय, पायजे माझे नाव हाय का त्यात?","आधार कार्ड दुरुस्ती करायची आहे, पाहिजे माझे नाव आहे का त्यात?",D4
"ग्रामपंचायतीत नवीन योजना करायची हाय, तुमाले कायले काय होते?","ग्रामपंचायतीत नवीन योजना करायची आहे, कशामुळे काय होते?",D4
"अर्जणांना नियमांची माहिती तुमाले द्यायची हाय, करवतत तुमाले वाचन नसला तरी","अर्जणांना नियमांची माहिती तुम्हाला द्यायची आहे, करून घेतात तुम्हाला वाचन नसला तरी",D4
"ग्रामपंचायतीत पैसे देण्यात म्हाजे पायजे काय, पोरग्यांना काय द्यायचे हाय?","ग्रामपंचायतीत पैसे देण्यात माझे पाहिजे काय, पोरग्यांना काय द्यायचे आहे?",D4
"आधार कार्ड म्हाजे हाय, पोरग्यांच्या बाबतीत काय करायची हाय?","आधार कार्ड माझे आहे, पोरग्यांच्या बाबतीत काय करायचे आहे?",D4
"सार्वजनिक वाहतूक सुविधेचे मानचित्र पाहायचे हाय, स्थानिक नागरिकांना कुठे हाय?","सार्वजनिक वाहतूक सुविधेचे मानचित्र पाहायचे आहे, स्थानिक नागरिकांना कुठे आहे?",D4
"नागरिकांना पुरवठा केलेल्या स्वच्छता सेवेची शिक्षा करवतत, म्हाले हाय काय म्हणणे?","नागरिकांना पुरवठा केलेल्या स्वच्छता सेवेची शिक्षा करून घेतात, मला हाय काय म्हणणे?",D4
"विद्युत वितरणाची विनंती करायची हाय, बक्षीस शाळेच्या विद्यार्थ्यांची पावले पोरगा म्हणतात?","विद्युत वितरणाची विनंती करायची आहे, बक्षीस शाळेच्या विद्यार्थ्यांची पावले मुलगा म्हणतात?",D4
म्हाजी नाव हाय काय त्यात नागरिकांची शिक्षा करायची हाय?,माझे नाव आहे काय त्यात नागरिकांची शिक्षा करायची आहे?,D4
"स्थानिक पोलीस विंगचे पूरक पुरवठा करायचे हाय, कायले जावू द्या?","स्थानिक पोलीस विंगचे पूरक पुरवठा करायचे आहे, कशामुळे जावू द्या?",D4
ग्रामपंचायतीच्या कार्यक्रमाची यादी म्हाजी नाव हाय काय त्यात हाय?,ग्रामपंचायतीच्या कार्यक्रमाची यादी माझे नाव आहे काय त्यात आहे?,D4
"सामाजिक सुरक्षा पुरवठा पोरगा म्हणतात, कुठे पैसे म्हटले आहेत?","सामाजिक सुरक्षा पुरवठा मुलगा म्हणतात, कुठे पैसे म्हटले आहेत?",D4
"ग्रामपंचायतीत घरकुलाच्या योजनेची पूरक जाणीव करायची हाय, माथून काय येतात?","ग्रामपंचायतीत घरकुल योजनेची पूरक जाणीव करायची आहे, मधून काय येतात?",D4
"आपले नागरिकांचे परिस्थिती कश्या सुधारण्याचा पायजे आहे, म्हाजी विचारांचे स्विकार करावेत?","आपले नागरिकांचे परिस्थिती कश्या सुधारण्याचा पाहिजे आहे, माझे विचारांचे स्विकार करावेत?",D4
"म्हाजी विद्युत वितरण विनंती प्रक्रिया पूर्ण करायची हाय, कायले काही कारणे आहेत?","माझे विद्युत वितरण विनंती प्रक्रिया पूर्ण करायची आहे, कशामुळे काही कारणे आहेत?",D4
"ग्रामपंचायतीने बांधकाम विभागाकडून कंत्राटाचे निर्णय कुठले हाय का, म्हाजे नाव हाय का त्यात?","ग्रामपंचायतीने बांधकाम विभागाकडून कंत्राटाचे निर्णय कुठले आहे का, माझे नाव आहे का त्यात?",D4
"कोणत्या वेळी व्हॉट्सअॅपवर पाने सामंजस्याच्या विषयावर पोस्ट दिसतात हाय का, हाय?","कोणत्या वेळी व्हॉट्सअॅपवर पाने सामंजस्याच्या विषयावर पोस्ट दिसतात आहेत का, आहे?",D4
"राज्य शासनाने शिक्षण विभागाच्या योजनेचे निराकरण कुठले हाय का, म्हाजे शिक्षकांच्या यादीची कोणती आहे?","राज्य शासनाने शिक्षण विभागाच्या योजनेचे निराकरण कुठले आहे का, माझे शिक्षकांच्या यादीची कोणती आहे?",D4
"ग्रामसेवकांच्या वेतनाचे पुनर्वितरणाचे निर्णय कुठे हाय का, हाय?","ग्रामसेवकांच्या वेतनाचे पुनर्वितरणाचे निर्णय कुठे आहे का, आहे?",D4
"कोणत्या वेळी व्हॉट्सअॅपवर पुरवठ्यावरील नोटिस दिसतात हाय का, हाय?","कोणत्या वेळी व्हॉट्सअॅपवर पुरवठ्यावरील नोटिस दिसतात आहेत का, आहे?",D4
"राज्य शासनाने शिक्षण विभागाच्या योजनेचे निराकरण कुठले हाय का, हाय?","राज्य शासनाने शिक्षण विभागाच्या योजनेचे निराकरण कुठले आहे का, आहे?",D4
"ग्रामपंचायतीत घरकुलाच्या योजनेची यादी आली हाय का, म्हाजी नाव हाय का त्यात?","ग्रामपंचायतीत घरकुल योजनेची यादी आली आहे का, माझे नाव आहे का त्यात?",D4
"प्राथमिक शाळेमध्ये हायवसणीची शाळा झाली हाय, काय पायजे त्याऐवजी प्रत्येक प्राथमिक शाळेला बँक खाती द्यायची?","प्राथमिक शाळेमध्ये हायवसणीची शाळा झाली आहे, काय पाहिजे त्याऐवजी प्रत्येक प्राथमिक शाळेला बँक खाती द्यायची?",D4
"ग्रामपंचायतीत पाणी पुरवठ्याची यादी तुमाले आहे, मला तुम्हांला कायले का पाण्याचे पुरवठे नसून आहेत?","ग्रामपंचायतीत पाणी पुरवठ्याची यादी तुम्हाला आहे, मला तुम्हाला कशामुळे पाण्याचे पुरवठे नसून आहेत?",D4
"स्थानिक तंत्रज्ञान प्रतिष्ठानात जाऊन हायवसणीचे वर्ग करावेत, हाय का नाही?","स्थानिक तंत्रज्ञान प्रतिष्ठानात जाऊन हायवसणीचे वर्ग करावेत, हे का नाही?",D4
"मले घरकुल कसे प्राप्त करायचे हाय, तुमाले सांगा कुठे करायचे हाय?","मले घरकुल कसे प्राप्त करायचे आहे, तुम्हाला सांगा कुठे करायचे आहे?",D4
"म्हाजी घरकुलाची यादी तुमाले आहे, त्यातील प्रत्येक घरकुलाचे बँक खाती तुमाले करवतत काय?","माझी घरकुलाची यादी तुम्हाला आहे, त्यातील प्रत्येक घरकुलाचे बँक खाती तुम्हाला करून घेतात काय?",D4
"ग्रामपंचायतीने घरकुलाची यादी तुमाले कसे बनविली हाय, नाही का?","ग्रामपंचायतीने घरकुलाची यादी तुम्हाला कसे बनवली आहे, नाही का?",D4
"कोणतं हायवसणीचे वर्ग हाय का, हायवसणीचा कोणता पोरगा स्वीकारणार आहे हाय?","कोणतं हायवसणीचे वर्ग आहे, हायवसणीचा कोणता मुलगा स्वीकारणार आहे?",D4
"कोणती यादी तुमाले आहे, हाय का कोणाची यादी नाही आहे?","कोणती यादी तुम्हाला आहे, हे का कोणाची यादी नाही आहे?",D4
"कोणत्या शाळेवर हायवसणीचे वर्ग करायचे हाय, शाळेची यादी तुमाले कोणती आहे हाय?","कोणत्या शाळेवर हायवसणीचे वर्ग करायचे आहे, शाळेची यादी तुम्हाला कोणती आहे?",D4
"कोणत्या घरकुलाला बँक खाती पाहिजे हाय, तुमाले कोणत्या घरकुलाला बँक खाती दिले आहे हाय?","कोणत्या घरकुलाला बँक खाती पाहिजे आहे, तुम्हाला कोणत्या घरकुलाला बँक खाती दिले आहे?",D4
ग्रामपंचायतीचे अधिकारी तुमाले नावाची यादी कशामुळे म्हाले नाही का?,ग्रामपंचायतीचे अधिकारी तुम्हाला नावाची यादी कशामुळे मला नाही का?,D4
"पोलीस स्टेशन हाय का, रेल्वे स्टेशन हाय का, कोणत्या वरून जाते तुमाले पोरगाने?","पोलीस स्टेशन आहे का, रेल्वे स्टेशन आहे का, कोणत्या वरून जाते तुम्हाला मुलाने?",D4
कोणत्या कार्यक्रमाचे ऑनलाइन प्रवेश पोरगा करू शकतो तुमाले?,कोणत्या कार्यक्रमाचे ऑनलाइन प्रवेश मुलगा करू शकतो तुम्हाला?,D4
पाण्याच्या पुरवठ्यात कोणते पोरगा करू शकते तुमाले?,पाण्याच्या पुरवठ्यात कोणते मुलगा करू शकते तुम्हाला?,D4
"तुम्हाले म्हाजी भाषा कशी आहे का, तुमाले पोरगा किती वाढले आहे?","तुम्हाला माझी भाषा कशी आहे का, तुम्हाला मुलगा किती वाढला आहे?",D4
"विद्युत पुरवठा दुरुस्ती करायची हाय, पाणी पुरवठा हाय का, कोणते पोरगा करू शकते तुमाले?","विद्युत पुरवठा दुरुस्ती करायची आहे, पाणी पुरवठा आहे का, कोणते मुलगा करू शकते तुम्हाला?",D4
पोरगा कोणता म्हाले आहे तुमाले?,मुलगा कोणता मला आहे तुम्हाला?,D4
पोरगा किती वाढले आहे तुमाले?,मुलगा किती वाढला आहे तुम्हाला?,D4
"म्हाजे नाव हाय का, पोरगा कोणता तुमाले?","माझे नाव आहे का, मुलगा कोणता तुम्हाला?",D4
"पोरगा कोणता म्हाले आहे हाय का, तुमाले पोरगा किती वाढले आहे?","मुलगा कोणता मला आहे आहे का, तुम्हाला मुलगा किती वाढला आहे?",D4
ग्रामपंचायतीत माझे नाव नसताना क्रेडिट कार्ड आपल्या नावे असते हाय?,ग्रामपंचायतीत माझे नाव नसताना क्रेडिट कार्ड आपल्या नावे असते आहे?,D4
पार्किंगची शुल्क मी द्यायची पायजे काय तरी वाढली हाय म्हाजी?,पार्किंगची शुल्क मी द्यायची पायजे काय तरी वाढली आहे माझी?,D4
पोलिस स्टेशनला जायला म्हाजी कोणती शाळा हाय?,पोलिस स्टेशनला जायला माझी कोणती शाळा आहे?,D4
कोणती विद्युत संस्था येऊन पाने द्यायची हाय म्हाजी?,कोणती विद्युत संस्था येऊन पाने द्यायची आहे माझी?,D4
कोणती रुग्णालये सापडतात हाय सारख्या गावात?,कोणती रुग्णालये सापडतात आहेत सारख्या गावात?,D4
राज्य शाळेची प्रमाणपत्र मी म्हाजे नसताना कशाने मिळते हाय?,राज्य शाळेची प्रमाणपत्र मी माझे नसताना कशाने मिळते आहे?,D4
ग्रामपंचायतीत पाणी सारख्या प्रश्नाने कशामुळे येतात हाय?,ग्रामपंचायतीत पाणी सारख्या प्रश्नाने कशामुळे येतात आहे?,D4
कोणत्या बँकेतून घराच्या लहान भागासाठी कर्ज मिळते हाय म्हाजी?,कोणत्या बँकेतून घराच्या लहान भागासाठी कर्ज मिळते आहे माझी?,D4
जिल्हा परिषदेच्या सभा हाय कोणते दिनाच्या असतात?,जिल्हा परिषदेच्या सभा हाय कोणते दिनाच्या असतात आहेत?,D4
कोणत्या वेळी ग्रामपंचायतीत यशस्वी होते हाय म्हाजी?,कोणत्या वेळी ग्रामपंचायतीत यशस्वी होते आहे माझी?,D4
"ग्रामपंचायतीत पाणी पुरवठा म्हाले काय कार्यक्रमाची यादी आली हाय, तुमाले फोन करतात का?","ग्रामपंचायतीत पाणी पुरवठा कार्यक्रमाची यादी आली आहे का, तुम्हाला फोन करतात का?",D4
"आधार कार्ड दुरुस्ती करायची हाय, पोरगा आधार कार्ड सांभाळण्याला म्हाजे काय पायजे?","आधार कार्ड दुरुस्ती करायची आहे, मुलगा आधार कार्ड सांभाळण्याला काय पाहिजे?",D4
"ग्रामपंचायतीत सार्वजनिक बगीचा निर्माण करायची हाय, कायले म्हाजे कोणते कर्तव्य हाय?","ग्रामपंचायतीत सार्वजनिक बगीचा निर्माण करायची आहे, कशामुळे माझे कोणते कर्तव्य आहे?",D4
"सामाजिक सुरक्षा योजनेची विविधता करायची हाय, तुमाले म्हाजे कशी सांखलनी करतात हाय?","सामाजिक सुरक्षा योजनेची विविधता करायची आहे, तुम्हाला माझे कशी सांखलनी करतात आहे?",D4
"ग्रामपंचायतीत वीज पुरवठा कार्यक्रमाची यादी आली हाय, तुमाले पोरगा सांगतात का?","ग्रामपंचायतीत वीज पुरवठा कार्यक्रमाची यादी आली आहे का, तुम्हाला मुलगा सांगतात का?",D4
"सामाजिक समन्वय योजनेचे म्हाजे उद्दिष्ट काय हाय, करवतत काय कार्यक्रम हाय?","सामाजिक समन्वय योजनेचे माझे उद्दिष्ट काय आहे, करून घेतात काय कार्यक्रम आहे?",D4
"ग्रामपंचायतीत सामान्य शाळा म्हाले काय निर्माण करायची हाय, हाय का?","ग्रामपंचायतीत सामान्य शाळा काय निर्माण करायची आहे का, आहे का?",D4
"सामाजिक सुरक्षा मंडळाची म्हाजे कार्यक्षमता काय हाय, कायले कशामुळे हाय?","सामाजिक सुरक्षा मंडळाची माझी कार्यक्षमता काय आहे, कशामुळे आहे?",D4
ग्रामपंचायतीत सार्वजनिक स्वच्छता म्हाले काय कार्यक्रमाची यादी आली हाय?,ग्रामपंचायतीत सार्वजनिक स्वच्छता कार्यक्रमाची यादी आली आहे?,D4
"सामाजिक समन्वय योजनेचे म्हाजे माध्यम काय हाय, करवतत काय विविधता हाय?","सामाजिक समन्वय योजनेचे माझे माध्यम काय आहे, करून घेतात काय विविधता आहे?",D4
पोलीस स्टेशनच्या वेळा म्हाले काय?,पोलीस स्टेशनच्या वेळा तुम्हाला काय आहेत?,D4
क्रेडिट कार्ड बिल म्हाज्या नावेला काय?,क्रेडिट कार्ड बिल माझ्या नावेला काय आहे?,D4
"ग्रामपंचायतीत घरकुलाच्या योजनेची यादी आली हाय का, म्हाजे नाव हाय का त्यात?","ग्रामपंचायतीत घरकुल योजनेची यादी आली आहे का, माझे नाव आहे का त्यात?",D4
"आधार कार्ड दुरुस्ती करायची हाय, सेतू केंद्र कुठे हाय?","आधार कार्ड दुरुस्ती करायची आहे, सेतू केंद्र कुठे आहे?",D4
पायजे पोलिस निरीक्षक काय हाय?,पाहिजे पोलिस निरीक्षक कोण आहे?,D4
कायले या घरकुल योजनेमध्ये शिक्षणाचा भाग हाय का?,कशामुळे या घरकुल योजनेमध्ये शिक्षणाचा भाग आहे का?,D4
विद्युत शुल्क किती हाय?,विद्युत शुल्क किती आहे?,D4
ग्रामपंचायतीत या वर्षी किती शाळा बांधायच्या आहेत हाय?,ग्रामपंचायतीत या वर्षी किती शाळा बांधायच्या आहेत आहेत?,D4
"म्हाज्या घरी शौचालय उभे आहे हाय, पायजे यातली स्वच्छता काय हाय?","माझ्या घरी शौचालय उभे आहे आहे, पाहिजे यातली स्वच्छता कोणती आहे?",D4
"क्रेडिट कार्ड दुरुस्ती करायची हाय, पोरगांना काय करावे हाय?","क्रेडिट कार्ड दुरुस्ती करायची आहे, मुलांना काय करावे आहे?",D4
"ग्रामपंचायतीत घरकुलाच्या योजनेची यादी आली हाय का, म्हाजे नाव हाय का त्यात?","ग्रामपंचायतीत घरकुल योजनेची यादी आली आहे का, माझे नाव आहे का त्यात?",D4
"कोणत्या तारखेला वीज गटभर पुन्हा चालू होणार हाय, हाय पुणे शहरात?","कोणत्या तारखेला वीज गटभर पुन्हा चालू होणार आहे, हा पुणे शहरात?",D4
"मले मुख्य शाळेत जायला पायजे हाय, शाळेची बाजारात वाटप कशाला हाय?","मला मुख्य शाळेत जायला पाहिजे आहे, शाळेची बाजारात वाटप कशाला आहे?",D4
सुरुवातीला कोणत्या कार्यक्रमातून माझ्या मुलाची प्रवेशपत्रे मिळणार हाय?,सुरुवातीला कोणत्या कार्यक्रमातून माझ्या मुलाची प्रवेशपत्रे मिळणार आहेत का?,D4
अक्षय त्रितीयाच्या दिवशी कोणत्या वेळेला पारंपारिक शाळा बंद होणार हाय?,अक्षय तृतीयाच्या दिवशी कोणत्या वेळेला पारंपारिक शाळा बंद होणार आहे का?,D4
पोलीस स्टेशनच्या क्षेत्राधिकारी श्री. पाटील मला कायले म्हणतील का किंवा ते काय विचारू शकतात हाय?,पोलीस स्टेशनच्या क्षेत्राधिकारी श्री. पाटील मला कशामुळे म्हणतील का किंवा ते काय विचारू शकतात हा?,D4
नक्षीरिक विवाह ह्या प्रकारातील कोणत्या शाळेकडून सामाजिक कार्यकर्ते येणार हाय?,नक्षीरिक विवाह ह्या प्रकारातील कोणत्या शाळेकडून सामाजिक कार्यकर्ते येणार आहेत का?,D4
कोणत्या दिवशी कोणत्या बँकेच्या मुख्य शाखेत माझ्या विचारांवर आधार ठेवणार हाय?,कोणत्या दिवशी कोणत्या बँकेच्या मुख्य शाखेत माझ्या विचारांवर आधार ठेवणार आहे का?,D4
"हाय पुणे शहरातील पुलाचा पुनर्रचनाकार्य सुरू होणार हाय, पायजे कोणत्या तारखेला?","हा पुणे शहरातील पुलाचा पुनर्रचनाकार्य सुरू होणार आहे, पाहिजे कोणत्या तारखेला?",D4
"मला घरकुल योजनेमध्ये तुमाले काय किंमती दडलेल्या आहेत हाय, म्हाजे पोरगा पुरेसे कशी घेतील?","मला घरकुल योजनेमध्ये तुम्हाला काय किंमती दडलेल्या आहेत हा?, माझा मुलगा पुरेसे कशी घेतील?",D4
"ग्रामपंचायतीत घरकुलाच्या योजनेची यादी आली हाय का, म्हाजे नाव हाय का त्यात?","ग्रामपंचायतीत घरकुल योजनेची यादी आली आहे का, माझे नाव आहे का त्यात?",D4
"आधार कार्ड दुरुस्ती करायची हाय, सेतू केंद्र कुठे हाय?","आधार कार्ड दुरुस्ती करायची आहे, सेतू केंद्र कुठे आहे?",D4
"पानी पुरवठा व्यवस्था कशी हाय, घरात पाण्याचे पुरवठे केव्हा हाय?","पाणी पुरवठा व्यवस्था कशी आहे, घरात पाण्याचे पुरवठे केव्हा आहेत?",D4
"क्रेडिट कार्डमध्ये पैसे जमा करायचे हाय का, बँकेत कोणते म्हाले हाय?","क्रेडिट कार्डमध्ये पैसे जमा करायचे आहे का, बँकेत कोणते म्हणजे आहे?",D4
"ग्रामपंचायतीत शाळेचे नाव काय हाय, शाळेत कोणते पोरगा शिकतात हाय?","ग्रामपंचायतीत शाळेचे नाव काय आहे, शाळेत कोणते मुलगा शिकतात आहे?",D4
"राज्य शासनाची योजना कशी हाय, ग्रामपंचायतीत कोणती योजना हाय?","राज्य शासनाची योजना कशी आहे, ग्रामपंचायतीत कोणती योजना आहे?",D4
"स्थानिक निवडणूकीची तारीख पायजे काय हाय, निवडणुकीत कोणते नाव हाय?","स्थानिक निवडणूकीची तारीख पाहिजे काय आहे, निवडणुकीत कोणते नाव आहे?",D4
"ग्रामपंचायतीत सार्वजनिक शाळेची पूर्वाभ्यास यादी कशी हाय, शाळेत कोणते पोरगा शिकतात हाय?","ग्रामपंचायतीत सार्वजनिक शाळेची पूर्वाभ्यास यादी कशी आहे, शाळेत कोणते मुलगा शिकतात आहे?",D4
"सार्वजनिक वाहनाची यादी कशी हाय, बस कुठे पायजे हाय?","सार्वजनिक वाहनाची यादी कशी आहे, बस कुठे पाहिजे आहे?",D4
"ग्रामपंचायतीत स्वच्छता अभियानाची माहिती कशी हाय, स्वच्छता कार्यशाळेने कोणते पायजे हाय?","ग्रामपंचायतीत स्वच्छता अभियानाची माहिती कशी आहे, स्वच्छता कार्यशाळेने कोणते पाहिजे आहे?",D4
जिल्हा पंचायतदार कार्यालयात शाळेची वेळेवर फेरवारी कायमची करवतत हाय?,जिल्हा पंचायतदार कार्यालयात शाळेची वेळेवर फेरवारी कायमची करून घेतात आहे?,D4
"पोलिस स्टेशनची पासवर्ड कायले काय हाय, म्हाजे नाव पोरगा सांगाला का?",पोलिस स्टेशनची पासवर्ड कशामुळे आहे? माझे नाव मुलगा सांगावे आहे का?,D4
"ग्रामपंचायतीत रास्त दुरुस्ती करायची हाय, पायजे निवडतांना पोरगा कायले काय हाय?","ग्रामपंचायतीत रास्त दुरुस्ती करायची आहे, पाहिजे निवडतांना मुलगा कशामुळे आहे?",D4
"जन्मतिथी नोंदणी करायची हाय, सार्वजनिक वैद्यकीय केंद्र कुठे हाय म्हाजे?","जन्मतिथी नोंदणी करायची आहे, सार्वजनिक वैद्यकीय केंद्र कुठे आहे माझे?",D4
पोलीस स्टेशनचे संपर्क तळे म्हाजे नाव हाय का त्यात हाय?,पोलीस स्टेशनचे संपर्क तळे माझे नाव आहे का त्यात आहे?,D4
पूर्वाभास प्रतिष्ठान कार्यालयात कायवस्तू लावण्याची वेळ म्हाजे पोरगा कायले काय हाय?,पूर्वाभास प्रतिष्ठान कार्यालयात कायवस्तू लावण्याची वेळ माझा मुलगा कशामुळे आहे?,D4
प्राथमिक शाळेच्या ग्रंथालयात म्हाजे नाव हाय का पुस्तके नोंदणी करवतत हाय?,प्राथमिक शाळेच्या ग्रंथालयात माझे नाव आहे का पुस्तके नोंदणी करून घेतात आहे?,D4
"राज्य शाळा निरीक्षण समिती कुठे हाय, म्हाजे निवेदन पोरगा सांगाला का?",राज्य शाळा निरीक्षण समिती कुठे आहे? माझे निवेदन मुलगा सांगावे आहे का?,D4
स्थानिक नागरिकांचे मोठ्या शाळेच्या ग्रंथालयात पुस्तके म्हाजे नाव हाय का नोंदवली जातात हाय?,स्थानिक नागरिकांचे मोठ्या शाळेच्या ग्रंथालयात पुस्तके माझे नाव आहे का नोंदवली जातात आहे?,D4
सामाजिक सेवेच्या कार्यालयात म्हाजे नाव हाय का पोरगा कायले काय हाय?,सामाजिक सेवेच्या कार्यालयात माझे नाव आहे का मुलगा कशामुळे आहे?,D4
"ग्रामपंचायतीच्या शाळांच्या वेळा म्हाजी काय, तुमाले कायमची वेळा ठेवल्या आहेत काय?","ग्रामपंचायतीच्या शाळांच्या वेळा माझी काय, तुम्हाला कायमची वेळा ठेवल्या आहेत काय?",D4
"ग्रामसवलयात नवीन सुविधा म्हाले काय, हाय काय आहेत काय?","ग्रामसवलयात नवीन सुविधा मला काय, आहे काय आहेत काय?",D4
"पाण्याच्या पुरवठ्याचे म्हाजे नाव हाय का, तुमाले कायमची पाणी पुरवठा करायची हाय?","पाण्याच्या पुरवठ्याचे माझे नाव आहे का, तुम्हाला कायमची पाणी पुरवठा करायची आहे?",D4
"नागरी सुरक्षा म्हाले काय, हाय काय केली आहेत काय?","नागरी सुरक्षा मला काय, आहे काय केली आहेत काय?",D4
"ग्रामपंचायतीच्या कार्यालयात काय पोरगा काम करतात हाय, म्हाजी काय सुविधा आहेत काय?","ग्रामपंचायतीच्या कार्यालयात काय मुलगा काम करतात आहे, माझी काय सुविधा आहेत काय?",D4
"नगरसवलयात नागरी सेवा म्हाजे काय, तुमाले कायमची सेवा करण्याची हाय?","नगरसवलयात नागरी सेवा माझी काय, तुम्हाला कायमची सेवा करण्याची आहे?",D4
"पायजे ग्रामपंचायतीच्या बैठका तुमाले कायमची घेतात हाय, म्हाजे काय बैठका असतात काय?","पाहिजे ग्रामपंचायतीच्या बैठका तुम्हाला कायमची घेतात आहे, माझे काय बैठका असतात काय?",D4
"ग्रामसवलयात नवीन कार्यालय म्हाले काय, हाय काय सुविधा आहेत काय?","ग्रामसवलयात नवीन कार्यालय मला काय, आहे काय सुविधा आहेत काय?",D4
"नागरी शिक्षण म्हाले काय, तुमाले कायमची शिक्षणाची हाय?","नागरी शिक्षण मला काय, तुम्हाला कायमची शिक्षणाची आहे?",D4
"पायजे ग्रामपंचायतीच्या आरोग्य सुविधा तुमाले कायमची देतात हाय, म्हाजे काय आरोग्य सुविधा आहेत काय?","पाहिजे ग्रामपंचायतीच्या आरोग्य सुविधा तुम्हाला कायमची देतात आहे, माझे काय आरोग्य सुविधा आहेत काय?",D4
"पुरवठा यंत्राची टप्प्यात नोंदणी करायची हाय, पायजे तुमाले स्वतः केली हाय?","पुरवठा यंत्राची टप्प्यात नोंदणी करायची आहे, पाहिजे तुम्हाला स्वतः केली आहे?",D4
"पुस्तकांचे पुनर्वितरण काय काम हाय, कायले पुस्तके कुठे हाय?","पुस्तकांचे पुनर्वितरण काय काम आहे, कशामुळे पुस्तके कुठे आहेत?",D4
"आयकर वृत्तीची अद्यतनी करायची हाय, सेवा केंद्राचे पत्ते म्हाजी काय?","आयकर वृत्तीची अद्यतनी करायची आहे, सेवा केंद्राचे पत्ते माझे काय आहेत?",D4
"नागरिकांना पासपोर्ट मिळायचा हाय, पोरगा पासपोर्ट कुठे मिळेल हाय?","नागरिकांना पासपोर्ट मिळायचा आहे, मुलगा पासपोर्ट कुठे मिळेल आहे?",D4
"विद्युत बिलाचे भुगतान करायचे हाय, तुमाले कोणता विडिया बिल कार्ड वापरत हाय?","विद्युत बिलाचे भुगतान करायचे आहे, तुम्हाला कोणता विडिया बिल कार्ड वापरत आहे?",D4
"जमानीचे नियंत्रण काय काम हाय, हाय तुमाले नागरिकांना पाहिजे काय?","जमानीचे नियंत्रण काय काम आहे, आहे तुम्हाला नागरिकांना पाहिजे काय?",D4
"पार्किंग शुल्काची अद्यतनी करायची हाय, कायले पार्किंग शुल्क कुठे हाय?","पार्किंग शुल्काची अद्यतनी करायची आहे, कशामुळे पार्किंग शुल्क कुठे आहे?",D4
"ग्राम पंचायतीत घरकुलाची फेरफार करायचा हाय, म्हाजी घरकुलाची वित्तीय स्थिती काय हाय?","ग्राम पंचायतीत घरकुलाची फेरफार करायचा आहे, माझे घरकुलाची वित्तीय स्थिती काय आहे?",D4
"अल्पवयीन नागरिकांचे शिक्षण सेवा काय काम हाय, कायले शिक्षण यंत्र कुठे हाय?","अल्पवयीन नागरिकांचे शिक्षण सेवा काय काम आहे, कशामुळे शिक्षण यंत्र कुठे आहे?",D4
"कोणत्या क्रमांकाचा ब्रॉशचा निर्मिती करायचा हाय, पोरगा ब्रॉशची खरेदी कुठे हाय?","कोणत्या क्रमांकाचा ब्रॉशचा निर्मिती करायचा आहे, मुलगा ब्रॉशची खरेदी कुठे आहे?",D4
"हाय त्यापुरता तुमाले घरकुल योजनेचे फॉर्म भरायचे हाय, कायले काय प्राधान्य आहे?",आहे त्यापुरता तुम्हाला घरकुल योजनेचे फॉर्म भरावे लागते का आणि कशामुळे?,D4
"म्हाजे नाव हाय त्या यादीत, पोरगा पोलीस ठाण्यात जावा लागते हाय.","माझे नाव आहे त्या यादीत, मुलगा पोलीस ठाण्यात जावे लागते आहे.",D4
"आधार कार्ड दुरुस्ती करायची हाय, सेतू केंद्र कुठे हाय, तुमाले म्हाजे नाव काय आहे?","आधार कार्ड दुरुस्ती करावी लागते आहे, सेतू केंद्र कुठे आहे आणि तुम्हाला माझे नाव काय आहे?",D4
"मले जागेचे नोंदणी करायची हाय, कायले काय पुरावे द्यायचे हाय?",मला जागेचे नोंदणी करावी लागते आणि कशामुळे?,D4
"पानी पुरवठा देयकाची यादी मले पाहिजे हाय, करमत काय प्रकारे आहे?",पानी पुरवठा देयकाची यादी मला पाहिजे आहे आणि काय प्रकारे आहे?,D4
"ग्रामसेवक तुमाले घरकुल योजनेचे फॉर्म कुठे द्यायचे हाय, पोरगा काय आहे काम पाहिजे?",ग्रामसेवक तुम्हाला घरकुल योजनेचे फॉर्म कुठे द्यावे लागते आणि मुलगा काय काम करावे लागते?,D4
"आधार कार्ड दुरुस्ती करायची हाय, पायजे मल्या शी काय म्हणायची हाय?",आधार कार्ड दुरुस्ती करावी लागते आणि मला शी काय म्हणावे लागते?,D4
"म्हाजे नाव हाय त्या यादीत, तुमाले पोरगा पोलीस ठाण्यात जावा लागते हाय.","माझे नाव आहे त्या यादीत, तुम्हाला मुलगा पोलीस ठाण्यात जावे लागते आहे.",D4
"पानी पुरवठा देयकाची यादी मले पाहिजे हाय, कायले तुमाले काय काम पाहिजे आहे?",पानी पुरवठा देयकाची यादी मला पाहिजे आहे आणि तुम्हाला काय काम करावे लागते?,D4
"ग्रामपंचायतीत घरकुलाच्या योजनेची यादी आली हाय का, म्हाजी नाव हाय का त्यात?","ग्रामपंचायतीत घरकुल योजनेची यादी आली आहे का, माझे नाव आहे का त्यात?",D4
"आधार कार्ड दुरुस्ती करायची हाय, सेतू केंद्र कुठे हाय?","आधार कार्ड दुरुस्ती करायची आहे, सेतू केंद्र कुठे आहे?",D4
"पोलीस स्थानकात चौकशी करून घेतली हाय, काय वाटते हाय?","पोलीस स्थानकात चौकशी करून घेतली आहे, काय वाटते आहे?",D4
"पोरगा व्हिडीओ क्लिप शाळेत प्रदर्शित करतो हाय का, पायजे काय हाय?","मुलगा व्हिडीओ क्लिप शाळेत प्रदर्शित करतो आहे का, पाहिजे काय आहे?",D4
"म्हाले सार्वजनिक स्वच्छता कार्यालयात संपर्क करायची हाय का, हाय संपर्क तळ हाय?","मला सार्वजनिक स्वच्छता कार्यालयात संपर्क करायची आहे का, आहे संपर्क तळ आहे?",D4
"आयडी प्रूफ कार्ड दिवसभर कार्यालयात नसल्याची माहिती मिळाली हाय, कायले हाय?","आयडी प्रूफ कार्ड दिवसभर कार्यालयात नसल्याची माहिती मिळाली आहे, कशामुळे आहे?",D4
"सार्वजनिक मंडळाचे अधिकारी शिकवण मिळण्याची हाय का, म्हाजी जाणीव हाय का?","सार्वजनिक मंडळाचे अधिकारी शिकवण मिळण्याची आहे का, माझी जाणीव आहे का?",D4
"कलेक्टर कार्यालयात संपर्क करून घेतली हाय, पोरगा जाणे पायजे काय हाय?","कलेक्टर कार्यालयात संपर्क करून घेतली आहे, मुलगा जाणे पाहिजे काय आहे?",D4
"म्हाले राज्य शासनाच्या योजनांच्या पात्र हाय का, हाय पात्रता हाय का?","मला राज्य शासनाच्या योजनांच्या पात्र आहे का, आहे पात्रता आहे का?",D4
"पोलीस स्थानकात चौकशी करून घेतली हाय, तुमाले काय वाटते हाय?","पोलीस स्थानकात चौकशी करून घेतली आहे, तुम्हाला काय वाटते आहे?",D4
"ग्रामपंचायतीत घरकुलाच्या योजनेची यादी आली हाय का, म्हाजे नाव हाय का त्यात?","ग्रामपंचायतीत घरकुल योजनेची यादी आली आहे का, माझे नाव आहे का त्यात?",D4
"आधार कार्ड दुरुस्ती करायची हाय, सेतू केंद्र कुठे हाय?","आधार कार्ड दुरुस्ती करायची आहे, सेतू केंद्र कुठे आहे?",D4
म्हाले विद्युत वितरण कंपनीच्या बिलाच्या भरणाच्या शुल्कात काय बदल केला आहे हाय?,मला विद्युत वितरण कंपनीच्या बिलाच्या भरणाच्या शुल्कात काय बदल केला आहे आहे?,D4
कोणाचीही वाटप व्यवस्था केली पाहिजे पोरगा काय?,कोणाचीही वाटप व्यवस्था केली पाहिजे मुलगा काय?,D4
"म्हाजी पार्किंग स्थळाची व्यवस्था सुधारायची हाय, सध्या तर काय अडचणी हाय?","माझी पार्किंग स्थळाची व्यवस्था सुधारायची आहे, सध्या तर काय अडचणी आहे?",D4
तुमाले पाणी पुरवठ्याच्या व्यवस्थेत काय बदल केला आहे हाय?,तुम्हाला पाणी पुरवठ्याच्या व्यवस्थेत काय बदल केला आहे आहे?,D4
ग्रामपंचायतीत कोणते शेतकरी स्वयं सहाय्य योजनेचे लाभ घेतात हाय?,ग्रामपंचायतीत कोणते शेतकरी स्वयं सहाय्य योजनेचे लाभ घेतात आहे?,D4
आधार कार्ड सारख्या महत्त्वाच्या योजनेचे लाभ कोणते नागरिकांना दिले जातात हाय?,आधार कार्ड सारख्या महत्त्वाच्या योजनेचे लाभ कोणते नागरिकांना दिले जातात आहे?,D4
तुमाले प्रशासनाच्या शाळेच्या वेळेत काय बदल केला आहे हाय?,तुम्हाला प्रशासनाच्या शाळेच्या वेळेत काय बदल केला आहे आहे?,D4
"कलेक्टरांच्या निर्देशानुसार पाण्यापूर्तीची यादी म्हाले पाहिजे का, हाय त्यात माझे घरचे नाव हाय?","कलेक्टरांच्या निर्देशानुसार पाण्यापूर्तीची यादी माझे पाहिजे आहे, हाय त्यात माझे घरचे नाव आहे का?",D4
"पोलिस स्टेशनच्या पत्तीची नोंद करायची हाय, तुमाले नाव हाय का त्यात?","पोलिस स्टेशनच्या पत्तीची नोंद करायची आहे, तुम्हाला नाव आहे का त्यात?",D4
"आयडी कार्डची प्रती म्हाजे घेण्याची हाय, करवतत कोण कार्ड देईल?","आयडी कार्डची प्रती माझी घेण्याची आहे, करून घेतात कोण कार्ड देतील?",D4
"कलेक्टर कार्यालयात चौकशी करायची हाय, कायले तुम्हाला कोण सांगणार?","कलेक्टर कार्यालयात चौकशी करायची आहे, कशामुळे तुम्हाला कोण सांगणार?",D4
"पाणीपुरवठा व्यवस्था हाय, पायजे तुम्ही पाणी पिणारी यादी म्हाले पाहिजे का?","पाणीपुरवठा व्यवस्था आहे, पाहिजे तुम्ही पाणी पिणारी यादी माझे पाहिजे का?",D4
"तुम्ही वीज पुरवठा कशी आहे हाय, माथून तुम्ही कोणासाठी वीज देणार?","तुम्ही वीज पुरवठा कशी आहे आहे, मधून तुम्ही कोणासाठी वीज देणार?",D4
"नागरिक सेवा केंद्रात चौकशी करायची हाय, पोरगा कोणासाठी काम करतो","नागरिक सेवा केंद्रात चौकशी करायची आहे, मुलगा कोणासाठी काम करतो?",D4
"पूर्वसूचना म्हाले पाहिजे का, तुम्ही कोणासाठी कार्यालयी कार्य करणार?","पूर्वसूचना माझी पाहिजे आहे, तुम्हाला कोणासाठी कार्यालयी कार्य करणार?",D4
"नागरिकांच्या मागण्या म्हाजे नोंदवायच्या हाय, हाय तुम्ही कोणासाठी काम करता","नागरिकांच्या मागण्या माझी नोंदवायच्या आहे, हाय तुम्ही कोणासाठी काम करता?",D4
"गावाच्या स्वच्छतेसाठी कार्यकर्ते म्हाले आहेत का, तुम्ही कोणासाठी काम करता हाय?","गावाच्या स्वच्छतेसाठी कार्यकर्ते माझे आहेत का, तुम्ही कोणासाठी काम करता हाय?",D4
"नागरिकत्वाचे प्रमाणपत्र काय हाय, पायजे ते दाखवायला पाहिजे का?","नागरिकत्वाचे प्रमाणपत्र काय आहे, पाहिजे ते दाखवायला आहे का?",D4
"पोलीस स्टेशन कुठे हाय, म्हाजी शिक्षा घेऊन जायला पाहिजे का?","पोलीस स्टेशन कुठे आहे, माझी शिक्षा घेऊन जायला आहे का?",D4
"पाण्याचे पुरवठा होत आहे का, म्हाज्या घराला पाणी हाय चालू आहे का?","पाण्याचे पुरवठा होत आहे, माझ्या घराला पाणी आहे का चालू आहे?",D4
"स्वच्छता अभियानाचे काम पूर्ण होण्याची मुदत काय हाय, पायजे त्यात जोडण्याची पाहिजे का?","स्वच्छता अभियानाचे काम पूर्ण होण्याची मुदत काय आहे, पाहिजे त्यात जोडण्याची आहे का?",D4
"ग्रामपंचायतीच्या सभा कुठे हाय, म्हाजी राजे पुढे चालण्याची पाहिजे का?","ग्रामपंचायतीच्या सभा कुठे आहे, माझी राजे पुढे चालण्याची आहे का?",D4
"मुलगा शाळेत जायला हवा आहे का, तो शाळेला काय हाय तेवढा पोरगा?","मुलगा शाळेत जायला आहे का, तो शाळेला काय आहे तेवढा मुलगा?",D4
"पुस्तके आणि कागदपात्रे निवडण्याची वेळ हाय, पायजे ती सुरू करून घेतली पाहिजे का?","पुस्तके आणि कागदपात्रे निवडण्याची वेळ आहे, पाहिजे ती सुरू करून घेतली आहे का?",D4
"सार्वजनिक आरोग्य केंद्र कुठे हाय, म्हाजी वैद्यकीय शिक्षा घेऊन जायला पाहिजे का?","सार्वजनिक आरोग्य केंद्र कुठे आहे, माझी वैद्यकीय शिक्षा घेऊन जायला आहे का?",D4
"कोपर्डी वैद्यकीय महाविद्यालयाचे पत्ता काय हाय, पायजे त्यात शिक्षा घेण्याची पाहिजे का?","कोपर्डी वैद्यकीय महाविद्यालयाचे पत्ता काय आहे, पाहिजे त्यात शिक्षा घेण्याची आहे का?",D4
"प्रत्येक 10 वर्षात एकदा नोंदणी करण्याची पायजे हाय, काय हाय नोंदणीची तारीख?","प्रत्येक 10 वर्षात एकदा नोंदणी करण्याची पाहिजे आहे, काय आहे नोंदणीची तारीख?",D4
"क्रेडिट कार्ड दुरुस्ती करायची हाय, सेतू केंद्र कुठे हाय?","क्रेडिट कार्ड दुरुस्ती करायची आहे, सेतू केंद्र कुठे आहे?",D4
"ग्रामपंचायतीत घरकुलाच्या योजनेची यादी आली हाय का, म्हाजे नाव हाय का त्यात?","ग्रामपंचायतीत घरकुल योजनेची यादी आली आहे का, माझे नाव आहे का त्यात?",D4
"आधार कार्ड दुरुस्ती करायची हाय, ऑनलाइन कशी करायची हाय?","आधार कार्ड दुरुस्ती करायची आहे, ऑनलाइन कशी करायची आहे?",D4
कोणत्या शाळेत पायजे शाळा पाहिजे हाय?,कोणत्या शाळेत पाहिजे शाळा पाहिजे आहे?,D4
"आमच्या ग्रामपंचायतेचा प्राधिकरणी नेमला हाय, तुमाले काय म्हणाले हाय?","आमच्या ग्रामपंचायतेचा प्राधिकरणी नेमला आहे, तुम्हाला काय म्हणाला आहे?",D4
"सरकारी योजनेचे देयक म्हाले पोचले नाहीत का, कायले ते पोचवण्यासाठी?","सरकारी योजनेचे देयक माझे पोचले नाहीत का, कशामुळे ते पोचवण्यासाठी?",D4
"जिल्हा परिषदेच्या योजनेमध्ये पोरगांची शिक्षण यादी आली हाय का, तुम्हाले काय म्हणाले हाय?","जिल्हा परिषदेच्या योजनेमध्ये मुलगांची शिक्षण यादी आली आहे का, तुम्हाला काय म्हणाले आहे?",D4
"आम्ही पुरवठा भरण्यासाठी तुमाले काय म्हणाले हाय, पोरगांची शिक्षण यादी पाळण्यासाठी?","आम्ही पुरवठा भरण्यासाठी तुम्हाला काय म्हणाले आहे, मुलगांची शिक्षण यादी पाळण्यासाठी?",D4
"पुरवठा भरण्यासाठी नोंदणी करायची हाय, कोणत्या सेवेच्या माध्यमातून करायची हाय?","पुरवठा भरण्यासाठी नोंदणी करायची आहे, कोणत्या सेवेच्या माध्यमातून करायची आहे?",D4
"आमच्या ग्रामपंचायतेतील स्वीकृत विद्यार्थ्यांची यादी म्हाले पोचली नाहीत का, तुमाले काय म्हणाले हाय?","आमच्या ग्रामपंचायतेतील स्वीकृत विद्यार्थ्यांची यादी माझी पोचली नाहीत का, तुम्हाला काय म्हणाले आहे?",D4
"आज गावात रात्री ९ वाजता माझ्या घरी संदेश आहे हाय, पायजे कुणाचा हाय?","आज गावात रात्री ९ वाजता माझ्या घरी संदेश आहे, काय पाहिजे हे कुणाचे?",D4
"मला क्रेडिट कार्डला भरण करवतत आहे हाय, कायले बिल खूप जास्त हाय.","मला क्रेडिट कार्डला भरण करून घेतात आहे, कशामुळे बिल खूप जास्त आहे?",D4
"पोरगा शाळेत बायोमेट्रिक अॅटेंडन्स करवतत आहे हाय, पायजे किती वेळा हाय?","मुलाला शाळेत बायोमेट्रिक अॅटेंडन्स करून घेतात आहे, काय पाहिजे हे किती वेळा?",D4
"मले बँकेत सेविंग्ज खाते उघडवले हाय, हाय त्यात जास्त रक्कम आहे हाय.","मलाला बँकेत सेविंग्ज खाते उघडवले आहे, आहे त्यात जास्त रक्कम आहे.",D4
"पोरगा आता स्कूलला गेला हाय, माथून तो खूप आनंदी आहे हाय.","मुलाने आता स्कूलला गेला आहे, तो मधून तो खूप आनंदी आहे.",D4
"आज माझ्या भावाने माझ्या घरी भेट केली हाय, हाय त्याने खूप भेटी दिली हाय.","आज माझ्या भावाने माझ्या घरी भेट केली आहे, त्याने खूप भेटी दिल्या आहे.",D4
"मले आज शाळेत परीक्षा देणारे हाय, पायजे मला जास्त घाबरत नाही हाय.","मलाला आज शाळेत परीक्षा देणारे आहे, काय पाहिजे हे मला जास्त घाबरत नाही.",D4
"पोरगा आता ब्रेकफास्ट करवतत आहे हाय, कायले त्याला खूप प्याली आहे हाय.","मुलाला आता ब्रेकफास्ट करून घेतात आहे, कशामुळे त्याला खूप प्याली आहे?",D4
"आज माझ्या मित्राने मला फोन केला हाय, हाय त्याने खूप मजा केली हाय.","आज माझ्या मित्राने मला फोन केला आहे, त्याने खूप मजा केला आहे.",D4
"मला आज शाळेत प्रिंसिपलची भेट करवतत आहे हाय, पायजे मला जास्त घाबरत नाही हाय.","मलाला आज शाळेत प्रिंसिपलची भेट करून घेतात आहे, काय पाहिजे हे मला जास्त घाबरत नाही.",D4
"माझ्या भावाने आजचे दिनचेरी खूप पोरगा म्हाजी आवडले, म्हाले सगळ्यांनी आनंदाने खायला बसले.","माझ्या भावाने आजचे दिनचेरी खूप मुलगा आवडले, तुम्हाला सगळ्यांनी आनंदाने खायला बसले.",D4
तुम्ही काय भेटून घेतली हाय? पोरगा शाळेत जाण्यासाठी काय काय सामानाची तयारी करवतत हाय.,तुम्ही काय भेटून घेतले आहे? मुलाला शाळेत जाण्यासाठी काय काय सामानाची तयारी करून घेतात आहे.,D4
"मल्या पोरगा नोकरी शोधता आले नाही हाय, मला ही फक्त नोकरी म्हाजी आवडते हाय.","मुलाला नोकरी शोधता आली नाही आहे, मला ही फक्त नोकरी माझी आवडते आहे.",D4
म्हाजी मोठ्या भावाने मल्याला आजचे दिनचेरी खूप पोरगा भेटले हाय.,माझ्या मोठ्या भावाने मुलाला आजचे दिनचेरी खूप मुलगा भेटले आहे.,D4
"मल्या पोरगा आज कॉलेजमध्ये परीक्षा द्यायला जात आहे हाय, हाय मल्याला तुमाले आनंदाने जाण्याची पण पायजे हाय.","मुलाला आज कॉलेजमध्ये परीक्षा द्यायला जात आहे आहे, मला तुम्हाला आनंदाने जाण्याची पाहिजे आहे.",D4
"आजचे दिनचेरी माझ्या पोरगा म्हाजी खूप आवडले हाय, तुमाले सगळ्यांनी आनंदाने खायला बसले हाय.","आजचे दिनचेरी मुलाला माझी खूप आवडले आहे, तुम्हाला सगळ्यांनी आनंदाने खायला बसले आहे.",D4
"मल्या भावाने आजचे दिनचेरी माझ्या हाताने पोरगा दिले हाय, मल्याला तुमाले खूप आनंदाने घेतले हाय.","माझ्या भावाने आजचे दिनचेरी मुलाला माझ्या हाताने दिले आहे, मला तुम्हाला खूप आनंदाने घेतले आहे.",D4
"म्हाजी मोठ्या भावाने आजचे दिनचेरी माझ्या पोरगा भेटले हाय, मल्याला कायले यात काय काय हाय?","माझ्या मोठ्या भावाने आजचे दिनचेरी मुलाला माझ्या मुलगा भेटले आहे, मला कशामुळे यात काय काय आहे?",D4
मधून येणाऱ्या रेल्वेमध्ये मला खूप मोठा लावण्याचा झाड झाला हाय.,मधून येणाऱ्या रेल्वेमध्ये मला खूप मोठा लावण्याचा झाड झाला आहे.,D4
आज मला माझ्या पोराले सारखे स्टेशनवर पोहोचले हाय.,आज मला मुलाला सारखे स्टेशनवर पोहोचले आहे.,D4
"आज गावात मोठा बाजार भरला हाय, भाजीपाला खूप स्वस्त हाय.","आज गावात मोठा बाजार भरला आहे, भाजीपाला खूप स्वस्त आहे.",D4
"पोरगे शाळेमध्ये क्रिकेट स्पर्धेत सहभागी झाले हाय, सगळे खूप आनंदित झाले हाय.","मुलांनी शाळेमध्ये क्रिकेट स्पर्धेत सहभाग घेतला आहे, सगळे खूप आनंदित झाले आहेत.",D4
"आज भेटी देताना माझ्या भावाला खूप आनंद झाला हाय, तो खूप खुश झाला हाय.","आज भेटी देताना माझ्या भावाने खूप आनंद झाला आहे, तो खूप खुश झाला आहे.",D4
"पोरग्यांना आज शाळेमध्ये खेळण्यासाठी विशेष माहिती दिली हाय, ते खूप उत्साहित झाले हाय.","मुलांना आज शाळेमध्ये खेळण्यासाठी विशेष माहिती दिली आहे, ते खूप उत्साहित झाले आहेत.",D4
आजच्या पोलादी माझी पायजे नीट गाढवून घ्यावी लागेल हाय.,आजच्या पोलादी माझी पाहिजे नीट गाढवून घ्यावी लागेल आहे.,D4
मले रोजचे पुस्तक म्हाजी कागदी पेन म्हाले नसताना शाळेत कसले काम करावे?,मुलाने रोजचे पुस्तक माझी कागदी पेन मला नसताना शाळेत कसले काम करावे?,D4
"गावातील पाणी पुरवठा खूप वाईट हाय, म्हाजी पानी पीताने काय होईल?","गावातील पाणी पुरवठा खूप वाईट आहे, माझी पानी पीताने काय होईल?",D4
"तुम्हाले कोणती नोकरी केली हाय, मला एका अचूक माहिती कुठे मिळेल?","तुम्हाला कोणती नोकरी केली आहे, मुलाला एका अचूक माहिती कुठे मिळेल?",D4
"हाय, मला सुरुवातीची पैसे कशी मिळावी? एका बालकी बँकेत जाताना काय होईल?","आहे, मुलाला सुरुवातीची पैसे कशी मिळावी? एका बालकी बँकेत जाताना काय होईल?",D4
"म्हाले एका अचूक डॉक्टर कुठे हाय, मला कोणी सांगितला होता?","मला एका अचूक डॉक्टर कुठे आहे, मुलाला कोणी सांगितला होता?",D4
"हाय, तुमाले पायजे माझी खूप वेळा कॉलेजमध्ये जाणार हाय, मला पोरग्या बोलताना काय होईल?","आहे, तुम्हांला पाहिजे माझी खूप वेळा कॉलेजमध्ये जाणार आहे, मुलाला मुलगा बोलताना काय होईल?",D4
"आज गावात मोठा बाजार भरला हाय, भाजीपाला खूप स्वस्त हाय.","आज गावात मोठा बाजार भरला आहे, भाजीपाला खूप स्वस्त आहे.",D4
"माझ्या भावाले शाळेला सुट्टी भेटली हाय, आता व्हिडिओ गेम खेळता येते हाय.","माझ्या भावाला शाळेला सुट्टी मिळाली आहे, आता व्हिडिओ गेम खेळता येते आहे.",D4
"आज गावात जाताना माझ्या मित्राला माझा फोन द्यावा हाय, त्याला फोनवरून बोलावे लागेल हाय.","आज गावात जाताना माझ्या मित्राला माझा फोन द्यावा आहे, त्याला फोनवरून बोलावे लागते आहे.",D4
"माझ्या भावाले शाळेत एकूण 50 प्रश्नचा पेपर होता हाय, ते संपला हाय.","माझ्या भावाला शाळेत एकूण 50 प्रश्नचा पेपर होता आहे, तो संपला आहे.",D4
"आज माझ्या मित्राला बोर्डची परीक्षा होती हाय, त्याला परीक्षेतून सार्वजनिकपणे बोलता येतात हाय.","आज माझ्या मित्राला बोर्डची परीक्षा होती आहे, त्याला परीक्षेतून सार्वजनिकपणे बोलता येतात आहेत.",D4
"माझ्या आईले सांगितले की माझ्या भावाला चप्पलची पायजे हाय, त्याला चप्पलची गरज आहे हाय.","माझ्या आईने सांगितले की माझ्या भावाला चप्पलची पाहिजे आहे, त्याला चप्पलची गरज आहे आहे.",D4
"आज माझ्या मित्राला सायकलचे फिटिंग करावे लागले हाय, ते सायकल चालवतात हाय.","आज माझ्या मित्राला सायकलचे फिटिंग करावे लागते आहे, ते सायकल चालवतात आहेत.",D4
"माझ्या भावाले शाळेला सुट्टी भेटली हाय, आता ते पिकनिकची तयारी करतात हाय.","माझ्या भावाला शाळेला सुट्टी मिळाली आहे, आता ते पिकनिकची तयारी करतात आहेत.",D4
तुमाले कोणत्या नेटवर्कचे मोबाइल फोन आहे हाय?,तुम्हाला कोणत्या नेटवर्कचे मोबाइल फोन आहे आहे?,D4
"आम्ही नाश्ता करवतत हाय, म्हाजी भाजीपाला स्वस्त आहे हाय.","आम्ही नाश्ता करून घेतात आहे, माझी भाजीपाला स्वस्त आहे आहे.",D4
म्हाले माझ्या बाबांची पालथी दाखवा हाय.,मला माझ्या बाबांची पालथी दाखवा आहे.,D4
"म्हाले पोरगा स्कूलमध्ये जातो हाय, म्हाजी खूप आनंद हाय.","मला मुलगा स्कूलमध्ये जातो आहे, माझी खूप आनंद आहे आहे.",D4
तुमाले पायजे एका चहा पट्टी मध्ये जा हाय?,तुम्हाला एका चहा पट्टी मध्ये जा पाहिजे आहे?,D4
"आम्ही घरी आले हाय, म्हाज्या आईने खूप आनंद झाला हाय.","आम्ही घरी आले आहे, माझ्या आईने खूप आनंद झाला आहे.",D4
आज पाहिजे घरी चहा पाजता हाय.,आज पाहिजे घरी चहा पाजत आहे.,D4
"म्हाले बाजारात पोरगा नवरा मिळवला हाय, खूप आनंद झाला हाय.","मुलाला बाजारात नवरा मिळाला आहे, खूप आनंद झाला आहे.",D4
"ह्या गावात मोठा सण भरणारा हाय, खूप उत्साहाने तयार होऊन.","ह्या गावात मोठा सण भरणार आहे, खूप उत्साहाने तयार होऊन.",D4
तुमाले आज रात्री सिनेमात जायला पायजे हाय.,तुम्हाला आज रात्री सिनेमात जायला पाहिजे आहे.,D4
कायले माझा म्हाजा स्टेशनवर चेंगा वगरे का गेला हाय?,कशामुळे माझा स्टेशनवर चेंगा वगरे गेला आहे?,D4
म्हाले माझ्या मित्राला आज विद्यार्थी परीक्षा होणारी हाय.,मुलाला माझ्या मित्राला आज विद्यार्थी परीक्षा होणार आहे.,D4
पोरग्यांच्या म्हाज्या शाळेत खूप मोठी परीक्षा होणारी हाय.,मुलांच्या माझ्या शाळेत खूप मोठी परीक्षा होणार आहे.,D4
आज गावात शाळेमध्ये नवीन शिक्षक भरला हाय.,आज गावात शाळेमध्ये नवीन शिक्षक भरला आहे.,D4
आम्ही नाश्त्यासाठी पोळी आणि मिठाई खाली बसले हाय.,आम्ही नाश्त्यासाठी पोळी आणि मिठाई खाली बसलो आहे.,D4
आज दुपारी दोन वाजता आमच्या गावात वीज पुन्हा चालू केली हाय.,आज दुपारी दोन वाजता आमच्या गावात वीज पुन्हा चालू केली आहे.,D4
"आज गावात मोठी शाळा बांधली जात आहे हाय, प्राधान्याने प्राथमिक शाळा सुरू होणार हाय.","आज गावात मोठी शाळा बांधली जात आहे, प्राधान्याने प्राथमिक शाळा सुरू होणार आहे.",D4
"आज दुपारी म्हाले सांगितले, की तुमाले घरी जाऊन भोजन परतत.","आज दुपारी मला सांगितले, की तुम्हाला घरी जाऊन भोजन करावे.",D4
"म्हाजी चाकोरी पाहिजे, कशामुळे ती हळूहळू खाली कोसळत हाय.","माझी चाकोरी पाहिजे, कशामुळे ती हळूहळू खाली कोसळत आहे.",D4
"पोरगा वर्षात पुसा करून घेतात, तो खूप कुरकुरीत हाय.","मुलगा वर्षात पुसा करून घेतात, तो खूप कुरकुरीत आहे.",D4
"आज गावात मोठा बाजार भरला हाय, भाजीपाला खूप स्वस्त हाय.","आज गावात मोठा बाजार भरला आहे, भाजीपाला खूप स्वस्त आहे.",D4
"कली पाहिजे, कशामुळे तीच पूर्ण झाली नाही हाय.","कली पाहिजे, कशामुळे तीच पूर्ण झाली नाही आहे.",D4
"कॉलेजमध्ये शाळा चालू हाय, हे तुमाले जाणार हाय.","कॉलेजमध्ये शाळा चालू आहे, हे तुम्हाला जाणार आहे.",D4
"म्हाजी पुसा खुप मोठा केला आहे, तो पाहिजे हाय.","माझी पुसा खुप मोठा केला आहे, तो पाहिजे आहे.",D4
आज दुपारी वडिलांनी म्हले की तुमाले कॉलेजमध्ये जाऊन शिकत.,"आज दुपारी वडिलांनी मला सांगितले, की तुम्हाला कॉलेजमध्ये जाऊन शिकले पाहिजे.",D4
पोरगा पुसा करून म्हाजी क्षुधा तोडली हाय.,मुलगा पुसा करून माझी क्षुधा तोडली आहे.,D4
"हाय, माझ्या मुलाला शाळेला जावे लागते म्हाले.","आहे, माझ्या मुलाला शाळेला जावे लागते मला.",D4
"म्हाजी मैत्रिणीला तिच्या फोटोवर हाय, तिचे नाव हाय.","माझ्या मैत्रिणीला तिच्या फोटोवर आहे, तिचे नाव आहे.",D4
"मला हाय, सगळा पैसा हयात केला पाहिजे.","आहे, सगळा पैसा हयात केला पाहिजे.",D4
"मला हाय, मला म्हाज्या मित्राला बोलावे पाहिजे.","आहे, मला माझ्या मित्राला बोलावे पाहिजे.",D4
"आज माझ्या भावांना जन्मदिन हाय, तुम्हाला कसले सांगितले हाय?","आज माझ्या भावांना जन्मदिन आहे, तुम्हाला काय सांगितले आहे?",D4
"मले दही पुरण पोली घेण्यासाठी पाहिजे हाय, मला गाडीची कशी निवड केली हाय?","माझे दही पुरण पोली घेण्यासाठी पाहिजे आहे, मला गाडीची कशी निवड केली आहे?",D4
"आज माझ्या मैत्रिणीने सायकलची खरेदी केली हाय, तुम्हाला कुठे घेऊन जाणार हाय?","आज माझ्या मैत्रिणीने सायकलची खरेदी केली आहे, तुम्हाला कुठे घेऊन जाणार आहे?",D4
"मले काय बाहेर जाण्यासारखे नाही हाय, घरी राहून काय करावे हाय?","माझे काय बाहेर जाण्यासारखे नाही आहे, घरी राहून काय करावे आहे?",D4
"मल्या मित्राला प्लास्टिकचा हौद लावावा हाय, त्याचे काय करावे हाय?","माझ्या मित्राला प्लास्टिकचा हौद लावावा आहे, त्याचे काय करावे आहे?",D4
"आज मला क्रीडा स्पर्धेत भाग घ्यावा हाय, मल्या पायजे काय करावे हाय?","आज मला क्रीडा स्पर्धेत भाग घ्यावा आहे, मल्या पाहिजे काय करावे आहे?",D4
"मले काय म्हाज्या भावांच्या घरी जाण्यासारखे नाही हाय, कशामुळे हाय?","माझे काय माझ्या भावांच्या घरी जाण्यासारखे नाही आहे, कशामुळे आहे?",D4
"मल्या वडिलांनी मल्या मोठा शेफ केला हाय, मल्या आनंद झाला हाय?","माझ्या वडिलांनी माझ्या मोठा केला आहे, मल्या आनंद झाला आहे?",D4
"आज मला माझ्या मैत्रिणीच्या घरी जाण्यासारखे नाही हाय, कशामुळे हाय?","आज मला माझ्या मैत्रिणीच्या घरी जाण्यासारखे नाही आहे, कशामुळे आहे?",D4
"मल्या मैत्रिणीने मल्या फ्रेंडच्या संगीताची पार्टी केली हाय, मल्या आनंद झाला हाय?","माझ्या मैत्रिणीने माझ्या फ्रेंडच्या संगीताची पार्टी केली आहे, मल्या आनंद झाला आहे?",D4
"माझे भाऊला सुट्टी मिळाली हाय, सगळे कुटुंब सोबत गावात गेले हाय.","माझे भाऊला सुट्टी मिळाली आहे, सगळे कुटुंब सोबत गावात गेले आहे.",D4
"मुलगा स्कूलला जातो हाय, मी कोणत्या कामाला जाणार आहे हाय?","मुलगा स्कूलला जातो आहे, मी कोणत्या कामाला जाणार आहे?",D4
"माझ्या आईला आज जन्मदिन आहे हाय, सगळे कुटुंब तिच्या साठी गावात आले हाय.","माझ्या आईला आज जन्मदिन आहे, सगळे कुटुंब तिच्या साठी गावात आले आहे.",D4
"माझे मित्राला आज होयसंगत पासपोर्ट भेटला हाय, तो म्हणतो हाय, ""आज बाहेर जायचे पोरगा पोरगा केले हाय""","माझे मित्राला आज होयसंगत पासपोर्ट मिळाला आहे, तो म्हणतो, ""आज बाहेर जायचे मुलगा मुलगा केले आहे""",D4
"आज शाळेत गणिताची परीक्षा आहे हाय, मी कोणत्या किती प्रश्नाची तयारी केली हाय?","आज शाळेत गणिताची परीक्षा आहे, मी कोणत्या किती प्रश्नाची तयारी केली आहे?",D4
"माझी आईला आज जन्मदिन आहे हाय, मी कोणते गिफ्ट देणार हाय?","माझी आईला आज जन्मदिन आहे, मी कोणते गिफ्ट देणार आहे?",D4
"आज शाळेत संगीताचे स्पर्धा आहे हाय, मी कोणत्या गाण्याचा तयारी केली हाय?","आज शाळेत संगीताचे स्पर्धा आहे, मी कोणत्या गाण्याचा तयारी केली आहे?",D4
"आज शाळेत माझी परीक्षा आहे हाय, मी किती घटकाची तयारी केली हाय?","आज शाळेत माझी परीक्षा आहे, मी किती घटकाची तयारी केली आहे?",D4
"आज गावात मोठा बाजार भरला हाय, भाजीपाला खूप स्वस्त हाय.","आज गावात मोठा बाजार भरला आहे, भाजीपाला खूप स्वस्त आहे.",D4
माझ्या भावाला संध्याकाळी कोणत्या गाड्येतून येत आहेत हाय?,माझ्या भावाला संध्याकाळी कोणत्या गाड्येतून येत आहेत का?,D4
पोरगाला बोर्डिंगसहाय कशाला पाहिजे हाय?,मुलाला बोर्डिंगशहाय कशाला पाहिजे का?,D4
तुमाले काय केले आहे हाय? पुढे काय करावे हाय?,तुम्हाला काय केले आहे? पुढे काय करावे का?,D4
आमचे बाळ पाळण्यातले पाउशे गाडी खाड्यात पडली आहेत हाय.,आमचे बाळ पाळण्यातले पाउशे गाडी खाड्यात पडली आहेत.,D4
काय त्यांनी मला बोलावले का हाय?,काय त्यांनी माझ्याशी बोलावले का?,D4
माथून काय निवडती पाहिजे हाय?,मधून काय निवडती पाहिजे का?,D4
माझ्या मुलाला आज डॉक्टराला जायला पाहिजे हाय.,माझ्या मुलाला आज डॉक्टराला जायला पाहिजे आहे.,D4
"आज रात्री सोळा वाजता मला जागा येते हाय, पाहिजे का हाय?","आज रात्री सोळा वाजता मला जागा येते आहे, कशामुळे का?",D4
कोणती क्रेडिट कार्ड कंपनी सगळ्यांची बकाया भरते हाय?,कोणती क्रेडिट कार्ड कंपनी सगळ्यांची बकाया भरते?,D4
"मला कोणतीही सारखी मोबाइल फोन नसली आहे, म्हाजी मैत्रिणी मला भेटीला घ्यावे पायजे हाय.","मला कोणतीही सारखी मोबाइल फोन नाही, माझ्या मैत्रिणींनी मला भेटीला घ्यावी पाहिजे.",D4
"आज माझे वडील बाहेर जायला निघाले हाय, मले त्यांना खूपच वेळा खायला पायजे हाय.","आज माझे वडील बाहेर जायला निघाले आहेत, मला त्यांना खूपच वेळा खायला पाहिजे.",D4
"आज माझे नवरे बाहेर जायला निघाले हाय, मले त्यांना खूपच वेळा खायला पायजे हाय.","आज माझे नवरे बाहेर जायला निघाले आहेत, मला त्यांना खूपच वेळा खायला पाहिजे.",D4
"मला म्हाजी सावत्री मुलीचे गाणे खूप आवडते हाय, तुमाले किती दिवसाची हाय.","मला माझी सावत्री मुलीचे गाणे खूप आवडते आहे, तुम्हाला किती दिवसाचे आहे.",D4
"आज घरी माझ्या बहिणीने मोठा बधिर भाऊ हाय, म्हाले किती दिवसाचा हाय.","आज घरी माझ्या बहिणीने मोठा बधिर भाऊ आहे, मला किती दिवसाचा आहे.",D4
"मला आज म्हाजी सावत्रा भाऊचा जन्मदिन हाय, तुमाले किती वर्षाचा हाय.","मला आज माझी सावत्रा भाऊचा जन्मदिन आहे, तुम्हाला किती वर्षाचा आहे.",D4
"आज घरी माझ्या मुलीने तिच्या मित्राला फोन केला हाय, तुमाले किती वेळाचा हाय.","आज घरी माझ्या मुलीने तिच्या मित्राला फोन केला आहे, तुम्हाला किती वेळाचा आहे.",D4
"मला म्हाले कॉलेजमध्ये तुमाले शाळेत शिकतांना कशामुळे संशोधनासाठी हाय, काय लेबरासाठी तुम्हाला शाळेत शिकायला पाहिजे?","मुलाला कॉलेजमध्ये तुम्हाला शाळेत शिकतांना कशामुळे संशोधनासाठी आहे, काय लेबरासाठी तुम्हाला शाळेत शिकायला पाहिजे?",D4
"मला म्हाले कॉलेजमध्ये तुमाले शाळेत शिकतांना कशामुळे जाहिरातीसाठी हाय, काय तुम्हाले व्हिडी व्हायरल करायला पाहिजे?","मुलाला कॉलेजमध्ये तुम्हाले शाळेत शिकतांना कशामुळे जाहिरातीसाठी आहे, काय तुम्हाले व्हिडी व्हायरल करायला पाहिजे?",D4
"मला हाय, मला तुम्हाले बँकिंग सेवांसाठी काय आहे?","माझ्या आहे, मुलाला तुम्हाले बँकिंग सेवांसाठी काय आहे?",D4
"आज शाळेत माझे मित्रांशी फोन करवतत हाय, पायजे तुम्ही फोन परतला हाय.","आज शाळेत माझे मित्रांसोबत फोन करून घेतात, पाहिजे तुम्ही फोन परता आहे.",D4
"आज गावात मोठा बाजार भरला हाय, भाजीपाला खूप स्वस्त हाय.","आज गावात मोठा बाजार भरला आहे, भाजीपाला खूप स्वस्त आहे.",D4
"आमच्या पोरग्याला पाठशाळा सुरु झाली हाय, म्हाले तो खूप आनंदित हाय.","आमच्या मुलाला पाठशाळा सुरु झाली आहे, मला तो खूप आनंदित आहे.",D4
"गावात नवरा-बायकोचा पार्टी माथून झाला हाय, हाय हाय हाय हाय.","गावात नवरा-बायकोचा पार्टी वरून झाला आहे, आहे आहे आहे.",D4
"आज सुट्टी म्हाले घेतली हाय, आज रात्री फ्रेंड्सबरोवर जायचे पायजे.","आज सुट्टी माझी घेतली आहे, आज रात्री फ्रेंड्सबरोवर जाण्याचे कायम आहे.",D4
"माझ्या मुलाला आज स्कूलला सांगितले हाय, त्याला खूप राग आला हाय.","मुलाला आज स्कूलला सांगितले आहे, त्याला खूप राग आला आहे.",D4
"आज गावात मोठा मेलावा आला हाय, पूरा गाव कस्टोडमधून जात हाय.","आज गावात मोठा मेलावा आला आहे, पूरा गाव कस्टोडमधून जात आहे.",D4
"पोरगाला आज माझ्या बाबांची पार्टी हाय, खूप आनंद झाला हाय.","मुलाला आज माझ्या बाबांची पार्टी आहे, खूप आनंद झाला आहे.",D4
"आज माझ्या वडिलांचे बरोबर जाणे हाय, खूप कष्ट करणार हाय.","आज माझ्या वडिलांचे बरोबर जाणे आहे, खूप कष्ट करणार आहे.",D4
"म्हाजी पुस्तके हळूवार झाली हाय, पुन्हा पुस्तके कशामुळे? हाय.","माझी पुस्तके हळूवार झाली आहे, पुन्हा पुस्तके कशामुळे आहेत?",D4
"आज गावात मोठी सांगत्या आली हाय, गावाच्या मुलांना खूप आनंद झाला हाय.","आज गावात मोठी सांगत्या आली आहे, गावाच्या मुलांना खूप आनंद झाला आहे.",D4
"म्हाज्या मुलाला आज स्कूलला नाही जावे हाय, आज तो फ्रेंड्सबरोवर जायचे पायजे हाय.","मुलाला आज स्कूलला नाही जावे आहे, आज तो फ्रेंड्सबरोवर जाण्याचे कायम आहे.",D4
आज बाजारात भाजीपाला म्हाजी देव्हाळी पोरगाला खूप स्वस्त हाय.,आज बाजारात भाजीपाला माझ्या देव्हाळी मुलाला खूप स्वस्त आहे.,D4
आज दुपारी आम्ही पोरगा आणि बहिणीने सुट्टी घेऊन पार्कमध्ये गेले हाय.,आज दुपारी आम्ही मुला आणि बहिणीने सुट्टी घेऊन पार्कमध्ये गेले आहे.,D4
"पोरगे आज सायंकाळी क्रिकेट पिचवर खेळणार आहे, मले काशी पाहिजे.","मुलाने आज सायंकाळी क्रिकेट पिचवर खेळणार आहे, मला कशामुळे पाहिजे?",D4
"मले आज दुपारी पोरगाला शाळेमध्ये भेटायला गेले, त्याला खूप आनंद झाला हाय.","मला आज दुपारी मुलाला शाळेमध्ये भेटायला गेले, त्याला खूप आनंद झाला आहे.",D4
"आज बाजारात म्हाजी देव्हाळी हाय, नोकरी करवतत, तेव्हा आम्ही किती दारू घेवून गेले हाय.","आज बाजारात माझ्या देव्हाळी आहे, नोकरी करून घेतात, तेव्हा आम्ही किती दारू घेऊन गेले आहे.",D4
माझ्या पोरग्याने आज शाळेत मोठा प्रयोग केला हाय. त्याने मोठी विजय मिळवून पोरग्याला खूप आनंद झाला हाय.,मुलाने आज शाळेत मोठा प्रयोग केला आहे. त्याने मोठी विजय मिळवून मुलाला खूप आनंद झाला आहे.,D4
"आज गावात मोठा धार्मिक उत्सव आहे, जात्रेचे साजरे सण सुरू झाले हाय. हाय, माझ्या गावात साजरे सण होत असतात.","आज गावात मोठा धार्मिक उत्सव आहे, जात्रेचे सण सुरू झाले आहेत. आहे, माझ्या गावात सण होत असतात.",D4
माझ्या पायज्यासाठी कोणती कामगिरी करावी हाय? तुम्हाला काय सांगायचे आहे हाय?,माझ्या पाहिज्यासाठी कोणती कामगिरी करावी आहे? तुम्हाला काय सांगायचे आहे?,D4
आज माझ्या घरातील मोठी दिवाळी साजरी केली जात आहे. सगळे मिठाई खायला आले हाय.,आज माझ्या घरातील दिवाळी साजरी केली जात आहे. सगळे मिठाई खायला आले आहेत.,D4
मले आज क्रेडिट कार्डद्वारे ऑनलाइन शॉपिंग केली हाय. तुम्हाला काय शॉपिंग केली हाय हाय?,मला आज क्रेडिट कार्डद्वारे ऑनलाइन शॉपिंग केली आहे. तुम्हाला काय शॉपिंग केली आहे?,D4
तुमाले आता माझ्या गावात यायला पोरग्याला कायले हाय? तुम्ही काय सांगायचे आहे हाय?,तुम्हाला आता माझ्या गावात यायला काय कारण आहे? तुम्ही काय सांगायचे आहे?,D4
"माझ्या पोरग्याला आज पोलीस स्टेशनमध्ये गेले हाय, पोलीस त्याच्या पोरग्याला शिक्षा दिले हाय.","मुलाला आज पोलीस स्टेशनमध्ये गेला आहे, पोलीस त्याच्या मुलाला शिक्षा दिली आहे.",D4
"आज माझ्या घरात मोठी खेळी आहे, माझ्या पोरग्याकडे खेळ्यात खूप आनंद होत आहे. हाय, माझ्या गावात खेळी होती आहेत.","आज माझ्या घरात खेळी आहे, माझ्या मुलाकडे खेळ्यात खूप आनंद होत आहे. आहे, माझ्या गावात खेळी होती आहेत.",D4
"माझ्या भावाला स्टेशनवर गाडी चालू होती, म्हाले पैसे देत नाही हाय.","माझ्या भावाला स्टेशनवर गाडी चालू होती, मला पैसे देत नाही आहे.",D4
"आज गावात मोठा बाजार भरला हाय, भाजीपाला खूप स्वस्त हाय.","आज गावात मोठा बाजार भरला आहे, भाजीपाला खूप स्वस्त आहे.",D4
"हाय बाळाला बागविता आले म्हाजी, पानासारखे माझे होणार हाय.","हाय बाळाला बागविता आले माझी, पानासारखे माझे होणार आहे.",D4
मुलाला बागविता सांगते तुमाले पाने पुसत नाही हाय.,मुलाला बागविता सांगते तुम्हाला पाने पुसत नाही आहे.,D4
"पोराला पोरग्यांशी गेम खेळायला सांगते हाय, खूप आनंद होणार हाय.","मुलाला मुलांशी गेम खेळायला सांगते आहे, खूप आनंद होणार आहे.",D4
"म्हाज्या मित्राला खूप केली हाय, म्हाला विजय मिळाला हाय.","माझ्या मित्राला खूप केली आहे, मला विजय मिळाला आहे.",D4
आज बाजारात शेतकरी स्वस्त भाजीपाला बेचत हाय.,आज बाजारात शेतकरी स्वस्त भाजीपाला बेचत आहे.,D4
"आज पायजे दुपारचे भोजन पुरवतात, मुलाला खूप आवडते हाय.","आज पाहिजे दुपारचे भोजन पुरवतात, मुलाला खूप आवडते आहे.",D4
कायले आपण तुमाले म्हाजी वाढदिवशी काय केले हाय?,कशामुळे आपण तुम्हाला माझी वाढदिवशी काय केले आहे?,D4
"म्हाज्या मुलाला पोरग्याला सायकलचा परवाना मिळवला हाय, खूप आनंद झाला हाय.","माझ्या मुलाला मुलाला सायकलचा परवाना मिळाला आहे, खूप आनंद झाला आहे.",D4
"आज गावात मोठा बाजार सुरु झाला हाय, मी भाजीपाला पाळत आहे हाय.","आज गावात मोठा बाजार सुरु झाला आहे, मी भाजीपाला पाळत आहे.",D4
"आज सुट्टीचा दिवस आहे, म्हाज्या मुलाला हाय पोरग्याला तयारी करावी लागेल हाय.","आज सुट्टीचा दिवस आहे, माझ्या मुलाला मुलाला तयारी करावी लागेल आहे.",D4
कायले आपण दुपारचे भोजन पुरवता मले लहानपणी खात हाय.,कशामुळे आपण दुपारचे भोजन पुरवतात मला लहानपणी खात होते?,D4
माझे मोठे भाऊ म्हाले गावात ताजी भाजीपाला पावसात घ्यायला जातात हाय.,माझे मोठे भाऊ तुम्हाला गावात ताजी भाजीपाला पावसात घ्यायला जातात आहे.,D4
"आज पोरगा स्कूलमधून फिरायला जातो हाय, बागेत तो गुलाब फुल घेईल हाय.","आज मुलगा स्कूलमधून फिरायला जात आहे, बागेत तो गुलाब फुल घेईल आहे.",D4
हे बागेतल्या फुलांचे नाव कायले माहीत हाय काय?,हे बागेतल्या फुलांचे नाम कशामुळे माहीत आहे काय?,D4
"मले मोठ्या भावाला म्हाजी चपाती खायला दिली हाय, काय खावयाला?","मले मोठ्या भावाला माझी चपाती खायला दिली आहे, काय खावयाला?",D4
"आज माझा पोरगा घरात पुस्तक पाहिजे हाय, माथून तो पुस्तक मिळेल हाय.","आज माझा मुलगा घरात पुस्तक पाहिजे आहे, मधून तो पुस्तक मिळेल आहे.",D4
"मले सासू ला म्हाजी फुले पाहिजे हाय, ते फुले सासू ला मी दिले हाय.","मले सासू ला माझी फुले पाहिजे आहे, ते फुले सासू ला मी दिले.",D4
"आज माझ्या मोठ्या भावाले कॉलेजमध्ये प्रवेश भेटला हाय, लय पोरगासाठी आनंद झाला हाय.","आज माझ्या मोठ्या भावाला कॉलेजमध्ये प्रवेश मिळाला आहे, खूप आनंद झाला आहे.",D4
"मले माझ्या बाजूच्या गाडी पाहिजे हाय, तीच गाडी मले दाखवली हाय.","मले माझ्या बाजूच्या गाडी पाहिजे आहे, तीच गाडी मले दाखवली.",D4
"आज गुरवांच्या घरी खूप स्वादिष्ट भोजन हाय, म्हाजी खूप आनंद झाला हाय.","आज गुरवांच्या घरी खूप स्वादिष्ट भोजन आहे, माझी खूप आनंद झाला आहे.",D4
"पोरगा दही हांडवी शाळेत जातो हाय, तुमाले जाण्याची खूप उत्सुकता हाय.","मुलगा दही हांडवी शाळेत जातो, तुम्हाला जाण्याची खूप उत्सुकता आहे.",D4
"आज गावात मोठा बाजार भरला हाय, म्हाले तुम्ही सुद्धा या हाय.","आज गावात मोठा बाजार भरला आहे, मला तुम्ही सुद्धा या आहे.",D4
"म्हाजी दुपारचा भोजन पूर्ण झाला हाय, हाय पुढची चौकशी हाय.","माझी दुपारचा भोजन पूर्ण झाला आहे, आणि पुढची चौकशी आहे.",D4
"म्हाले शाळेत निघण्याची पायजे हाय, पोराले माझे सहाय्य हाय.","मला शाळेत निघण्याची पाहिजे आहे, मुलाला माझे सहाय्य आहे.",D4
"आज शाळेत परीक्षा घेतली हाय, हाय परीक्षा संपली हाय.","आज शाळेत परीक्षा घेतली आहे, आणि परीक्षा संपली आहे.",D4
"म्हाजी मोठ्या भावांनी फोन केला हाय, हाय त्यांची खूप खुशामती हाय.","माझ्या मोठ्या भावांनी फोन केला आहे, आणि त्यांची खूप खुशामती आहे.",D4
"म्हाजी आज रात्रीचा भोजन पूर्ण झाला हाय, हाय पुढची चौकशी हाय.","माझी आज रात्रीचा भोजन पूर्ण झाला आहे, आणि पुढची चौकशी आहे.",D4
"पोरगा शाळेच्या मित्रांना भेट दिला हाय, हाय त्यांची खूप खुशामती हाय.","मुलगा शाळेच्या मित्रांना भेट दिला आहे, आणि त्यांची खूप खुशामती आहे.",D4
"आम्ही म्हाजी गाडी सुट्टी घेतली हाय, पायजे गावात जाताना घेतली हाय.","आम्ही माझी गाडी सुट्टी घेतली आहे, पाहिजे गावात जाताना घेतली आहे.",D4
"तुमाले येत राहा हाय, हाय जेवणाच्या शाळेत जायला आहे हाय.","तुम्हाला येत राहात आहे, आहे जेवणाच्या शाळेत जायला आहे.",D4
"हाय बाजारात रोजी भाजीपाला दिला हाय, पोरगा खूप आनंद झाला हाय.","आहे बाजारात रोजी भाजीपाला दिला आहे, मुलगा खूप आनंद झाला आहे.",D4
"मले बाबांचा जन्मदिन हाय, म्हाजी सगळ्यांनी हाय त्याला केला हाय.","मला बाबांचा जन्मदिन आहे, माझी सगळ्यांनी आहे त्याला केला आहे.",D4
"तुमाले कायले काय केले हाय, म्हाजी काय केले हाय?","तुम्हाला कशामुळे केले आहे, माझी काय केले आहे?",D4
"आज म्हाजी आईने मुलगा शाळेत नेला हाय, म्हाजी मोठा आनंद झाला हाय.","आज माझी आईने मुलगा शाळेत नेला आहे, माझी मोठा आनंद झाला आहे.",D4
"हाय आमच्या गावात आज नाश्ता खाला आहे हाय, पोरगा खूप आनंद झाला हाय.","आहे आमच्या गावात आज नाश्ता खाला आहे, मुलगा खूप आनंद झाला आहे.",D4
"मले बापांची मित्रे येत आहेत हाय, म्हाजी आम्ही त्यांना पाहिजे हाय.","मला बापांची मित्रे येत आहेत आहे, माझी आम्ही त्यांना पाहिजे आहे.",D4
"आज आम्ही गावात मोठा बाजार घेतला हाय, म्हाजी भाजीपाला खूप स्वस्त हाय.","आज आम्ही गावात मोठा बाजार घेतला आहे, माझी भाजीपाला खूप स्वस्त आहे.",D4
"मले मोठा कोणता स्ट्रॉबेरी दिला हाय, म्हाजी खूप आनंद झाला हाय.","मला मोठा कोणता स्ट्रॉबेरी दिला आहे, माझी खूप आनंद झाला आहे.",D4
"पायजे मला संध्याकाळी कॉलेजमध्ये निघावे लागेल हाय, कारण माझे विषय कसे होतील हाय?","पाहिजे मला संध्याकाळी कॉलेजमध्ये निघावे लागेल आहे, कारण माझे विषय कसे होतील आहे?",D4
"आज बाजारला जाऊन माझी मम्मी क्रेडिट कार्डने पैसे नाही काढतील हाय, मला म्हणून काय करावे लागेल हाय?","आज बाजारला जाऊन माझी मम्मी क्रेडिट कार्डने पैसे नाही काढतील आहे, मला म्हणून काय करावे लागेल आहे?",D4
"पायजे मला उद्या संध्याकाळी नाश्त्याचा पैसा द्यावा लागेल हाय, माझे चार्ट्र कोणी द्यावे लागेल हाय?","पाहिजे मला उद्या संध्याकाळी नाश्त्याचा पैसा द्यावा लागेल आहे, माझे चार्ट्र कोणी द्यावे लागेल आहे?",D4
"मले आज दिवसा पावसाचे पाणी म्हाजी व्हायचे हाय, मार्गे तरी काय करावे लागेल हाय?","मला आज दिवसा पावसाचे पाणी माझे पडते आहे, मार्गे तरी काय करावे लागेल आहे?",D4
"आज गेल्या आठवड्यात माझी शाळा म्हाजी जागी कोणत्या कारणाने गेली हाय, मला कायले हाय?","आज गेल्या आठवड्यात माझी शाळा माझी जागी कोणत्या कारणाने गेली आहे, मला कशामुळे आहे?",D4
"म्हाजी आज संध्याकाळी माझा मित्र भेटायला येते हाय, मला त्याच्यासोबत काय करावे लागेल हाय?","माझी आज संध्याकाळी माझा मित्र भेटायला येते आहे, मला त्याच्यासोबत काय करावे लागेल आहे?",D4
"आज माझ्या बाबांनी मला स्वस्ता गाडी खरेदी केली हाय, मला त्यामुळे खूप आनंद झाला हाय.","आज माझ्या बाबांनी मला स्वस्ता गाडी खरेदी केली आहे, मला त्यामुळे खूप आनंद झाला आहे.",D4
"म्हाजी आज माझ्या मित्राच्या मुलाला जन्मदिनाचे ग्रँट दिले हाय, मला त्यामुळे खूप आनंद झाला हाय.","माझी आज माझ्या मित्राच्या मुलाला जन्मदिनाचे ग्रँट दिले आहे, मला त्यामुळे खूप आनंद झाला आहे.",D4
"आज माझ्या मित्रांनी मला स्वस्ता स्मार्टफोन भेटा दिला हाय, मला त्यामुळे खूप आनंद झाला हाय.","आज माझ्या मित्रांनी मला स्वस्ता स्मार्टफोन भेटा दिला आहे, मला त्यामुळे खूप आनंद झाला आहे.",D4
"माझ्या भावाने गाडी विकत घेतली आहे, आता जास्त सुगम हाय.","भावाने गाडी विकत घेतली आहे, आता जास्त सुगम आहे.",D4
"म्हाले पावसाने पाणी भरले आहे, पोरगा खूप आनंदित झाला हाय.","मुलाला पावसाने पाणी भरले आहे, खूप आनंदित झाला आहे.",D4
"आता आपल्या कॉलेजमध्ये क्रीडा स्पर्धा घेणार आहे, हाय, म्हाजी टीमची विजय होणार आहे.","आता आपल्या कॉलेजमध्ये क्रीडा स्पर्धा घेणार आहे, आहे, माझी टीमची विजय होणार आहे.",D4
"म्हाले येत्या आठवड्यात बागवणी केली आहे, सगळे पिक फळदार होणार आहे हाय.","मुलाला येत्या आठवड्यात बागवणी केली आहे, सगळे पिक फळदार होणार आहे आहे.",D4
"आमच्या निवासस्थानी किरणपुरवठा आला आहे, म्हाजी पार पडली आहे हाय.","आमच्या निवासस्थानी किरणपुरवठा आला आहे, माझी पार पडली आहे आहे.",D4
"आणि म्हाजी शाळेत येणाऱ्या परीक्षेत मी पूर्ण उत्कृष्ट गुण मिळवणार आहे, हाय.","आणि माझी शाळेत येणाऱ्या परीक्षेत मी पूर्ण उत्कृष्ट गुण मिळवणार आहे, आहे.",D4
"हाय, आता आमच्या घरात पाण्याचे पुरवठा आले आहे, आम्ही खूप आनंदित झाले आहे.","आहे, आता आमच्या घरात पाण्याचे पुरवठा आले आहे, आम्ही खूप आनंदित झाले आहे.",D4
"आमच्या कॉलेजात येणाऱ्या विद्यार्थ्यांना UPI भारताचे पुरवठा होणार आहे, हाय.","आमच्या कॉलेजात येणाऱ्या विद्यार्थ्यांना UPI भारताचे पुरवठा होणार आहे, आहे.",D4
"म्हाले आज प्रिये भेटले आहे, त्यांच्याशी मी खूप आनंदित झाले आहे हाय.","मुलाला आज प्रिये भेटले आहे, त्यांच्याशी मी खूप आनंदित झाले आहे आहे.",D4
"आज म्हाजी किचनमध्ये चहा बनवला हाय, म्हाले खूप आनंद झाला हाय.","आज माझ्या किचनमध्ये चहा बनवला आहे, मला खूप आनंद झाला आहे.",D4
"तुमाले पायजे क्रेडिट कार्डची राशी भरायला हवी हाय, पोरगा कायले कसे भरशील?","तुम्हाला पाहिजे क्रेडिट कार्डची राशी भरायला आहे, मुलाला कशामुळे भरशील?",D4
"आज म्हाजी बागमध्ये फुले खूप खुप पसरली हाय, म्हाले फुलांच्या गंधाने आनंद झाला हाय.","आज माझ्या बागमध्ये फुले खूप खुप पसरली आहेत, मला फुलांच्या गंधाने आनंद झाला आहे.",D4
"माथून पालीमध्ये पानी भरले हाय, पोरगा पानी पिण्याची आडसी हाय.","मधून पालीमध्ये पानी भरले आहे, मुलाला पानी पिण्याची आडसी आहे.",D4
"आज म्हाजी कॉलेजमध्ये प्रोजेक्ट ची प्रत्यक्षे प्रदर्शन होणारी हाय, पोरगा प्रदर्शनात हिस्सा घेण्याची आडसी हाय.","आज माझ्या कॉलेजमध्ये प्रोजेक्ट ची प्रत्यक्षे प्रदर्शन होणार आहे, मुलाला प्रदर्शनात हिस्सा घेण्याची आडसी आहे.",D4
"म्हाले क्लबमध्ये पार्टीत हिस्सा घेले हाय, तुमाले जाण्याची आडसी हाय?","मला क्लबमध्ये पार्टीत हिस्सा घेण्याची आहे, तुम्हाला जाण्याची आडसी आहे?",D4
"आज म्हाजी घरात मोठा भाऊ बरोबर खूप आनंदाने भोजन करणारी हाय, पोरगा भोजनाने आनंद झाला हाय.","आज माझ्या घरात मोठा भाऊ बरोबर खूप आनंदाने भोजन करणार आहे, मुलाला भोजनाने आनंद झाला आहे.",D4
"म्हाले पोरग्याने क्रिकेट खेळण्याची पलीकडची आडसी हाय, पोरगा खेळण्याची पलीकडची आडसी हाय.","मला मुलाने क्रिकेट खेळण्याची पलीकडची आडसी आहे, मुलाला खेळण्याची पलीकडची आडसी आहे.",D4
"आज गावात मोठा स्टेडियममध्ये फुटबॉल मॅच खेळणारी हाय, पोरगा फुटबॉल खेळण्याची आडसी हाय.","आज गावात मोठा स्टेडियममध्ये फुटबॉल मॅच खेळणार आहे, मुलाला फुटबॉल खेळण्याची आडसी आहे.",D4
"आज साडेतीन वर्षांचा म्हाले हाय, पायजे मला शाळेत जायला जावे.","आज साडेतीन वर्षांचा मुलगा आहे, पाहिजे मला शाळेत जायला जावे.",D4
म्हाजी आईला आज प्रियदर्शननगरची माझी मित्रिने फोन करून भेटवस्तू भेटल्या हाय.,माझी आईला आज प्रियदर्शननगरची मित्रिने फोन करून भेटवस्तू भेटल्या आह्या.,D4
तुमाले काय काम करता हाय? मला म्हणजे तुम्ही संपूर्ण शाळेचा प्राणी आहे हाय.,तुम्ही काय काम करता आहे? मला म्हणजे तुम्ही संपूर्ण शाळेचा प्राणी आहे.,D4
म्हाले माझ्या आईला कसल्या वाटा त्यांची कधी फारसी भेट मिळत नाही हाय.,माझ्या आईला कसली वाटा त्यांची कधी फारसी भेट मिळत नाही.,D4
म्हाजी आईला हे नेहमी म्हणते: 'करवतत मला हे काय करायचे?' हाय.,माझी आईला हे नेहमी म्हणते: 'करून घेतात मला हे काय करायचे?',D4
"म्हाले म्हाजी आईला आता मोठा हाय, पोरगा प्रियदर्शननगरला प्रवास करणार आहे हाय.","माझ्या आईला आता मोठा आहे, मुलगा प्रियदर्शननगरला प्रवास करणार आहे.",D4
"आज बाळा पिताजींचा जन्म दिवस आहे हाय, काय तुमचे काय करणार हाय?","आज बाळा पिताजींचा जन्मदिवस आहे हाय, काय तुमचे काय करणार?",D4
"आज म्हाले शाळेत मुलींच्या स्पर्धा हाय, मला म्हणजे मला मुलींच्या प्राणी हाय.","आज मुलगा शाळेत मुलींच्या स्पर्धा आहे, मला म्हणजे मला मुलींच्या प्राणी आहे.",D4
"मले सुट्टी म्हाजी माझ्या मित्राला फोन केला हाय, गाडी घेण्याचा विचार केला हाय.","मी सुट्टी माझ्या मित्राला फोन केला, गाडी घेण्याचा विचार केला आहे.",D4
मल्या भावाले माझ्या सोसायटीमध्ये हाउजिंग बोर्डविषयी चर्चा करवतत हाय.,माझ्या भावाने माझ्या सोसायटीमध्ये हाउजिंग बोर्डविषयी चर्चा करून घेत आहे.,D4
"मले शाळेत जायला पायजे आहे, परंतु मला फक्त एक तास वाचला हाय.","मला शाळेत जायला पाहिजे, परंतु मला फक्त एक तास वाचायचा आहे.",D4
"माझे मावस माझ्या किचनमध्ये पाककृती शिकवितात हाय, पोरगा खूप आनंदीत आहे हाय.","माझे मावस माझ्या किचनमध्ये पाककृती शिकवत आहेत, मुला खूप आनंदीत आहे.",D4
तुमाले कोणती व्याख्या केली आहे कायले?,तुम्हाला कोणती व्याख्या केली आहे कशामुळे?,D4
"पोरगा पाच वर्षांपूर्वी होता हाय, आता तो दहा वर्षांचा आहे हाय.","मुलगा पाच वर्षांपूर्वी होता, आता तो दहा वर्षांचा आहे.",D4
कायले तुम्ही कोणत्या गावात राहतात हाय?,कशामुळे तुम्ही कोणत्या गावात राहतात?,D4
कोणत्या भाऊला हे काम करावे हाय?,कोणाला हे काम करावे?,D4
आमच्या पोरग्याला बाळगण्यासाठी माझी आई सहाय्य केला हाय.,आमच्या मुलाला बाळगण्यासाठी माझी आई सहाय्य केली आहे.,D4
तुम्ही कोणत्या प्राथमिक शाळेत शिकता हाय?,तुम्ही कोणत्या प्राथमिक शाळेत शिकता?,D4
"आज माझ्या माथून कॉलेजमध्ये प्रवेश भेटला हाय, खूप आनंद झाला हाय.","आज मला कॉलेजमध्ये प्रवेश मिळाला आहे, खूप आनंद झाला आहे.",D4
"माझे मुलाले त्याच्या कॉलेजची परीक्षा होती हाय, मोठ्या प्रयत्नाने पास झाला हाय.","मुलाला त्याच्या कॉलेजची परीक्षा होती आहे, मोठ्या प्रयत्नाने पास झाला आहे.",D4
"आज गावात मोठा हार होता हाय, माझी मैत्रिणीने क्रीडा प्रतिभा दाखवली हाय.","आज गावात मोठा हार होता आहे, माझी मैत्रिणीने क्रीडा प्रतिभा दाखवली आहे.",D4
"आज गावात मोठा स्वस्त शापिंग माल मिळाला हाय, माझ्या मैत्रिणीने स्वस्त कपडे घेतले हाय.","आज गावात मोठा स्वस्त शापिंग माल मिळाला आहे, माझ्या मैत्रिणीने स्वस्त कपडे घेतले आहे.",D4
"आज माझ्या माथून पुण्यात गेले हाय, तिथे मी त्यांच्या शाळेत प्राध्यापक झाले हाय.","आज मला पुण्यात गेले आहे, तिथे मी त्यांच्या शाळेत प्राध्यापक झाले आहे.",D4
"माझ्या सासूले त्यांच्या खेळाडूंना खूप पैसे मिळाले हाय, खूप आनंद झाला हाय.","माझ्या सासूंना त्यांच्या खेळाडूंना खूप पैसे मिळाले आहेत, खूप आनंद झाला आहे.",D4
आज भावसाळी संडे नसताना गावात स्वच्छता अभियान होणार हाय.,आज भावसाळी संडे नसताना गावात स्वच्छता अभियान होणार आहे.,D4
"अरवळीत कोळंबईले दूध घेतले हाय, चहा पाजी पाजी पिणार हाय.","अरवळीत कोळंब्याला दूध घेतले आहे, चहा पाजी पाजी पिणार आहे",D4
"पोरग्याले शाळेत प्रवेश भेटला हाय, तुमाले खूप आनंद झाला हाय.","मुलाला शाळेत प्रवेश मिळाला आहे, तुम्हाला खूप आनंद झाला आहे",D4
तुमाले पोरग्याला खायला म्हाजी बनाना म्हाले हाय.,तुम्हाला मुलाला खायला माझी बनवणे पासून माझे हाय.,D4
"आज गावात चांगले पाणी येत आहे हाय, खूप आनंद झाला हाय.","आज गावात चांगले पाणी येत आहे, खूप आनंद झाला आहे",D4
मलेला पोरगा शाळेत जायला म्हाजी पोरगा वेळ म्हाले हाय.,माझ्या विचारात मुला शाळेत जायला माझा मुला वेळ पास आहे,D4
"तुमाले पोरग्याला किती कोटी रुपये दिले हाय, तुमाले पोरग्याला खूप आनंद झाला हाय.","तुम्हाला मुलाला किती कोटी रुपये दिले आहे, तुम्हाला मुलाला खूप आनंद झाला आहे",D4
"मलेला पोरगा कॉलेजमध्ये प्रवेश भेटला हाय, मलेला पोरग्याला खूप आनंद झाला हाय.","माझ्या विचारात मुलाला कॉलेजमध्ये प्रवेश मिळाला आहे, माझ्या विचारात मुलाला खूप आनंद झाला आहे",D4
"आज गावात मोठा बाजार भरला हाय, भाजीपाला खूप स्वस्त हाय.","आज गावात मोठा बाजार भरला आहे, भाजीपाला खूप स्वस्त आहे",D4
म्हाले घरात केलेल्या कार्याचा अंदाज काय हाय?,मला घरात केलेल्या कार्याचा अंदाज कशा करावा?,D4
"हाय, मला हळदूवटा लवंगी बिर्याणी तुमाले किती वेळी तयार करता हाय?",आहे! मला हळदूवटा लवंगी बिर्याणी तुम्हाला किती वेळी तयार करता?,D4
म्हाजी मुलाला आता कुठे पाहिजे हाय?,माझे मुलाला आता कुठे पाहिजे?,D4
"आज गावात सोन्याची पोरगा जन्माला आली हाय, खूप आनंद झाला हाय.","आज गावात मुलगा जन्माला आला आहे, खूप आनंद झाला आहे.",D4
मला कायमच्या निवासासाठी कोणते ठिकाण पाहिजे हाय?,मला कायमच्या निवासासाठी कोणते ठिकाण पाहिजे?,D4
आम्ही आज शनिवारी रात्री ६ वाजता घरी परतले हाय.,आम्ही आज शनिवारी रात्री ६ वाजता घरी परतलो आहे.,D4
कायले आम्ही नाही तुम्हाला बाहेरून जावे हाय?,कशामुळे आम्ही नाही तर तुम्हाला बाहेरून जावे?,D4
"हाय, आज पोरगा क्रिकेट खेळतो आहे हाय, हे काय पाहिजे हाय?","आहे! आज मुलगा क्रिकेट खेळत आहे, हे काय पाहिजे?",D4
आज माझ्या मुलाला क्रिडीत जाऊ द्यावे हाय.,आज माझ्या मुलाला क्रिडीत जाऊ द्यावा आहे.,D4
"माझे सगळे कागदपत्र सुधारावे लागतात हाय, पोरगा काय करावे हाय कायले?","माझे सगळे कागदपत्र सुधारावे लागतात, मुलाला काय करावे हे कळत नाही कशामुळे?",D4
"आज माझ्या सासू-ससुराला घरी यावे हाय, खूप भेटणार आहे हाय.","आज माझ्या सासू-ससुराला घरी येणार आहेत, खूप भेटणार आहे.",D4
"मल्याला हाय नोकरी कुठल्या कंपनीची हाय, पोरगा दाखला करावा लागतो हाय.",मुलाला नोकरी कुठल्या कंपनीची आहे; मुलाला दाखला करावा लागतो.,D4
"आज माझ्या मुलगी पासून साधे दिवाळीचे स्वागत हाय, दिवाळीचे स्वादिष्ट पदार्थ हाय.",आज माझ्या मुलीच्या दिवाळीचे स्वागत आहे; दिवाळीचे स्वादिष्ट पदार्थ आहेत.,D4
"आज गावात खूप वेगवेगळे फेसबुक लाईव्ह प्रसारण होत आहेत हाय, म्हाजी संगीत चांगले हाय.",आज गावात खूप वेगवेगळे फेसबुक लाईव्ह प्रसारण आहेत; माझे संगीत चांगले आहे.,D4
"आज माझ्या मुलाला हाय पासपोर्ट चालू होणार आहे हाय, तुमाले चांगले हाय.",आज माझ्या मुलाला पासपोर्ट चालू होत आहे; तुम्हाला चांगले आहे.,D4
"मल्याला हाय सार्वजनिक शाळेत प्रवेश मिळणार आहे हाय, पोरगा खूप आनंदित होणार आहे हाय.",मुलाला सार्वजनिक शाळेत प्रवेश मिळणार आहे; मुलाला खूप आनंदित होत आहे.,D4
"आज सकाळी माझे कार खरेदी करायला गेलो हाय, पायजे पैसे काय पुरेसे हाय.","आज सकाळी मला कार खरेदी करण्यासाठी गेलो आहे, पाहिजे पैसे किती पुरेसे आहे?",D4
"मला देवळातील भक्ती म्हणजे काय ते समजत नाही हाय, कायले माझे काय बिघडते हाय?","मला देवळातील भक्ती म्हणजे काय ते समजत नाही, कशामुळे माझे काय बिघडते?",D4
"माझी पत्नी आज माझ्या मित्राच्या क्रेडिट कार्डवरून बाजारमध्ये जात आहे हाय, तुमाले तर कोणते खरेदी केले हाय?","माझी पत्नी आज माझ्या मित्राच्या क्रेडिट कार्डवरून बाजारमध्ये जात आहे, तुम्हाला तर कोणते खरेदी केले?",D4
"आज माझा पोरगा स्कूलमध्ये दाखल झाला हाय, माथून किती आनंद झाला हाय.","आज मुलाने स्कूलमध्ये दाखल झाला आहे, मधून किती आनंद झाला आहे?",D4
"मले आज माझ्या मित्राशी क्रिकेट खेळायला गेलो हाय, भाजरे दिसत हाय.","आज मला माझ्या मित्राशी क्रिकेट खेळण्यासाठी गेलो आहे, खूप आनंद झाला आहे.",D4
"माझी पत्नी आज बाजारमध्ये माझ्या नावाचा मोबाइल फोन खरेदी करण्यासाठी गेली आहे हाय, हाय तुमाले नेमका काय खरेदी केले हाय?","माझी पत्नी आज बाजारमध्ये माझ्या नावाचा मोबाइल फोन खरेदी करण्यासाठी गेली आहे, तुम्हाले तर कोणते खरेदी केले?",D4
"आज माझ्या मित्राच्या घरी गेलो हाय, त्याने माझ्यासाठी खूप भाजी घेतली हाय.","आज मला मित्राच्या घरी गेलो आहे, त्याने माझ्यासाठी खूप भाजी घेतली आहे.",D4
"मला आज माझ्या मित्राशी सामान घेऊन घरी जायला गेलो हाय, माथून किती काम झाले हाय.","आज मला मित्राशी सामान घेऊन घरी जाण्यासाठी गेलो आहे, मधून किती काम झाले आहे?",D4
"आज माझ्या मित्राला त्याच्या स्वस्त कारमध्ये दुर्घटना झाली आहे हाय, हाय तुमाले काय केले हाय?","आज मित्राला त्याच्या स्वस्त कारमध्ये दुर्घटना झाली आहे, तुम्हाले तर काय केले?",D4
"मला आज माझ्या मित्राला माझ्या पोरग्या बरोबर खेळायला गेलो हाय, तुमाले ते पोरगे नेमका किती वर्षाचे आहे हाय?","आज मला मित्राला मुला बरोबर खेळण्यासाठी गेलो आहे, तुम्हाले ते मुल किती वर्षाचे आहे?",D4
माझ्या भावाला प्रायोगिक बँकिंग लेन्समध्ये ५००० रुपये जमा करून UPI चा पैसे भरणा केला हाय.,माझ्या भावाला प्रायोगिक बँकिंग लेन्समध्ये ५००० रुपये जमा करून UPI च्या माध्यमातून पैसे भरणे केले आहे.,D4
"मल्या मैत्रिणीने सोशल मीडियावर स्वतःची फोटो पोस्ट केली हाय, पोरगा खूप भारावून गेला हाय.","माझ्या मैत्रिणीने सोशल मीडियावर स्वतःची फोटो पोस्ट केली आहे, मुलाला खूप भारावून गेला आहे.",D4
म्हाजी मैत्रीणीचे पोरगा आज स्कूलात शाळेचा प्रोजेक्ट प्रदर्शन केला हाय.,माझ्या मैत्रिणीचा मुलगा आज स्कूलात शाळेचा प्रोजेक्ट प्रदर्शन केला आहे.,D4
मल्या मित्राला गावातील कृषी शेतात तळी खायला पोरगा सांगितला हाय.,माझ्या मित्राला गावातील कृषी शेतात तळी खायला मुलाला सांगितले आहे.,D4
"आज गावात मोठा बाजार भरला आहे हाय, भाजीपाला खूप स्वस्त आहे हाय.","आज गावात मोठा बाजार भरला आहे, भाजीपाला खूप स्वस्त आहे.",D4
मल्या मैत्रिणीला शाळेमध्ये स्वस्त शाळा बस सेवा असते का हाय?,माझ्या मैत्रिणीला शाळेमध्ये स्वस्त बस सेवा असते का?,D4
म्हाजी सासू माझे घराची किरकोळ प्रक्रिया पूर्ण करून पायजे केली हाय.,माझ्या सासू माझे घराची किरकोळ प्रक्रिया पूर्ण करून पाहिजे आहे.,D4
"माझे मोबाइल फोन नवीन केले हाय, म्हाले किती स्वस्त हाय!","माझे मोबाइल फोन नवीन केले आहे, मला किती स्वस्त आले आहे?",D4
"पोरगा सुट्टी मध्ये फिरण्यासाठी आला हाय, म्हाजी खूप आनंद झाला हाय.","मुलगा सुट्टी मध्ये फिरण्यासाठी आला आहे, माझ्या खूप आनंद झाला आहे.",D4
"आज गावात मोठा बाजार भरला हाय, म्हाले पायजे तिथे जायला हवे हाय.","आज गावात मोठा बाजार भरला आहे, मला पाहिजे तिथे जायला हवे.",D4
"म्हाजे मित्राने दही हांडव म्हांले हाय, म्हाले कायले ते कसे बनवले हाय?","माझे मित्राने दही हांडव म्हणले आहे, मला कशामुळे ते बनवले आहे?",D4
"म्हाजी कुठली भाजी पुरवली हाय, म्हाले ती स्वस्त हाय?","माझ्या कुठल्या भाजी पुरवल्या आहेत, मला ती किती स्वस्त आहे?",D4
"आज रात्री माझे मित्रांनो व्हिडिओ कॉल करण्याचा निश्चय केला हाय, हाय मला खूप आनंद झाला हाय.","आज रात्री माझे मित्रांनो व्हिडिओ कॉल करण्याचा निश्चय केला आहे, माझ्या खूप आनंद झाला आहे.",D4
म्हाले कुठले प्राचीन पुरातत्व स्मारके पाहण्यासाठी जायला हवे हाय?,मला कुठले प्राचीन पुरातत्व स्मारके पाहण्यासाठी जायला हवे?,D4
"म्हाज्या आईने नवीन मोबाइल फोन म्हांले हाय, हाय मला खूप आनंद झाला हाय.","माझ्या आईने नवीन मोबाइल फोन म्हणले आहे, माझ्या खूप आनंद झाला आहे.",D4
आम्ही पायजे घरी स्वस्त भाजींचा बाजार भरला भेटावा हाय.,आम्ही पायजे घरी स्वस्त भाजींचा बाजार भरला भेटायला आहे.,D4
"म्हाले शाळेत जायचे पाहिजे हाय, म्हाजी दादा येतील काय हाय.","मला शाळेत जायचे पाहिजे आहे, माझी दादी येणार आहेत का?",D4
"आज दुपारी हाय, पोरगा होऊन निघाला हाय.","आज दुपारी आहे, मुलगा होऊन निघाला आहे.",D4
म्हाजी आईला पाहिजे तो टेलिव्हिजन बदलावा हाय.,माझ्या आईला पाहिजे तो टीव्ही बदलावा आहे.,D4
तुमाले बाजारात शेंगदाणे कोणत्या दामी आहे हाय?,तुम्हाला बाजारात शेंगदाणे किती पैसे आहेत?,D4
म्हाले शाळेत सांगितले होते की म्हाजी आईला खूप पोरगे लागतील हाय.,मला शाळेत सांगितले होते की माझ्या आईला खूप मुले लागतील.,D4
"म्हाजी आईला सांगावे की आम्ही संध्याकाळी हाय, काय हाय?","माझ्या आईला सांगावे की आम्ही संध्याकाळी आहोत, काय आहे?",D4
माझ्या मामाकडे बघता तुम्हाला एक मोठी पिकनिक पोरगा करण्यास पाहिजे हाय.,माझ्या मामाकडे बघता तुम्हाला एक मोठी पिकनिक मुलाला करण्यास पाहिजे आहे.,D4
"माझ्या भावाने मला EMI भरायला पोरगा दिले हाय, खूप धन्यवाद आहे हाय.","माझ्या भावाने मला EMI भरायला मुलाला दिले आहे, खूप धन्यवाद आहे.",D4
"आज खायला पोरग्याने माझे हात धुवून माथून दिले हाय, खूप खूप धन्यवाद आहे हाय.","आज खायला मुलाने माझे हात धुवून वरून दिले आहे , खूप खूप धन्यवाद आहे.",D4
"आज घरी तुम्हाला एक मोठा बाजार भेटला हाय, खूप स्वस्त भाजीपाला आहे हाय.","आज घरी तुम्हाला एक मोठा बाजार भेटला आहे, खूप स्वस्त भाजीपाला आहे.",D4
"माझ्या वडिलांनी मला UPI च्या मदतीने पोरगा पैसे भेटले हाय, धन्यवाद आहे हाय.","माझ्या वडिलांनी मला UPI च्या मदतीने मुलाला पैसे मिळवले आहे, धन्यवाद आहे.",D4
आज शाळेमध्ये तुम्हाला माझ्या मित्रांनी माझे KYC पोरगा दिले हाय.,आज शाळेमध्ये तुम्हाला मित्रांनी मुलाला KYC दिले आहे.,D4
आज नाश्त्यासाठी म्हाजी खायला गावातल्या बेकरीला गेले हाय.,आज नाश्त्यासाठी माझ्या खायला गावातल्या बेकरीला गेले आहे.,D4
"पोरगा तुमाले संध्याकाळी स्कूलचा किताब भेटवा हाय, पायजे तुम्हाला किती वेळा वाचावे हाय?","मुलाला संध्याकाळी स्कूलचा किताब भेटवा आहे, कशामुळे तुम्हाला किती वेळा वाचावे आहे?",D4
"म्हाले बायकोवरून म्हाजी कुणाचे फोन आहे हाय, तुमाले भेटवा हाय.","मला बायकोवरून माझ्या कुणाचे फोन आहे आहे, तुम्हाला भेटवा आहे.",D4
आज रात्री म्हाजी पुणे शहरात जायचा प्रॉमिस करवतत हाय.,आज रात्री माझ्या पुणे शहरात जाण्याचा प्रॉमिस करून घेतात आहे.,D4
म्हाले मागल्या आठवड्यात म्हाजी कोणती वेगळी वाढदिवस हाय.,मला मागल्या आठवड्यात माझी कोणती वेगळी वाढदिवस आहे.,D4
"पोरगा तुमाले शाळेतल्या गणिताची परीक्षा मागल्या महिन्यात हाय, पायजे तुम्हाला किती वेळा अभ्यास करावे हाय?","मुलाला शाळेतल्या गणिताची परीक्षा मागल्या महिन्यात आहे, कशामुळे तुम्हाला किती वेळा अभ्यास करावे आहे?",D4
"पोरगा तुमाले शाळेतल्या इंग्रजीची परीक्षा मागल्या महिन्यात हाय, पायजे तुम्हाला किती वेळा अभ्यास करावे हाय?","मुलाला शाळेतल्या इंग्रजीची परीक्षा मागल्या महिन्यात आहे, कशामुळे तुम्हाला किती वेळा अभ्यास करावे आहे?",D4
"आज दुपारी माझे वडिलांनी फोन केलेला हाय, म्हाले नाश्ता करून जाऊन आहे.","आज दुपारी वडिलांनी फोन केलेला आहे, मला नाश्ता करून जाऊन आहे.",D4
मले गावातील स्वस्त भाजी मळा म्हाजी माझ्या घरी आहे हाय.,मलाला गावातील स्वस्त भाजी मळा माझ्या घरी आहे आहे.,D4
पोरगा तुम्ही कायले माझ्या वडीलांना म्हाले माझ्या हाय?,मुलाला कशामुळे वडिलांना मला माझ्या खूप काय आहे?,D4
"आज म्हाजी घरी खूप गरम पाणी आहे हाय, तुमाले शाळा जाऊन वेळ कळे हाय.","आज माझ्या घरी खूप गरम पाणी आहे आहे, तुम्हाला शाळा जाऊन वेळ कळे आहे.",D4
"हाय म्हाजी माझ्या घरी खूप थंडी आहे हाय, पोरगा तुम्ही शाळा जाऊन वेळ कळे हाय.","आहे माझ्या घरी खूप थंडी आहे आहे, मुलाला शाळा जाऊन वेळ कळे आहे.",D4
"आज माझा मुलगा शाळेतून उगवला हाय, नोकरी मिळायला हाय, तुमाले खूप खुश झालेत हाय.","आज माझा मुलगा शाळेतून उगवला आहे, नोकरी मिळाली आहे, तुम्हाला खूप खुश झालेत आहेत.",D4
"पोरगा माझे स्नॅक्स चाकलीचे घेतले हाय, म्हाजी बहिणीला खूप खुश झाले हाय.","मुलगा माझे स्नॅक्स चाकलीचे घेतले आहे, माझी बहिणीला खूप खुश झाली आहे.",D4
"आज माझ्या आईने सांगितले की, माझे पोरगा बाजारात जाऊन मिठाईं घ्यायला हाय.","आज माझ्या आईने सांगितले की, माझा मुलगा बाजारात जाऊन मिठाईं घ्यायला आहे.",D4
"मी म्हाजे मोठ्या भाऊला सांगितले की, क्रेडिट कार्ड कायम करण्यासाठी कोणत्या कागदपत्रे पाहिजेत हाय?","मी माझ्या मोठ्या भाऊला सांगितले की, क्रेडिट कार्ड कायम करण्यासाठी कोणत्या कागदपत्रे पाहिजेत?",D4
पोरगा माझा दही घ्यायला म्हाज्या आईकडे जाऊन म्हाले काय?,मुलगा माझा दही घ्यायला माझ्या आईकडे जाऊन माझे काय?,D4
"आज माझ्या बाबांनी सांगितले की, माझ्या पोरग्याला खूप क्रिकेट खेळायला पाहिजे हाय.","आज माझ्या बाबांने सांगितले की, माझ्या मुलाला खूप क्रिकेट खेळायला पाहिजे आहे.",D4
"माझ्या पोरग्याला म्हाज्या आईकडून नोकरी सांगितली हाय, तुमाले खूप खुश झालेत हाय.","माझ्या मुलाला माझ्या आईकडून नोकरी सांगितली आहे, तुम्हाला खूप खुश झालेत आहेत.",D4
"माझ्या पोरगा ला नवीन सायकल मिळाली हाय, खूप आनंद झाला हाय.","मुलाला नवीन सायकल मिळाली आहे, खूप आनंद झाला आहे.",D4
"आज माझ्या माथून गावात पार्टी आहे, तुमाले जरा येता का हाय?","आज मधून गावात पार्टी आहे, तुम्हाला जरा येता का आहे?",D4
"माझ्या मुलीला आता हायस्कूलमध्ये प्रवेश भेटला हाय, खूप आनंद झाला हाय.","मुलीला आता हायस्कूलमध्ये प्रवेश मिळाला आहे, खूप आनंद झाला आहे.",D4
आज दुपारी पाच वाजता मला म्हाजी कॉलेजमध्ये जायला पाहिजे हाय.,आज दुपारी पाच वाजता माझ्या कॉलेजमध्ये जायला पाहिजे आहे.,D4
"मला आता पोरगा नावाचा नवीन मित्र मिळाला हाय, खूप आनंद झाला हाय.","माला आता मुलगा नावाचा नवीन मित्र मिळाला आहे, खूप आनंद झाला आहे.",D4
आज दिवशी पावले किती दूर पायजे?,आज दिवशी पावले किती दूर पाहिजे?,D4
"माझ्या भावाला काय झाले हाय, तुम्हाला कायले?","माझ्या भावाला काय झाले आहे, तुम्हाला कशामुळे?",D4
"आज रात्री मला मोठ्या सिनेमाघराकडे जायचे हाय, पायजे?","आज रात्री मला मोठ्या सिनेमाघराकडे जायचे आहे, पाहिजे?",D4
"माझ्या चुलीत मोठे पावले चिखलले हाय, तुमाले काय करणार?","माझ्या चुलीत मोठे पावले चिखलले आहेत, तुम्हाला काय करायचे?",D4
"आज दिवशी मल्या भावाला मोठा हॉस्पिचला जावे लागले हाय, माथून?","आज दिवशी मल्या भावाला मोठा हॉस्पिचला जावे लागला आहे, मधून?",D4
"माझ्या भावाची काय पोरगी हाय, तुमाले?","माझ्या भावाची काय मुलगी आहे, तुम्हाला?",D4
"आज दिवशी माझ्या भावाला मोठा ट्रेनला निघावे लागले हाय, पायजे?","आज दिवशी माझ्या भावाला मोठा ट्रेनला निघावे लागला आहे, पाहिजे?",D4
"माझ्या भावाला काय करणार हाय, तुमाले?","माझ्या भावाला काय करणार आहे, तुम्हाला?",D4
"आज रात्री मल्या भावाला मोठा बाजारला जायचे हाय, पायजे?","आज रात्री मल्या भावाला मोठा बाजारला जायचे आहे, पाहिजे?",D4
"माझ्या भावाला मोठा क्रेडिट कार्ड मिळवून घ्यावे लागले हाय, तुमाले?","माझ्या भावाला मोठा क्रेडिट कार्ड मिळवून घ्यावे लागला आहे, तुम्हाला?",D4
आज घरी भेटलेल्या बाबांनी माझ्या मुलाला फिरता त्यागणे सांगितले हाय.,आज घरी भेटलेल्या बाबांनी माझ्या मुलाला फिरता त्यागणे सांगितले आहे.,D4
म्हाला खूप दडपण आल्यामुळे आज दुपारी मोठ्या देवळा वरून पूजा केली हाय.,माझ्याकडे खूप दडपण आल्यामुळे आज दुपारी मोठ्या देवळा वरून पूजा केली आहे.,D4
"पोरगा बाहेर खेळत असतांना खूप जोरदार बाजू पडली हाय, तो खूप रडला हाय.","मुलगा बाहेर खेळत असतांना खूप जोरदार बाजू पडली आहे, तो खूप रडला आहे.",D4
"तुमाले पायजे हे कधी निघाले नाही हाय, कायले कुठे निघाले हाय?","तुम्हाला हे पाहिजे हे कधी निघाले नाही आहे, कशामुळे निघाले आहे?",D4
"आज रात्री माझ्या मुलाच्या मुलाचे नावकरणी होईल हाय, पोरगा खूप आनंदित होईल हाय.","आज रात्री माझ्या मुलाच्या मुलाचे नावकरणी होईल आहे, मुलगा खूप आनंदित होईल आहे.",D4
म्हाजी जाड पावसाळी मुळे आज गावात पाण्याची भरणी केली हाय.,माझ्याकडे जाड पावसाळी मुळे आज गावात पाण्याची भरणी केली आहे.,D4
"पोरगा आज शाळेतून फिरता होईल हाय, तो खूप आनंदित होईल हाय.","मुलगा आज शाळेतून फिरता होईल आहे, तो खूप आनंदित होईल आहे.",D4
"आज गावात पायजे हे बघावे लागणार हाय, हाय, तुम्हाला खूप आवडेल हाय.","आज गावात हे पाहिजे हे बघावे लागणार आहे, हाय, तुम्हाला खूप आवडेल आहे.",D4
"म्हाला आज मोठ्या देवळा वरून पूजा केली हाय, खूप आनंद झाला हाय.","माझ्याकडे आज मोठ्या देवळा वरून पूजा केली आहे, खूप आनंद झाला आहे.",D4
"म्हातारे म्हाजी आज फार कठीण झाली हाय, दवाखान्यात गेले हाय.","माझ्या आज फार कठीण झाल्या, दवाखान्यात गेल्या.",D4
"जवळच्या पानेसाठी तुमाले पाहिजे हाय, म्हातारे पाने आणायला जातील हाय.","जवळच्या पानेसाठी तुम्हाला पाहिजे, माझ्या आज पाने आणायला जातील.",D4
"गावातील सर्व पोरगे खेळायला हाय, तुमला सुद्धा माहीत आहे हाय.","गावातील सर्व मुलांना खेळायला आहे, तुम्हालाही माहीत आहे.",D4
"आज गावातील बाजारात पाण्याचे पुरवठे करवतात हाय, पायजे पाणी पिणे हाय.","आज गावातील बाजारात पाण्याचे पुरवठे करून घेतात, पाहिजे पाणी पिणे आहे.",D4
आमचे मुलगा सुट्टीमध्ये पायजे गावाकडे येत असतो.,माझा मुलगा सुट्टीमध्ये पाहिजे गावाकडे येत असतो.,D4
"आज म्हाजी सासू पासून माथून भेट देणारी आहे, बायटा करून घेतात.","आज माझी सासू वरून भेट देणारी आहे, बायटा करून घेतात.",D4
मलेल्या कोणकोणाला क्रेडिट कार्ड स्वीकार करतो हाय?,माझ्याकडे कोणकोणाला क्रेडिट कार्ड स्वीकार करतो आहे?,D4
तुमाले पोरग्यांना वाढदिवसानिमित्त पार्टी द्यायला पायजे काय?,तुम्हाला मुलांना वाढदिवसानिमित्त पार्टी द्यायला पाहिजे काय?,D4
"मला मोठ्या शहरात गेल्यावर म्हाज्या दोघी लहान मुलासह भेट देणारी आहे, म्हाले.",मला मोठ्या शहरात गेल्यावर माझ्या दोघी लहान मुलासह भेट देणारी आहे.,D4
तुम्ही माझ्या वडीलांची मित्राला देणार्या उपहाराचा नमुना आणि किंमत द्यायला पायजे.,तुम्ही माझ्या वडीलांची मित्राला देणार्या उपहाराचा नमुना आणि किंमत द्यायला पाहिजे.,D4
"कॉलेजला जाताना बसमध्ये हाय, पैसे लवकर करमती नाही हाय.","कॉलेजला जाताना बसमध्ये आहे, पैसे लवकर कमवतात नाही.",D4
"पोरगा रोज चाळा खायला बघतो हाय, त्याला खूप आवडतो हाय.","मुला रोज चाळा खायला बघतो, त्याला खूप आवडते.",D4
गावातील माजी शाळेतील मित्राला भेटायला जायला म्हाजी पायजे हाय.,गावातील माझ्या शाळेतील मित्राला भेटायला जायला माझ्याकडे कुठे पाहिजे आहे.,D4
"भावशिक्षणात जायला म्हाजी हाय, पोरगा शिकतो हाय.","भावशिक्षणात जायला आहे, मुला शिकते.",D4
"गावातील सारे मित्राला भेटायला जायला म्हाजी हाय, तुमाले खूप आनंद हाय.","गावातील सारे मित्राला भेटायला जायला आहे, तुम्हाला खूप आनंद आहे.",D4
"आज गावात मोठा बाजार भरला हाय, तर वडा पाव खूप स्वस्त हाय.","आज गावात मोठा बाजार भरला आहे, तर वडा पाव खूप स्वस्त आहे.",D4
"आम्ही गावात मोठी पिकनिक केली हाय, त्या वर गायबगडा खूप मजा हाय.","आम्ही गावात मोठी पिकनिक केली आहे, त्यावर गायबगडा खूप मजा आहे.",D4
"मल्या माथून शाळेत मुले खूप मजा करतात हाय, पण आता पोरगा शाळा सुरु झाली हाय.","मधून शाळेत मुले खूप मजा करतात आहेत, पण आता मुलाला शाळा सुरु झाली आहे.",D4
"आमचे मोठे मावशी भेटायला येतात हाय, तेव्हा आम्ही पाक म्हाजी खूप खूप करवतात.","आमचे मोठे मावशी भेटायला येतात आहेत, तेव्हा आम्ही पाक माझे खूप खूप करवतात.",D4
"माझी मावशी पोरगा कॉलेजला विदेशी भेटला हाय, हाय त्याला खूप आनंद झाला हाय.","माझी मावशी मुलाला कॉलेजला विदेशी भेटला आहे, आहे त्याला खूप आनंद झाला आहे.",D4
"माझ्या मोठ्या भावाला त्याला माझ्या साथी मुलीला प्रपंच केला हाय, आता तो पोरगा फिरला हाय.","माझ्या मोठ्या भावाला त्याला माझ्या साथी मुलीला प्रपंच केला आहे, आता तो मुला फिरला आहे.",D4
"आम्ही शाळेत खूप हुशार मुले दिसतात हाय, पण आमचे पोरगे खूप मोलतात हाय.","आम्ही शाळेत खूप हुशार मुले दिसतात आहेत, पण आमचे मुले खूप मोलतात आहेत.",D4
"आज गावात मोठा बाजार भरला हाय, भाजीपाला खूप स्वस्त हाय.","आज गावात मोठा बाजार भरला आहे, भाजीपाला खूप स्वस्त आहे.",D4
म्हाले माझी बाइक खरीदण्यासाठी पैसे म्हाजी कमी आहेत हाय.,मला माझी बाइक खरेदी करण्यासाठी पैसे कमी आहेत आहे.,D4
तुमाले तुम्ही माहिता कायमची आहे कायले?,तुम्हाला तुम्ही माहिती कायमची आहे कशामुळे?,D4
बाहेर जायच्या पूर्वी किती वेळापत्रक काढावा कायले?,बाहेर जायच्या पूर्वी किती वेळापत्रक काढावा कशामुळे?,D4
आमच्या घरात मोठा सण होणारा आहे हाय!,आमच्या घरात मोठा सण होणार आहे आहे!,D4
क्रेडिट कार्डवर किती किंमत आहे हाय?,क्रेडिट कार्डवर किती किंमत आहे आहे?,D4
तुम्ही पोरगा माझ्या शाळेत पोहोचला कायले?,तुम्ही मुलाला माझ्या शाळेत पोहोचला कशामुळे?,D4
आयपीईच्या वेळी बँकेत जाऊन पैसे नेले आहेत हाय!,आयपीईच्या वेळी बँकेत जाऊन पैसे नेले आहेत आहे!,D4
म्हाजी मोठ्या भाऊने मी बाइक दिली आहे हाय!,माझ्या मोठ्या भाऊने मला बाइक दिली आहे आहे!,D4
"मी माझे सगळे काही तुम्हाले सांगायचे आहे हाय, पायजे मला काय करावे लागेल?","मी माझे सगळे काही तुम्हाला सांगायचे आहे, काय करावे लागेल?",D4
आज काय तारीख हाय? मला कार दात्री देण्याच्या मुदतीत पाहिजे हाय.,आज काय तारीख आहे? मला कार दात्री देण्याच्या मुदतीत पाहिजे.,D4
"मला खूप वेळा गल्ल्यात जायचे पाहिजे हाय, मले काय करावे लागेल?","मला खूप वेळा गल्ल्यात जायचे पाहिजे, काय करावे लागेल?",D4
"पोराले मोठ्या संगीत कार्यक्रमात सहभागी होतील हाय, तुम्हाले काय करावे लागेल?","मुलाला मोठ्या संगीत कार्यक्रमात सहभागी होतील, काय करावे लागेल?",D4
"आम्ही आठवड्यातून एकदा शाळेला घेऊन जायचे पाहिजे हाय, कायले?","आम्ही आठवड्यातून एकदा शाळेला घेऊन जायचे, कशामुळे?",D4
"मला आज घरी काय काय चांगले भात भाजी आहे हाय, तुम्हाले काय करावे लागेल?","मला आज घरी काय काय चांगले भात भाजी आहे, काय करावे लागेल?",D4
"पोरगा तिचा दुसरा दिवस होणार हाय, म्हाजी जागी कोणी बसेल हाय.","मुलगा तिचा दुसरा दिवस होणार आहे, माझी जागी कोणी बसेल.",D4
"आज पायजे चहा पिऊन येता हाय, खूप खायला पोरगा म्हाले आवडत हाय.","आज पाहिजे चहा पिऊन येणार आहे, खूप खायला मुलाला मला आवडत आहे.",D4
"माथून जाऊन बाजारात मोठी भाजी पाहिजे हाय, म्हाजी खूप स्वस्त असते हाय.","मधून जाऊन बाजारात मोठी भाजी पाहिजे आहे, माझी खूप स्वस्त असते आहे.",D4
"पोरगे कॉलेजमध्ये शाळेला जाते हाय, मुलाला खूप करवतत हाय.","मुलाला कॉलेजमध्ये शाळेला जाते आहे, खूप करून घेतात आहे.",D4
"आज म्हाजी मित्राला जन्मदिन हाय, मुलाला खूप आनंद झाला हाय.","आज माझ्या मित्राला जन्मदिन आहे, मुलाला खूप आनंद झाला आहे.",D4
"तुमाले सगळ्यांना भेटायला येता हाय, म्हाजी खूप आनंद झाला हाय.","तुम्हाला सगळ्यांना भेटायला येणार आहे, माझी खूप आनंद झाला आहे.",D4
"आज पायजे क्रेडिट कार्ड बदलणार हाय, काय कारण कायले हाय?","आज पाहिजे क्रेडिट कार्ड बदलणार आहे, काय कारण कशामुळे आहे?",D4
"म्हाजी मुलाला आज प्राथमिक शाळेला जावे लागत हाय, करवतत काय हाय?","माझ्या मुलाला आज प्राथमिक शाळेला जावे लागत आहे, करून घेतात काय आहे?",D4
"पोरगेला आता आता शाळेला जावे लागत हाय, मुलाला खूप प्रयत्न करावे लागत हाय.","मुलाला आता आता शाळेला जावे लागत आहे, खूप प्रयत्न करावे लागत आहे.",D4
माझे घरातल्या पोरग्याला पणजेवर जावे पाहिजे हाय.,माझे घरातल्या मुलाला पणजेवर जावे पाहिजे आहे.,D4
"आज गावात मोठा बाजार भरला हाय, भाजीपाला खूप स्वस्त हाय.","आज गावात मोठा बाजार भरला आहे, भाजीपाला खूप स्वस्त आहे.",D4
तुमाले माझ्या घरातले दूध कशामुळे न घेतले हाय?,तुम्हाला माझ्या घरातले दूध कशामुळे न घेतले आहे?,D4
माझे मुलाला स्कूलची कक्षा मधून कशी सांगतात हाय?,माझे मुलाला स्कूलची कक्षा वरून कशी सांगतात आहे?,D4
"आम्ही मोठा पोरगा पासून कशी जोडतात हाय, तुम्ही काय शिकतात हाय?","आम्ही मोठे मुलगा पासून कशी जोडतात आहे, तुम्ही काय शिकतात आहे?",D4
"आमच्या घरी पार्टी भरली हाय, पोरगे वेडे भागतात हाय.","आमच्या घरी पार्टी भरली आहे, मुले वेडे भागतात आहेत.",D4
"माझ्या घरातल्या पोरग्याचे बाय-सायकल आहे हाय, तुम्ही काय करतात हाय?","माझ्या घरातल्या मुलाचे बाय-सायकल आहे आहे, तुम्ही काय करतात आहे?",D4
"पोरग्याला आज दूध पुरवले आहे हाय, तो खूप आनंदी हाय.","मुलाला आज दूध पुरवले आहे आहे, तो खूप आनंदी आहे.",D4
"तुमाले आज बाजारात जावे पाहिजे हाय, मला पण जावे पाहिजे हाय.","तुम्हाला आज बाजारात जावे पाहिजे आहे, मला पण जावे पाहिजे आहे.",D4
"माझे घरातल्या पोरग्याला शाळेत जावे पाहिजे हाय, मला पण शाळेत जावे पाहिजे हाय.","माझे घरातल्या मुलाला शाळेत जावे पाहिजे आहे, मला पण शाळेत जावे पाहिजे आहे.",D4
"आज माझी सावत्री सावत्र्यांच्या घरी जाऊन भेटत आहे हाय, त्यांची तुम्हाले माहिती असते काय?","आज माझी सावत्री सावत्र्यांच्या घरी जाऊन भेटायची आहे, त्यांची तुम्हाला माहिती असते का?",D4
आपल्या बायको ला शाळेतून नोकरी मिळवायला पायजे काय जावे?,तुमच्या पत्नीला शाळेतून नोकरी मिळवायला काय जावे?,D4
तुम्हाले माझ्या मुलाला शाळेत जाण्याची कायले आहे काय?,तुम्हाला माझ्या मुलाला शाळेत जाण्याची कशामुळे आहे?,D4
"आज बाजारात माझी सावत्री सावत्र्यांची मुलगी पोरगा मिळाला हाय, खूप आनंद झाला हाय.","आज बाजारात माझी सावत्री सावत्र्यांची मुलगी मुलगा मिळाला आहे, खूप आनंद झाला आहे.",D4
तुम्हाले आमच्या भावाचे मोबाईल नंबर मला द्या हाय.,तुम्हाला आमच्या भावाचे मोबाईल नंबर मला द्या.,D4
"आमच्या दुकानावर मोठी सेल करवतत आहे, हाय तुम्हाले जावे काही खरेदी करण्यास?","आमच्या दुकानावर मोठी सेल आहे, तुम्ही जावे काही खरेदी करण्यास?",D4
माझ्या बाबांचे बंगला माथून पाहिजे काय?,माझ्या बाबांचे बंगला मधून पाहिजे काय?,D4
"आमच्या गावात मोठी सेल भरवत आहे हाय, तुम्हाले जावे काय?","आमच्या गावात मोठी सेल भरत आहे, तुम्ही जावे काय?",D4
तुम्हाले आमच्या मुलाला शाळेतली बाजारपेठ माहिती आहे काय?,तुम्हाला आमच्या मुलाला शाळेतली बाजारपेठ माहिती आहे?,D4
"आज दिवसभर गावात पाण्याची जोड करवतत हाय, पायजे सगळे पाण्याच्या पातळी वरून हाय.","आज दिवसभर गावात पाण्याची जोड करण्याचा प्रयत्न करतात, पाहिजे सगळे पाण्याच्या पातळी वरून असतील.",D4
"म्हाजी घरी तीन मुले आहेत हाय, त्यांना शाळेला जायला पायजे शिक्षा घेतली हाय.","माझ्या घरी तीन मुले आहेत, त्यांना शाळेला जायला पाहिजे शिक्षा घ्यावी लागते.",D4
"आज गावात मोठा बाजार भरला हाय, भाजीपाला खूप स्वस्त हाय.","आज गावात मोठा बाजार भरला आहे, भाजीपाला खूप स्वस्त आहे.",D4
"पोराले कॉलेजमध्ये प्रवेश भेटला हाय, लय आनंद झाला हाय.","मुलाला कॉलेजमध्ये प्रवेश मिळाला आहे, खूप आनंद झाला आहे.",D4
"आज माझ्या भावाला विजयादशमी ला गावात दिसतात हाय, त्यांच्याशी बोलण्यासाठी माथून आला हाय.","आज माझ्या भावाला विजयादशमी ला गावात दिसतील, त्यांच्याशी बोलण्यासाठी ते मधून आले.",D4
"आम्ही गावात मोठा भाजीपाला बाजार भरला हाय, त्यामुळे पोरगा खूप आनंद झाला हाय.","आम्ही गावात मोठा भाजीपाला बाजार भरला आहे, त्यामुळे मुलगा खूप आनंद झाला आहे.",D4
"आज गावात मोठा बाजार भरला हाय, मल्याला पोरग्यासाठी पेन्सिल आणि पेन खरेदी करावी हाय.","आज गावात मोठा बाजार भरला आहे, मला मुलासाठी पेन्सिल आणि पेन खरेदी करावी आहे.",D4
"पोरगा शाळेत जातो हाय, आता त्याला नोकरी मिळणार हाय.","मुला शाळेत जातो आहे, आता त्याला नोकरी मिळणार आहे.",D4
"आज माझ्या भावाला मोबाइलची रीचार्ज करावी हाय, तो दिवसभर वापरतो हाय.","आज माझ्या भावाला मोबाइलची रीचार्ज करावी आहे, तो दिवसभर वापरतो आहे.",D4
"तुमाला पोरग्याचे खाऊ आणण्यात भेटली हाय, काय पाहिजे हाय?","तुम्हाला मुलाचे खाऊ आणण्यात भेटले आहे, काय पाहिजे आहे?",D4
"माझे मुलगा कलेक्टॉरमध्ये नोकरी केली हाय, त्याला खूप फायदा झाला हाय.","माझा मुलगा कलेक्टॉरमध्ये नोकरी केली आहे, त्याला खूप फायदा झाला आहे.",D4
"मला माझी पत्रकारिता करवतत, कायले मला कोणाला सांगावे?","माझी पत्रकारिता करून घेतात, कशामुळे मला कोणाला सांगावे?",D4
"माझ्या बेटीने आत्ता कॉलेजमध्ये प्रवेश भेटला हाय, मला खूप आनंद झाला हाय.","माझ्या मुलीने आत्ता कॉलेजमध्ये प्रवेश मिळाला आहे, मला खूप आनंद झाला आहे.",D4
"आज गावात मोठा बाजार भरला हाय, भाजीपाला खूप स्वस्त हाय.","आज गावात मोठा बाजार भरला आहे, भाजीपाला खूप स्वस्त आहे.",D4
"आज गावात मोठा बाजार भरला हाय, भाजीपाला खूप स्वस्त हाय.","आज गावात मोठा बाजार भरला आहे, भाजीपाला खूप स्वस्त आहे.",D4
"माझ्या भावाला आज प्राथमिक शाळेत फेसबुकवर पाहिजे हाय, व्हॉट्सएपवर पाहिजे हाय.","माझ्या भावाला आज प्राथमिक शाळेत फेसबुकवर पाहिजे आहे, व्हॉट्सएपवर पाहिजे आहे.",D4
"आज माझ्या भावाला स्कूलमध्ये स्टेज ड्रेस वापरावी हाय, तो खूप आनंदीत आहे हाय.","आज माझ्या भावाला स्कूलमध्ये स्टेज ड्रेस वापरावा आहे, तो खूप आनंदीत आहे.",D4
"पोरग्या वडिलांना आज डॉक्टरकडे जायला हवे हाय, त्यांची तब्येत खूप चूकली हाय.","मुलागळा वडिलांना आज डॉक्टरकडे जायला हवे आहे, त्यांची तब्येत खूप चूकली आहे.",D4
"आज तुम्हाला शाळेमध्ये हॉलिडे हाय, म्हणून पुरेशा चारे घ्यावे हाय.","आज तुम्हाला शाळेमध्ये हॉलिडे आहे, म्हणून पुरेशा चारे घ्यावे आहे.",D4
"माझ्या पोरग्याला आता पायजे जास्त स्कूलमध्ये जायचे हाय, तो खूप खुश आहे हाय.","माझ्या मुलाला आता पाहिजे जास्त स्कूलमध्ये जायचे आहे, तो खूप खुश आहे.",D4
"आज माझ्या भावाला पायजे खूप जास्त शाळेमध्ये जायला हवे हाय, तो खूप थकला आहे हाय.","आज माझ्या भावाला पाहिजे खूप जास्त शाळेमध्ये जायला हवे आहे, तो खूप थकला आहे.",D4
"आज माझ्या भावाला खूप पैसे मिळाले हाय, तो खूप आनंदीने खाऊन घेतला हाय.","आज माझ्या भावाला खूप पैसे मिळाले आहे, तो खूप आनंदीने खाऊन घेतला आहे.",D4
"माझ्या देवीला आता तिचा प्राथमिक शाळा पूर्ण झाला हाय, तिची सारा स्कूल चांगलीच हाय.","माझ्या देवीला आता तिचा प्राथमिक शाळा पूर्ण झाला आहे, तिची सारा स्कूल चांगलीच आहे.",D4
"म्हाजी घरी पोरग्यांचा जन्मदिन हाय, सगळे कुटुंबीय आनंदाने मिळतात हाय.","माझ्या घरी पोराचा जन्मदिन आहे, सर्व कुटुंबीय आनंदाने मिळतात आहेत.",D4
"आज पायजे सगळ्यांचे स्वतःचे कार्यक्रम हाय, तुमाले कोणते कार्यक्रम करतात हाय?","आज सर्वांचे स्वतःचे कार्यक्रम आहेत, तुम्हाला कोणते कार्यक्रम करतात आहेत?",D4
"पायजे सगळ्यांना आज सायंकाळी रात्रीची वेळ हाय, कायले सगळे मोठे हाय.","सर्वांना आज सायंकाळी रात्रीची वेळ आहे, कशामुळे सर्व मोठे आहेत?",D4
"मले आज पायजे सगळ्यांना सिनेमा दाखवला हाय, हाय, पोरग्यांना खूप मनसोक्त हाय.","मी आज सर्वांना सिनेमा दाखवला आहे, खूप पोराना मनसोक्त आहे.",D4
"आज गावात मोठा बाजार भरला हाय, भाजीपाला खूप स्वस्त हाय, हे बाजार पायजे खूप चांगले आहे.","आज गावात मोठा बाजार भरला आहे, भाजीपाला खूप स्वस्त आहे, हे बाजार पाहिजे चांगले आहे.",D4
"माझ्या मित्राने ही प्रेमाला गाडी दिली हाय, त्यांनी त्याला गाडी दिली हाय, मला खूप आनंद झाला हाय.","माझ्या मित्राने ही प्रेमाला गाडी दिली आहे, त्यांनी त्याला गाडी दिली आहे, मला खूप आनंद झाला आहे.",D4
"माझ्या मुलाले आता UPI चा वापर करू लागला हाय, हे UPI चा फायदा मला खूप चांगला हाय.","माझ्या मुलाने आता UPI चा वापर करू लागला आहे, हे UPI चा फायदा माझ्या ला खूप चांगला आहे.",D4
"आज गावात पाण्याचे पुरवठा निघाले हाय, मला खूप स्वस्त पाणी मिळते हाय.","आज गावात पाण्याचे पुरवठा निघाले आहे, मला खूप स्वस्त पाणी मिळते आहे.",D4
"माझ्या भावाने आता पजामे कोट गोळा केले हाय, मला खूप सुंदर कपडे मिळते हाय.","माझ्या भावाने आता पजामे कोट गोळा केला आहे, मला खूप सुंदर कपडे मिळते आहे.",D4
"आज गावात मोठा खेळ प्रारंभ होणार हाय, मला खूप आनंद झाला हाय.","आज गावात मोठा खेळ प्रारंभ होणार आहे, मला खूप आनंद झाला आहे.",D4
"आज गावात मोठा बाजार भरला हाय, भाजीपाला खूप स्वस्त हाय, तुम्हाला पायजे कसला दिसतो हाय?","आज गावात मोठा बाजार भरला आहे, भाजीपाला खूप स्वस्त आहे, तुम्हाला पाहिजे कशा दिसतो आहे?",D4
स्वस्ती दिवशी कुटुंबाने मिठाई खाऊन जतन केला हाय.,स्वस्ती दिवशी कुटुंबाने मिठाई खाल्यानंतर जतन केला आहे.,D4
"मले कॉलेजात प्रवेश भेटला हाय, आता पुढचे काय पायजे?","मुलाला कॉलेजात प्रवेश मिळाला आहे, आता पुढचे काय पाहिजे?",D4
"मले माझ्या मामांकडे भेटले हाय, त्यांच्याकडे खूप पुरावा हाय.","मुलाला मामांकडे भेटला आहे, त्यांच्याकडे खूप पुरावा आहे.",D4
"आज प्रातःकाळी खूप पाऊस पडला हाय, आता पाण्याची व्यवस्था कशी हाय?","आज प्रातःकाळी खूप पाऊस पडला आहे, आता पाण्याची व्यवस्था कशी आहे?",D4
म्हाजी मुली स्कूलमध्ये जात असताना काय काय पायजे?,माझी मुली स्कूलमध्ये जात असताना काय काय पाहिजे?,D4
"मले किती उडके दिले हाय, आता काय करावे हाय?","मुलाला किती उडके दिले आहेत, आता काय करावे?",D4
आम्ही शनिवारी कुटुंबाने भाजीपाला मारणार हाय.,आम्ही शनिवारी कुटुंबाने भाजीपाला मारणार आहोत.,D4
"पोराला क्रीडा स्पर्धेत भाग घेतला हाय, त्याने खूप प्रतिभा दाखवली हाय.","मुलाला क्रीडा स्पर्धेत भाग घेतला आहे, त्याने खूप प्रतिभा दाखवली आहे.",D4
"आम्ही माझ्या भावांकडे हळूवार गेले हाय, ते आमच्यावर खूप खूष हाय.","आम्ही मामांकडे हळूवार गेले आहोत, ते आमच्यावर खूप खूष आहेत.",D4
"आज गावात मोठा बाजार भरला हाय, भाजीपाला खूप स्वस्त हाय.","आज गावात मोठा बाजार भरला आहे, भाजीपाला खूप स्वस्त आहे.",D4
आज तुमाले माझ्याकडून सांगितलेल्या विषयाची तपशीलाने व्याख्या करवतत.,आज तुम्हाला माझ्याकडून सांगितलेल्या विषयाची तपशीलाने व्याख्या करून घेतात.,D4
म्हाळे कायले की नुकताच माझा मुलगा पासपोर्ट भेटला हाय?,कायले की नुकताच मला मुलाचा पासपोर्ट मिळाला आहे?,D4
पोरगा दिलाना जात असतांना मला कॉलेजचे नाव पायजे आहे हाय.,मुलाला दिलाना जात असतांना मला कॉलेजचे नाव पाहिजे आहे.,D4
म्हाळे कायले की माझ्याकडून पूर्णपणे काम भेटला हाय?,कायले की मला माझ्याकडून पूर्णपणे काम मिळाला आहे?,D4
ते तुमाले कधी रात्री १० वाजता उठतात का हाय?,ते तुम्हाला कधी रात्री १० वाजता उठतात का?,D4
सांगा तुमाले माझ्याकडून माझ्या मुलाला पैसे दिल्याचे पायजे आहे.,सांगा मला तुम्हाला माझ्याकडून मुलाला पैसे दिले पाहिजे आहेत.,D4
"माझ्या नातवयाला आज नवरात्री सुरू झाली हाय, देवीची पूजा करून घरी येत आहेत हाय.","माझ्या नातवयाला आज नवरात्री सुरू झाली आहे, देवीची पूजा करून घरी येत आहेत.",D4
"आम्ही पोरग्यांना सुट्टी दिली आहे हाय, नंतर सगळे बाहेर खेळत आहेत हाय.","आम्ही मुलांना सुट्टी दिली आहे, नंतर सगळे बाहेर खेळत आहेत.",D4
"मले वडिलांनी आज स्वतःचा संगणक खरेदी केला हाय, म्हाजी खूप आनंद झाला हाय.","मला वडिलांनी आज स्वतःचा संगणक खरेदी केला आहे, माझी खूप आनंद झाला आहे.",D4
माझ्या मित्रांनो पोरगे आज फुटबॉल प्रतिस्पर्धा मध्ये भाग घेत आहेत हाय.,माझ्या मित्रांचे मुले आज फुटबॉल प्रतिस्पर्धा मध्ये भाग घेत आहेत.,D4
आम्ही हाय मोठ्या झाडावर चढून खूप मजा केली हाय.,आम्ही आहे मोठ्या झाडावर चढून खूप मजा केली.,D4
"कोणाला हाय स्वस्त दराने उर्जा पुरवठा मिळतो हाय, मले ही जाणत नाही हाय.","कोणाला आहे स्वस्त दराने उर्जा पुरवठा मिळतो, मला ही जाणत नाही.",D4
"तुमाला हाय कोणत्या मोठ्या रुग्णालयात जावे हाय, मलेला पोरगाला नेले हाय.","तुम्हाला आहे कोणत्या मोठ्या रुग्णालयात जावे लागते, मला मुलाचा पोरगा नेला आहे.",D4
"मलेला हाय कोणत्या मोठ्या ब्रांडची शोधून बघावे हाय, तुमाला म्हाजी सांगावे हाय.","मला आहे कोणत्या मोठ्या ब्रांडची शोधून बघावे, तुम्हाला माझी सांगावी लागते.",D4
"आजचे माझे हाय, म्हाले गावात मोठा सण झाला हाय.","आजचे माझे आहे, मला गावात मोठा सण झाला आहे.",D4
"मी पायजे कॉलेजमध्ये जाऊन तुमाले सोडून येतो हाय, नाश्ता खायला देतो हाय.","मी पाहिजे कॉलेजमध्ये जाऊन तुम्हाला सोडून येतो आहे, नाश्ता खायला देतो आहे.",D4
मला कायले तुमाले तुमचं सेल्फी टेक्स्ट केलं का हाय?,मला कशामुळे तुम्हाला तुमचं सेल्फी टेक्स्ट केलं आहे का?,D4
म्हाजी गाडी ब्रेकडाउन होऊन स्टेशनवर माझे काय करावं हाय?,माझी गाडी ब्रेकडाउन होऊन स्टेशनवर माझे काय करावं आहे?,D4
"आजचा मुलगा (पोरगा) क्रिकेट प्रतियोगितेत भाग घेतो हाय, मी त्यासाठी खूप गर्वाने हाय.","आजचा मुलगा (मुलगा) क्रिकेट प्रतियोगितेत भाग घेत आहे, मी त्यासाठी खूप गर्वाने आहे.",D4
"तुम्ही मला सांगितलं होतं की, माझ्या बाबांना पेन्सियन तयार होणार हाय?","तुम्ही मला सांगितलं होतं की, माझ्या बाबांना पेन्सियन तयार होणार आहे?",D4
"मला ज्यासाठी पोरगा (मुलगा) तुमच्या घरी येतो हाय, तो काय आहे हाय?","मला ज्यासाठी मुलगा तुमच्या घरी येतो आहे, तो काय आहे?",D4
"आजचा पोरगा (मुलगा) शाळेत माझा बोर्ड प्रोजेक्ट प्रदर्शन होणार हाय, सारे बाबा आहेत हाय.","आजचा मुलगा शाळेत माझा बोर्ड प्रोजेक्ट प्रदर्शन होणार आहे, सारे बाबा आहेत.",D4
"आजचे म्हाज्या भावाने मला हाय, एका दुकानावरून निवडक कापड स्वातंत्रपणे करून घेतलं काय हाय?","आजचे माझे भावाने आहे, एका दुकानावरून निवडक कापड स्वातंत्रपणे करून घेतलं आहे का?",D4
"गावात पाण्याचा पुरवठा खूप कमी होतो हाय, पाणी पिणे पोरग्याला सुद्धा पायजे हाय.","गावात पाण्याचा पुरवठा खूप कमी होतो आहे, पाणी पिणे मुलाला सुद्धा पाहिजे आहे.",D4
"मला आता मोबाइलवर बुकिंग करवतत आहे, साप्ताहिक वीजेचे बिल पोरग्याला द्यायला पायजे हाय.","मला आता मोबाइलवर बुकिंग करून घेतात आहे, साप्ताहिक वीजेचे बिल मुलाला द्यायला पाहिजे आहे.",D4
"म्हाज्या मित्राने व्हिडिओ कॉल करून मला सांगितले हाय, मी त्याच्या मित्राला दिसण्या पायजे हाय.","माझ्या मित्राने व्हिडिओ कॉल करून माझ्याकडे सांगितले आहे, मी त्याच्या मित्राला दिसण्या पाहिजे आहे.",D4
"मला आता खूप वर्षा होतो हाय, म्हाज्या मुलाला स्कूलमध्ये प्रवेश मिळाला हाय.","मला आता खूप वर्षा होत आहे, माझ्या मुलाला स्कूलमध्ये प्रवेश मिळाला आहे.",D4
"आज माझ्या मुलाला बेस्ट न्यूट्रिशन देण्याचा प्रयत्न करवतत हाय, त्याच्या शाळेला पोरग्याला जायला पायजे हाय.","आज माझ्या मुलाला बेस्ट न्यूट्रिशन देण्याचा प्रयत्न करून घेतात आहे, त्याच्या शाळेला मुलाला जायला पाहिजे आहे.",D4
आज माझ्या सासू-मamaला दिवाळी प्रमाणे फुलांची गडी म्हाले भेटली आहे.,आज माझ्या सासू-मामाला दिवाळी प्रमाणे फुलांची गडी दिली आहे.,D4
"आज रात्री माझे मित्र येत आहेत, त्यांना हाय काय खायला येत आहे?","आज रात्री माझे मित्र येत आहेत, त्यांना काय खायला येत आहे?",D4
हाय मल्या काय होणार आहे? माझ्या सासू-मamaला आज पायजे मिळाला आहे.,हाय माझ्या काय होणार आहे? माझ्या सासू-मामाला आज पाहिजे मिळाला आहे.,D4
"मल्या कॉलेजमध्ये आज परीक्षा होती, मल्या पूर्ण गुण मिळाले हाय.","माझ्या कॉलेजमध्ये आज परीक्षा होती, मला पूर्ण गुण मिळाले आहे.",D4
"आज मल्या शाळेमध्ये स्वातंत्र्य दिन सारखी गोष्ट होती हाय, मल्या खूप आनंद झाला हाय.","आज माझ्या शाळेमध्ये स्वातंत्र्य दिन सारखी गोष्ट होती, मला खूप आनंद झाला आहे.",D4
"मल्या घरी आज रात्री खूप वाढवले होते हाय, मल्या पायजे भरले हाय.","माझ्या घरी आज रात्री खूप वाढवले होते आहे, माझ्या पाहिजे भरले आहे.",D4
हाय माझ्या काय होत आहे? मल्या पोरगा लहान झाला आहे.,हाय माझ्या काय होत आहे? माझ्या मुलगा लहान झाला आहे.,D4
"आज मल्या मित्राचा जन्मदिन होता हाय, मल्या खूप आनंद झाला हाय.","आज माझ्या मित्राचा जन्मदिन होता आहे, मला खूप आनंद झाला आहे.",D4
"मल्या शाळेमध्ये आज क्रीडा स्पर्धा होती पोरगा, मल्या खूप आनंद झाला हाय.","माझ्या शाळेमध्ये आज क्रीडा स्पर्धा होती, मुलाला खूप आनंद झाला आहे.",D4
"म्हाले काय करू? हाय, आज माझ्या मोठ्या भावाने मला कार खरेदी करून दिला हाय.","काय करू? हाय, आज माझ्या मोठ्या भावाने मला कार खरेदी करून दिली आहे.",D4
आज पोरगाचे प्राथमिक शाळेचे नोंदणी प्रक्रिया घडली हाय.,आज मुलाचे प्राथमिक शाळेचे नोंदणी प्रक्रिया झाली आहे.,D4
म्हाजी दादांनी मला आज पासून प्राथमिक शाळेत नांदायला सुरवात करावी हाय.,माझ्या दादांनी मला आज पासून प्राथमिक शाळेत नांदायला सुरवात करावी आहे.,D4
तुमाले याच्या खूप लहान मुलाने खेळण्या बाजारात मिळतात हाय.,तुम्हाला याच्या खूप लहान मुलाने खेळण्या बाजारात मिळतात आहेत.,D4
"आम्ही पोरगाला सांगायचे की, तुम्ही कधी कोणासाठी वाईट बोलू नये हाय.","आम्ही मुलाला सांगायचे की, तुम्ही कधी कोणासाठी वाईट बोलू नये आहे.",D4
"म्हाजी मावशी हाय, ज्यांनी मला नंतरच्या सुमारास शाळेमध्ये घेऊन गेल्या हाय.","माझ्या मावशी आहेत, ज्यांनी मला नंतरच्या सुमारास शाळेमध्ये घेऊन गेली आहेत.",D4
आज दुपारी माझ्या भावाला स्वस्त विमाने उपलब्ध झाल्या हाय.,आज दुपारी माझ्या भावाला स्वस्त विमाने उपलब्ध झाली आहेत.,D4
"माझ्या मुलाले सांगितले की, त्याच्या मित्राला गावामध्ये स्वस्त फळे मिळतात हाय.","माझ्या मुलाने सांगितले की, त्याच्या मित्राला गावामध्ये स्वस्त फळे मिळतात आहेत.",D4
"आज गावात मोठा बाजार भरला पाहिजे हाय, भाजीपाला खूप स्वस्त हाय.","आज गावात मोठा बाजार भरला पाहिजे आहे, भाजीपाला खूप स्वस्त आहे.",D4
"माझ्या पोराले कॉलेजमध्ये प्रवेश भेटला हाय, लय आनंद झाला हाय.","मुलाला कॉलेजमध्ये प्रवेश मिळाला आहे, खूप आनंद झाला आहे.",D4
"गावात स्वस्त पाण्याचे पंप उपलब्ध झाले हाय, खूप मोठा लाभ हाय.","गावात स्वस्त पाण्याचे पंप उपलब्ध झाले आहे, खूप मोठा लाभ आहे.",D4
"माझ्या सारख्याच भावाला कॉलेजमध्ये प्रवेश भेटला हाय, खूप आनंद झाला हाय.","माझ्या सारख्याच भावाने कॉलेजमध्ये प्रवेश मिळाला आहे, खूप आनंद झाला आहे.",D4
"आज रात्री माझ्या भावाला शाळेच्या परीक्षा झाल्या हाय, खूप तयार झाला हाय.","आज रात्री माझ्या भावाला शाळेच्या परीक्षा झाली आहेत, खूप तयार झाला आहे.",D4
"माझ्या पोराले कॉलेजमध्ये प्रवेश भेटला हाय, तुम्ही खूप आनंदित हाय.","मुलाला कॉलेजमध्ये प्रवेश मिळाला आहे, तुम्ही खूप आनंदित आहा.",D4
"आज दुपारी माझ्या भावाला स्वस्त फळे मिळाली हाय, करवतत हाय.","आज दुपारी माझ्या भावाला स्वस्त फळे मिळाली आहेत, करून घेतात.",D4
"माझ्या सारख्याच भावाला कॉलेजमध्ये प्रवेश भेटला हाय, हा खूप आनंद झाला हाय.","माझ्या सारख्याच भावाने कॉलेजमध्ये प्रवेश मिळाला आहे, हा खूप आनंद झाला आहे.",D4
"आज रात्री माझ्या भावाला शाळेच्या परीक्षा झाल्या हाय, पोरगाला खूप आनंद झाला हाय.","आज रात्री माझ्या भावाला शाळेच्या परीक्षा झाली आहेत, मुलाला खूप आनंद झाला आहे.",D4
"माझे वडील गावातले गाणे गातात हाय, ते म्हाजी आवाजात असतात हाय.","माझे वडील गावातले गाणे गातात, ते माझे आवाजात असतात.",D4
"माझ्या आईने आज तयार केले खाजा हाय, ते खूप चवदार हाय.","माझ्या आईने आज तयार केले खाजा, ते खूप चवदार आहे.",D4
तुम्हाला काय लागेल हाय? तुम्हाला मी नेहमी तुमाले मदत करतो हाय.,तुम्हाला काय लागेल? तुम्हाला मी नेहमी तुम्हाला मदत करतो.,D4
"आज माझे मित्र माझ्या गावात आले हाय, त्यांना मी कॉफी आणि बिस्किट दिले हाय.","आज माझे मित्र माझ्या गावात आले, त्यांना मी कॉफी आणि बिस्किट दिला.",D4
माझे बाबा आज गावप्रमुखांनी केलेले निर्णय म्हाले आवडले हाय.,माझे बाबा आज गावप्रमुखांनी केलेले निर्णय मला आवडले.,D4
मलेला क्रेडिट कार्ड तुमाले कश्याने चुकलाय हाय?,माझा क्रेडिट कार्ड तुम्हाला कश्याने चुकला आहे?,D4
"माथून या भाजीपाल्या खूप स्वस्त हाय, म्हाजी रोजगारी सुद्धा पोरगा चांगला हाय.","मधून या भाजीपाल्याचा खूप स्वस्त आहे, माझा रोजगारी सुद्धा मुलगा चांगला आहे.",D4
"पोरगा आज स्कूलमध्ये प्रवेश भेटला हाय, म्हाजी आनंद झाला हाय.","मुलगा आज स्कूलमध्ये प्रवेश मिळाला आहे, माझा खूप आनंद झाला आहे.",D4
"मलेले पैसे तुमाले कश्याने वापराले हाय, म्हाजी तर कोणाच्या मदतीला जावे हाय.","माझे पैसे तुम्हाला कश्याने वापरले आहेत, माझा तर कोणाच्या मदतीला जावे आहे?",D4
"मलेल्या शाळेमध्ये हाय, म्हाजी काय पासून होणार हाय.","माझ्या शाळेमध्ये, माझ्या काय पासून होणार आहे?",D4
"म्हाजी पोरगा शाळेमध्ये प्रवेश भेटला हाय, आनंद झाला हाय.","माझा मुलगा शाळेमध्ये प्रवेश मिळाला आहे, खूप आनंद झाला आहे.",D4
"मलेले कार्ड तुमाले कश्याने चुकलाय हाय, म्हाजी काय करावे हाय.","माझे कार्ड तुम्हाला कश्याने चुकले आहे?, माझा काय करावे आहे?",D4
"आज म्हाजा दिवस सुद्धा म्हाले चांगला हाय, पायजे पाहिजे हाय.","आज माझा दिवस सुद्धा माझा चांगला आहे, पाहिजे आहे.",D4
"माझ्या सासरेला म्हाजी मोठी स्वादिष्ट वडा पाव भेटली हाय, खूप आनंद झाला हाय.","माझ्या सासरेला माझी मोठी स्वादिष्ट वडा पाव भेटली आहे, खूप आनंद झाला आहे.",D4
"आज माझ्या मित्राला तुमाले नोकरी भेटली हाय, हाय खूप आनंद झाला हाय.","आज माझ्या मित्राला तुम्हाला नोकरी मिळाली आहे, आहे खूप आनंद झाला आहे.",D4
"माझ्या बळीचे हे माझ्या कुटुंबाला म्हाजी भेटली हाय, खूप आनंद झाला हाय.","माझ्या बळीचे हे माझ्या कुटुंबाला माझी भेटली आहे, खूप आनंद झाला आहे.",D4
"आज माझ्या बंधवाला म्हाले मोबाइल दाखवितला हाय, आता तुमाले कसा आहे हाय.","आज माझ्या बंधवाला मला मोबाइल दाखवितला आहे, आता तुम्हाला कसे आहे.",D4
"पोरगा पाहिजे माझ्या मित्राला म्हाजी भेटायला जात असतो हाय, हाय खूप आनंद झाला हाय.","मुलगा पाहिजे माझ्या मित्राला माझी भेटायला जात असतो आहे आहे , खूप आनंद झाला आहे.",D4
"आज माझ्या शाळेला पायजे क्रिकेट स्पर्धा झाली हाय, खूप आनंद झाला हाय.",आज माझ्या शाळेला टीव्हीवर क्रिकेट स्पर्धा पाहिली आहे.,D4
आज सकाळी माझ्या माझ्या भावाचे तुमाले मोठे दिवसाचे निमित्ताने काय केले हाय?,आज सकाळी माझ्या माझ्या भावाचे तुम्हाला मोठे दिवसाचे निमित्ताने काय केले आहे?,D4
"माझ्या हातात माझ्या हातात मोठा बँक खाता आहे हाय, परंतु पोरगा म्हाले पैसे कशी भरावी हाय?","माझ्या हातात माझ्या हातात मोठा बँक खाता आहे, परंतु मुलाला मला पैसे कशी भरावी?",D4
आजचे म्हाजी पोरगा म्हाले नवीन सायकल सांभाळण्यात मोठा मोठा आनंद झाला हाय.,आजचे माझी मुलाला मला नवीन सायकल सांभाळण्यात मोठा मोठा आनंद झाला आहे.,D4
कायले म्हाले पोरगा हे कुठे खाणे खायला जातात हाय?,कशामुळे मुलाला हे कुठे खाणे खायला जातात?,D4
मी म्हाले काही दिवसा पोरगा म्हाले पायजे मोठे दिवसाचे निमित्ताने काय केले हाय.,मी मला काही दिवसा मुलाला मला मोठे दिवसाचे निमित्ताने काय केले आहे?,D4
"आज गावात मोठा बाजार भरला हाय, माला स्वस्त मिळाली हाय.","आज गावात मोठा बाजार भरला आहे, माळा स्वस्त मिळाली आहे.",D4
"हाय, आज माझ्या पोराला नोकरी मिळाली हाय, खूप आनंद झाला हाय.","आहे, आज माझ्या मुलाला नोकरी मिळाली आहे, खूप आनंद झाला आहे.",D4
"मला विकता येणारी स्ट्रॉबेरी खूप स्वस्त हाय, नाश्त्यात घेतली हाय.","माळा विकता येणारी स्ट्रॉबेरी खूप स्वस्त आहे, नाश्त्यात घेतली आहे.",D4
"अशी बातमी वाचून माझ्या पोराला खूप आनंद झाला हाय, खूप मोठा हाय.","अशी बातमी वाचून माझ्या मुलाला खूप आनंद झाला आहे, खूप मोठा आहे.",D4
"आज माझ्या मित्राला शाळेत प्रवेश भेटला हाय, खूप आनंद झाला हाय.","आज माझ्या मित्राला शाळेत प्रवेश मिळाला आहे, खूप आनंद झाला आहे.",D4
"माझे भाऊले ताज महालयाची टिकिटे घेतली हाय, सोमवारी जाणार आहेत.","माझे भाऊ ताज महालयाची टिकिटे घेतली आहेत, सोमवारी जाणार आहेत.",D4
"आज माझे मित्र म्हाजी कॉलेजमधून निघाले हाय, शाळेचे परीक्षा घेतली हाय.","आज माझे मित्र माझे कॉलेजमधून निघाले आहेत, शाळेचे परीक्षा घेतली आहेत.",D4
माझ्या मित्राचे पोरगा बाबा शाळेतल्या प्राध्यापक हे म्हाले.,"माझ्या मित्राचा मुलगा बाबा शाळेतल्या प्राध्यापक आहे, माझा.",D4
"आज पोरगाचे शाळेतले परीक्षा घेतले हाय, खूप आनंद झाला हाय.","आज मुलाचे शाळेतले परीक्षा घेतली आहेत, खूप आनंद झाला आहे.",D4
"माझ्या भावाले मोबाइलवर सोशल मीडिया केला हाय, खूप मजा म्हाले.","माझ्या भावाने मोबाइलवर सोशल मीडिया केला आहे, खूप मजा माझी.",D4
"आज माझे मित्र माझे घरी आले हाय, खूप आनंद झाला हाय.","आज माझे मित्र माझे घरी आले आहेत, खूप आनंद झाला आहे.",D4
"आज माझ्या पोरागताना खूप आनंद झाला हाय, त्यांना कॉलेजमध्ये नोकर मिळाला हाय.","आज माझ्या मुलाना खूप आनंद झाला आहे, त्याला कॉलेजमध्ये नोकर मिळाला आहे.",D4
"मला कोणाला कॉलेजमध्ये प्रवेश कशामुळे देणार आहे हाय, मल्याकडे खूप पैसे आहे हाय.","कोणाकडे कॉलेजमध्ये प्रवेश देणार आहे कशामुळे हे आहे, मलाकडे खूप पैसे आहेत.",D4
"आज पोरगा कॉलेजमध्ये प्रवेश भेटला हाय, मल्या खूप आनंद झाला हाय.","आज मुलाला कॉलेजमध्ये प्रवेश मिळाला आहे, मला खूप आनंद झाला आहे.",D4
"पोराले आता कॉलेजमध्ये प्रवेश भेटला हाय, मल्या खूप पैसे खर्च करावे लागतील हाय.","मुलाला आता कॉलेजमध्ये प्रवेश मिळाला आहे, मला खूप पैशा खर्च करावे लागतील.",D4
"आज माझ्या पोरागताना बाजारात जायचे पाहिजे हाय, त्यांना खूप गरजेचे आहे हाय.","आज माझ्या मुलाना बाजारात जाण्याचे पाहिजे आहे, त्याला खूप गरजेचे आहे.",D4
"मल्या नोकरी करावे लागतील हाय, माथून कोणाला सांगणे पाहिजे हाय.","मल्या नोकरी करावी लागतील, माझ्या कोणाकडे सांगावे लागतील.",D4
"आज माझ्या पोरागताना बाजारात खूप देवे आहेत हाय, त्यांना कोणते देवे आहेत हाय?","आज माझ्या मुलाना बाजारात खूप देवे आहेत आहे, त्याला कोणते देवे आहेत?",D4
"पोराले आता कॉलेजमध्ये प्रवेश भेटला हाय, मल्या खूप आनंद झाला हाय.","मुलाला आता कॉलेजमध्ये प्रवेश मिळाला आहे, मला खूप आनंद झाला आहे.",D4
"आज माझ्या पोरागताना बाजारात जायचे पाहिजे हाय, त्यांना खूप गरजेचे आहे हाय.","आज माझ्या मुलाना बाजारात जाण्याचे पाहिजे आहे, त्याला खूप गरजेचे आहे.",D4
"मल्या नोकरी करावे लागतील हाय, कोणाला सांगणे पाहिजे हाय.","मल्या नोकरी करावी लागतील, माझ्या कोणाकडे सांगावे लागतील.",D4
माझी मैत्रीण दोन दिवसांपासून बुखाराने कंटाळली आहे हाय.,माझी मैत्रीण दोन दिवसांपासून बुखाराने कंटाळली आहे.,D4
"मले आज बाहेरील रेस्टॉरंटमध्ये जाणार हाय, तुमालेला कोणतं भोजन आवडेल हाय?","आज बाहेरील रेस्टॉरंटमध्ये जाणार आहे, तुम्हाला कोणतं भोजन आवडेल?",D4
"आज माझ्या मित्राला जन्मदिनी होती हाय, पोरगाने खूप आनंद झाला हाय.","आज माझ्या मित्राला जन्मदिनी होती, मुलाने खूप आनंद झाला आहे.",D4
"मले आज रात्री सिनेमामध्ये जाणार हाय, तुमालेला कोणता चित्रपट आवडेल हाय?","आज रात्री सिनेमामध्ये जाणार आहे, तुम्हाला कोणता चित्रपट आवडेल?",D4
"मले आज गावात जाणार हाय, माथून येत असतो हाय.","आज गावात जाणार आहे, वरून येत असतो.",D4
"माझ्या मैत्रिणीला शाळेमध्ये प्रवेश भेटला हाय, खूप आनंद झाला हाय.","माझ्या मैत्रिणीला शाळेमध्ये प्रवेश मिळाला आहे, खूप आनंद झाला आहे.",D4
"आज माझ्या भावाला जन्मदिनी होती हाय, पोरगाने खूप आनंद झाला हाय.","आज माझ्या भावाला जन्मदिनी होती, मुलाने खूप आनंद झाला आहे.",D4
"मले आज सुट्टीमध्ये जाणार हाय, कायले माझ्या मित्राला बोलते की तो सुट्टीमध्ये कोणती गोष्ट करणार हाय?","आज सुट्टीमध्ये जाणार आहे, कशामुळे माझ्या मित्राला बोलते की तो सुट्टीमध्ये कोणती गोष्ट करणार?",D4
आज शाळेत माझे मित्राचे वाढदिवस हाय. त्याला फ्रिज पाहिजे हाय.,आज शाळेत माझे मित्राचे वाढदिवस आहेत. त्याला फ्रिज आहे पाहिजे.,D4
म्हाले घरात पाण्याची संकट हाय. पाण्याचे खाते देणे पाहिजे हाय.,मला घरात पाण्याची संकट आहे. पाण्याचे खाते देणे पाहिजे.,D4
आज घरी पोरग्याचा पार्टी हाय. तुमाले कोणता खाद्यपदार्थ खाल्ला हाय?,आज घरी मुलाचा पार्टी आहे. तुम्हाला कोणता खाद्यपदार्थ खाल्ला आहे?,D4
म्हाले माझ्या पत्नीला फुले खूप पाहिजे हाय.,मला माझ्या पत्नीला फुले खूप पाहिजे आहेत.,D4
हाय रात्री कोणता बाळगा पाहिजे हाय?,आहे रात्री कोणता बाळगा पाहिजे आहे?,D4
म्हाजी घरात लाईट हाय. तुमाले थोडी लाईट पाहिजे हाय.,माझी घरात लाईट आहे. तुम्हाले थोडी लाईट पाहिजे आहे.,D4
आज गावात मोठा उत्सव हाय. तुमाले तुम्हाला गावात खायला पाहिजे हाय.,आज गावात मोठा उत्सव आहे. तुम्हाला तुम्हाला गावात खायला पाहिजे आहे.,D4
म्हाजी मुलाला वाचनपुस्तक पाहिजे हाय.,माझा मुलाला वाचनपुस्तक पाहिजे आहे.,D4
आज घरी कोणता सांगतात काय हाय?,आज घरी कोणता सांगतात काय आहे?,D4
"तुमाले आज माझ्या घरी पाहिजे हाय, मी तुम्हाला जेवण देतो हाय.","तुम्हाला आज माझ्या घरी पाहिजे आहे, मी तुम्हाला जेवण देतो आहे.",D4
"आज गावात मोठा बाजार भरला हाय, भाजीपाला खूप स्वस्त हाय.","आज गावात मोठा बाजार भरला आहे, भाजीपाला खूप स्वस्त आहे.",D4
"आज माझ्या मित्राला बँकेत नोकरी भेटली हाय, खूप आनंद झाला हाय.","आज माझ्या मित्राला बँकेत नोकरी मिळाली आहे, खूप आनंद झाला आहे.",D4
"आज माझ्या भावाला शाळेमध्ये जाऊन दाखवाले हाय, खूप खुश झाले हाय.","आज माझ्या भावाला शाळेमध्ये जाऊन दाखवाले आहे, खूप खुश झाले आहे.",D4
"आम्ही आज माझ्या शाळेमध्ये शाळा परीक्षा देत आहोत हाय, खूप विचार करत आहोत हाय.","आम्ही आज माझ्या शाळेमध्ये शाळा परीक्षा देत आहोत आहोत, खूप विचार करत आहोत आहे.",D4
मलेला नोकरी संधी मिळाल्यावर मला खूप आनंद झाला हाय.,मुलाला नोकरी संधी मिळाल्यावर माझ्याकडे खूप आनंद झाला आहे.,D4
"तुमाले आज माझ्या घरी नाश्ता करायला आहे हाय, तुमाले मला खूप म्हणजे २००/- रुपये द्याय.","तुम्हाला आज माझ्या घरी नाश्ता करायला आहे आहे, तुम्हाला मला खूप म्हणजे २००/- रुपये द्याय.",D4
आज माझ्या मुलाने प्रतिभा प्रॉपर्टी वरून घर खरेदी करण्याची संधी मिळाली हाय.,आज माझ्या मुलाने प्रतिभा प्रॉपर्टी वरून घर खरेदी करण्याची संधी मिळाली आहे.,D4
"कोण्याला कोणत्या व्हायरससाठी व्हॅक्सीन घेतली हाय, मला कोण्या व्हायरससाठी व्हॅक्सीन घेतली हाय.","कोण्याला कोणत्या व्हायरससाठी व्हॅक्सीन घेतली आहे, मला कोण्या व्हायरससाठी व्हॅक्सीन घेतली आहे.",D4
आज दिवसा माझ्या मुलाला बँकेकडून शाळा शिक्षणासाठी फंड मिळाला हाय.,आज दिवसा माझ्या मुलाला बँकेकडून शाळा शिक्षणासाठी फंड मिळाला आहे.,D4
"आज माझे मुलगा शाळेत प्रवेश भेटला हाय, तुमाले आनंद झाला हाय.","आज माझा मुलगा शाळेत प्रवेश मिळाला आहे, तुम्हाला आनंद झाला आहे.",D4
"आज माझे मुलगा शाळेत प्रवेश भेटला हाय, तुमाले आनंद झाला हाय.","आज माझा मुलगा शाळेत प्रवेश मिळाला आहे, तुम्हाला आनंद झाला आहे.",D4
"आज गावात बाजार भरला हाय, भाजीपाला खूप स्वस्त हाय.","आज गावात बाजार भरला आहे, भाजीपाला खूप स्वस्त आहे.",D4
"मला पोरगा पाहिजे हाय, पोरगा माझ्या घरी पोरगे हाय.","माझ्या मुलाला पाहिजे आहे, माझ्या घरी मुलगा आहे.",D4
"आज माझे मुलगा गावात जातात हाय, काय काम पायजे?","आज माझा मुलगा गावात जात आहे, काय काम पाहिजे?",D4
"आज माझ्या भावाला वेगवेगळ्या वाहने बघावीत येत हाय, तुम्हाला काय आवडले हाय?","आज माझ्या भावाला वेगवेगळ्या वाहने बघावीत येत आहेत, तुम्हाला काय आवडले आहे?",D4
"मला आज संध्याकाळी प्रियेकडे जाणे पाहिजे हाय, कोणत्या वेळेपर्यंत पोचतो हाय?","मला आज संध्याकाळी प्रियेकडे जाणे पाहिजे, कोणत्या वेळेपर्यंत पोचतो?",D4
"माझ्या मुलीला वडीला फोन केला हाय, तुम्हांला माझ्या मुलीला काय म्हणावे हाय?","मुलीला वडीला फोन केला आहे, तुम्हांला माझ्या मुलीला काय म्हणावे?",D4
"माझ्या मुलासाठी पुरेशा पैसे नसतील हाय, मला काय करावे हाय?","मुलासाठी पुरेशा पैसे नसतात, मला काय करावे?",D4
"आज माझ्या भावाला कार्यक्रमात जाणे येत हाय, तुम्हाला काय म्हणावे हाय?","आज माझ्या भावाला कार्यक्रमात जाणे येत आहे, तुम्हाला काय म्हणावे?",D4
"मला आज माझ्या मित्राला भेटायला जाणे हाय, तुम्हाला तो काय म्हणेल हाय?","मला आज माझ्या मित्राला भेटायला जाणे आहे, तुम्हाला तो काय म्हणेल?",D4
"माझ्या मुलाला पार्टी खेळताना फ्रेंडसाठी बोलावा भेटला हाय, खूप आनंद झाला हाय.","मुलाला पार्टी खेळताना फ्रेंडसाठी बोलावा भेटला आहे, खूप आनंद झाला आहे.",D4
"आज माझ्या भावाला त्याच्या मित्राला भेटायला जाणे हाय, तुम्हाला काय म्हणावे हाय?","आज माझ्या भावाला त्याच्या मित्राला भेटायला जाणे येत आहे, तुम्हाला काय म्हणावे?",D4
"माझ्या मुलाला कॉलेजमध्ये केवळ 60% गुण मिळाले हाय, काय करावे हाय?","मुलाला कॉलेजमध्ये केवळ 60% गुण मिळाले आहेत, काय करावे?",D4
"आज गावात मोठा बाजार भरला हाय, भाजीपाला खूप स्वस्त हाय.","आज गावात मोठा बाजार भरला आहे, भाजीपाला खूप स्वस्त आहे.",D4
"आम्ही गावातील परिषदेचे सभासद म्हाले हाय, आजच्या सभेला आले पाहिजे हाय.","आम्ही गावातील परिषदेचे सभासद माझे आहे, आजच्या सभेला आले पाहिजे आहे.",D4
"पोरगा बायसायकल स्टार्ट करला हाय, तुम्ही खूप उत्साहाने हाय.","मुलगा बायसायकल स्टार्ट केला आहे, तुम्ही खूप उत्साहाने आहे.",D4
"माझ्या मैत्रिणीने आजच्या सुट्टीत माझी भेट दिली हाय, खूप आनंद झाला हाय.","माझ्या मैत्रिणीने आजच्या सुट्टीत माझी भेट दिली आहे, खूप आनंद झाला आहे.",D4
"माझ्या आईने आजच्या दिवशी मला स्वादिष्ट भोजन परोसलं हाय, खूप चावट हाय.","माझ्या आईने आजच्या दिवशी मला स्वादिष्ट भोजन परोसलं आहे, खूप चावट आहे.",D4
"आज माझ्या शाळेत क्रिकेटची स्पर्धा होणारी हाय, माझ्या टीममध्ये खूप आशा हाय.","आज माझ्या शाळेत क्रिकेटची स्पर्धा होणारी आहे, माझ्या टीममध्ये खूप आशा आहे.",D4
"आज माझ्या तुमाले फेरचा चहा येत आहे, तुम्ही या कायमचा बोलले हाय?","आज माझ्या तुम्हाला फेरचा चहा येत आहे, तुम्ही या कायमचा बोलला आहे?",D4
"तुम्ही म्हातार्यांचे कर्तव्य पार करतात, पायजे त्यांची सहाय्य करतात हाय!","तुम्ही म्हातार्यांचे कर्तव्य पार करता, पाहिजे त्यांची सहाय्य करतात आहे!",D4
"आज गावात मोठा बाजार भरला हाय, भाजीपाला खूप स्वस्त हाय.","आज गावात मोठा बाजार भरला आहे, भाजीपाला खूप स्वस्त आहे.",D4
"कायले आम्ही बोलले की हे खूप बळवंत आहे, म्हाजी किती काम केले आहे?","कशामुळे आम्ही बोलले की हे खूप बळवंत आहे, माझी किती काम केली आहे?",D4
"आज गावात चौकशी करणार्‍या पोलिसांनी मल्याला बोलले आहे, तुम्ही बोलले हाय!","आज गावात चौकशी करणार्‍या पोलिसांनी मल्याला बोलला आहे, तुम्ही बोलला आहे.",D4
माझी मैत्रीणे प्रत्येक वेळी माझे खूप पैसे घेतात हाय.,माझी मैत्रीण प्रत्येक वेळी माझे खूप पैसे घेतात आहेत.,D4
"मले दुकानात फोन केला हाय, ते काय बोलले हाय?","मला दुकानात फोन केला आहे, ते काय बोलले आहे?",D4
"तुम्हाला दिवशी पोरगा बाहर जावे हाय, खूप आनंद होतो हाय.","तुम्हाला दिवशी मुलाला बाहेर जावे आहे, खूप आनंद होतो आहे.",D4
म्हाजी सासू म्हाले जणू माझ्या लाडक्याला खूप प्यासी आहे हाय.,माझ्या सासूला मुलाला खूप प्यासी आहे म्हणून म्हणतायत.,D4
आम्ही स्वत:च किचनमध्ये खूप पाककृती करवतत हाय.,आम्ही स्वत:च किचनमध्ये खूप पाककृती करून घेतो.,D4
कशामुळे मला येता येता भूक लागली हाय?,कशामुळे मला येता येता भूक लागते?,D4
"म्हाजी मैत्रीणे हाय मल्या दिला हाय, ते काय बोलले हाय?","माझ्या मैत्रिणीने मला हाय दिला आहे, ते काय बोलले आहे?",D4
"म्हाजी दादा गावातून फिरतात हाय, तुमाले कुठे सांगतात हाय?","माझ्या दादा गावातून फिरतात आहेत, तुम्हाला कुठे सांगतात?",D4
आज म्हाले तुमाले किती टाका दिला हाय?,आज मला तुम्हाला किती टाका दिला आहे?,D4
"म्हाजी नातू पूर्वी गावातून गेले हाय, आता फिरतात हाय.","माझ्या नातून पूर्वी गावातून गेले आहेत, आता फिरतात.",D4
"तुमाले म्हाजी काय विचार करतात हाय, कायले मला काय समजते नाही हाय?","तुम्हाला माझ्या काय विचार करतात, कशामुळे मला काय समजते नाही?",D4
"आज म्हाजी पोरगा कॉलेजमधून परतला हाय, लय आनंद झाला हाय.","आज मुला कॉलेजमधून परतला आहे, खूप आनंद झाला आहे.",D4
"हाय, मला म्हाजी काय सांगतात हाय?","आहे, मला माझ्या काय सांगतात?",D4
"म्हाजी बाबा गार्डनमध्ये शाळा पाहिजे हाय, पायजे मला काय चालणारे नाही हाय.","माझ्या बाबा गार्डनमध्ये शाळा पाहिजे आहे, पाहिजे मला काय चालणारे नाही?",D4
म्हाजी मुलगी आता म्हाले तुमाले मागणी घेतात हाय.,माझ्या मुलीने आता मला तुम्हाला मागणी घेतात आहे.,D4
आज पायजे माझा पोरगा स्कूलचा ब्रंच खायला घेईन हाय.,आज पाहिजे माझा मुलगा स्कूलचा ब्रंच खायला घेईल.,D4
माझे पोरगे आज स्कूलला बसवर चढण्यास पायजे हाय.,माझ्या मुलांना आज स्कूलला बसवर चढण्यास पाहिजे आहे.,D4
तुमाले माझ्या बाईला नोकरी द्यायला कायले हाय?,तुम्हाला माझ्या बाईला नोकरी द्यायला कशामुळे आहे?,D4
"आज गावात मोठा मेलावा हाय, सगळे लोक जमतील हाय.","आज गावात मोठा मेलावा आहे, सगळे लोक जमतील आहेत.",D4
पोरग्यांसाठी पायजे तीन रुपये मिळवायला हाय.,मुलांसाठी पाहिजे तीन रुपये मिळवायला आहेत.,D4
आज रात्री सगळ्या घरात गणेश चतुर्थी पूजा करू हाय.,आज रात्री सगळ्या घरात गणेश चतुर्थी पूजा करणार आहे.,D4
"तुमाले गावात सांगत होते की बाजारात ब्रेड खूप स्वस्त हाय, मले तर ब्रेडचा पुरवठा करावा पायजे.","तुम्हाला गावात सांगत होते की बाजारात ब्रेड खूप स्वस्त आहे, मला तर ब्रेडचा पुरवठा करावा पाहिजे.",D4
"आज गावात चौपट पाहिजे हाय, आम्ही हाय फार जागोजोग हाय.","आज गावात चौपट पाहिजे आहे, आम्ही फार जागोजोग आहोत.",D4
"आम्ही माथून कॉलेजला जायचे हाय, आम्ही पोरगाला प्रैक्टिकल विषयाच्या संगिता पोरगाला द्यायच्या हाय.","आम्ही मधून कॉलेजला जायचे आहे, आम्ही मुलाला प्रैक्टिकल विषयाच्या संगिता मुलाला द्यायच्या.",D4
काय हा सगळा क्रेडिट कार्ड पैसे पोरगा बाहेर काढतो हाय?,काय हा सगळा क्रेडिट कार्ड पैसे मुला बाहेर काढतो आहे?,D4
जमीनीवर विहीर गाढवून दाखवावी पोरगा पायजे हाय.,जमीनीवर विहीर गाढवून दाखवावी मुलाला पाहिजे आहे.,D4
"आम्ही पार्कमध्ये संध्याकाळी निघतो हाय, तुमाले सुद्धा येता काय?","आम्ही पार्कमध्ये संध्याकाळी निघतो आहोत, तुम्हाला सुद्धा येता काय?",D4
"आज माझा मुलगा प्रवेश परीक्षा देतो हाय, म्हाले प्रार्थना करतो.","आज माझा मुलगा प्रवेश परीक्षा देतो आहे, मला प्रार्थना करतो.",D4
आज रात्री आमचे मुलगा तिकीट पुण्याला पाठवला हाय.,आज रात्री आमचा मुलगा तिकीट पुण्याला पाठवला आहे.,D4
कायले हा खूप सोपा काम आहे किंवा तुमाले म्हाले हा कसा म्हणतात हाय?,कशामुळे हा खूप सोपा काम आहे किंवा तुम्हाला मला हा कसा म्हणतात आहे?,D4
"तुमाले क्रेडिट कार्डचे शुल्क भरायची पायजे सांगतात हाय, मले कुठे भरायचे हाय.","तुम्हाला क्रेडिट कार्डचे शुल्क भरायचे पाहिजे असते का, मला कुठे भरायचे आहे?",D4
"आज गावात विजेची विक्री करणारे कंपनी आली हाय, तुमाले वीजपसंदी मोठी रक्कम भरली हाय.","आज गावात विजेची विक्री करणारी कंपनी आली आहे, तुम्हाला वीजपसंदी मोठी रक्कम भरावी लागणार आहे.",D4
"मले मोबाइलमध्ये व्हायरस आला हाय, तुमाले माझ्या फोनमधून तो कसा हटवू शकतात हाय.","माझ्या मोबाइलमध्ये व्हायरस आला आहे, तुम्ही माझ्या फोनमधून तो कसा हटवू शकतात?",D4
"ग्रामपंचायतमध्ये शेतकऱ्यांनी संप केला हाय, तुमाले त्यांची मागणी पूर्ण करायची पायजे हाय.","ग्रामपंचायतमध्ये शेतकऱ्यांनी संप केला आहे, तुम्हाला त्यांची मागणी पूर्ण करावी लागणार आहे.",D4
"पोरगाला पोलिसांनी पुस्तकांसाठी १०० रुपये मिळाले हाय, मले काय केले हाय.","मुलाला पोलिसांनी पुस्तकांसाठी १०० रुपये मिळाले आहे, मला काय केले आहे?",D4
"मले बाबांच्या मृत्यूनंतर पेंशन कशामुळे मिळणार हाय, तुमाले मला काय सांगतात हाय.","मला बाबांच्या मृत्यूनंतर पेंशन कशामुळे मिळणार आहे, तुम्ही मला काय सांगतात?",D4
"आज सकाळी माझ्या घरात कोणी खूप आवाज करीत हाय, मले काय केले हाय.","आज सकाळी माझ्या घरात कोणी खूप आवाज करीत आहे, मला काय केले आहे?",D4
मला माझ्या भावाने माझी वाढदिवसाची पार्टी आयोजित केली हाय.,माझ्या भावाने माझ्या वाढदिवसाची पार्टी आयोजित केली आहे.,D4
"आज माझ्याकडे माझे वडिलांचे नातेवाईक येणार हाय, खूप स्वागत करायला पायजे.","आज माझ्याकडे माझे वडिलांचे नातेवाईक येणार आहेत, खूप स्वागत करायला पाहिजे.",D4
पोरगाला पूर्णवेळ वाचन करायला माझे वडिलांचे पुस्तक म्हाले.,मुलाला पूर्णवेळ वाचन करायला माझे वडिलांचे पुस्तक माझ्या हाती आहे.,D4
"मला माझ्या मित्राने गाडी दिली हाय, ती माझ्या हाती म्हाजी आहे.","माझ्या मित्राने माझ्या गाडी दिली आहे, ती माझ्या हाती आहे.",D4
"आज पोरगा प्राथमिक शाळेमध्ये विज्ञान कक्षेत प्रयोग केला हाय, खूप आनंद झाला हाय.","आज मुला प्राथमिक शाळेमध्ये विज्ञान कक्षेत प्रयोग केला आहे, खूप आनंद झाला आहे.",D4
"मले पोरगाला बाळाने विचारलेल्या प्रश्नाचे उत्तर दिले हाय, खूप आनंद झाला हाय.","माझ्या मुलाला बाळाने विचारलेल्या प्रश्नाचे उत्तर दिले आहे, खूप आनंद झाला आहे.",D4
"तुमाले सावली सुरू केली हाय, बाबांनी खूप आनंद झाला हाय.","तुम्हाला सवारी सुरू केली आहे, बाबांनी खूप आनंद झाला आहे.",D4
"आज गावात मोठा बाजार भरला हाय, भाजीपाला खूप स्वस्त हाय.","आज गावात मोठा बाजार भरला आहे, भाजीपाला खूप स्वस्त आहे.",D4
"मला पोरगा शाळेमध्ये प्रवेश भेटला हाय, आनंद झाला हाय.","मुलाला शाळेमध्ये प्रवेश मिळाला आहे, खूप आनंद झाला आहे.",D4
"आम्ही माझ्या मित्राला खूप सारे गिफ्ट दिले हाय, तो खूप खुश झाला हाय.","आम्ही माझे मित्राला खूप सारे गिफ्ट दिले आहे, तो खूप खुश झाला आहे.",D4
"आज रात्री आम्ही पूर्णिमा उत्सव भेटला हाय, विशेष आनंद झाला हाय.","आज रात्री आम्ही पूर्णिमा उत्सव भेटला आहे, विशेष आनंद झाला आहे.",D4
"मला तुम्ही स्कूलमध्ये प्रवेश भेटला हाय, आनंद झाला हाय.","मुलाला शाळेमध्ये प्रवेश मिळाला आहे, खूप आनंद झाला आहे.",D4
"तुमाले शॉपिंगमध्ये खूप सारे सामान विकत घेतले हाय, खूप आनंद झाला हाय.","तुम्हाला शॉपिंगमध्ये खूप सारे सामान विकत घेतले आहे, खूप आनंद झाला आहे.",D4
"आज रात्री पोरगा सांगितला की हाय, घरी हाय.","आज रात्री मुलाला सांगितला की आहे, घरी आहे.",D4
"आज गावात मोठी शाळा भरली हाय, शाळेत खूप गोड गाणी हाय.","आज गावात मोठी शाळा भरली आहे, शाळेत खूप गोड गाणी आहे.",D4
"आज कॉलेजात मी प्रवेश भेटला हाय, लय माथून आनंद झाला हाय.","आज कॉलेजात मी प्रवेश मिळाला आहे, खूप आनंद झाला आहे.",D4
"मले बाजारात जावे हाय, म्हाजी पायजे पैसे हाय.","मला बाजारात जावे आहे, माझी पाहिजे पैसे आहेत.",D4
"आज भेटला येणारा मित्राने मला कॉलेजमधून भेटायला हाय, मला खूप आनंद झाला हाय.","आज भेटला येणारा मित्राने मला कॉलेजमधून भेटायला आहे, मला खूप आनंद झाला आहे.",D4
"माझ्या पोराने ही शाळेत जाण्यास पायजे हाय, तुमी तो त्याच्या मदतीले हाय.","माझ्या मुलाने ही शाळेत जाण्यास पाहिजे आहे, तुम्ही तो त्याच्या मदतीला आहे.",D4
"पायजे मला दिलेले क्रेडिट कार्डची खाती सापडली नाही हाय, कायले आणि काय होता हाय?","पाहिजे मला दिलेले क्रेडिट कार्डची खाती सापडली नाही आहे, कशामुळे आणि काय होता आहे?",D4
"हाय, मला पायजे माझ्या भावाने मी हायर सेकेंडरी करून घेण्यास हाय.","आहे, मला पाहिजे माझ्या भावाने मी हायर सेकेंडरी करून घेण्यास आहे.",D4
"मला तुम्ही कोणत्या शाळेत जायला हाय, मला त्या शाळेची खूप तपशीले हाय.","मला तुम्ही कोणत्या शाळेत जायला आहे, मला त्या शाळेची खूप तपशील आहे.",D4
"आज माझ्या मित्राने मला बोर्ड खेळा करायला हाय, मला खूप आनंद झाला हाय.","आज माझ्या मित्राने मला बोर्ड खेळा करायला आहे, मला खूप आनंद झाला आहे.",D4
"हाय, मला तुम्ही कोणत्या रेस्टॉरंटमध्ये जायला हाय, मला त्या रेस्टॉरंटेमध्ये खूप आनंद झाला हाय.","आहे, मला तुम्ही कोणत्या रेस्टॉरंटमध्ये जायला आहे, मला त्या रेस्टॉरंटेमध्ये खूप आनंद झाला आहे.",D4
"मला तुम्ही उर्दू भाषेचे पाठ्यक्रम का करवतत हाय, मला ती भाषा काय आहे हाय?","मला तुम्ही उर्दू भाषेचे पाठ्यक्रम कशाच्या कारणास्तव करून घेतात, मला ती भाषा काय आहे आहे?",D4
"आज पोरग्यांना पाढा फिरायला आला हाय, मला खूप आनंद झाला हाय.","आज मुलाना पाढा फिरायला आला आहे, मला खूप आनंद झाला आहे.",D4
"हाय, आज दादा माझ्या गावात आले हाय, मला खूप शिकवणी मिळाली हाय.","आज दादा माझ्या गावात आले आहेत, मला खूप शिकवणी मिळाली आहे.",D4
"मले खूप दिवस पायजे मला सांगितले हाय, खूप दिवस मला पाणी प्यायला भेटले हाय.","पाहिजे मला खूप दिवस सांगितले आहे, खूप दिवस मला पाणी प्यायला भेटले आहे.",D4
"मले पोरग्यांना पाढा फिरायला जाण्याची तयारी करवतत हाय, काय घ्यायला पाहिजे हाय?","मुलाला पाढा फिरायला जाण्याची तयारी करून घेतात आहेत, काय घ्यायला पाहिजे आहे?",D4
"मले जाऊन माझ्या सासूबाईंना येतांना सांगितले हाय, हाय काय आहे हाय?","जाऊन माझ्या सासूबाईंना येतांना सांगितले आहे, काय आहे?",D4
"आज माझ्या चुल्यात गोड बिस्किट केले हाय, मला खूप खुश झाला हाय.","आज माझ्या चुल्यात गोड बिस्किट केले आहे, मला खूप खुश झाला आहे.",D4
"माझ्या भावाले नोकरी मध्ये फेरफार होतो हाय, दुसऱ्या तीर्थक्षेत्रा मध्ये येतो हाय.","माझे भाऊची नोकरी बदलली आहे, तो दुसऱ्या ठिकाणी येत आहे.",D4
"आज घरी वडा पाव आणला हाय, खूप चवीचा हाय.","आज घरी वडा पाव आला आहे, खूप चवीचा आहे.",D4
"कायले माझे किती क्रेडिट कार्ड आहेत हाय, म्हणून बकाया झाले हाय?","कशामुळे माझे किती क्रेडिट कार्ड आहेत, म्हणून बकाया झाले आहे?",D4
"गावात तुम्हाला स्वस्त भाजीपाला मिळतो हाय, मला फार स्वस्त मिळत नाही हाय.","गावात तुम्हाला स्वस्त भाजीपाला मिळते, माझ्याकडे फार स्वस्त मिळत नाही.",D4
"म्हाले बाजारात गाडी खरेदी करण्यास पायजे हाय, म्हणून सांगतो हाय.","मला बाजारात गाडी खरेदी करण्यास पाहिजे, म्हणून मी सांगते.",D4
"कायले मला कुठे पैसे भेटवणारे आहेत हाय, मला कसे मिळणार हाय?","कशामुळे मला कुठे पैसे मिळणारे, मला कसे मिळणार?",D4
"आज मला फेरफार होईल हाय, तेव्हा म्हाजी मावसारखे वागतो हाय.","आज मला फेरफार होईल, तेव्हा माझी मावशीच वागते.",D4
"कायले मला एकदा तुम्हाले माझी किंमत सांगणारे आहेत हाय, मला कशा सांगणार हाय?","कशामुळे मला एकदा तुम्हाला माझी किंमत सांगणारे, मला कशा सांगणार?",D4
"आज गावात मोठा बाजार भरला हाय, भाजीपाला खूप स्वस्त हाय.","आज गावात मोठा बाजार भरला आहे, भाजीपाला खूप स्वस्त आहे.",D4
"म्हाले स्टेशनवर पार्सल काढला हाय, तुमाले काय पाठवले हाय?","माझ्या स्टेशनवर पार्सल काढला आहे, तुम्हाला काय पाठवले आहे?",D4
"पोरगा शाळेमध्ये नोकरीला पोचला हाय, सारा मोठा आनंद झाला हाय!","मुलाची शाळेमध्ये नोकरीला पोचली आहे, सारा मोठा आनंद झाला आहे!",D4
"गावात मोठा गणेशोत्सव होता हाय, हाय तुम्ही कुणाला मिळाला हाय?","गावात मोठा गणेशोत्सव झाला आहे, आहे तुम्ही कुणाला मिळाला आहे?",D4
"म्हाजी दोन मुले स्कूलमध्ये गेले हाय, तुम्ही काय करत हाय?","माझे दोन मुले स्कूलमध्ये गेले आहे, तुम्ही काय करत आहे?",D4
"आज गावात खूप पाऊस पडला हाय, म्हाले पाने सामळले हाय.","आज गावात खूप पाऊस पडला आहे, मला पाने सामळले आहे.",D4
"पोरगा म्हाले मित्राला मोबाईल दिला हाय, त्याला खूप आनंद झाला हाय!","मुलाला माझ्या मित्राला मोबाईल दिला आहे, त्याला खूप आनंद झाला आहे!",D4
"आज माझे सारे मित्र गावात येत हाय, तुम्ही मोठ्या मोठ्या स्वागताने हाय.","आज माझे सारे मित्र गावात येत आहेत, तुमी मोठ्या मोठ्या स्वागताने आहेत.",D4
"पोरगे म्हाले बाबाच्या वर्षा पाहिजे हाय, त्याला खूप आनंद झाला हाय!","मुलाला माझ्या बाबाच्या वर्षा पाहिजे आहे, त्याला खूप आनंद झाला आहे!",D4
"आज माझ्या मुलाने माझ्या कंप्युटरमध्ये गेम खेळला हाय, म्हाले खूप आनंद झाला हाय.","आज माझ्या मुलाने माझ्या कंप्युटरमध्ये गेम खेळला आहे, मला खूप आनंद झाला आहे.",D4
"माझ्या सासूबाईने आज पार्टी केली हाय, खूप स्वादिष्ट वडा पाव गातले हाय.","माझ्या सासूबाईने आज पार्टी केली आहे, खूप स्वादिष्ट वडा पाव गातले आहे.",D4
"माझ्या मुलाची पोरगा आज माझ्या कॉलेजमध्ये प्रवेश भेटला हाय, खूप आनंद झाला हाय.","माझ्या मुलाचा मुलगा आज माझ्या कॉलेजमध्ये प्रवेश मिळाला आहे, खूप आनंद झाला आहे.",D4
"आज माझ्या घरी तांदळाची पोळी गातली हाय, म्हाजी खूप पिठ मिळाला हाय.","आज माझ्या घरी तांदळाची पोळी गातली आहे, माझी खूप पिठ मिळाली आहे.",D4
"आज माझ्या मैत्रिणीने माझ्या घरी भेटली हाय, ती खूप आनंद झाला हाय.","आज माझ्या मैत्रिणीने माझ्या घरी भेटली आहे, ती खूप आनंद झाली आहे.",D4
"आज माझ्या मुलाने माझ्या शाळेमध्ये प्रवेश भेटला हाय, खूप आनंद झाला हाय.","आज माझ्या मुलाने माझ्या शाळेमध्ये प्रवेश मिळाला आहे, खूप आनंद झाला आहे.",D4
"आज माझ्या मित्राने माझ्या घरी भेटला हाय, तो खूप आनंद झाला हाय.","आज माझ्या मित्राने माझ्या घरी भेटला आहे, तो खूप आनंद झाला आहे.",D4
"आजच्या भेटीत माझ्या देवांनी माझ्या सांभाळासाठी रुपये दिले हाय, खूप अभिमान झाला हाय.","आजच्या भेटीत माझ्या देवांनी माझ्या सांभाळासाठी रुपये दिले आहेत, खूप अभिमान झाला आहे.",D4
"मला पोरग्याला दही पाजले हाय, त्याने खूप आनंद झाला हाय.","मुलाला दही पाजले आहे, त्याने खूप आनंद झाला आहे.",D4
"आज गावात मोठा सण साजरा केला हाय, पाळी खूप आनंद झाला हाय.","आज गावात मोठा सण साजरा केला आहे, पाळी खूप आनंद झाला आहे.",D4
तुमाले कधी कायमदीवाला चेक केला? पायजे तुम्हाला केला पाहिजे हाय.,तुम्हाला कधी कायमदीवाला चेक केला? पाहिजे तुम्हाला केला पाहिजे आहे.,D4
"मला पोरग्याला खूप पैसे दिले हाय, त्याने खूप आनंद झाला हाय.","मुलाला खूप पैसे दिले आहे, त्याने खूप आनंद झाला आहे.",D4
"आज गावात मोठा पार्टी साजरा केला हाय, मित्रांनी खूप आनंद झाला हाय.","आज गावात मोठा पार्टी साजरा केला आहे, मित्रांनी खूप आनंद झाला आहे.",D4
तुमाले कधी काही क्रेडिट कार्डची व्याजी रक्कम भरली? कायले तुम्हाला केली पाहिजे हाय.,तुम्हाला कधी काही क्रेडिट कार्डची व्याजी रक्कम भरली? कशामुळे तुम्हाला केली पाहिजे आहे.,D4
"आज रात्री सोन्याळ्यांचा बाजार आहे, पायजे तुमाले खूप शॉपिंग करावी.","आज रात्री सोन्याळ्यांचा बाजार आहे, पाहिजे तुम्हाला खूप शॉपिंग करावी.",D4
"माझ्या सौभाग्याने माझे पोरगा मोठ्या शाळेत जाणार आहे, हाय खूप आनंद झाला हाय.","माझ्या सौभाग्याने माझा मुलगा मोठ्या शाळेत जाणार आहे, आहे खूप आनंद झाला आहे.",D4
"आज कामावर गेल्यानंतर ज्यासा पुस्तकाची काळजी करावी, कायले कुणाची काळजी करावी?","आज कामावर गेल्यानंतर ज्यासा पुस्तकाची काळजी करावी, कशामुळे कुणाची काळजी करावी?",D4
"आज शाळेमध्ये खूप विश्रांती मिळाली हाय, पोरगा खूप आनंदीत हाय.","आज शाळेमध्ये खूप विश्रांती मिळाली आहे, मुलगा खूप आनंदीत आहे.",D4
"पोरग्यांनी स्वतःचे खाती पाहिजे हाय, तुम्ही कोणाला कळले हाय?","मुलांनी स्वतःचे खाती पाहिजे आहे, तुम्ही कोणाला कळले आहे?",D4
"हाय, बाजारात खूप स्वस्त भाजी मिळतात हाय, मले पाहिजे.","आहे, बाजारात खूप स्वस्त भाजी मिळतात आहे, मला पाहिजे.",D4
"मले बाजाराकडे जाण्याची पण हाय, माझ्या हातात पैसे नाहीत हाय.","मला बाजाराकडे जाण्याची आहे, माझ्या हातात पैसे नाहीत.",D4
"आज कुटुंबात खूप आनंद झाला हाय, माझे पोरगे खूप शिकणार आहेत हाय.","आज कुटुंबात खूप आनंद झाला आहे, माझे मुले खूप शिकणार आहेत.",D4
"कायले काय आहे हाय, मले कोणती काळजी करावी हाय?","कशामुळे काय आहे आहे, मला कोणती काळजी करावी?",D4
मल्याला माझ्या पोरग्यांची शाळेमध्ये मिळालेली पार्टी खूप आवडली हाय.,मलाला माझ्या मुलांची शाळेमध्ये मिळालेली पार्टी खूप आवडली आहे.,D4
आज नाश्ताने हे व्यंजन खायला पोरगा पायजे आहे हाय.,आज नाश्ताने हे व्यंजन खायला मुलाला पाहिजे आहे आहे.,D4
म्हाजी मोठ्या भक्कम कामासाठी दिनचर्या काय असते हाय?,माझ्या मोठ्या भक्कम कामासाठी दिनचर्या काय असते आहे?,D4
म्हाले बाजार गेल्यावर स्वस्त भाजी म्हाजी मिळत हाय.,मला बाजार गेल्यावर स्वस्त भाजी माझी मिळत आहे.,D4
आज पायजे शाळेत जायला पोरगाची बस दिसत हाय.,आज पाहिजे शाळेत जायला मुलाची बस दिसत आहे.,D4
म्हाजी स्वस्त मोबाइल फोन काय आहे हाय?,माझ्या स्वस्त मोबाइल फोन काय आहे आहे?,D4
म्हाले कॉलेजमध्ये शिकण्यासाठी पोरगा किती पैसे घेतात हाय?,मला कॉलेजमध्ये शिकण्यासाठी मुलाला किती पैसे घेतात आहेत?,D4
आज मोठ्या मित्रांच्या कुंड्यावर स्वस्त पान किती पैसे म्हाजी देत हाय?,आज मोठ्या मित्रांच्या कुंड्यावर स्वस्त पान किती पैसे माझे देत आहेत?,D4
म्हाजी नोकरी सुट्टी काय आहे हाय?,माझ्या नोकरी सुट्टी काय आहे आहे?,D4
आज दुपारी काय नाश्ता खावा पायजे? माझ्या माहेरी तुम्ही ब्रेड आणि मासाला खाता हाय.,आज दुपारी काय नाश्ता खावा पाहिजे? माझ्या माहेरी तुम्ही ब्रेड आणि मासाला खाता आहे.,D4
तुम्ही पोरगा पुस्तकात जाऊन काय शिकायला जायचे हाय? मला गणिताची पुस्तके आवडतात हाय.,तुम्ही मुलगा पुस्तकात जाऊन काय शिकायला जायचे आहे? मला गणिताची पुस्तके आवडतात आहेत.,D4
"माझ्या कार्यालयात बँकेच्या क्रेडिट कार्डचे काही समस्या आहेत हाय, तुम्ही काय करू शकता हाय?","माझ्या कार्यालयात बँकेच्या क्रेडिट कार्डचे काही समस्या आहेत आहेत, तुम्ही काय करू शकता?",D4
"हाय, तुमाले वारंवार शाळेत जाणे करवतत, माझ्या मुलाला शाळेत जाण्यात काय वाईट हाय?","हाय, तुम्हाला वारंवार शाळेत जाणे करून घेतात, माझ्या मुलाला शाळेत जाण्यात काय वाईट आहे?",D4
"कायले मला मोठ्या बाजारात जायला जास्त वेळ लागतो हाय, काय उपाय आहेत हाय?","कशामुळे मला मोठ्या बाजारात जायला जास्त वेळ लागतो आहे?, काय उपाय आहेत?",D4
"माझ्या वडिलांचे आज जन्मदिन आहे हाय, माझ्या मैत्रिणीने माझ्या वडिलांना काय गिफ्ट दिले हाय?","माझ्या वडिलांचे आज जन्मदिन आहे आहे, माझ्या मैत्रिणीने माझ्या वडिलांना काय गिफ्ट दिले आहे?",D4
"आज दुपारी मला वारंवार व्हिडिओ कॉल करणे हाय, मी तुम्ही कसे संपर्क करता हाय?","आज दुपारी मला वारंवार व्हिडिओ कॉल करणे आहे, मी तुम्ही कसे संपर्क करता?",D4
आज गावात मोठा बाजार भरला हाय; माझ्या मैत्रिणीने दुकानात भाजीपाला कशाला घेतले हाय?,"आज गावात मोठा बाजार भरला आहे, माझ्या मैत्रिणीने दुकानात भाजीपाला कशाला घेतले आहे?",D4
"कायले मला किती दिवसांपासून कोरोनाचा प्रभाव आहे हाय, या कोरोनाला विरुद्ध काय उपाय आहेत हाय?","कशामुळे मला किती दिवसांपासून कोरोनाचा प्रभाव आहे?, या कोरोनाला विरुद्ध काय उपाय आहेत?",D4
"माझ्या भावाने सांगितले की आज गावाच्या बाजारात मोठा स्वस्त बाजार झाला हाय, तो निवडावे हाय.","माझे भावाने सांगितले की आज गावाच्या बाजारात मोठा स्वस्त बाजार झाला आहे, तो निवडावा आहे.",D4
मला तुम्हाला आज कुठे जायचे आहे हाय? आम्ही तुम्हाला घेऊन जात काशा हाय.,मला तुम्हाला आज कुठे जायचे आहे? आम्ही तुम्हाला घेऊन जातो कशाला.,D4
"आज आमच्या घरी वाढदिवसाचे निमित्त आहे हाय, मुलाला सर्वांनी खूप भेटले हाय.","आज आमच्या घरी वाढदिवसाचे निमित्त आहे, मुलाला सर्वांनी खूप भेटले आहे.",D4
"आम्ही पोरग्यांना खूप क्रीडा स्पर्धेत जावे लागले हाय, पोरग्यांना खूप आनंद झाला हाय.","आम्ही मुलांना खूप क्रीडा स्पर्धेत जावे लागले, मुलांना खूप आनंद झाला आहे.",D4
"आम्ही सारखे आज गावात खूप पूर्ण सुट्टी झाली हाय, आम्ही सर्व खूप आनंदून गेले हाय.","आम्ही सारखे आज गावात खूप पूर्ण सुट्टी झाली, आम्ही सर्व खूप आनंदून गेले आहे.",D4
"आज माझ्या सासरे नवरा मला गावाकडे आणणार हाय, मला खूप आनंद झाला हाय.","आज सासरे नवरा मला गावाकडे आणणार आहे, मला खूप आनंद झाला आहे.",D4
"मला कुणाची कोणतीही बाब करवतत नाही हाय, मला स्वतःचा विचार कर्तव हाय.","मला कुणीच कोणतीही बाब करून घेतात नाही आहे, मला स्वतःचा विचार करावा लागतो.",D4
"मल्या पोरगा आज प्रॅक्टिकल टेस्टमध्ये उत्कृष्ट फारलसा हाय, मला किती आनंद झाला हाय.","मुलाला आज प्रॅक्टिकल टेस्टमध्ये उत्कृष्ट फारलसा आहे, मला खूप आनंद झाला आहे.",D4
"आमचे पोरगे कल पावल्याचे फायनल इंटरव्ह्यूमध्ये पास झाले हाय, पोरगांना खूप आनंद झाला हाय.","आमचे मुले कल पावल्याचे फायनल इंटरव्ह्यूमध्ये पास झाले आहे, मुलांना खूप आनंद झाला आहे.",D4
"आज मल्या पोरग्या बाजारातील भाजीपाला पाहिला हाय, ते खूप स्वस्त हाय.","आज मुलाला बाजारातील भाजीपाला पाहिला आहे, ते खूप स्वस्त आहे.",D4
"आज माझे माथून कोळी गावात हाय, दोन्ही बाजूची रस्ते बंद हाय.","आज माझे मधून कोळी गावात आहे, दोन्ही बाजूची रस्ते बंद आहेत.",D4
"माझ्या भावाला मला मोबाईलवर मेल आला हाय, तुम्हाला काय करावे हाय?","माझ्या भावाला मला मोबाइलवर मेल आला आहे, तुम्हाला काय करावे आहे?",D4
"माझी आईने मला आज दुपारची भाजीपाला विकता घेतली हाय, हे खूप स्वस्त हाय.","माझी आईने मला आज दुपारची भाजीपाला विकत घेतली आहे, हे खूप स्वस्त आहे.",D4
"आज रात्री माझ्या स्वस्ताचे कार्यकर्ते येतील हाय, तुम्हाला कोणत्या कामाची तयारी करावी हाय?","आज रात्री माझ्या स्वस्ताचे कार्यकर्ते येतील आहेत, तुम्हाला कोणत्या कामाची तयारी करावी आहे?",D4
"माझ्या मावसाने मला दहा रुपये करून दिलेले हाय, मला हे खूप आवडले हाय.","माझ्या मावसाने मला दहा रुपये करून दिले आहेत, मला हे खूप आवडले आहे.",D4
"आज गावात दोन्ही बाजूच्या खेळाडूंचे सामना सुरू होणार हाय, तुम्ही कोणत्या खेळात खेळणार हाय?","आज गावात दोन्ही बाजूच्या खेळाडूंचे सामना सुरू होणार आहेत, तुम्ही कोणत्या खेळात खेळणार आहात?",D4
"माझ्या भावाने मला पोरगा पाहिजे हाय, तुम्हाला कोणत्या भावाची पाहिजे हाय?","माझ्या भावाने मला मुला पाहिजे आहे, तुम्हाला कोणत्या भावाची पाहिजे आहे?",D4
"आज गावात माझे पायजे कार्यालयात जावे लागेल हाय, तुम्ही कोणत्या कामाचे निर्णय घेणार हाय?","आज गावात माझे पाहिजे कार्यालयात जावे लागतील आहे, तुम्ही कोणत्या कामाचे निर्णय घेणार आहात?",D4
"माझ्या आईने मला आज दुपारची भाजीपाला विकता घेतली हाय, हे खूप स्वस्त हाय.","माझी आईने मला आज दुपारची भाजीपाला विकत घेतली आहे, हे खूप स्वस्त आहे.",D4
"आज पासून मला पोरगा शाळेत जावे लागेल हाय, तुम्ही मला कोणत्या शिकवणीची मदत करावी हाय?","आज पासून मला मुला शाळेत जावे लागतील आहे, तुम्ही मला कोणत्या शिकवणीची मदत करावी आहे?",D4
"माझ्या भावाने हाय, दही मिळत नाही कायले?","माझे भावाने आहे, दही मिळत नाही कशामुळे?",D4
तुम्हाला सोमवारी मला काय पाहिजे हाय?,तुम्हाला सोमवारी मला काय पाहिजे आहे?,D4
"आम्ही हाय, शाळेला जावे पायजे","आम्ही आहे, शाळेला जावे पाहिजे",D4
मले पोरगा आज किती वाजता सुट्टी हाय?,मुलाला आज किती वाजता सुट्टी आहे हाय?,D4
"तुम्हाला माझ्या शाळेवर जावे हाय, मला खूप आवडते.","तुम्हाला माझ्या शाळेवर जावे आहे, मला खूप आवडते.",D4
"आम्ही हाय, पार्टीला जावे पायजे","आम्ही आहे, पार्टीला जावे पाहिजे",D4
मला शाळेसाठी काय म्हणजे हाय?,मला शाळेसाठी काय म्हणजे आहे?,D4
मले संडयूला तुमाले माझी भावंडे भेटायला हाय.,मी संडयूला तुम्हाला माझी भावंडे भेटायला आहे.,D4
"आज गावात मोठा बाजार भरला हाय, भाजीपाला खूप स्वस्त हाय.","आज गावात मोठा बाजार भरला आहे, भाजीपाला खूप स्वस्त आहे.",D4
"मले पोरगा शाळेमध्ये जायला हाय, मले त्याची शाळा पाहिजे हाय.","मुलाला शाळेमध्ये जायला आहे, त्याची शाळा पाहिजे आहे.",D4
मले तुमाले माझी स्वादिष्ट वडा पाव भेटायला हाय.,मी तुम्हाला माझा स्वादिष्ट वडा पाव भेटायला आहे.,D4
मला कायले मला काय करावे हाय?,काय कारण का मला हे करावे आहे?,D4
मले तुमाले माझा फोन कुठे सांभाळता हाय?,मी तुम्हाला माझा फोन कुठे सांभाळत आहे?,D4
आज रात्री मले तुमाले माझी चित्रपट दाखवता हाय.,आज रात्री मला तुम्हाला माझी चित्रपट दाखवत आहे.,D4
माझ्या भावाने आज माझ्या हाती नोकरी भेटली हाय.,माझे भावाने आज माझ्या हाती नोकरी मिळाली आहे.,D4
"आज गावात मोठा बाजार भरला हाय, भाजीपाला खूप स्वस्त हाय.","आज गावात मोठा बाजार भरला आहे, भाजीपाला खूप स्वस्त आहे.",D4
मले काय भेटले हाय? मला खूप आनंद झाला हाय.,काही भेटले? खूप आनंद झाला.,D4
"मले मागे नोकरी सोडली हाय, आता माझ्या घरी कुठे पायजे आहे हाय?","मी मागे नोकरी सोडली आहे, आता माझ्या घरी कुठे पाहिजे आहे?",D4
"आज शाळेतील प्रत्येक मुलाला माझ्या नातव्यांच्या चित्रे दाखवली हाय, खूप आनंद झाला हाय.","आज शाळेतील प्रत्येक मुलाला माझ्या नातव्यांचे चित्रे दाखवली आहे, खूप आनंद झाला आहे.",D4
"तुमाले खूप कोणी गावात आले हाय, आता तुम्हाले कुठे पायजे आहे हाय?","तुम्हाला खूप लोक गावात आले आहेत, आता तुम्हाला कुठे पाहिजे आहे?",D4
"आज माझ्या मित्राने मला खूप मोठी गाडी देऊन दिली हाय, म्हाजी खूप आनंद झाला हाय.","आज माझ्या मित्राने मला खूप मोठी गाडी दिली आहे, माझ्या खूप आनंद झाला आहे.",D4
मला गावात जायला पोरगा म्हणजे मुलगा तयार होऊन बसला हाय.,माझ्या पोराला गावात जायला तयार होऊन बसला आहे.,D4
कॉलेजमध्ये प्रवेश ल्यायला मला किती पावले लागतील हाय?,कॉलेजमध्ये प्रवेश ल्यायला मला किती पावले लागतील?,D4
मल्या मुलाला रुग्णालयात घेऊन जायला मला कोणी मदत केली हाय.,माझ्या मुलाला रुग्णालयात घेऊन जायला मला कोणी मदत केली आहे.,D4
मल्या मुलाला आज रात्री टीव्हीवर खूप चित्रपट दाखवतात हाय.,माझ्या मुलाला आज रात्री टीव्हीवर खूप चित्रपट दाखवतात आहेत.,D4
"जेवणाची तयारी करवतत हाय, आज दिवशी आमच्या घरी स्वादिष्ट पाककृती हाय.","जेवणाची तयारी करून घेतात आहे, आज दिवशी आमच्या घरी स्वादिष्ट पाककृती आहे.",D4
"आमच्या पोरगा शाळेमध्ये क्रिकेट प्रतियोगितेत भाग घेतात हाय, खूप उत्साह हाय.","मुलाने शाळेमध्ये क्रिकेट प्रतियोगितेत भाग घेत आहे, खूप उत्साह आहे.",D4
"आज दिवशी नवरात्री उत्सव साजरा होणार हाय, आमच्या गावात खूप उत्साह हाय.","आज दिवशी नवरात्री उत्सव साजरा होणार आहे, आमच्या गावात खूप उत्साह आहे.",D4
"आमच्या म्हाजी स्वास्थ्याचे विशेष खात्री करवतत हाय, नियमित पाळी घेतात हाय.","माझ्या स्वास्थ्याचे विशेष खात्री करून घेतात आहे, नियमित पाळी घेतात आहेत.",D4
"आमच्या तुमाले पुरेशा पाण्याची व्यवस्था पायजे हाय, वर्षातील पाऊस पाऊसाने कमी पडतो हाय.","तुम्हाला पुरेशा पाण्याची व्यवस्था पाहिजे आहे, वर्षातील पाऊस पाऊसाने कमी पडतो आहे.",D4
"आमच्या पोरगा मोठा झाला हाय, आपल्या कुणाला सांगावे लागेल हाय.","मुला मोठा झाला आहे, आपल्या कुणाला सांगावे लागेल आहे.",D4
"आमचे म्हाले मोठ्या वाहनाची तयारी करवतत हाय, पुढच्या दिवशी जावे लागेल हाय.","मला मोठ्या वाहनाची तयारी करून घेतात आहे, पुढच्या दिवशी जावे लागेल आहे.",D4
"आमच्या घरीच खूप दिवे वापरतात हाय, पुढच्या दिवशी पाहिजे हाय.","आमच्या घरीच खूप दिवे वापरतात आहेत, पुढच्या दिवशी पाहिजेत आहेत.",D4
"आज गावात मोठा सांभर भरला हाय, पाणी खूप स्वस्त हाय.","आज गावात मोठा सांभर भरला आहे, पाणी खूप स्वस्त आहे.",D4
"माझ्या दादांनी येण्यास पायजे हाय, विश्रांती घ्यायला म्हाजी निष्ठुर हाय.","दादांनी येण्यास पाहिजे आहे, विश्रांती घ्यायला माझी निष्ठुर आहे.",D4
"मल्या वडिलांना आज रडकळा झाली हाय, मुलगा पोरगा म्हाले हाय.","माझ्या वडिलांना आज रडकळा झाली आहे, मुलाला कायमचा मुलगा माझा आहे.",D4
"आज माझ्या मित्राला मोठी वाढदिवसाची वाट बघत हाय, खूप आनंद झाला हाय.","आज माझ्या मित्राला वाढदिवसाची वाट बघत आहे, खूप आनंद झाला आहे.",D4
"मल्या खाली बेटी पोरगी हाय, तिचा जुन्या मित्राला प्रतीक्षा हाय.","माझ्या खाली मुलीचा मुलगा आहे, तिचा जुन्या मित्राला प्रतीक्षा आहे.",D4
"आज माझ्या मुलाला कॉलेजची परीक्षा हाय, जास्त संतोष झाला हाय.","आज माझ्या मुलाला कॉलेजची परीक्षा आहे, जास्त संतोष झाला आहे.",D4
"मल्या खाली मोठ्या भावांनी शाळेत प्रवेश भेटला हाय, सर्वात खूप आनंद झाला हाय.","माझ्या खाली मोठ्या भावांनी शाळेत प्रवेश मिळाला आहे, सर्वात खूप आनंद झाला आहे.",D4
"आज माझ्या देवीची पूजा केली हाय, पूर्ण शांति झाली हाय.","आज माझ्या देवीची पूजा केली आहे, पूर्ण शांति झाली आहे.",D4
"मल्या गावात येणाऱ्या विहीरीच्या पाण्याची प्रतीक्षा हाय, शेतात खूप फायदा हाय.","माझ्या गावात येणाऱ्या विहीरीच्या पाण्याची प्रतीक्षा आहे, शेतात खूप फायदा आहे.",D4
"आज माझ्या मित्रांनी मोठ्या बाजारात जायचा निर्णय केला हाय, पुढे ही खूप आनंद झाला हाय.","आज माझ्या मित्रांनी मोठ्या बाजारात जायचा निर्णय केला आहे, पुढे ही खूप आनंद झाला आहे.",D4
मी माझ्या भावासोबत गावाला जातो म्हाले.,मी माझ्या भावासोबत गावाला जातो.,D4
आज माझ्या भावाच्या कॉलेजला मोठी परीक्षा हाय.,आज माझ्या भावाच्या कॉलेजला मोठी परीक्षा आहे.,D4
"माझ्या भावाने माझ्या मित्राला मोबाइल दिला हाय, खूप आनंद झाला हाय.","माझ्या भावाने माझ्या मित्राला मोबाइल दिला आहे, खूप आनंद झाला आहे.",D4
माझ्या भावाने येत्या साप्ताहिक वेळी पायजे शाळेला जाणे.,माझ्या भावाने येत्या साप्ताहिक वेळी पायजे शाळेला जाणे.,D4
आज माझ्या भावाच्या मित्रासोबत क्रिकेट खेळण्याची तयारी हाय.,आज माझ्या भावाच्या मित्रासोबत क्रिकेट खेळण्याची तयारी आहे.,D4
आज माझ्या भावाला उर्जा टंक पाहिजे.,आज माझ्या भावाला उर्जा टंक पाहिजे.,D4
माझ्या भावाने आपल्या आईला घरी येण्यासाठी प्रवेश केला हाय.,माझ्या भावाने आपल्या आईला घरी येण्यासाठी प्रवेश केला आहे.,D4
"आज माझे दूध पिऊन जावे हाय, म्हाजी पोट तासे भरले हाय.","आज माझे दूध पिऊन जाऊन जाऊ घे आहे, माझा पोट तासे भरला आहे.",D4
माझे बाबा पोरग्याला जाऊन त्याला पैशे दिले हाय.,माझे बाबा मुलाला जाऊन त्याला पैशे दिले आहेत.,D4
"म्हाले माझी खूप थकले आहेत हाय, पायजे रात्री पाहिजे हाय.","मला माझी खूप थकली आहे आहे, पाहिजे रात्री पाहिजे आहे.",D4
"आज गावात मोठा बाजार भरला हाय, तुम्हाला भाजीपाला खूप स्वस्त हाय.","आज गावात मोठा बाजार भरला आहे, तुम्हाला भाजीपाला खूप स्वस्त आहे.",D4
"आज पोरग्याला त्याची परीक्षा झाली हाय, त्याला खूप आनंद झाला हाय.","आज मुलाला त्याची परीक्षा झाली आहे, त्याला खूप आनंद झाला आहे.",D4
"म्हाले माझी तुम्हाला रात्री जावेसे बाजार गेले हाय, हाय खूप थकले आहेत हाय.","मला माझी तुम्हाला रात्री जावेसे बाजार गेली आहे, आहे खूप थकले आहेत आहे.",D4
"आज माझे तरुण मित्रानी पासून वाट पाहुणी केली हाय, वाट कळली हाय","आज माझे तरुण मित्रानी पासून वाट पाहुणी केली आहे, वाट कळली आहे",D4
माझ्या मुलाला शाळेच्या परीक्षा घेण्यासाठी पुस्तके आणायला कोणी सांगितली हाय,माझ्या मुलाला शाळेच्या परीक्षा घेण्यासाठी पुस्तके आणायला कोणी सांगितले आहे,D4
"माझ्या मुलगा कॉलेजमध्ये प्रवेश भेटला हाय, तो खूप आनंद झाला हाय","मुलगाला कॉलेजमध्ये प्रवेश मिळाला आहे, तो खूप आनंद झाला आहे",D4
"मी गावात शाळेत पोरगा पाठवतो हाय, तुम्हाला सुद्धा बाळाची जागी भेटली हाय.","मी गावात शाळेत मुलाला पाठवतो आहे, तुम्हाला सुद्धा बाळाची जागी भेटली आहे.",D4
"म्हाजी भावाची लग्नाची नोंद होऊन द्यावी हाय, करून घेतात पायजे.","माझा भावाची लग्नाची नोंद होऊन द्यावी आहे, करून घेतात काय?",D4
"आज माझ्या सावल्याला कॉलेजमध्ये प्रवेश भेटला हाय, बहिणीने खूप आनंद झाला हाय.","आज माझ्या सावल्याला कॉलेजमध्ये प्रवेश मिळाला आहे, बहिणीने खूप आनंद झाला आहे.",D4
माझे माहीत असलेल्या सगळ्या विषयांमध्ये पोरगा शाळेत किती आनंदाने शिकतो हाय!,माझे माहीत असलेल्या सगळ्या विषयांमध्ये मुलगा शाळेत किती आनंदाने शिकतो आहे!,D4
"म्हाजी कोणाला खूप शिकवणी करावी लागते हाय, मला तुम्हाला विश्वास आहे.","माझ्या कोणाला खूप शिकवणी करावी लागते आहे, मला तुम्हाला विश्वास आहे.",D4
"तुम्हाले या गावातील सर्वात मोठा भाजीपाला माल भेटला आहे, हाय!","तुम्हाला या गावातील सर्वात मोठा भाजीपाला माल भेटला आहे, आहे!",D4
करवतत या गावातील सर्वजण खूप आनंदाने आपले सण साजरा करतात हाय.,करून घेतात या गावातील सर्वजण खूप आनंदाने आपले सण साजरा करतात आहे.,D4
"पोरगा नमूद केल्या पासून कॉलेजमध्ये प्रवेश भेटला हाय, मला खूप आनंद झाला हाय.","मुला नमूद केल्या पासून कॉलेजमध्ये प्रवेश मिळाला आहे, मला खूप आनंद झाला आहे.",D4
"आज मले सगळ्यांना सांगितले की माझे नवरी कोणी नाही हाय, खूप खुश झाले हाय.","आज माझ्या सगळ्यांना सांगितले की माझे नवरा कोणी नाही आहे, खूप खुश झाले आहे.",D4
"माझ्या म्हातार्‍याकडे दहा लाखांची बचत म्हाजी आहे, तुमाले त्या पैस्यावर बँकेत निवेश केला हाय.","माझ्या म्हातार्‍याकडे दहा लाखांची बचत माझी आहे, तुम्हाला त्या पैस्यावर बँकेत निवेश केला आहे.",D4
"आमच्या घरातील पाण्याचा मोटार पावले वेगाने चालतो हाय, पायजे तो मोटार थोडा वेळा थांबवावा लागतो.","आमच्या घरातील पाण्याचा मोटार पावले वेगाने चालतो आहे, पाहिजे तो मोटार थोडा वेळा थांबवावा लागतो.",D4
"आज माझ्या वडिलांना त्यांच्या कोपर्‍यात पाऊस पडला हाय, म्हाले ते पाऊस व्यवस्थित होईल.","आज माझ्या वडिलांना त्यांच्या कोपर्‍यात पाऊस पडला आहे, मला ते पाऊस व्यवस्थित होईल.",D4
"आमच्या घरातील मोटरसायकलने कोणत्याही गोष्टी नुकसान केली हाय, तुमाले जोराच्या क्लचवर दाबून घ्यावे लागते.","आमच्या घरातील मोटरसायकलने कोणत्याही गोष्टी नुकसान केल्या आहेत, तुम्हाला जोराच्या क्लचवर दाबून घ्यावे लागते.",D4
आजच्या दिवशी जाताना ट्रॅक्टरमधून माझे दोन कुत्रे फिरत होते हाय.,आजच्या दिवशी जाताना ट्रॅक्टरमधून माझे दोन कुत्रे फिरत होते आहेत.,D4
"गावात गंगा नदी ओता पायला हाय, पाण्याची शुद्धता खूप चांगली हाय.","गावात गंगा नदी ओता पायला आहे, पाण्याची शुद्धता खूप चांगली आहे.",D4
"आज शाळेत खेळांसाठी माझी मनाई केली पाहिजे हाय, पोराला थोडे शिकवावे हाय.","आज शाळेत खेळांसाठी माझी मनाई केली पाहिजे आहे, मुलाला थोडे शिकवावे आहे.",D4
"तुम्ही माझ्या भाऊने बोलले तुम्ही माझ्या मोठ्याला सांगावे हाय, त्याला माहिती आहे हाय.","तुम्ही माझ्या भाऊने बोलले तुम्ही माझ्या मोठ्याला सांगावे आहे, त्याला माहिती आहे आहे.",D4
गावातील मोठ्या भाजीपाला नंतर दोन दिवसांमध्ये शेतात पाणी पुरवायला पायजे हाय.,गावातील मोठ्या भाजीपाला नंतर दोन दिवसांमध्ये शेतात पाणी पुरवायला पाहिजे आहे.,D4
"म्हाज्या मुलाला गेल्या महिन्यात शाळेमध्ये उत्कृष्ट गणिताची परीक्षा दिली हाय, मुलाला पार्टी देऊन आनंद झाला हाय.","माझ्या मुलाला गेल्या महिन्यात शाळेमध्ये उत्कृष्ट गणिताची परीक्षा दिली आहे, मुलाला पार्टी देऊन खूप आनंद झाला आहे.",D4
"म्हाज्या भावाने गेल्या वर्षी दिवाळी सणाला मोठा पार्टी आयोजित केली हाय, मुलाला खूप आनंद झाला हाय.","माझ्या भावाने गेल्या वर्षी दिवाळी सणाला मोठा पार्टी आयोजित केली आहे, मुलाला खूप आनंद झाला आहे.",D4
गावातील सर्व लोक सध्या गावातील नवीन स्विमिंग पूल वापरायला पायजे हाय.,गावातील सर्व लोक सध्या गावातील नवीन स्विमिंग पूल वापरायला पाहिजे आहे.,D4
"आज रात्री म्हातारे म्हाले खूप खिशट लावले हाय, म्हाजी हळद पाहिजे हाय.","आज रात्री म्हातारे माझ्या खूप खिशट लावले आहेत, माझी हळद पाहिजे आहे.",D4
"मुलगा पायजे शाळेत जायला हवा हाय, आज शाळेला सुट्टी हाय.","मुलगा पाहिजे शाळेत जायला हवा आहे, आज शाळेला सुट्टी आहे.",D4
"आज खूप वर्षे क्षितिजाने म्हाले वाढला हाय, म्हाजी वाढ पोरगा दिसत हाय.","आज खूप वर्षे क्षितिजाने माझा वाढला आहे, माझी वाढ मुलाला दिसत आहे.",D4
"आज तुमाले म्हाले खूप सुकून घेतली हाय, म्हाजी सुकून खूप आनंदी हाय.","आज तुम्हाला माझ्या खूप सुकून घेतली आहे, माझी सुकून खूप आनंदी आहे.",D4
"म्हातारे म्हाले माझी लहान गोष्टी मोठी केली हाय, म्हाजी गोष्टी खूप आवडली हाय.","म्हातारे माझ्या माझी लहान गोष्टी मोठी केली आहेत, माझी गोष्टी खूप आवडली आहे.",D4
"आज खूप दिवसांनी म्हाले शाळेत जायला गेला हाय, म्हाजी शाळा खूप खूप आवडली हाय.","आज खूप दिवसांनी माझ्या शाळेत जायला गेला आहे, माझी शाळा खूप खूप आवडली आहे.",D4
"म्हातारे म्हाले माझी मोठी गोष्टी करायला मिळाली हाय, म्हाजी गोष्टी खूप आनंदाची हाय.","म्हातारे माझ्या माझी मोठी गोष्टी करायला मिळाली आहेत, माझी गोष्टी खूप आनंदाची आहे.",D4
"आज गावात म्हाले मोठा सण साजरा केला हाय, म्हाजी सण खूप आनंदाचा हाय.","आज गावात माझ्या मोठा सण साजरा केला आहे, माझी सण खूप आनंदाचा आहे.",D4
"आज दुपारी माझे दोघे भावांना भेटायला माथून गेले हाय, त्यांनी चहा, चिवडा खाला पाहिजे हाय.","आज दुपारी दोघे भावांना भेटायला मधून गेले आहे, त्यांना चहा, चिवडा खायला पाहिजे आहे.",D4
माझे मोठे भाऊ काय होणार कायले हाय? नोकरीसाठी मागील वर्षी दाखल झाले हाय.,माझे मोठे भाऊ काय होणार कशामुळे आहे? नोकरीसाठी मागील वर्षी दाखल झाले आहे.,D4
"माझा पोरगा केवळ तीन वर्षे झाला हाय, तो खूप खुश तो हाय.","मुलाला केवळ तीन वर्षे झाले आहे, तो खूप खुश आहे.",D4
"आमची घरात मोठे स्वादिष्ट भोजन केले हाय, हे भोजन करवतत हाय, म्हणून आम्ही कधीही पाऊल फिरवू दे हाय.","आमच्या घरात मोठे स्वादिष्ट भोजन केले आहे, हे भोजन करून घेतात, म्हणून आम्ही कधीही पाऊल फिरवू दे आहे.",D4
तुम्हाला कधी कॉलेजला जावे लागते कायले हाय? आमच्या मुलाबद्दल काय विचार तुम्हाला कायले हाय?,तुम्हाला कधी कॉलेजला जावे लागते कशामुळे आहे? आमच्या मुलाबद्दल काय विचार तुम्हाला कशामुळे आहे?,D4
"आमच्या गावात खूप गोड वातावरण आहे हाय, आम्ही तिथे सुट्टी घेऊन जाणार हाय.","आमच्या गावात खूप गोड वातावरण आहे आहे, आम्ही तिथे सुट्टी घेऊन जाणार आहे.",D4
"आज शाळेत विजयाची स्पर्धा झाली हाय, मला माझी मुलगी त्यात हाय, मला म्हाले हाय.","आज शाळेत विजयाची स्पर्धा झाली आहे, मला माझी मुलगी तिथे होती, मला माला आहे.",D4
"आज पूर्णगावात निवडणूक झाली हाय, मला माझ्या मताचा वापर पाहिजे हाय.","आज पूर्णगावात निवडणूक झाली आहे, मला माझ्या मताचा वापर पाहिजे आहे.",D4
"माझ्या मुलीचे UPI चे प्रोत्साहन प्राप्त करून घेतात हाय, त्याचा द्वारा संपूर्ण ग्रामीण भागात पायजे हाय.","माझ्या मुलीचे UPI चे प्रोत्साहन प्राप्त करून घेतात आहे, त्याच्या द्वारा संपूर्ण ग्रामीण भागात पाहिजे आहे.",D4
"माझ्या भावाला बँकच्या KYC प्रक्रिया पूर्ण करून घेतात हाय, त्याच्यासाठी खूप कठीण हाय.","माझ्या भावाला बँकच्या KYC प्रक्रिया पूर्ण करून घेतात आहे, त्याच्यासाठी खूप कठीण आहे.",D4
"आज शाळेत स्पर्धा प्रात्येकम्हणजे क्रीडेसाठी पायजे हाय, म्हणून मला माझ्या मुलगीला पोरगे हाय.","आज शाळेत स्पर्धा प्रत्येकम्हणजे क्रीडेसाठी पाहिजे आहे, म्हणून मला माझ्या मुलगीला मुला आहे.",D4
"आज मी माझ्या भावाला एक क्रेडिट कार्ड भेटला हाय, तुमाले किती काळापर्यंत मुक्ती देता हाय?","आज मी माझ्या भावाला एक क्रेडिट कार्ड भेटला आहे, तुम्हाला किती काळापर्यंत मुक्ती देता आहे?",D4
"आम्ही गावात पाळीव प्राण्यांचे स्वागत करणार आहे, हाय तुमाले आमच्या घरी या हाय.","आम्ही गावात पाळीव प्राण्यांचे स्वागत करणार आहे, तुम्हाला आमच्या घरी या आहे.",D4
"आम्ही माझ्या शाळेत एक क्रीडा स्पर्धा आयोजित करणार आहे, तुमाले भाग घेता हाय.","आम्ही माझ्या शाळेत एक क्रीडा स्पर्धा आयोजित करणार आहे, तुम्हाला भाग घेता आहे.",D4
"माझ्या दोस्ताला एक सामान्य ज्ञानाची पुस्तके देण्याची विचार करतो आहे, पोरगा खूप उत्साहित होईल हाय.","माझ्या मित्राला एक सामान्य ज्ञानाची पुस्तके देण्याचा विचार करतो आहे, मुलगा खूप उत्साहित होईल आहे.",D4
"आम्ही माझ्या मित्राच्या दिवशी त्याला एक स्वादिष्ट व्यंजने भेटली हाय, तुमाले खायला आवडेल हाय.","आम्ही माझ्या मित्राच्या दिवशी त्याला एक स्वादिष्ट व्यंजने भेटली आहे, तुम्हाला खायला आवडेल आहे.",D4
"माझ्या भावाला एक नोकरी मिळाली आहे, म्हाले आमच्या घरी आनंद हा हाय.","माझ्या भावाला एक नोकरी मिळाली आहे, मला आमच्या घरी आनंद हा आहे.",D4
"म्हाजी शेतात भाताची पिका घेतली हाय, दीड एकर भाताची मळणी करवतत हाय.","म्हाजी शेतात भाताची पिका घेतली आहे, दीड एकर भाताची मळणी करून घेतात हे काय?",D4
कोळंबीरीची काळजी म्हाले पाहिजे कायले ती दिवसभर भाजून घेत हाय.,कोळंबीरीची काळजी मला पाहिजे कशामुळे ती दिवसभर भाजून घेत आहे?,D4
"म्हाजी कापणी झाली हाय, बागायती शेतात सोयाबीनचे पीक चांगले भरले हाय.","माझ्या कापणी झाली आहे, बागायती शेतात सोयाबीनचे पीक चांगले भरले आहे?",D4
बागेत विविध प्रकारचे फुल म्हाजी माथून पाहिजे हाय.,बागेत विविध प्रकारचे फुल माझ्या माथून पाहिजे आहे?,D4
"काय पोरगा बघू की जास्त पाणी पाजावे लागत हाय, शेतात पाणी देत हाय.","काय पोरगा बघू की जास्त पाणी पाजावे लागत हाय, शेतात पाणी देत हाय?",D4
"कायले शेतात पिकाची काळजी कशामुळे नाही, भाजीपाला खूप पोरग्यांसाठी मिळत असेल.","कायले शेतात पिकाची काळजी कशामुळे नाही, भाजीपाला खूप पोरग्यांसाठी मिळत असेल.",D4
"कायले शेतात पिकाची कापणी कशामुळे नाही, तुरीचे पिक खूप पोरग्यांसाठी मिळत असेल.","कायले शेतात पिकाची कापणी कशामुळे नाही, तुरीचे पिक खूप पोरग्यांसाठी मिळत असेल.",D4
"कायले शेतात पिकाची काळजी कशामुळे नाही, तुरीचे पिक खूप पोरग्यांसाठी मिळत असेल.","कायले शेतात पिकाची काळजी कशामुळे नाही, तुरीचे पिक खूप पोरग्यांसाठी मिळत असेल.",D4
"म्हाजी कामावर जायचे हाय, तरीही तुमाले दुसर्‍यांना मदत करण्याचे पायजे हाय.","म्हाजी कामावर जायचे हाय, तरीही तुम्हाला दुसर्‍यांना मदत करण्याचे पाहिजे आहे?",D4
"शेतात फिरते काम केले हाय, रोजी नाही म्हाले.","शेतात फिरते काम केले आहे, रोजी मिळत नाही?",D4
"म्हाजी काय त्याचा भाव पोरगा ठरवला हाय, म्हणून शेतात त्याची पिंजळणी केली हाय?","माझ्या काय त्याचा भाव मुलाला ठरवला आहे, म्हणून शेतात त्याची पिंजळणी केली आहे?",D4
"हाय, शेतात जेवढी माझी कापणी झाली तेवढी बियाण्याची सोय होती.","हाय, शेतात जेवढी माझी कापणी झाली तेवढी बियाण्याची सोय होती का?",D4
"हाय, म्हाजी शेतात शेतकरी यांनी कोणत्या पिकाचे जतन केले आहे ते सांगा.","हाय, शेतात शेतकरी यांनी कोणत्या पिकाचे जतन केले आहे ते सांगा.",D4
"शेतात जोरदार पाऊस पडला हाय, तरीही तुरीचा पिका पाण्याची कमतरता होती हाय.","शेतात जोरदार पाऊस पडला आहे, तरीही तुरीचा पिका पाण्याची कमतरता होती का?",D4
"म्हाजी शेतात कीटकनाशक फवारला काय हाय, म्हणून कीड लागली नाही हाय.","म्हाजी शेतात कीटकनाशक फवारला काय हाय, म्हणून कीड लागली नाही हाय?",D4
"शेतात पिका हळूवार फुलली हाय, म्हणून खूप काम करावे लागले हाय.","शेतात पिका हळूवार फुलली आहे, म्हणून खूप काम करावे लागत आहे?",D4
म्हाजी शेतात बियाणे सिंचत करताना खूप काम करावे लागले हाय.,माझ्या शेतात बियाणे सिंचत करताना खूप काम करावे लागते का?,D4
"म्हाजी शेतात धान्याची पिका होती हाय, पाऊस न आल्याने फाटली हाय.","माझ्या शेतात धान्याची पिका होती आहे, पाऊस न आल्याने फाटली आहे?",D4
"म्हाजी शेतात बांबूची पिका होती हाय, आता बाळगणी सुरू केली हाय.","माझ्या शेतात बांबूची पिका होती आहे, आता बाळगणी सुरू केली आहे?",D4
"म्हाजी शेतात पाणी पुरवठा नसताना काय हाय, पिका जास्त कोसळल्याचा","माझ्या शेतात पाणी पुरवठा नसताना काय आहे, पिका जास्त कोसळल्याचा?",D4
शेतात सोयाबीनची पिक सुरू झाल्याने शेतात कायफळ पडले हाय,शेतात सोयाबीनची पिक सुरू झाल्याने शेतात कायफळ पडले आहे?,D4
"म्हाले शेतात कांद्याची पिका होती हाय, आता कापणी सुरू केली हाय.","म्हाले शेतात कांद्याची पिका होती हाय, आता कापणी सुरू केली हाय?",D4
"शेतात तयारी करून काही दिवसात तुरी उत्पन्न होणार हाय, निघत हाय.","शेतात तयारी करून काही दिवसात तुरी उत्पन्न होईल का आहे, निघत आहे.",D4
"कापणी खूप पुरेशी झाली हाय, शेतातून मोठी उत्पन्न होणार हाय.",कापणी खूप पुरेशी झाली आहे का? शेतातून मोठी उत्पन्न होईल आहे.,D4
"क्रेडिट कार्ड द्वारे शेतीतील व्यय करणे सुलभ होणार हाय, हाय.","क्रेडिट कार्ड द्वारे शेतीतील व्यय करणे सुलभ होईल का हाय, हाय?",D4
"कृषि उर्जा पुरवठा चालू केला हाय, शेतातील कामाची कार्यक्षमता वाढणार हाय.","कृषि उर्जा पुरवठा चालू केला आहे, शेतातील कामाची कार्यक्षमता वाढणार आहे?",D4
"म्हाजी शेतात कोपराची पिका केली म्हाले, त्यांची कापणी ही म्हाजी माथून करवतत.","माझ्या शेतात कोपराची पिका केली आहे, त्यांची कापणी ही माझ्या माथून करून घेतात.",D4
"म्हाजी शेतात सोयाबीन कापली म्हाले, आता काय करवतत त्यांना शिजवतात हाय?","माझ्या शेतात सोयाबीन कापली आहे, आता काय करून घेतात त्यांना शिजवतात हे?",D4
"म्हाजी शेतात कोपराची पिका केली म्हाले, त्यांची कापणी म्हाजी पोरगा करवतात हाय.","म्हाजी शेतात कोपराची पिका केली म्हाले, त्यांची कापणी म्हाजी पोरगा करवतात हाय?",D4
"म्हाजी तुरीची पिका म्हाले विक्री केली हाय, ५०००० रुपये मिळाले हाय.","माझ्या तुरीच्या पिका तुम्हाला विक्री केल्या आहेत, ५०००० रुपये मिळाले आहेत?",D4
"हाय, तुमाले शेतात कधी केले काय हाय, पोरगा खूप आनंदले हाय!","हाय, तुम्हाला शेतात कधी केले आहे काय हाय, पोरगा खूप आनंदला आहे हाय!",D4
"म्हाले पिकांची काळजी घेत हाय, जेणे करून भाताचा पिका मोठा होणार.","म्हाले पिकांची काळजी घेत हाय, जेणे करून भाताचा पिका मोठा होणार आहे?",D4
"म्हाले बागायतीला पाणी पुरवले हाय, पोरगा पालीकडे वाढेल कायले?","म्हाले बागायतीला पाणी पुरवले हाय, पोरगा पालीकडे वाढेल काय?",D4
"शेतात बागायतीला उष्णता नसती हाय, पोरगा पालीकडे वाढेल कायले?","शेतात बागायतीला उष्णता नसती, पोरगा पालीकडे वाढेल काय?",D4
क्रेडिट कार्डच्या म्हाजी फायद्यांचे वर्णन करवतत पाहिजे लागन.,क्रेडिट कार्डच्या माझ्या फायद्यांचे वर्णन करून घेणे पाहिजे लागणार?,D4
मले शाळेतून UPI पेमेंट करवतात म्हाज्या बँकेच्या अकाउंटकडून,मला शाळेतून UPI पेमेंट करून घेतात माझ्या बँकेच्या अकाउंटकडून का?,D4
मले ATM च्या मदतीने कुठे पैसे भरण्याची मायती कुठी भेटन त्याची पायजे पाहिजे लागन.,मला ATM च्या मदतीने कुठे पैसे भरण्याची माहिती कुठे मिळेल?,D4
"पोरगाचे बँक खाते खुलवयचे हाय, त्याला काय काय प्रक्रिया सांगण त्याची जागा असणारी","मुलाचे बँक खाते खुलवायचे आहे, त्याला काय काय प्रक्रिया सांगण्याची जागा असणारी?",D4
"बँकेतून पीक कर्ज घ्यायचे हाय, काय काय कागदपत्रे द्या लागन त्याची मायती","बँकेतून पीक कर्ज घ्यायचे आहे, काय काय कागदपत्रे द्यावी लागतील त्याची माहिती?",D4
मले काय काय डॉक्युमेंट्स द्या लागन तुम्हाले लोन घ्यायचे म्हाजी,मला काय काय डॉक्युमेंट्स द्यावी लागतील तुम्हाला लोन घ्यायचे माझे?,D4
पोरगाला काय काय प्रक्रिया सांगण त्याची जागा असणारी बँक खाते खुलवयचे हाय,मुलाला काय काय प्रक्रिया सांगण्याची जागा असणारी बँक खाते खुलवायचे आहे?,D4
पोरगाला UPI अकाउंट चे पासवर्ड कायले द्या लागण्या वाटते हाय!,मुलाला UPI अकाउंट चे पासवर्ड कशामुळे द्यावे लागते हे माहीत नाही?!,D4
तुमाले क्रेडिट कार्ड शॉपिंगमध्ये कसे वापरावय तुमच्या बँकेच्या काउंटरवरून काय म्हणतात.,तुम्हाला क्रेडिट कार्ड शॉपिंगमध्ये कसे वापरावे तुमच्या बँकेच्या काउंटरवरून काय म्हणतात?,D4
पोरगाला क्रेडिट कार्ड च्या मदतीने रुपये ट्रान्सफ़र करवतत हाय!,मुलाला क्रेडिट कार्ड च्या मदतीने रुपये ट्रान्सफ़र करून घेतात हे आहे का?,D4
क्रेडिट कार्डसाठी तुम्ही काय काय कागदपत्रे द्या लागन पायजे?,क्रेडिट कार्डसाठी तुम्हाला काय काय कागदपत्रे द्यावी लागतील हे कळत नाही?,D4
"तुमाले शेतात काय पिके दाखवतात हाय, म्हाजी ज्यांची फायदा होतो त्यांची काढतात हाय.","तुम्हाला शेतात काय पिके दाखवतात आहेत, माझ्या ज्यांची फायदा होतो त्यांची काढतात हे काय?",D4
मले क्रेडिट कार्ड लागू करण्यासाठी अर्ज करावा लागन त्याची मायती माझ्या सोबतची आहे.,"मला क्रेडिट कार्ड लागू करण्यासाठी अर्ज करावा लागेल, त्याची माहिती माझ्या सोबतची आहे का?",D4
मले म्हाजी वाईट क्रेडिट स्कोर आहे म्हाले मला काय करावे पोरगा!,मला माझी वाईट क्रेडिट स्कोर आहे तर म्हणून मला काय करावे मुलगा?,D4
क्रेडिट कार्ड प्रोसेसिंग केल्या काय माहिती मले कुठे द्या लागन?,क्रेडिट कार्ड प्रोसेसिंग केल्यावर काय माहिती मला द्यावी लागते हे कळत नाही?!,D4
"मले बँकेतून पीक कर्ज घ्यायचे हाय, काय काय कागदपत्रे द्या लागन त्याची मायती","मला बँकेतून पीक कर्ज घ्यायचे आहे, काय काय कागदपत्रे द्यावी लागतील त्याची माहिती?",D4
कायले बँकेतून हायचे बँक पोरग्याला तुमाले द्यावे लागन?,कशामुळे बँकेतून हायचे बँक पोरग्याला तुम्हाला द्यावे लागतील?,D4
कोणी कोणाच्या खात्याला पैसे ट्रान्सफर कराव्यात कायले हे बँकेचे सॉफ्टवेअर चे नाव आहे!,कोणी कोणाच्या खात्याला पैसे ट्रान्सफर करावीत काय? हे बँकेचे सॉफ्टवेअर चे नाव आहे!,D4
म्हाजी काय कागदपत्रे पायजे असतील त्या बँकेतून पीक कर्ज घ्यायचे हाय,माझ्याकडे काय कागदपत्रे पाहिजेत ते बँकेतून पीक कर्ज घ्यायचे आहे?,D4
कुठे बँकिंग सेवा सुरु करा लागन त्याची मायती सांगा,"कुठे बँकिंग सेवा सुरु करावी लागते, त्याची माहिती सांगा?",D4
मले क्रेडिट कार्ड वरून तुरी रेटा द्या लागन पोरगा,मला क्रेडिट कार्डवरून तरी रेटा द्यावा लागतात मुलगा?,D4
"मले जितकी उधारी घ्यायची तितकी UPI च्या कार्ड म्हाले प्राप्त करा लागन, पोरगा!","मलाला जितकी उधारी घ्यायची तितकी UPI च्या कार्ड मिळवा लागेल, मुलगा?",D4
मले क्रेडिट कार्डला EMI ची विनंती करण्यासाठी बँकेत जायले पायजे.,मला क्रेडिट कार्डवर EMI ची विनंती करण्यासाठी बँकेत जावे लागते का?,D4
कोणत्या कार्डवरून ATM वरून धन द्या लागन पोरगा,कोणत्या कार्डवरून ATM वरून धन द्यावा लागते का मुलगा,D4
"कोणत्या बँकेतून शेतकरी कर्ज घ्यायचे हाय, तुमाले पाहिजे काय","कोणत्या बँकेतून शेतकरी कर्ज घ्यायचे आहे, तुम्हाला पाहिजे काय?",D4
"कुठे बाराखडी चे निवेश करावे लागन हाय, तुमाले सांगा लागन","कुठे बाराखडी चे निवेश करावे लागन हाय, तुम्हाला सांगा लागन?",D4
अरेरे मला KYC कागदपत्रे भेटत नाहीत मले,अरे मला KYC कागदपत्रे मिळत नाहीत का मला?,D4
काय काय नियम असणार हाय हे मला सांगा लागन बँकेतून गावातील शेतकरी कर्ज द्या लागन,काय काय नियम असणार आहे हे मला सांगावे लागेल बँकेतून गावातील शेतकर्याला कर्ज द्यावे लागते?,D4
काय कागदपत्रे द्या लागन श्रीमंती कर्जासाठी पोरगाला बँकेत जायला पाहिजे:,काय कागदपत्रे द्यावी लागतील श्रीमंती कर्जासाठी पोरगाला बँकेत जायला पाहिजे?,D4
मले शिकायले कर्ज घ्याच असन तर शाळेच्या कागदपत्रांची प्रमाणित प्रती द्या लागन.,मला शिक्षणासाठी कर्ज घ्यायचे असेल तर शाळेच्या कागदपत्रांची प्रमाणित प्रती द्यावी लागतील का?,D4
अर्ज पूर्ण झाल्यावर UPI ID चा वापर करून क्रेडिट कार्ड किंवा डेबिट कार्डद्वारे भुगतान करा लागन.,अर्ज पूर्ण झाल्यावर UPI ID चा वापर करून क्रेडिट कार्ड किंवा डेबिट कार्डद्वारे भुगतान करणे आवश्यक आहे.,D4
स्थानिक निकामी काय काय करू शकतात तुमाले सांगा,स्थानिक निकामी काय काय करू शकतात तुम्हाला सांगा?,D4
काय काय कागदपत्र द्या लागन हाय बँकेतून पीक कर्ज घ्यायचे,काय काय कागदपत्र द्यावे लागतील हे बँकेतून पीक कर्ज घ्यायचे?,D4
काय कागदपत्रे द्या लागन विनामूल्य कार्डासाठी पोरगाला बँकेत जायला पाहिजे:,काय कागदपत्रे द्यावी लागतील विनामूल्य कार्डासाठी पोरगाला बँकेत जायला पाहिजे?,D4
काय करून घेतात म्हाजी EMI नियमावळी बँकेतून पाहिजे:,काय करून घेतात माझी EMI नियमावळी बँकेतून पाहिजे?,D4
"स्वच्छता कार्यकर्त्यांनी घरोघरी पाणी गिळून घेण्याचा पोरगा आहे, पायजे कधी पाणी येत नाही.","स्वच्छता कार्यकर्त्यांनी घरोघरी पाणी गिळून घेण्याचा पोरगा आहे, पाहिजे कधी पाणी येत नाही?",D4
"नागरिक पार्किंग व्यवस्थेसाठी बिल निर्गमित केला पायजे काय, तुमाले सांगा.","नागरिक पार्किंग व्यवस्थेसाठी बिल निर्गमित केला पाहिजे काय, तुम्हाला सांगा.",D4
"कोपरखालील पाण्याची पुरवठा पायजे का, म्हाजे घरी पाणी नाही हाय.","कोपरखालील पाण्याची पुरवठा पाहिजे का, माझ्या घरी पाणी नाही आहे?",D4
राज्य शासनाच्या योजनेमध्ये मुलगा पोरगा नांवाच्या विद्यार्थ्याच्या प्रमाणपत्राची प्रक्रिया कारवी हाय.,राज्य शासनाच्या योजनेमध्ये मुलगा पोरगा नांवाच्या विद्यार्थ्याच्या प्रमाणपत्राची प्रक्रिया कारवी आहे?,D4
"ग्रामपंचायतीत येत्या शिवाय तुम्ही मले बोलत नाही का, हाय!","ग्रामपंचायतीत येत्या शिवाय तुम्ही मला बोलत नाही का, हाय!",D4
"शासनाच्या विद्युत विभागाचे कर्मचारी घरात येणे पोरगाचे पायजे आहे का, हाय!","शासनाच्या विद्युत विभागाचे कर्मचारी घरात येणे मुलगाचे पाहिजे आहे का, हाय!",D4
"कोणती तरी तळी सुधारण्यासाठी काम करवतत आहे, पायजे खूप पैसे वाढवावे लागतील.","कोणती तरी तळी सुधारण्यासाठी काम करून घेतात, पाहिजे खूप पैसे वाढवावे लागतील का?",D4
ग्रामपंचायतीत विकास कार्यालयाची माहिती तुमाले द्या हाय,ग्रामपंचायतीत विकास कार्यालयाची माहिती तुम्हाला द्या का?,D4
ग्रामपंचायतीच्या कार्यक्रमांमध्ये भाग घेण्याची पायजे हाय.,ग्रामपंचायतीच्या कार्यक्रमांमध्ये भाग घेण्याची पाहिजे?,D4
"पोलीस पत्रक काय हाय, पायजे तुमाले या पोलीस पत्रकाची प्रती मिळवावी","पोलीस पत्रक काय आहे, पाहिजे तुम्हाला या पोलीस पत्रकाची प्रती मिळवावी?",D4
"योजनेची श्रेणी काय हाय, पायजे तुमाले या योजनेची माहिती मिळवावी","योजनेची श्रेणी काय आहे, पाहिजे तुम्हाला या योजनेची माहिती मिळवावी?",D4
"आधार कार्ड दुरुस्ती करायची हाय, सेतू केंद्र म्हाज्या भाग्याला येणार हाय!","आधार कार्ड दुरुस्ती करायची आहे, सेतू केंद्र मल्या भाग्याला येणार आहे?!",D4
"नागरी स्वीकार्यता शिवाय तुम्ही मले काय काम करतात हय, हाय!",नागरी स्वीकार्यता शिवाय तुम्ही मला काय काम करतात हे हे!,D4
ग्रामपंचायतीच्या विवेकाधिकारांवर शिक्का मारण्याची पायजे हाय.,ग्रामपंचायतीच्या विवेकाधिकारांवर शिक्का मारण्याची पाहिजे का?,D4
"ग्रामसेवकांना वर्ग १ करायचा हाय, पोरग्यांचे शिक्षण म्हाजे पायजे","ग्रामसेवकांना वर्ग १ करायचा आहे, पोरग्यांचे शिक्षण माझे पाहिजे?",D4
"ग्रामसेवकांना दुसऱ्याचे काम करायची हाय, पोरग्यांना द्यायची हाय!","ग्रामसेवकांना दुसऱ्याचे काम करायचे आहे, पोरग्यांना द्यायचे आहे?",D4
"कोणत्या दिनांकावर नागरिकांना पुरवठ्या करण्याचे निर्णय कुठे हाय का, तुमाले त्याची यादी दाखवा","कोणत्या दिनांकावर नागरिकांना पुरवठ्या करण्याचे निर्णय कुठे आहेत का, तुम्हाला त्याची यादी दाखवा?",D4
"आधार कार्ड दुरुस्ती करायची हाय, सेतू केंद्र कुठे हाय का, तुमाले पत्ता दाखवा","आधार कार्ड दुरुस्ती करायची आहे, सेतू केंद्र कुठे आहे का, तुम्हाला पत्ता दाखवा?",D4
"कोणत्या वेळी व्हॉट्सअॅपवर पुरवठ्या संबंधित नोटिस दिसतात हाय का, तुमाले त्याची यादी दाखवा","कोणत्या वेळी व्हॉट्सअॅपवर पुरवठ्या संबंधित नोटिस दिसतात का, तुम्हाला त्याची यादी दाखवा",D4
"पुरवठ्यावर राशी देण्याचे संकेताचे निर्णय कुठे हाय का, तुमाले यादी दाखवा","पुरवठ्यावर राशी देण्याचे संकेताचे निर्णय कुठे आहेत का, तुम्हाला यादी दाखवा?",D4
ग्रामपंचायतीत पानी पुरवठा देयकाची यादी मले पाहिजे हाय.,ग्रामपंचायतीत पानी पुरवठा देयकाची यादी मला पाहिजे आहे?,D4
"ग्रामपंचायतीने पुरवठ्यावरील निर्णय कुठे हाय का, तुमाले हे स्पष्ट करा","ग्रामपंचायतीने पुरवठ्यावरील निर्णय कुठे आहे का, तुम्हाला हे स्पष्ट करा?",D4
आज माझ्या मोठ्या भावाने माझ्या हाताने क्रेडिट कार्डचे पैसे पायजे दिले आहेत.,आज माझ्या मोठ्या भावाने माझ्या हाताने क्रेडिट कार्डचे पैसे पाहिजे दिले आहेत?,D4
"त्यांनी घरकुल योजनेची यादी साठवली हाय, माझे नाव काय नसले पाहिजे","त्यांनी घरकुल योजनेची यादी साठवली आहे, माझे नाव काय नसले पाहिजे?",D4
म्हाले लोकांनी आज रात्री त्यांचे घरामध्ये काय काय करमत्ती करवतत हाय.,लोकांनी आज रात्री त्यांचे घरामध्ये काय काय करमत्ती करून घेतात आहे?,D4
मी सारे संध्याकाळी शाळेमधून घरी जात हाय.,मी सारे संध्याकाळी शाळेतून घरी जातो का?,D4
आज सकाळी मी बाजारमध्ये खूप जास्त पैसे खर्च केले हाय.,आज सकाळी मी बाजारमध्ये खूप जास्त पैसे खर्च केले आहेत का?,D4
माझे मोठे भाऊ गावचा पटांतर करून कोणत्या दुकानातून वाटप केले हाय.,माझा मोठा भाऊ गावचा पटांतर करून कोणत्या दुकानातून वाटप केले आहे?,D4
"मला पोरगा दुसऱ्या शाळेत जाते हाय, म्हाजी काय हे म्हणते हाय.","मला पोरगा दुसऱ्या शाळेत जाते हाय, म्हाजी काय हे म्हणते हाय?",D4
"मले हे सारे कार्यकर्ते कार्यालयात संध्याकाळी येतात हाय, काय हे पाहिजे हाय.","कार्यालयात संध्याकाळी येतात का आहे?, काय हे पाहिजे आहे?",D4
"आज गावात मोठा बाजार भरला हाय, म्हाले लोकांना काय काय क्रय विक्रय करवतत हाय.","आज गावात मोठा बाजार भरला आहे, म्हणून लोकांना काय काय क्रय विक्रय करवतात आहे.",D4
"तुमाले तुम्ही गावातील दुकानात जायला बोलावले हाय, मला काय हे म्हणतात हाय.","तुम्हाला तुम्ही गावातील दुकानात जायला बोलावले आहे, मला काय हे म्हणतात आहे?",D4
"मल्याले हे भेटवस्तू माझ्या मित्राला देतात हाय, मला काय हे म्हणतात हाय.","मुलाला हे भेटवस्तू मित्राला देतात आहे, मला काय हे म्हणतात आहे?",D4
"तुमाले सोमवारी सिनेमात जाणार आहे का, शनिवारी माझ्या घरी आहे हाय.","तुम्हाला सोमवारी सिनेमात जाणार आहे का, शनिवारी माझ्या घरी आहे हे?",D4
"आज सकाळी पाण्याचे टंकी म्हाले भरली हाय, पाण्याची कमतरता होणार नाही हाय.","आज सकाळी पाण्याचे टंकीमध्ये पाणी भरले आहे, पण पाण्याची कमतरता होणार नाही हे काय?",D4
अर्जणांना प्रशासनातील कामकाजाचे नियम माथून समजले पाहिजे हाय!,अर्जणांना प्रशासनातील कामकाजाचे नियम माथून समजले पाहिजे हाय!,D4
आज मी कार्यालयात कार्य करून संध्याकाळी घरी येतो हाय.,आज मी कार्यालयात कार्य करून संध्याकाळी घरी येत आहे?,D4
"म्हावला वाईट वाट होणार नाही का, मला कोणतीही समस्या होणार नाही हाय.","म्हावला वाईट वाट होणार नाही का, मला कोणतीही समस्या होणार नाही का हाय.",D4
"पोरग्यांना शाळेमध्ये संगणक शिकायला म्हाज्या दिले हाय, ते खूप खुश झाले हाय.","मुलांना शाळेमध्ये संगणक शिकायला माझ्या दिले आहे, ते खूप खुश झाले आहेत का?",D4
"तुमाले गाडी चालवण्याची शिक्षा कधी घेतली हाय, मला शिकायला म्हाजी पायजे वेळ नाही.","तुम्हांला गाडी चालवण्याची शिक्षा कधी घेतली आहे, मला शिकायला म्हाजी पायजे वेळ नाही?",D4
"आज संध्याकाळी पोरगा शाळेतून माझी बसणार हाय, मला शाळा करवतत आहे.","आज संध्याकाळी पोरगा शाळेतून बसणार आहे, मला शाळा करून घेतात?",D4
"पोलीस स्थानकात जाण्याची पायजे हाय, काय शाळा सुट्टी आहे तेव्हा तुमाले नियमितपणे जाणार असेल.","पोलीस स्थानकात जाण्याची पाहिजे का हाय, काय शाळा सुट्टी आहे तेव्हा तुम्हाला नियमितपणे जाणार असेल?",D4
"मले एका अचूक जुन्या वस्तू कुठे हाय, मला फक्त पायजे माहिती नाही.","मला एका अचूक जुन्या वस्तू कुठे आहे, मला फक्त पायजे माहिती नाही?",D4
"आज रात्री देवकी पूजा केली हाय, सर्वांना काही ना काही लाभ झाला हाय.","आज रात्री देवकी पूजा केली आहे, तर सर्वांना काही ना काही लाभ झाला आहे.",D4
"करवतत सर्वांना साप्ताहिक मासिक पत्रिका पाठवली हाय, ते कसे स्वागत करतात हाय.","सर्वांना साप्ताहिक मासिक पत्रिका पाठवली आहे, ते कसे स्वागत करतात हे?",D4
माथून पाहिले ते नोकर माझ्या दुकानात काम करतो हाय.,माथून पाहिले ते नोकर माझ्या दुकानात काम करतो आहे?,D4
"कॉलेजला जाताना माझ्या मित्राला सायकलची पायजे हाय, प्रत्येकारे सायकल घेऊन जातात हाय.","कॉलेजला जाताना माझ्या मित्राला सायकलची पायजे आहे, प्रत्येकारे सायकल घेऊन जातात आहेत.",D4
"आज गावात मोठा बाजार भरला हाय, पायजे काही स्वस्त आहे हाय.","आज गावात मोठा बाजार भरला आहे, पायजे काही स्वस्त आहे?",D4
म्हाजी दुकानात खूप मोठा बिल पास केला हाय.,माझी दुकानात खूप मोठा बिल पास केला आहे?,D4
आज पाहिजे म्हाज्या दुकानात मोठी डील घेणारी हाय.,आज पाहिजे माझ्या दुकानात मोठी डील घेणारी आहे?,D4
"आज सकाळी नाश्ता करवतत हाय, पायजे दही पुरणपोळी हाय.","आज सकाळी नाश्ता करून घेतात का आहे, दही पुरणपोळी पाहिजे आहे.",D4
"माझ्या भावाला पासून एकूण रुपये 5,000 क्रेडिट कार्डवर भरले हाय.","माझ्या भावाला पासून एकूण रुपये 5,000 क्रेडिट कार्डवर भरले आहे?",D4
म्हाज्या भाऊने क्रेडिट कार्ड माझ्या नावावर रचला हाय.,म्हाज्या भाऊने क्रेडिट कार्ड माझ्या नावावर रचला आहे?,D4
आम्ही संध्याकाळी 5 वाजता दूध केंद्रावर जायचे पायजे.,आम्ही संध्याकाळी 5 वाजता दूध केंद्रावर जायला पाहिजे का?,D4
"माझ्या आईले सांगितले की माझ्या भावाला पेनची कायले हाय, त्याला पेनची गरज आहे हाय.","माझ्या आईने सांगितले की माझ्या भावाला पेनची कशामुळे आहे, त्याला पेनची गरज आहे?",D4
आम्ही गुरूवारी संध्याकाळी पांच वाजता कार्यालयात जायचे पायजे.,आम्ही गुरूवारी संध्याकाळी पांच वाजता कार्यालयात जायला पाहिजे का?,D4
"आमच्या भावाचे मोठे बेटे त्यांच्या बायकोने त्यांना एकूण रुपये 2,50,000 क्रेडिट कार्डवर भरले हाय.","आमच्या भावाचे मोठे बेटे त्यांच्या बायकोने त्यांना एकूण रुपये 2,50,000 क्रेडिट कार्डवर भरले आहे?",D4
म्हाज्या दुकानात नोकरी करत असणारा पोरगा आज स्वत:ची कंपनी सुरू केली हाय.,माझ्या दुकानात नोकरी करत असणारा मुलगा आज स्वत:ची कंपनी सुरू केली आहे?,D4
माझ्या भावाला शेंगदाणे कच्चे माले काढायचे पायजे.,माझ्या भावाला शेंगदाणे कच्चे माले काढायचे पाहिजे?,D4
आज दिवशी घरी काही काम म्हाजी बाबती हाय.,आज दिवशी घरी काही काम माझ्या बाबती आहे?,D4
माझ्या मुलीला कलाकार प्रतिभा प्रतिष्ठानात प्रशिक्षण घेतले हाय.,माझ्या मुलीला कलाकार प्रतिभा प्रतिष्ठानात प्रशिक्षण घेतले आहे?,D4
"कायले मला खूप काळजी वाटते, सगळा काम सुरू केला पाहिजे.","कशामुळे मला खूप काळजी वाटते, सगळा काम सुरू केला पाहिजे?",D4
करवतत मला कोणी खूप काही दिले हाय.,करवतत मला कोणी खूप काही दिले आहे?,D4
"माझ्या मुलगा संध्याकाळी हाय, तो पावला जायचे पायजे.","माझ्या मुलगा संध्याकाळी हाय, तो पावला जायचे पायजे?",D4
"आवले बाजारात पाहिजे हाय, काही पुरवले हाय.","आवले बाजारात पाहिजे हाय, काही पुरवले हाय?",D4
"माझ्या वडिलांना आज रोजी कामाची जाणीव केली हाय, ते म्हणतात हाय, ""आज रोजी कामाला मी माथून जाणार आहे""","माझ्या वडिलांना आज रोजी कामाची जाणीव केली आहे, ते म्हणतात, ""आज रोजी कामाला मी माथून जाणार आहे?""",D4
माझ्या मुलाला शाळेमध्ये क्रीडा स्पर्धा सकाळी 9 वाजता सुरू होणार हाय.,माझ्या मुलाला शाळेमध्ये क्रीडा स्पर्धा सकाळी 9 वाजता सुरू होणार आहे का?,D4
"आज सकाळी माझे मावस कायम घरात हाय, मले काय काम होत नाही हाय.","आज सकाळी माझे मावस कायम घरात आहे, मला काय काम होत नाही?",D4
"हाय, मले काय काय करायला पायजे हाय, मला शाळेमध्ये खूप काम असले हाय.","हाय, मला काय काय करायला पाहिजे हाय, मला शाळेमध्ये खूप काम असले हाय.",D4
"माझ्या काकांना बाहेर जायला पायजे हाय, त्यांना माझ्या मावसांना भेटायला हवी हाय.","माझ्या काकांना बाहेर जायला पाहिजे आहे, त्यांना माझ्या मावसांना भेटायला हवी आहे?",D4
"मले आपल्या काकांवर खूपच विश्वास आहे हाय, मला काय काय काम नाही हाय.","मला आपल्या काकांवर खूपच विश्वास आहे, मला काय काय काम नाही हाय?",D4
"आज सकाळी माझ्या मोठ्या भावांना शाळेला जायला पायजे हाय, त्यांना खूप वेळा खायला पायजे हाय.",आज सकाळी माझ्या मोठ्या भावांना शाळेला जायला पाहिजे आहे का? त्यांना खूप वेळा खायला पाहिजे का?,D4
"मले कोणालाही काय काही द्यायला पायजे नाही हाय, मला आपल्या मित्राला खूप काही पुरवणे हाय.","मला कोणालाही काही द्यायला पाहिजे नाही, मला आपल्या मित्राला खूप काही पुरवणे होते.",D4
"माझ्या बाबांना पोलीस स्टेशनला जाणे पोरगा पायजे हाय, त्यांना शाळेला जायला काय पाहिजे हाय.","माझ्या बाबांना पोलीस स्टेशनला जाणे पोरगा पायजे हाय, त्यांना शाळेला जायला काय पाहिजे हाय.",D4
"माझ्या दुकानात आज फक्त रुपये ५०००/- हाय, म्हाले कशी दिवसभर हाय.","माझ्या दुकानात आज फक्त रुपये ५०००/- आहेत, मला कशी दिवसभर आहे?",D4
"माझ्या वडिलांना माझ्या मावसांना भेटायला पायजे हाय, त्यांना शाळेला जायला काय पाहिजे हाय.","माझ्या वडिलांना माझ्या मावसांना भेटायला पायजे आहे, त्यांना शाळेला जायला काय पाहिजे आहे.",D4
"माझ्या दुकानात आज खूप जास्त लोक हाय, मला तुमाले काय मागतात हाय.","माझ्या दुकानात आज खूप जास्त लोक आहेत, मला तुम्हाला काय मागतात?",D4
"म्हाज्या सासूला आज त्यांची गाडी भरला हाय, त्यांच्या वाट्यावर काही पैशे हाय.","माझ्या सासूला आज त्यांची गाडी भरली आहे, त्यांच्या वाट्यावर काही पैशे आहेत?",D4
"आज माझ्या वडिलांना पायजे पोटात गाठले हाय, म्हाले काय केले हाय.","आज माझ्या वडिलांना पायजे पोटात गाठले हाय, मला काय केले हाय?",D4
"आज माझ्या शाळेत प्राध्यापकांनी खूप मोठी परीक्षा हाय, म्हाले किती सांकेतिक हाय.","आज माझ्या शाळेत प्राध्यापकांनी खूप मोठी परीक्षा आहे, मला किती सांकेतिक आहे?",D4
"आज पायजे मला संगणकावर सामान्यपणे बँकिंग खात्यामध्ये पैसे ट्रान्सफर करण्याची शिक्षण कार्ये करण्याची कार्यक्षमता आहे, हाय.","आज पाहिजे मला संगणकावर सामान्यत: बँकिंग खात्यामध्ये पैसे ट्रान्सफर करण्याची शिक्षण कार्ये करण्याची कार्यक्षमता आहे, हे कसे?",D4
म्हाले कायले हे क्रेडिट कार्ड स्वीकार करत नाही.,मला कायम क्रेडिट कार्ड स्वीकारत नाही?,D4
"आज पोरगा गावात शाळेत शिकायला जात हाय, त्यांनी क्रेडिट कार्ड वापरण्याची विवेचना आहे.","आज पोरगा गावात शाळेत शिकायला जात आहे, त्यांनी क्रेडिट कार्ड वापरण्याची विवेचना आहे?",D4
"आज संध्याकाळी सगळ्या घरांमध्ये पायजे जाळण्याचे हाय, मला कायले किती प्रकारे हाय.","आज संध्याकाळी सगळ्या घरांमध्ये पाहिजे जाळण्याचे आहे, मला कशामुळे खूप प्रकार आहेत?",D4
"आज पायजे मला दूधाच्या दुकानात काम करण्याची कार्यक्षमता आहे, हाय.","आज पाहिजे मला दूधाच्या दुकानात काम करण्याची कार्यक्षमता आहे, हे?",D4
"आज पोरगा गावात पुस्तकांचे रिटेलर म्हणून काम करण्याची कार्यक्षमता आहे, हाय.",आज पोरगा गावात पुस्तकांचे रिटेलर म्हणून काम करण्याची कार्यक्षमता आहे का?,D4
"मला म्हाले माझ्या वडिलांच्या म्हाजी घरी नोकर म्हणून काम करण्याची प्रेरणा आहे, हाय.","मला म्हाले माझ्या वडिलांच्या म्हाजी घरी नोकर म्हणून काम करण्याची प्रेरणा आहे, हे?",D4
"आज पायजे मला संगणकावर सामान्यपणे ऑनलाइन खरेदी करण्याची कार्यक्षमता आहे, हाय.","आज पाहिजे मला संगणकावर सामान्यत: ऑनलाइन खरेदी करण्याची कार्यक्षमता आहे, हे?",D4
"आमच्या घरात म्हाजी चहाची व्यापारी भरली हाय, कायले आम्ही पण भरले हाय.","आमच्या घरात माझी चहाची व्यापारी भरली आहे, कशामुळे आम्ही पण भरले आहे?",D4
"पोरगा याकडून केलेले कार्ड जाहिराती खूप हाय, तुमाले पण पाहिजे हाय.","मुलगा त्याच्याकडून केलेले कार्ड जाहिराती खूप आहेत, तुम्हाला पण पाहिजे आहे?",D4
"म्हाजी कोणत्याही गोष्टीचे कायले आम्ही नाही हाय, पायजे आणि पोरगा या दोघा हाय.","म्हाजी कोणत्याही गोष्टीचे कायले आम्ही नाही हाय, पायजे आणि पोरगा या दोघा हाय?",D4
"मला हाय, मला माझ्या वडिलांच्या म्हाजी घरी नोकर म्हणून काम करण्याची प्रेरणा आहे.",माझ्या वडिलांच्या घरी नोकर म्हणून काम करण्याची प्रेरणा मला आहे?,D4
"आमच्या घराची क्रेडिट कार्ड नेहमी भरली हाय, म्हाजी मित्री हाय.","आमच्या घराची क्रेडिट कार्ड नेहमी भरली आहे, म्हणून माझी मित्री आहे.",D4
"पोरगा याकडून मिळणार्‍या परीक्षा निकालाची जाहिराती पायजे हाय, तुमाले पण पाहिजे हाय.","पोरगा याकडून मिळणार्‍या परीक्षा निकालाची जाहिराती पाहिजे आहे, तुम्हाला पण पाहिजे आहे?",D4
"म्हाजी कारमध्ये तेल भरत नाही हाय, शेवटी पासूनची कार पाहिजे हाय.","म्हाजी कारमध्ये तेल भरत नाही हाय, शेवटी पासूनची कार पाहिजे हाय.",D4
"पोरगा याकडून मिळणार्‍या पुरस्काराची जाहिराती पायजे हाय, म्हाजी मित्री हाय.",पोरगा याकडून मिळणार्‍या पुरस्काराची जाहिराती पाहिजे का? म्हाजी मित्री आहे.,D4
"म्हाजी कोळी कामाला जायचे पायजे हाय, आज रात्री पुन्हा घरी यायचे पायजे हाय.","म्हाजी कोळी कामाला जायचे पायजे हाय, आज रात्री पुन्हा घरी यायचे पायजे हाय?",D4
"माझ्या वडिलांनी आज सायंकाळी घरचे काम पूर्ण केले हाय, आता आम्ही सुट्टी घेऊ शकतो.",माझ्या वडिलांनी आज सायंकाळी घरचे काम पूर्ण केले आहे का? आता आम्ही सुट्टी घेऊ शकतो.,D4
"मले आज सकाळी तुमाले घरचे काम म्हाले सांगितले, आता आम्ही तयार आहोत.","मला आज सकाळी तुम्हाला घरचे काम विचारले, आता आम्ही तयार आहोत.",D4
"आज संध्याकाळी माझा मुलगा त्याच्या मित्रांशी फुटबॉल पोरगा खेळत हाय, म्हाले तुम्ही किती दिवसाचा हाय.","आज संध्याकाळी माझा मुलगा त्याच्या मित्रांशी फुटबॉल पोरगा खेळत हाय, मला तुम्ही किती दिवसाचा हाय?",D4
आज सायंकाळी पोरगा आणि बहिणीने दुकानात खूप स्वस्त भाजीपाला म्हाजी देव्हाळी घेवून गेले हाय.,आज सायंकाळी पोरगा आणि बहिणीने दुकानात खूप स्वस्त भाजीपाला म्हाजी देव्हाळी घेवून गेले आहे?,D4
"आज माझ्या घरात मोठी चित्रपटाची दुकान आहे, फिल्ममध्ये खूप मनोरंजन होत आहे. हाय, माझ्या गावात चित्रपटाचे स्टार आयले हाय.","आज माझ्या घरात मोठी चित्रपटाची दुकान आहे, फिल्ममध्ये खूप मनोरंजन होत आहे. हाय, माझ्या गावात चित्रपटाचे स्टार कुठे आयले हाय?",D4
"आज सकाळी आम्ही म्हाजी देव्हाळी हाय, भाजीपाला खूप स्वस्त हाय.","आज सकाळी आम्ही म्हाजी देव्हाळी हाय, भाजीपाला खूप स्वस्त हाय?",D4
"आज सकाळी म्हाले नेमकी काय काम पूर्ण केली हाय, म्हाजी सांगितले की तुमाले पोरगाचे स्कूलमध्ये पायजे.","आज सकाळी मला नेमकी काय काम पूर्ण केले आहे, माझ्या सांगितले की तुम्हाला मुलाचे स्कूलमध्ये पाहिजे?",D4
आज रात्री स्टार प्लसवर एका सुपरहिरो सिरियल हाय.,आज रात्री स्टार प्लसवर एका सुपरहिरो सिरियल काय आहे?,D4
"मले आज बँकेमध्ये UPI पेमेंट केला हाय, माझ्या तोंडातून पैसे काढले हाय.","मला आज बँकेमध्ये UPI पेमेंट केला आहे, माझ्या तोंडातून पैसे काढले आहेत?",D4
"मला क्रेडिट कार्ड घेतला हाय, संपूर्ण पैसे उगवले हाय.","मला क्रेडिट कार्ड घेतला आहे, पण संपूर्ण पैसे उगवले नाहीत.",D4
म्हाज्या काकूने काय म्हणले तुमाले पायजे विचारत नाही हाय.,माझ्या काकूने काय म्हणले तुम्हाला पाहिजे विचारत नाही?,D4
"म्हाले माझ्या कारमध्ये मोटरचा पॅटर्न बदलवला हाय, वेग कमी झाला हाय.","म्हणजे माझ्या कारमध्ये मोटरचा पॅटर्न बदलवला आहे, वेग कमी झाला आहे.",D4
"आवडते हाय, आज गावात मोठा सांस्कृतिक कार्यक्रम म्हाजी माहेरी येत आहे हाय.","आवडते आहे, आज गावात मोठा सांस्कृतिक कार्यक्रम माझ्या माहेरी येत आहे?",D4
"मला हाय, माझ्या घरी व्हिडी कॉन्फरन्सिंगचे माध्यम वापरण्याची कार्यक्षमता आहे, हाय.",माझ्या घरी व्हिडी कॉन्फरन्सिंगचे माध्यम वापरण्याची कार्यक्षमता काय आहे?,D4
"म्हाले हाय, मी सांगतो तुमाला म्हाज्या कारमध्ये काय बिघाड झाला हाय.","म्हाले हाय, मी सांगतो तुम्हाला माझ्या कारमध्ये काय बिघाड झाला आहे?",D4
"आवडते हाय, आज गावात मोठा सांस्कृतिक कार्यक्रम म्हाजी माहेरी येत आहे हाय.","आवडते आहे, आज गावात मोठा सांस्कृतिक कार्यक्रम माझ्या माहेरी येत आहे?",D4
"तुमाले माझ्या हातातले कागद पाहिजे हाय, मले ते कागद तुमाले दिले.","तुम्हाला माझ्या हातातले कागद पाहिजे आहे का?, मला ते कागद तुम्हाला दिले.",D4
"तुमाले काळजाने उरकवा पाहिजे हाय, मले तुमाला पाने दिले हाय.","तुम्हाला काळजाने वाचवा पाहिजे आहे, मला तुम्हाला पाने दिले हे?",D4
"म्हाले पोरग्याच्या जन्मदिनी आम्ही कार्यक्रम घेतले आहे, सगळे पार पडले आहे हाय.","मुलाला मुलाच्या जन्मदिनी आम्ही कार्यक्रम घेतला आहे, सगळे पार पडले आहे?",D4
"आमच्या गावात कोळसाठी कामगिरी मिळाली आहे, आम्ही खूप आनंदित झाले आहे हाय.","आमच्या गावात कोळसाठी कामगिरी मिळाली आहे, आम्ही खूप आनंदित झाले आहे?",D4
"तुमाले शाळेमध्ये प्रमुखाधिकारी म्हणून निवडले गेले हाय, पोरगा भाग्यवान हाय.","तुम्हाला शाळेमध्ये प्रमुखाधिकारी म्हणून निवडले गेले आहे, पोरग्याला भाग्यवान आहे.",D4
"कायले पोराला गाडी घालवण्याची करवतत हाय, तुमाले त्याला मार्गदर्शन हाय.","कायले पोराला गाडी घालवण्याची करवतत हाय, तुमाले त्याला मार्गदर्शन हाय?",D4
"माझ्या घरी पाण्याची वाहूने खूप लवकर चालू केली हाय, कामे सोप्या झाल्या हाय.","माझ्या घरी पाण्याची वाहूने खूप लवकर चालू केली आहे, कामे सोप्या झाल्या आहेत?",D4
"म्हाले पोरग्याने प्रोजेक्टवर काम करण्याची करवतत हाय, पोरगा प्रोजेक्टवर काम करण्याची करवतत हाय.","मला मुलाने प्रोजेक्टवर काम करण्याची करवतत आहे, मुलाने प्रोजेक्टवर काम करण्याची करवतत आहे?",D4
"आज शाळेत एका प्रिय मित्राचा जन्मदिन हाय, हे सारवाने केले हाय.","आज शाळेत एका प्रिय मित्राचा जन्मदिन आहे का हाय, सारवाने केले आहे.",D4
"म्हाजी आज दिवसा सगळे काम करवतत हाय, संध्याकाळी मी मित्रांबरोबर जायचे आहे हाय.","माझी आज दिवसा सगळे काम करून घेतात का आहे, संध्याकाळी मी मित्रांबरोबर जायचे आहे का?",D4
"मल्या देवाला माझ्या घरी मोठा पूजा करवतत हाय, काही लोक मोठ्या उत्साहात आहेत हाय.","माझ्या देवाला माझ्या घरी मोठा पूजा करून घेत आहेत, काही लोक मोठ्या उत्साहात आहेत हे?",D4
"मले क्रेडिट कार्डवर EMI करून घेतात हाय, मला खूप फायदा होत आहे हाय.","मी क्रेडिट कार्डवर EMI करून घेत आहे, मला खूप फायदा होत आहे हाय.",D4
आज तुमाले माझ्या शाळेतील मित्राला माझ्या कारमध्ये घेऊन गेले हाय.,आज तुम्हाला माझ्या शाळेतील मित्राला माझ्या कारमध्ये घेऊन गेला आहे?,D4
"आज दुपारी माझे मित्र माझ्या घरी भेटले हाय, काही लाडू खायला दिले हाय.","आज दुपारी माझे मित्र माझ्या घरी भेटले आहे, काही लाडू खायला दिले आहे?",D4
"आज गावात मोठा बाजार भरला हाय, काही पायजे मी सुद्धा जात आहे.","आज गावात मोठा बाजार भरला आहे, काही पाहिजे मी सुद्धा जात आहे?",D4
म्हाजी एका दुकानात मी वाटप म्हाले आहे.,माझी एका दुकानात मी वाटप माळे आहे?,D4
"आज सकाळी माझे कावळे घरातून निघून गेले हाय, मला भारावट वाटत आहे हाय.","आज सकाळी माझे कावळे घरातून निघून गेले, मला भारावट वाटत आहे? हाय.",D4
"मल्या कोळी माझ्या कोळी मोठा कार्यशाळा दाखवतात हाय, पोरगा खूप इतरांना शिकवत आहे हाय.","माझ्या कोळीने माझ्या कोळी मोठा कार्यशाळा दाखवून घेत आहे, मुला खूप इतरांना शिकवत आहे का हाय?",D4
"माझ्या घरी पायजे काही पैसे उरले हाय, मी क्रेडिट कार्डने शॉपिंग केली हाय.","माझ्या घरी पायजे काही पैसे उरले आहेत, मी क्रेडिट कार्डने शॉपिंग केली आहे?",D4
"माझे दारूचे कारखान्यात काम करवतत हाय, माझ्या वरून कारखान्याचे प्रमुख झाला हाय.",माझे दारूचे कारखान्यात काम करून घेतात आणि माझ्या वरून कारखान्याचे प्रमुख झाला आहे.,D4
"माझ्या पोराले त्याच्या दुकानात काम करवतत हाय, त्यांच्या वरून दुकानाचे मालक झाले हाय.",माझ्या पोराला त्याच्या दुकानात काम करून घेतात आहे का? त्यांच्या वरून दुकानाचे मालक झाले आहे.,D4
म्हाजी आईला आज सगळ्या मुलींनी माझ्या वडिलांवर कायले केले हाय.,म्हाजी आईला आज सगळ्या मुलींनी माझ्या वडिलांवर कशामुळे केले आहे?,D4
"आम्ही माथून किती किमतीचे वस्तू भेटल्या हाय, काही पायजे आम्हाला फक्त फक्त ती घ्यायच्या हाय.","आम्ही माथून किती किमतीचे वस्तू भेटल्या आहेत, काही पायजे आम्हाला फक्त ती घ्यायला हव्यात.",D4
"मलेला क्रेडिट कार्ड पास आहे हाय, तुमाले पोरग्याला दिला हाय.","माझ्या विचारात क्रेडिट कार्ड पास आहे, तुम्हाला मुलाला दिला आहे?",D4
म्हाजी एका पुस्तकातून मी शिकण्यासाठी म्हाले आहे.,माझ्या एका पुस्तकातून मी शिकण्यासाठी माळे आहे?,D4
"आज माझ्या माथून दुकानात काम करवतत हाय, माझ्या वरून दुकानाचे मालक झाले हाय.","आज मला दुकानात काम करून घेतात आहे, माझ्या वरून दुकानाचे मालक झाले आहे?",D4
"आज पावले माझे कार्ट्रिज भेटले हाय, घरी सोपवून घेतले हाय.","आज पावले माझे कार्ड मिळाले आहेत, घरी सोपवून घेतले आहेत?",D4
"मल्याला हाय सांसदाची कार्यशाळा सुरु होणार आहे हाय, लोकांचा फायदा होणार आहे हाय.","मल्याला हाय सांसदाची कार्यशाळा सुरु होणार आहे हाय, लोकांचा फायदा होणार आहे हाय?",D4
आज रात्री माझ्या सासरे क्रेडिट कार्ड वापरून गाडी खरेदी केली हाय.,आज रात्री सासर्‍यांनी क्रेडिट कार्ड वापरून गाडी खरेदी केली आहे?,D4
आज रात्री भाऊ माझ्या कार्यालयात EMI भरणा केली हाय.,आज रात्री भाऊ माझ्या कार्यालयात EMI भरणे केले आहे?,D4
आज सकाळी माझ्या मुलाला पूर्ण वेळाची शाळा सांगितली हाय.,आज सकाळी माझ्या मुलाला पूर्ण वेळाची शाळा सांगितली का हाय?,D4
"म्हाजे नातेवाईकांनी पारंपारिक तांदळाच्या पुरणपोळीचे विशेष खास केले हाय, हाय मला खूप प्याला हाय.","माझे नातेवाईकांनी पारंपारिक तांदळाच्या पुरणपोळीचे विशेष खास केले आहे, मला खूप प्यायला आहे.",D4
"माथूनचे माझे सगळे काम पूर्ण होईल हाय, नोकरी योग्य प्रकारे करवतत हाय.","माथूनचे माझे सगळे काम पूर्ण होईल हाय, नोकरी योग्य प्रकारे करून घेतात हाय.",D4
"म्हाजी मित्राला स्वतःच्या कारचा चुंबक लागला हाय, हाय त्याला फार आनंद झाला हाय.","माझ्या मित्राला स्वतःच्या कारचा चुंबक लागला आहे, त्याला फार आनंद झाला आहे?",D4
म्हाजी कामदाराला माझे पावणे कोणत्या दुकानात मिळतात ते सांगितले हाय.,माझ्या कामदाराला माझे पावणे कोणत्या दुकानात मिळतात ते सांगितले आहे?,D4
"म्हाले दादाच्या बाबतीत काय हाय, तुमाले सांगा हाय.","म्हाले दादाच्या बाबतीत काय आहे, तुम्हाला सांगा हे काय?",D4
आज माझे मोठे मित्रांनी सांगितले की त्यांनी माझे क्रेडिट कार्ड भेटले हाय.,आज माझे मोठे मित्रांनी सांगितले की त्यांनी माझे क्रेडिट कार्ड मिळवले आहे?,D4
"आज देवळामध्ये माझे मित्र कायले हे कांत्री करून घेतात हाय, आम्ही गाणे गायले हाय.","आज देवळामध्ये माझे मित्र कायम कांत्री करून घेतात, आम्ही गाणे गातो हे?",D4
कायले स्वस्त पाव भाज्या मिळतील तिथे जायचे पाहिजे हाय.,कायले स्वस्त पाव भाज्या मिळतील तिथे जायचे पाहिजे हाय?,D4
"आम्ही संध्याकाळी हाय, भाजीपाला भरला आहे हाय.","आम्ही संध्याकाळी हाय, भाजीपाला भरला आहे हाय?",D4
"माझ्या मित्रांनी मला एक मोठा दुकान पोरगा सांगितला हाय, तो तिथे आहे हाय.","माझ्या मित्रांनी मला एक मोठा दुकान पोरगा सांगितला आहे, तो तिथे आहे का?",D4
आज सकाळी म्हाजी गावातल्या ग्रामपंचायती मध्ये सभा हाय.,आज सकाळी माझ्या गावातल्या ग्रामपंचायती मध्ये सभा आहे का?,D4
"आज घरी तुम्हाला एक मोठा संगीत पोरगा कार्यक्रम आहे हाय, तो रात्री भरला आहे हाय.","आज घरी तुम्हाला एक मोठा संगीत पोरगा कार्यक्रम आहे का हाय, तो रात्री भरला आहे हाय.",D4
म्हाले आज सकाळी म्हाजी आईने मला नवीन ब्लेज़र दिले हाय.,माझ्या आईने मला आज सकाळी नवीन ब्लेज़र दिले आहे?,D4
"म्हाजी दुकानातील क्रेडिट कार्ड पेमेंट करवतत हाय, पायजे शारदा पैसे जमा करणे हाय.","माझ्या दुकानातील क्रेडिट कार्ड पेमेंट करून घेतात, पाहिजे शारदा पैसे जमा करणे?",D4
"आजचा दिवस म्हाजी कार्यालयात खूप कामाचा हाय, तुमाले ताजी भाजी घ्या हाय.","आजचा दिवस माझ्या कार्यालयात खूप कामाचा आहे, तुम्हाला ताजी भाजी घ्या आहे?",D4
"म्हाले आज सकाळी म्हाजी पित्याला जन्मदिन हाय, हाय म्हाजी सगळे साजरे करावे हाय.","म्हाले आज सकाळी म्हाजी पित्याला जन्मदिन आहे, आहे का? म्हाजी सगळे साजरे करावे आहे.",D4
आज सकाळी म्हाजी गावातल्या बाजारात जायचा प्रॉमिस करवतत हाय.,आज सकाळी माझ्या गावातल्या बाजारात जाण्याचा प्रॉमिस करून घेतात आहे का?,D4
"आज म्हाजी कार्यालयातील विश्रांती पूर्ण केलेला हाय, म्हाले पैसे जमा केलेला हाय.","आज माझ्या कार्यालयातील विश्रांती पूर्ण केली आहे, मला पैसे जमा केले आहेत?",D4
"म्हाजी गावातील महिला प्राध्यापकांनी माझे शिक्षण पूर्ण केलेला हाय, म्हाले गावातील शाळा करवतत हाय.","माझ्या गावातील महिला प्राध्यापकांनी माझे शिक्षण पूर्ण केले आहे, मला गावातील शाळा करून घेतात का?",D4
"मी म्हाजे मोठ्या भाऊला सांगितले की, माझ्या पोरग्याची क्रिकेट ट्रेनिंग कायम करायला पाहिजे हाय.","मी माझ्या मोठ्या भाऊला सांगितले की, माझ्या मुलाची क्रिकेट ट्रेनिंग कायम करायला पाहिजे हाय?",D4
"मला नवीन क्रेडिट कार्ड मिळला हाय, आता पायजे काही खरेदी करू शकतो हाय.",माझ्या नवीन क्रेडिट कार्ड मिळाल्याने आता पाहिजे काही खरेदी करू शकतो का?,D4
आज संध्याकाळी मला पार्टी ला जायला म्हाजी मित्र म्हणाले हाय.,आज संध्याकाळी माझ्या मित्र म्हणाले की पार्टी ला जायला पाहिजे?,D4
"आज माझे मोठे भाऊला क्रेडिट कार्ड कायम केले हाय, पोरगा खूप आनंद झाला हाय.","आज माझे मोठे भाऊला क्रेडिट कार्ड कायम केले आहे, पोरगा खूप आनंद झाला आहे.",D4
"मी म्हाजी आईला सांगितले की, आज पैसे उधार म्हाले काय, तुमाले खूप मदत करतात.","मी माझ्या आईला सांगितले की, आज पैसे उधार माझे काय? तुम्हाला खूप मदत करतात.",D4
मल्या वडिलांनी मला आता वडिलांचे कार्यालयात गेल्याने पोरगा सांगितला हाय.,माझ्या वडिलांनी मुलाला आता वडिलांचे कार्यालयात गेल्याने काय?,D4
मला काय कारणे हाय कायले मला आता गावात राहणे पाहिजे हाय.,मला काय कारणे आहेत कि मला आता गावात राहणे पाहिजे आहे.,D4
"आज गावात मोठा बाजार भरला हाय, गावकर्मी लोकांचे जेवण पुरविले हाय.","आज गावात मोठा बाजार भरला आहे, गावकर्मी लोकांचे जेवण पुरविले आहे?",D4
"आज गावातील मैफिलीचे कार्यक्रम भरल्या हाय, म्हाजी देवघड्याने जाऊ दिले हाय.","आज गावातील मैफिलीचे कार्यक्रम भरले आहेत, माझा देवघड्याने जाऊ दिला आहे?",D4
"आमच्या हाती तुमाला काय काय आहे हाय, काय पोरगे होणारे हाय.","आमच्या हाती तुम्हाला काय काय आहे, काय मुले होणारे आहेत?",D4
"आज संध्याकाळी तुमाले सिनेमा बघावे लागणार हाय, हाय, तुम्हाला खूप आवडेल हाय.","आज संध्याकाळी तुम्हाला सिनेमा बघावे लागणार आहे, हाय, तुम्हाला खूप आवडेल आहे का?",D4
"आज तुमाले पाने पैसे दिले हाय, तुम्हला कायले हाय.","आज तुम्हाला पाने पैसे दिले, कशामुळे तुम्हाला काय आहे?",D4
"आमच्या दुकानात पोरगा खेळत हाय, तुमला पाहिजे हाय.","आमच्या दुकानात पोरगा खेळत हाय, तुम्हाला पाहिजे हाय.",D4
"माथून माझ्या हाती वाटपाचे कागद येतील हाय, तुमला देण्याची म्हाजी हाय.","माथून माझ्या हाती वाटपाचे कागद येतील हाय, तुम्हाला देण्याची माझी आहे हाय?",D4
"म्हाजी दुकानातील ताज्या सूपचे पैसे म्हाले माझ्या हाय, तुमाले पैसे पैसे जमा करा हाय.","म्हाजी दुकानातील ताज्या सूपचे पैसे म्हाले माझ्या हाय, तुम्हाला पैसे पैसे जमा करा हाय?",D4
"आज बाबा म्हाज्या दुकानात व्यापारी करण्यास येत आहेत, मलेल्या.",आज बाबा माझ्या दुकानात व्यापारी करण्यास येत आहेत का?,D4
मलेल्या हाय कायले संध्याकाळी आमचे घरी जायला पाहिजे.,मलेल्या हाय कायले संध्याकाळी आमचे घरी जायला पाहिजे का?,D4
आज संध्याकाळी घरी नाश्ता खायला म्हाजी पायजे कुठे पाहिजे हाय.,आज संध्याकाळी घरी नाश्ता खायला माझ्याकडे कुठे पाहिजे?,D4
संपूर्ण भारतातील नागरिकांसाठी म्हाजी बँकेच्या सर्व शाखांमध्ये KYC कार्ड स्वीकार कार्यरत आहे हाय.,"संपूर्ण भारतातील नागरिकांसाठी माझ्या बँकेच्या सर्व शाखांमध्ये KYC कार्ड स्वीकार कार्यरत आहे, हे माहिती आहे.",D4
"कार्टून दाखवायला म्हाजी मोबाइलमध्ये विडीओ आहे हाय, खूप मजा हाय.","कार्टून दाखवायला माझ्या मोबाइलमध्ये विडीओ आहे, खूप मजा आहे?",D4
मलेला हाय कायले आमचे दुकानाला जायला पाहिजे.,मलेला हाय कायले आमचे दुकानाला जायला पाहिजे का?,D4
"आज दुपारी पाच वाजता मला म्हाजी कॉलेजमध्ये जायला पाहिजे हाय, काही महत्वाचे काम आहे हाय.","आज दुपारी पाच वाजता माझ्या कॉलेजमध्ये जायला पाहिजे आहे, काही महत्वाचे काम आहे?",D4
"माझ्या पोरगा खूप सासू-सावत्री सांगत असतात, कायले खूप वेळा वाट पाहिजे हाय.","माझ्या मुलाला खूप सासू-सावत्री सांगत असतात, कायले खूप वेळा वाट पाहिजे हाय?",D4
"म्हाले बाहेर भटकायला जायला नेहमी पायजे हाय, म्हाजी तुमाले पाहिजे हाय.","म्हाले बाहेर भटकायला जायला नेहमी पायजे हाय, म्हाजी तुमाले पाहिजे हाय.",D4
"आमचे दादा हाय नोकरी सुरु झाली हाय, आता ते पायजे खूप सावकारी करतात हाय.","आमचे दादा हाय नोकरी सुरु झाली हाय, आता ते पायजे खूप सावकारी करतात हाय?",D4
"कार्यक्रमानंतर घरी जायला म्हाजी पायजे हाय, म्हाले पोरगाची भेट हाय.","कार्यक्रमानंतर घरी जायला म्हाजी पायजे हाय, म्हाले पोरगाची भेट हाय?",D4
"पहिल्या पैसे करून मला क्रेडिट कार्ड मिळाला हाय, आता दुसरे पैसे करून करून घेतात.","पहिल्या पैसे करून मला क्रेडिट कार्ड मिळाला, आता दुसरे पैसे करून का घेतात?",D4
आज सकाळी माझी मैत्रीण म्हाजी नोकरी सोडून देण्याचा निर्णय घेतला हाय.,आज सकाळी माझी मैत्रीण म्हणजे नोकरी सोडून देण्याचा निर्णय घेतला आहे?,D4
नोकराला दहावी पास झाल्यावर म्हाजी मुलाची काय भेट द्यावी हाय.,नोकराला दहावी पास झाल्यावर म्हाजी मुलाची काय भेट द्यावी हाय?,D4
"म्हाजी मावशी आता कायम शहरात राहतात हाय, मुलाला खूप फोन केला हाय.","माझ्या मावशी आता कायम शहरात राहतात आहेत, मुलाला खूप फोन केला आहे?",D4
"म्हाजी काका आता कायम गावातच राहतात हाय, मुलाला खूप भेटायला येतात हाय.","माझ्या काका आता कायम गावातच राहतात आहेत का?, मुलाला खूप भेटायला येतात आहेत.",D4
मी माझे क्रेडिट कार्ड म्हाले भेटून हाय वीज चुकवणार आहे.,मी माझे क्रेडिट कार्ड म्हाले भेटून हाय वीज चुकवणार आहे?,D4
पोराले क्रेडिट कार्ड ची कार्यक्षम वापर करण्याचे तुम्हाले शिकवावे लागेल हाय.,तुम्हाला क्रेडिट कार्ड ची कार्यक्षम वापर करण्याचे शिकवावे लागेल का?,D4
आवाजून जाऊन कायमचा कार्ड बनवावा पायजे.,आवाजून जाऊन कायमचा कार्ड बनवावा का पाहिजे?,D4
"म्हाले आठवड्यात एकदा बाजारला जातात हाय, उधारी मिळवण्यासाठी कायले काय हाय.","आपल्याला आठवड्यात एकदा बाजारला जावे लागते, उधारी मिळवण्यासाठी काय हे म्हणून प्रश्न विचारावा लागतो.",D4
"आज गावात माझे मित्रांशी गप्पा मारतात हाय, कायले ते कशामुळे हाय.","आज गावात माझे मित्रांशी गप्पा मारतात हाय, कायले ते कशामुळे हाय?",D4
"म्हाजी बाबांना माझ्या कामाचा अभिप्राय म्हटला हाय, ते भेटले म्हाले त्याला काय हाय.","म्हाजी बाबांना माझ्या कामाचा अभिप्राय म्हटला हाय, ते भेटले म्हाले त्याला काय हाय?",D4
"आज माझ्या भावाला क्रेडिट कार्डची कार्ड रीडर मिळाली हाय, त्याच्या खात्यातून करपूस नाही हाय.","आज माझ्या भावाला क्रेडिट कार्डची कार्ड रीडर मिळाली आहे, त्याच्या खात्यातून करपूस नाही आहे?",D4
"पोरग्याला नोकरी मिळाली हाय, तो स्वतःचा कार चालवून येतो हाय.","पोरग्याला नोकरी मिळाली हाय, तो स्वतःचा कार चालवून येतो हाय?",D4
"म्हाले पोराला शाळेला जायला नुसत्या गाडीमधून जातात हाय, हाय ते सुद्धा कायम हाय.","आपल्याला मुलाला शाळेला जायला नुसत्या गाडीमधून जावे लागते, पण ते सुद्धा कायम होते का?",D4
"मोरपिया निघायला पाहिजे हाय, घरात काय काय पाहिजे हाय.","मोरपिया निघायला पाहिजे हाय, घरात काय काय पाहिजे हाय?",D4
"आज भावाला कामाचे ट्रेनिंग चॅप्टर म्हाजी पाहिजे हाय, तो माझ्या कंप्यूटरवर वाचणार हाय.","आज भावाला कामाचे ट्रेनिंग चॅप्टर माझे पाहिजे आहे, तो माझ्या कंप्यूटरवर वाचणार आहे?",D4
"कायमची टीव्ही चॅनेलची सेवा हाय, आज त्याची सेवा बंद झाली हाय.","कायमची टीव्ही चॅनेलची सेवा हाय, आज त्याची सेवा बंद झाली हाय?",D4
आजच्या निवडणुकांनंतर मी मोठ्या बाजारात जायचे पोरगा पायजे.,आजच्या निवडणुकांनंतर मी मोठ्या बाजारात जाण्याची पाहिजे का?,D4
आजच्या हार्ट अटॅकानंतर मी डॉक्टराला म्हाले सांगितले की मला काही वेळ विश्रांती द्यावी हाय.,आजच्या हार्ट अटॅकानंतर मी डॉक्टराला म्हणाले की मला काही वेळ विश्रांती द्यावी हाय.,D4
"मला माझी पत्रकारिता माथून कधी होणार हाय, मला खूप रोमांच हाय.","माझी पत्रकारिता माथून कधी होणार आहे का?, मला खूप रोमांच आहे.",D4
"आज माझ्या भावाला कार पाहिजे हाय, तो नोकरी सारखं कार चालवतो हाय.","आज माझ्या भावाला कार पाहिजे आहे, तो नोकरी सारखं कार चालवतो आहे?",D4
"कायमची इंटरनेटची सेवा हाय, आज त्याची सेवा बंद झाली हाय.","कायमची इंटरनेटची सेवा आहे, पण आज त्याची सेवा बंद झाली आहे.",D4
मला माझ्या देवतेवर पायजे असते की मला माझी पत्रकारिता करवतत.,माझ्या देवतेवर पाहिजे असते की मला माझी पत्रकारिता करून घ्यावी.,D4
"आज गावात एका मोठ्या बाजारात मी माझा मुलगा पाहिजे हाय, मला खूप आनंद झाला हाय.","आज गावात एका मोठ्या बाजारात मी माझा मुलगा पाहिजे आहे, मला खूप आनंद झाला आहे?",D4
"आमच्या गावात आत्ता वीज गेली आहे, मी कुठे पाणी प्यायले हाय.","आमच्या गावात आत्ता वीज गेली आहे, मी कोठे पाणी प्यायले आहे?",D4
"मले नाश्ता भटण्या वरून केला हाय, पान काढल्याने खूप मनसोक्त हाय.","मी नाश्ता मधून केला आहे, पान काढल्याने खूप मनसोक्त आहे?",D4
तुमाले शनिवारी वारकरी संगीत म्हाजी घरी कायम हाय.,तुम्हाला शनिवारी वारकरी संगीत माझ्या घरी कायम आहे?,D4
"आज संध्याकाळी मोठा संगीत कार्यक्रम हाय, पायजे पूरा घर दाखवतात हाय.","आज संध्याकाळी मोठा संगीत कार्यक्रम आहे, पायजे पूरा घर दाखवतात आहे?",D4
"माझी देवी आता डॉक्टर म्हणून काम करणारी आहे हाय, तिचे काम खूप चांगले हाय.","माझी देवी आता डॉक्टर म्हणून काम करणारी आहे हाय, तिचे काम खूप चांगले हाय?",D4
आज सायंकाळी पायजे सगळे कुटुंबीय सिनेमा दाखवावा हाय.,आज सायंकाळी पायजे सगळे कुटुंबीयांना सिनेमा पाहण्याचे काय?,D4
"माझ्या भावाने आता क्रेडिट कार्ड मिळवला हाय, क्रेडिट कार्डचा फायदा मला कायमचा हाय.","माझ्या भावाने आता क्रेडिट कार्ड मिळवला आहे, क्रेडिट कार्डचा फायदा मला कायमचा आहे?",D4
"मले आज सकाळी पायजे सगळ्यांना नाश्ता दिला हाय, हाय, पोरग्यांना खूप आवडला हाय.","मले आज सकाळी पायजे सगळ्यांना नाश्ता दिला हाय, हाय, पोरग्यांना खूप आवडला हाय?",D4
"मला माझे मोठे काम होऊ द्या, पायजे तुमी साहाय्य करावे हाय.","मला माझे मोठे काम होऊ द्या, पाहिजे तुम्ही साहाय्य करावे?",D4
"मले आज सकाळी पायजे सगळ्यांना चहा दिला हाय, हाय, पोरग्यांना खूप आवडला हाय.","मी आज सकाळी सर्वांना चहा दिला आहे, खूप आवडला का?",D4
आम्हाला सांगितले की क्रेडिट कार्डमध्ये काळजी घ्यावी हाय.,आम्हाला सांगितले आहे की क्रेडिट कार्डमध्ये काळजी घ्यावी हाय?,D4
"माझ्या भावाला नुकताच नवीन कार आहे, तो माझ्याप्रमाणे कारवटत.","माझ्या भावाला नुकताच नवीन कार आहे, तो माझ्याप्रमाणे कारवटत आहे का?",D4
"माझ्या मित्राने आता कार लावली हाय, त्यांनी कार लावली हाय, मला खूप आनंद झाला हाय.","माझ्या मित्राने आता कार लावली आहे, त्यांनी कार लावली आहे, मला खूप आनंद झाला आहे?",D4
"माझ्या मुलाले आता कार्यशाळा सुरू केली हाय, तुम्हाला ही कार्यशाळा पायजे आवडते हाय.","माझ्या मुलाने आता कार्यशाळा सुरू केली आहे, तुम्हाला ही कार्यशाळा पाहिजे आहे का?",D4
"मले नातवे आज निरीक्षकांच्या तपासणीतून गेले हाय, पोरग्यांना खूप खुशी झाली हाय.",मला नातवे आज निरीक्षकांच्या तपासणीतून गेले का? पोरग्यांना खूप खुशी झाली.,D4
"काल पोरगा शाळेमध्ये प्रवेश भेटला हाय, म्हाळे खूप आनंद झाला हाय.","काल पोरगा शाळेमध्ये प्रवेश भेटला हाय, मला खूप आनंद झाला हाय.",D4
"आज कारवड्याच्या बाजारात मोठा बाजार भरला हाय, भाजीपाला खूप स्वस्त हाय.","आज कारवड्याच्या बाजारात मोठा बाजार भरला आहे, भाजीपाला खूप स्वस्त आहे?",D4
आम्ही आज संध्याकाळी माझ्या सूनींचे दूध म्हाज्या सासरच्या घरी सुद्धा पुरवले हाय.,आम्ही आज संध्याकाळी माझ्या सूनींचे दूध म्हाज्या सासरच्या घरी सुद्धा पुरवले का हाय?,D4
"आज हाय माझ्या घरात प्रात:काळी पाण्याचा पायजे हाय, पाणी भरवण्यात म्हाजी मदत करावी हाय.","आज हाय माझ्या घरात प्रात:काळी पाण्याचा पायजे हाय, पाणी भरवण्यात म्हाजी मदत करावी हाय?",D4
"तुमाला हाय कोणत्या मोठ्या संगणकावर खूप काम करावे हाय, मले शिकण्याचा प्रयत्न करावा हाय.","तुम्हाला कोणत्या मोठ्या संगणकावर खूप काम करावे लागते, मला शिकण्याचा प्रयत्न करावा लागतो?",D4
"आम्ही माझ्या सासरच्या घरी आज संध्याकाळी जाणार आहे हाय, काय नाश्ते दिले हाय.","आम्ही माझ्या सासरच्या घरी आज संध्याकाळी जाणार आहे, काय नाश्ते दिले आहे?",D4
मले बापाला आज माझ्या नोकरांनी केलेला खूप खोटा नोकरीचा कागद दाखवला हाय.,मला बापाला आज माझ्या नोकरांनी केलेला खूप खोटा नोकरीचा कागद दाखवला आहे का?,D4
"आज हाय माझ्या ताईला कोणत्या मोठ्या कार्यालयात काम करावे हाय, त्यांना म्हाजी मदत करावी हाय.","आज हाय माझ्या ताईला कोणत्या मोठ्या कार्यालयात काम करावे हाय, त्यांना म्हाजी मदत करावी हाय?",D4
"आज हाय माझ्या बापाला कायम चारपाईत हाय, त्यांना म्हाजी काही काम करावे हाय.","आज हाय माझ्या बापाला कायम चारपाईत आहे, त्यांना म्हाजी काही काम करावे हाय?",D4
"आज हाय माझ्या काकाला कोणत्या मोठ्या स्टेशनवर बसावे हाय, त्यांना म्हाजी मदत करावी हाय.","आज माझ्या काकाला कोणत्या मोठ्या स्टेशनवर बसावे हे काय, त्यांना माझी मदत करावी हे काय?",D4
मी तुमच्या तारीखी (डेटा शेड्युल)वरून माझी नोकरी कार्यशाळा पूर्ण करणार हाय.,मी तुमच्या तारीखी (डेटा शेड्युल)वरून माझी नोकरी कार्यशाळा पूर्ण करणार आहे का?,D4
"आज माझ्या मुलाला स्काऊट्समध्ये प्रवेश मिळाला हाय, खूप आनंद झाला हाय.","आज माझ्या मुलाला स्काऊट्समध्ये प्रवेश मिळाला आहे, खूप आनंद झाला आहे?",D4
"आज गावात मोठा बाजार भरला हाय, क्रेडिट कार्ड म्हाज्या वडिलांना पोरग्याला द्यायला पायजे हाय.","आज गावात मोठा बाजार भरला आहे, क्रेडिट कार्ड माझ्या वडिलांना मुलाला द्यायला पाहिजे?",D4
"म्हाज्या मित्राने कार खरेदी केला हाय, मी सुद्धा स्कूटी खरेदी करण्या पायजे हाय.","माझ्या मित्राने कार खरेदी केली आहे, मी सुद्धा स्कूटी खरेदी करण्याचे विचार करतोय.",D4
"पोरगाला हाय कोणत्या मोठ्या शाळेत जावे हाय, त्यांना म्हाजी काही पुस्तके द्यावी हाय.","मुलाला कोणत्या मोठ्या शाळेत जावे हे हाय, त्यांना माझी काही पुस्तके द्यावी हाय.",D4
"मला हाय कोणत्या मोठ्या मोबाइल तेलची शोधून बघावे हाय, पोरगाला कायम प्रयत्न करावे हाय.","मला कोणत्या मोठ्या मोबाइल तेलची शोधून बघावे हाय, पोरगाला कायम प्रयत्न करावे हाय.",D4
"मला माझ्या कामाची माहिती देण्याचा प्रयत्न करवतत हाय, पोरग्याच्या शाळेला चांगले बायटे देण्या पायजे हाय.","मला माझ्या कामाची माहिती देण्याचा प्रयत्न करून घेतात आहे, पोरग्याच्या शाळेला चांगले बायटे देण्या पाहिजे आहे?",D4
"मला हाय कोणत्या मोठ्या फिल्ममध्ये काम करावे हाय, पोरगाला सांगते हाय.","मला कोणत्या मोठ्या फिल्ममध्ये काम करावे हाय, पोरगाला सांगते हाय.",D4
गावातल्या आंबटीचे सारे क्रडी कार्ड पायजे आहे हाय.,गावातल्या आंबटीचे सर्व क्रेडिट कार्ड पाहिजे आहेत?,D4
आजच म्हाजी काकांनी मला खूप स्वस्त किराणा देऊन दिला हाय.,आजच माझ्या काकांनी मला खूप स्वस्त किराणा देऊन दिले आहे?,D4
"मल्या शाळेमध्ये सुट्टी होती, काय पोरगा गावाला गेला आहे.","माझ्या शाळेमध्ये सुट्टी होती, काय मुलगा गावाला गेला आहे?",D4
पोरगाला प्राथमिक शाळेत नांदायला कोणती काळजी नाही हाय.,मुलाला प्राथमिक शाळेत नांदायला कोणती काळजी नाही हे?,D4
"म्हाज्या मित्राच्या संगणकामध्ये फुल वायरलेस इंटरनेट होतो हाय, मला सुद्धा संगणक सुद्धा खरेदी करण्या पायजे हाय.","माझ्या मित्राच्या संगणकामध्ये फुल वायरलेस इंटरनेट होत आहे, मला सुद्धा संगणक सुद्धा खरेदी करण्याची विचार आहे.",D4
"आज माझ्या मुलाला स्कूलमध्ये प्रवेश मिळाला हाय, आता त्याच्या बालशिक्षणाची कार्यशाळा पोरग्याला करण्या पायजे हाय.","आज माझ्या मुलाला स्कूलमध्ये प्रवेश मिळाला आहे, आता त्याच्या बालशिक्षणाची कार्यशाळा पोरग्याला करण्या पाहिजे आहे?",D4
"आज ही म्हाजी बायको हाय, कारण ती कोणाच्या कार्यालयात पोहोचली हाय.","आज ही म्हाजी बायको काय, कारण ती कोणाच्या कार्यालयात पोहोचली आहे?",D4
हे कायले की गावात फार दगडाच्या जाड पांढरे काळे पायजे हाय.,हे कायले की गावात फार दगडाच्या जाड पांढरे काळे पायजे का हाय?,D4
"आज माझे काम वेळेवर पूर्ण झाली हाय, मी म्हाले पैसे कमवीले हाय.","आज माझे काम वेळेवर पूर्ण झाले, मी मला पैसे कमविले?",D4
आज संध्याकाळी म्हाजी भावसाळ्याला पायजे जावे हाय.,आज संध्याकाळी माझ्या भावसाळ्याला पाहिजे जावे हाय?,D4
आम्ही आज हाय गावातल्या शाळेत बालकलशिक्षणाचे कार्यक्रम सादर केले हाय.,आम्ही आज हाय गावातल्या शाळेत बालकलशिक्षणाचे कार्यक्रम सादर केले आहे.,D4
"माझ्या बाबांनी म्हाले क्रेडिट कार्ड घेतले हाय, आता माझी खर्चे सोप्या हाय.","माझ्या बाबांनी मला क्रेडिट कार्ड दिला आहे, आता माझी खर्चे सोप्या आहेत?",D4
आज रात्री म्हाजी नातेवाईकांचा भेट द्यावा पायजे हाय.,आज रात्री माझ्या नातेवाईकांचा भेट द्यावा पाहिजे?,D4
"कायले माझ्या मोबाइलने स्विच ऑन होत नाही हाय, आता हाताने कार्ये करायला पोरगा मदत करतो हाय.",कशामुळे माझ्या मोबाइलने स्विच ऑन होत नाही आहे? आता हाताने कार्ये करायला मुलगा मदत करतो आहे.,D4
आज मी संध्याकाळी पायजे टीव्हीला कसोटी खेळा देखील पाहिला हाय.,आज मी संध्याकाळी टीव्हीवर कसोटी खेळा पाहिला आहे का?,D4
"आता माझ्या काकांनी म्हाले पेन्शन मिळवले हाय, आता तुमाले काय काम करायचे हाय.","आता माझ्या काकांनी मला पेन्शन मिळवला आहे, आता तुम्हाला काय काम करायचे आहे?",D4
"माझे बाबा संध्याकाळी फिरत असतात, ते मी सांगितले की ते फिरत असतात कारण त्यांना हाय पाहिजे.","माझे बाबा संध्याकाळी फिरत असतात, ते म्हणतात की ते फिरत असतात कारण त्यांना हाय पाहिजे?",D4
मी म्हाले एका दुकानातून क्रेडिट कार्ड वर चालवण्यासाठी पोरगा तुम्हाला सांगितला हाय.,मी मला एका दुकानातून क्रेडिट कार्ड वर चालवण्यासाठी पोरगा तुम्हाला सांगितला आहे?,D4
"आजचे हाय, म्हाजी काही कामे पोरगा म्हाले करवतत हाय.","आजचे आहे, माझी काही कामे मुलाला मला करून घेतात का?",D4
"मी म्हाले सांगतो, पोरगा तुमाले या शाळेत मोठ्या मोठ्या प्राध्यापकांचे पायजे हाय.","मी म्हाले सांगतो, पोरगा तुम्हाला या शाळेत मोठ्या मोठ्या प्राध्यापकांचे पायजे हाय?",D4
"माझ्या कायज्या माथून, म्हाजी मोठ्या मोठ्या शाळेने पोरगा म्हाले प्रवेश भेटला हाय.","माझ्या कायज्या माथून, म्हाजी मोठ्या मोठ्या शाळेने पोरगा म्हाले प्रवेश भेटला हाय?",D4
"आज घरी साप्ताहिक धो-फुल केली हाय, सर्व कामे चांगले हाय.","आज घरी साप्ताहिक धो-फुल केला आहे, सर्व कामे चांगले आहेत?",D4
"माझ्या मित्राने UPI व्हर्चुअल डेबिट कार्डमधून पैसे काढले हाय, खूप स्वस्त हाय.",माझ्या मित्राने UPI व्हर्चुअल डेबिट कार्डमधून पैसे काढले आहेत का? खूप स्वस्त आहे.,D4
"माझ्या भावाने भाडपट्ट्यावर कार घेतली हाय, पोराला घालत आहेत हाय.","माझ्या भावाने भाडपट्ट्यावर कार घेतली आहे, मुलाला घालत आहेत हे?",D4
"कायमचा खोटा पोरगा असणार नाही हाय, कायमची शिक्षा हाय.","कायमचा खोटा पोरगा असणार नाही हाय, कायमची शिक्षा हाय.",D4
"आम्ही कायम संध्याकाळी गावात निघतो हाय, आमचे मुलगा त्यांना चित्रे बनवतात हाय.","आम्ही कायम संध्याकाळी गावात निघतो, आमचे मुलगा त्यांना चित्रे बनवतात का हाय?",D4
आजचे म्हाजी पोरगा म्हाले एका दुकानातून पैसे काढण्यासाठी काय केले हाय.,आजचे माझी मुलाला मला एका दुकानातून पैसे काढण्यासाठी काय केले होते?,D4
"आज माझ्या आईले कार्यालयात जायचे हाय, पोरगाला काढून घेतला हाय.",आज माझ्या आईला कार्यालयात जायचे आहे का? पोरगाला काढून घेतला आहे.,D4
"आज माझे नातेवाईकांनी पार्टी दिली हाय, खूप मस्त वेळ म्हाले.","आज माझे नातेवाईकांनी पार्टी दिली आहे, खूप मस्त वेळ माझा आहे.",D4
"माझी बहीण एका शाळेला प्रवेश भेटला हाय, खूप आनंद झाला हाय.",माझी बहीण एका शाळेला प्रवेश मिळाला आहे का? खूप आनंद झाला आहे.,D4
"माझ्या भावाने क्रेडिट कार्डमधून पैसे डबल केले हाय, पोराला पैसे दिले हाय.","माझ्या भावाने क्रेडिट कार्डमधून पैसे डबल केले आहेत, मुलाला पैसे दिले आहेत?",D4
"माझ्या काकांना वीजेची व्यवस्था करवतत हाय, पाहिजे की वीजेचे बिल वेळेत भरते हाय.","माझ्या काकांना वीजेची व्यवस्था करून घेतात, पाहिजे की वेळेत वीजेचे बिल भरते?",D4
म्हाजी दुचाकी ब्रेक हाय. हाय दुकानाला जातांना.,माझी दुचाकी ब्रेक आहे का? दुकानाला जातांना.,D4
"माझ्या काकांची पोरगा आज शाळेमध्ये झाला हाय, खूप खुश झाले हाय.","माझ्या काकांचा मुलगा आज शाळेमध्ये झाला आहे, खूप खुश झाले आहे?",D4
माझ्या काकांना येत्या शनिवारी प्रियदर्शनी देवस्थानाची पूजा करण्याची पायजे हाय.,माझ्या काकांना येत्या शनिवारी प्रियदर्शनी देवस्थानाची पूजा करण्याची पाहिजे का?,D4
"तुम्ही आज कुठे जाणार आहेत हाय, मी तुम्हाला कुठे दाखवतो हाय.","तुम्ही आज कुठे जाणार आहेत हाय, मी तुम्हाला कुठे दाखवतो हाय.",D4
माझ्या कामसोयरेले क्रेडिट कार्डमधून पैसे काढून घेतले हाय.,माझ्या कामसोयरेले क्रेडिट कार्डमधून पैसे काढून घेतले आहेत का?,D4
"आज माझ्या भावाला क्रेडिट कार्ड भेटला हाय, खूप आनंद झाला हाय.","आज माझ्या भावाला क्रेडिट कार्ड मिळाला आहे, खूप आनंद झाला आहे?",D4
"आज माझ्या मुलाचा जन्मसप्ताह होत हाय, पायजे त्याला काळे फुलांचा गाव भेटवू द्याय.","आज माझ्या मुलाचा जन्मसप्ताह आहे, पाहिजे त्याला काळे फुलांचा गाव भेटवू द्याय?",D4
"माझ्या घरात कोणतीच व्हायरस संक्रमण नाही हाय, कारण पूर्वी हाय मला व्हायरससाठी व्हॅक्सीन घेतली हाय.","माझ्या घरात कोणतीच व्हायरस संक्रमण नाही आहे, कारण पूर्वी मला व्हायरससाठी व्हॅक्सीन घेतली आहे, हे निश्चित आहे.",D4
आज दिवसा माझ्या कामसोबती येत असलेला मुलगा मला प्रॉपर्टी खरेदी करायला प्रोत्साहित करतो हाय.,आज दिवसा माझ्या कामसोबती येत असलेला मुलगा मला प्रॉपर्टी खरेदी करायला प्रोत्साहित करत आहे?,D4
माझ्या मुलाला क्रेडिट कार्ड सेव्हिस वरून १०००/- रुपये क्रेडिट कार्ड ची सेव्हिस मिळाली हाय.,माझ्या मुलाला क्रेडिट कार्ड सेव्हिस वरून १०००/- रुपये क्रेडिट कार्ड ची सेव्हिस मिळाली आहे?,D4
"कायले आज माझ्या घरात आहे हाय, मल्याला दूध द्यायला पाहिजे हाय.","कायले आज माझ्या घरात आहे हाय, मल्याला दूध द्यायला पाहिजे हाय?",D4
"मला कॉलेजमध्ये प्रवेश भेटला हाय, हाय माथून सारा काम सोपा हाय.","माझे कॉलेजमध्ये प्रवेश मिळाले आहे, आता माझ्यावर सारे काम सोपे आहेत?",D4
"मला भेटली मुली सुट्टी घेतली आहे, म्हाजी काय स्वभावाने हाय.","माझ्या मुलीला सुट्टी घेतली आहे, म्हणजे ती काय स्वभावाने आहे?",D4
"आज माझे काका बाजार जातात हाय, खूप स्वस्त भाजीपाला मिळतो हाय.","आज माझे काका बाजार जातात का हाय, खूप स्वस्त भाजीपाला मिळतो हाय.",D4
मल्या चुली वर कोणती कार्ये पाहत असताना मल्या सूनकडून फोन आला हाय.,माझ्या चुली वर कोणती कार्ये पाहत असताना माझ्याकडून फोन आला आहे?,D4
"मला बाबा जावतात दुकानी पाहिजे हाय, तुमाले हाय कायले हाय.","माझ्या बाबा जावतात दुकानी पाहिजे का हाय, तुम्हाला कशामुळे पाहिजे हाय?",D4
"मला सुट्टी घेतली आहे, म्हाजी काय करवतत हाय.","माझ्या सुट्टी घेतली आहे, म्हणजे काय करून घेतात?",D4
"आज माझे कामसोयरे कार्यालयातून निघाले हाय, पैसे काढून घेतले हाय.","आज माझे कामसोयरे कार्यालयातून निघाले आहेत का?, पैसे काढून घेतले आहेत.",D4
"आज तुमाले दुकानात जावे हाय, माझ्या किताबी खरेदी कराव्यात हाय.","आज तुम्हाला दुकानात जावे आहे, माझ्या किताबी खरेदी कराव्यात आहे?",D4
"मला खूप काळजी आहे की आजच्या परीक्षेत मला काय प्राप्त झाला हाय, तुम्ही माझ्या मनात आशा दिली हाय.","मला खूप काळजी आहे की आजच्या परीक्षेत मला काय प्राप्त झाला आहे, तुम्ही माझ्या मनात आशा दिली आहे?",D4
"आज आम्ही माझ्या काकांच्या घरी जेवण खात आहोत हाय, खूप प्रेमीन होतो हाय.",आज आम्ही माझ्या काकांच्या घरी जेवण खात आहोत का? खूप प्रेमीन होतो हाय.,D4
"मी गावाला तुमाले येवून कायमचा बोलले हाय, बाजारात खूप गाजले हाय.","मी गावाला तुम्हाला येवून कायमचा बोलला आहेस, बाजारात खूप गाजलास आहेस.",D4
"माझ्या मुलाला सुट्टी मिळाली हाय, संध्याकाळी खूप खेळणार हाय.","माझ्या मुलाला सुट्टी मिळाली आहे, संध्याकाळी खूप खेळणार आहे?",D4
"मले संध्याकाळी शाळेत गेले हाय, प्राध्यापकाने कायमचे प्रोत्साहन दिलं हाय.","माझे संध्याकाळी शाळेत गेले होते, प्राध्यापकाने कायमचे प्रोत्साहन दिलं होतं.",D4
"आम्ही बाळाला शाळेला सांगितले आहे, त्याला कायमचा बोलले हाय!","आम्ही बाळाला शाळेला सांगितले आहे, त्याला कायमचा बोलले आहे?",D4
"तुमाले माझ्या कामावर विश्वास करतात हाय, पायजे कायमचा तुम्हाला बोलले हाय!","तुम्हाला माझ्या कामावर विश्वास करतात का हाय, पाहिजे कायमचा तुम्हाला बोलले हाय!",D4
"आज म्हाले तुम्हाला काय घेता हाय, मी काही म्हणत नाही हाय.","आज मुलाला काय घ्यायला आहे ते कळले नाही म्हणून मी काही म्हणत नाही, हे कळले नाही.",D4
"मला आज कशाचा पायजा आहे हाय, मी पण काहीच काम नाही हाय.","मला आज कशाचा पायजा आहे हाय, मी पण काहीच काम नाही हाय?",D4
"पोरगा माझ्या भावाच्या कॉलेजला जातो हाय, काय काय म्हणतो ते ऐकत नाही!","मुलगा माझ्या भावाच्या कॉलेजला जात आहे, काय काय म्हणतो ते ऐकत नाही?!",D4
आज सकाळी माझ्या म्हाले म्हाजी कॉफी पाजली हाय.,आज सकाळी मला माझ्या म्हाला कॉफी पाजली आहे?,D4
"हाय तुम्हाला क्रेडिट कार्डमध्ये रुपये टाकावे हाय, मला काही वेळा लागते हाय.","हाय तुम्हाला क्रेडिट कार्डमध्ये रुपये टाकावे हाय, मला काही वेळा लागते हाय.",D4
माझ्या पोराल्या कॉलेजात बायोमेट्रिक कार्ड काढायला हाय.,माझ्या पोराल्याला कॉलेजात बायोमेट्रिक कार्ड काढायला आहे?,D4
"आज माझ्या दुकानात माझ्या मित्राला प्रादुर्भावाने स्वागत केलं हाय, खूप आनंद झाला हाय.","आज माझ्या दुकानात माझ्या मित्राला प्रादुर्भावाने स्वागत केलं आहे, खूप आनंद झाला आहे?",D4
माझ्या बाईला कोणत्याही संशयाने कामावर येत नाही हाय.,माझ्या बाईला कोणत्याही संशयाने कामावर येत नाही का?,D4
माझ्या पोराल्याला डॉक्टराने कायम जास्त व्हिटामिन देतात हाय.,माझ्या पोराल्याला डॉक्टराने कायम जास्त व्हिटामिन देतात का?,D4
म्हाजी मावशी म्हणतात म्हाले तुम्हाले या संगणकावर बँकिंग खाते पाहिजे हाय.,म्हाजी मावशी म्हणतात म्हाले तुम्हाले या संगणकावर बँकिंग खाते पाहिजे का?,D4
"कायले आम्ही घरात काहीही शेतात नाही हाय, आम्ही तिथे तुमाले कोणत्याही प्रकारचा साहित्य पोरगाला द्यायची गरज नाही हाय.","कशामुळे आम्ही घरात काहीही शेतात नाही आहे, आम्ही तिथे तुम्हाला कोणत्याही प्रकारचा साहित्य मुलाला द्यायची गरज नाही हे?",D4
"मले कोणत्याही प्रकारची प्रॉपर्टी आहे हाय, मले एका वर्षानंतर तुमाले कोणताही प्रकारचा करभार नाही हाय.","मला कोणत्याही प्रकारची प्रॉपर्टी आहे, मला एका वर्षानंतर तुम्हाला कोणताही प्रकारचा करभार नाही हे?",D4
माझ्या पोराल्याला शिक्षकाने कायम जास्त काम देतात हाय.,माझ्या मुलाला शिक्षकाने कायम जास्त काम देतात का हाय?,D4
"पोरगा मल्याला माझ्या गावात सांगितले आहे, त्याला बागचे कायमचा बोलले हाय!","मुलाला मल्याला माझ्या गावात सांगितले आहे, त्याला बागचे कायमचा बोलले आहे?",D4
"आम्ही माथून किराणा विक्रेत्याचा दुकान खाली जायचे हाय, म्हाजी दिवशी फक्त एकच दुकान बंद होते हाय.","आम्ही माथून किराणा विक्रेत्याचा दुकान खाली जायचे हाय, म्हाजी दिवशी फक्त एकच दुकान बंद होते हाय?",D4
"आम्ही संध्याकाळी गावातील हाय मित्रांशी भेट खाली घेतली हाय, आम्ही हाय एका वर्षानंतर तुमाले हाय गावातील हाय मित्रांशी भेट खाली घेतली हाय.","आम्ही संध्याकाळी गावातील हाय मित्रांशी भेट खाली घेतली हाय, आम्ही हाय एका वर्षानंतर तुम्हाला हाय गावातील हाय मित्रांशी भेट खाली घेतली हाय.",D4
आज सकाळी मला काळी चाय म्हाजी स्वादिष्ट हाय.,आज सकाळी मला काळी चाय माझी स्वादिष्ट आहे?,D4
"आम्ही ब्रिजवरून गावात जायचे हाय, आम्ही म्हाले तिथे एका सुंदर गार्डन तो पायजे हाय.","आम्ही ब्रिजवरून गावात जायचे आहे, आम्ही मला तिथे एका सुंदर गार्डन तो पाहिजे?",D4
मले पोरगा स्कूलमधून संध्याकाळी घरी येतो हाय.,मुलाला स्कूलमधून संध्याकाळी घरी येतो का?,D4
आमच्या बाजारामध्ये आज सकाळी मोठा बाजार भरला हाय.,आमच्या बाजारामध्ये आज सकाळी मोठा बाजार भरला आहे?,D4
"आम्ही तुमाले दुकानातील हाय स्वस्त पदार्थांचा पुरवठा करायची हाय, आम्ही हाय तुमाले पोरगाला तिथे जायचे हाय.","आम्ही तुम्हाला दुकानातील स्वस्त पदार्थांचा पुरवठा करायची आहे, आम्ही तुम्हाला मुलाला तिथे जायचे का?",D4
"आम्ही हाय गावातील हाय मित्रांशी संवाद करायचे हाय, आम्ही ते पोरगाला पोरगाला कोणत्याही प्रकारची संस्कृत सांगतो हाय.","आम्ही गावातील मित्रांशी संवाद करायचे आहे, आम्ही मुलाला कोणत्याही प्रकारची संस्कृत सांगतो, का होईपर्यंत?",D4
आमचे काका आज सकाळी स्वस्त बायसायकल विकत घेतात हाय.,आमचे काका आज सकाळी स्वस्त बायसायकल विकत घेतात का?,D4
"आज सकाळी बँकेतील क्लर्कला हाय, ते माझ्या खात्यातून दोन लाख रूपये काढले हाय.","आज सकाळी बँकेतील क्लर्कला काय, ते माझ्या खात्यातून दोन लाख रुपये काढले आहे.",D4
"आज सायंकाळी गावात मोठा बाजार भरला हाय, भाजीपाला खूप स्वस्त हाय.","आज सायंकाळी गावात मोठा बाजार भरला आहे, भाजीपाला खूप स्वस्त आहे?",D4
तुमाले संध्याकाळी पार्कमध्ये वेळ घालवायला पोरगाला घेऊन जाऊं.,तुम्हाला संध्याकाळी पार्कमध्ये वेळ घालवायला मुलाला घेऊन जाऊं?,D4
"आज माझी मैत्रिणी माझ्या गावात आली हाय, काय केले हाय ते सांगायला पायजे.","आज माझी मैत्रिणी माझ्या गावात आली आहे, काय केले आहे ते सांगायला पाहिजे?",D4
"आज सकाळी घरी पाणी पिण्यासाठी स्टँडपोमधून पाणी घ्यायला गेले हाय, सारख्या पाणी हाय.","आज सकाळी घरी पाणी पिण्यासाठी स्टँडपोमधून पाणी घ्यायला गेले हाय, पाणी खूप होते का?",D4
"मले कॉलेजातील मित्राने प्रोजेक्ट केल्याची नोंद केली हाय, माझ्या कामाला मदत करायला बाहेरून कोणी आला हाय.","माझ्या कॉलेजातील मित्राने प्रोजेक्ट केल्याची नोंद केली आहे, पण माझ्या कामाला मदत करायला बाहेरून कोणी आला आहे?",D4
"हाय, मले क्रेडिट कार्ड वापरून शॉपिंग केली हाय.","हाय, मला क्रेडिट कार्ड वापरून शॉपिंग केली आहे?",D4
"मले बाजारात जावे हाय, क्रेडिट कार्ड सोबत म्हाजी पायजे हाय.","मला बाजारात जावे आहे, क्रेडिट कार्ड सोबत माझी पाहिजे आहे?",D4
"मुलगा शाळेमध्ये स्पर्धा भरली हाय, प्राध्यापकांनी त्याला पुरस्कार दिला हाय.","मुलगा शाळेमध्ये स्पर्धा केली आहे, प्राध्यापकांनी त्याला पुरस्कार दिला आहे.",D4
"आज घरी काही स्वादिष्ट पदार्थ भजले हाय, म्हाजी पोरगा खूप आनंदित झाले हाय.","आज घरी काही स्वादिष्ट पदार्थ भजले आहे, माझा मुला खूप आनंदित झाला आहे?",D4
"तुमाले दुकानातून खूप सारे फ्रूट केले हाय, भाग्यश्री झाली हाय.",तुम्हाला दुकानातून खूप सारे फ्रूट केले आहे का? भाग्यश्री झाली आहे.,D4
"माथून तुम्ही पायजे सगळ्यांनी येणे पाहिजे हाय, कायले मी स्वतः आले पाहिजे.","माथून तुम्ही पायजे सगळ्यांनी येणे पाहिजे हाय, कायले मी स्वतः आले पाहिजे हे कशाला?",D4
"मले घरी काही काम करावे हाय, म्हाजी पायजे जास्ती हाय.",मला घरी काही काम करावे आहे का? माझी पाहिजे जास्ती आहे.,D4
"मले मोठमोठ्या स्टोर्समध्ये जावे हाय, म्हाले कोणते कारणे हाय.","मले मोठमोठ्या स्टोर्समध्ये जावे हाय, मले कोणते कारणे हाय.",D4
"मला पायजे नोकरी करून घेण्यास हाय, कारण मला नोकरी खूप आवडते हाय.","मला पाहिजे नोकरी करून घेण्यास हाय, कारण मला नोकरी खूप आवडते हाय.",D4
"मला पायजे या विषयाचे पेपर दिले जाऊ द्या हाय, कारण मला पेपर करण्यास खूप प्रयत्ने हाय.","मला पाहिजे या विषयाचे पेपर दिले जाऊ द्या हाय, कारण मला पेपर करण्यास खूप प्रयत्ने हाय.",D4
"आज संध्याकाळी मला ट्रेनने जाणे हाय, म्हाजी पायजे काय हाय.","आज संध्याकाळी मला ट्रेनने जाणे हाय, म्हाजी पायजे काय हाय?",D4
"आज म्हाज्या बाबांनी माझ्या घरात क्रेडिट कार्ड भेटला हाय, मला खूप आनंद झाला हाय.",आज माझ्या बाबांनी माझ्या घरात क्रेडिट कार्ड मिळाला आहे का? मला खूप आनंद झाला आहे.,D4
"आज माझ्या शाळेत एका मुलाला प्रतिष्ठान प्राध्यापक बनले हाय, खूप आनंद झाला हाय.","आज माझ्या शाळेत एका मुलाला प्रतिष्ठान प्राध्यापक बनला आहे, खूप आनंद झाला आहे?",D4
"मले घरी काही काम करावे हाय, म्हाजी पोरगा सांगतात हाय.","मला घरी काही काम करावे आहे, म्हातार्‍या मुला सांगतात आहे.",D4
"मला तुम्ही त्याच्या कार्यक्रमात जायला हाय, कारण तो कार्यक्रम खूप रोचक हाय.","मला तुम्ही त्याच्या कार्यक्रमात जायला हवे, कारण तो कार्यक्रम खूप रोचक आहे.",D4
"आज माझ्या काकांनी मला कायमस्वरूपी कुक्कडा दिला हाय, मला खूप खुश झाला हाय.","आज माझ्या काकांनी मला कायमस्वरूपी कुक्कडा मिळाला आहे, मला खूप खुश झाला आहे?",D4
"मले पोरग्यांना सांगितले हाय, शाळेतील काही दिवसांनी पालखी भरते हाय.","मुलाला सांगितले आहे, शाळेतील काही दिवसांनी पालखी भरते आहे का?",D4
"म्हाजी नवरा स्वतःच काम करण्यास पायजे हाय, मला सांगतो हाय.","माझा पति स्वतःच काम करण्यास पाहिजे, मला सांगतो हे.",D4
"म्हाजी मुलाले तुम्हाले स्वतःच काम करण्यास पायजे हाय, मला काय प्रोत्साहन देतो हाय.","माझा मुलगा तुम्हाला स्वतःच काम करण्यास पाहिजे, मला काय प्रोत्साहन देतो हे?",D4
"आज माझ्या मित्राने माझ्या कारमध्ये चालवली हाय, म्हाले खूप आनंद झाला हाय.","आज माझ्या मित्राने माझ्या कारमध्ये चालवली आहे, मला खूप आनंद झाला आहे?",D4
"आज माझ्या वडिलांनी माझ्या कारचे सर्व काम करवतत, म्हाले खूप स्वस्त झाला हाय.","आज माझ्या वडिलांनी माझ्या कारचे सर्व काम करून घेतात, मला खूप स्वस्त झाला आहे?",D4
"आज माझ्या सासूने माझ्या कामात मदत केली हाय, म्हाले खूप पायजे हाय.","आज माझ्या सासूने माझ्या कामात मदत केली आहे, मला खूप पाहिजे आहे?",D4
"म्हाले बाबा म्हाजी मित्राला भेटले हाय, कार्यक्रमात गाणे गायले हाय!","माझा बाबा माझ्या मित्राला भेटला आहे, कार्यक्रमात गाणे गायले आहे?!",D4
"नमस्कार, आज माझी मैत्रीणी माझ्या घरी भेटली हाय, ती खूप आनंद झाला हाय.","नमस्कार, आज माझी मैत्रीणी माझ्या घरी भेटली होती का? ती खूप आनंद झाला होता.",D4
"म्हाजी बहिणीने मला माझ्या कामाच्या नोकरीचे पत्र दिले हाय, खूप आनंद झाला हाय.","म्हाजी बहिणीने मला माझ्या कामाच्या नोकरीचे पत्र दिले आहे, खूप आनंद झाला आहे?",D4
"आज नाश्ता तुमाले करवतत हाय, शाकाहारी व्यंजन म्हाजी पायजे आहेत.","आज नाश्ता तुम्हाला करून घेतात आहे, शाकाहारी व्यंजन माझ्या पाहिजे आहेत?",D4
म्हाले बाजार गेल्यावर मुलाला क्रेडिट कार्ड बदलावे हाय.,म्हाले बाजार गेल्यावर मुलाला क्रेडिट कार्ड बदलावे लागते का?,D4
तुमाले कधी क्रेडिट कार्डचे व्याज देय असते. कायले तुम्हाला करावे लागते हाय.,"तुमाले कधी क्रेडिट कार्डचे व्याज देय असते, कशाला तुम्हाला करावे लागते हाय?",D4
"म्हाजी काकांनी मला माझ्या कामाच्या पूर्णतेचे प्रशस्तपत्र दिले हाय, खूप आनंद झाला हाय.","म्हाजी काकांनी मला माझ्या कामाच्या पूर्णतेचे प्रशस्तपत्र दिले आहे, खूप आनंद झाला आहे?",D4
आज सकाळी माझे वाहन साफ करणे पायजे; मला हे काम माझ्या मैत्रिणी करवतत.,आज सकाळी माझे वाहन साफ करणे पाहिजे; मला हे काम माझ्या मैत्रिणीने करून घेतात.,D4
"आजच्या वरती माझ्या देवांनी माझ्या कामाच्या वेतनात वाढ केली हाय, खूप आनंद झाला हाय.","आजच्या वरती माझ्या देवांनी माझ्या कामाच्या वेतनात वाढ केली आहे, खूप आनंद झाला आहे?",D4
"आज सकाळी माझे वाहन चालवणे माथून कठीण हाय, शेड्यूलवर पुढे पुसून घ्या हाय.","आज सकाळी माझे वाहन चालवणे माथून कठीण आहे, शेड्यूलवर पुढे पुसून घ्या आहे?",D4
आमच्या घरी आज रात्रीचे भोजन निमित्त मित्रांनी आमच्या ताठ्या आमच्या घरी येण्याचे शिक्का म्हाळे हाय.,आमच्या घरी आज रात्रीचे भोजन निमित्त मित्रांनी आमच्या ताठ्यांना आमच्या घरी येण्याचे शिक्का म्हाळे का?,D4
"आज गावात नातेवाईकांच्या भेटीला गेले हाय, काय भेटले ते पाहावे लागले हाय.","आज गावात नातेवाईकांच्या भेटीला गेले, काय भेटले ते पाहावे लागले?",D4
"मला पूर्णा गावात माझे काका सोडून गेले हाय, दुःखून जाताना हाय.","मला पूर्णा गावात माझे काका सोडून गेले होते का?, दुःखून जाताना हाय.",D4
"आम्ही गावातील सांगत्या म्हातार्‍यांच्या भेटीला गेले हाय, त्यांनी आमच्या कामात मदत केली हाय.","आम्ही गावातील सांगत्या म्हातार्‍यांच्या भेटीला गेले, त्यांनी आमच्या कामात मदत केली हे कळले.",D4
"आमच्या काकांनी आम्हाला नातेवाईकांच्या भेटीला जाण्याचे शिक्के म्हाळे हाय, आम्ही ते कार्यक्रम साजरा करतो हाय.",आमच्या काकांनी आम्हाला नातेवाईकांच्या भेटीला जाण्याचे शिक्के म्हाळे आहे का? आम्ही ते कार्यक्रम साजरा करतो हाय.,D4
"मल्या सासर्या तुमाले येत्या शनिवारी हॉस्पिटलमध्ये जावे लागेल हाय, मल्या पोरग्या किती धक्का बसेल हाय.","मल्या सासर्याला तुम्हाला येत्या शनिवारी हॉस्पिटलमध्ये जावे लागेल आहे, मल्या मुलाला किती धक्का बसेल आहे?",D4
"आमच्या गावात आज पायजे पाण्याचा विविध स्रोत स्थापन करावे लागेल हाय, आम्ही लोकांना पाण्याचे साधन मिळेल हाय.","आमच्या गावात आज पाहिजे पाण्याचा विविध स्रोत स्थापन करावे लागेल आहे, आम्ही लोकांना पाण्याचे साधन मिळेल का हा?",D4
"आम्ही पूर्णा गावात माझ्या काकांची भेटी घेतली हाय, ह्या भेटीला आमच्या काकांना खूप आनंद झाला हाय.","आम्ही पूर्णा गावात माझ्या काकांची भेटी घेतली, ह्या भेटीला आमच्या काकांना खूप आनंद झाला होता.",D4
"मल्या मोठ्याच्या कार्यक्रमाला जावे हाय, मला खूप आनंद हाय.","मुलगाच्या कार्यक्रमाला जावे हाय, मला खूप आनंद हाय.",D4
"मल्या कायमचे सोनेरी स्टोळी पाहिले हाय, मला खूप आवडले.",मुलाने कायमचे सोनेरी स्टोळी पाहिले आहेत का? मला खूप आवडले.,D4
"मल्या बाबांना खूप जोरात फोन आला हाय, मला खूप धक्का हाय.","मुलाच्या बाबांना खूप जोरात फोन आला आहे, मला खूप धक्का आहे?",D4
तुमाले कारच्या पायजे कोणी दिले हाय.,तुम्हाला कारची गरज कोणी दिली आहे?,D4
आज सकाळी मले कॉलेजमध्ये माथून जायला हाय.,आज सकाळी मला कॉलेजमधून जायला आहे?,D4
मले पोरगा संध्याकाळी पायजे शाळेत घ्यायला हाय.,मुलाला संध्याकाळी शाळेत जायला पाहिजे का?,D4
"आमच्या सर्व वडिलांना आज बँकमध्ये केव्ही-सी व्यवस्थापन केले जातात हाय, त्यांना किती प्रकारचे प्रश्न पडतात हाय.","आमच्या सर्व वडिलांना आज बँकमध्ये केव्ही-सी व्यवस्थापन केले जातात हे, त्यांना किती प्रकारचे प्रश्न पडतात हे.",D4
"मल्या दादांनी मल्या पोरग्या क्रेडिट कार्डद्वारे स्वतःचे बँक खाते व्यवस्थापित करावे लागेल हाय, ते खूप आनंद झाले हाय.","मल्या दादांनी मल्या मुलाला क्रेडिट कार्डद्वारे स्वतःचे बँक खाते व्यवस्थापित करावे लागेल आहे, ते खूप आनंद झाले आहे का?",D4
पोरगा शाळेत प्रत्येक दिवशी सकाळी उगवतो हाय.,पोरगा शाळेत प्रत्येक दिवशी सकाळी उठतो का?,D4
"आज माझ्या नातेवाईकांना भेटायला गेलो हाय, त्यांनी खूप मस्त भोजन दिलं हाय.","आज माझ्या नातेवाईकांना भेटायला गेलो आहे, त्यांनी खूप मस्त भोजन दिलं आहे?",D4
"आज सकाळी मला माझ्या नातव्यांचे फोन आले हाय, म्हाजी खूप आनंद झाला हाय.","आज सकाळी मला माझ्या नातव्यांचा फोन आला आहे, म्हणून माझ्या खूप आनंद झाला.",D4
"माझ्या नातेवाईकांनी सांगितलं हाय की मुलगा बोलत नाही हाय, तुम्हाला बोलत नाही हाय.","माझ्या नातेवाईकांनी सांगितलं आहे की मुलगा बोलत नाही आहे, तुम्हालाही बोलत नाही आहे?",D4
"आज माझ्या मित्राने मला क्रेडिट कार्ड दिला हाय, म्हाजी खूप आभारी आहे हाय.","आज माझ्या मित्राने मला क्रेडिट कार्ड दिला आहे, म्हणून माझ्या खूप आभारी आहे.",D4
तुम्हाला कायले की आज रात्री टीव्हीवर खूप चित्रपट दाखवतात हाय.,तुम्हाला कायले की आज रात्री टीव्हीवर खूप चित्रपट दाखवतात का?,D4
"मले बँकमध्ये रोखा नोकराला भेटला हाय, क्रेडिट कार्ड विकत घेईन हाय.","माझ्या बँकमध्ये रोखा नोकराला भेटला आहे, क्रेडिट कार्ड विकत घेणार आहे?",D4
आज माझ्या नातेवाईकांनी सांगितलं हाय की मला कधी खूप मोठा परत लागेल हाय.,आज माझ्या नातेवाईकांनी सांगितलं आहे की मला कधी खूप मोठा परत लागेल आहे?,D4
आज माझ्या नातेवाईकांना भेटायला गेल्यावर खूप आनंद झाला हाय.,आज माझ्या नातेवाईकांना भेटायला गेल्यावर खूप आनंद झाला का हाय?,D4
आज माझ्या आईने माझ्या भावाला क्रेडिट कार्ड दिला हाय.,आज माझ्या आईने माझ्या भावाला क्रेडिट कार्ड दिला आहे?,D4
माझ्या भावाने आपल्या मित्राला माझ्या आईचा हातभर कापणी करली हाय.,माझ्या भावाने आपल्या मित्राला माझ्या आईचा हातभर कापणी केली आहे का?,D4
"आमच्या घरीच खूप पुस्तकांची सांभाळ करवतत हाय, पुरेशा पुस्तके नसतील तर शाळेत पुस्तके पाहिजे हाय.","आमच्या घरीच खूप पुस्तकांची सांभाळ करून घेतात आहे, पुरेशा पुस्तके नसतील तर शाळेत पुस्तके पाहिजेत आहेत हे?",D4
"आमच्या घरीच क्रेडिट कार्ड चे कॅशबॅक मिळाला हाय, स्वस्त शॉपिंग हाय.","आमच्या घरीच क्रेडिट कार्ड चे कॅशबॅक मिळाला आहे, स्वस्त शॉपिंग आहे?",D4
"म्हाले माझी जावेसे गावा जावे हाय, तुम्हाला कार्यशाळे सुरु होणार हाय.","म्हाले माझी जावेसे गावा जावे हाय, तुम्हाला कार्यशाळे सुरु होणार हाय?",D4
"म्हाजी काका मलाला खूप पैसे दिले हाय, तुम्हाला ते पैसे साठवणे पाहिजे हाय.","माझी काका मलाला खूप पैसे दिले आहेत, तुम्हाला ते पैसे साठवणे पाहिजे आहे?",D4
"आज संध्याकाळी माझ्या मुलाला संगीत शाळेत जावे लागले हाय, तो खूप आनंदाने गेला हाय",आज संध्याकाळी मुलाला संगीत शाळेत जावे लागले आहे का? तो खूप आनंदाने गेला आहे,D4
माझ्या भावाला पाहिजे कायले मला पावबाजी खाणे.,माझ्या भावाला कायले मला पावबाजी खाणे पाहिजे.,D4
"माझ्या बाबाला कार निर्माण केला हाय, ते खूप आनंदाने झाला हाय","माझ्या बाबाला कार निर्माण केली आहे, ते खूप आनंदाने झाला आहे?",D4
"म्हाजी आईने मलाला फ्रिजमधले आंबले काढले हाय, हाय खूप स्वादिष्ट हाय.","माझी आईने मलाला फ्रिजमधले आंबले काढले आहे, आहे खूप स्वादिष्ट आहे?",D4
"म्हाजी काका मलाला टीव्हीमधे शोचा प्रोग्राम दाखवले हाय, हाय मी खूप आनंद झाला हाय.","माझी काका मलाला टीव्हीमधे शोचा प्रोग्राम दाखवला आहे, आहे मी खूप आनंद झाला आहे?",D4
"माझे काम सुटी आली हाय, मी आडवी सुटी घेऊन घरी जाणार हाय","माझे काम सुटी आली आहे, मी आडवी सुटी घेऊन घरी जाणार आहे?",D4
"आज माझ्या मित्राला स्वास्थ्य शाळेत जाण्यासाठी व्हॅक्सिन काढावे लागले हाय, ते खूप आनंदाने झाले हाय","आज माझ्या मित्राला स्वास्थ्य शाळेत जाण्यासाठी व्हॅक्सिन काढावे लागले आहे, ते खूप आनंदाने झाले आहे?",D4
"पोराले माझी क्रेडिट कार्ड चालू करावी लागली हाय, ती खूप आनंदाने झाली हाय","मुलाला माझी क्रेडिट कार्ड चालू करावी लागली आहे, ती खूप आनंदाने झाली आहे?",D4
"आधी माझे म्हाले कायम पुस्तक नसते हाय, तुम्हाला कायम वाचनात आहेत हाय.","आधी माझे म्हाले कायम पुस्तक नसते हाय, तुम्हाला कायम वाचनात आहेत हाय?",D4
"आज माझ्या मित्राला बँकेत जावे लागले हाय, त्याला खूप काम हाय","आज माझ्या मित्राला बँकेत जावे लागले आहे, त्याला खूप काम आहे?",D4
"म्हाजी काकू माझ्यासाठी काही दाणे आणण्यासाठी माथून येतात हाय, मले खूप तृप्ती हाय.","म्हाजी काकू माझ्यासाठी काही दाणे आणण्यासाठी माथून येतात हाय, मला खूप तृप्ती आहे हाय.",D4
"आज माझ्या भावाच्या मित्राला लग्न झाले हाय, तुम्हाला कायम आनंद हाय.","आज माझ्या भावाच्या मित्राला लग्न झाले आहे, तुम्हाला कायम आनंद आहे?",D4
"आज रात्री माझे मित्रांना भेटले हाय, मले कायम खूप आनंद हाय.","आज रात्री माझे मित्रांना भेटले आहे, मला कायम खूप आनंद आहे?",D4
"आज माझ्या मित्राला पुरेशा पैसे नसल्याने खूप कायले हाय, त्याला त्याची चिंता हाय",आज माझ्या मित्राला पुरेशा पैसे नसल्याने खूप कायले आहे का? त्याला त्याची चिंता आहे,D4
आज मी संगणकावर तुम्हाले बँक खाते चालू करण्याचा प्रक्रिया सुरू केली हाय.,आज मी संगणकावर तुम्हाला बँक खाते चालू करण्याचा प्रक्रिया सुरू केली आहे का?,D4
"म्हाजी आई माझ्यासाठी काही भाजी घेऊन आल्या हाय, मले खूप स्वस्त हाय.",म्हाजी आई माझ्यासाठी काही भाजी घेऊन आल्या आहेत का? मला खूप स्वस्त आहे.,D4
"कायले आपल्या गावात मोठा सण येत आहे, तुम्हाले खूप आनंदाने साजरा केला पाहिजे हाय.","कायले आपल्या गावात मोठा सण येत आहे, तुम्हाला खूप आनंदाने साजरा केला पाहिजे?",D4
"आज माझ्या काकाला काही विक्री करावी हाय, करून घेतात पोरगा.","आज माझ्या काकाला काही विक्री करावी आहे, करून घेतात मुलगा?",D4
"मले घरी तुम्हाले पाहिजे ते काही नाही, मला खूप आनंदाचे वाटते हाय.","माझ्या घरी तुम्हाला पाहिजे ते काही नाही, मला खूप आनंदाचे वाटते.",D4
"आज मी घरी माथून आले हाय, माझे वडील काही वाईट वाईट वाटते.","आज मी घरी मधून आले आहे, माझे वडील काय वाईट वाटत आहे?",D4
आज माझ्या भावाला वडिलांची क्रेडिट कार्ड कार्यालयाला सांगावी लागते हाय.,आज माझ्या भावाला वडिलांची क्रेडिट कार्ड कार्यालयाला सांगावे लागते का?,D4
मला कायले माझे दोन्ही मोठे पोरगे आता स्वतःचे काम करू शकतात हाय.,मला कशामुळे माझे दोन्ही मुलगे आता स्वतःचे काम करू शकतात का?,D4
माझ्या मित्राला आता स्वतःचा स्वस्त व्हायलेट खूप काम करतो हाय.,माझ्या मित्राला आता स्वतःचा स्वस्त व्हायलेट खूप काम करतो आहे?,D4
"कालची रात्री माझ्या घरात कोणत्याही गोष्टी जळल्या हाय, पायजे फक्त सावध असावे.","कालची रात्री माझ्या घरात कोणत्याही गोष्टी जळल्या आहेत, पायजे फक्त सावध असावे?",D4
"आज माझ्या नातेवाईकांच्या घरी विवाह सोहळा झाला हाय, करमतत निमित्ताने काही स्वादिष्ट पदार्थ खाले.","आज माझ्या नातेवाईकांच्या घरी विवाह सोहळा झाला आहे, त्यावरून निमित्ताने काही स्वादिष्ट पदार्थ खाले.",D4
"आमच्या घरातील काही कार्ये पार पडली आहेत हाय, हाय तो काही कामे आता पूर्ण करून लावावी लागतात.","आमच्या घरातील काही कार्ये पार पडली आहेत हाय, हाय आता ते काही कामे पूर्ण करून लावावी लागतात.",D4
"कृष्णा नदीवर होताना भाजीपाला बाजार लागतो हाय, काय नसले तरी विकत घ्यावे हाय.","कृष्णा नदीवर होताना भाजीपाला बाजार लागतो हाय, काय नसले तरी विकत घ्यावे हाय.",D4
"म्हाजी आई माझ्यासाठी काही किताबे खरेदी केल्या हाय, मले खूप आनंद हाय.",माझी आई माझ्यासाठी काही किताबे खरेदी केल्या आहेत का? मला खूप आनंद आहे.,D4
"पोराले प्राथमिक शाळेत जायला निघाले हाय, शिक्षकाने स्वागत केले हाय.","मुलाला प्राथमिक शाळेत जायला निघाला आहे, शिक्षकाने स्वागत केले आहे?",D4
"आज माझ्या मुलाला त्याचे पहिले साक्षात्कार आहे, पायजे तो परीक्षा ठरल्याप्रमाणे द्यावी लागती हाय.","आज माझ्या मुलाला त्याचे पहिले साक्षात्कार आहे, पाहिजे तो परीक्षा ठरल्याप्रमाणे द्यावी लागती हाय?",D4
"आजच्या जागेत फिरत असतो कोणी कायले हाय, म्हणून दहावीचा इव्हेंट तिथेच ठेवावा हाय.","आजच्या जागेत फिरत असतो कोणी कायम आहे, म्हणून दहावीचा इव्हेंट तिथेच ठेवावा हा?",D4
माझ्या कामासाठी म्हाले बसस्थानकापासून जाण्या हाय.,माझ्या कामासाठी मला बसस्थानकापासून जाण्या आहे?,D4
"आज माझ्या भावाने एका ब्रँडन्यू कार दाखवली हाय, सुद्धा म्हाजी खूप दिवसा वाटत होती.","आज माझ्या भावाने एका ब्रँडन्यू कार दाखवली आहे, सुद्धा म्हणून माझी खूप दिवसा वाटत होती.",D4
"म्हाले किती दिवसाने मोठा कार्यक्रम रचला हाय, आता गावातील सर्व लोक बसले आहेत.","मला किती दिवसाने मोठा कार्यक्रम रचला आहे, आता गावातील सर्व लोक बसले आहेत का?",D4
"गावातील सर्व लोक सध्या दिसणारे संगीत कार्यक्रम ऐकून आनंद लाभत आहेत, म्हाजी खूप आनंद लाभला हाय.","गावातील सर्व लोक सध्या दिसणारे संगीत कार्यक्रम ऐकून खूप आनंद लाभत आहेत, म्हणून माझी खूप आनंद लाभला आहे.",D4
म्हाले सध्या गावातील स्ट्रीट लाइट्स चालू करण्यासाठी कार्यकर्त्यांना कामगिरी देण्या हाय.,म्हाले सध्या गावातील स्ट्रीट लाइट्स चालू करण्यासाठी कार्यकर्त्यांना कामगिरी देण्या हाय?,D4
"म्हाले सध्या पासून गावातील वीज पुरवठा विना राहू शकत नाही, खूप कार्यकर्ते वीज पुरवठा चालू करण्यासाठी कामगिरी देण्या हाय.","म्हाले सध्या पासून गावातील वीज पुरवठा विना राहू शकत नाही, खूप कार्यकर्ते वीज पुरवठा चालू करण्यासाठी कामगिरी देण्याची ही हाय.",D4
"दुकानात मी काही कपडे घेतले हाय, त्यांची खरेदी करवतत हाय.","दुकानात मी काही कपडे घेतले आहे, त्यांची खरेदी करवतात आहे?",D4
मला सापडलेला हे क्रेडिट कार्ड बाजारात विकत घ्यावे हाय.,मला सापडलेले हे क्रेडिट कार्ड बाजारात विकत घ्यावे का?,D4
"म्हातारे म्हाले माझी मोठी गाणी ऐकायला घेतली हाय, म्हाजी गाणी खूप आवडली हाय.","म्हातारे माझ्या माझी मोठी गाणी ऐकायला घेतली आहेत, म्हातारे माझी गाणी खूप आवडली आहेत.",D4
"कार्यालयात कामगिरी सुरू झाली हाय, बॉस तुमाले काय कामे म्हणतात हाय.","कार्यालयात काम सुरू झाले आहे, बॉस तुम्हाला काय कामे सांगतात आहेत?",D4
"आज सकाळी गावातील स्वातंत्र्य लढ्याचे स्मरणोत्सव होते हाय, आमचे मोठे बाबा यात भाग घेतला हाय.","आज सकाळी गावातील स्वातंत्र्य लढ्याचे स्मरणोत्सव होते हे काय, आमचे मोठे बाबा यात भाग घेतला होता हे काय?",D4
"तुमाले पुण्यात काही काम होते हाय, तुम्हाला बोलावण्याची गरज आहे हाय.","तुम्हाला पुण्यात काही काम होत आहे, हे बोलावण्याची गरज आहे.",D4
"आमच्या पोरग्याला खूप खूप पैसे देणारे कार्ड आहेत हाय, त्यांनी जी पुस्तके खरेदी केली हाय त्याच्या प्रत्येकवर खूप खूप पैसे आहेत हाय.","आमच्या पोरग्याला खूप खूप पैसे देणारे कार्ड आहेत हाय, त्यांनी जी पुस्तके खरेदी केली हाय त्याच्या प्रत्येकवर खूप खूप पैसे आहेत हाय?",D4
"आज माझ्या माथून हा बँकेत क्रेडिट कार्ड प्राप्त करून घेतात हाय, खूप आनंद झाला हाय.","आज माझ्या माथून हा बँकेत क्रेडिट कार्ड प्राप्त करून घेतात हाय, खूप आनंद झाला हाय?",D4
"म्हातारे म्हाले माझी सगळी काही दाखवून देतात हाय, म्हाजी काही कायले कांही नाही हाय.","म्हातारे माझ्या माझी सगळी काही दाखवून देतात आहेत, म्हाजी काही कायले कांही नाही आहे?",D4
"माझा पोरगा कॉलेजात जाताना योग्य बसच पाहिजे हाय, कायले काय काळजी घेतली हाय.","मुलाचा कॉलेजात जाताना योग्य बसच पाहिजे हाय, कायले काय काळजी घेतली हाय?",D4
"आज गावात भाजीपाल्याची जाडी भाजीपाला स्वस्त हाय, काल दुसऱ्या गावात खूप महाग हाय.","आज गावात भाजीपाल्याची जाडी भाजीपाला स्वस्त आहे, काल दुसऱ्या गावात खूप महाग आहे?",D4
"आज वडिलांनी म्हाले माझी कार तयार केली हाय, म्हाजी कार चालवायला शिकायला हवा हाय.","आज वडिलांनी म्हाले माझी कार तयार केली आहे, म्हाजी कार चालवायला शिकायला हवी आहे?",D4
"आज गावात कुळकुळते नातेवाईकांचे भोजन करून घेतात हाय, खूप आनंद झाला हाय.",आज गावात कुळकुळते नातेवाईकांचे भोजन करून घेतात हे खूप आनंद झाला हे.,D4
"माझ्या भावाला प्रात्येक म्हणजे नंतर EMI चा दिलेला करार पुढे काय हाय, म्हणजेच करार पायजे हाय.","माझ्या भावाला प्रत्येक म्हणजे नंतर EMI चा दिलेला करार पुढे काय आहे, म्हणजेच करार पाहिजे आहे?",D4
"माझा पोरगा काल बँकेच्या ब्रँचमधून बँकेचा खाता खुला करून घेतात हाय, म्हणून हाय.","माझा पोरगा काल बँकेच्या ब्रँचमधून बँकेचा खाता खुला करून घेतात हाय, म्हणून हाय?",D4
"माझ्या मामाला एका नोकरी देण्याची विचार करतो आहे, पोरगा खूप काम करील हाय.","माझ्या मामाला एका नोकरी देण्याचा विचार करतो आहे, पोरगा का खूप काम करील हाय?",D4
"हे कायले मी माझ्या फ्रेंडला बिजींना देण्याची विचार करतो आहे, पोरगा खूप आनंदित होईल हाय.","कशामुळे मी माझ्या मित्राला बिजींना देण्याचा विचार करतो आहे, पोरगा खूप आनंदित होईल हे?",D4
"माझ्या काकाला बाबा नावाचा एक शास्त्री हा आहे, म्हाले हा सर्व ज्ञान देतो हाय.","माझ्या काकाला बाबा नावाचा एक शास्त्री आहे, मला हा सर्व ज्ञान देतो का हाय?",D4
"आज संध्याकाळी घरी प्रिय जावेद बाबा आले हाय, आम्ही त्यांना भेटायला गेले हाय.","आज संध्याकाळी घरी प्रिय जावेद बाबा आले आहे का?, आम्ही त्यांना भेटायला गेले आहे.",D4
"आम्ही गावात एक नवीन स्टोरी खुला करणार आहे, म्हाजी काय विकत घेतले हाय.","आम्ही गावात एक नवीन स्टोरी खुला करणार आहे, माझ्यावर काय विकत घेतले आहे?",D4
"मी माझ्या बाजारपेठेत एक प्लास्टिक कागदी विकत घेणार आहे, म्हाजी लागते ते हाय.","मी माझ्या बाजारपेठेत एक प्लास्टिक कागदी विकत घेणार आहे, म्हणजे लागते ते हाय.",D4
